Cells_AreaShape_Compactness,Cells_AreaShape_FormFactor,Cells_AreaShape_Zernike_2_2,Cells_AreaShape_Zernike_3_1,Cells_AreaShape_Zernike_4_2,Cells_Correlation_Correlation_DNA_Mito,Cells_Correlation_Correlation_DNA_RNA,Cells_Correlation_Correlation_Mito_ER,Cells_Correlation_Overlap_DNA_Mito,Cells_Correlation_Overlap_DNA_RNA,Cells_Correlation_Overlap_ER_RNA,Cells_Correlation_Overlap_Mito_RNA,Cells_Correlation_Overlap_RNA_AGP,Cells_Intensity_MassDisplacement_DNA,Cells_Intensity_MaxIntensityEdge_Mito,Cells_Neighbors_AngleBetweenNeighbors_Adjacent,Cells_RadialDistribution_MeanFrac_AGP_3of4,Cells_RadialDistribution_MeanFrac_DNA_3of4,Cells_RadialDistribution_MeanFrac_ER_3of4,Cells_RadialDistribution_RadialCV_AGP_1of4,Cells_RadialDistribution_RadialCV_AGP_3of4,Cells_RadialDistribution_RadialCV_AGP_4of4,Cells_RadialDistribution_RadialCV_DNA_1of4,Cells_RadialDistribution_RadialCV_ER_1of4,Cells_RadialDistribution_RadialCV_Mito_1of4,Cells_RadialDistribution_RadialCV_RNA_1of4,Cells_RadialDistribution_RadialCV_RNA_4of4,Cytoplasm_AreaShape_FormFactor,Cytoplasm_AreaShape_Zernike_3_1,Cytoplasm_AreaShape_Zernike_3_3,Cytoplasm_AreaShape_Zernike_4_0,Cytoplasm_AreaShape_Zernike_4_2,Cytoplasm_AreaShape_Zernike_4_4,Cytoplasm_AreaShape_Zernike_5_5,Cytoplasm_AreaShape_Zernike_6_6,Cytoplasm_AreaShape_Zernike_7_3,Cytoplasm_AreaShape_Zernike_8_2,Cytoplasm_AreaShape_Zernike_8_6,Cytoplasm_AreaShape_Zernike_8_8,Cytoplasm_AreaShape_Zernike_9_5,Cytoplasm_AreaShape_Zernike_9_9,Cytoplasm_Correlation_Correlation_Mito_AGP,Cytoplasm_Correlation_K_DNA_AGP,Cytoplasm_Correlation_K_DNA_RNA,Cytoplasm_Correlation_Overlap_DNA_AGP,Cytoplasm_Correlation_Overlap_DNA_ER,Cytoplasm_Correlation_Overlap_ER_AGP,Cytoplasm_Correlation_Overlap_Mito_AGP,Cytoplasm_Granularity_2_AGP,Cytoplasm_Intensity_IntegratedIntensityEdge_AGP,Cytoplasm_RadialDistribution_MeanFrac_RNA_4of4,Cytoplasm_RadialDistribution_RadialCV_AGP_1of4,Cytoplasm_RadialDistribution_RadialCV_DNA_2of4,Cytoplasm_RadialDistribution_RadialCV_RNA_1of4,Cytoplasm_RadialDistribution_RadialCV_RNA_4of4,Nuclei_AreaShape_Eccentricity,Nuclei_AreaShape_Zernike_1_1,Nuclei_AreaShape_Zernike_2_2,Nuclei_AreaShape_Zernike_4_2,Nuclei_AreaShape_Zernike_5_3,Nuclei_AreaShape_Zernike_6_0,Nuclei_AreaShape_Zernike_6_2,Nuclei_AreaShape_Zernike_7_1,Nuclei_AreaShape_Zernike_9_5,Nuclei_Correlation_Correlation_ER_AGP,Nuclei_Correlation_Correlation_ER_RNA,Nuclei_Correlation_Correlation_Mito_AGP,Nuclei_Correlation_Correlation_Mito_RNA,Nuclei_Correlation_Correlation_RNA_AGP,Nuclei_Correlation_K_AGP_ER,Nuclei_Correlation_Overlap_DNA_RNA,Nuclei_Correlation_Overlap_ER_AGP,Nuclei_Granularity_1_DNA,Nuclei_Granularity_2_ER,Nuclei_Granularity_3_AGP,Nuclei_Granularity_3_DNA,Nuclei_Granularity_3_Mito,Nuclei_Granularity_4_DNA,Nuclei_Granularity_5_DNA,Nuclei_Intensity_IntegratedIntensity_DNA,Nuclei_Intensity_MassDisplacement_DNA,Nuclei_Intensity_MassDisplacement_RNA,Nuclei_RadialDistribution_FracAtD_Mito_3of4,Nuclei_RadialDistribution_FracAtD_RNA_3of4,Nuclei_RadialDistribution_MeanFrac_DNA_3of4,Nuclei_RadialDistribution_MeanFrac_Mito_3of4,Nuclei_RadialDistribution_MeanFrac_RNA_3of4,Nuclei_RadialDistribution_RadialCV_AGP_3of4,Nuclei_RadialDistribution_RadialCV_DNA_1of4,Nuclei_RadialDistribution_RadialCV_DNA_4of4,Nuclei_RadialDistribution_RadialCV_ER_1of4,Nuclei_RadialDistribution_RadialCV_Mito_1of4,Nuclei_RadialDistribution_RadialCV_RNA_1of4,Nuclei_RadialDistribution_RadialCV_RNA_3of4
0.8223759364110835,0.8329203545231308,-0.8007141671508347,1.4171843400582844,0.23320093863728067,-1.9861379429520656,-0.22247224344432653,1.1733935254371026,-0.16374501731378832,0.10998448833756388,-1.591886609490853,-2.1978558236837316,-2.7652114919882225,0.3189766431472664,-0.6047091987839266,0.1067879868417313,-1.4549834852025636,0.09126310767294488,0.7346890740731514,0.6200929548991652,-0.6464424997733625,-0.6227607221157765,0.37199868322186336,0.36418525359617954,0.7251134841960292,-0.7540889548679395,1.254915686579198,-1.7393450895165963,-0.4237681188441792,-1.9838971158073893,0.6030833280637637,-0.3977589513908626,0.006707002528980225,-1.5762047449928103,2.4697201595900187,-1.0810513871040168,-0.34905621189171,0.695989079390251,-0.8327244915605101,0.6214009072542358,-1.325320083419149,-1.110679093954111,0.22523019142627865,-0.7772991825320616,-0.4142672227996129,0.2529367097122823,-0.562142684811337,0.1322475513443725,0.9573351587280069,-1.9584446883346092,0.011517132653698914,-0.2439112484101946,-0.04389180147349537,0.31997157222407857,0.36415419747244043,1.4851429967011884,-1.1613373116455687,1.749396031800399,-0.2951153096916962,2.260362328340787,0.42496109064771637,3.4792302201926173,-0.259496848908373,1.3514075512974615,-0.05752780332305063,-0.008609385563293492,0.8172112661058597,0.8145924591805589,1.328291411542908,2.7892020681687772,-0.42823274543789225,0.9933300527045286,-0.43350053638740843,-0.006657910726179966,-0.2741332536386801,-0.3447632503281607,-0.04385958804224549,0.6923083296352652,0.14760082008617031,0.9437418808747451,-0.5715967160990467,0.34120122354525073,-0.13505424245822858,-0.5577459295137114,0.6816351225810353,-0.14363743454001252,-1.2333204242072384,3.187936976589281,-1.6381152779762447,0.7702580318206139,0.1269190602929059,0.6522927172392021,-1.3237467355375632,-0.5100466525317693
-0.5087120183330938,-0.6302184802775285,-0.7010815229293672,-0.05816518181281871,0.6420147599029834,-0.5408148209044196,0.7225068851781447,-0.7671352091735592,-0.07600259602808468,0.9545471703653299,1.1529066552048999,0.4936086555162322,0.25817126213113484,-0.8496361600570737,1.5203972572706492,-0.1527538719821001,0.19475487897543114,0.017072647424538484,-0.19184026584834105,0.08891542944750097,-0.6626119397327486,-0.0866980918570378,-1.685882479893221,0.29873210530925054,-0.5744590194263773,0.06049444203647432,1.3494496780853376,-0.18289138014438852,-2.2169491150342377,0.6630277061665468,-0.42610034584469075,2.702067581526025,0.7850496446466569,-0.40296329101578604,1.7859673890853158,-0.03854175822587691,-0.8141521235204768,1.5737831986607698,2.011898968724762,0.67816183783012,-0.5964416320293968,0.8918478215227522,1.1233749807860116,0.45666496682808144,0.4633146683551024,-0.7975199831695823,0.3990298229895947,-0.17259962673552987,-1.1612723011866377,1.1394264044367297,0.8809023851142279,0.7277205695777901,-1.1588715199100148,1.2586558702784416,0.8453239633179253,0.12407714961246508,-0.3162522419421345,0.3083291209642528,-1.890612343975903,-0.815999495050985,1.790963120948687,0.3399489466584357,-0.184575532580664,1.2800553912517028,0.2647918949295045,-0.04760056674528998,-1.0848589670723903,-1.851658785450324,-0.19177626595826752,-0.966375027864683,0.6707499627082686,-0.7510555382698318,-0.13620563143410502,0.7838313192578925,-0.5410439273039351,-1.0050612029149024,1.4483775518998199,0.08738818189828747,0.006293709497735889,-0.9457297697817791,0.668857411562039,-0.5340446125673021,-0.3179709045061596,-0.8993596911504648,0.2914502860835868,-0.4607537844201347,-1.6150986003645038,0.0600847072536721,0.7415894435539928,-0.6396986003966529,0.7614494023254061,0.5246463454055316,0.4563950788754816,1.032587997872444
-0.5148274434251079,0.38558968309396413,-0.45918873636058427,1.2851746078527262,0.2704464985503095,0.8538358135112019,-0.8043696721584602,0.27567343050590326,-1.3488108497811324,-2.805391905351768,-0.86005025037867,0.8604101777898414,0.8291088306602704,0.17529316088335786,0.3989633096037833,2.3177583627202587,-0.5405019017814172,0.5182871886264774,0.8117286859231281,0.35051974590143853,-0.5339113408816047,-1.2681313502981346,-0.6250229510908536,0.7166653287202326,-0.1909042187295383,0.05653016951307954,-0.3028938070659828,1.1805807824908991,-0.2998995177904532,-1.0680910639772592,0.3667714471829714,-0.7317148208693307,0.30433008063090794,-0.3173179652702538,-1.162944608258944,-0.5660375911237723,1.857936308379128,-0.15565360671694012,-1.2064561136055798,1.0107837234474446,-0.1491111054046458,0.5561002742403716,-2.3426271881866905,-2.8167921582877002,-0.9042406741642625,-1.909373131993183,-1.7313455801052955,0.4961950064983543,1.1427137902435476,-2.635996918920857,0.6662726702542097,-0.4059060518492486,-1.1807774198665908,-0.10677423591666113,-0.18170677819143913,-0.8633164563926057,2.290415798431808,-0.4259070895107028,-0.7517389098049642,-0.4367484643988249,-1.7294444317354036,-0.48878943444216,-0.3040506569437039,0.27663490016507,1.160900793840233,0.5822817103108577,-1.2256426571192656,0.6262897044819931,1.2250294701685929,1.3562952293233963,0.38653706460899034,0.2626810120053712,0.4266815123786173,0.45928587919378644,-0.6289762311549534,-1.9376551133895192,0.8641201026373904,1.3288930186317067,-0.5089747824119141,-0.09362157215735341,-2.3658528831396706,-0.2439695170172601,0.6975091751601545,0.03257079547857217,-0.53544375473158,0.24530705936724362,-0.3812255113606289,0.09476312194307784,0.5991737501831214,-1.5149303034811876,-0.22117210450546818,-1.0639164064943842,0.6561129705122927,-0.7183757759988415
0.3931708819745235,-2.1330757434656293,0.6232839641910883,1.474520052238832,1.3974044823731053,0.8788823023792902,-0.2796123235000565,0.7111673939780669,-0.8482885955151496,-2.0860735170809535,0.0358290102445368,-0.35173456616147425,0.3068741374920745,0.876880473662391,0.20901201312178339,-1.0614732493690635,-0.7804217836352252,-0.16108667058882997,1.4608242933969566,1.977229654110471,0.6511101992380623,-0.7986016624193711,-0.2426931329389211,0.3809626668044639,-0.44580558062999276,0.21155635629880265,0.2301618339872741,-1.8656721319576324,-1.4930468624809192,-0.9165072425691831,-0.12851450876876003,-0.8814447786281783,-0.7857257399761443,0.8935379153086341,-1.9792129626237447,0.9772863955688997,1.1608454527563374,1.4907449563939386,-1.3899014174715987,1.2485664058943908,0.40649102292317474,0.08834842414884969,-1.1053929708197987,-2.037620469398047,-1.2430062235697206,-0.8608105251066684,-1.7352707801531553,-0.6597141688079411,1.5496674029956001,-0.9879405371523429,-1.2347546662696323,-0.29903832511596445,0.6746872363707319,2.6712934200009646,0.053873598366649136,0.434579007296282,1.8641818458976194,0.0955321774749136,-1.3023279911101433,2.8428111378390777,-1.369642531307928,0.45073181555492614,2.624244363458715,2.334973330407321,0.5121364824000686,1.3723834201548362,1.1254748039349871,0.32920345770745907,1.123677603507478,1.64112492899127,-0.36589656319894537,0.8105731148348174,-0.7906664591389263,1.140337014811388,0.7744432300663713,0.13953964838375232,-1.0801295701718003,-1.2033144223895222,-0.8621625313064247,0.07450011417474961,0.02554930538397028,-0.6605935428279232,0.24900848969513245,-0.44049130365802464,-0.9229734645586322,-0.1366789280992039,-0.7602119195996206,0.29470183411612333,-0.520142030908775,-0.950994556194686,-1.206339613489554,-0.16108748746888413,-0.3219957612267785,-1.0071672068462638
3.277288117648684,-2.480131816597152,-0.28137183842276575,2.027189248400684,2.1616241056768097,-0.8634768801464184,-0.39122341578384895,-0.32988436071088756,-3.6779431511163994,-2.1994100435071373,0.6869707578941727,0.3819963097197859,1.1201477281927514,0.8482436347608656,0.3567528194991286,-1.2274333335348186,2.628148295275191,1.073729809430596,3.3083880870509645,-0.3596915589198935,2.466553539959632,2.412757441472371,-0.9535663931754297,-1.958614255262575,-0.837512358190392,-0.8247683911615157,1.8115673111819524,-1.1970403141112387,-0.3579083310816009,0.7646596383305437,-1.7197721937799844,1.5092834690501507,-1.234901659001448,-1.622658873056697,0.5129707852715159,-0.19742112132421136,-0.7863384917898745,2.4408344506478756,-1.3774047075857476,1.540006643902283,-2.5199692921957,-0.6865984502823933,0.983311541313315,0.21099131567845852,0.28070537690599723,0.09714394765558088,0.12619071990361228,-1.4948861007353997,0.7850847742723335,2.971592267756433,-1.1534763480086139,0.6265588135508124,1.8957896582928122,-1.079139571534887,1.2094169921539413,1.243201852187245,2.7418118883585043,0.7993055178167524,0.8224828461050183,-1.0147092585190602,-0.6673349257706307,1.7289749161207126,-0.6476198740846607,1.2360545968965027,-0.16237568844600742,0.5100207911475898,-1.466399450044971,0.3362434352679052,0.3128299219949541,-2.256399018160054,-2.538509342987382,-2.1912648255033615,-0.8208589743212623,0.7975023847295246,-0.09601443483805572,0.3262437375179284,-0.6143229205554094,2.4760582172619925,1.9879307420115824,-1.5485517532272874,0.8853428335804274,-0.15375837975770967,-0.16782003687738523,-0.151871049379512,1.4189122622266268,-1.6173878667837336,-0.7735480470956013,1.79264708403246,0.34396271758592856,1.8665998525115965,0.5825124554636947,1.4182620826351726,-1.1246647363235085,0.05379823307910403
-0.8429442634430968,1.0536947209131595,-0.2614522244767701,-0.0687623046457515,-0.5793261561532134,-0.03241182578188595,0.8543119298395212,-1.1959294240594742,1.4975076740062303,-0.11994209624687208,3.0398813484842657,0.3083819733498439,-0.5979486714686069,-1.201133020197519,0.3112830649039953,0.9367641672911476,0.23778605962644994,-0.3837206794959326,0.3893272551065272,0.1814732705800631,1.885862999783984,-0.11495448837327366,1.0274903509585855,1.4807782062146493,0.08591574804697785,0.9627378369470346,-1.6476471138771127,1.660907268614652,-0.4202777352060331,-0.5114691518893508,1.5933801550869227,0.14310818099792486,0.3450257916700881,-0.20742795159688465,0.7185082133583759,-0.5721134458232461,0.6344298513619038,-1.5002166703538617,-0.1661541969299009,1.070471443707276,0.4506801841971329,0.8003497401034324,-0.999275559946001,-0.8688124094838418,-1.2267593279090745,0.04593059066102495,0.5708055821349757,-0.9095044526876327,-0.041013410168616815,-1.457684402175782,-0.9883167210338266,0.4692471634545096,0.8428281516248171,0.4196434883450181,-0.9931339097726738,-0.49438393996793306,-1.5466232553024089,-0.8664515414523788,1.0820549039067713,-2.062164649723292,0.5510179128255047,0.4146873769226992,-0.16505084888421503,-0.613405038522327,-1.6666908811252532,-0.5625066566222078,-1.2331749667314291,0.7034736209601316,0.6125274167484129,-0.9095064300525008,0.33191202453202306,-0.46411723905611096,-0.3638860501962576,0.9374627849274988,0.3433523592105939,0.09138104577561564,1.172956779232659,0.9503504253486533,0.28989666182638446,0.6563570056300396,-1.1339825103784078,-0.02217616926117947,1.5776040169123982,-0.5825551433844766,0.8715038800001449,1.1050555768596093,1.3452653270460941,-2.4074001201475053,0.20272002384867066,-0.7054205236670288,0.11538323601660816,0.954753627994605,-0.49509281576595876,-0.7868719559574607
-1.490104683612115,2.006241790353384,0.5295974070699894,-1.409027883195554,-1.2619581638161927,0.36261243282218736,2.073684419721877,-0.0755555754147973,-2.120726106770628,-0.3914005287337494,1.67007922974092,-1.2478125556015045,-0.19925299458155155,-0.10972522363670939,-0.12964387451893447,-1.1521008717063816,0.7498559236911522,-0.33096028972198677,-0.18981158161798803,1.5572899943257712,0.9117715182799104,-0.988303672096454,2.3558100269698032,3.5780354771861145,2.020181981738672,1.9180929182030273,0.6143930592495332,1.9756511916747646,1.0566065806025378,-1.2822983098284115,1.6256044756472752,-1.405070721676908,0.07887249886356285,-0.9256705695965293,-0.6628672738334412,-0.7760757850170874,-0.0980373613259552,-2.7996439458954914,-0.1569905396982474,-1.586044502022792,-0.4780535181775116,-0.09517435453586368,1.4155126445411836,-1.7786101848481142,-2.570573794532529,-0.8157694934773176,-0.7298122168848978,-0.7082116317521032,0.5032543198630683,-2.047158711361238,-0.9602197811975299,3.785489055171932,1.6116983813528183,1.698183008961648,-1.8336139508169826,-0.36366494418452644,-0.4139815294321593,-2.1656411133035403,-0.9198099657245957,0.5777868526516033,0.905075982907382,-1.8176202391780145,1.2335393153574647,-0.37896826408104073,-0.3130843920895803,0.18558537501155403,-0.07652332781992846,-0.9545557494423216,0.8275316580835248,-0.5460213578516468,-2.211944807933726,-0.5593704730740828,0.37236965647231,-0.2144107030430319,2.3079557355727935,-1.1156579350441953,1.3628145776836569,1.1682084757671205,0.7910709344114463,1.9933748777356368,-0.768809546031782,-0.42291389135983115,0.022419847663422365,-1.3760419521490197,-1.0330678559693465,0.7678533327865069,-1.4724973263700325,0.2874934976298378,0.5377459018349547,-0.18288962451600815,-1.2305283626865637,0.9206289516276408,-1.3400108589180997,0.1949109262645642
0.7249782808588632,-0.0851884005728838,-0.6059235469961176,0.31490102843890355,1.0431281227377216,-1.123946860804078,1.0914234240836194,-1.5281158806066928,-0.20563540104140632,-0.35665770627771654,1.2529959460349236,-1.9766023675521651,0.3332585379737306,-0.6615227995440031,1.1635312727130307,-1.5485191226105157,0.9460836198803383,0.7143731489554813,1.1766527129082318,1.1464313950238059,1.5769837656271937,1.1922259923668137,0.39179130058723355,0.5436275472517489,0.4699980334845432,0.10488615269780488,0.8771581566471505,-1.4564618043581743,-1.3447519755299564,0.27201786141532325,0.057880765469615625,2.3131590335553405,-0.7696572497649317,-0.4711294285570168,-0.5877283158181595,-0.9145301038406513,0.46315877683796486,1.1553951876154476,0.11231150981869997,0.6581879284312355,0.3215050102866135,-0.9513769073478123,0.23541424105810038,-0.020486802311957986,1.532048076440189,2.1405446380741955,-0.8862378170481505,0.1891979240592342,-1.6283899918262075,-0.3389298078985692,0.12439635656828871,0.22058254388727655,2.2036431056589594,1.545250467588628,1.177780500644871,0.21838752850564117,-0.8408252283726252,-0.5579424718602599,0.7898757459983337,-0.5319729375238341,0.799451511998851,0.939020317838811,-1.1456454246373222,-1.1033406931372691,-1.0852542710536262,0.7078782157317526,-1.3544569665348205,1.7957932224236837,-1.228579482755717,-0.8690340740979219,-0.29388059931049404,-2.9559578253509047,-0.963072909215164,0.7634519233794986,2.2934219253486208,-0.5078035971558233,0.7509526739312596,1.0136068526196804,1.0874519826900304,-1.2406130391944237,2.6601927888628953,-0.35667840937060574,-0.31874401759384147,1.1891014349299607,2.2695942193178316,-0.8974380229907123,0.27879626252747564,-0.8011978579820882,0.11087661054236214,1.7625280057181132,0.9174093955715672,0.4591269355181923,-0.9389278223666653,-0.6597231865221551
-0.7803177058955049,0.19292575274688373,0.15602489282915089,-0.1062313438037018,-0.22914445592909863,-0.4923013688802701,0.6185915253308596,-1.0611721717600977,-2.2860992540834384,-3.897788597613711,-1.59005230378646,-0.15674255718463626,-3.027365943998127,-0.5582470380707258,-0.6269495255458355,0.07092905306963748,-0.6587319974684978,-0.20121524722593465,-0.5674359038001746,0.36597877737831386,1.266157857262939,-0.5901165659900032,1.1422923736673596,1.5999782468082735,1.3707435867466229,1.5097379868389116,-0.20317746061288633,-0.1647344881635473,-0.6306465167997477,-0.3677690900282496,-0.7484217221350281,0.22686635236734926,-1.192218459510784,0.8897071052793417,-1.643762057682731,-0.3565614972695946,1.8722411529727292,0.878866133983908,-3.304118086500331,1.4357285897051228,-0.25499403355583644,-0.49565301175759724,-0.5419794631770305,-3.084225309012568,-2.90088795803083,-2.306437076352454,-3.0142328385241424,-1.2236234037948064,1.6515045105953239,-1.8820484331126992,-1.20155930870125,0.937112331405916,1.5310219577424558,3.035960167330109,0.3528822227180099,1.104976453413751,3.223885602463603,0.9119020817061838,0.6798895832396672,2.0421478057947433,-1.761753764057321,1.5220679580887513,0.6991878840797763,1.1362672983161912,2.027514753420312,2.1631835304612586,1.1262501217256033,1.1290212360378775,1.1249448151483001,0.6457626719668721,-1.0851610929602125,0.9846191038895831,-0.4484945379389148,-0.5924981747164035,-0.48967007788421674,-0.3191654923424009,-0.24124265793156985,-0.47368050801669337,-2.022800316387648,0.11176053799911055,1.042823128572962,1.1273712512166352,-1.9494457789094513,0.4226811476061226,-2.573537928615174,-0.751709454285514,-1.4083775956633608,0.2587584528493203,0.07864825558886801,-1.306097142317998,-0.2749515899517666,0.5188022400252708,-0.5826273866097468,-0.1777052644050373
-0.3676112018970305,0.5546767310129107,0.21484631001317814,1.3849364880058772,0.5397513438122354,0.2979561296752804,4.077262863536067,1.5913677784986282,1.5997500682782544,3.0737786069409507,-2.468819433587953,-2.580148780601907,-3.697604350624923,2.3292259214367608,-0.013324944856404234,-0.5302445435031784,-0.7348940934077791,0.08405013557953082,1.5078565705852924,0.8169766863852087,0.2790674661589138,-0.5515060831724258,1.7655982034419078,-0.534581536829906,-0.264627449560331,-0.5331282105070578,1.7220675922422766,2.962062967387727,-0.7867168247992403,-1.9208078515906328,-0.2388261652778817,0.46230048073452956,1.2033431934805354,-0.23839438089085796,0.1749144952995077,0.09783112673969996,1.1390545811656492,-0.6367745484432479,-0.7923289683581476,1.549544857774733,-0.38072828983634455,0.26039702913467133,1.6962887906418247,3.8920042111009163,-1.8930850579527332,-2.17784346954242,-0.8205262077723328,0.4770768173293594,-0.4456996495523272,-1.5949972815769269,-0.013596535183844738,-0.6356722886827255,-2.1780634342500944,-0.9045501687427235,1.5838916420793796,0.6725674356738208,-0.08678940285900842,-0.02418352323965811,0.6754418340777327,0.7403198880273179,-0.7713686967355186,-0.9448449777554441,-0.7118436356563663,1.1097116055501544,0.9194862600502933,-4.81271064820834,1.137537481052652,-5.172347323331626,0.7501640294925197,-0.35475126158764414,3.4905456158016706,2.1475767804899992,0.38591773000286367,-1.2899120443983236,-2.79728875315103,0.8572256989762471,0.7240860982286843,-0.734466102701971,0.7109730959396855,0.6652847449300273,-3.134720161721239,0.18926940164600298,1.1182803917511166,0.2607883997114818,-2.2179781713373785,1.2241104044231015,2.987103841846888,-1.7528545384452972,0.04657664006823144,-2.108400891483707,-0.09395087640435529,-1.4536017816117637,1.9718471644097229,0.06761466545018224
1.061922076567792,-2.2396254893665533,-0.42346236793789666,1.3259847878510285,0.9779407651836635,0.006102671403725335,0.6300464438089372,0.4071304111910136,-2.590283536160764,-2.380648581222843,-1.1050843530997465,-0.7290815459486769,-0.4870605341965959,-0.5822747578420681,0.4842133820339168,-0.8830141071945229,0.7717758402036339,-0.5715327759138954,-0.5147432727389105,-0.42923386081407355,0.08863909088603639,2.058182965460596,-0.45981606287326116,-0.9617173115579933,-0.920993463470774,0.4877715433028934,0.6318794621941566,-0.8490456390164804,-1.1279198310957408,0.6152331003811685,-1.002323275332945,1.5211881176286355,0.09887723763377719,-1.3270144662470813,2.506113915279051,-0.5177089396382568,-0.5577590923677241,1.8646083459641645,2.4255119330321606,2.0276752999503582,0.3269734762308718,0.4511120173235619,0.22735622079802342,0.7226304671168828,1.3858016239081152,0.053636160801733,-0.6196378329795388,-0.7137049997919861,-0.6820167748462593,2.0562625157170933,0.5453997390322524,-1.4235301019726418,0.34040527204463555,-0.7856529103075205,0.36213969989091677,0.5607928827374716,1.0366466456094812,1.4491184067520544,1.3385406690883963,-1.7372846631324688,-0.38299034070102234,1.1315991434786856,-0.7710173087097981,-0.14454403260790794,1.2207856322187873,0.16661468008180524,-0.019051988617764415,1.8929033941277407,0.3569627334012529,0.26885618633502983,-1.3431605505449997,-2.0759301252536435,-0.3699272631683148,1.031640962794592,-1.7202260497600521,-0.693126150802692,0.2500648642546151,-1.5031686035126999,0.13166543175183415,0.8435939680025899,1.587360578833402,-0.1798300930251333,-0.5594707335592788,0.342357939297848,1.4017503469034236,0.15656729943944375,-0.87255629997349,0.5416565996116759,-0.0452647610098195,0.47162979746361977,0.6996984285732653,-0.5915753640248834,-1.1676036978632673,1.997209008732047
1.245270333764266,-0.8714041982818618,0.562474287259022,0.3963166868841977,0.623503665572732,-0.7414055651977776,0.13818761148703607,-2.8423047330923694,-0.20826944256363797,1.0792445631308243,2.342595296860127,2.5229250579913205,1.516361762765693,2.473486446271544,-0.0766048855961458,-0.25688130860142455,0.8924778371219819,1.1817319134997104,0.7000528325616217,-0.15690597056615202,1.8077537916574915,-0.5362952176102838,1.1021708590075758,-0.9054839566963659,0.8370903567979895,-0.2758469675308808,-0.9540371365384517,0.2527983920190752,0.4227276156774567,0.0727510341778594,-0.6469883289315924,-0.23020104250200424,-0.4765827397203355,-1.5056581492081524,0.22907151556906438,0.8449889479012256,0.88605218003623,0.9623297758139275,0.3102542918968336,-0.9331450159878364,-1.8365392945895593,-1.250738445478001,0.2604720389224323,0.7697844541175436,1.5500511934595944,0.5798476374385533,0.9115025785948563,0.3755507009428681,-1.1203770071043848,-0.06562906525631046,-2.2386113895325197,0.5396393532824415,0.7541139174788218,0.7873108510762509,0.09769699269952126,-0.2290923390193838,-1.1820650373531483,2.339559494930424,-0.3911621771019532,-1.4124631699256585,-1.4504282239144297,2.750621484838996,-1.3489181462322481,0.2023333536611837,-1.6532671871643025,-0.42762547706337795,-3.0216623063084875,0.8162433263272996,-2.403170815940272,-1.4249162947846414,-0.15899600066762334,-1.6428704441163027,-0.17207444767960423,-0.08910257745322492,-0.022281855580860543,-0.10411443226902722,-0.571945337676615,2.3042123862066286,0.36086445036286185,0.6196126224574033,0.6394640347529555,-0.2824843468413122,-0.5628192929928107,0.10014237413706083,0.4004260265863173,-0.3365861777181166,-0.815679949070186,-1.8565170184590483,0.5008109338758392,0.9628599357391661,-0.584036410269013,-0.5072506496469062,-0.6709621874236189,-0.16877931767835608
-0.4452045047136437,0.20474564374948218,-0.07377641174473912,0.38811412795295785,0.3005039052026038,-2.0259721220968308,0.45070584806903036,-0.9944142889227965,0.16773124250024152,1.385225437470494,0.06300399561406575,-0.8913349467027138,0.12410422856146039,0.18810692962446923,-0.23554088210422477,0.2884255730123847,0.3501405582310195,1.4959304239708422,-0.5523148325194356,0.2668917962525508,1.787467200940157,0.31242535543847283,1.2091538538092281,1.399067700720515,0.9639513956452143,-0.08240283332716658,-0.7057329746192618,0.6374039242355849,0.35111067905224974,0.7402954381910392,-0.09698987772484852,0.24570348550068133,1.046411422496747,0.4680960907645224,2.2091222662411716,2.7652048939160867,0.1271094153469956,-1.114899939823156,-0.8078328764085368,-0.41948569891362336,-0.07304097063913184,-1.3208436994745336,-0.29204764078622003,1.055864965103834,-0.005798320712471355,-0.8530555262613386,0.20936489114153148,-0.07275939083867944,0.5784917966495348,-0.2755658063873941,1.17814474165778,1.7942114125899098,1.5571565940648877,1.1168454064808302,-1.3696240768363395,-0.405687507988125,0.9189117925561321,0.029148281438616364,-0.6236736949983386,0.2517234850299064,0.7302809697195478,-0.7501674682955287,-0.2523025839975041,0.7297697393558024,-1.243201972130441,-1.3421963860897586,-0.8047550329040183,-1.8683870264143128,0.39399040745161173,-1.754088029443637,0.3504136729525382,0.03267008371972013,-1.8050423636187922,-0.7965273017193661,0.2743058484426547,1.3281551257892463,0.6794392217946456,0.31555521599828845,0.7523272852358784,-1.0192332028588111,1.6349328673277859,0.4155429130604618,-1.1640161975940932,-0.570575635432557,1.1375911642288001,-0.7345152969838524,1.5885437198430452,-1.644188840549566,0.8768754587206691,-1.1835402610518289,-1.837683289563675,0.3151079639799684,0.8416451474772723,1.467815310976966
-0.4882492450832161,-0.41645977145967433,-0.2538677605263438,-0.10149307954443552,0.6671667992869343,1.703412957184842,1.442101674067867,-2.719305561473533,0.20236282263765137,-0.1534589005451732,1.2199655516223127,1.4724605592038469,-0.6586106305020307,0.2892385339604113,-0.5568866269933554,0.5685979503172756,-0.08530022568314619,0.4360429163869034,0.48843941081407805,0.4582336938262657,2.1465013256140315,-0.08099419647397565,0.9279146282868743,0.3514602205784005,0.10743601412017331,0.436812158097281,-0.1963625942058753,1.1973037636481323,-1.076237042381342,0.2668771654337894,-1.4542730566564743,0.2979638559633674,0.31974054355289727,-0.1154686060823364,0.9306164086326991,-0.26208483696729096,1.7231645805018783,-0.679336206810861,-1.2360710633817962,-0.6523052617647502,0.5541250401198222,0.15996780786787151,0.3740845809000173,-0.7251363588975797,-0.9771950712108,0.49849065365189504,-1.3984867946811126,-0.016235112308136068,0.12334872303707083,-1.3070474862915216,0.7806675102819453,1.1422264147064707,-0.6260621073928136,-0.5417516749152025,-0.4496625813544145,-1.3089556879533648,0.35394721100942156,-1.3857449040657164,0.876053063774063,-0.5115045848111355,0.8484217580948311,-0.06509890684089487,-0.5193253974829837,-0.661780704976469,-0.6368111670235641,-0.4729235355540662,-0.6329605779616962,-0.2641166584472959,0.061161194004163644,-0.3388422691469282,-0.2168798434984272,-0.8578966621104553,-0.06244302052369665,0.7516884438509617,2.199985864194097,0.3903395812877851,0.9462054037941925,0.4220057945910842,-0.5944943756735817,-0.16064089526085398,1.517709455514898,0.6644738117861542,0.20894915217635346,-0.12144798875732062,0.7045111155479,0.712245010291676,-0.2565089178065295,0.5045759374626674,0.440070718622681,0.847569450798894,0.20783120295239368,-0.1478973042836218,-1.100492838398577,-0.7029646118860566
-0.5631605395149258,0.13853334096822234,0.4884725387338663,1.306456874268973,-0.12639272888188524,-3.218046297381072,0.7717878851641172,-0.9005978201542635,-3.2225506533474864,-2.208409076144438,0.2759978886615547,-1.8819047909172597,-0.8719881134356686,0.9057088311402544,0.614715168061742,-2.3243769718551364,-1.21897466703439,-0.8971968637224134,-0.1009182832005664,1.2189246766416577,-0.056963443353170475,-0.8249407525450955,0.7603209156370043,1.400365513158767,1.7848132590107118,0.7939778089447442,-0.3257073626555643,0.8221731667102509,-0.6134978869664678,1.4270225074919634,-1.0178572757364526,-1.6556225908160251,-1.0448555010021408,-1.9030041466498604,-0.9075913492590767,1.6478357072935397,1.2318482618500037,0.7704299241474648,-0.5978595317739919,0.41552934807591546,-0.19715333515652722,-2.7605374572201584,-0.8292292967944047,-2.230727905130586,-0.356895037192953,0.7833833805119866,-2.266983991357174,-0.4279252143333594,0.5205972390836304,-1.210581376308487,-0.8870309954958743,0.58483518144903,0.4807361225308008,0.05699619963060176,-0.5382812776559265,2.0147385503326998,4.482213368508195,1.3480446610915384,0.23519642740396046,2.4750278846279214,-1.5583910610219245,1.5245169570708128,0.23211839781667543,2.7567625801809332,1.8796333752737109,0.11210108507124428,-0.6336470517739212,-1.759900425191859,1.9145914805390383,1.9264395249633832,-1.4969568400778597,1.5702018896440255,-0.9511168682585922,-1.0778784676266373,-1.0911431895902017,-0.8276394176819803,0.4642731694491838,-2.1706762494465273,-1.0102481060251662,-0.01501873559122436,2.0103500955083224,0.7213614435595488,-4.538334624082935,0.6997891325739355,0.39284400300654926,-2.7850432163085688,-0.41503267035332114,4.107788658051741,-0.1985370108992639,0.26524699792372897,0.8762542795856684,1.9293753421526727,-1.1103579689249892,0.6363130484559827
-0.6087397745340567,-0.17132626935804857,-0.02933522633533761,0.39810313539187836,0.8037340312624264,-0.016340409616750984,-4.4020850296785365,0.2458516469265859,1.8947397284321674,-2.7899492318076353,-0.29243350263611867,1.6078309700393651,-1.5883886939640721,-1.3552873053022378,1.1494040443274602,0.8566747494999188,-1.7389069241276829,-0.06565068847690736,0.048875767138955306,-1.3046060678956968,-2.542556583600018,0.48014120671088145,-0.3896835418269956,-1.925840862960793,-1.7626067916438204,-1.6571577727785276,-0.43779687056341987,-0.441070813814065,0.24615268651777933,0.4615235832420143,-0.8760932059256503,0.5697626469088363,0.12481883294989374,0.5690642338362908,0.7104633499918188,-1.4816220523079826,0.35032398448634294,0.5313656947232799,1.6680452229493707,0.05560763337982888,-0.33688292196972874,-0.5741361457169343,-1.7198672551992764,1.2965746560412237,0.5007744601795773,0.7361657121160752,-1.5744150629609655,0.08214578261113603,0.35212546419078267,-2.292055088951267,-2.4528268344642097,0.3649227623756878,0.21376117425909325,-0.7518787913808529,-1.9348761924683449,0.28151973394950874,3.9876616086723047,-1.1774949801597134,-0.8652948464655621,1.966132543888662,-1.2727955448168444,0.7706827330935397,0.5626259744338834,0.7356350882394163,1.731276591480452,0.7895835356711142,0.11450958742364759,-1.14995270056499,-0.15453907598371486,3.6990598245793818,0.506068429102434,0.8805323282936797,-0.28353186092897875,-1.3760920502040848,-3.1486564921986195,-1.016873466415244,-1.0365912203198449,-1.1438606396074642,-0.7907210588114401,0.12694786677780578,0.3482617661567254,1.6014108992211293,1.745097449023388,-1.3404539822882857,-2.0699470199012016,3.017670665560782,-0.07802299495372289,-1.1685625212262787,-0.22045514261490487,-0.483767180000114,-0.12252753303506617,-2.624950357563772,-0.9968136238206713,-0.995654696538969
1.3534006365367026,-2.5380107830218552,0.4987187989717114,1.2651506058990059,1.1565253401314286,1.6680444245852755,0.22932121899423052,1.1449832180686388,1.2604896283320828,-0.14596937109940444,-0.3255450770758115,-0.7398404590086991,-0.4485269302952406,-0.31793959729247023,-0.6863831173458642,-3.2804552784712064,0.5241917018370874,0.014329970669681447,2.3231805053399217,0.2934654299240406,0.5544780733392856,2.597789100182288,-0.5564186851007725,-1.2634792732174784,-0.18971655731021173,-0.41137236325440396,2.835815047266711,0.3329368536025079,-0.8311529421961537,0.8645058488458752,-1.2784512730663742,1.8355812993507636,-0.6853628192444714,-0.7314314404733026,0.5791173277442502,0.39385826181617273,0.6537609702233383,1.6554277716667256,0.9488634468334944,0.583334965083624,-1.1624665470822937,0.4533144456953052,1.1098124118618415,1.992643768528993,-0.37828974800798576,-0.49379842683693487,-1.3427555086416212,0.6670787547576466,0.09429020330116006,3.6182585218655436,-0.20992345977850735,-2.2053169857661143,1.0859082112225917,-0.16638591774006767,4.109672539240279,0.46853182617844324,0.40151905294371537,0.4968397683567653,0.8392980491773898,0.9338126440113462,0.8240902898035904,0.36068470330262253,0.4660510395585459,-2.8021638459206395,1.5981498108078784,-2.0835596931851397,0.4114094840242485,-0.40374107551229477,-0.12338698714274485,-0.6509096573632457,0.2329787939833048,-0.5165323159896901,-0.6216618870994123,2.4615512250086646,-0.15115185786013655,0.7325731813579307,-0.14810491092656422,0.8520291699652272,1.7966652763188349,0.8412541295035948,-0.6918787580334332,1.0219647666424003,-0.28453183273861554,0.9312965482186402,1.4207449673383847,-0.06551492529487957,-0.052451804906333485,0.5344574882283539,-0.10767551763991531,1.5159015039182564,0.7011208711995389,-0.5026071547479126,0.34836133338470776,1.1988697071039969
4.368480994559428,-3.2919816067095886,0.15075206049351095,1.16710521285929,1.3205217696261322,1.5527708370170747,0.9550793770209187,-0.9769351827058183,0.6158715407562866,1.3710561982223899,-0.14452521042527627,-1.3418072675040975,0.40943766280680227,2.576787642677702,0.2666353676211186,-1.1398529551970633,1.627701939034511,0.4954542946946692,2.312347784118996,0.05805086156003669,0.4616142185740327,1.1904174269072245,0.3841594165530477,-2.0706763256743828,0.5091610133858976,-0.14941862299369735,0.20854361979789382,-1.6766580812283247,-0.12099186933461348,-0.15012373835155715,-3.408534239172355,1.0275459136620682,-1.8485501488524538,-1.880094841225091,-0.823935888985276,-1.5653703353855546,0.04250213161653771,2.5716514553380176,0.36431297369374793,1.0270213858194692,-1.534749487912841,-0.26058506106578827,2.951358539114483,0.05469815678752543,0.35200890748674485,1.135018997745715,1.1694783879889818,-1.922095116487998,-0.9076235640296941,3.8636020999603633,-0.4225877700736907,-0.251445152652658,-0.3809349068339135,-0.12667081019140514,1.1338011607037357,1.1263217876667624,-2.9667618779421066,2.3941206229697785,0.6059192077244602,-2.557489102095556,-0.8377931978346047,1.3562263142620126,-0.8693875642814257,-4.074856284958578,0.7631199728406006,0.31068136568164584,-1.9256806530380524,-0.08914789249159205,-1.1122429013990909,-2.4109489909185187,0.11563037157496525,-0.9912191477109318,-1.3080480594869441,0.8365777978586425,0.5121667428620735,0.13230209257234038,1.163397511859994,1.5249917986649073,1.335372999969802,-0.23929697099974878,-0.41212315527814314,-0.2854151929874724,-0.25523783780346276,2.0773644908992344,2.3843942605620025,-0.40262956414091905,-0.07848532656735974,-0.1720524308839151,0.3632063651474978,0.6883413755236518,-0.06561686064939241,-0.013279728659185676,-2.401856710256647,-0.6137748656386957
-2.1050749560120083,3.5096398259417185,-0.03983380769779671,-1.2456237728878201,-3.4626372968163412,-0.7188483996535342,-1.5631028088090317,2.521760672306189,1.7769891603851375,1.2698171419622848,2.055197604355318,1.8621859589445098,0.5848360663343795,-2.7456361776630738,0.13832255030886786,2.3495832251674647,-0.45126277136949794,-0.05931545332801624,-0.9030791626654546,-0.5084326292420537,-0.741918344547821,-1.3470643865438359,0.2604194266412228,1.29129438774331,-1.2557063341364898,-1.0021586161000404,-1.0558103140776949,0.4072880880332322,2.0488852857989075,-0.4830061185740276,3.845696723225919,-2.40101784825661,1.2179145148238368,0.5416130630824292,-0.052107485938427844,0.6688409601935095,-0.42901625788447945,-2.8614254857556776,-0.7408984386249091,-0.4184618496701522,0.04550887968964751,2.2425102938543784,0.03790033075087576,0.9216643746079871,-1.3809651657436,0.591185731223683,0.6326836676761334,2.8868785701947415,0.020361012614762225,-1.4829893598675836,0.19732386202884145,0.07564238907121773,-1.5152727230495548,-1.1442371090110306,-2.436874446520617,-0.8419761787898585,0.8787415139994696,0.24810412154893716,-2.83130774722071,-0.2819888326285914,0.1218026040779232,-1.6133632253290087,1.6233259481186522,0.5360622731821246,1.250307990434555,0.1336457082308069,1.170377390881705,1.2587232102848989,2.1860045620056603,1.790835719122255,-0.4408393591259924,1.1984309525659793,0.39274937388785625,-0.5089490251800737,-0.7627730141326601,0.23482957114839853,0.22816653570072484,-0.5215038609392872,0.5452330856579142,0.29394719052782375,-1.8682626779015532,0.8506267453360677,1.546751719541485,1.9956230431070998,0.6729099895752142,1.5849594718957585,-0.3888589497938807,1.1150904968471935,-0.13061238968003425,0.2365183878500841,-0.38990578067752957,-0.2989076455470833,-1.02092710309227,1.3391533803969136
0.3245259905306072,0.2798641089447116,0.28731767781141127,1.208228877469138,1.129834281723328,-1.8778735617145506,0.8630548958932273,-1.6957714810596172,-3.0063948764068047,0.09401113948544546,-0.2040287858015397,-2.3951230820712306,-0.5113094015990015,0.052005439381666144,0.22401329903335082,-2.297583623732676,0.3655031725937213,-0.09218827766522786,0.43626392266444314,1.0156222449585082,0.9826801365752358,1.0742177219495825,-0.371944777717362,0.7529758066592329,1.4652278967221224,1.5135493373055722,1.913822712828591,1.3234058073017287,0.3997709329538415,-0.10955148495367534,-0.6570862848710098,0.5717511394068624,0.6672198609214095,-1.9273663985839264,0.21974527944352368,0.2223964294944718,-0.5958103945689256,0.5063850704605308,-0.6741082155315818,-1.3492162125800293,-1.9931375077940543,-2.6354569916552935,1.1441204013608672,2.089327029619856,-1.0754840680108735,-2.249904155576499,-0.9522480046484263,-1.3234861700893314,0.5184602567091664,0.32222617720765345,-0.9056369537167637,1.6328389861220367,-0.010472217016557095,-0.035343046512659404,2.1161775759497967,0.4423259027936116,-0.37166395134727825,-0.05494414501743938,-0.8124624451462321,-0.11333566769236181,0.3457233328975404,1.1752280867586529,1.251804828686165,-0.7074047466447698,-0.5196503001647507,-0.38762989882814675,-1.3061259833541843,-0.4767103877229726,-0.9828086882450049,-2.2565331172951595,0.29845920272379417,0.11070446221235061,-1.089140885140449,-0.5692476539855242,0.8387079617870434,1.1284566229337476,0.023512432523455234,0.9788268656660061,0.7976426976964027,0.2505028652830505,-1.2754837226503417,-0.3701870071606075,-2.060495594612139,0.7523735975080486,-0.7651533463638148,-3.0170793698307308,-0.27094341458003196,1.256336713113373,-0.21445349640839742,-0.3023651520985646,0.40719761625068174,1.652519753098351,0.6183966862394766,1.2220372512550515
-1.2132982152446896,1.8149217203365384,-0.7453242644883572,-0.9909821525632253,-0.5730157929807154,0.061669427046499914,-1.297675924426096,2.0015024745378587,0.5229993624205095,-0.4318782778419018,-0.29829136308340565,-0.11738948283233358,-0.0662508635230589,-0.03631088125246906,0.9485754537816272,0.6643736381359967,-0.6205787751925851,-1.171087739768255,-1.5055532033629775,0.3927436624506589,-2.2489656440978623,-0.6591441792003369,0.34388035832530384,-0.5777605528588942,0.21138656088462976,-0.5724232756310791,-1.4504510108427273,1.1410201064921004,0.891390269456301,-0.7163745079645822,0.7743227381400766,-1.3217291870615029,0.8343862686830679,-0.5184008708412049,0.17911658179996082,1.319090934355721,-0.4570517692393335,-0.930772329338746,-0.17817107061863735,-0.3586829072629331,-0.12005438929847294,1.5022005103844889,-0.6152913188704159,2.2371666400151335,-0.14360985531446685,-0.9688627516763403,0.48439063039270513,0.8771456575994552,-0.7215648491356698,-2.089786642115859,-0.68193684444106,0.7246683123742348,-0.7140608429811587,-0.8818766548437831,-2.084163870932414,0.6568637540117591,0.25384792167498127,0.5828027843436497,0.0746910199300902,0.2326300674404122,0.7530016933314398,-0.34002903442463567,-1.149567162541665,-0.05717479652091703,-0.9871336688250227,1.0323321077560499,0.3213227343276154,-1.4435134778085907,-0.5333178652322826,1.3375693415163776,-0.7244572741299573,-0.23443757295419587,0.20111273477816288,0.24990802615427132,-1.0737062974973557,-1.3674001877862252,2.0704057184138267,-0.893546795891563,0.11328370125755953,-0.38030359260543223,0.416048638777639,-0.3830699612657449,1.5098032272660218,0.5897261856589069,-1.6040420757292473,1.8838239181535588,0.5840773585978207,-0.7852179086415796,-0.10955347204163741,-0.1728337472055407,-0.5074829658952449,0.22733234080218967,0.31573854713589816,0.14537313763752807
-0.8716899309782794,1.9489478783385845,-0.5275001138935242,-0.4937845180618061,-0.29408232293621595,-0.13368600248195195,1.041491473969741,-1.1962318436105637,-0.38139519533250654,0.08003885794391641,0.413913741878537,-0.5952815384879849,-1.2051019088685673,-0.6435605807102974,0.47861222650075375,-0.7295628334599567,-0.30929591174880794,-0.5686280663556145,0.2192937639198455,1.0854017377033933,0.724720185059113,0.1634769884750855,0.46392821960035807,0.5207362956091486,2.3072528677488524,1.1490291874598804,-0.28041403819919275,1.4235289665584059,-1.5778561549101766,-1.3577376446780867,-0.365194246397447,0.05965530642342809,0.5251463520896414,-1.084878658135178,-1.4549404468915308,0.5926247888120202,0.00860409061217371,-1.0482955359178394,-0.5038013812696963,-1.398607073259189,0.41996126268265255,-1.600761768593774,0.5686796203830496,1.4719590674022087,-1.5592576165410368,-0.6754498880626639,-1.552907078699139,-1.112501012245638,0.2360521482004646,0.4688586814814055,-1.9573752420052257,2.4649055069799295,1.112341460348555,2.2207244100234407,0.13572903078010662,-1.6740609436704719,1.0060350481508422,-0.8481037219304067,-1.1025405613217516,-1.4140498756036026,0.4981494080523934,-1.6746452937381113,0.21010512476296161,0.2714558975765066,1.2467826893028755,0.2465465138651159,0.8868307960602775,-1.0204463121682283,0.8875647856049216,-0.9120553183928425,0.06841735435255836,0.21444026673904076,0.024520083539788545,-0.0768305503836397,0.742417752452335,1.218307301227266,-1.08697659792562,0.28379599200779054,1.1316642025087276,-0.040591246650938086,-0.7554987313614533,0.8257596122580437,-0.3476149645156478,-1.1928559092293929,-0.7590644530824571,-1.1639879004671572,1.0736211622534815,1.6662480143401543,1.0344784766569026,-0.4121809098858378,-1.9583746050586588,1.966962586975102,-0.6603194456717493,1.439706961868951
-0.4611971534578232,0.7612036442712914,-0.3212624398752273,0.4644898108402875,-0.2928968874329425,-0.3293787957916712,1.0475728175842727,0.4721462704505619,0.7540122540228167,2.403708928801036,1.4306573918905996,-0.20512198693879763,0.7669018714790655,0.5699910209142436,-0.4753828888173231,-1.4947450082695903,0.8616950232818571,0.7931959826515603,1.7835794663437825,0.5867188805145741,1.3187868514434409,-0.20246386901529845,1.9359973806286745,1.3361803586804002,1.3527728982641438,1.1263519144621694,-1.6937910320306422,1.6497518737611154,-0.42330386327631264,-0.1424084234040883,-0.15306648971531048,-0.3157658146043584,-0.7445319740956705,1.2068017555265738,-1.0557390093175676,-0.05497005745207062,0.9229849150454563,-1.3810927705166203,0.384195692230611,1.1040221410708102,-0.22098675773172138,-0.8219505941564542,0.3589833722061625,-0.5228099663551857,-0.17125773195434424,1.012815703961775,-2.0043394679774904,-0.9874123589718168,-0.19921522513532755,0.4573436132285681,-0.6861026713994736,0.4509526664061103,0.613579474758079,2.3746564663955785,-1.1452574089777328,-0.362326462326185,1.9614932787816957,-0.6859527467271465,-1.1590412369746168,0.39601532691417657,-1.7255201228576682,-0.10360622128285321,-0.529379364724351,0.5909927576421569,-1.810664134509853,-1.9613402919250023,-1.37283180235038,-0.31110036802547647,0.172943973827415,-0.686491881717955,0.019476954254368073,0.9810799191108744,0.07220265388634706,-0.41594539034281314,1.7483275080930012,-0.5708144779194572,1.3713354668027475,0.1305532028611124,0.8390991490697772,0.5241335976544597,-0.15949478290574948,0.2800724842717195,0.339606168365781,1.5822771782375817,0.10684505097524911,-0.7223612604670357,1.1577682307913468,-0.7384885500058571,-0.14058500876614477,-0.20935914012483914,0.4496785829536316,0.5858148429442702,0.16971784949185853,-0.07283804003651673
-0.066202885377753,0.21615117901814046,0.058272139729095694,0.22836132845174684,0.38835333090731294,0.4298985859553004,-1.043555377568458,1.0787870280576168,2.724170724107424,-0.08401446101680388,-0.685947824552954,0.729805326256256,0.05552049203536036,0.1994516239117305,1.1709050490957142,0.3570820741747484,-0.40450152069889433,-1.2797465252654154,1.5825174212495812,1.7809997725878404,0.34857322817132963,-2.2228333518426626,0.5031284644331895,-0.18903427677121976,-0.3193455607890815,1.6540720770961828,-0.39752317545893257,1.4938164017726365,0.4275584610986557,-1.569385938515033,-0.17643618626007054,0.6825050654551122,1.0589695956826068,-0.1272490639397957,0.5417557610609202,-0.6704705039523068,-0.0995988648149786,0.08361277953187418,-0.9583061861595714,0.13235510092304426,-0.39661579591331214,0.40893603373911624,-0.8310582014389742,-1.2102743158242808,-1.6896326014773067,0.20594927414421524,0.20279793080270442,-0.7797448457875406,0.9185563970006709,-0.5520382602250139,-0.5026170150477414,0.5288610022687923,-0.026553825840248853,-0.8692648124473894,1.0626404448192703,0.3725452245720582,-0.5751764384571156,0.41311050831003593,0.8143997294362666,2.440787933862783,-0.6295495905724438,1.0361074653213043,-1.8532661558833186,1.4796635291409543,2.446988833859594,-1.3048148791140326,1.0957667817603043,0.010010566802494444,-0.9381449338595915,0.28665949661658024,-1.676957753060812,1.6963610938298572,-1.3128871738570322,0.015260774023154094,0.8484033235877108,-0.03296047183824924,-1.0581703551243624,0.5119776291086471,-1.746008536434036,-0.5803816187489202,-0.40139726973060497,-0.11030909005658146,0.8102298448450861,-0.8663242405135011,-0.29753389600747737,0.44258439163654467,-0.8618147440726245,0.8114837013961269,0.4874447236891251,0.239599676109115,-0.10621705148714497,-0.9859336747317682,-0.499289717044601,-2.6092683206424048
-1.194052819967963,-0.6419806937555584,0.06361539502931236,-0.5792170465348757,-0.14083275708400192,-1.9004614143339893,-8.374808026395124,-1.5512982010215073,1.5919865927626553,-2.4751061144112367,0.6137859313398814,2.517967713068129,0.4108412173865952,-2.0339219022551402,0.15139684925218044,3.619850413891463,-1.7476242871603338,-0.7553944158987945,-2.2704099221245344,-1.960444736342613,-5.5654686967534985,0.9438542714028982,-4.037378510528516,-3.5324689153710143,-3.347335497084113,-2.6489623435517764,-1.0131881729298677,-4.684723106073289,0.39701223357883275,-1.4658853284728803,-0.11459405789205938,-0.7190862183100899,-0.6507208605969104,0.21294915763237898,1.67360894968319,-2.6805412974882015,0.034745384134438506,0.8888319074671645,1.8254499134924767,-0.4740322742037091,3.218306135871848,-0.7268302841684283,-1.8682248915194433,3.0775920420479,2.952018164175739,2.5107351127975632,1.0610936572465832,2.3808284591289315,0.9076861101071318,1.2430666094269178,2.839028800127496,-2.553497370925825,-4.7806970863325216,-3.9213623917936635,-4.755916264548068,2.3906633828958714,2.7717142785897146,1.4661294895768848,-1.168120951876134,0.8267637414547011,-2.1727951761389575,1.2572246134398195,1.83949196453732,0.8429953595003463,-0.9346254453609402,-0.18093218245279508,3.2371003711463815,0.24862868585960135,-1.085849339943995,2.5603308429300284,1.6678700544629084,1.6555690776033924,0.6908207007836766,-0.47531096819641494,-3.435082079141837,-0.1482257022874735,-0.48208187720661577,-1.3212587318279536,-2.0558154954795276,0.295184159123515,1.324441303890885,0.1958948927120409,2.1954541051958105,0.012272224386012373,-0.12062052902413123,3.4652172836410164,-1.3522673872154394,-1.142376337212772,-0.06061228703605743,-0.05390196842665132,1.0512591111447551,-1.1389179264015228,-1.5311577925982915,-3.083003182751074
2.239580664082616,-1.9407342460656873,-0.32524290088484786,0.4072422519883079,1.2634954659339428,4.117187234512766,2.4836080360231456,-0.46685443922821157,1.708154674560629,2.5786113801388537,-0.03813866102895974,-1.6164894575543174,-0.7691428992594191,1.6068925366534024,0.3887144559935357,0.5011203221565615,1.2915645037396777,1.3926584746833015,-0.222609125709498,-1.2404222013232467,0.08202435233863423,0.4555136988368558,0.16108381780172085,-2.013854112501258,-0.4606663982051184,-0.2942670347207339,0.42880738485352066,-0.43636421943245124,-0.4972049981187566,-0.40999745206803506,-2.1325432611774184,0.5419822103675538,-1.6638974366972208,-1.3222686883797743,-1.2435298202386238,1.8115933910811184,0.24906568756935898,1.2175170759221932,0.5354928045458022,1.5105306638918887,-1.2886942789656588,-0.7631414775105996,2.3252087804224604,1.3549949782174298,1.2746413236928609,0.3881615722259661,-0.8310953396848499,-0.6708741107839195,-0.650501509996336,1.4199401111219356,0.027932713115748853,-1.431115875901178,-0.7635041142770749,-1.4450037244911371,1.054045339457719,1.111641763142003,-1.9509539578047002,2.0313572879652573,0.8955498462931222,-0.9007566786196908,0.7890682322644944,-0.1523261302486959,-2.0858545535404587,0.34429432921826764,-1.7926139981470735,-1.9055730029348732,-2.1467024589740693,-2.218897397423708,-3.799602892624252,-0.21670161638233443,1.390458907566289,0.3478948536089711,0.4237354817198933,-0.4646737162376705,1.3945181524450512,0.8769260988643308,-0.9716558640893839,0.6523971109972618,0.5857279699136316,-0.17170292037540513,-0.6826538330595648,0.004715094983567436,1.240585927621932,0.7921697773639828,0.6639209758928943,1.2272165952706844,0.4830158974891736,-2.378788570659626,0.45684371179935945,0.5165676968480721,0.25715652946862255,-1.0966255766262116,2.1891908325914065,-1.3495284759373212
-0.4447575586490345,0.16464231233637106,0.7373547027152062,0.01992987298655107,0.6744539688189244,1.1105155625919874,0.13716235253390485,-0.7058126711462483,-0.9749713045999859,-0.2895136117824818,-0.40486541984849944,0.4757276883215445,-2.428683601937215,-1.3092300742021474,0.19720531298143915,0.8626196216497053,0.2183871478347061,-0.5494962564415518,0.284522126807227,1.6725089637988126,0.6760289228322883,-0.15620237430674938,1.0013298933853396,1.9352243513690837,1.109836025211002,0.46129473738975724,-0.3178427417306607,0.5143422631275607,1.1614046637738669,-0.8016664966602959,0.25227284608600536,0.3952831729089868,0.6515856031236333,-0.39078802247173416,1.0377709069235925,0.8035107914855554,0.6170037336911375,-0.6835501170988892,-0.00043990999126830577,0.06502320390701663,0.6144127317163698,0.03880390989847827,0.9031531825712611,1.0224623287711059,-3.6999016600655987,-0.1753363114665467,-1.1306093091577158,-0.22157844155444772,2.3237878599451434,-2.4959871045961584,-0.43603299091585146,2.8212900108079224,0.30040572250636893,2.594615817427423,-0.5651504921368928,-2.8798286880508916,-2.7115093263223433,-2.809439704511802,3.1159085918447107,-1.3704187877701193,2.8751127464882082,-3.647805211418162,-2.1245599552173178,-3.039207855376959,0.9735842743326408,0.41193258936262905,1.6190898807901282,-0.4055940132510577,1.8254327246160105,2.3253082400531344,-0.6628157446155706,2.048445976281373,0.5379802354022658,0.5040408942462901,0.7057957022864068,1.230376217069523,-0.5352387453257434,0.5178862909805824,1.9788761009162723,0.8309721792569174,-2.7738718680936536,-0.13265144055367123,0.9234000138513255,-0.029542132562003158,0.2690195659038532,-0.05044181493594463,-0.8025442979261661,1.7845506422679236,-0.013911477946048077,0.7916366754187516,-1.620756135426602,-0.49072482131942646,-1.071020266758643,-0.058564038579823174
-1.5270925364182537,2.0568310228977174,-0.22250235130081863,-0.5632501449603291,-1.2472230953059456,-0.22487623021336178,-0.580049500668571,-0.5094238330578009,1.220313113109631,2.0467485363634883,-2.8109295778329186,0.21431061092340914,-1.9885934778933962,-0.7329463549594459,-0.0585777058972775,1.0781268670588187,-0.7028766240965248,0.062060532686647796,-1.8713483436364888,-0.1225667848843901,-2.857278983901755,-0.054437721513361424,-0.7350867220436128,-1.680417164753642,-1.0739949018718107,-1.5647999771745456,-0.9490045901057003,1.1489231544186855,-0.15934978194749008,0.1185701685929903,2.06333709400655,-1.3318002581770307,0.7708269207865819,0.8045154583276191,0.7452747861634248,0.7515684928270588,-1.5733091194478963,-1.0457786856205313,-0.5003654623674717,-0.39566813485063596,1.026624564625593,0.10919925216641332,-0.5844483703215773,-1.4710823164902602,0.6625958723138655,-2.373124563555328,0.0980666415779049,0.9295341491118675,0.0895524485974768,-0.6468514607442578,-2.5149255854035473,-0.8846977428922516,1.276545374988444,-1.6723328902792465,-1.897007946277143,-0.16565234020993366,2.3370764628255074,0.6643473388798058,-0.0977160434260953,2.061117621703376,-1.042650752965152,-0.04071446738596249,0.49661290844907774,1.0373225229892504,-1.8080076324176761,-1.6184641859510391,-0.18510720331054864,-1.3715924453202235,-0.11283805809245318,-0.5922252053403532,2.3537072918753097,2.5376746574799394,2.4529200754165803,0.13306438401603732,0.5967954625794576,1.3795038935189456,0.45962697435421823,-0.9372890314015657,-0.9487199156758627,-0.0856051941886394,-0.11973332579693718,0.027985398472326985,1.077483494091564,0.2606940184571767,-1.472004204695382,2.5278163030918037,2.217658078476264,-3.050096706731125,0.5337311682050474,0.7980992435919796,-0.12197378691935623,0.40970043063202444,0.09894344582978787,2.373397538907737
-2.68785346188758e-16,-0.6693651764259252,-0.6103176346068793,-4.079826853726042,-1.6372018857666897,2.625862026294463,-0.5774622382411633,-1.4641156774435151,1.136740259315114,-1.353367224679501,-0.13313189497879832,2.274421791159993,-2.2395721933580264,-0.9612420362422855,-2.906021713837352,0.820406476590161,1.7756308393143487,5.281634058393912,-1.3330055158690772,-1.266189698777048,-0.5688700964431568,-3.304176840424578,-0.8775506513585853,-0.8310534674260536,-2.0083246574780675,-1.6193108706886603,-4.4289054543743624,-0.48740474473711964,-0.9426337929810282,-1.676391766685871,2.0381623136021187,-4.44177296407249,4.1986204375585245,1.3753479113580653,0.11037873879680371,-3.365111451221131,2.9301675712635795,0.9905903344670008,-1.8005871529856605,6.914211327825887,-2.8081034275978216,1.1928560974961964,0.18816670198561256,-1.2342560715479287,2.2515925625545115,0.3869285015836669,-0.20906232112642076,2.4790940911513184,7.492348322100666,1.0406238134053833,1.1623994332777103,-0.8318031799609484,0.7632923610825929,-0.5779429127995716,-0.36203890743217093,4.386674724602038,0.04942738183927495,2.4577148832569304,1.3632854585809273,-1.2523981630508834,-2.147127341309422,-2.6223725791402828,-2.5988186891195912,-0.8208166079568311,0.40218186200465433,-1.0785974272056487,2.5402170455417554,5.1957024443063,3.9305537138176563,0.0384360092519113,-4.700227661329808,-0.9458380727278013,6.910132271403892,8.07181205057119,-0.09055918307286295,8.274305222319516,5.306921229590165,2.1796606825639007,-0.37788595775478434,-8.267828727084,0.38709397670358614,-2.116724436985879,0.17883453970447094,0.9618218208187392,-0.6379878781559891,0.04110066790315697,4.014525294342121,0.3881997153207627,8.239212102240382,3.1548258525573076,4.753163825948396,1.0651194128346864,-1.1640544914799946,1.6165280076932018
-2.68785346188758e-16,-0.15202527595510598,-2.219995392265256,0.653369385858225,-0.5544719038975446,1.0759046938010604,0.6109267406424401,-0.8527827656898241,0.9421637885226745,0.595617638777282,-0.3983521451867172,-0.6906604495649831,-1.4180832920793436,2.3858005726735123,-0.08181556860814074,1.203540196636319,1.4166085346670698,-0.2232674291067362,-0.3724279715486416,0.8654626165894135,0.3275758774820754,0.311677946507331,-0.1313901922065459,-0.011713189669858038,1.416212652520099,4.1697962709480905,0.6002002880729169,-0.28335527878010236,0.5803379743641194,-0.11291210511586768,-3.1963468651809297,0.8865108097387996,-0.34446790722457077,-3.398508491679105,-0.8292989794283856,-1.1547786047937594,-0.32734367392052943,-2.5301968391227123,-2.744822058296325,-0.196236154292418,1.6311989303896572,0.7986555054153311,1.9269834290311114,0.24844576865829296,-0.020457877948231284,-0.7268265080340699,0.6610052604663543,-0.7955037548702246,-1.1701026654110913,0.29512786611861,0.13110534533634988,0.6207869847104921,0.6104475979818756,-0.6735653112224521,-0.6527821811588546,1.0421087659142998,1.3330830363669073,0.9079868040966899,0.737134647423465,1.5815775355809507,0.545770653241212,0.016692709653392646,2.7574549738419787,-0.14267852964721256,-1.2062426197443372,-0.9251847434242297,-0.771095685384768,0.12253268021433872,-0.180350287849477,-0.3047775922595218,-1.3301212758183558,-2.167909645445737,-0.9848183218959125,0.05485676666315781,0.1572019195869709,0.6778292858574787,0.8177233871367926,-0.16106764298562137,-0.7429895421105305,0.12237391142931842,2.040291794292375,1.3232635207069543,-0.29509728928811535,1.2197030799443684,1.241637399806172,-0.14758710153864127,1.6186468810092862,-0.020289487972340533,0.5584734393610302,-0.23396048722754892,1.0722969744477595,1.3333808349213603,1.1685815271753137,0.7765637879969829
-2.68785346188758e-16,1.222684799319707,-1.002659070182676,1.3361620922842898,-1.0654351983256591,1.0022005790973822,0.8485355315974915,2.3945534375038973,-0.8501449487003757,-0.03169037039095054,0.165700099713651,1.7736893511390526,0.5072225154394381,0.9274472227450392,-1.5268438596874925,0.5572803145419676,0.7658601144280874,-0.03555933986067415,1.37621305649505,0.277491239598275,-0.010777040676904688,0.10064767046123663,0.22629050547637886,-0.79455163557282,0.47114392616737133,0.7388189629803418,0.06228543411980897,-0.3692211618957444,-0.6410303484363844,-2.8048685041183963,-0.0748438678828704,-0.9185001998655309,-0.806283351506891,-0.8776424601968824,-0.2882272753369808,-1.6120150561516267,0.0514271816401487,1.6569700821652984,0.8907885596837859,0.16590016843260597,-1.2528292479616254,1.5683280104205437,-0.20238482535883523,-0.6667418419105074,0.14968249969219483,-2.4381574889898574,3.212453000501418,0.6400620402512562,-0.088031557919663,-0.09446078532790625,-1.0059348178945542,0.8987618748656945,0.7896021193266701,-1.0623441659517705,0.24565766064197586,-0.2473591705842051,-0.1161333985417678,-0.5546331821842255,-1.2959279431567237,1.532851970623728,0.4604772576848207,-1.027774439964408,2.673792750787719,-2.1492430254588033,-1.1137219801255867,0.10178039972637151,-0.20120293468831252,0.5308585648572759,1.0305627233857997,0.6943011718643745,0.32147191993364177,-0.14420239445251629,-2.7092177031189126,-1.7569562096092024,-0.4781947888477708,-0.8627175971799131,-0.0008490995260961309,0.43440426419731354,0.5408528146860929,1.177371920520778,-2.4650769181643644,1.4580226141082242,0.32103463670321164,1.614477576830778,-0.10890720102208917,0.004953396478834414,0.601823589268597,-0.8977026738250714,0.11461220124998894,-1.996611600316585,-1.5120063130850898,-0.18728713254845664,-1.9324635935667356,1.6559889641907695
-2.68785346188758e-16,0.2236522684608234,-0.06883077467571569,-1.4444475119189701,0.9156934450612374,0.3699365235113036,-1.3355662815938267,-2.431277487185486,-1.1058074723148041,0.04995466990983857,-0.5506781993567563,-1.385310188578715,1.9174098479556485,1.5357588025647266,0.25499847807896947,-0.44695395616361616,-0.9308982530291993,-0.29258741459789994,0.16911174992299488,0.4195187449550736,-0.32309534061469747,-0.19898205845741332,0.20211713720101976,-0.1747351937335859,0.32812928321450624,0.9936817369548643,-0.5115822749910073,-0.2771304567216627,-0.6633459244830462,0.30101320086213157,-1.2579827306401812,0.8147537648031736,-0.3467039220494584,0.2649082023041819,-1.0659802325857455,-1.8969495983943947,0.6321096369119139,-0.782905189083894,0.17910662785794562,-0.4129581629945708,-2.416359259241377,-1.0966608171214083,-1.8759731233905894,-0.8192907738144268,-0.7541513363025139,-0.6141268195768923,1.0043287220577224,-1.5731051080119942,1.7737518014310854,-0.14901899415746775,0.5744077452282907,-0.9038663119441562,-0.28054862941352415,1.4884618850782463,0.5285937186717703,0.4751500828488152,1.3440303079713587,0.8908699607075671,0.7507601390989015,-0.14228161715712298,0.03859147226718908,-0.059212744927969685,-2.9766450371698125,1.2685837391780561,1.2505165672927947,1.6293421075573689,0.7010793504174058,-0.3100947883741252,-1.1531113480926325,0.9676195848935659,-0.12563652733996827,2.1320856046607997,-1.3780595572805807,0.19442807707031495,-0.7573522272740468,-0.3522109847100105,2.0325658751258917,-0.01643887503978525,-0.5699465733339174,-0.6893472088213758,1.431095327367046,1.8495172891850784,-0.25368600219946585,-1.8173567799412265,0.022203797283325583,-0.13678567089476756,0.3247286483768738,-0.2536792656808962,0.1316046597148544,0.07633260630541787,-0.6836549126876477,1.5104081352111862,0.4037672621854197,0.3576341192268478
-2.68785346188758e-16,1.2203025798238276,-2.1284987211213564,1.0156703196760497,0.4808090808321731,0.9135649818551823,0.8348997271455025,-1.8587968486023025,-0.013700246798359073,0.431497885696515,-1.0254757854470389,-1.4131331777132665,-0.7055869414242242,0.2758021811072737,0.20605063044099636,-0.24195475053465293,1.53025406242761,1.6969344245586422,0.3638317098604249,1.2081732861079435,0.38275837782426225,0.3062624151304517,0.5432151237401486,0.362493465945121,0.5218162746158704,-0.5030857474144645,-0.6166000968029797,1.1053049989503534,-0.5105929550617574,-4.205302855428559,-0.8072369308739535,-2.2786439297181844,-0.4105452217360094,-0.5728976624326301,1.0689370386127235,-0.03193170748902885,0.3646975158849569,1.8942934380148073,-0.05211897830108747,-1.0301604048539135,-0.7153377345853951,-0.11452003803765552,-0.664809856573012,-1.3817770860843948,-1.5054470015009624,-0.7902933372500553,-1.7693727586009942,-0.6850128006775953,-0.5288334267089855,1.118584613188736,-0.850781370016984,0.8719418235868471,0.03457073133633852,1.4328295841336833,-0.41153214874065486,1.095220525225677,0.15626583957699314,0.7605268498085529,0.8586685422188534,-0.06415256832854377,0.5390742315280925,2.2858268622136846,-0.6930883180094142,0.31481359475904014,-0.9150129964485448,-0.3399443691641725,-1.8550519367809488,-0.3007910937723036,0.190259895434421,0.007307566728800241,0.09067084650889284,-0.42298283447278046,-1.252641639331851,0.11329159952026778,-0.5209447618188348,0.24405869143244355,-1.0560289556675984,1.0264107350958613,-0.6763931492159678,1.6603268507905709,-0.021170126911503717,-0.15019157055104831,-0.06466143929101449,-0.7230975143076352,-0.16172600615643726,-0.10936096607792953,0.01507066721724043,-0.19711615482947192,0.5688425839338318,-0.20095618918170727,0.9920662249759998,0.9516591451072817,2.241584592168081,0.8964334262514202
-2.68785346188758e-16,-1.3420984489887005,1.9174558937247308,-1.334388411736518,1.2195391232502908,-1.511216216277729,0.12021087104762299,-0.848011244305702,1.7393606641772414,-0.30371422907394335,-0.5305194479726145,0.45679376971696783,2.4236240776722537,0.5375303935729632,0.7446648375282142,0.7439856354625551,-2.1877031092423005,-1.640832450889901,-1.6963514223073655,-1.4749352947234415,-0.22812335069843104,-0.6337576551866207,-2.2090551402783096,0.15957877670025955,-2.0702844079695994,-0.9322186396459851,-1.142395654562822,0.39531835919995156,2.888179831262896,1.943300568450446,0.3795410653263689,0.1802032251079645,0.17877788833243563,1.2970188052478346,1.648505904058414,-0.7180607304357914,-2.252511538634921,-0.5782546424022376,1.319281574720874,0.3845040574265569,-0.19134322399945713,-3.32665352128188,-3.500728837810608,-3.1355474031762776,0.8269690708743482,-0.21797510587829572,0.6899330242351821,-0.718405699928393,-1.0871338120820222,0.2132889904357811,1.891928119019377,-2.266645489179248,0.8568263567945039,0.49463113096557904,0.13185421885754492,1.7446213795975312,-0.47905662678283867,-0.03477377122260772,2.275818136320685,3.38850354358597,-3.3216092720789,-1.084662329851455,0.9816710978823242,2.5251434251107114,0.2873224653577329,0.29511629781481086,-0.5150509412694618,-0.14933910755099566,-2.437579198060375,-0.8113819274430621,1.6928096025610593,1.0961392341185259,2.137908977993815,-0.06852314030937234,-1.0837841543522344,-1.364891974607262,-2.5672075086636608,-1.7725344832832564,-2.5151570372398964,-2.523170749424837,1.8444019640314064,-3.1978129871517136,0.44665579630092417,-4.496212606450568,-2.14892425638625,-0.17939311515857229,-0.7065592097979501,-0.991638438163512,-0.35836044124516675,0.6997823333172937,-0.9104532880065817,-1.3510416772088518,-0.4458834727905493,-1.7217828899969203
-2.68785346188758e-16,-1.3538728961163728,-0.626836513295786,0.27781718845408115,-0.5895610605484225,-0.003670653570684912,0.9517812536993338,0.38350829093914457,0.11714542827443353,0.002644636723978187,0.0427895351752993,1.5707607750223942,0.48245795949655895,0.02543133995957851,0.010721834543185427,-0.4101061006184912,0.32168660736480637,1.4834684481970002,0.5783342533559184,-0.12718943379499054,-0.19979233705546054,0.6258522977659559,1.9161183027546607,-0.0730715756539756,0.19671025410759785,0.5870676332535355,-0.7485882376039439,-0.29289861318746235,-0.6460926497958912,-0.0120593214771047,0.25890255607035595,-1.044447026906419,-0.3801373165271233,-0.4090249479218642,0.34353902151165544,0.9574472902129503,2.159374849490296,-0.6271180854461345,-0.5236709787365896,0.27057021396781455,0.9186234432487468,1.636995239775998,0.08078641311032217,-0.47003704886843783,-1.3564728175425076,0.3159895614273599,-0.572360692554174,0.9805644228771387,1.393067544847042,0.3706150828767985,-0.6939079985430744,-0.46565645283092155,1.9671238999258376,-0.7871917933015601,1.430829161432564,-0.9830301636985483,0.5301243188573588,-0.8856594379178239,-0.2781924412528925,-0.2071512151281234,2.09189179998366,-1.0397943610380267,-0.8628814635696955,-0.8777417748471305,0.3146745510668193,0.3862317370874655,1.238802411885836,-0.06755534950237752,0.6243480477059435,-1.5803477496067697,-2.1714055157695813,-0.2803955443634088,-0.03604311132015403,-1.0094511901614842,0.5594398385662614,0.6553058921596475,0.7467264307101195,2.0263401122020497,-0.01837575428722449,0.9016248908326285,0.6046483730960114,0.5480912022335445,-0.12338884253928606,0.28034127281750426,0.19211492164277721,0.02789226943767451,-0.4400356741871167,0.2710563031684784,0.5603915706500413,-1.9594644352841772,1.312852197519758,0.7296818851022557,1.5654159943066746,2.318383662530972
-2.68785346188758e-16,0.7652603383635465,-1.9340920800018697,2.37372800117178,0.39966842749450476,-0.5064406725236668,1.45843146883563,-1.2076321699802255,-0.6473412840158779,1.0736779128730072,-0.8057030761935801,-1.4504104664982211,-1.3893333748706027,1.12980730303636,0.6652384508695975,0.767607158491138,0.7018260395734915,0.9022408961459503,0.14171059284150517,-0.9083065985069957,-0.6234436173565265,-0.5485780988346003,-0.94134703213296,-0.7260273312993487,0.8731265125971757,1.017960482546391,-1.7204594966598257,0.5805710825150968,0.2048773924005518,-1.4098452643349733,-2.6587621925636116,-0.29574474252924404,-0.6861259181297359,-2.465526508868636,-0.5492057849746498,-0.8005788063683078,1.2965693569166148,0.3311889714339405,-0.5918913639443195,1.4323552901156957,-1.1661360572386434,-1.610409813809516,-1.6488238803806687,-0.5967489158300505,-0.5803855681995547,-0.639367979235427,-3.7065637410625243,-2.3914026367059935,1.8939529252999487,0.015203612988337093,-0.2954594637665226,1.0893341851820166,-0.8952520931981373,-0.7234483609049079,0.5954782888084508,-0.8131342922820674,0.7690404661732373,0.2878726422877394,0.38832672138120566,-1.10496555405846,-0.3872973753761194,1.2622851276581248,-0.9517304524537324,-1.144622032961955,-1.4624619109434587,-0.6922128066037158,-2.2924608890917653,0.21145494585859642,-0.9478518808580626,-0.20061646672801878,0.26533821500667737,-0.9699777020820461,-2.4733925543240054,0.16397922131268838,0.7071411618930272,0.12587485859497666,2.8388258746564627,1.3619990748253814,-0.25305037011820164,0.1770516595825722,-0.02172069836779622,0.4916408852024018,-0.16735342990351268,0.48492734009527605,-0.6837374708029313,0.09066402692796457,-0.7882272264916166,-0.2991427629111237,-0.4334031963329562,0.40989479113574145,-1.776782259957401,-1.0854196176300568,0.260672757440708,0.6751013206979465
-2.68785346188758e-16,-0.15533954385855425,-1.5119972115433415,-2.446510345516886,0.09438973506747873,1.8938313044825845,1.7452202524076168,-0.6150474616428516,0.5323834831597297,0.38119107477721903,0.2407541990687317,0.8082308484588973,-1.2555575724747403,1.3959570625760083,-0.29422936438967945,1.6146799306510409,1.7694299330559777,2.7368214170953493,0.7340922700609054,1.0634282290054173,-0.005024548412790108,1.0538938758511118,1.625222032290683,-0.05546373153735229,0.6198352557081375,0.9881592712889867,-0.695163175894424,0.4308540655401673,-0.9381064754485027,-0.15530134618248803,0.7508550138086755,0.2319722572892875,-0.9545399719091014,0.9017969867184061,-1.5046023432598497,-1.2630350934220758,-0.37166237398520063,0.17525687542714774,-0.18610543465824633,2.230652383721897,-0.3033091272927734,0.0741370126971995,0.33326885640670373,-0.8556344476725521,2.0703836466992733,0.46826461321736745,-3.897787956797112,-1.0968778718206673,0.5431763375766737,0.9655209862147311,-0.2256869108954679,1.0446843297548924,-1.3634717406397285,0.27814912065226977,-0.41735870370535183,1.983002909984489,-0.6479910834431485,0.43227833044855557,0.04429601931674121,1.9579701828998544,-1.8317214622839915,-1.237478787139902,1.5121110313480584,0.34246485544214583,-1.7584376978769922,-2.3153453145791945,-1.2321897256702863,0.470802247487612,-1.1108437512436733,0.2794742233646914,1.668935052467294,-1.992055783422842,-1.0497694934875144,0.09626563382980598,0.5809282227528799,0.8065352188934256,0.3178455908943236,0.7354791833578328,0.10733819567783279,-0.03860708785395017,0.8407409724900117,0.4586646641281084,0.12868131640429575,2.2930094357039614,0.4261007811564636,-0.030702715846520613,0.9249625920110264,-0.5492599060653063,-0.7211685611937468,1.0428146937680245,0.7826736914352239,0.5777889062879527,0.017490298059568463,0.10838778926341253
-2.68785346188758e-16,-0.4942808247774862,-1.6704404201484055,1.8308971632552407,-1.749702056245082,0.640194950876781,-0.10512668678540121,1.0804290059435833,0.3506057405706261,-0.037289383169824164,-0.7393072012027391,-2.1859279850862676,1.4050158825238994,-0.38929169206150616,-1.7022044324507588,0.38126155607056056,-0.4529577369623821,-1.461384206574315,1.4207083715197866,0.9650633873179933,1.1548239195686227,1.2484228083505362,2.4967687631121214,-0.3286431279371164,1.3323171062823431,1.3797731508189979,2.04524724713253,-0.26715682624406295,0.3668467031493327,-0.3347591068240986,-1.1094104175172488,-0.5993743223313509,-0.9512552313995882,-2.0793540692523402,-0.7115601220524085,-0.7490262275678963,1.0428243073495849,0.4538274587547061,0.5259520741150501,1.0190413907103077,-0.18853903904852673,3.8695168268756355,3.9226314142016663,2.660793757902343,0.6066146623343133,-1.7710305460975597,-0.5982641395739956,1.2457090786592224,-0.5093042722134452,-1.773829120310662,-1.062362394057596,0.22329437702265614,-0.9029671060118815,-0.047754775836292326,0.5211293093682213,1.3070168828602096,-0.7799331963386932,1.3923225182599674,-2.345934532781339,-0.5355341991625651,-0.8255558740962006,0.034671475941545946,0.48256588485946306,-0.7401718369679384,2.251640989240096,-3.257413912607684,1.6501669605571132,-1.472910548483081,2.6968227376395095,0.408027896075951,0.9960384492392251,0.4457135570767081,-0.5052485200899075,-0.7648185116311297,0.3049894208981575,-0.23011449349399649,0.9126517254662393,4.17752052338768,0.9672941722312802,-2.258333409545358,-0.5061045575384667,-1.9273476615268057,-0.03250947971783315,4.107427464095639,0.08949065662584732,-0.08716630281787548,2.6707928828663396,0.4587022594346553,-0.8379803617849911,0.0030004465648580947,-0.7524827232901142,0.7128139962186117,0.27171276327208127,-0.5985782933854283
-2.68785346188758e-16,0.43146651660581,0.12943667732494335,0.06216014938493314,1.3204582384398198,-0.12776936691434054,-0.44978842697816607,-1.352413157175525,1.076885175689122,0.11077054978954123,-0.29571292394479526,-1.5470589186636223,0.5353276090941527,-0.38212994457110727,1.4105117861291483,0.5717977247443239,-0.1902094683333837,-1.751797185755604,0.6537899866489258,0.214232883802593,-0.24050818283955624,0.3090779725171667,1.0897218434020706,-0.17427612634832576,0.06133272775096413,0.05228104712701489,-1.0537398192398661,-0.1617492538836071,-0.4101195955341943,0.8488727374846672,-1.7643874226527707,-0.026059779759973645,0.28296079162668875,0.006667419589527206,0.48741542758130574,0.4361205729255192,1.1452922355574136,0.7613153235528903,0.337564286725748,0.38260420648583104,1.3965661239604799,-1.3351868867977013,0.2286278803506008,0.25262054437927695,0.3418827598047827,-1.9699415821626602,-0.6988445989316542,-0.7943512701981886,0.17914589860064256,-0.6037812612225255,0.36711944899422255,-0.2879809313979189,-0.21661980841600117,0.07729760702995188,-1.1096018544039994,0.029545739415430983,-1.1362309612633372,1.300592829587222,1.276333741238169,0.189968994846634,-0.43433199671239153,0.536200286239437,0.8489981362771718,1.1166725646096287,0.5736123508949129,-1.7040489484256598,0.07342446862078633,-1.5321595373688384,-0.4861859858298919,0.3444853676583862,0.5524575827569296,0.16339331257248124,0.8606847244542518,0.7456200369580824,-0.059469797572133914,-1.172217101156268,-0.7329377397687493,0.4199749593080264,-0.032279376468497684,-0.8009083935988507,0.49020057734920874,-0.30111464319943854,0.35039803826939264,-0.8743947961179731,0.8379660856214187,-0.14553257816484794,-0.3579147073169054,-0.8430710635112024,-0.5125262230688374,-0.3444482428399764,0.8753408697760958,0.22618196218043038,-0.5126630607786968,-0.22122855330262964
-2.68785346188758e-16,-0.9334516953288321,-1.7374197228674815,0.9356667493210722,-1.3838844910364911,1.3017252923206086,-0.23873323691261247,-1.557145647118561,-1.0952658222788811,-0.0613693852796499,-0.5248627340652323,0.9731389343578378,-0.9989959295639808,-0.3402127744814161,-1.7901779511345157,0.2154781311380387,1.3503602803748045,1.4706305910501445,0.21265784590607884,0.5150623522187394,0.798916367799432,-0.7479404248673303,1.868279748142708,0.6909370026092982,1.555838145822244,1.7588461465577219,0.14131563128883584,1.0986094445912549,-0.6721958606243791,-0.7376187209199919,1.1446624468253055,-1.94428294124394,-0.3126367632924453,0.6660646925272982,-0.2377887576572525,0.7779239788907071,0.7885593086004241,0.028447355688676595,-0.944324614849135,-1.1039805291787725,0.19727925807459182,-0.11339216265261054,0.7468108063507278,-0.1996750313222483,1.1899499615492328,1.323073352133036,0.04862498720066208,0.49929372309533643,-1.0749224302539289,-0.985477630043733,-0.7765735170078552,-0.6359422519839335,-0.6076608937404925,-0.6778882756991513,-0.48015416771713065,0.17486508564959924,0.2793999575802438,-0.5168580916376913,-1.9986410609484992,-0.13783223469916217,0.38201756886578564,-1.8335880134639224,0.5821952143016926,-2.1161180705234237,-1.712438768916066,-0.15555039358435563,0.014134351653269261,0.22579410534043903,1.086661539745404,0.32317320481504513,-1.3969566280512256,-1.1279927144427302,-0.3938299228365936,1.2574829910175542,-1.020106404620088,1.2956359345555937,0.9679993499755595,-0.5099973402119901,1.2995790700331957,0.14406917981956766,-0.37449284849400866,2.5503704047516096,-0.17953351788116864,0.8936278501315214,1.5929928191557767,0.7424019454918018,1.376436276159951,-0.6298870055274358,1.0247610257934192,1.166446544136185,-0.14030355692322952,0.34096013229151856,-0.5053193647605865,1.566840337767415
-2.68785346188758e-16,1.38326151426593,-0.96342080525144,0.8299354133664792,0.34686060827390075,1.0316659703563171,-0.641868853438868,0.8891472086541752,-0.7846016743537529,-0.39454294829849734,0.027097616964614154,0.44940904209098764,-1.021120279316367,0.07050070960862316,-0.3053533605043449,0.6059109347162404,-0.12153963075533525,-0.0899872652836903,0.5161060243207914,0.04691294699686882,0.2895639702179588,0.24158430125905966,-0.9929682874063879,-0.397680919251733,0.5272083203092692,0.05754130757379339,-1.2773753623915978,0.4743554957765606,-1.2383722965460593,-1.5585981379569898,-1.630949126339637,-0.5941587817969494,-0.12716127706665303,-2.2018390480747145,-0.8214242951870382,-0.29455825502926447,0.9333994036550772,0.8468325289359171,1.3242191110522243,2.2912281144199245,-3.34268998838844,0.5881391065857188,1.1053776598887572,1.7172722644782785,-0.2018850350310125,0.4481559866990349,0.9136740807371546,-0.9415172963933572,-0.0008658004499423333,-0.036881486840169335,-1.2725130987981275,0.09767993711713624,0.2537944659881266,0.26621626188264136,0.006633655849194374,-1.5741864903989753,-0.3811513606530366,-3.0497012292609726,-0.4081369127195137,-1.3635220681008338,0.07491292503804226,0.3757576093069182,-1.1501349872012292,-2.286832319541972,-0.9886526492557897,-1.7148412663573163,-0.0120488189316037,1.0118097607555159,-0.34874069003651964,0.5875569661489483,-0.07482717854511738,-1.3963095017533056,-1.3414873859857612,-0.35966315199012133,0.47368395303183214,-2.1200951883788255,0.9137035544093088,0.5641579158339857,1.3407417522669596,1.9828369642811032,-0.34545643873614024,0.8221857138746275,-0.6387302237356631,-0.38859671689164976,-1.1084711974837695,-0.06869353572122178,-0.27335287255769547,0.2638409688952873,-0.3554544856837136,-1.4371916228547428,0.22233939296404226,-1.668783322637414,0.0827493559531135,1.2445902490872498
-2.68785346188758e-16,-0.2044635415146462,1.4723711057054065,-0.89476233475268,0.4672682925964101,-1.228002881558749,0.5278260312573365,-1.03078706024135,-0.17286560032397874,-0.3659035633491298,0.850889945569397,-0.4953601494103561,0.15678978209019223,0.9805931422331404,-2.0571274334949483,-0.023377297982019127,-0.7122538885050149,-0.4494149237337385,-1.925807276405605,0.003757956659060091,-0.06288573559186295,-1.9886485986562437,-0.60410516341366,-0.04735619891777234,-0.08789832912951248,0.15629759056775294,-1.673802211963084,0.9027938991625488,-0.353464733843608,2.9189883523090185,2.3541756811497,0.42531586199977095,1.0020489617761779,0.727603177582934,1.1502609388485672,-1.0153354877229692,-0.42205708970539624,-0.7165453102516707,0.5097440509997399,-0.10725973864294225,0.39969668398500496,-0.584659622617477,-0.45549937057634343,-1.2620721733134141,-2.6771847381897933,-0.33281028117559824,-2.044795285731939,-0.4028845859548643,0.16503199760202536,-0.34865808026602424,-0.6861511284899215,-0.1935193933868048,0.45694481612583804,0.6796901643873947,-0.019624230369563404,-1.6510861315454177,1.0543561992053292,-3.4349255889157018,-0.6370370494110648,-1.1041076203242497,2.3350739699722314,-3.465271923674326,-0.21985803206182736,-1.4890252052913628,-0.8247766257917707,-1.1006217475698612,0.011985549663033057,-0.10662639750717468,0.46594317417561615,-0.7169391189546624,-0.17036151440614597,-0.11530015495280999,-0.25866216775191053,0.7596272935734352,-0.3903996437806197,-0.3620736063312953,1.5191252958993458,0.42957566976213085,1.732272678689054,0.3973538923783445,-2.0424811734414474,-0.7254239818580763,0.6848159341322787,1.069478469997725,-0.22615281047913138,0.012606638061149701,-1.185706141868291,-0.24788702332187418,0.3301676023959047,-0.45808436299648725,-0.9881042196627656,0.2843351265340262,1.0640377111861345,-0.6642435156795965
-2.68785346188758e-16,0.16835744037785422,0.4291476062617026,0.00046482166716843576,1.6761047290063043,0.41594308547414605,1.3373499942202516,-0.18893015853437167,1.9888513989861059,-0.8864366551433124,0.2423876494906164,0.5903819991102115,0.48990821586075556,-0.5910797377236237,0.2081413017375373,-0.43978183316479647,0.09275341481757877,0.9790990605586333,-1.5927103600925776,0.8207231792383707,0.9111440343114359,2.0140702278822697,-0.3333170859827145,0.04929669806282857,-0.6356462407456851,0.31609907256068726,1.6905105915935994,-0.7253374976286328,-2.266065453198341,0.8098480184591055,0.35716177925795684,0.6842266573252521,0.6372708695470113,0.07595788626211675,0.06827670951606946,-1.848144268816276,-1.6903002421429603,2.174937106047129,-0.12607916815789785,0.4480201135288579,-0.7409929798888862,-0.00291762284964725,0.9332532922445198,-0.31195889988276204,0.09035457150855153,-0.050795256601344485,-0.9673512590261415,-0.05128402951306743,-1.3587217851557398,-0.8828413276107283,-0.5299636487776834,0.18049301542840784,-0.540706952772394,-0.4985530800021071,1.0066373745422674,-0.9020330511874569,0.3711037144892225,-0.2555581751710571,-1.4507647300393445,0.3508800542337469,-0.19652105665892508,0.2808128615523019,0.07597503619327603,-1.4099568001831737,0.6229123156455211,-0.8282025236065321,0.04245665303653168,0.7826064341483083,0.595231940029741,-0.08674907818724382,1.5496137760020023,-2.315145912415245,-0.8938825035333718,0.1645100262824768,0.18110445542962514,-0.010500591158102812,-0.13755108775691682,-0.17226966088826434,-0.48833837827164056,-1.1013670572612617,-0.07843149341734923,0.743527414358526,-0.3173263162377016,1.2792143055820535,0.08068922441696397,-0.12751487437457704,-1.2242997549447354,-0.07467272931946495,0.9648638799247627,-0.24831916180421082,1.335565388345203,-1.4181283926425938,0.09120096068124928,-0.12427132351596581
-2.68785346188758e-16,-0.7867030334530999,-1.924821781700202,0.17530302285116428,-0.09572201127667046,0.7394791251188317,0.14872693651408622,1.8964162767863766,-0.9115373729233058,0.3260075570038604,0.9182663478159604,0.027238746649004275,-1.2311961169806058,0.3029811860083692,-1.6462090169137207,-0.49693939908922335,0.36252441385942913,-0.05442080623176282,2.1826564835627535,0.9942270433884242,0.8112743433856306,-0.1654273955942798,0.7733205510944184,-0.8224166312411426,1.7014093624470221,-0.36026970037308303,-0.06443415418359769,-0.5121195904680034,-1.7395614864146305,1.0598709183882606,-0.9242320511877533,0.8052595774816371,-1.0522851448803445,-0.4144036947142555,-0.44411189800296713,-1.755980783588487,2.6177003173615616,-1.1113885217850803,-0.22510107132463641,-0.595439724097323,0.8946283136871939,2.599976294677214,1.300100975061803,1.364999104589374,0.010146873115227772,1.1803727310652548,0.012751085279745333,1.0805468898770039,-2.2227287743390107,0.16377883720185676,-1.4863026051918182,-0.41811381275068527,-0.44936534317281407,0.9066984605772099,0.38620264483428746,-0.9347024162224353,0.9315849885825752,1.1359931189121124,-1.511898511583996,-0.78654167804397,0.0973435755062575,-0.8660896378541572,-0.5153179141364398,-0.7197655540666745,-0.060918308134538246,0.2416219162090953,0.041154185976989055,1.9401955120609549,1.8165239744232315,0.2564630732314359,-0.8558892350185037,-0.630913853214979,-0.7958463317938047,0.3285267631728773,0.048791055654586565,0.09537171634423827,1.8636390903489555,1.0974701422204176,0.6798387654521012,-1.119815643817352,0.45490612110928713,2.4483848054153796,0.3187602012188963,2.0240647695182226,0.7968149165196518,0.9092849315650077,0.28109547788487516,-0.06467907888918761,-0.8591464271221531,0.625471925924709,1.0585299632931282,1.1347625457703594,-0.44253156580595815,1.2813350111959403
-2.68785346188758e-16,0.33921306977392723,-1.8813423248936958,0.9422323013123103,-0.996958983560515,1.0785384038900832,-0.2013712848699368,-2.103194513656902,1.1205967349561596,0.8889409144187483,0.3732892003456356,-1.9002137669276808,-0.2595496829546561,-0.16679303698825904,0.9811909237311555,1.0370354929554464,0.8762536834905446,0.9376688398117501,-0.4124522198375065,-0.4591442876284286,0.4410266232842105,0.1864965882357726,1.4554370341978102,0.7197278499898131,0.7394236835143746,0.37840085917383415,-1.9833776835938592,-1.6212860765248747,-1.0316998596596003,0.5440690193303999,0.03136486419442874,-0.01548873429030094,-0.79758805195438,-1.434031282748334,-0.5044271954206472,-0.9248090202255931,1.2779267184682175,0.2810740235093262,1.1084601843694704,0.09354412309264493,-1.185656330087821,0.6113404573061035,-1.6576958964799717,-1.279364310836825,-0.7240005957546283,-1.2017948344378682,-1.7788389646169085,-1.2378188343590217,1.0427113755496036,-0.4132435819071793,-1.8486756994511266,-0.06592912975002974,1.6612488824145037,0.4318573075310868,-0.5645799164172378,-1.3844979986336445,-0.7806580419160403,-1.0849201746883694,0.2858161003785581,-0.820860739555332,2.1533570902403874,0.17945181159318324,-0.46993987275724364,-1.5691250010913995,-1.2068776855166545,-0.41664900590221515,-1.215940738757612,-1.0958574418601177,-0.1645912638238957,-0.044976751565975095,2.4529499551384544,0.14713524516088677,-1.4776529015588031,1.881925722902211,1.419681345185399,-1.3811088308704804,0.8944368445200185,-0.0944957759561959,0.9784756632649978,0.23498516152697135,0.8042361787706971,0.5270587838277919,-0.33516472229617444,-1.3215176616904962,0.3038492796281774,-0.04676023657443214,-0.5886165360747271,0.2989647024518756,1.4826431885023656,-0.5406431487334104,1.432052058320175,0.10353566493945221,0.12046796486111488,0.4492857738033321
-2.68785346188758e-16,0.3897331797302406,-1.2650704135340376,-0.08837212013076379,-0.4837281377327404,1.4136562427636987,0.3000710776451267,-0.1516235471110224,1.4467633275266798,0.032988516973865054,-0.8807639084112228,-0.7707843784317452,-0.5728894146014035,1.8435150907779627,1.131946489486956,1.1090602497198638,1.1799241383450985,1.003666397392204,1.6447255738381488,-0.2502599712982623,0.46664708169296115,0.7578424261653276,0.5871565625500382,0.2907880814356762,0.877196151746228,1.7223386509779068,0.37220345893854334,1.5609000317955422,-0.4208192642520604,0.2354164190743845,-2.403696895962393,-1.1558256206390078,-0.17177648824524006,-0.8230358259786172,-1.14037069697879,-2.801119384525741,-0.000545909360647856,-1.5166527987048237,0.272740999005887,-0.1154295156860824,-0.03297926440621124,-1.0136895546251437,-0.7355821079391487,-1.4703037162345114,1.7312053847433329,1.016744892580574,-2.972333885668184,0.09938910286243496,0.12402299502005561,0.9125114252136736,0.724811023205254,1.1543887616270663,-0.28474045344719234,-0.3105224323607805,0.8728564761638473,-0.04356159861742226,1.0275414351838421,0.15545688163338534,0.27727814603475687,0.5526192780996294,0.18086188162609323,-1.1462314024885454,0.9639844443186603,0.5213232575055925,-3.808385624954971,-2.7182622780025896,-0.8405938558194932,-0.8706001685187583,-1.5291373402098607,0.29450435597099384,2.2780940073802345,-0.03515598934844619,-0.3363133109861248,0.6933112207328458,0.00850228624128423,1.745665607868807,0.8933887948016938,1.9653035383188175,0.8719297718715379,-2.6160090463074277,1.5394575907876178,-1.3840374220615013,-0.47982452588330576,-0.09383144111696387,-0.5597437512685655,0.06422065482126603,1.0492617007758325,-0.158345282041503,-0.05511390214854123,1.599857678925913,-1.1949992085189531,0.14636757541861478,-2.7054762155730243,-0.4555507496249663
-2.68785346188758e-16,-0.22266102582681296,-1.2196132935983233,0.37932821044015996,-1.3492233607388844,1.7643843640968222,0.3052530958693096,0.45631776000603486,3.6337334885877373,-1.4220229156067832,0.07556079971920396,-1.7567866650396362,0.6928769797898091,0.9365305236318917,-0.2971584915667531,0.17033764875943136,1.1260830716540853,-0.2795201862048649,0.40662189553259886,0.2899570094599826,0.13015172337444397,1.7334949304891547,-1.1901677759178497,0.282243383193732,-0.7271924002299871,1.7732354435426338,0.7053724630805585,0.3484811259874437,1.3160014679104317,-1.206525855859433,2.502645397006363,1.2393707849976412,0.02239777851513411,-1.7180764867621214,-1.517994771441566,-0.9853026498184678,-2.210763843635939,-4.223877288716728,0.03688173772257869,1.1171640505545088,0.5509549896426397,0.14404912723726387,1.3154587932474986,-1.5531622947510653,2.056170449955387,0.796576271431494,1.7311397415708503,0.20323083489070004,-1.0309751283295112,-1.4722145691439115,2.445172496633803,0.5760926384516329,0.08998876791292361,1.429966068101658,0.13521637953882681,0.759616001600554,0.23449686388478183,-1.3616004346738408,2.9134668174551086,2.340345540322426,0.2942525142829022,-2.891546917749438,2.2680168497756,0.2516070017334546,0.6346191996875377,-2.6666375831639355,-0.7369550619477361,-1.8679078894918462,0.4912581587880872,0.8589294905517734,-0.39524991836231016,1.0027180289067854,0.7798273988890301,1.0503257093159988,-1.5542014242428146,1.2554008365503313,1.5335358814006113,2.210636962251053,-0.8658843782515715,-1.2190446332420344,2.3254715578081804,-0.6002264967469213,-0.5465290801469007,0.484493572584034,0.2581210243607073,0.7246046087750112,2.497874780226325,1.2111855590517835,0.07549154179909151,2.3084314843751663,0.21986288034976553,2.014478412190487,-1.106507494338353,-0.8141274153206913
-2.68785346188758e-16,0.2816482182466149,0.35600910976158817,0.3283087897371705,0.19726730758070368,-0.17233663777165745,0.6323275813864598,1.8155752857856395,0.7884953857530023,0.9709506501848599,-0.0035214022717707082,0.42514251132366737,-1.2631513922472695,-0.5218129051152975,-0.4442523299391796,1.3716888963390605,-0.3351926274283282,-0.520425164834567,0.33968662394383076,0.6766065547833721,-0.07209856349823299,-0.10249062718034374,0.683805081059302,-1.2857078102933666,0.7041241971546818,0.17158257933690027,2.0212144543184136,-0.06552653271165212,0.9625254021033487,1.3696563375769337,-0.2571447495553675,1.173908501030245,-0.11549691344489584,1.3346051296272763,-0.7916940295792246,-0.880785363686821,1.862834769941202,-1.2300960399133682,0.9365182705231357,0.4305606737563563,0.14364626660299779,2.0803456930482938,2.6159588927830173,1.5423492467089448,-0.3167964099330459,1.9152779941802258,0.8071588610594197,0.7540571321259187,-1.777635424249214,-0.9195631459842588,-0.8324839985198702,0.8870745507605738,-0.2660549613417294,0.43120202089165177,-0.552541535424949,-1.953068547545265,0.02722150701998192,-0.48704712449938636,0.3542742492051685,-0.9258311768623995,0.2579015279112191,-0.3867101887903158,-0.7003463768199663,-0.2129666511524272,-0.20579195612986556,1.459141058954359,0.8193991005567646,-0.10726949067647285,0.6602972512998722,0.09878961387358048,-1.3033392198570342,-1.1138904291601377,-0.18208334571146054,0.11235772778333275,-0.6985862575128307,-0.7154940920483573,-1.0670161538779164,1.7047276479798308,1.8672070530999958,1.0945551692276227,0.7817677750164642,2.079122790175862,-0.26294944958506433,2.469599682323186,1.5773044745734055,0.5723979826099459,-0.2516943847872764,-0.5292165888274881,-1.389936066285043,-0.408980182268025,0.485509728639272,-0.18364811456386854,1.4249205513098884,2.7582627523255443
-2.68785346188758e-16,-0.20531308407843202,0.6923623684356757,-0.3125053370830408,0.7057020265360728,-1.6995037311238057,0.3643299558596961,0.4131455444258325,-0.270774179563384,-0.3962762233012379,0.9428788572127508,0.03268516923466201,0.8037369436559569,-0.27904150592538357,-0.8554707859750369,-1.4570194544316566,-0.06878514224479831,-1.1987594665994539,-1.2186775681364599,0.04879261082008274,0.0988348881879605,0.9726023028356382,0.9527340347758801,-0.7461507499534292,0.03367954684176708,-1.5887756773671458,0.6123042984946816,0.38663302249325127,0.18304292513606624,0.4136608933347245,0.07125000420731165,-1.0321739962033476,0.6793752712766563,0.2783284014364047,0.313939948442684,-0.32005661891645104,1.4244712036968843,0.32652280421260516,0.30991170357420306,1.305167650436783,0.6975992259562449,0.6114998122384635,-0.2103030089006066,1.4608975436661682,0.22343610852125695,0.34199374218227074,-0.14209622550732814,0.937151037785961,-0.3594603103263212,-0.9436017495118697,-0.8757640806811471,-0.6084178030187659,-1.3055340309363888,0.14407993409399106,1.1436968382858401,-0.8295613099927839,1.1460982212875506,-1.5364764686189738,-0.6902860741204265,-1.9319575332941104,-1.1426864982406402,0.3836536354436675,0.09032967600075992,-0.8411853676978831,2.2468780792433978,-2.737100781493287,-0.627998045386382,-1.5281962528520197,0.8640472597039928,-0.30014275650967737,0.8386566375332796,1.2182697221065188,1.2673519350339821,-0.19110944761405124,0.36818701993134,-1.056476243525462,1.0812923442185267,0.6731614770365232,0.40986444172218506,1.0007422345332497,-0.25847407737086825,-1.1640328529701571,-0.016108367884283607,1.2494322299006084,0.6142188824450971,-0.5253404357667801,0.4207004968698632,-0.19184416983580363,0.28811559933390474,-0.19543464760541934,-0.4415164491655283,-0.19532177189738478,-0.8890860767389925,0.20044641817626746
-2.68785346188758e-16,-0.005117821639981961,-0.9714565509275973,0.019889986365018708,-0.30803338873330965,0.4471692707440976,-0.8856631900724913,1.8273271154927375,-1.8247221347399,-0.19056718697095365,0.6618033316589227,-1.5175134243690507,0.40119458248624296,0.0577827203893119,-0.6735739746906988,0.5222579814050957,0.2814198498216778,-0.21872108952748187,-0.17466487570991418,-0.8415408531192425,0.38376958999513,0.21212121370289233,-0.3978295684986123,-0.21173338922585505,1.2285073369991975,1.0649502433268736,0.1586725701325955,1.187897230615888,-0.03171698945871848,-0.9508208289256962,0.6909905315072726,-1.1485892840664829,-0.3772707197090964,0.34742407976896084,-0.34745844158222755,1.5115554543301943,1.4962393724797134,0.28375725978808947,0.8716033673134699,0.9027739004021342,1.3710279424196354,0.844632614364347,1.2318768923393995,-0.2586842300331986,-0.0011175431200241698,-0.41737648699465774,-0.7771119093611649,0.48803924662439513,-1.1286315457133145,0.02177854921455745,-0.7634764333269066,-0.6389064734362411,-0.6452037172960928,-0.5129269995785595,0.9221955965638945,0.9836632637709376,0.3495144970032861,1.7255978221609412,0.11375980007369957,0.1991012803074672,0.16298856793373412,0.6332227016596159,2.240470756431294,1.4808683044119644,1.8823473964102029,1.0969964994967882,0.12241522073536462,2.255157819581188,0.8229609881413523,-0.10639112517531013,-2.520440931178619,-0.516714782409647,0.05932640258841382,-0.05560953919747713,-0.5603305451051029,-0.6150955020275615,2.8995682340879183,1.5719659322023372,1.1513572471177917,0.41679423881328204,0.42674080942945714,2.342162805508895,0.1716844138129507,1.7151235516124954,2.802831419650911,0.39487861685364223,-0.3692621653395332,0.1990717957298228,-1.4779177386158473,-0.6147136647476567,0.20831159463283727,1.4820333991918322,1.1338014000848111,2.043275663676361
-2.68785346188758e-16,0.32190648721592,1.6327650647342127,0.5097186552946844,0.38097642864981673,-0.19374324690205058,-0.004799619581578794,-2.3341656799993964,-0.32955304552415843,-0.03896872394170546,-1.8057866749247433,-0.48881472093709477,-0.2742833240334448,-0.5619106261679687,-1.480500310589669,-0.6717884921788728,-0.7798517858908286,-0.40534230241526187,-0.7240816752375995,0.337829574603026,-0.7091598125923093,-1.7600470932842212,-0.6196135608330853,1.326848056669234,-0.18819738467140618,-0.09974147547441825,-2.4970288555684146,-0.2910749733681618,0.344011484755286,1.6715364749117565,2.396125367319521,0.9615125023158797,1.415320787361061,2.1263421530799422,1.783323968432029,1.3859710112744874,0.19827918741313993,1.8775709235248805,1.669670293106683,0.08501942761136577,0.6823559961946175,0.6631303538166153,1.2676336080501978,1.3937840652776174,-1.573967144839387,-0.7578142696533398,-0.5109264299019186,1.8662479099928035,-0.011262912686707496,0.7335261818642257,-0.5717274856129624,-0.461296561005626,-0.33902677913241275,0.5344326837373551,-0.47125262942453133,-1.2727457372525288,0.004552581398758151,0.3745137599678129,-1.368537947092103,-0.6445225867982924,-0.12526287713275558,0.3090016082679388,-0.6718864511287603,-0.8476310911593326,1.4798996687646393,-1.3125204738749257,0.5151735747857047,-0.06892023847660123,1.4165057334433342,0.8685169894640211,-0.24055795252773982,0.6215352422497972,0.8538746986566736,1.30242653033629,0.7916084442584634,-0.23693067519642347,0.6829774741236969,-1.187930989634089,0.5625528372831343,0.002269672551209037,-0.9108397511315346,0.6526577933969833,0.13817624321911703,0.09872972582166994,-0.19859765557948605,-0.26853506315045955,-1.1561060273609693,0.6651912531091292,-0.7001933624486706,-0.5405760559439298,1.3755824852228102,-1.1661159804284873,-0.02139660559253731,0.5496431686003149
-2.68785346188758e-16,-0.5785583230030139,-0.3508943164121403,0.5866019389115134,1.4371278547979807,-0.5846520734452831,0.31368781058152756,-0.2804687060851126,0.7645150352203609,0.8675894065728084,-0.587103474425964,-0.03160504949876297,-0.6467109571746279,1.6638015360094118,-0.6594812938680705,-0.5028527231190665,0.2536827601118269,-0.6287059543710635,-0.25240107719477145,0.7402589016693563,0.7402473983875286,0.14702535577559867,1.1080489916078466,-0.27394102464243875,-0.41629065527329434,0.5622995830840396,0.32549194194631065,-0.10488285081024673,-0.2873037944390419,1.0918429482726733,-0.04182830205633403,1.1006452819617638,0.7635198350605946,0.5242391388184852,1.2762704264275055,-0.17731795020388896,1.003964252702429,1.1381107208993861,1.621188480808896,0.8507903605653577,-0.42913896118489414,0.2299390119261182,0.5376946395298627,-0.852095329272146,-0.9346295114371564,1.0674785880230357,-3.016568054269815,-0.6428966424475911,-0.851042801136153,-0.2805264358630184,1.0679797673418068,0.5528072364798926,0.3541349011133831,1.050427388791619,-1.026153791094633,1.691884992361092,0.5966335225388381,1.881907261637536,1.8567518331398447,0.24069335756649823,-1.4609624856420396,0.9178781405370298,1.9362873938477045,0.8445183962576275,-0.696907254582901,-1.7415732673924602,-0.07309330377255122,-1.3420129533445566,-0.9385386407777992,0.8444322693956208,0.2033160206314687,0.0014143866603990585,0.06072318375484155,0.07451268971599567,-0.927029562763413,-1.4087437125976865,-1.9805521945877005,-2.447431206216237,-2.644191359036346,1.7272487644534251,1.6673700696772713,-3.0361153591538446,0.5001887353529231,-2.6814951912274374,-0.9292961950034451,0.20133871210142887,-0.9688388959279725,-0.7648344917544286,-0.3438991613653631,-0.5004347224487316,-0.3410325862657141,-0.2621144436479136,1.4578334625001923,-1.448791869776565
-2.68785346188758e-16,-0.3578671898719663,0.9061410555527313,-1.1840374852875968,-0.37879212956584424,1.9932801738060681,0.2704219167404463,-0.07648346377974824,0.48890567740993807,-0.9015616534662579,0.2454811727465161,2.473709619899291,0.8321997855121659,-1.617686824701699,0.08634675510128187,-0.9008476795502018,-1.5152574765107159,-1.035697232013352,-1.6500124818313502,-0.3761468039371718,-0.6141790012869857,-0.6660479876637977,0.7609394598481003,0.34203831021603687,-1.3502787369458127,-0.3082138613594722,-1.0781192944283664,-0.061749980181210244,1.7301297575765457,1.7383742177135615,0.7605279659227242,1.3871697580916151,1.144140721054251,0.712876194523181,-0.3014803907061825,1.4252704699715455,-0.39626722845078155,-0.6750076110759898,-0.45716136626846493,-0.8161809110083493,1.4369059203938372,1.9583827718150109,-0.5960722882875938,-0.6976098550421437,-0.7221310615937191,1.1876773017565752,-0.5260780405296195,0.8766722605141583,1.3557568221978673,-0.6248810482575912,0.6228055259611507,-0.47303499155220907,0.6489749873058893,0.30707288250461834,0.9932726600704354,-0.6264444714878572,-0.3543795843643624,-0.19609337013351802,-0.7455727183270511,0.6825471031949477,-1.296916305852815,-0.7694445505478801,0.9203519884419246,0.7364869478055042,1.3729176953892896,0.5668911794210199,1.1328416502878158,1.8913424462847113,0.6232212594153597,1.18158384526993,0.04894629559328956,0.30774993575065634,-0.5667036887031675,0.8380567294907261,-0.8445944498500768,-0.4615405697806511,-0.10967616663901708,-1.3912780587091136,0.12896387462876102,0.5601747543166455,0.7544302971888944,0.4179912913973356,-0.8528124564050082,0.23052033381417042,-0.08574571829370148,-0.12815943931601975,-0.6454214917076418,-0.35717123044659554,1.16734740792424,-1.2350306531070314,0.9609964517997096,-0.6696741119948001,1.142799133777938,-0.3948385199735227
-2.68785346188758e-16,-0.32462408094653766,1.5340675350605508,-0.22870630356655797,0.22873077985488477,-1.5920968736736438,1.5930666434547673,-2.287649463733817,0.7221784862950547,0.3715890946105955,0.21314486124240695,1.887068521002529,1.981462161669224,-0.3454379182280014,0.2959713356159298,-1.3617567905312602,-1.7295591290832697,-2.678532618117554,-3.549372291841633,-1.7746352035139892,0.1578340445945501,-0.8630740079511924,-1.7816452183032345,0.5140886948680364,-1.6881773585016249,-2.059879426157698,-1.50238219921089,-0.710931234739667,2.487871154666433,1.525844238682039,-0.2683912146124481,-2.5728914094947757,-0.728848066660758,0.5665771816411379,0.7363383540568686,-2.5421652136253683,-3.6175923267523853,-1.816018778536122,1.2309955426205959,-1.5402502168886931,0.35478075508793855,-1.4870699042610989,-1.4259607393337757,-1.001869306705908,1.7811119083744118,-0.7290672635375139,1.040693160248602,1.5221507882259053,-0.47587871210466876,0.3150153905416244,0.07945254753122688,-3.219194166021628,0.4825768891338856,0.613912562829098,0.35490344903969073,1.48493829508707,1.1407916495772374,0.4615556969258203,0.05133107440836043,0.18141650905205275,-1.2842135530635965,0.4621153027124394,2.9765052868214883,1.658004108398175,0.5570756328826991,1.876097881400855,0.9830473958720991,1.4211637610482584,-1.2524675125557985,0.4454412059612567,-0.00909947269133693,1.7837131602325207,2.7674558319493974,-1.9673209505537708,0.08799301252619887,-0.3090159701872251,-1.5007641884573346,-0.4145381116859149,-1.8126965211399033,0.42756870498828503,0.9690270248530559,-1.3049334096536247,0.18735834864467474,-1.5513278241156088,-1.5617388604339189,0.36797292371953694,0.9786795161095121,0.7429913465223441,-1.492715449739527,-0.4348674711478613,-1.2867493304464341,-1.1740619907390486,-2.5032317686131877,-2.0074214139653104
-2.68785346188758e-16,-0.22254505083722445,0.1825982999312371,-0.3567589290105949,1.3478722659217572,-0.48083145694780005,0.9724045162494788,-0.12455910771718703,-0.2847978807585502,-0.7927200256942117,0.324011799717758,-0.09705871727150725,-0.7141725801537531,-0.6097821486871061,1.448059861060436,-0.31291805115042015,-0.6077333646556718,0.36744558412648276,-1.5567300698293896,-1.5049114522559273,-0.1422444959482034,0.9358136825461849,-0.02397348964120183,0.9896788683062203,-0.020831093915769705,0.030966417257227763,-1.1969134993961776,-0.05471848539976221,1.3551906344036653,0.9564336578637431,-1.350494678696167,0.6835865404242232,0.5207701729088494,0.8079811035814062,1.0225670149313146,-1.3157832452229117,-1.1030692760549157,0.09737107656363723,1.4289285479447549,-0.8847264832781578,1.1129013317291205,-0.24782323997578803,-0.274711634375028,-2.087394513882267,-0.023525134892458943,0.278800734445761,1.3258970040497464,-1.2780952292122376,-0.21182470134172987,0.9513526175573164,2.027373315484779,-1.3442502960515195,-1.4562909812394902,-0.22014989915947025,0.018759268165832992,1.1552981706186787,-1.5479332936523074,1.2595347923416431,0.2613024452121723,0.5579859778499454,-1.0380998097554317,-0.6215557268446064,1.6769419886485395,0.4949194961303937,1.3169113123577079,0.8284079272248226,-1.3255673224089073,-0.2836234477199316,0.156222174941903,-0.17988422836627269,1.6286070600706917,0.7657175695002123,0.06903695030364526,-2.0489985301729985,-1.0843156621976324,0.6726840833480481,1.173103614963657,-0.04555957119424078,-0.8175417667046726,0.34212985602663304,0.40354265166186665,-0.07637407091498728,-0.14521149812666737,0.14117412529703222,-0.9691985157648262,-0.1296813317406702,0.020445674532140606,-0.04455804413295577,-0.0573742970655968,-0.6743313852618159,0.6483336639436738,0.5313492270269923,-0.23408159226660635,0.9410305481113512
-2.68785346188758e-16,0.11834398014444164,2.2183706016327145,-0.005342998285026601,2.2462588405556594,-2.175489412774981,1.569455307653274,-1.018436528814917,2.4401080937138238,-1.2014135378195459,0.5397222917572831,4.050616139511865,1.7737147694472535,-0.6344965745000407,0.8741103928141708,0.08740950109053956,-1.7475948191991977,-1.398213818276131,-0.8249623554949941,-1.2601063748041745,0.08791775816532683,-0.2949330553555997,-3.1900043103744435,0.14666364172270127,-1.8043777620894497,-1.325522449200537,-1.7735366378254893,-0.17906905655067676,2.484023662449265,0.08481960205712069,-0.16271195943974356,-0.8305190805995444,0.3227633622327522,-2.4590112672831155,-0.2152815985806802,-1.2097672509014132,-3.399739694489441,-1.0518644177409877,1.3693724119003456,-0.4252484639359892,0.3864555552583259,-0.001043493727738598,-1.775182474516331,-3.139560323499901,0.2089242728665286,1.0680100263619128,2.2232108284441656,1.7940092383917845,-0.39776847883437755,-0.690256567874361,0.7024262085473789,-2.0443466719065544,0.5580744185377985,0.9822411093870861,-0.46988334205195065,1.5548968770498472,-1.9863457592799745,1.9590719983964675,2.618493011568183,1.56417740168707,-0.8061116959224277,1.8105005053124104,1.9822920703706697,2.400253718660764,0.7813232800827086,1.3289640231737616,0.3826467643602583,1.0934805026591983,-0.9292926163755119,-0.14663067933511623,1.3757635607177277,1.1061916674816892,3.3451852848524846,-1.3887783210135811,-1.1178577265425453,0.1400260640109912,-3.775195390058099,-0.5192344001774072,-2.3801802207722957,0.05477421665072027,3.5105957906447633,-1.7547478360490607,-0.08168723702610235,-2.27181720451904,-2.1300346152120975,-0.37410511939188806,-0.08177312384637159,0.5101551018004157,0.7687154087660117,0.9531358531618346,-0.7638714388414756,-1.6627544889019947,0.27789632057751057,-1.2546869871226942
-2.68785346188758e-16,-0.0770158912376569,1.509523963865685,-0.42088044796162605,-0.41010596679361006,1.6180778089747072,0.9655951698895463,0.8970557704553458,2.2096905643056353,-0.3023669183540747,0.20030686431060027,0.483179003672773,2.4228339700561086,-0.9552930682288392,3.3401870375480796,0.687996177301418,-0.6118018143576625,-0.5896112056096369,-2.1525742770845664,-1.0065898081471307,-0.08668074070183221,-0.9892221447141543,-1.5216818194091188,-0.7448015196553321,-1.058581648993747,-2.228742185089845,-0.9129804907779965,-0.567680759668442,2.5488398233650624,0.8189692442886778,0.9338866919997285,-2.7245031582115296,0.5253012952372205,0.2991911873955513,-0.03180988697551679,-0.3885846901577576,-3.458934586026847,-2.2477791116510257,0.8478669843754105,-0.6498392707858731,1.3485324557498863,0.012353792796152008,-0.9910697140302994,-1.9084506100161491,-0.3669334383203169,1.4492999893666514,2.227514025335069,1.5804344394480117,0.6822574634999975,-1.348510510583882,0.5323509020302203,-0.413330320171501,1.04675258730474,-1.7798425036356749,-1.9008190043129594,-0.6697026560191082,1.1863475861371515,0.38646408651283537,-2.1467831578962437,-1.059966413590981,-0.4879513266630577,-0.45855303599163877,-0.15751683408380987,-1.4201726811398987,0.8248996761101139,0.5469055729155703,2.1884779138485153,1.8973630759584652,0.37568001064769185,-0.42693180130020764,-0.2033559884629974,0.7421417278973592,2.201800007712053,-0.25546756065200954,1.1498159595506565,-0.6105697152911732,0.29136173114209585,0.012807188046588286,0.6743923323742395,1.6474544760449759,-1.8766262386533552,0.8966666434793935,-0.4930508832681898,-1.7067134247494324,0.6767876695813485,0.073629711489287,-0.29791455397288386,0.6393138973148078,-0.895536962899162,-0.6513809160581933,-0.297588475227134,-0.6877632851418861,-1.6034444010244873,0.20119833241336288
-2.68785346188758e-16,0.28796798360886555,0.8691997743967292,-1.2426454826130162,-1.4898818477700664,0.9248682404481479,0.051339552374345454,0.025384815247044723,0.6395346410412623,-0.4014941953529906,-0.5549054316014463,1.366537661414978,0.15050368099995365,-1.5988428535374197,0.11688654719379458,-0.8331402411031789,-0.46900118576931626,-0.5921807834417097,0.23046888420856237,-2.3107015523817918,-0.791093656097336,-0.7349608222561616,-0.31276645111098095,0.1519544761225193,-1.5779165867206881,-0.3727765785150914,-2.311279289498228,0.4891633763425821,2.068540709497395,0.7696810298902944,1.6659174815577347,1.0996759881622211,1.60844483314842,1.2605031374917621,0.8321730135257178,-1.0456927628400976,-0.8016627144287038,-1.8088159325889177,-0.512410007273691,-1.5373352327027274,1.1030299559223335,0.13911678081970613,-0.8424860376209732,1.8949458030980066,0.6475548228414404,1.7421724140184298,1.3761090711632704,0.9629659481221476,-0.001606537563732302,0.00019175922636985605,0.8599811649607387,-0.7112523061230855,-0.13016020549088567,-0.22197747050849795,-0.35765802076338754,-1.409391299416641,-1.0225112264510405,-1.1361293017545855,-1.8794970894460445,-0.8348414278414051,0.08932097864393794,-1.6314255763922474,-0.3116139821870878,0.6038282422057754,0.46214864827736674,2.737295185873102,0.7299510753742968,1.812548568242951,0.6624225298381397,-0.08837936477113145,-0.48330094655436606,0.3581049463041637,1.1116405729320376,-0.12069972868394385,-1.0202843683120666,-1.2809477221122867,-1.4914473919462994,-1.3817161662419877,-1.2088185797824351,2.605945431161527,-0.6151406496919885,0.1836075271740778,-0.37374744290387485,-1.2211889499199615,1.7623287170920778,0.02927638409371292,-2.0450689781071123,0.7639057566695064,-1.136192229832146,-0.29250793898955063,1.0531284876184919,-0.7242126788042195,0.5059698734991364,-0.972261581207021
-2.68785346188758e-16,-0.267008994619437,0.2937003132587689,-0.28058486660177173,1.874368757359485,-1.611365993482936,0.30402432130005624,-1.2237459575831704,0.12350048547843437,0.7852712073926611,-0.53654290986557,-0.7286850799949324,0.7302085129134916,0.28337871582222385,0.6473342827872847,-0.29368217527662815,1.0048699025455599,0.1952940773157953,-0.019119653046922522,-0.48078923111640626,-0.2791451814622668,1.2169375235906201,-0.986301887741673,-0.8635693407654517,0.7915390707325045,-0.3895444352489887,0.4233709784313607,0.306032789430162,-0.22605951003374397,-3.117483265111277,-0.8803937906713195,1.098604762795321,0.09838310475733175,-0.24377632434705843,2.6639156870054634,-0.18752111526006332,-0.7069820677282879,1.4250492913528767,1.44271563728351,0.11580513960830341,-2.258058223928759,-0.5284965052529084,0.905374218784104,-0.1559059880323731,0.15957647495540217,-0.43587523406297685,0.822632221692181,0.34450281511085834,-0.16585884570365683,0.7445789386913554,-1.966152682988446,-1.1825301159975883,-0.4379884974879098,-0.442910118434057,0.5432330045198462,0.4696461852794906,0.7046994555039648,1.5480617963730054,-0.5306361596364284,0.12736173902133008,-1.1614582933554176,2.0774355106555586,-1.7389567076502288,-0.5021090951359727,-1.8921873992834852,-0.04772677557748384,-0.7058882050535868,-2.177813021666906,-0.10290216968437071,-0.028111176003124964,1.412125309180541,-0.7532415829160576,-0.8380000926704484,-0.6420033183304381,0.2609329825031985,0.47055564008611217,-0.8841651513489672,-0.2731492319797659,-0.5505040993135037,-1.4917077314971763,1.3896933532896079,0.8209050976289721,-0.6243975402504001,1.8696551715148975,1.4215725454934032,0.3608913430131932,0.524971989385409,0.621751955011082,-0.7889813916735707,0.5985699480423972,-0.7604211159649871,-0.07506273669063121,-2.026389704916632,-1.0193482291083948
-2.68785346188758e-16,-0.3192902875792574,1.108816971786596,-1.7271800230001053,-0.9483861755102115,1.0865241234669374,-0.759533514891989,-1.3918278766722485,-1.2041637230398892,0.14709663671308096,0.5018397762509038,-0.07686228105884108,1.6833972278345346,-1.116896062320805,3.0567447758649564,0.07995428854691423,-1.7360881846610674,-0.09023974017471925,-2.2674202103625323,-1.605972233483973,0.2537200519071512,-1.3506956335754643,-1.8005790831171413,0.933948820170259,-1.9850239453207392,-2.2921531771457366,-0.8260465419821412,-0.39404738392757693,1.8981560479903439,2.531854224855241,0.5353229510084332,-1.9092805145740193,-0.35941760100803927,1.0812357451661174,0.7852932694600718,-1.5483890896727546,-2.085771717029988,-2.4440344017117557,1.189915924986244,-0.15759813733762484,2.962472734297532,0.4965667018246077,-1.092567159631324,1.2073270906159208,0.14178638891121445,2.3540545162961575,1.1065849942619015,0.7628398157847277,1.273670316438085,-0.5385255655705142,1.6134584900209523,-0.5814836558812464,0.03353611817268292,0.9363352057988767,1.2559652010927473,-0.5233504841677223,-0.6817379584089668,-0.3649841318967003,-2.464852483126725,-0.568303273248188,-0.01729785653434679,-1.6809104456892503,1.224824509472751,-0.8842468515840997,2.377826038678535,0.5599322277900658,0.12776192806234232,1.7508582351303366,1.6924807406033686,1.5928506999611451,1.898724357485587,0.5612165987641973,1.699504017252901,0.1736973461418984,-0.16696131784175022,0.1268146519829677,-1.1672354332170571,-1.6909782382337029,-1.2293011155363347,-1.4795038809459347,-2.38546619834167,-1.1998535467654114,0.5444253796766636,-0.20078132936114135,0.023624602026176222,0.3062303997216693,0.11149883239641611,-0.7664259549434964,-0.06297104846105922,-0.4799664604868986,-0.7800900026398482,-0.4754226339301778,-2.071332966733849,0.5948941313551581
-2.68785346188758e-16,-0.001854537817425584,0.0017340274915320641,0.8863125340039311,0.8277793246745786,-0.3898646338223317,0.3200985409703118,-1.3748624945031052,-0.7420247401268268,-1.201354468896892,1.4074466845846487,0.29999666680105486,-0.6245975306737463,0.7129844994422472,0.004151918543978006,0.5340218682859817,1.2118373931813586,0.5547378418300544,2.0777257483970892,0.3558839248139782,-0.18614256367356566,-0.08852628535145626,1.2964475748606097,0.5938297155489333,0.35969390423370146,-0.07008378598156945,-0.2315036356532958,0.46106258823570073,-1.2279560789309243,-1.6240408204477477,-0.8896674901071862,1.524372436491451,-0.31747445190543133,0.9393225508952388,-0.45790251423616474,-0.3772839864821707,0.9427351712755796,0.5449763842195514,0.14466243870954415,-0.44289958812233,-1.417873168583283,-0.37814908068113706,-0.3653240361543538,1.3175061774870618,1.3244008496988873,-0.5045173967443143,0.11019427801645237,-1.0926671526851561,-0.5899120436176769,0.8300436641573377,-0.5108487200901033,-0.4580987221380849,-0.49938591810998123,-0.9141534136431879,0.734305973907476,0.1455787812924899,-1.1235831175689222,-1.1465773387451483,0.300036916384709,-0.3902561952971783,-0.9574779298710797,0.24173902285868545,0.33851361926011697,-1.0999792711385328,-2.0067211696826233,-1.0506006594594273,-1.6226253884895119,-0.5661144914565912,-1.168250079478429,-0.3235908450542712,1.3976276936642813,-1.6076063170777957,-0.8529646490445054,-1.0120525678386343,0.19477428814410203,-1.1213721163878332,-1.0643766146693892,-0.8883785939771188,-0.4285020888590504,0.11367307835864959,-0.7342690480041052,-0.8823451507160365,-0.003775134907644327,0.42134812459501636,1.8663782475007729,0.09079606351016277,1.60567869419791,0.1398697778220468,0.1466890008502882,1.2181732283791904,-1.8245326483546442,-0.09161837775330223,-2.5749574220591036,-0.933472773534705
-2.68785346188758e-16,-0.7382227204985434,1.9524139548505532,-2.143991880833908,-0.47208558869325157,0.8571692338908123,-0.20582822823879388,1.430218138368959,-0.287563457508402,-0.16575072241986766,-0.22458591907835823,1.6454986993695842,1.9665688364523595,-1.5612246039895004,2.5122103204017447,0.20366042457860706,-1.5775651332144394,-1.3969711467401722,-1.3748038489379744,-1.2833716580131536,0.6861976086537424,-0.918539197654873,-1.5891928846036416,-1.3574223120929136,-0.3753626220882723,-1.055790351613046,0.500025005594609,-0.7933503674377421,2.6081512788067904,1.4911039551359897,1.19265017785711,-1.8875754983405386,0.1634575971112593,1.6469977969733745,1.5168165371772035,0.7120333671933254,-1.3217641827906743,-1.1505157720807568,0.3835801405311966,-1.1607268931506882,2.1575409292506795,1.92441459865306,-1.3547791928089354,0.7859321430402375,0.44012830566895067,0.6997188732375199,4.105425348487148,2.5143519166948143,1.2538226579768383,0.20325866075059948,-0.07157287493501929,-1.7925218416898983,1.5128947879294001,-1.0037504581194348,-0.2782021910487193,-1.7110885656147081,-0.4026008058617032,-0.8148071195865205,-0.799439136058406,0.4284789525406375,1.9736293002850078,-0.4915730412906625,0.9987801158163467,0.5506539330440183,0.24463259713513197,1.9410956769680408,1.2254066364291434,0.8402165540603409,1.0957898979103342,-1.603017036748174,-0.8033637872860304,0.7659523178737158,1.3263557839998914,-0.24166509987279022,0.3773248806315227,1.915993109567801,-1.2433823912444986,-0.33636827753793075,1.2002802022295902,-0.20737999491336212,-0.6254867456744547,1.4965273801706085,-0.08171352145717935,-0.513688278973128,0.08299857442342495,0.004209685631174085,-0.8818529971293427,0.5668820600412359,0.7607302571705838,0.5585942550210349,-0.8084713881161785,-0.4734155038689987,0.05767606609414455,1.193644712631425
-2.68785346188758e-16,-0.9718999835884216,1.9207821710446766,-0.5660192517720021,-0.5824252308796259,0.34041557972086556,-0.1901403989400882,0.8830620398022448,3.3712941268412795,-0.2387809855279504,0.4698168872714938,3.4674102630269124,0.3203585495145629,-0.8715858836248714,1.9775744280740892,1.7915360327161873,-1.2170238994783926,-1.5616713011326238,-1.2283995766771552,-1.3958978465070815,-0.8624814115884766,0.3759363734670471,-2.21843125656663,0.7668220108902207,-2.3831067447954397,-0.5748214040980505,-1.2936005785309679,-1.9589347098453158,0.5618871366634091,2.023001917805183,0.17922659492487214,-0.746973686557694,1.3185262781480418,1.2440038327792728,0.7616396795863305,-2.429427305711261,-2.2896684751182,-1.3696305376501123,0.934895641493815,-1.6985723271247932,0.7626820188486066,0.22467653007973884,-0.7813380340567946,-0.6576287959864944,0.959018004510163,0.7107077155487234,1.647201393850862,2.897505370790708,-0.6648486927111801,-0.688732101867781,2.6551938025352193,-1.3663479022352243,0.9041339914991771,-0.6151869038175873,0.6029179940972778,-0.19175369262943873,-0.7654625567426451,-0.2463455594266052,-0.6645961365244766,-0.47903503479463194,-1.3582591072279497,0.7882060173740815,-0.032169266357136905,1.0520619522003394,-0.031184692219189097,0.6859769888777745,0.5954090899996719,-0.2408776201489785,-1.7578316549064952,1.1021293677120692,1.0292514220117435,0.8636884805979967,0.8239982126468585,-0.9433784350971328,-0.13432554436112934,-1.4957134388342939,-1.977719610954228,-2.6862488705258056,-2.937424695601438,0.7487272315870812,0.002113081734734174,-2.3958460148387575,-0.13573607040963082,-3.4561753038170897,-2.253954932589721,-0.5132052780531686,-2.534709178798791,0.23489292825218058,-1.2841560543271988,-0.8715372656868632,-0.2977909571587217,-1.6463599745131583,4.496562029319753,-1.4167576411814875
-2.68785346188758e-16,-0.507471329200807,1.1911141165037642,-1.6724941562354498,-1.5718345544044143,0.19385691769431737,1.3050341997810584,0.31949231244724663,0.013575266647316675,-0.7665149882190726,0.915586780243833,0.19689767509195083,1.620795316242566,0.2801316063124324,-0.598235993216093,0.11650937861888062,-0.45253180517294656,-1.1877418413259988,-0.7265109288378541,-0.29293002341231017,-0.2568708769453579,-0.18247968650013457,-0.6251862193129822,-1.5042475300262002,0.7980524659560356,-0.1371102555388244,-1.0764580817385474,0.02649625776146885,1.4712441286345928,0.2112590216296265,2.519710183129872,0.254002624680692,0.3521849398840601,0.858435021480893,1.0751570590168016,0.5753127425566276,1.4261588587195246,-1.711430863040519,-0.08493726909759441,-1.2422739540380525,1.7782823241527388,0.9713992147578315,-0.13098350051507474,0.6789212780310335,-0.9678201951422551,1.4819725377663175,0.7077813593390815,1.3290544849975219,-0.03730244594801613,-0.07411670560732168,-0.042600573536707056,-1.0041976504710155,-0.8963155581053078,-0.1782246350084461,0.7829406547027803,-1.1411946979398202,0.8073438297321044,-0.019776522714003875,-0.9707471496669318,1.6615661546163956,0.5008715273841313,-0.6305660264566253,0.4974161754096535,-1.1501103705285045,0.22890377827815667,0.29613442520139205,-0.1234837873274327,-0.13996785416602175,2.061208878775488,0.3981134621323037,-0.09818231013097119,1.1703040835939906,-0.3587816044086569,0.6939636698645233,0.8419213619469053,0.8829873123273807,2.3846841381795048,-0.2554291381845114,0.25857033771323745,-0.7315969508764764,-1.4921856731184668,-0.33022621950800524,0.11116195646112928,0.6842648739226735,0.9164145556880875,-0.2386776539354578,-0.9748653146239498,0.6420026218447056,0.5273322701183257,-1.8157683253808066,-0.817051814227667,0.19156227273172055,-0.3143825246955405,1.8175310203011312
-2.68785346188758e-16,-0.266662578582106,1.771308966387504,-0.6113234000663867,-0.18659993024583957,-1.1601379692762444,0.6259887984847284,0.26653762660454605,2.281931677477664,-0.46952710891800836,0.03688347378496632,0.8252354979488901,1.4896128869534264,-0.914435233459739,1.0776813728814008,0.17169431448172073,-1.3872846546501658,-0.08567090306548908,-1.7955074665020945,-2.295280552088911,-0.06998828044244781,-0.6356056806536408,-0.8765153003346086,-0.19157850903144774,-1.3248935146041423,-1.1759582056583584,-0.15849255681238095,-0.6805552387526225,2.2122970027681266,1.590450593477411,-0.09754343084400396,-0.79241273854397,0.7579111424429799,0.9058124958647502,2.7474520534498073,-0.812986092668937,-1.9078577454242043,-0.9511847254063357,0.5763194412101431,0.41676747840208783,1.450286503889563,0.16287825912930526,-0.6228896053551907,0.17710268809286636,1.610165340043336,1.0998834226560283,2.2542359526434073,2.777407942520334,0.8251654538244484,-0.2369339807365861,1.4766245611211066,-1.0895653290423724,0.7646310071122442,0.21301941550761322,-0.8928572813816591,-0.6363287098807873,-0.4975738319186759,0.5392876993202586,-2.0714828332767405,-0.11596564114412393,-0.39829176491362606,1.3714694276814343,0.31602644472182956,1.934903197806822,-0.06318912676254262,0.534715639700259,1.047548241311139,-0.5396440569209584,0.6086251663595419,-0.545609027629126,0.17314100720346046,1.0614958889429915,0.10671349730629376,-1.5005360258504994,-1.2672600995318422,0.8882494326021305,-2.4928612574713647,-2.2557867835891234,0.21557175429863995,-0.027395808868208027,-0.5482927547907399,-0.6474002653992457,-0.5268717910454999,-2.076862229045823,-0.774036188122462,-0.2805273274362263,-2.1572720268553374,-0.47638840875961896,-0.5732623607755913,-0.4842754605182627,-1.4356361545411838,-1.5703939404696943,-1.5103525858894193,-1.2013532757712677
-2.68785346188758e-16,0.06287975931756773,-3.3087335973782626,0.8149868648992697,-0.5667943401193903,1.2646915172821138,-0.5500898397356229,0.8508306083529815,-2.838945808990325,-0.2482113809852603,-1.0855004836491229,0.2053015688358495,-1.2081914044230255,2.2718645678102747,-1.1812129454975244,0.22892571812104612,2.390802374534761,2.3857189606778846,1.807903413051266,-0.7636547046493539,-0.6496649515914835,2.3241124838992526,0.16024202672294754,0.7364639650005806,0.3381696313216367,0.45609644235838587,2.320822413057123,-0.474020676945577,-1.9228876565252637,-0.8685177096369527,-0.6992497939048866,0.036077266522371865,-3.099937604828552,0.17125993210220264,-4.459610522790088,-0.5720932355775579,-1.1967705492587963,0.6671971732238275,-3.8180338913595877,1.1043847027497167,0.16009117143245374,0.3223715796851778,0.8141248329704044,1.3616007765068394,2.5675884617535645,0.048014713949545595,-0.36985408377395035,0.5104256622898441,-1.2522786521290332,-1.1763073687725707,-1.402279538597821,-0.294213213135457,0.3039490929355169,-0.2807344714344996,0.6435562005385452,1.0820109321379157,-2.278825178104985,-0.5069987704667,2.2279890893406535,1.6581195042679742,-3.0410129254074727,1.0711132887054713,0.46345044984532824,2.5727725249541047,-2.5462039643241146,1.6957248896450419,-2.020939742043833,-0.5309786720387031,-2.885792666115102,-0.13043881220870981,0.11204057659282453,-1.629228972574003,-1.3423533008269812,0.37946716755281007,-0.9215143138748835,-0.8390397400259568,0.29356805863895374,1.5197287128428154,0.330653597927756,0.3376279978834702,-0.6605224756533592,2.905569263499028,0.33403806083116544,-0.15451757567478097,-0.5044331044795191,0.3978540247206394,2.122993415554959,1.100187138914553,-1.2826982660741686,0.8065517547854255,1.2548654849253011,2.2101781550921773,2.5993867746616783,1.2419445849906459
-2.68785346188758e-16,-0.8050844043959318,1.8858543457984773,-0.7307766140740123,1.1080431596243931,0.30616962597024816,-0.7946199654103004,0.8132864844146488,0.7930559716685281,0.7963317830634292,0.1940310144361757,0.3418679586690569,0.27845333118143245,0.3077034010042283,1.9317101460009334,1.0393824203700428,-1.0921931837377263,-1.3912770131938372,0.5773975992728688,-0.7088396992387291,-0.4427506739099629,0.0334076696908609,-1.237390065230557,-0.9282013714050728,-0.8017058227776819,-1.4390033607040555,-0.04438636527432582,-0.2580081456000695,2.2922589827447717,0.32767999975745754,1.0253463085703722,-0.17870736772633244,1.2967107458199965,-0.0038669836460289986,-2.3504461995909094,-1.9771689019320522,-0.8765285631404544,-1.0512793487396195,-0.8193049391595918,-0.6964136284760792,-0.11339934504328963,0.3168796672517784,0.3962715994537287,0.3685639078334798,-0.05446240383444756,1.6129011984475703,1.8120128115924592,1.3052899692385531,-0.6884522544762609,-0.2374400240047812,0.3260546381960505,-0.7938142396354189,-0.12908229244519634,-0.3657517220950464,0.6466804915677655,-1.7051034551966588,0.20753600937377428,-0.3713840915465551,-1.7084481581067725,-1.874993445731881,0.2750089818912218,-0.24975037544469614,-0.5918051079464952,1.634614786186089,0.7371115201525897,1.2265978037934349,0.30476885535930964,0.12142726447415775,-0.23111116157853212,-1.3311024797833584,0.8931252857050707,1.1889001611916319,1.8565564026523544,-0.41136346861512274,0.4029048211856468,-1.5138379785404874,-1.3093453036976386,-0.4758830407706327,-0.34093303864289926,0.23032357065524978,0.2906095078982081,-1.5717873466815522,-0.38215202532767745,-0.67844337929198,-0.9466858519544558,0.29923453245471804,-0.5997331794166743,-0.7328157754434339,-2.2859078334296914,-0.7486737970222587,-0.1211952481092251,-1.4356331064309455,-0.07083796531601436,-0.9938949342367985
-2.68785346188758e-16,0.09363644763765594,1.5131747283640749,-2.1156252730063843,-1.6651304834939318,0.41087753531048343,-0.06142391405632473,2.283057439778483,0.837063557368927,0.2391767172270799,0.036734304918587965,0.3209842361955749,1.0719195135710593,-1.0076050359433508,-0.7810533050384282,1.6329724003828436,-0.7613053262878249,-1.6210670618662022,-0.89919563853914,0.28343095713334343,-0.48152649578767925,-0.013045506737650106,-0.062027761103086776,-0.3388797055169671,-0.544077208771657,-0.5596384691819545,-0.24600608879229052,0.12402519940334991,1.2833432331860006,2.1037176923825247,2.7283386205986684,-0.9961806718174924,1.0376673031841792,2.4699356654890323,2.0690941552043727,1.6142767066419756,-0.8002759935243683,-2.1373725754059567,-0.3280587589685132,-2.5575297051151265,0.6163582128998841,1.7606679422282134,-1.4728293591329513,-1.3074552596537061,-0.5266005111036248,1.4295548754824725,-0.22129779122268056,1.0290149747916528,1.3316106712417741,0.8652023129944514,1.1564946752875103,-0.7278268225290107,0.5351882958632601,-0.546379184108942,0.29607153162118804,-0.48160165713670755,0.5285151170448577,-0.47197936205977065,1.2153841711880855,0.8759395358846698,-1.8819932690543069,-0.4740205798212779,0.9132152945637569,-1.1389260927445843,0.7983428908391638,1.246078474239616,1.5631187998956066,1.5599655817900837,1.7778178388099672,0.10964238285227171,-0.4337086436802265,0.7048991231519861,0.540134579358584,0.8471049480858176,-0.35406511375517896,-0.06560140005428491,-1.111523034571935,0.007538439277279707,0.7280160264775671,1.4453695022599937,-1.312245605086902,0.13622297753495305,0.727036206425002,1.1842284146926465,-1.6487460021550868,0.25690837988094534,0.49380940921487104,-0.3870519691873336,0.398113168013216,-0.34417142567699543,-0.8354907981366481,-0.7633115068733147,1.8564751245644602,0.962436293091418
-2.68785346188758e-16,-1.2699181796781387,1.2025673704376834,-0.9597783806957717,-1.448965616248803,-1.7580895748097918,0.9834277235546115,0.8991229353841343,1.3484309075062897,1.020248473781361,-0.7508489774593377,1.8235016669864506,2.4478072507937574,-1.5397711178270175,3.2677956033259643,1.7390184690972323,-1.469373305096119,-1.2701580205893057,-2.2968617379553846,-1.9100050206668402,0.18351120121985348,-2.4637134428386656,-2.6190284715520784,-1.911771719011019,-2.12132692907837,-2.6567316229766247,-1.8583242056957088,0.47909593886491836,2.4544942842723136,2.9676921887331877,0.37007051549850345,-3.3012879966748176,-0.7196884483134558,1.9030025896747769,-0.4101113567261909,-2.1550678075197327,-3.23744524126421,-1.6501535620553711,-0.808979519026565,-0.6495501722069785,0.9277193300831079,1.5658897252092812,-2.3734678111004652,-1.356758627277787,1.3522037779195029,1.544122470792279,3.1051987733671487,4.272223624537862,0.14881511272433967,1.1861442124023927,2.674677204285671,-2.0734171874496568,-0.1850067927957153,0.27678784720016647,0.21434463664894324,1.6413186673733764,-1.4793759527400616,0.689089478532732,0.7133423559680082,2.4444356384797192,-0.5191303417631461,1.6688843620911182,2.8608206184008043,0.5753069605542387,1.8734324151154857,0.5753062682686828,1.5203020788684298,1.3456797533495193,-0.4864369303648386,0.11331958521244727,1.4875900018675425,1.4699298706300692,0.9968021470731449,-1.059161218524484,-0.33743274928582934,0.41771935423184553,-2.722414465975394,1.9906382768360047,-1.9429649494237384,-1.4049976058669513,0.8367030629333694,-1.837625990664871,-0.15796716228552835,-0.40645612211262305,-1.3813046905160054,-0.18766389977500053,-1.4357941476128526,0.19789196883798274,-1.7204905438272742,-0.2113285802245773,-1.5730653139535873,-0.9819008289481512,-0.019623474958551546,-1.9628541145089087
-2.68785346188758e-16,-0.4863494567519192,-0.5744790654562095,0.7229194057412555,1.3154756600470603,-0.9851843950429319,-0.13210985540616865,-0.2623849384382646,-1.626959276164928,-0.6985241925155057,-0.5231333803480175,-0.16799130281035576,-0.1223370094565307,0.28308160171932106,1.52896909255303,0.4731102424982311,0.001732450356390941,-0.31611629795355617,0.2469061318355579,-0.07141751328247681,0.052825555941449796,1.0414829878501803,-0.18156047058969116,-0.47774758207899093,0.10563955313527756,1.142952084140286,3.292062364698987,0.08309701483564427,0.0806703642982401,-2.185207053458349,0.22760018798923007,1.3959085176089199,1.098735292708516,0.9791351521730174,-1.237726054079803,0.8040076703134154,-1.1026793597234745,0.6879345148338942,2.3772003120366216,-1.2766347908099793,2.025959957547965,-0.06531510764496018,1.5506472740849704,0.46287309742226407,-1.0424957059708433,-0.16014472690947368,-0.3671354378835913,0.19358010335394774,1.185591497102217,-1.283062244866881,0.2762809734872701,0.02285757422588447,0.7898908190532443,0.3569940493560926,-0.41109646303120384,-0.8847936626772536,0.21033867612229928,-0.0970685682100626,-1.258150717375641,-1.7231542436976697,0.7161467779088749,0.4491595714098685,0.41078317977107937,-1.1842395389830964,-0.09309145530842627,-0.14314086796093178,1.0123472365060004,-0.9739888941038051,0.1265083589113794,0.0992153620172492,0.24251564456680996,-1.1138119563567908,-1.285108358665004,0.4916916390783501,-1.8503993889741048,0.6020627034913968,1.2579194580875535,-0.5554140950895612,0.24087296946892162,-0.7757439904900754,-0.0808282927613404,1.3715554628820645,-0.20438648900054543,0.16691080946214748,0.7346923991073367,0.1837963248499915,0.1907314993257079,-0.5122439291199161,0.34942175980752865,2.4261141172891465,0.5291652125962509,1.194847445926234,-1.33444781788394,1.2620007152083244
-2.68785346188758e-16,-0.22254963294938354,2.2323540993902506,-1.2683695737007183,0.4681942836216534,-0.5379306984535279,0.6856772523859411,-0.7863048065586958,2.148224199484684,1.4335944942517882,1.176149321667252,0.6074757600429823,2.2144566439285174,-0.884025223048196,0.8469635465616455,0.23398002859033998,-1.3349895760342134,-1.7575991598021563,-2.310202274643761,-2.0806956174722147,-0.7057991355136121,-1.6781630126567082,-2.775296333180459,-1.034549007756013,-1.7974418067445126,-1.6713241286945166,-1.8951151783061722,0.4108365025985431,0.8389508115646692,1.667535114941889,1.558324586632116,-0.6070920775355824,0.197457208941591,0.8036077546778406,-0.453011311695564,-1.4219554105840864,-1.2396225339373383,-1.3368773932182236,1.1609544903750681,-0.8828489126654921,1.1955446712099953,-0.5788972047216432,-1.3826973554321988,-0.11390177628195078,1.048324200969374,2.451351643011487,1.129692033082022,2.2668570470728038,0.27104384025221195,1.0467436995382096,3.111125753666962,-1.9987039438110477,0.2592294428405323,0.5022429936077152,-0.08406085377976688,0.4909530387727002,-0.6530693600457759,0.7414535041075783,0.34484678187679313,1.590754315854149,-2.35821941961402,-0.681445519695232,1.6150286220126802,1.70543514121485,-0.3338609615552529,0.9158907441103755,1.5976564511780929,0.5583378880691896,-0.6358697550695737,0.11517230206821782,-0.605583989148932,1.0371375292003355,1.220307644802257,-0.17303251175529544,-0.6141095736727811,-1.2888299719414067,-2.286519933574022,0.21659907997627226,-1.2422356735895492,0.5313578225251515,0.6733546901175962,-1.8421865948903289,-0.4681221060808679,-3.2795796129306414,-0.43876529819683135,0.09418561543890985,-2.168824427847105,0.3901856937797267,-1.3824474686712178,-0.8755179694510633,0.35554660126485654,-2.3202944612109015,-0.09589440628385246,0.0006079818919062507
-2.68785346188758e-16,0.890691962765648,-0.16493809925746275,0.09882436483268953,-1.7224805667105079,-1.361757609249689,-0.4137596685548053,0.9470972171653185,-2.013806813990933,-0.08718154365389212,0.089400121133211,-0.13299322106961164,0.14240520249940508,-0.970417532540762,-1.5909290401927274,0.5694050636068938,-0.5137724250517053,-0.602479533890219,0.29910174502571363,0.8207134197465228,0.3786814551377458,-1.2375039421894003,1.2425604800392647,-1.4470437540586247,0.923433391246569,0.9577036014955453,-0.11666745207200813,0.5719751528497868,0.6655341711336517,0.798888661429348,0.6504747822605785,-0.897988946029165,0.3585356890944337,0.26179333788430703,0.70614600866792,0.7197387900959321,1.5145398010783624,-2.335435862468449,1.4594502469416009,-0.6106719134431996,2.0702228288762115,0.37170726057986614,-1.7020701769635158,-1.5047764776113657,-2.906115780986677,-1.9778233149904754,-1.3112859316112777,-0.19720342099584773,1.0032147828709292,1.1175659130143287,1.3237778868814714,-0.20472941424841729,-0.5918884730398268,0.4175262188053714,0.5417775816014114,-0.7842495342929395,-0.5799863064417061,-2.524181614946962,-0.9272814289627995,0.17403327321261916,0.07837700435956466,-1.193220117090315,0.8620758456473459,-0.1337914784660884,0.34356657407503866,0.21467874293383965,-1.462541235779885,-0.19537162718109824,-0.8773487739066359,1.217406514905621,1.10802465830211,0.15612385963018782,1.368193311899848,0.17458420013750192,-0.49836344041257613,0.4794693665938431,1.4709406396547444,-1.2479035019546139,0.05690089477914921,-1.6741682615017703,-0.9847302606797583,0.36943759535903076,-0.7239122158585519,-0.5078403654527642,-2.998474776373692,0.04894271367182968,-0.20683370213115015,-1.0026656398195797,0.003937153403913568,-1.3389833953924943,-0.9085585781388079,1.3727421037255354,-0.11245348865989657,0.2938131109982584
-2.68785346188758e-16,0.25935691465913274,1.545803704690368,-0.9458790567373148,2.3192071133996404,-1.9356459788305376,-0.273074298762335,0.2482260069809027,-0.4970253654297444,0.06915037210492193,0.1251413749313553,-1.3184142368932799,1.9125233100798935,-0.234192157043848,0.031821516535738656,-1.025727747665661,-1.463316464173832,-0.034494178654248364,-0.5415175618919539,-1.6076632215156752,0.6617651953092814,1.3700617731263562,-1.0597554558227331,-1.0478989409861246,-0.20919744834026902,-1.5080500852559584,-1.0783563988358307,0.24585579297232146,-0.07803033566916395,1.3334486279469464,0.03955146670272525,0.32169017097586405,0.7234958530243357,-0.14098510254779034,0.9377096859229923,1.0721835231700951,-2.0293576215992015,-0.24672243844273128,0.2200355213540124,-0.46197248544363384,0.7849177426678627,-1.0020974563459133,0.46782210135514873,-0.28406063211181115,0.42841321618349565,0.8722416795834145,0.7770210509180431,1.8394510357856042,0.14020732161956131,-0.9891300594512132,0.21974877799391052,-1.8601936426249512,-0.06690864620602513,0.10734396415731809,-0.6239203015980771,-0.02640170250632401,0.15372081061488807,1.3833213365060115,1.7482941117544766,-0.34766499564372677,-0.8657991636960061,0.5980216741720165,0.3062455416835961,2.0330797036429322,1.1164742473905174,0.9654104585656611,0.1930655662258574,0.29704481405900884,1.2155740823533239,-0.44348579769494384,0.9584850494429904,0.10491091127398189,1.631222443467383,-0.7874091276214967,1.3518447386105528,0.34629649330108836,-1.484452168129327,-1.094312478802028,-1.7923408964914453,0.3878460448293933,1.0973993252011123,-0.44249699974383583,0.31651250910558326,1.2850450417928263,-0.805816051157801,0.1321664291639403,2.0102656329891304,0.67009746425728,-0.37481737134358406,1.8603191481876293,0.23981282938973358,0.5020659413625485,-0.47230021755755147,-0.14917438206347833
-2.68785346188758e-16,2.1073682951467942,-0.26773486104256716,0.5942779460195976,2.3212965077886887,-3.985718844260186,-0.1162259670955983,-1.2685659623374432,-0.4956508380931624,-1.2488855088538398,1.2285914202289738,-0.14167988626551742,0.7110322983901536,0.9410090150152177,-1.0094168591834278,-1.3249752186132342,0.3697218726297204,1.1369170859756528,-0.18727135009254542,-0.9553742429275307,-0.162173625001575,-0.37600187595201107,0.06597054839599151,0.683557491088048,-0.3565033502162331,-0.9592915614168032,-0.665077017245515,-1.1887817202268534,0.7466924182221056,-1.7849669715006717,-2.797039179738459,1.0047441748641168,0.5245375209178813,-1.7400912728707683,0.7636227561598975,0.2089627847689619,-0.8978149834467581,-0.9162404084020763,0.972343209316169,0.7034337297015287,-2.22463454816558,-1.2950200464901356,-0.4399597132447886,0.6925887021782157,-0.29256695907226854,-0.5767984540684414,0.9291672520570444,0.13464336615447886,-1.8942099345824688,0.3498769760762065,-0.8934168682621968,0.7780597569238229,1.3737344901946116,-1.2010036621189875,0.22136453344848825,0.955294310122394,0.025174556647805785,-1.5798338904813858,0.8059952907281827,-0.5648248249293255,0.5560411361618893,0.009172488627698483,-0.5580090467946148,-0.2524924646021366,-0.7940977261268911,-2.022874849779474,-0.16522855485872312,-2.350932998753877,-0.2334982179161902,-0.3670150588328055,1.8525781540912065,-0.3162927405888302,1.8428387182159898,-1.0785472130836045,-0.5041350555346719,0.9260103414417659,-0.9822538183617328,-0.10942294097812204,-0.2276542020509303,0.36690195753413873,-0.2998674773759105,-1.0994962182980363,0.287339076676173,0.8135322863400372,0.08336354403174812,0.02849566160535992,0.020538942265698523,0.12026664403126731,0.16108722234401707,0.4094121251374858,-2.6307272472950087,0.11959893406103228,-0.30851727540418794,-2.3059334372517477
-2.68785346188758e-16,-1.8716875761434042,-1.0522984702104436,0.593224140602555,0.24312919092399327,-2.9088311583406616,1.4141744225953046,-0.14807987922998206,-0.9556383526143254,0.6018384419930204,0.009507292433818365,-1.6679791277644762,0.10700257248400108,0.4914301237989489,-1.5355624594231683,0.023501976227811326,0.8773282118168191,1.1742783546669786,1.0573767046608658,-0.36919562797761507,1.574693391937296,-0.36942362636933884,0.45804795136270415,-0.11292842582705412,0.6495650449934999,1.2731773353811362,1.2756725449890707,0.1657166508439258,-1.410266889952291,-0.9686169769941347,-0.32872416682216143,1.9012899407742343,-1.0099337767494576,-0.6257645767464757,1.0136121019351494,1.9715003714360602,-0.29905064048767926,-0.00741561679947389,-0.1831850660163804,0.006135854213397324,-0.7881157932480088,-1.1204982173017801,-0.3792572077377878,1.4677689370787081,-1.326473564774225,-1.2516161979803515,-2.1556961979258475,-0.07384284975229005,-0.0532216042329296,-0.008753749468484015,-1.5143543707105773,2.8639107229222316,0.16539372586173368,0.7578427234649024,1.7283478202732767,-1.5232420343342663,-0.07955794947936971,-1.2053117527381882,-1.4909594255403007,-2.139513584525377,2.2851294948019967,-1.113322446925616,-1.7665524183538854,-2.1769678951944194,-0.47676621838772354,-1.4586867911856432,-1.4685456585502688,-0.19056218449621043,-0.32422587026403504,0.01046788976815628,1.4328104950006693,0.34144244583054456,-0.8942709925954415,0.02381960060631355,-0.020654220384087346,0.7240228190741924,-0.6933388072572813,-1.3423126672068166,-0.6502108380409685,2.067252938645428,-0.5842086705214447,-0.027905214890631136,-0.45517442393399654,-0.2373521179895008,-0.5831460925399048,0.14982710416537215,-0.1540195826616814,-0.5297587557122473,0.8021347693268808,1.3977141341896115,0.08176953316721365,0.38463380368972905,1.3390527245404273,0.08885031143541877
-2.68785346188758e-16,0.7875743881648062,-0.020057234990002226,-0.029174288667597824,0.6103266023742422,-1.1745259541943474,-0.31566982293868084,-1.2539462015853786,-0.41112982825417466,-0.5390061424168815,0.850638580743479,0.5334637787968212,0.6946360633515615,-1.1801829128962926,-1.581257622030087,0.4311007264384653,0.13164477484106446,0.47161193451121214,0.8603378240798581,-1.5623637147347058,-0.08708375944027391,1.112663091679809,0.771436757026287,0.595777669889598,0.44060523188515355,-0.4649211074446355,0.18618225934888596,1.1592056809620406,0.30309254144576814,-1.5546173155730942,-0.5973748214117781,0.22576825716564997,0.29513206134488534,0.04017688177963413,-0.5129742754968503,0.3013465789967769,0.3044586716054075,0.3882441155319065,0.42347117212793994,0.9262911125583586,-0.6143169152633785,0.12039138258977755,-1.08889967925188,-0.31136832919756285,-1.5011858044152577,-1.5067089625942007,1.1024790233392479,0.3281614855599037,0.6331363905728236,0.5412362852910318,-0.45624806941465396,-0.02807800371535551,0.651927470795724,0.15921132496147905,0.5276810027743953,-0.04704276528016349,-0.3127985436773146,1.0078661050325166,0.7870962840424891,1.458661842691843,-0.23989063155971602,0.6117410083667587,-0.36714189474264614,0.27308966077370767,0.7933775831312724,1.039124137099972,-0.5534516125082907,-0.7298983203672427,-1.0384664877277734,-0.23071798636154286,2.1629945960688435,0.22213177078940194,-0.1799403086209804,0.47362280330176104,-0.5224308409589616,0.1602518040423732,0.05980121606883426,0.4643294336837992,1.164250939529692,-0.07320896882199997,-0.5843460716406454,-0.32504747365255876,0.7597813659281124,0.8341762327797091,-0.3115201305747798,-0.46196335796517385,-1.7590231081882526,0.7704030354000581,1.187304549043441,-0.3496048407886297,-0.4629924870865157,0.6511743052268395,-0.34041326024325014,-0.182868054795942
-2.68785346188758e-16,-0.33517168981745143,-1.306906158348725,-1.039172273511797,-1.1150773347591096,0.5275724841860188,1.1567504675049678,2.1825423593921895,2.4413875621556156,0.8470008648642876,0.0907684808166588,0.31512147191770423,-0.5035240955077762,-0.5595933893748153,-1.1029994954924351,0.3801102728854169,-0.028864819168503586,-1.0616557680817822,-1.7710598806037674,-0.2949003786049379,-0.07850313105595849,-0.9335069245190728,1.9341891037844143,1.0477863534376979,-0.8616770039241324,0.1411849554332789,0.2905909681441312,0.24493765426433617,1.0327955050325286,2.435664349281895,0.3240666845685384,0.4537713798488206,0.9656954906878574,1.5219683533798203,0.5628753466724971,1.3124155482845294,-0.42878255930781783,1.127905428866241,1.234905551570875,-0.28249437641910646,1.058398234119641,0.6328381817102096,-0.38109510557118,2.2408505851458442,0.8336139829786666,1.8144460684100086,0.687941978598436,0.7700019182846451,-1.3611729920788564,-0.08789954355178857,3.187667062261755,-0.5506986883837091,-0.9518575560426294,0.7363916980616145,-0.9867158872913958,-0.09053425109908497,-0.26663278649528427,-0.9519326521520539,1.1957697190104446,-2.4474266929475252,2.797639144541839,-0.6381697012771159,-0.9953596161678131,-0.6549822434234954,0.7872773920081653,-0.508200778905544,1.1504418135387124,0.9175828617914233,0.2461786755801751,-0.0012510823142883615,-0.035753459911357005,1.17872381373712,-0.7538378668153914,-1.472314518162866,0.8081082859529828,-1.4700463019993761,-1.4361994741884405,-2.2446483363976673,-1.8852920836953169,3.852019365283086,-1.2542810342489052,-0.6428820794749991,0.07324182092263516,-0.934721246544009,-0.30099692728470095,-0.0056197567640909815,-1.6581678580793873,0.34271646063954886,-0.3292336579149186,0.3165524646740581,-0.49486921117935884,-1.0317406537111584,0.5311356759435625,-1.5006653829191698
-2.68785346188758e-16,0.1449370746400794,0.5164262814886392,-0.13531413019780447,-0.7343592190703709,0.9548363528309005,1.1118931394497236,0.3593575118390199,-0.44540834319202655,0.18791906474189707,0.2669096202386185,-0.8632669688363638,2.0215310103263024,-0.161629165474089,-2.094254877732436,0.5576424290559762,-0.7267179667183028,-1.1591331969235572,0.05829220436057497,0.7200775703689701,-0.7817215315089181,-2.1627384468633344,-0.5085260510945407,0.6633669565514116,0.7560551091565512,0.5533147804143415,-0.10205606853968663,-0.0961015046344407,-0.1366883696457949,-0.594251702987862,0.5776435828585482,0.41857233952383394,0.6527593958458215,1.4110100894070907,0.4948420916780321,4.132095675438412,1.3314108930519524,-0.6346041963943662,0.8754907537093881,0.43138753729714413,0.5065216274270201,0.6787170463228627,-0.4815312636032135,-0.6337124592865369,-0.8797440906852583,1.5374448808429186,0.37528765786513957,-0.693228062186206,-0.1739788628333545,0.8444310161801211,-1.211332649343455,1.187176965329948,-0.17327052708365498,-0.5925152408381518,-0.7330510026389384,-0.2654620486584467,1.0561498068311073,-0.27803237933574765,-1.6342972777879705,-1.434812400553719,1.0004124388900606,-0.5920214553863181,1.4549358461689,-2.533903344057336,1.6218606657239527,0.5130614319767898,-0.15958007078057357,0.9383292109723773,2.7733634563445477,-1.6694445217783973,0.29545397613966085,1.7431619908645213,1.4521382860893517,1.187288371992143,-0.2790118795669906,-0.11673129173425412,2.399224254108706,-0.15995517568367895,0.5543932996249372,-1.0897567429350972,-1.4663430786569152,1.6985174158889926,0.31564604125474843,-0.2954786985774732,-1.3372625358424874,-0.42235095601174427,0.24600473843381027,-0.5782831988213412,-0.40477680780629477,-0.8209014396925771,-1.3886025944155178,0.49916464578487174,1.1463048322439717,2.026515873353857
-1.3046031469419848,0.20703943044585094,0.22610330221831634,-0.027835996423189124,-0.02592015424833985,-0.504931426513759,0.4128470652660352,0.8670124272977736,1.256533912409729,0.9286523119457191,1.1751951251004598,0.6532241053289174,-0.6810924837785776,-1.4093638785916371,0.8189173050558237,3.151466299789159,-0.6881685980047948,-1.9625250845741309,1.4142573426210558,-0.028663752368913054,0.709773083223336,-1.0015127349672341,0.29817451858564764,1.3311872757523209,-0.49431521938494083,-0.7283039566382874,-1.701099196146859,2.2511333255692807,-0.15369298601396864,0.4901417335667366,-0.393788303890076,0.039460369678995466,1.0597956950979612,1.509792191273526,1.3110970647524283,0.4876838793082513,0.5335594836047473,1.1754894313932547,0.49091917253551165,-0.8096123285590106,-0.006573934695062638,0.3567109784927177,-0.44784025886904577,0.7033464164580563,0.5957890539475102,0.533094611586156,-0.12077337904697572,-0.8539242111090924,-3.0385557271003454,1.414362546479917,1.1293328190280405,1.0818826594671493,-2.1444619038085966,-1.7171498356320614,-0.48735837076311694,-0.718215252095837,-1.366380516620887,0.7851480300083988,-1.429687624098959,-1.5044299304812345,0.6917697365383617,-1.7311570443570639,-0.5635767680796526,-0.42908732817034057,-0.03364077629339168,0.027338017351108468,-0.3267920740469419,-1.1513190226891064,-0.7039850518905637,-0.6113576407368397,-0.37068900475640915,-0.3813006598566412,-0.7100329204979265,0.6679518805642287,0.058087055729207915,-1.3497541694286468,-0.745225184452886,-0.15688265864266862,1.2119109595655733,0.9140079647499327,-1.3838410799155183,-0.9767262239445016,-0.15058690074482342,-0.9928217931901293,0.1324150843837875,1.0015955949679183,0.8498225958150648,-0.8164767276006109,-0.9499897953047407,-0.8235451717725584,1.807973399488553,-0.03341199170923881,-1.593288392202512,-0.36682019739622956
2.9606592312046325,-4.076267151513978,-2.836708462825152,0.6797482926837839,-0.917534794631762,1.1320849214167483,0.4496896875034767,-0.26347560446401364,-0.6883321153771592,1.10051679374794,1.2279227417361864,1.089335181795154,-1.5971534274019195,1.8875324695985332,-0.799442570312746,-1.703441743171921,2.5006778488719066,2.8471358789621686,2.516524887972218,1.2505685514920393,1.911552208542616,1.7507737189664558,0.7042781272889409,0.2525951108475015,0.4671561389040664,0.7343496945843614,-0.3357177987046056,-2.1908596173119586,-1.9432721626295455,-3.4289538023749873,-2.929092528330277,-2.825414118923793,-2.0876334128577643,-1.8051750939182996,-0.9403413340451284,-2.5865335405365175,0.7087268403647669,0.7632014221105451,-0.2832310508309951,1.5706406850641825,-3.424722742732871,0.09884615559395049,0.7019758707309612,0.19877555300048244,0.6605527987394869,0.28563251376585264,-1.1489299004872475,-0.7177895311274629,-0.4474562741855638,1.446488180553661,-3.495828131880942,0.8688897785572998,-0.155430453345332,0.0733807711488394,-0.028678106604313428,1.9574476700433974,1.3680322662002669,0.7682353752585538,-0.5059379980125568,0.6855073614007293,0.8497410506255718,0.1803081421005691,-1.0722938674019218,-0.16691055435816896,-0.778929376554943,0.3479608673512956,-1.6730303468219925,-2.5899085787092297,-2.63444687313769,-1.678015350294524,0.466596228124337,-0.7229208734109459,0.13113768934636055,0.6395530290659909,1.7235280740202328,0.14901757925467185,0.3553476100641581,1.7189375480173323,1.4803128838219148,2.4532088333445157,0.953935962657426,0.8381840919429941,-0.4046448897889603,1.2372916970181995,1.3971555045844213,-0.46852942407721576,0.9300208708243829,0.47825903802806824,0.8209420453534693,-0.2557142655991902,-0.28248173941078725,0.6468823026419694,1.9083023519653817,-0.2702228279355261
-1.9091060524741272,2.019710555565066,0.1535462456650703,-0.4671337901738122,-0.29927174404129697,1.042830752107474,-2.6266198223605732,-0.10489362265617852,-0.9514911469578993,-2.594531117986956,1.630553756252104,1.4523044948989756,0.2285170582131958,-0.48442176801461256,-1.1556071983562939,3.1264524396521214,-0.05527800684814238,-0.3133009407175928,-0.7001257257935718,1.2746080397369552,-0.8712361927983305,-0.23871290488879637,-0.10534623665707482,3.0716002437067376,0.8330994499492362,1.9961227523344718,-0.8958876533582816,1.9331636188259984,1.776577558444596,0.6547337206350655,3.2541966080536273,1.417035824889136,0.6141265072560836,1.0710213977666483,2.1352212499765435,0.9564945324058503,0.5034111935060637,-1.489158800269546,-0.6272152650690763,-0.9972140240365903,1.375568361689351,0.6529262484089338,-0.6337506571424079,0.6564482969437782,-1.5756638611954024,1.3542663815268208,0.3855071986879284,-0.4041811325635411,1.010956536258641,-1.472515948572403,1.0385382050604872,-0.10989487922390188,-3.2069999528270117,-0.5310743824224428,-1.102331662762966,-0.9217298042059547,2.3291210102158098,-1.807398245140582,-3.2335383492870955,2.1652686568691637,-0.20102279879353432,0.9910301939933163,-1.5036375283519274,-0.6055207119905615,0.08039190551615044,0.02648333491927829,1.1529442442069264,1.6235059357959267,1.7092706629107526,-0.41568606190557533,0.792560363285806,-0.2464018128319808,0.3147136520810743,0.1502724956353407,-0.7011426775030236,-1.1411032226465128,-0.7903974184842542,-1.1858540949086889,0.2836931338467761,-1.5407682249084234,-2.3142191926422497,-0.37273027000842474,-0.7650930048646717,-0.4582353884534177,1.0494255044868648,-0.9695690401824348,-2.3871860407222147,0.6964206328934368,-1.2179225567709775,-0.8183100119791111,0.30829682341355846,-0.44398391674133064,-0.28368323789260275,0.923144636927146
0.053514471167785,0.4585451848296289,-0.20094607914781423,0.9573438918075782,-0.37439361076714406,0.13335272002160026,-0.7643042380208753,0.12855499352388855,0.8988929907074159,-0.5464989229369008,0.6313133577384463,0.9421456926608143,-0.33934547255021785,1.173095076860409,0.16078001336784864,0.909151410886663,0.03203043643138508,1.0204396544966858,0.9083234148789759,0.9099072781710063,0.44291893845050667,-1.0237372350998,-0.3393027435921715,2.8791557873198705,0.4331994628505122,1.1023906675780932,-0.12567426187518393,0.7835223305321443,-1.4629869515048346,0.845452565408538,-2.2680222649407433,1.212451376501549,-0.5881061761869772,0.031613898827430875,0.7310052938353138,2.6307266345825018,1.0449604042417067,1.0914617547191543,0.11990002367975805,-0.28918309904634715,-0.4277803394299009,0.9890420870334224,0.23829575509316786,0.3028934368510143,-0.8006359690487952,-0.253680817429387,-0.3353539254604052,-0.7856113960865515,0.06429071458511641,-0.036437689160035105,-0.9718740484416211,1.3704903920310367,0.36806747368154136,2.3859473553733084,-0.34447769561401165,-0.5662254171434972,-2.690312125572664,0.8883070798685159,-1.151930361023788,-0.022977253692711808,0.13915092059768036,1.0598251366577416,0.1362392786026172,-2.1172627734021603,-1.154738260283545,1.0266951321173408,1.62897022608053,-0.4746723549695796,0.7759835438064873,-0.37402613370755766,0.23504889938281276,-0.3511050190080868,0.9341881563352734,1.2150716251328415,-0.2625782764442623,-0.3293916487670022,1.1261016441231744,-2.0233378745595894,-0.7497012551170119,-0.3396521416035707,-0.4638800254595091,-0.88071946345647,-0.18322658890817783,0.09945257313915701,-0.11111489209179941,-0.036621713221566876,-0.7435626424267004,2.236041552203936,-0.018668874692897252,-0.578365256142843,0.8221087664260582,-1.1834120038795364,-0.8278709577567255,0.7671630995342976
-1.1461082786843886,0.1651081236609735,-0.11576692959116015,-0.6524423876379759,0.10426136342670722,2.362270992571276,0.8384403393519829,1.1444774914954017,-0.9866778857490015,-1.1246334256266124,0.8951208352321163,1.7749355465484387,-0.1348026315200822,0.7402654958764633,-1.498062685945957,-0.7425385898043497,-0.538399174796138,-0.1418259205612381,-0.9659233958027685,0.4796035472076384,-0.41385692060155943,-0.8946774097306787,-0.03173778638562408,2.507916769445554,0.9418306025453472,0.1262645514290479,0.6335814321459371,2.1226943002105845,0.030898509151913056,1.506406783609975,-0.18303673155332995,0.18877241591643074,0.5444378387836669,-0.24200521997380295,0.2463227485423336,0.6271296611629271,2.174258642179411,-0.1770134418292899,0.23239209607451827,-0.336797427918186,-1.162690682745666,0.6354377241486452,0.646409385821391,2.3033435884941205,-1.3544761485785655,-1.3971533234332876,1.0392484335472878,-0.18853804337248217,-0.9058967892568407,-1.231396503946178,-0.42394803420732763,-0.4422392437611189,-0.07742406027311449,0.5046586456288394,-0.857357757762755,-0.3057595794320105,0.576205086377957,-0.7326517357027393,-2.148433241380177,0.4263155376292816,0.5779426751530796,-1.3803793646309144,-1.2581209248989595,0.322868041679236,1.1650869914213176,0.5252209049434168,1.9258653623742026,1.125291955012896,0.4876597350745955,1.3483621762790787,-2.175896808930659,1.133916801954473,0.15742107703409602,0.31649909119160957,0.41106615258998314,-1.425040321372075,0.17194502835299075,-0.17232724337282151,0.1447909663490282,-1.7171432516945206,-1.2707138789505874,0.36044472055615284,0.4808165011131445,0.2369338079629662,-0.629026625683656,-0.6779794182585818,-0.9185799552076954,0.6085220785688346,0.38757190682818965,-0.006309444348515103,-1.0031838798227684,-0.23752813170822434,-0.2789092436029948,0.8218584325675473
2.7555112061338565,-3.728031843305169,0.11587756501602992,2.0348810816788703,-1.3745388281196296,0.34409077740057636,-0.08793940030908731,-1.1385699790655528,-0.4701467829102475,0.07095376588806823,-1.5314129576410567,-2.2781669564270395,-0.6876928729736285,1.2929685057508578,0.564678989019093,-0.6572495318719618,0.5735604841224592,1.081865368839982,0.807665761925379,-0.8401412174460454,-0.7374826188031274,-0.43677924338857127,-0.5454467368199714,-2.1570845848382105,-0.149416717889093,0.49937937967964424,0.6556045408792799,-2.058388023507349,-2.4805885362408815,-0.2295575827192925,-2.7777788503533616,-1.329001891944506,-1.4944807878279147,-2.93436946177736,-1.5149852157713286,-0.8832897741631207,-0.43066858840554856,2.1532721400997428,-2.7564309329672882,0.9871550439600402,-2.971132218225571,-0.7731495437211462,-0.20525886743495447,0.8021581091926053,0.1336765406486949,-0.6292090164430646,1.5618101380889504,-2.084271916930356,-0.13454290681854542,0.9264242609990854,0.5215524793591708,-1.2264869804072656,0.6874926973727413,-2.523569285277707,-0.8557636267302857,-0.387252700764559,-1.630971109655137,-2.4152372967492917,0.7016364828622954,-1.9110959349931713,0.6341180534277054,-0.1267917425795451,-0.12429710659711707,-0.4165246347863653,-1.2439952781580446,-0.6395461771693819,-1.9865348698310166,-0.8462435961551876,-1.8793277530795602,-0.2704123544196025,-1.4171392955722388,-0.5805882555675445,-0.011393393850815503,1.1446236881587386,-0.5140999220701931,-0.3431465266093852,0.6683625800449823,1.6035392756524678,1.3828916281625379,0.4385291239109072,-0.06719538878268672,-0.310124052117083,-1.877308534635566,0.08714903523757968,0.4339957196121516,-3.098707785249991,-2.1982365037876193,-2.8171853051657,-0.05165287253145531,0.9992506634810329,0.6029504814435169,-1.3370014682233953,2.0588687792251776,-1.004359216452742
0.1364598332881906,-1.0458217590996388,-0.8113255940442172,-0.8662897763725688,-1.7867215697865857,2.139053486313876,1.6999043988917093,0.7571598415487425,-2.0255770076884314,-0.32540774012465373,1.1864409317021227,0.14356720545835622,0.29718901304556655,0.29364982713083865,-1.1887489761053671,-1.674993605734586,1.4280297791051457,0.46898504634962346,2.3159421010597683,0.11764120312474807,1.4542247000223327,-0.5518036637932349,0.4519740452247253,-0.4873345473198346,1.7295130574043562,-0.9051805900459424,-0.8297594335139755,-0.6529319837733533,-2.2552717456836646,-1.4591500640273216,-0.4150365892811272,0.5428121951164953,-1.4457436552571765,-0.3717891184219465,-1.9498814711685282,0.12781790865521916,-0.25746335786138097,0.3171931637990346,0.0009027066467539591,1.8236316582863306,-1.0141964488916133,0.0845364893311048,1.0575890347483456,-0.46938467749027935,0.5473849150500474,2.748324524048359,2.1528961838836387,-1.394152228949319,0.48078705925495413,0.2897713410122491,-1.5026215242533771,-0.5660686994553755,1.072844323818559,1.2598616664795856,1.5599761981636895,-0.4471698830017945,-0.5393272196820573,0.1981682845240469,-0.8356914557230235,-0.3004022799268402,1.9646759510536946,-0.42611806360389076,-1.6792371470044452,-1.1313130377540173,1.9710826894450462,0.4420057378835414,-1.1903715516643198,-0.06887422265962717,1.9972019767307758,-1.3371203911481002,-0.3159993714806607,-1.1244951076515188,0.4499169552159902,2.1626085295896282,1.8157676550493922,-0.5612957906362595,0.529531463864526,1.1413442160540503,2.1131392253122865,-0.1259252277440549,-0.8848733301824923,-0.23550759897674506,1.3696128428198764,0.4133241963090616,2.346705903036463,0.5404033756952382,1.7870771030111268,0.9454222920480466,0.7836838992958136,0.03979692465151419,1.8760305091644396,3.5161090148287295,-1.082283609769972,1.1992977531613942
-0.8414769289222834,0.21432033995331637,0.6725537134114925,1.2784408581496736,-1.1131291272713892,3.2652458330657175,2.251858971965154,0.6450764404020852,-0.4236966616326126,-1.032255133152844,1.1603246993870941,0.754628704104054,0.6600071113545894,0.4046873747333477,0.08032266258360522,-0.3482879538116603,-0.3540640555535615,0.08390840777458869,0.589376351324367,0.42891097458924865,0.5548748718128107,0.10062618604546036,-1.7791968714051771,1.4212944922285262,0.33627490620172906,-1.518154966114757,1.7339095608584887,-0.20190458798689145,-2.302831898076976,-0.4580935876842479,-1.733297204829495,-1.3535533044750205,0.14228646053288757,0.4319252883001123,0.5136014760514607,0.9270149313412226,1.508924997602136,0.017069183617327344,1.7810736989964888,0.9096071771136467,2.612891254757198,0.2999352403616187,0.21381401661757413,-0.04092823269927193,0.4136119216147643,0.5790957506208319,-0.7448284269420842,0.24452609494388927,-0.5871031967625948,1.3080662216423666,-0.1920361480208064,-1.6156193163313137,1.975989775897807,0.12339538963198249,3.866866876380878,-2.9088635340977906,-2.531841790259926,-2.6145550393346384,-0.9144827919079153,-1.5855638210696064,3.767142210345112,-1.4759598676846521,-2.02300523575298,-1.7532638937260958,2.472010755725784,1.6234032299227523,1.564903074984648,2.7903597861799483,0.8299145533136302,0.8391070988753183,-0.936977423842383,0.35177671730764787,0.5387346218416793,-1.713784749554018,-0.03851872651535593,-0.6616479097104,0.14996392448687848,-0.30122156994952715,1.1690486624347574,-0.5877398632042876,-2.4451353720281865,0.43723307260409006,1.5668153830089568,0.13475631077154865,0.6841850924135258,-0.07651711272412223,-0.006285723667115439,2.910641582310302,0.12051413179832074,-0.1568467991843494,0.32708485226256545,-0.917185828885223,-0.19361845522041082,2.5543899140369835
-0.5087396317433078,0.02952717093381684,-0.6962366229922756,-1.3018920018080293,-0.5647483245182061,-1.1060989463265214,-1.3242919955122694,-1.1877631588757067,-0.9731782614952231,-1.8980579073798522,-5.46611380951779,-2.2292413151199733,-3.2336012411218453,-0.335504634293404,-0.679177845997744,-1.627768991931264,-1.0109590494989726,0.4135195275688811,-1.2452308495744036,1.082324619951665,-0.3755879947926881,-1.5599849182172147,1.9322302403887197,0.18202596829170067,0.563888423981337,0.6944747605218639,0.4418128950218445,-0.3058652206926959,-0.26489072046476486,0.37133356662155903,-0.7952130908696643,-1.402866497113012,-1.3119338034533046,-0.04765170577062672,-1.36119961334709,-1.845009174449516,0.321831611491403,-0.47316875511661466,-1.2805440178754328,0.14025002884650972,-0.3303961336689105,-1.5826306303648117,0.15083061110733678,-2.095182883665612,-1.146767564438511,-2.744686914725904,-2.581619880407075,-2.7216370978372044,0.07034772687947677,-0.0839143919997814,-2.239276384090995,0.4534768960094022,-0.4391625603695025,-0.5024208590645552,0.03678136129419421,0.19745438398453638,1.4589905660217222,-0.8241037999819426,1.1432012614237805,-0.8528426715425278,-1.1187952982201623,-0.4585558021916925,2.651246409598243,1.2565516512818902,2.0801203175235248,-1.1439504365452744,1.3569391455491888,-0.8710732135849655,-1.5638760968161671,-0.47560129545170327,-0.5451366533440175,0.45590953355073627,-0.5686210046996493,-0.4544245110049129,-1.4887535474326936,0.7969026027556159,0.8188656974116912,-0.5719340277557239,-0.998865856411866,0.15823659567332532,-0.3971812105624628,-0.056594310607374215,-2.3805715574845867,0.6530362791370843,-1.6869634154364246,-1.1528436030929023,-0.7158818965977382,-1.2668350859792996,-0.6385700343421223,-1.2750015671494674,-0.2462148759299853,-0.34771675614804365,1.5839214969361861,0.2816933361335694
0.7483110570633911,-0.29308467541704486,0.4228329793193406,1.3399963920776112,-0.2914039545146967,0.5155825588292611,0.6124152565413945,-0.39552372296998417,-0.6430272707767383,-0.05293337625216781,1.9801521074399981,-0.6568769898243632,1.2764455023127343,-0.3058731934246596,-0.9477178944148875,0.195479688232448,1.4501420791397157,0.8738947468239974,2.6323982443644782,-1.0130923864858563,0.6159072195846382,0.1720765851880711,-0.22937178124204188,0.7442658308275316,0.43361427361428007,0.00032397344583828813,2.6097308689053675,-1.5011742719545957,-1.3163133740258646,-1.6983947759854858,-2.624283614179849,-0.9597720886430914,-0.23474026116840557,-0.7920637103871632,2.5675030124730873,-1.248989879668239,-0.7017053962374689,1.6427079992720826,-0.5446587973837348,-0.8933151817913022,-0.34077295577453376,0.12048942682863206,0.22607434947800303,0.7001431645309575,0.0061079070372632716,0.22264590762762254,0.0686698532801287,-1.1347838898965223,0.9551650197372409,0.1365026659790921,0.31559113672731726,-1.1618191534113065,-0.12921158458808835,0.23146350910599894,1.964430363951672,-3.0076311478812636,-0.5519237600947673,-2.690193640718591,-0.6598561577545607,-0.43065409440284397,2.7327611928359965,-4.12476007236365,-0.6226615733480771,-0.9220524425377715,1.0589091236213783,1.8301915805028122,0.983306959923587,1.9683016671872915,0.80897790668721,1.1228954055637228,-0.6483662248329509,-0.5305536447138508,-0.9500966011665183,1.9246749479356082,1.0020706690928265,-0.3855731131484149,-0.9197578992822453,0.3798596780164135,1.5502050793958873,-0.22437188209970593,0.7898698820666484,-0.10572555077519698,1.4284018286846814,0.36040144465249224,0.18338524112035504,0.4034631538242359,0.3551443912839296,1.537828015861905,0.3303160358603945,-0.7690261026530523,0.3110411418049176,0.13634650951903413,0.3873872189266462,2.6311625711985704
-1.442599977584606,0.9831757897465996,0.6074350398918148,-1.0354762594016809,0.39112908445872874,-1.8518413907637887,-1.7975292540424241,0.3287502069690884,0.41498822103522226,0.5901284803973017,2.4110952389822904,-0.6493391461234288,0.08055057018753456,-0.8764770623645238,0.6533289636971754,1.63825611867817,-0.12805015874295325,-1.6715967028484533,0.6285937836246182,-0.6502400750744832,0.33363585869260554,0.22311872400594024,-0.5090934715039475,-0.4485478196403474,-0.8204258881608744,-1.3062217927719688,0.4456144731168211,0.3222789895958695,-1.5796564011714989,1.7687985271962954,1.2306574387195122,0.93944917576035,0.5501618798573287,0.36302814134870554,0.495661407593086,0.4709885236004453,0.2556776500101993,-1.0129524078371068,1.785172661145809,-0.3304356351819556,0.39463332265464485,-1.695667868348973,-0.2536629330375979,-0.05078479969035976,0.49818600893779086,1.7112680980744854,0.5722618037060803,-0.8263925490218483,-0.3425772033971044,-0.4213016068814822,0.4303717281320295,1.7752047011676115,-1.489778983730087,-1.1404252420690884,-0.9729136478960949,-1.2002244457969322,-0.5851329614933511,-2.0548364702148594,0.6039726050394603,-0.9344218376669815,0.6747825621521757,-1.8669723513869054,0.6871143852414761,-0.9864275273002617,-0.19875491784913313,-0.6167934111350216,-1.5760181151428867,-0.4340845100824696,-1.3375752107292023,-1.4132127151041791,1.1333553681941373,0.10390603596857417,1.213216139638449,0.2873993916782089,-0.2476157972595271,1.574912616421686,-0.07064707819078062,-0.24066606647678304,0.2870502839934119,-0.18380415664427796,0.18586909157983883,0.6019552991409427,-0.6927803875863375,0.4465501480042799,-0.8863736729261051,0.23245032755741657,-0.8140270151842096,-1.5184731761260375,0.5309840829487522,-1.5408363415150466,-1.1515517702819045,0.869125517075948,1.2148145472413805,-0.8220133988612338
-1.121596884217414,1.003902446571342,0.37045642726497185,1.20262037976812,-0.5582853356086528,1.1603647648837483,1.2795510427659813,-0.4498819515906306,1.147193660471628,0.4034777667767405,-1.2550907885653522,-0.5672577895210317,-0.5747358584663655,0.8124163934893897,-0.34209927721784433,0.8718023868300958,-0.04847332013989762,-0.38188337656401156,0.9587626671568086,-0.1090673638706271,2.2548046837639135,0.6043421997692524,1.700072733314177,1.2081431857923732,0.6418084687710698,1.2336847562930386,2.4289950361270396,0.8580906027616804,0.5806448688810397,0.2131244556680153,-0.45374881383439947,0.8775387382161515,0.35363002693806067,-0.27130445642524703,0.22398813464671485,2.0319994315020478,0.34514407504939854,1.579331562187932,0.5163882404206879,0.46022324440473994,0.342402627365184,1.9119163638591454,2.3369693910274263,3.1391567328988237,-1.7535782753377016,-2.1171610160360754,-1.215220016708472,0.4556264981816843,0.3887596675437832,2.5633944926689667,0.44989933875957144,0.4530702715241899,-0.22336551159217,2.6875060314821626,1.5900007368114328,-1.6534675300830148,-1.0650196724702958,-0.7474475077616423,-1.9956244557107725,0.2535804847276908,0.05328366917009164,0.18409914378469938,-1.0176978814874789,-0.8320926920315931,-2.507478672390701,-2.0247440884360444,0.2633248385641193,-1.2275129014459871,-0.2865900653724622,-3.345091436255168,0.04234607082963275,-0.48950549669817645,-0.34729969695123564,-2.5268653130857537,-0.7477373884425209,-1.660553559116238,0.7611143958172066,1.0504396821163484,1.5268609628720826,0.9008191073285879,0.7793504785744565,0.17775160849759725,0.10568973469834009,0.2955642931061918,-2.3257055164662446,-0.5631641384260831,-0.7217111128812662,-1.3355955609593677,-0.2839846111475781,-0.8990111954155025,-0.6333627588185853,-1.1101834649026237,3.123815920574791,-0.15477951610166396
0.6336809679738544,-0.28308199307339554,0.06317613810805828,1.234422710038011,0.3587904963636651,-0.6063872509335337,0.25624180608185376,0.2525941206000062,0.9389369605831572,0.5410671736630738,0.3389674477830785,-1.5852015266673904,0.5643582848065309,-0.965541782987176,0.782244884504769,0.35901757742664575,0.8482088968569956,0.5929481547703699,0.09471011884230605,-1.0606179049828353,-0.5050822849061627,3.424454289049416,-0.8276228386368336,-0.29303353449043046,0.11314878407428952,-1.5333602722405961,0.4707933623873179,-0.5616653392979742,0.015534763399292828,1.0703266998762764,0.601395895916703,0.10556878392894842,-0.2195601238339253,0.001204267650727453,1.8136611614584832,-0.17432800183287353,0.6831142567717781,1.9224550337995403,1.3302493577964847,1.3123555215723912,-0.2942628724789971,-1.3516274542963223,-0.2380314843502329,-2.4929030262518244,0.8514837770653174,0.7007522721148867,-0.24853545052346487,-1.5030520602100048,0.5747848918182955,-0.35100803778604756,0.9786179525772911,0.08015647636632178,0.3336261319491361,-0.5469592902169194,2.004053931258525,0.9476298978467039,1.2113365612440212,-1.7031976732764869,1.692825418679496,-1.3112722133023864,1.1254902326130272,-1.45071689188231,-0.19791284917109964,1.1011660903210378,-0.9057989981140382,-0.18144044481977706,-2.9043096891481017,-1.4432433211603015,-0.2702170654388153,-0.5146475303171397,-0.540222540492603,-1.7285575222477387,-0.27933666431519594,0.5232951716274681,1.1039547506728757,0.5453935962153118,0.05414665524909572,0.6851832362228577,1.081584266486611,-0.7196179089718286,1.3326924792131611,-0.9885846710715772,-1.0175487701652945,0.23807317871188252,1.3020100396972127,0.14795657470245344,0.11299582217224421,-1.4285763308178832,0.45077120588683817,1.2644635250424643,0.013502963618892139,0.7429742324755393,-1.7541229782423389,-1.3293394137454573
-0.9933706409522624,0.11061785188126438,0.21213069834631298,0.040985182219636346,1.6963359959707462,-1.7555708909985517,-2.616174296877188,-1.1043691442799517,-0.4029905208024389,-0.10853174103942592,-3.090039873652278,-0.9129506136520456,-2.1951259672859327,-1.3086977898900232,0.260935500480349,1.104930946999329,-2.638850505658831,-0.7745020692187065,-2.2915321837013876,-1.5753581858031316,-2.060829355818539,-0.6272391840287739,-1.158188022831884,-2.0621471425552094,-1.8416335852898953,-0.8180114278354418,0.09041684908071043,-3.0352755903622177,-0.45631645312556274,-0.3998570862339107,-0.1331284301237079,0.4836204195020667,-0.6849263449107981,-1.456640085746519,-0.23078301461903244,1.1145363418229537,-1.4142348685461694,2.238487078369393,-1.3533524280475713,2.125006854946035,0.648846261409034,-1.636135942010679,-0.8625926339392362,-1.931360880170774,0.6161224337973453,-0.27208554109708305,-1.049321503758625,-0.7476540335448313,-0.40690219691391316,0.3993506864214863,-0.4470094756115204,-1.3405840803185454,-0.15066588818637117,-1.6645435290160533,-1.6379299418094204,1.7633138898308216,2.0497633553118444,0.739956225840027,-0.2655355850193162,1.3136401694572004,-1.4822312141460117,0.6449123919084665,0.2478244755322953,1.421982799257195,0.275769146385312,0.40795910889951903,-0.38094566811815816,-0.5695842452563618,-0.6161440305719263,2.1854320648054335,1.2670020714901427,0.03232603719635008,-0.6743453893287202,-0.45953358298151137,-2.9190656536562307,-0.149631840437701,-0.5886226206078616,-0.6869757339641935,-1.1919917266779498,-0.4279999617300589,0.2874526297759755,0.1418957348523072,-1.6437904919799753,0.8972640558227816,-0.7781229357329191,1.9263984780742822,0.5715917883111423,-1.05278005723801,0.3782622146859002,0.6045608845766302,0.23571912536642603,-1.1058890297264092,0.3355911285565672,-0.7377581212791458
0.3337672174760052,1.104785921201859,-0.4640218161582446,-1.115031308131267,0.03581407282834227,0.24911171940430138,-1.566519549610073,0.16844233170238238,0.5221439003127192,-0.22686719874658712,-0.056426735295283637,0.41226571601773915,0.016044773215355856,1.7293745766879591,-1.5820315127526123,0.29349119635360793,-1.2913424611891404,-0.2584464482783691,1.8271976778205115,1.177161159834608,-1.2134859981607067,-0.14196009785600372,-0.3421907140162167,1.003476298040817,0.31166527050199977,1.8346119410257233,0.36013922850809355,0.7610300197371154,0.5647246392261298,1.0564712654210804,0.23045017841272683,0.8313796547358088,0.6904844791935254,-1.2746427573900685,1.4226363108636775,-0.9745821470781766,0.6182589312292872,0.5504871464472114,0.27898452903618765,-0.8539151379892057,-0.38563287379601785,0.1342967753082414,-0.23118335217825967,0.01179440753189076,-0.19377674545919965,-2.0689779184331827,-0.810113619406203,0.5644593917251625,1.128013505964618,1.343612997406563,-2.088646216302992,0.47876781737021634,-1.251713120498684,0.833559379300127,1.5668342357601655,1.509599417333661,-0.74973202063411,2.916836018683542,-0.9468096074341636,-1.8855855534977817,-0.13588962254969905,3.645089756345784,-2.793268420982838,-1.720958717198257,-0.41806605109478556,-0.6599877231191204,-0.14874564565827542,0.4738491344488887,1.9775952118576179,0.21107854332388065,-1.392814268828454,0.1088077175987916,0.2954126894708333,-1.4078161596316898,-1.6574278801526328,-0.5566440734943717,-1.3066030459194695,-0.38624901530888844,0.10024391911794628,-0.013946037804488979,-0.731021543706029,0.28116112755094685,0.03587968294662902,-0.5135462034110833,0.34637966866081266,0.35005632228485145,1.0423314444408756,0.5856940936471604,-0.15063039869515457,-0.08053472836085637,-1.4527847388711448,-0.6546061097715727,1.2651764523087394,0.6458955155582572
-1.566311959241626,0.8526028653224414,-0.041922346940287174,-1.7017037724209367,0.860122304516483,-0.0010691183482514077,-3.4974112123634566,0.21982123652804691,-0.3639188216877143,-0.351433900943534,-0.9371536990893219,-1.3408879002599514,-2.5041447354819986,-0.28725111680839466,1.3429362727939522,0.7131751365785792,-1.018793938370368,-2.0167762120119512,-1.4011482205597123,0.9070690587612548,-1.1316531040093696,-0.6735710187756487,0.24342632087296862,0.8305458159389243,-0.18886076873877714,0.8278562716409762,-0.19562030017611362,-0.03453488109858838,0.13230246685173686,-1.473412816869154,2.4476880606975704,0.22697745733422803,0.48972936260392147,1.0129658309812406,0.4887787371160472,-0.7828742683664377,-0.8198846798571826,-0.25138315324815785,0.013508091207875939,-1.323016283472191,-0.28721602777444,-1.2272115648464101,-1.0324254307062897,0.33650166023442774,-0.03297963046782826,-1.4725722104817245,-0.2567002466969536,-0.2960901674247533,-0.435789934662523,-2.0913810982778385,-0.5353025441482636,-1.3819602863093738,-1.5973013689570694,0.5703423476808307,0.6192098215100379,0.49183360329579123,0.03526347956781928,-1.3780521262311145,-0.6755517548330492,1.2394650938121505,0.5943115003412219,0.44132447729314417,-1.412332016938688,-0.20246177207534127,0.4971516987012763,-0.46512549296277855,0.785275707921181,0.3795805548617629,0.9244075350123901,1.083134681862935,-0.07057418364971187,-0.20930587354986913,-1.480129866366008,-0.00443102987395394,0.14992172860477293,-1.06779846924178,0.43300341961866173,-0.9442643589791724,-0.06727123306042115,0.2907147191099138,-1.107489891641765,-0.49306398086801045,-0.10364539549431762,0.9466763146486832,-0.9458269403502706,1.7181727404680642,-2.318953970236236,0.7573752537234834,-0.8722685767410384,-0.5793588599220738,1.3372915327027235,-1.5058176558926912,-0.2821256157137183,-0.37054661547274337
0.2396090351086469,0.1261688615477159,0.020577495797317005,1.5364888767134857,0.6074785909566902,-2.1387580403452,-0.1711471950551672,0.5420248005739338,0.9488637950258854,0.8111081538686957,-0.1215362925503814,0.4591237274604633,-0.412606898032144,1.3871125103550375,0.27147583383569934,0.3343845710721222,-0.08995312999366822,0.8420615496580266,0.6110546678745836,0.11523490742991702,0.7261323293474087,0.2047340572489353,0.41933677456871166,0.6836412269169567,0.4805091630043382,-0.5065124807539518,1.0209704598382054,0.8956960970102943,-0.8076792415952125,-0.16288858849446497,-1.478968233397934,-0.8017633924622198,0.2926093510050437,-1.2045216182125416,-0.8028390962620099,1.0730576842195212,-0.6227893111290148,1.6020947527325307,-0.8056916178078335,0.27129811250378,-0.891850665150141,-0.8082879032335194,-0.6426356096658075,0.1482259878154512,-1.0536589326190908,-0.3452051073740854,-1.0871666094802075,-0.961454625527574,0.3573688917079702,0.019658168494250085,0.19522995936578297,0.29661713838710374,-0.07312721291644875,-1.167636278361003,0.7904768395478912,0.0998068191493765,0.004463114334959384,2.0022880904369496,0.5541889410647118,-1.9178975657697803,-0.5563942077664886,1.1176073751167817,-0.3355612866653406,0.1717572352754292,-0.17593974336805465,-0.1686250313650139,-0.3733853407271705,-0.5162540971197489,0.4870043222761075,0.18143583738973212,0.1472888631501647,0.4447261875687887,-1.3065674099663833,0.002424041423307724,-1.0492754185113664,-1.2299427047353508,-0.215627957547239,-1.584894857024262,0.32412374047676307,-0.5113334704472521,-0.08685380262172053,0.5941399728795622,-1.2204340010388628,0.3202801965297078,-0.2581427431028737,-0.5943627592537243,0.964714102800142,0.9585804138664645,-0.34454949448546063,0.6296910742813836,-0.18261350575971508,0.9063272693683859,1.8058208507120828,0.3491646116898307
-0.437798627852603,1.123641044953009,0.024484052183915805,0.056300590681627405,0.49830271232377343,0.7709592190286711,-0.35720869313617937,0.14361089045192904,1.2560304455983804,-0.5043462975270593,1.1240083619300265,-0.7166177569428216,0.6839105294741801,-0.4124535370667467,0.31034046110939684,0.6271329057960338,0.7451473919154253,-0.0693262875417488,0.33073137191110263,0.07661208481236684,0.13815695426107516,-0.7239212771977018,0.15146778762065896,1.280632098234752,1.077977913506302,1.022820524734809,0.9428109327120416,0.4158791781755832,0.9902509848660297,-0.3265152036637245,-0.06306723185749,2.6191024065941972,0.8676179066168355,1.3274011484474952,0.15052853140592104,0.22908143155079863,0.14883292056021113,1.6631241111407586,2.0440770052003314,0.11281330218362468,0.09599670403737934,0.9945773893980794,0.8706225822803109,-0.28191000398392374,-1.2777976689433574,0.12240915363106905,1.2098593040404118,0.33611381084657377,0.7931279231376954,-1.1852649068752554,1.050246564762349,0.8868244662744944,-0.4631816633516713,0.5564556544631992,-0.5480717715616045,-1.0792951005199813,-1.4983281336420655,-0.2370711820672332,1.3497441707282163,-0.486110283909586,0.3425258667395199,-0.8155700898310759,-0.8418979655963024,-0.9043133761552034,0.16888225699484183,0.48171055580052907,-0.8420340583693757,-0.17282374091242214,0.3014909253891369,-2.088665104489429,1.1602566442070383,-1.0513698983331479,1.1802168406060738,0.5647721741796135,1.2711945696947975,-0.7465529520312926,0.6332772040070234,0.5810899310498245,1.3166943765781178,0.5392102621644338,-0.32174270198526583,-0.06399112990284082,0.6264689846260835,0.34150261115197533,1.5292598768024541,0.24244622357475792,0.18292956744553393,-1.055263700607608,0.2182644923665333,-0.7797622803599991,0.24979984695793972,0.6348327531295125,0.03606086342528719,0.7324644908018555
0.7965473564956372,-1.2558668587385786,-0.2155191784496342,0.7667806064114526,1.6054460981233847,-1.2615015621757721,1.311102305167096,-0.13776196364569315,-0.10154633674809543,1.9501111177653279,0.8100049551485627,1.1247853130064245,1.5767063689154024,1.573377908676282,0.36887507926295987,2.7699801073095522,0.7564496863806995,0.6726951784850497,0.6006269423459526,0.6241898482315861,0.3539432332187298,0.34390251659174276,1.2703165438220148,1.049989105427821,0.43822381682181,-0.650109712390124,-0.12437912396206063,0.297600844488459,-1.6931090310337291,0.3953891456198552,-2.983889142088745,-0.15829609479999862,0.08323844537715924,-2.011748973883254,-0.7227851097455062,-0.2332030958827943,-0.21040626057526457,0.9863204387724309,0.6945813764428532,-0.5641586519143635,-1.7797245718572714,1.289673016567941,-0.5706814388074288,-1.13296573438898,-0.6986479749140591,-1.0662907413666736,0.18263837754073348,0.7291840065873674,-0.2513640973264971,-1.7902688064559542,-1.021353412950663,0.5164917342791746,-1.9270289726155756,0.8556539847568942,-1.9271314513290347,-1.8278571142997677,-0.9395993197206489,-0.006631851981181491,-1.441798290225899,0.7711865648303823,-1.4163517450555385,-0.014614885978984582,-0.4564508997373524,-1.4868404646551248,-2.2433436703328598,-0.42433030105376834,-1.1542159327368255,0.08409651345161384,-0.2281678214493822,-0.1509546225388314,0.520259945835694,-0.7786371752347387,-0.046277519610663675,-0.3176186077149555,-0.39974630649956555,0.33743031137942564,-0.7776569863255208,1.2489827186507312,-1.445639012333145,-0.14699625202682753,0.057350673576951505,0.18795300072879448,-0.6222254704449821,0.6522372528673236,0.4765276957716663,-1.3843198836706905,0.5109738481060617,-1.79787233641884,0.10103970847381387,-1.2170025605674926,-1.457100971511089,0.11729447541083826,-0.03014222213856957,-1.806048847002141
-0.9683835977100828,2.5051633286618764,0.7544321705804333,-0.0005455649981085109,0.5780084888053402,-3.1080547497975592,0.7538465710582042,-0.3374772981231367,0.2904153327065865,0.743716978117666,-0.46806568963073264,-0.2935939426283293,-0.4810887828620318,-0.7722841150316255,-0.5709162845082648,-0.1802181254571551,-1.029347719199307,-0.7495828393608386,1.823778896334654,0.5625736297343275,-1.1157703375570747,-1.7349030156845515,-0.06478622708357074,-0.3942266683423106,-0.5112705450793545,0.5798678508408649,-0.3679169419450202,0.8873507773790349,2.180415892189545,-0.6434445201729374,-0.37570492646872566,2.2471450615149875,1.1535149260893889,1.1800618762838326,0.748136586323978,-1.0646487634948627,0.41598896285083503,-0.2448615944055916,-0.221252254340424,0.30667163891541155,-0.0744943857225206,-1.188578422973992,0.5448527079192931,1.1395123949087396,0.042293122808962136,-0.5290988649737404,-1.5940644387041252,-2.569474129745273,-0.3794844304179933,-0.08241907077600219,1.117842791747444,0.20183389949444075,-1.5374807011083416,0.43255709314681245,0.07471628571109157,1.6202239096380104,1.135669973895341,0.6258075169771611,1.5179414701488607,0.8556711788682703,-1.5224437288150834,0.6736136355953442,0.4641038523619695,0.028122813127201995,2.1650088977184794,-0.34416415687463203,0.8789961040033609,-0.5893930402324169,0.4697094284643489,0.9214331555826176,-0.8917051018494341,0.6993135939398948,-0.5037470102197473,0.43378241752147495,-0.032890264609354736,-0.6977107597002276,0.6427521448509687,-0.659214238637047,-0.9792150225004372,0.652471808742522,0.4273301638470174,0.05950051834224574,-1.9895947186875134,0.8882507162420377,-0.035519501764794986,0.03140286555359356,0.5410934286943271,0.5884222002674435,-0.19610025418350424,-0.034806992155216654,0.2974601112625005,-0.8062722113752776,0.523193203620534,-0.07867796016818857
-0.5882410782149261,1.2988069518805925,-0.31939099621704525,0.07158785500863701,0.859941483642625,-0.27357145832177987,1.115870575127315,-1.2658146975451845,0.8917005964425955,0.566019111236862,-1.9738923777092383,-2.028554471432793,-1.9039665858233141,-0.12284159564683306,1.816773591839744,0.45045055236432535,-0.47568655552930517,0.05471334084905677,-0.15338581279618774,-0.4251301820068639,-0.04502242462014172,-1.1961373989060171,0.22030416974181177,-2.2365797465000323,0.17770827069994916,0.6165726400560995,-1.0801157945102497,-0.4003129888733785,-1.8564481648367024,0.20287506041690542,-0.033713262497113095,1.8954446904056677,0.3841430624275951,1.8716655024670126,-1.8706615331303413,0.7002779399807365,1.2456233759503392,1.2729399623115112,0.3434322029893011,0.19226955041811084,0.5286631001801405,-0.9584621862511407,0.9126998662272443,1.3551973993987243,0.36694163309298916,-1.2076426125851905,-2.0912106124662766,-1.6225610547243985,0.2135291743358384,1.4620449964634976,0.35563512961011146,0.04277688992476014,-0.9790506681770917,-1.0383865507864134,-1.836113397712427,-0.7861531879890512,-0.4951056899099776,-2.2618191230470277,0.27732884476283065,1.3443823335282175,-0.08346522815744684,0.2493569732454187,0.2664410466444447,1.4812721289624058,-2.086580111409835,-2.458277642097549,-1.3322922446139986,-0.25572025208997085,-0.7866069893988777,-0.8820896764368161,2.008974017458786,-0.5566157313123574,1.3034918993302465,-0.08451154276001051,-1.2275996930324171,0.45216445816130546,-0.6048565387234208,-0.7684363291341394,-0.36896881778731017,-0.1291616424275919,0.1118461511542751,0.5942584658638738,-1.7072905687585633,1.8689010919086064,0.22554178928388172,-2.259305134648376,-0.3747761683589046,-1.4372758076277368,0.26074947942802534,0.13592663375898453,-1.2993690090988284,-0.9702990111541229,0.6265677329507069,-0.42181122165657386
-0.565497895683117,1.4158122854345825,-0.23965028061840335,0.15840232477229166,0.6091470798978734,-0.03910605174846438,1.1888240688374083,-2.224177360666092,1.0902861866985443,2.183536160671403,-1.0829418775040294,0.5331976235945728,-0.8629962623639867,0.08230099990515816,0.11718299139349293,0.3763168297127797,-0.05956917530612671,0.47310484072418446,-0.2730034245882461,-0.12062779979460642,-1.795882705370418,-0.37611715799292444,1.1258057200268183,-2.705582844831813,-0.30407019783158334,-0.7175664167944847,-0.20766774673553678,2.006175217681056,-0.5102439123297005,-1.1454313917117451,-0.9489430117521548,0.6227423604389983,0.21670062518625233,1.6215303016868516,-0.9770395852227236,-0.06691299406852258,0.7469472351089994,-0.3751770934811979,-0.2675531048912877,0.7872733507337679,-0.09270372941689659,1.45329195403112,-1.1267495191750725,0.4353865833200707,1.8017368834357879,0.38866088312835423,1.011507679335746,-0.1398026943688746,-0.9340034377171792,-1.6360346320512833,-0.4460828504846941,0.920122009395843,-1.0671784630090568,-1.2911113460258976,-0.5269133337385394,-1.1237362595552836,0.4398970440476315,0.220550626831663,1.2626077308063204,0.8479225110191257,0.34862766007590484,0.3858729616391962,-1.663148937680259,-0.016752481351563653,-0.08029405718466096,-3.3734162852764444,-0.19147989392261622,-2.513288022767488,0.37260924077553004,-0.04646017405056971,1.8506780911375693,1.1540758883722537,-0.3675359643708008,-1.0257873139771656,-2.2456333015030068,0.8057850956992312,-1.1037615442146849,-0.12528304696549647,0.8624624040355467,-0.6096600074528699,-1.409517580499067,-0.9284579547234073,1.8996318251358848,-1.1995621583757878,-1.1357328431361733,2.6638536447813963,2.4168497789479573,-2.1685359107854087,0.22754099502212607,-2.5069978071464396,-0.03201980477211008,-0.33535672156328167,1.3011934233171556,-2.3758916057798154
