Cells_AreaShape_Compactness,Cells_AreaShape_FormFactor,Cells_AreaShape_Zernike_2_2,Cells_AreaShape_Zernike_3_1,Cells_AreaShape_Zernike_4_2,Cells_Correlation_Correlation_DNA_Mito,Cells_Correlation_Correlation_DNA_RNA,Cells_Correlation_Correlation_Mito_ER,Cells_Correlation_Overlap_DNA_Mito,Cells_Correlation_Overlap_DNA_RNA,Cells_Correlation_Overlap_ER_RNA,Cells_Correlation_Overlap_Mito_RNA,Cells_Correlation_Overlap_RNA_AGP,Cells_Intensity_MassDisplacement_DNA,Cells_Intensity_MaxIntensityEdge_Mito,Cells_Neighbors_AngleBetweenNeighbors_Adjacent,Cells_RadialDistribution_MeanFrac_AGP_3of4,Cells_RadialDistribution_MeanFrac_DNA_3of4,Cells_RadialDistribution_MeanFrac_ER_3of4,Cells_RadialDistribution_RadialCV_AGP_1of4,Cells_RadialDistribution_RadialCV_AGP_3of4,Cells_RadialDistribution_RadialCV_AGP_4of4,Cells_RadialDistribution_RadialCV_DNA_1of4,Cells_RadialDistribution_RadialCV_ER_1of4,Cells_RadialDistribution_RadialCV_Mito_1of4,Cells_RadialDistribution_RadialCV_RNA_1of4,Cells_RadialDistribution_RadialCV_RNA_4of4,Cytoplasm_AreaShape_FormFactor,Cytoplasm_AreaShape_Zernike_3_1,Cytoplasm_AreaShape_Zernike_3_3,Cytoplasm_AreaShape_Zernike_4_0,Cytoplasm_AreaShape_Zernike_4_2,Cytoplasm_AreaShape_Zernike_4_4,Cytoplasm_AreaShape_Zernike_5_5,Cytoplasm_AreaShape_Zernike_6_6,Cytoplasm_AreaShape_Zernike_7_3,Cytoplasm_AreaShape_Zernike_8_2,Cytoplasm_AreaShape_Zernike_8_6,Cytoplasm_AreaShape_Zernike_8_8,Cytoplasm_AreaShape_Zernike_9_5,Cytoplasm_AreaShape_Zernike_9_9,Cytoplasm_Correlation_Correlation_Mito_AGP,Cytoplasm_Correlation_K_DNA_AGP,Cytoplasm_Correlation_K_DNA_RNA,Cytoplasm_Correlation_Overlap_DNA_AGP,Cytoplasm_Correlation_Overlap_DNA_ER,Cytoplasm_Correlation_Overlap_ER_AGP,Cytoplasm_Correlation_Overlap_Mito_AGP,Cytoplasm_Granularity_2_AGP,Cytoplasm_Intensity_IntegratedIntensityEdge_AGP,Cytoplasm_RadialDistribution_MeanFrac_RNA_4of4,Cytoplasm_RadialDistribution_RadialCV_AGP_1of4,Cytoplasm_RadialDistribution_RadialCV_DNA_2of4,Cytoplasm_RadialDistribution_RadialCV_RNA_1of4,Cytoplasm_RadialDistribution_RadialCV_RNA_4of4,Nuclei_AreaShape_Eccentricity,Nuclei_AreaShape_Zernike_1_1,Nuclei_AreaShape_Zernike_2_2,Nuclei_AreaShape_Zernike_4_2,Nuclei_AreaShape_Zernike_5_3,Nuclei_AreaShape_Zernike_6_0,Nuclei_AreaShape_Zernike_6_2,Nuclei_AreaShape_Zernike_7_1,Nuclei_AreaShape_Zernike_9_5,Nuclei_Correlation_Correlation_ER_AGP,Nuclei_Correlation_Correlation_ER_RNA,Nuclei_Correlation_Correlation_Mito_AGP,Nuclei_Correlation_Correlation_Mito_RNA,Nuclei_Correlation_Correlation_RNA_AGP,Nuclei_Correlation_K_AGP_ER,Nuclei_Correlation_Overlap_DNA_RNA,Nuclei_Correlation_Overlap_ER_AGP,Nuclei_Granularity_1_DNA,Nuclei_Granularity_2_ER,Nuclei_Granularity_3_AGP,Nuclei_Granularity_3_DNA,Nuclei_Granularity_3_Mito,Nuclei_Granularity_4_DNA,Nuclei_Granularity_5_DNA,Nuclei_Intensity_IntegratedIntensity_DNA,Nuclei_Intensity_MassDisplacement_DNA,Nuclei_Intensity_MassDisplacement_RNA,Nuclei_RadialDistribution_FracAtD_Mito_3of4,Nuclei_RadialDistribution_FracAtD_RNA_3of4,Nuclei_RadialDistribution_MeanFrac_DNA_3of4,Nuclei_RadialDistribution_MeanFrac_Mito_3of4,Nuclei_RadialDistribution_MeanFrac_RNA_3of4,Nuclei_RadialDistribution_RadialCV_AGP_3of4,Nuclei_RadialDistribution_RadialCV_DNA_1of4,Nuclei_RadialDistribution_RadialCV_DNA_4of4,Nuclei_RadialDistribution_RadialCV_ER_1of4,Nuclei_RadialDistribution_RadialCV_Mito_1of4,Nuclei_RadialDistribution_RadialCV_RNA_1of4,Nuclei_RadialDistribution_RadialCV_RNA_3of4
0.8223759364110835,-0.30104377479116706,-0.22202090164230492,0.16795247042681816,0.13493205796007957,-0.7933248221255718,-0.6402842058582663,0.14782317965339048,-0.31909318099471334,-0.7621123055936377,-2.2559681598750903,-1.5211271172630116,-2.2577817989167297,-0.032078625209540634,-0.765139899263694,0.9807841272074944,-0.7339977563690399,-0.05983448254059526,1.1843737471051738,0.533672073190241,0.04005732262992634,-0.2439285371777,0.07645987298160806,-0.3239332767501736,-0.008601357566677528,-1.5647699435092632,-0.5581930000128855,-1.1512060133049098,-0.6386866883550469,0.05560692943513357,-0.06116135816850554,-1.168277764248109,-0.25148004438822796,-1.738485246088741,0.5740086547822114,-0.5908517697643217,-1.880106743474888,1.3594665153951393,-0.1788073494450057,1.0771720883899172,-0.9685948334967138,-0.5785096224523822,-0.6354608006954601,-0.0360538196350223,0.9783345828805159,0.1337948133753767,-0.5804863394374347,-0.233769372952431,0.5944585943604108,-0.022341447294123462,-1.9154164542641998,-0.8581521724604684,-1.6221487729576047,-1.1586466464316783,0.18513464601292853,-0.013766936077849068,0.8033975617016358,2.7882833853482873,-1.6178027662839418,1.1755126161678535,0.10126555332467019,1.4066331358381672,-0.7669792248774854,0.058182913194786134,0.7096921074514801,-0.6888398635742332,0.3802489687927275,0.35021699480150303,1.9369300388838222,2.463480218076008,-0.6619385783048283,0.681196829042932,0.2522018461629401,0.3743523167676411,-1.0824144952299473,1.081316803712962,0.5425776652032251,-1.1120183963993184,-0.2155139414182746,0.41792585964860157,0.3126153975881918,0.024938864024039553,0.9493003563933445,-0.8345107626065157,1.233983119601016,-0.11208809577251383,0.5701226410725997,2.7435454961219192,-1.1134180788221695,-1.5177253343308605,0.7380664222747498,-0.08497273322570456,0.1385617619323845,1.9927082446351405
-0.5087120183330938,0.5346210656885522,-0.3369737198956136,0.13972869546851818,0.9203503329536482,1.2138170493838212,0.29316315224397366,-0.7428799669549969,0.09279419988949755,-0.3685202832273677,0.3760981419586571,-0.6717567254146595,1.5739771201772053,-2.1687172284598004,0.8836706153485232,0.0443117294851646,-0.5603664994139348,0.5632612054887732,-0.3287252653441691,-0.43395449281471493,-0.24422949045763498,-0.010905109373493205,0.2428088991347238,-0.5305742569011158,0.5279428226038552,-0.03930281832499427,1.171010585969873,-0.874359378104404,-0.8780003996354447,-0.049566147492144275,1.2048226278347014,2.9661923053986863,0.9263980620208611,-0.1412392669430631,0.9781209449129357,1.5964244996133865,0.21016138176997212,0.6169173889238477,1.0508316274895881,-0.4805546711664792,-0.722402854672374,0.4686383558455002,0.44794820861958884,1.6462577220995904,0.691609269609555,0.7217371300696442,-0.1306590391245509,-0.07866933756816291,0.07839377150137505,0.8350078084384227,-1.0541013074369636,0.13873400888864196,-1.803483939065336,-1.1780082080340095,-0.694734488125752,1.208633448744181,-0.25464983828061577,2.1055201594129036,-0.10367726906429292,-1.9405507073948118,0.5494024032534598,1.455798553099728,0.10398802659762385,0.6043981358021356,-0.11599399335763755,0.33366049825549926,-1.010128964931889,0.6278710482139007,0.3348544639808054,-1.8469637819153464,-2.01402845857896,-1.377464738672407,-0.06129724828151611,0.1339665507676773,0.05765960067639442,-0.7245345547855787,1.7081269580092175,-1.3046877365430625,0.38099655411165156,0.009391985613050213,0.9479997444018263,1.0537467228780897,-1.469001395393071,-0.876290744355938,-0.5459647239230926,-1.0433037736537807,-1.5864325303889784,-0.025964261615275597,1.1571283129071932,-0.48339613022574407,0.05428166676353857,-0.5527488139092076,0.5015468471134399,0.4331753080768536
-0.5148274434251079,0.19572200419627866,0.3303984914610082,-0.4051933366953878,-0.44048965453019934,1.513303967659113,-0.3052802054760039,1.9116749523556311,0.8212973575659701,-2.392031985399162,-0.7059808155662581,0.3543715789788386,-0.4656312131606546,-0.0019000176524553158,0.9412086433181829,0.17656669200483877,-0.17668702297476627,0.0867791493520237,0.6250013394697587,1.7494493645418803,0.11673591108369885,-1.2200504063581428,-0.6715620236230341,2.7746047207929623,-0.0270669732504166,1.2689460262587844,-0.6048661436785707,1.479665162332907,-1.038286415084017,1.2546375141959085,0.08927847222136907,1.1779697526527113,-0.25028055754926576,1.272446109747216,-0.6007302916802649,0.5832137385691236,1.1056967456492228,0.028979089714022147,-1.1862237538613634,0.31164625387412104,0.0686924547030528,-0.044170848013176583,-1.7777071288535775,-1.86333629897964,-1.0577462615448363,-0.45557385307804354,-0.3774690600312248,0.18632074998239284,0.6532200215335203,-2.5944724589429073,-1.358775808541414,0.9097614269288816,0.5562976390423287,-0.4021499252050812,0.5635676943347866,-0.03579846961542668,0.6050808537789611,-0.7624755583795224,-1.6472473149568005,1.4043345593493013,0.4884188214964819,-0.41936725465881114,0.3729576212789108,0.9572625391012336,2.533025069266758,-0.48320660002947036,1.065990828916428,2.39100679802698,1.6207583214147556,3.6348203644797277,0.5166803047779133,-0.4384161108650383,-0.7191473270205598,0.6236844218732854,-0.11570785040368547,-1.2022869035286161,0.9319570660477472,-1.9958802910378073,-0.8623787910047563,0.5703089183985873,-1.8569953989228112,-1.041307139172474,0.009048982650196907,-0.1187490309388315,-1.914564690983363,0.8713666450997591,-0.2939636488254699,-0.020896840105424086,0.36590678729793774,-0.4602480261883245,1.0808104243562247,-2.048508690842628,0.7566446976706039,0.44572889767321183
0.3931708819745235,-0.8146584463022067,-0.2932219823230948,1.300110575889525,-0.42026256429826747,0.40818977869881284,-1.1806051444561894,0.1367967150331746,-1.6143650718348754,-1.9937955615502476,-0.18398705907934793,-0.7737815346540667,-0.013051626338211442,-0.913583604721202,0.4962123996000428,0.6000197936817203,-0.23364682020036787,-0.7807447853709277,-0.2701819502866374,1.2816368945393397,0.328168412311666,-1.2199465316928841,0.9199524976949447,2.1450826719004454,-0.3772200650578086,0.979376414063759,-0.0810388735512772,0.7577525433319068,-0.6711927030010877,0.8063108503158055,1.359415778605787,0.18242136655050784,-0.5416268181018691,-0.953507023649333,-2.2037323476959947,1.1455509520879348,0.5124299747203995,0.5278192859235851,-1.0887310166734996,0.8641628029673636,0.4147562826735328,-1.0544786726156747,-1.2504712474225956,-0.6872072637116882,-1.413679391409666,-0.5332166794813616,-2.374676951521449,-0.7823756633663271,0.2590736524521773,-0.8522930119293441,0.07237823612645888,0.6281303454576932,1.2466493620183934,0.3659757637108233,-0.5104430888123489,-0.1974071226295525,0.30592981209693115,1.8923247629128634,-2.265776896739738,1.4266877137706504,-0.7232042297465218,1.9951705288071042,0.24872704351210878,0.9689743581337519,1.0902009676433275,0.5014575937316906,1.41804427832227,1.1114761723237203,0.8627663196292477,1.5612630058723937,-0.05099852744447603,0.4707639579971211,0.9145103567918363,0.5081753134742792,0.0945284462341634,-0.1167998129141059,-0.5960112273323798,-1.4235432578763598,-1.1353197013663654,0.37898623919180413,0.21490474922187586,-0.4407799952779387,-0.29455033371070044,0.9561097556984343,-0.17261587703506648,0.22336170087540963,-0.5434079135699861,0.142632703655887,-0.016860634190267718,0.08268731543732638,-0.4307649960842777,0.1291518546330671,0.8631445603319579,-1.4143314845390622
3.277288117648684,-3.5958588357767978,-0.2457058946111802,2.6887103056350634,1.7384914710134676,0.1232709584416307,-0.72291251157607,-0.6387189951766021,-0.6325561701582113,-2.007380057533293,0.9378023113033739,0.27583971861222106,0.06605003825316003,-0.13088497223536144,-0.1044568406566176,-2.7655841929716356,1.4368868800894345,0.7638740804478876,2.888666240490549,0.9469087734522201,1.7370170849637687,2.3465150778869144,-1.111617061077327,-1.0272851482768317,0.23664817940664734,-2.052297667754204,1.9405170876956193,-1.6321604845689097,-0.9960125358904579,-1.0667691468596723,-0.8379066943833892,0.13856840080365296,-1.248170625442198,-0.5879177808333897,0.39178061228184247,-0.3486639569452807,0.6006405225768598,0.5395352560800301,-1.2607865324798215,1.3138460371909684,-1.278230858215358,-0.4397667525216995,1.8072094401976102,-0.951722233810391,1.3262662290150933,1.1958133658371297,-0.8017005329886606,-0.9338844407252865,0.45126881334957714,2.342303659395297,0.01733465092025177,-0.6551686151090225,1.8628909052737477,-1.2856377193945203,0.2828620685699148,0.12105407571686921,1.238639717563406,1.6358325662582538,0.11461928526455957,1.1469378465818738,-0.43931302641959336,1.6944532869526017,0.9060824860621005,3.1400546986560522,-1.663370970971921,0.7942663998701406,-0.9627898371283716,-0.2950516557344789,0.8064157658268796,-2.9076682926367843,-2.481451066832089,-1.7553174106762084,-0.6752352204200327,0.3849040406498332,1.0201514716861677,1.7909798060575108,-0.8456884437776481,2.95860770829752,0.8965008374170815,0.3237326242713544,0.13386342280783214,0.14959101770269378,-1.5318071714129475,0.2900088757394415,3.6643621017614443,-1.8644708328760171,0.006841876405016878,1.7866921766266108,0.22938473455895592,2.5348891583539306,-0.2906188994765404,1.788460180085001,-3.5995665148321896,0.48914497028828036
-0.8429442634430968,0.30625818194028925,0.37829892798060855,0.08758432383593989,-0.30689465803397936,0.25336152651273447,-0.3462060886974732,0.7337699367435556,0.7010238912845992,0.3628279295463263,2.237047711410565,1.0137403609014515,1.1536556772542088,-0.0080491822995159,0.1266091148070119,0.9562782531044791,0.39109609860953104,0.5343576427207493,0.6479748990030945,-0.23249591316647797,0.5014172087242326,-0.7362728461707635,0.03923898834775186,-0.4336111638615936,0.010892522908562019,0.529344667520557,-0.7882831824907816,1.5716997916667244,-0.7623592966840367,-0.5579458591598401,0.7331227317376972,0.07087589933724919,0.6946266394126119,0.7566947451367774,-0.14293420888274197,-0.6782104947520803,0.115611518650515,0.20487810236620796,-0.7639929105038369,0.8337860842002478,-0.42990549367679975,0.8199309193837504,-0.2414790277336301,-1.7777523501293409,1.2487540623731044,-0.22399191489748965,0.6244730690286358,1.6323198426149874,-1.1290129764124668,0.7534853932163799,0.708250819697967,1.2126259664212506,0.5008804952140189,0.5036529796525162,-2.995974383534969,-0.8777444212247478,-1.0005469688281878,0.47910493139676025,0.6863062343099953,-0.9883387137900518,-0.22262439081637309,-1.7272099911117642,0.27945175614878853,-0.22417322231911868,-2.342555842772814,0.9764090304993586,-1.4693243900195134,0.8881959317887584,-0.5260019522925073,-0.9734816900415432,0.4597268873053129,-1.5264232694730286,0.7134749500128703,-0.7945167499539858,0.9269072312792362,-0.011841738907894611,-0.019173451697285113,2.280675359216319,0.08462975332018008,0.464642996004347,-2.3726704344258973,0.6245648287541219,1.0896150589371185,-1.4386497002975198,0.5289090369973448,1.2980645704270974,-0.3665098449803904,-1.7415224617613194,0.7500255988319913,-1.7816795979180864,-0.533531614832412,1.6405005013620921,-0.3909443128863004,1.008277339514606
-1.490104683612115,1.6001005603551393,-0.038201261789108217,-2.249386289223813,-1.3608431547243378,0.014296197638224062,-0.5667635260816919,1.2153705007588913,-0.8298906829823335,-0.6879074926787929,1.5547212697763737,-1.1755763497338965,0.07277150609485072,-0.2897199628030176,-1.498561775523453,-0.7871888947992366,-0.8921054895583518,-0.6215119435351704,1.1793689870148671,1.872052173969291,1.7012157514114508,-1.084070459573512,2.536584082569514,3.5566473467288993,1.7710306628302521,1.0481089711626859,-0.9392579162995414,3.310718311387544,1.2809754004588418,1.4167562437739587,0.6343721986133193,-0.1074685778395561,0.6175532245419876,-1.3162360331359755,-0.5217699745624753,0.34671585179457115,1.8208566702710014,-2.541803178508702,-2.08743155028651,-1.8405727067186686,-0.37822084472706075,0.07917543335714124,-0.00986936382087944,-1.3201983695197685,-1.2786242053191785,-0.06633764110708895,-1.2210940364913916,-0.8000341690408463,1.650882460953742,-0.9761090128002847,-0.383451555722951,2.360287678884941,1.1986330056323395,1.1948461220490145,0.508895489447813,-1.5279820503911528,-2.4977805484252253,-1.9534294015171678,-0.4012905099812858,-1.4595317511692336,0.6931765665939622,-2.9018855926602125,2.047418668909365,-0.6630063019172379,-0.901269130742053,1.464259971847237,0.3682816703527031,0.8531303855737393,0.9404082669711297,-1.5318591325131878,-0.16566109345025926,-0.8091766822544122,0.799235593188426,-0.048253488919005716,2.766338995202605,0.7813521851816736,-0.26918450082948314,1.2298833041942523,-1.315606956746326,-0.3483314084474688,-0.2365138171714828,-0.053329096462311716,-0.15081998379987283,1.3503252733548474,0.7199380011498412,-0.33424067077233577,-1.0960566645213947,-0.33154972140491135,-0.731688366984213,-0.8391417958765734,-1.557296227149597,1.7020540087103473,-2.5668258638894548,-0.8944159486514526
0.7249782808588632,-0.4031979483896726,0.041400934914717975,1.1960238919453676,1.0071465857651805,-1.7696719282089521,1.6762513873899458,-0.4698388272746838,-1.6811866919643725,-1.0145699164833197,1.3368206311856285,-0.7532742411270459,0.12081430679234184,-0.6089115122528377,-0.1420123527984612,-2.247063589138346,1.5035658664047753,1.334506787106172,0.2281699003681945,0.6058826122535936,1.8346384369763995,0.9818002251318223,-1.203773573320316,-0.7206991532357544,0.7594700898783084,0.15263544211648444,0.9027725712226036,0.056520124964220875,-1.1545653385171357,0.7687082532150262,-2.120264027822731,0.6358480195831526,-1.0092198972228656,0.11364317690535894,-1.9843518968311646,-0.7719667759242579,1.5925256239932875,1.9261637879529054,-0.09987777218747923,0.8577145381202504,1.026288065030499,-0.2198549349839647,0.43531250478388,-0.42896218085213544,2.0092875644480235,0.8927553145190839,1.2039956872668514,-0.48732310694489106,-0.6626309702146362,0.276382273099128,-0.3205796633853587,0.3946801342364076,1.2150436600055152,0.3092452202757651,0.9308728295045596,0.3393365309114,-0.2686927810892876,0.3773865640368674,0.8362071934791739,-0.3124362300019023,1.1493815630675621,0.44951863472183784,-1.6547569639588187,-2.242887495916137,-1.6175387633723022,0.9465813068356921,-1.7809234033584898,0.34490588097475017,-1.234191351347079,-0.7780368080700526,-0.8900885168862502,-1.5580649242152802,0.03974072210621693,0.5381825936335951,1.1463915325794998,2.297008202606395,-0.11193276246835591,1.1407115836865498,0.053677119191719136,0.24115173830154144,2.4266631015909703,-0.41064754096837414,-1.0366481128315834,-0.053309666258208835,0.14375320912944822,-1.0099559748610425,-0.7865138963072507,-1.182733337313314,0.14597870685115363,1.813063916000285,1.331724339087511,-0.05837337279438004,-0.03869922316194957,-0.9640181457742923
-0.7803177058955049,-1.176779716950577,-0.475066914639021,-0.649869970075938,-0.2628267781796748,0.9608028990236788,0.8230349473817704,1.242152605888046,-1.8619258576240512,-3.049808159633844,-1.7049415525067253,-2.0809800221059187,-2.8953290170883106,0.4868942239169999,-0.6468047781036459,0.3443307773589508,-0.38675311582299426,-1.096130201817045,-0.6793222408977269,1.71417845021509,1.549780501375111,0.10292888529590188,1.7414342682542516,1.5538200993469533,1.373984434758265,1.8535229199782797,0.7481143307145744,-0.017272692382532706,-0.5886188054375727,0.24319828230539786,-0.8979063546680814,0.5046676943542575,-0.02744460544934413,0.43623492681029225,-1.2054380448385746,-2.2105212061973707,2.1626889251618633,-0.21606970861316524,-0.9104154301743446,0.29663352964261225,0.5955784227169933,0.06084860375684664,-1.3709173249487865,-1.184568062502436,-2.2272883937409107,-1.7779569427021111,-3.8181370368490346,-1.5331745362174902,2.2575296671178178,-1.0764705104632848,-1.091109365781989,0.3959667798527552,-0.14934285567743122,2.0522305723312506,-0.9359516884225133,0.9704971210541076,3.099519286101379,-0.9795846264498677,0.09753545076575632,2.633176507291541,-2.2567994831658944,1.1819679135127015,1.110760522696204,1.2980886271475398,1.3827245135080788,-0.04581188140663783,1.4873589769183524,0.8472853903694593,1.268061042888767,2.0314998478086554,-0.9866564026193304,1.6006772759201011,-0.2859651947818903,0.5204778190932723,0.2762948246067366,-1.6301239780213783,0.21348946030843285,-0.3262589434142551,-1.5684727324509207,0.605757438593997,1.4501109170910789,-0.8519681557556098,-1.237979971108083,-0.25930497943310304,-2.344053351846366,-1.1319250482231085,1.322092425211401,0.339638453436205,-0.42191239102266914,0.2931015370852023,0.2500116836545453,0.3234539512184671,-0.1764841224815955,-1.7843205812829401
-0.3676112018970305,1.4267691275014625,0.5124647756300514,0.26503118031151096,0.3681275067662036,2.4704784915636893,1.3633341800963352,1.3185642450201165,2.0033233089310225,4.137722803825561,-2.230430789122878,-1.7873224038332043,-3.3167770694576695,1.3557476083399589,0.10660534420186832,0.7587906263635428,0.20483625918614157,0.21284075778412714,0.7164424490836053,1.697913999680352,-0.34729760276056876,-0.910137581563071,0.9654592019512098,-1.4300537378403106,-0.5997927925249794,0.5148928688375096,1.3541825362543687,2.966368533849677,0.25969793236070543,-0.8382260425451237,-0.6677043756397502,0.944565274336217,1.3962065003236181,1.1254675796564966,0.11094289820218728,0.14598979839852483,1.2294633742247352,-1.2485353172880786,-0.11166385832678916,0.4065394885924552,0.3477212407870162,1.456641788649164,0.8602668080904302,2.9182847803868457,-0.21974434053815606,-1.8743685150712905,-1.3858787629267448,0.49505833627736845,-0.2829778022475674,-0.8517814237380734,-0.928073930922725,0.8081874299493084,-3.487452658934208,-0.13317945785930113,2.020691305893999,1.166093584549008,0.16366714752825906,-0.44836501295838116,0.192568177115088,-1.5012706650607708,0.9724982580124459,1.337620979489305,-3.1570546306854386,-1.0041457810410659,2.4294213578047916,-3.466966431415409,1.9426230220035317,-5.596166514434286,0.703793886932887,1.2377725604402023,1.6474606555301912,1.396995633430531,-0.18487163914837917,-1.1988226131147273,-1.755825348941104,0.39521696166715103,0.6446168599787698,-0.86718078333883,-1.171702592168345,-0.5544279373304402,-4.275198401836294,-0.9064933287815671,1.1775516200962557,-0.21679076753883975,-1.042099049288664,1.064195405828487,4.522597095339428,-2.512025666247802,-1.1305914871052647,-3.1031944061582117,-0.0881083046704374,-1.8178337342197681,1.424634116232715,0.7631689548260938
1.061922076567792,-2.472946756299349,-0.9252142911775512,1.7613820320168858,1.6802827869541561,2.3640769750966575,0.7093110347702948,0.5972703197244079,-1.0097281197607237,-1.1720150293887517,-0.09879809843398857,0.27292493692109887,-0.42747610885586274,1.0170233580086971,-0.5631456917225125,-0.1452595316337182,0.7567137519445315,-0.007367714640367007,0.7847290904284066,-0.10848999937972988,0.219969423232112,1.523016473621123,-0.9878656128722607,0.48565593770047333,0.06445977904218228,-0.6857431390415069,3.4654761892590624,-0.8045633161017312,-0.0816875390917261,1.0593547029230257,-0.5635528771465811,0.003362610170469793,0.12653338832767938,0.3189820007134292,0.8591593333562645,-1.8999003643933094,0.5630335007310597,1.3072431940688936,1.8364237063753586,1.894629919847644,1.3544334154371942,-0.22051740362081299,1.5685444021500121,-0.2797748551615376,-0.34707465523998193,0.15885609399116998,-1.2513951754973882,-0.3191693819152186,0.7412857864236382,0.57075018543706,0.9115097602444152,-0.5616371990766339,0.29759377962668887,-0.41682896987610674,2.536666200678408,1.1895640713992939,0.3031787001968448,1.112665154929139,0.6362706360032879,1.5196833063100639,0.7498683769750512,0.8126318778202294,-0.28781296519590616,0.5467551232905257,0.7252455004414509,-0.4891684829760826,2.265528406797692,1.0854546057726955,0.7849027419302117,0.07376658661250945,-1.6726681129289025,-1.8772486924121792,-1.6656701361407715,0.3832438627655004,-0.8063141457458158,0.6663226833752796,-0.08968774547923836,0.2029371698232012,-0.027496917251323083,-0.3830207801509663,0.5374178110691765,-0.48805760563725736,-0.34625824358950685,0.5109246199000052,2.9138597493637066,-0.24099399066814514,-1.9384302691902895,1.969673942910409,-0.04050789436345918,1.6210572072235347,0.027442056020734906,-0.32615929053443526,-0.9033268025059376,1.1284785324864346
1.245270333764266,-1.0632074163023744,-0.30948490150186525,-0.8267561359389684,1.7577893905896502,0.5198050860155515,2.7079432885107253,-0.8073887527056514,-0.7295049731030351,2.06637423648523,1.0048066975144,-0.1719385605826024,-0.4697111808964488,1.7618407411518562,0.4337968460095042,-0.4665017245921791,0.8856183533948727,1.2222941187306267,0.4561392252016686,0.36570119201227647,1.3545633800596955,-0.486841516602478,1.8415259355405789,0.5781289218422745,1.1107294683759972,0.04029623606553712,-0.0674819288160208,-1.110504154357903,-1.9064702716265134,0.3410620747887728,-1.342272536751858,0.9615787528651599,-0.7425367456974358,-0.8296143958730826,-0.8223042034238077,-1.5573735154637796,-0.16723837848381706,-0.02868086884012977,0.5698379353296745,0.03287326323774548,-1.4157607779031083,-1.9158013330476713,0.3008988318840169,-0.3912781660395244,1.0272966346331498,0.42687591317410134,0.7002902750690729,1.3625271468420808,-0.8299601136401324,0.9826083875475473,-1.280645164041026,-0.2024739345162938,0.4413854462554401,2.1908673427441374,0.1690697128808677,-0.6176675783919567,-1.397739697317534,1.9674034639697342,0.23372672065658712,-0.9248673813716564,-0.42976689093988246,1.3695200046641316,-0.6325165160204452,0.3561539904516456,-1.7198915024508747,-0.9506920423950561,-2.4458397218062773,-0.012197755657550102,-1.700720904822067,-1.1477031425346225,-1.2541949846103193,-1.4428585871049733,0.2321317524281694,-0.1615815969254248,-0.009071277966376579,0.4498348841795402,1.2912960150696966,0.9570931157529136,1.5986496970512276,0.5632306014241202,-0.42097215074136685,-0.947766716605149,0.12265122549741678,0.14364027600478022,1.2630888136699365,-0.7255227677749925,0.9948580949895935,-1.6342866573712906,0.18477165426539316,-0.06781455453574703,-0.12630354685037087,-0.1572803841734352,-0.5104088404063947,-0.16512646367047112
-0.4452045047136437,0.025156183092311157,-0.36928309724810987,0.3918260977072595,-0.24868329143306295,-1.3188662911863838,1.9165779157854104,-0.06340156013346998,1.3783257042087043,1.6532731715900075,0.6104133208584135,0.03915579183155771,0.5045565626826731,0.7671667682870504,0.7958297176744574,-1.2059926561980596,0.39515971194511146,-0.05118778815480442,-0.30210096503716133,-0.08169376763593306,1.4164672806372334,0.4725519906839324,2.8433711183817287,0.7251070763107554,0.7727478336833283,0.8496624086076607,-1.451671887161171,1.755635234854088,-0.14622158394187879,-1.1795327085055718,1.097137126251005,-0.5398008457749142,0.572108563912166,-0.42957505541221214,-0.11940543236716396,1.4006942906429187,-0.9714965036498974,0.3748979913008953,-0.3484798860585775,1.0344651992534202,-0.22087343251103814,-0.15898434453836502,-0.45949336036433885,1.1572188515603488,0.6941737880213197,0.18569888351755381,0.8413258559414496,-0.36346525188816337,0.701269611008814,-0.005492494347264398,0.4123247194110974,0.7997658463283503,-0.22333032282448756,1.2829781399970928,-0.8051000986502836,1.6107038586519313,-0.07453287833168404,0.533663114579041,0.1870315538002871,0.9716581040928484,-0.5550400659591812,-0.03301266944620851,0.03878109121556178,1.4225187690320096,0.3017369456978083,-1.008401346943465,-0.7087154994298519,-1.5050129248068183,0.03982552119507898,-1.8211123335254409,1.4200187695743791,-0.02313838637293475,-0.09261836540139806,1.1940563904142028,-0.21617817721844143,-0.7783417060660871,0.8466116869673237,-0.7143069013577863,0.37084464428893466,-0.16568289219068932,-0.22843492345945665,1.0094417067309147,-0.9466772857337887,0.014969153912398473,-1.0327311391726748,-0.883539395889007,0.7033041546388357,-1.8957792528018156,-0.8381353470662317,1.8068982386617676,-0.7174308942224579,0.4058331461882288,2.438292226120681,-0.05751869802552012
-0.4882492450832161,-0.7617841805845282,-0.13817851073835544,0.7534405652608217,0.49139402563568696,0.7986493203476696,1.3166068933981223,0.0919519944809158,0.6227568178991518,0.7393929363740831,0.870267561305059,-0.9848407217984203,0.8790254717387292,-0.6313956496327231,0.27849550996242495,-0.22356063370292784,0.658017769612655,-1.0259880747191092,1.2387055979237511,1.2769897906240346,0.8546327028879674,-1.483949755459149,1.9337572386566597,0.6922464849307094,0.1062527572340377,0.7840443538934643,0.5762840703364283,0.24113342738088894,-1.5660867744568023,0.1361674019952798,0.14528739923347156,1.3761504371515674,0.24252079538843363,0.3414170537441044,3.206395461142143,0.821785309101041,0.203274834862061,1.2819705292384573,-0.1942479078057363,-1.0413611901669193,-0.9104978134483314,-0.6193388625183268,0.37849740432159173,-1.5181930735946931,-1.2642134587547667,0.7657243927248006,-0.3578977196474141,0.10903661541163928,-0.2355179552165384,-1.046189657733524,1.510383401886405,0.3742174988541799,1.4950508385284158,2.291588189803966,-0.08276111375687845,0.32856657297213204,2.994209524114536,-1.809213476173074,-1.3034366882068444,-0.5250136306290696,-0.38660563302878354,0.9560737640948027,1.4515395599957857,-1.5598066683771021,-2.3002052190233666,-0.8439287874548517,-1.6599152251507294,-0.30636822519931284,1.2468744362980826,-0.8224672497648647,0.004911097783817514,0.9597416315731826,-0.28180954600048824,-1.6709999606338422,0.9018065144896588,0.8527055948155496,1.0046104633920057,0.4032692388626976,0.8609073153186909,-0.1856245402874013,0.5985980576424713,1.3477657942826677,0.29672225544117303,0.9256648516950503,0.6208805131569196,0.7785934028371008,0.9119148350025404,-0.5439975641689316,-0.2766098499069877,-0.49810666749647603,-1.080348335560714,0.583542204958763,-0.24331388499997936,0.8545442063120101
-0.5631605395149258,-1.864321960500032,-0.22325495096117914,-0.29274909446754854,-1.1222657931641122,-2.3798685776852495,0.5252178424741788,-4.019286108843577,-2.276275082123335,-3.2473531725772498,-0.7222941987238964,-0.44064285446214035,-1.0183652758454445,1.0789544235294237,1.2215883804632703,-1.9985455655134543,-1.2386035800366104,-0.4658491361854401,-0.46122297626457825,2.856936107768356,0.1596226037877563,-0.5806548113730022,0.4069283599122602,1.8818016140709142,2.0062485725213204,0.6015903859230913,0.6566818431051519,-0.27031031445049325,-0.7174917490453793,-0.265971826164725,-0.25145976895005073,1.519484680078173,-1.4153019564988554,1.2991250343119325,-1.7040233566161767,0.11220781632482968,0.634719990727014,1.0219626645416073,-1.9650883928236107,1.959982526885376,-0.2437755072344927,-2.2741401497684506,0.06503383881043795,-1.8744847940071137,-0.4006762366696274,0.5729797422320968,-1.603508178499733,-1.6084797319533886,-0.10074797768460858,1.0376088238053827,-0.7773988945218753,-0.0281993528200431,0.5666390350142532,0.9130762561281816,0.7173989000083024,1.5039822152759896,4.965135181528584,2.542664692365659,-0.5750677956343536,3.292592915011796,-2.3441209109933414,1.052010720625411,2.689598110542265,4.290561529080463,3.5616857832447937,0.8312975602090413,1.269190218600195,-0.767665815065986,2.443731106710619,0.9490426160458755,0.41164982643861575,1.31204020165142,-0.8462469155285663,-0.33014206046926253,-1.8722808178466104,-2.3355255389933904,0.8773938062919198,-2.0729288547684726,-2.4934971533196326,0.8983795109794306,2.599739572222691,-0.010653521291844993,-5.069578884643953,-0.9252843549884036,-0.9779143280273994,-2.9465755657369326,-0.757248263701056,3.895028839848298,-0.13533436450511938,1.378404299061465,0.481366556084804,2.630472276118227,-2.118819294689838,-0.2435202168297108
-0.6087397745340567,0.6674047619866788,-0.21030999800225014,0.7769069069126301,0.2658798976295108,1.3246179726545149,-3.2182584918319255,0.4251393146722302,1.4594612262896076,-3.220304328169491,-1.143266295709457,0.7653477739666394,-0.8533356137133508,-0.8740744389420491,-0.294022576033264,1.3231435614512266,-1.2977886032718973,-0.5072302248263457,-1.6257075825797653,-0.4896335646022639,-2.554255174266292,-0.4831749546223838,-1.0757792353514828,-1.2779805134639277,-1.955917338814197,-0.8901521984791694,-1.2167922566536502,-0.6368103212891942,-1.0822520049322013,-0.5411038835532526,-0.0817305449579917,0.11573985895611599,0.4632868002103816,0.44660727879018675,1.229577245917054,-1.643574324761363,-0.546998812910007,0.8613326125284283,1.7106809809576058,-1.1604362052180788,0.650099595211939,0.3447231787632386,-2.0239775381375487,-0.6906844601837919,0.07939723792388947,1.017063031207849,-0.7965121352508724,-0.07760099525889708,0.02872618028432704,-1.3315619143646107,0.9400403675989504,-1.0260704904583016,-0.3966946761589971,-1.5693581355016977,-1.6813497358562932,0.421240067087976,1.9428552628692861,-0.5211374586309951,-0.993110570909021,0.9988266102004636,0.6199862910739363,1.0043603575477216,0.11091365117680621,0.9535251399560191,1.7767829479019652,0.6354584788249253,1.524318205268622,-0.6881840208160059,-0.8132433595579464,3.1306065784175496,0.8296726792696647,1.2914138217268005,0.7445099591152836,-0.38433235136216604,-3.121862927506613,-0.9440620147034203,0.8038913908271385,-1.3301037875630082,-1.7265849123881347,-1.1673491138957635,-0.32072525263118534,0.512134744752864,2.1497581597006374,0.058807201134248525,-0.9963422370686736,2.386395275916923,0.3461731676947649,0.5950063151145477,0.3995283690659539,0.9880627823453801,0.455438377547339,-0.696999048451445,0.31208040285279426,-1.9801557452596494
1.3534006365367026,-0.6449783900313246,-0.278391753630136,0.6794324870637682,1.7695349182210367,2.8860093867682455,1.53289346584257,-0.48824364116606567,1.1259952422389872,0.6972482329702808,-1.2450558101866112,-0.5096829683956725,-0.07272993311337339,0.13599190948163045,1.0275594860652288,-1.7700780562224472,0.7180097049251821,0.7784293403542357,1.727901116397436,0.0826949577026594,0.3171650850383453,1.4701287795816738,-0.36373719042027886,-1.3550501497570866,0.17326411949423398,0.9030974308378257,2.4764301826549158,-1.0897156573136138,-0.683949734223259,0.34286445900440027,-1.5333689330310203,1.237707319189919,-0.1512161077835114,-0.203345189628927,1.8332639732533118,0.9639848977067709,1.3805748939305995,-0.045047569815763966,0.9202660297628261,0.45872034486583535,-0.8633529639730742,0.6993684050395146,1.5378842171303577,1.9095201423683983,-0.25602935366807184,-1.2207911868093084,0.7608724489606571,0.3139043097565137,1.0544042404377623,0.969280626008775,0.5629498189443304,-1.2279127295581245,0.11535258882509714,-0.5561455451919352,3.580167785535298,-0.8171361738795313,-0.7567927879302103,0.9523777261069154,-1.0410527987732594,0.822287185862515,0.4953025747787455,-0.8886355133431993,-0.2756786641776142,-0.9570468234893642,2.3976775028827984,0.540314743682901,0.49394390607587474,-1.672964821240923,0.14352975461145673,-0.8070648177213482,-2.2433190976392767,-1.467139978944322,-1.4061604909978112,1.220861932960159,-0.3241521189073421,1.414230487125503,0.18931055975438452,0.13622088916281094,1.7446728013515123,0.5946333395142687,0.29903195414222367,-1.0847420234354113,-0.4856972057625444,0.13983470593558664,0.6798949247579558,0.03859616697866318,-0.7427642772920078,1.491764153341979,0.14897388830574373,0.5045176579788228,0.754086709873285,-0.5094767517035103,1.9169700362895488,2.391768566102671
4.368480994559428,-3.8271929607343065,-0.3343396063591788,2.0776677378866375,1.1102555940031682,-0.6073810870042905,2.9045612581348044,-1.1767429106535787,-3.2030403872513658,0.44286284970807754,-0.8679924116330504,0.1499768895374679,0.32044315640936333,1.0130104423801356,0.040704989532041116,-1.0621946950026362,2.12681367162796,1.4311838721128782,0.10295287148207888,-0.621344125071517,0.537061683946649,1.8368028818487836,0.7606817854661001,-2.430316477990046,-0.0015106411463419456,-1.285047494779348,1.6995260546903244,-2.390768921222022,-1.2695846063462026,-1.0150172281939598,-1.8308603516730346,0.08140065669913987,-1.9124203727468072,-2.2422447357471227,-0.24351837204034,-2.8839271697044166,0.46909738640736703,1.7898803455667676,-0.49445764670960546,-0.2616459805754924,-2.5572383127197216,-1.2516953739548957,1.802208356041677,1.0873328883804092,1.0267247010292488,1.2207336129640984,0.22459576235649276,0.18863865876318686,-1.2190831688513657,3.1366875859234544,0.28041446152723776,0.35507911581234497,0.3880465325748924,-0.06808857247722255,1.0869913187391187,0.569831025280894,-3.3463562431487617,1.1422736658407717,0.8713472745837125,-2.4781873954235496,0.8063003474004948,1.5067002954715687,-3.8956235150489826,-3.229381311924051,-1.007172700955237,0.21316473979778,-1.3521753647660475,-1.197039774356082,-1.7555416332943516,-0.46264025756005167,-1.27749361755064,-0.6769519343763252,0.391162121732366,0.723905523570447,0.7238886878942267,-1.491351232207337,-0.6175135624692424,0.44874385747732404,0.6354923322616011,-0.03278580886018379,-0.41200992834558625,-0.09807156424431035,-0.5761697988320822,-0.07779501504275364,2.8315237643816196,-0.5258925135242258,-0.3473458346716879,-0.6378897066117754,-0.40561289241742654,-0.37087871517449145,1.2727965320073982,-0.6801009107359826,1.509594127693557,-0.8024415266730525
-2.1050749560120083,3.5068491036835616,0.18659412548726864,-1.1809851595662737,-2.4671040626821057,1.3935178277341291,-1.0343743209305676,2.6132060098370897,2.03601021307898,3.181606296237563,0.7050067441804314,1.243589836555615,1.217670384448794,-2.518832829480083,1.0864638270599944,2.057187069268486,-0.5662933318643525,-1.462022548897355,0.12968196930907905,-0.23893767887924908,-1.8454360748359981,-0.7785399962722341,-0.9115882425323432,-0.17066267056092982,-0.20873576367776364,0.5936019638825936,-1.7432831319684945,-0.8473363252048371,2.2530495589408317,2.490936688062023,1.5404372063694018,-3.071190893667535,1.2453224040820878,0.6726900642087437,1.3389702726475625,-0.34127728895068776,0.7732456345082648,-1.3893908422725185,-0.44536386905924435,0.2650795777001337,-0.013715930285794153,1.273692388279652,0.9291839896757108,1.5145924262567567,-0.7260660263129853,0.1398909258855684,1.140646287025035,2.1186434194593478,-1.084031525083848,-2.8553418727037596,0.2650658660067935,0.8061844812225472,-2.6157312218563717,-0.5344336860761887,-1.4068042710605853,-0.937701354602413,0.2090497794578513,-1.020433768029379,-2.107961012114188,0.7392731381889659,0.576638825785056,-2.4914357790909682,0.4840783347805283,0.15706847808569757,1.147141959268612,0.32308149571135475,2.483616709509728,1.4807652221643666,-0.0767511709651103,1.2845411621529492,0.2666820433790507,0.4794461553679976,0.025510185406787678,-1.5617860447948415,0.22083745014225747,0.6498154429844818,0.8835208632596514,-0.048873539005364994,0.7807778955250358,1.9175932728827776,-1.6796349305372216,0.08093599337468743,1.265228025983331,0.1602835563116468,1.2699151763758052,1.4035518274700496,-1.168185264095534,2.024003667149546,0.8253356489473321,-0.1845211488737587,-0.3145157368234991,0.3104052672742069,-1.7429965977355935,0.47562811567203456
0.3245259905306072,0.09189683031976503,0.0995719444493092,-1.0726062245151566,1.0594173537835643,-1.7976988007152912,1.7515442865896074,-0.5482470198056861,-2.687361427272928,0.6438431567433678,-0.061160811274367205,-1.6542625590283724,-0.12176445825791674,0.9873739395563743,-1.536033606981782,-1.0672076331265425,-0.07597792351556319,-0.34984248688024916,-0.26101498905106,1.9180841916227922,-0.17494467545914616,1.1915803822558173,0.820332137945735,0.7068354234012396,1.9701556801562314,0.8450653986295273,0.6561421667162086,1.0763500747010633,-0.29103712133676285,0.26916953618868694,-0.4089802722661917,0.7591138137389455,0.8656803556426129,-2.0290902600879543,0.487777248109943,1.6554120015963212,-0.2929307391629219,0.6679177869342713,1.3903279343251285,-1.7352686224740825,-1.983209145744056,-2.435053252202917,1.5438414263501499,-0.5170099954708594,0.21304212430112024,-1.7832484140818283,-1.5294826038336937,-1.775877414979155,1.304986409796193,1.1594954473764774,-2.690342910912615,1.2483871942142448,0.34981331077007904,0.5580711787161865,1.7688984111012611,0.6916352971260136,-0.10175002491465843,-0.19312318188208422,-1.3158457612907926,-1.026523058288565,-0.2523768511017912,1.5242332064488362,-0.9383357512028941,-1.3815791921874676,-0.6635687314455929,-0.9112779401559632,-1.4218129086102789,-1.3075513714872122,0.3015175109557778,-0.19611117734685024,-1.281707013826738,-0.34592520833358886,-1.5883952112068336,-1.043280994980873,0.2258350400445503,-2.4611385852177223,0.5712335341312641,0.5385783663081004,1.0059107571874002,1.4733558257922463,-1.3876553700934973,0.6891721984081542,-2.267806795755742,0.13583977951945125,0.8923662833138741,-3.073347906742548,-1.439457680370944,1.0272247564577535,-0.43495163953249655,0.22388413296341417,-0.9292419978133192,0.5597091009413668,0.605753263286475,-1.417517089236984
-1.2132982152446896,1.3996309183025575,-0.5041734749960489,-0.6029735079718077,-0.878558263986727,0.06596049041086938,-1.4119012893581946,0.17027678414257777,0.4330631154095059,-0.421663754473511,1.2330258122575901,-0.35425134787776996,0.15379898612116555,-0.787676535485989,0.5299551384973736,0.4473887893048639,-1.0602045832924623,-1.1923846662053572,0.1931456963411729,0.06757686323020456,-1.927930027045819,-0.5796372953083413,-1.1665467666637854,0.9706914533292526,0.004050158654848257,-0.4181685189913295,-0.050644070112712214,2.3410123743086753,1.109448696627783,0.045397232300351385,0.7494271232621227,-1.708004257415062,1.1247876335368325,-1.0465572873919848,0.4326829511860488,-1.541457490201574,-0.0075076418598603685,-0.36429648440954054,0.32077884413207364,-0.8844341034653067,-1.1214274880877229,-0.40315493673140096,0.9172622184120947,1.086370201728829,0.4815821221532861,0.2940384483945637,0.13414355816403845,-0.5029134635800901,-0.3872010433160114,-1.0247216199471378,0.03145614921237068,0.6324896262278207,-0.8451141662476092,-1.38592472036636,-2.3219122733432886,-0.5144935310564693,-0.19639303735825187,-1.340091748579002,-0.1867387033454947,0.3213106300037829,0.7797284844607508,-0.5329480475596967,1.9388698584877644,0.16416178821882743,-0.30160678940185653,0.7452451251546577,0.268019331006271,1.8122404367138543,0.061915819198248845,1.4698973290697959,0.020786488448640117,1.2954258388530806,1.0001781307542565,-1.051640921673183,0.5614059465917969,0.31223864351598735,-1.295939988749598,0.7465146332949452,0.07875980573514649,0.2125167447988612,-0.5910270872407781,-0.6943676036700186,0.9258232605518543,-0.48237204359328284,0.32490151781672605,1.7571325219307463,-0.20445769752944323,-1.274379095257107,0.3300519611848907,0.19778250835192535,0.9703175167282337,0.17729417662670033,0.9146494559923861,-0.5963391795939779
-0.8716899309782794,2.593063319259052,-0.2273681050631175,0.6421571965220849,0.16605780111604296,-2.2359178526574377,0.19102274422992216,-1.5781390380943976,-0.940270986239409,-0.47091313196274687,-0.05559812501894851,-1.13173462183295,-1.109038436877989,-0.49648153173436005,-0.30507936115400514,-1.0749605483526066,-0.3780711118991641,-0.611744247616677,-0.5439065075590388,2.3033434760615035,0.9986890748414466,-0.679958311688605,1.0450124628099704,0.66363412311944,2.362523656799147,2.3557329410154297,-1.6670277195122962,2.333583883241278,-1.2661009359546371,-0.6479226554412583,-0.4707365510185252,-1.1235601298265945,-0.03016223015909729,0.8671251550658307,-1.1163844306111212,-0.6260282421674073,0.7780362278948141,-0.697891026306074,-0.19054427045541314,0.22059686277573864,0.7508098712202497,-0.8411863181985879,1.7878400281028939,-1.4797360413030312,-2.591159216414158,-0.8455753088267428,-1.96215856867143,-1.7156924180391702,0.5688587926951667,-0.29583269621072783,-1.377725824499694,-0.49431263048269725,2.232126262173327,1.617207846369809,0.29898314680569005,-0.1434361848447917,0.7938260838834398,-0.5574947214913009,-0.4245461838872863,0.4299339960455738,1.3088595307207171,0.40162488249528705,-1.7357564779854626,-0.3452132696341149,-0.27466484253061096,0.915513804296377,-0.46148480828853544,-0.6637496157794198,1.7328159180779559,-1.5510438709894536,0.2061396648745139,-0.11856133869146218,0.3481201148678975,-0.4384383856867013,2.5571115783148737,-0.6280974906584131,0.7977274948136448,0.3995314825334598,-0.2708309767234333,-0.9598471498001565,-0.3807728625625836,0.7728345147880165,-1.4994696867395518,0.10826313275849264,-1.0864237663155734,-1.3889371215948574,1.3891319570314056,2.1388277954086217,-0.2765900299598005,-0.5662971299866594,-1.1823286527914307,1.9066094207493012,-1.4885432854430976,-0.6506423611141215
-0.4611971534578232,1.456397998316037,-0.21368833011024263,0.7678738574853953,-0.3228522816365148,0.3791064946725259,1.1058227873674533,1.4490901883887766,-0.28654411367936866,2.064071934925443,0.47075607195870717,-1.0775235943638597,0.170242061560651,-0.12208758272371545,1.1868516759435932,-1.8961440643807794,0.23350059433838194,0.6442464367196137,0.3180160550732748,0.7637114482036573,1.5041815957246552,-0.03417462003606575,1.4610910738528138,1.2695150806898803,1.8423749068760622,1.6417876188374807,0.2699501303601175,0.59436535706032,0.4100377900612542,0.779106903965089,-0.5322089157161388,-0.5504119705830064,-0.0016533213426676019,0.5456685358148996,-1.2890537061939287,2.1979999546550655,0.884916281446016,-0.5057078852658259,0.09798271356157212,-0.5372088372801501,0.024673921723630587,-1.569132628025376,1.1373636585997653,0.27605081909042406,-0.5701401306014919,-0.42609009656069197,-3.592639504054651,-1.2445897794455951,-0.28898510146371226,-1.2123219920926351,-0.15164060581468944,2.0633850081248344,0.7473175569716339,2.4500100608093938,-0.5779768840727038,-0.8001437606300157,0.22084984249267742,-0.20504688098063364,-1.531888605506465,0.7709474282075341,-0.4380365063949714,0.3848068647858337,-0.8043785081826568,-0.1796609012655586,-0.6967724987740657,-0.8715306184742295,-0.9600102100652652,-0.7202220664793533,-0.6282222326518199,-0.18175788193881956,0.4009023996401664,-0.25104095209743604,-0.41115054400990425,0.9599342603864112,1.836681917177651,-0.4778129917064801,0.01279356624187349,0.4703170504778409,-0.01856884024457245,-0.5493199587359828,0.8263444320019635,-0.7662720440597268,-0.5471782511269989,-0.1560739887409349,0.13832174102607267,-0.19745862234425063,-0.01631607553024339,-1.35196325679802,-0.2782222079979992,-0.6705464055610574,-1.2131928686759352,-0.31114716891527927,0.9556303603561471,-0.029307859411343284
-0.066202885377753,1.0538214335148104,0.03999884858269094,0.2189760343055096,-0.30496281988478013,1.2705708769305666,-0.33845897596903385,0.03347896642022552,1.2655897089134633,-1.2107966452053516,-1.2727417374239751,1.2774355119207668,-1.0169457878239476,-0.509860934754153,-0.20989503697658984,-0.721360522689815,0.39424739642070994,-0.09769808010327749,1.0176831200796719,0.9805380199452749,0.1907064869103177,-0.30949877721881414,1.2308657033893566,-0.7957672609166234,0.03513012863265824,0.659511743675558,0.9017585786532042,1.734501062153191,-0.1996443287310436,0.8377422653251927,1.545850218581447,-0.8214313503284087,1.1039793127308133,-0.33475774381498025,0.9758426862526137,-0.5743918071236386,-0.1532192003415579,-0.004648705684221238,-0.6724087401858105,0.8427151198266525,-0.6293080960128173,0.6888681892708489,0.04216048247450287,-0.47986885116749045,0.019017435082840928,0.38798105839425023,0.20245462525725583,-0.9484293606120604,0.5948945337316395,-0.6547628123520309,-0.00309726443358066,-0.2555321724271231,0.8998934468716896,1.3554443027430898,1.5848861894285586,0.6859091517060135,0.29388573483262137,-1.0851157540460954,0.8598961598930024,-0.8529890462585024,-1.3074159354414159,2.5518383178778423,0.16413059048683526,-0.1862658792333401,1.2883425734370788,-0.10685524294013302,0.8009301929176788,-0.013787245858031393,-0.38298090515188593,-0.7247120158649722,1.053196957848954,0.8007297051280805,0.027472369630067023,0.42762733241349604,-0.5945027808085135,-0.1879506906308302,-0.9010420641722717,-1.3891346465556156,-0.8413001125338396,-0.02846539220313423,-0.5852389948711544,1.2539291361468452,0.16806657049472026,0.24005177321496,0.17279213838290092,0.7034668354528043,-1.4746486489455375,-0.1618139234072713,-0.06272670119430113,0.6258143603570858,-0.8283686624391502,-0.6741114366021945,0.10938731157111681,-0.7630961634727937
-1.194052819967963,0.7205480766365916,0.3625646549720307,0.5913243602618785,0.3121117446365956,-4.2849660650310915,-8.338521162563392,-1.0359441337152906,1.5511544150120884,-1.9325544761062192,0.21673889544335126,3.8552614181909615,1.2392248699562978,-1.9311652939537147,-1.0960546769965593,4.552239734388398,-1.2901347152392346,-1.1691396762684052,-2.187718744942595,-2.68735639219539,-5.932383234176361,-1.7201977896350518,-2.760244230776479,-5.051560907947498,-3.712823759927531,-1.1577940510357558,-1.167819787092149,-4.3401095260491,-0.20393085359835483,-0.6763503854983948,1.5522320057940613,0.6699699510194302,-0.797093203891161,2.5313403372478733,0.8767764221518757,-1.99575372680728,-1.9160135229392266,1.1885713633116695,0.6265210596789731,0.8301840598336943,1.6522833931930287,-0.7793426600532822,-1.5976682534164852,1.7724885367183942,3.5229791817817824,2.324295356044606,1.685250548306179,2.690060565352216,-0.9664220932378229,1.238462771011505,2.1287823380172486,-1.45198980131144,-5.159189577247708,-4.768344815081022,-4.91348448265034,0.610585800500274,2.5541786047825363,1.47368883908612,0.1196469230266908,0.7318171899428385,-0.6958185524630858,0.7052329296158109,1.1586948503364358,0.280798914370902,0.22981115867753332,1.3000500710079435,1.7445348422517535,1.760348335030931,-0.2228078575072029,1.977791896103521,1.1329559660805253,0.3556305314988774,1.767940565794228,-0.39930803689501115,-2.5330862936945415,0.21033299690014984,0.08729404325874333,-0.8498488490349365,-0.6905399257564475,0.5359376757148052,0.4643553921656768,0.6132700781042382,2.79079004340728,-0.4618504766863819,-0.6816026299724018,3.908346808922807,-1.7185200101534028,-0.10501663871061517,-0.26639389437241784,-0.34791777928267154,-0.05534875744030987,-1.630375329714075,0.746225856567756,-1.485791638489483
2.239580664082616,-1.809739747253267,-0.6649620252273067,0.7448902053974585,1.1459873008218064,1.9047690441572458,2.6942984489938206,-1.43832803075574,-0.6589777948122616,3.270112015465588,0.24354450150827794,-1.4064997533909365,0.6612621453373755,1.7179203721307323,1.0521768758664338,0.1539850103081043,1.3234220639700718,2.663930023243333,-0.7522915440662388,-0.6577064202069383,-0.5000488448572009,0.0073772069031761145,0.6030139309780874,-2.1164840854656597,-0.5045552248070636,0.10556295855238614,0.20520826464256137,-1.9992407597864574,-1.1426095720742706,1.0974058664087434,-2.4435693379758,-0.03162497168682621,-1.4503387908287098,-1.9829128240612173,0.2575122845029866,0.015299445088832409,1.6249294972762653,2.1926847676759333,1.9269422482003096,-0.17439204256444707,-1.4220078931165023,-1.585911948333738,1.6707526940115396,2.7382361383659055,0.6437710824127832,0.9911774210890205,0.5252029299737351,0.7253456388891432,-1.6192276659823124,2.9142082362973203,-0.32802907935457293,0.010739412315857788,-0.13126664421383455,-1.4708961037507782,-0.3935725472427029,-0.5049813115101421,-2.0826681520375088,2.7708033114417203,0.8355424847180701,-1.4655486994057378,1.3018721338260721,0.08816331343176254,-0.743148832692801,-1.417556936260773,-2.599402926295861,-2.0615682924617373,-1.0859368257942754,-2.548836187985001,-2.764598826313132,0.4945229271262881,0.8086972689375385,0.3614196571373022,0.03881598763513128,0.08439549141113939,0.8940850715620869,-0.05533614938952214,1.9656020830401986,-1.058757507358533,-0.33556066898902526,-0.6786968909127261,-0.4594183580703633,-0.8725756097375057,1.258268455786856,2.067765118310508,-0.4595140744157321,1.4962516905329821,1.6225407169827424,-3.0004846191817007,-0.6617457851607232,0.015491679641544742,-1.446449429090566,-1.6607008234538148,0.7270755699812914,-1.9580750744789657
-0.4447575586490345,1.095606379953826,-0.22503197414086096,-0.5860947822186358,0.6235704593519682,1.8340341973747323,0.3165776639692615,1.1704007752113128,-0.42447760954341507,0.2804431250476787,0.1799799143337516,0.9866793994857985,-1.486512325878143,-1.4730188188323545,1.1456491110616893,0.7237667193846633,-0.038554006800534724,-0.7718127945527155,0.06558809309687264,2.8127914269697083,1.6088603314465635,-0.799083474300584,1.1302423333896947,1.422080810811598,1.338110402730036,-0.3074336317416644,-0.48465501500252206,0.4758931162330034,-1.125279014921545,0.36906582832241647,-0.7763394164157448,0.45819131858030926,0.8690938052080027,-0.42858138207573404,0.18372285033557373,1.5458432527754085,-1.202451999909368,0.8187659834872231,0.10336662711465283,-0.5504349021880741,-1.0003899206629494,0.6807317507435474,0.3399331185942906,0.41647854487519304,-2.4379534081121053,-0.8215616026354593,-1.4100961236315812,-1.8160953664945294,3.0650269186140724,-2.2501214804122633,-1.125378829804009,2.2112141392769864,-1.11174445116816,2.1419929581641735,-0.3971125595865228,-2.2738904592134146,-3.5643761961134546,-2.421934039903796,0.7058296527304948,-3.260232848829438,3.3996580411822652,-1.8532451887627244,0.37488539576681373,-1.5468383051709191,1.2249008405452515,0.2826529068542891,1.2543130386463757,-0.3530740303269069,2.3354604789969557,2.2433389205406664,-1.0869284637064007,0.0931783846625115,0.5966435878074087,0.67352231326937,0.3175955367050891,0.6539388773713299,0.5592959804346269,-0.13282940561763668,0.18482423314175622,0.8560591143929522,-2.6331505066036676,0.7720532823642831,0.2479591845141068,0.6883275437967359,-0.11959146091975796,-0.08374329901403277,-1.0930079700300266,2.175627104299375,-0.681116944828922,0.08819797381985861,-1.5729166632562266,0.00513147172978709,-0.18501958860471324,-0.30143245870355445
-1.5270925364182537,2.174022451623227,-0.30451100215804605,-1.5102005964646747,-0.9918749458602489,-0.5462653383737446,2.273813611248717,0.09264674309865417,-1.0305862717020595,1.369877549635929,-1.7426879277693277,-0.3330368924146725,-1.1147274993122278,-1.2040716659499096,-0.4242366683440969,1.2805150976588644,-0.5451593727519254,-1.6775423861775594,-0.24307707430902115,-1.6280816940524683,-1.7485439589461431,-0.1515220545779652,0.5464709773079147,-2.978178698988742,-1.3725201557719613,0.1859042256380048,0.8295107656959209,1.0787633902515177,1.909308409994475,0.16295390454967057,0.5789136979001619,-0.470337275152104,1.2341608648049203,-0.6592483470534217,-1.5700538139389368,0.6824158632393591,-0.9253458485169004,-0.8169838716329179,-1.3694371177195581,-0.6086736801457857,-0.20479237879818724,-0.584148624897152,-2.574023352523087,-0.0020809463792864635,1.6296014696707992,-2.854220011553142,1.5973035493411527,-0.5433759866913483,-1.221908038301863,-1.3821704756718076,-0.6096742844793372,-0.9966936325273937,0.2046210253551627,-1.8304867917939018,-2.9934114490420485,-0.9991242523362021,2.4384031962031383,-0.6409890882345763,-0.8325737647671443,1.2652057791446538,-0.6375452665384086,0.10378858506906805,1.8388004675932268,3.0712890424552346,-0.3394176519036289,-1.3599694161605038,0.10373287490045746,-1.772459202128193,-0.45322158678126667,-0.5868500840280628,1.900099580528564,0.9320759792509132,0.3752382023741386,0.9977564104513159,0.9657077769901913,2.4076360830071826,0.6948169980065954,0.49590547212932556,0.10045398373373804,1.543979059986258,0.8869576352933959,0.5198270267653944,2.0128213741515286,-0.9083933490475441,-0.9926259781969216,2.5434960704111664,3.638905562220395,-1.3431123722395117,-0.2200849699258787,0.5273015298581049,-0.3228391201181341,0.28334906882512556,2.4488267534042008,2.1598139485583228
-2.68785346188758e-16,0.33632550550930546,0.044285314774487626,-5.556489391731383,-2.0705697741842854,2.4303394116633066,-0.6376249735318479,-1.980593799974418,-0.6843330761641245,0.1876307744094485,-0.5489171310557056,2.1406894311954234,-1.7161451266371304,-0.7644395641355155,-5.9498125257348855,-0.511774115467428,2.83442385766053,4.3867382773470425,-1.3937833220294706,-1.0655026741056886,-0.3027752988308811,-3.578448653813351,0.13573080292947234,1.1988944163747486,-1.8447050794878859,-2.332829105745771,-5.945109386253753,0.20165271475099844,0.06079330821735418,-1.5291210880733639,3.1385366173722806,-5.023587595156215,4.206348302318717,0.90045584946624,0.1874679615027145,-4.412743713370312,1.4980984815980045,1.0684116793689151,-1.5853146261407938,7.802850337109848,-2.6759458524980233,-0.22535176578708727,0.25106394060055426,-1.5036214354474662,0.7311513793406146,-0.7489692080743128,-1.8932883630849346,3.953526579739472,7.423808570230387,0.15011329821464842,-0.4902813332375004,-1.182797681749179,-0.18742173123570163,0.5430172811786935,-0.5615233164393836,3.83943187584659,0.8197589383609108,3.0110116425002755,3.7051280018588963,-2.091929528203491,-0.3188550507065122,-1.5455290698768012,-2.37099959418804,0.7401447129001061,2.7195157225862987,-0.874866302763307,4.683107953057915,2.7529955378083284,1.843806221153544,0.6024322078816621,-4.592531076066276,-2.345258895411741,8.529960922996503,7.679687568782556,0.3214349694198836,7.479944437819792,6.085041248490007,2.112858976694727,-0.8569751997367235,-7.913933863099867,1.8325784118014874,-2.215052982185416,0.15192814481315764,-0.808585445206868,-1.0540671586794532,0.0623567514657118,6.179073095633623,-0.4409644399071362,7.8866768808839,2.9992491356107998,5.891468598997137,1.0257783442128157,-1.1573890000608262,2.018304216246142
-2.68785346188758e-16,0.13786335587025056,-2.2264397707510395,1.0577425464143329,-0.41085996305070904,-0.3235813612480445,0.5310101460329099,-1.189694888600658,-0.3777121459832819,1.0629703368733128,-0.3732517779623546,-0.823949286282607,-1.553002615656382,2.1773100883208505,0.27906002329037843,-0.7559030523042942,0.8244699291472202,-0.5194074868778513,0.9496741999131428,1.005087371381674,-0.7573852944787894,0.7786733059311769,1.404104862811097,-0.44842054925247843,1.1054912776651302,3.8769315304522327,0.640373586221235,-0.1849183930344379,-0.010727026421344224,1.9583378078641602,-0.20473722054337462,0.6542134561590717,-0.7347196929198814,-1.2263558958689753,-3.316451953087166,-1.3838706480454155,0.7426226659636996,-3.0869500729523196,-3.7706576736911566,-0.9890350097965691,1.6096431469093462,-0.578630796412025,1.7677917320582837,-0.6398259933671511,0.5345732969611086,-0.585012100933625,0.7800393270384322,-0.38981206847600336,-1.4428660943508502,0.5108378611310198,1.0584020716904665,0.33356796737173844,-0.8684764525012415,0.17702284468222443,0.06868079797906693,1.0841670008375726,1.3005225864861478,-0.24423772213465178,1.1876177249567452,-0.14293011075439568,3.8911198948910517,-1.5101723642186693,1.8484510760149973,-1.128974435796092,-1.2676531183731743,-0.9533142300333339,-1.9525203398501652,-0.49848139060105273,0.19745513497291411,0.09994344844630071,-0.8345264698748975,-2.7443915305542883,-1.2902153346088694,-0.36928866872519894,-0.8991612688148043,-0.26832839890300086,1.7355334741592336,-0.46937410130030155,-0.44250362612790617,0.41495243384258695,3.3054426447319623,2.086269217559051,-0.019164537120619336,1.6553819345740184,0.8847346636506944,-0.11254827018989108,2.124246908999246,1.0151525565554096,-0.32004896762830226,1.738885292836927,0.4959517008365987,0.8304136776943681,2.1579192781227765,1.7744884882127439
-2.68785346188758e-16,0.2957542728111182,-1.1803827958848085,0.7868739556639273,-0.6076740662262847,2.942188590858604,0.48773735347118996,1.3556069980151497,-1.166478236095355,0.722580115482138,0.3700506772711617,-0.04359317859021983,-0.6397180711045591,0.47223359039280943,0.4692511849510701,0.32806229053416075,0.9120542424020857,-0.2782926915173704,2.8968220101308852,1.4252535541433953,-0.8343017118297241,0.36599409665804333,2.153058648767751,-0.07616008201732084,0.47116729644052513,0.9414439404558488,0.06077882935762258,0.0325713809063267,-1.0684692176949402,-3.5974824354226786,-1.140723088554786,0.2794320814641118,-0.9733274463302838,-0.9166042010136661,-1.6934377419962432,-0.7513889730694232,-1.6734356160403947,0.8475093117148471,0.4543952383724239,-0.21674250262990502,-0.15535768122865218,1.4389956885035402,-0.5834460120451213,0.5430546620603084,0.13340527234495653,-0.3094243948123423,-0.9091739390782405,0.7935929972388172,0.1273991208882349,-0.432333620317931,-1.0645412345018521,0.6119779960683824,-0.10663508076203347,-0.10759710444848618,0.558867215065183,-1.0357217068668634,0.7311727900505316,-1.03698907613967,-2.805772478720031,0.3221364832534951,1.837272768782178,-0.8702890887744598,1.7417082743482033,0.7684947191211766,1.7228187582016197,0.5338847999612472,0.9565816495539756,1.6898647939491287,1.2409050200649974,0.28794743268157924,-0.6184636486782348,0.24508669862531948,-0.599983100632773,-0.5559977384027481,0.49943392405540704,0.3572561624240705,0.6257632265430012,1.0550421505904926,0.9561454048038969,1.1568687629222387,-1.4520810174357577,0.8043792134521889,-0.4543506185322598,1.3182376503387048,-0.5181562002311371,-0.18557982178627708,0.6568039300211377,0.24406204981760474,-0.5370157321252264,-0.6312078208136875,-0.8053797355573543,-0.15165340306679342,0.0719302293798221,0.6230589247048663
-2.68785346188758e-16,0.21637106767325337,0.08805539986483701,-0.9506043874487977,0.36524064441860943,-1.0059370120074969,1.0395200467793575,0.6974886363709096,-0.49385702491463945,0.5258364981443778,-0.3852018744617192,-1.1469377072163005,2.0449667746901863,1.0283127113967823,1.1430697795776061,0.3514682790234304,0.08501644042758527,-0.0977749547861021,1.8034833679820668,0.28464838849046736,-0.955244429083571,0.030970651231380666,-0.5146986683981352,-0.7771634268277281,0.22548512057022357,0.20865937432755166,-0.770847351270981,0.21767519943774322,0.8133756172899077,-1.967064542826153,-0.060074166888803016,0.6487497133950023,-0.5457499709924297,-0.6595151321602163,-0.2888758705969544,0.018089896015754725,-0.3830919128586938,-0.12856455711776288,1.105914629776689,-0.12457720311756398,-2.2678506979699447,0.5204132120967038,-2.0558093263928,-0.561571083113882,0.19834361654826682,0.5301006285722317,-0.7067831067073782,-2.2467531927613615,1.9331466942081736,1.1263700959901584,0.3139986987531962,-1.0298705401339632,0.05447997700741962,-0.001395951625068013,-0.9691062216717441,0.8080005219583158,-0.055898251844556324,1.4336152594768805,0.5522976093934453,-0.3207416315087537,0.11259612220838985,1.0958837970119155,-0.8717638391799947,-1.2402358080575542,0.5584989234436906,1.2303329290881635,1.8995137888356137,-0.4208451936654939,0.8913015696652078,-0.09655224867350534,-0.5587488133977939,1.340482431951956,-1.0705289541965657,0.15590929701166212,-0.738605786622203,0.01049178578843224,0.7085041681946507,-0.20813262144759664,-0.04839829329213574,1.1324606525618668,0.09950024555437997,0.948090373013811,0.3944753995819302,-0.007135194936610967,0.4846515130870005,-0.48979756097060584,0.1908718730094963,-0.47181822987464994,0.17707632982881638,0.2661143055492138,-2.2090946505628235,-0.37360832952142375,-0.5840662792869744,0.7971141094758607
-2.68785346188758e-16,0.5375664845165441,-1.0609072281322522,0.7488399647552357,-0.23941254890018845,-1.4214690756272341,-0.20693163777772788,-2.4086134824289873,-0.49483138610030686,-0.15507029638282735,-0.14919689621272253,-3.3782183922309437,-0.07093578095140396,0.7133397583198614,0.09383270671328893,0.05121653979228484,0.9632734012359262,0.8880872295804068,1.0293957446947473,1.325731458374395,-0.06015508195574952,-0.6425896771555725,0.8983799803120143,-1.2168501189678977,0.8552803442776165,1.6052212174081444,-1.1444998737914989,0.38847142702418247,-0.8588335617352191,-0.6671977311013979,-1.109075999663855,-1.1359417338660114,-0.3863151745042388,-1.4571962668812062,0.46409087389473525,0.4493566413831708,0.49250461509747323,2.484713902352603,-2.2564316887736013,-1.2495113823787571,-1.2886504851488056,-0.3609888016984202,-0.24960036091711474,-1.3469476823455564,0.561971797484428,-1.2394249803701642,-1.1881352303479678,-1.4860340960196559,0.36174032580377646,0.33347721988407547,-0.26317159237324755,0.7758529965754267,-0.06503161327377209,0.57904697872061,-1.2679626271506725,1.501234193770944,-0.3636960488350239,0.6980873047577751,-2.0213705613668473,0.474620703386484,1.505412702240478,2.0578499781699358,-0.5657128290951351,-0.08496616459370981,-0.4581324098010717,1.151179843212814,-0.4701736529160261,-0.7449269120187827,-1.7304993540462519,-0.32185299457339067,0.7094484026762609,-0.29296799851628,-0.27210082614197373,0.8187350876688618,0.04962282867937067,0.5453559431615094,-0.18525907204836317,0.16446398311916108,0.6282380702651866,-0.7338439105771626,-0.6289577610628214,0.4275359292239876,0.3275232055251281,0.246563740454723,-1.0140938889894053,0.3658529524564795,0.3464977370227564,0.12807260220425357,-0.8007907618859603,-0.9326972460940636,-0.7860547948698868,0.8368929245709397,3.0563520505694375,-0.29256360493078504
-2.68785346188758e-16,0.6128442473476367,3.0458197444587936,-0.044546070939457616,0.9806270134387515,-2.046920972266172,-0.23403429810029497,-1.2863721136781696,2.690269250890195,0.23572623409709312,-0.48439108738144154,2.2900071178210735,1.74142179326536,-0.03197668652894048,0.5146015368392495,-0.5389150922595554,-2.115916993538589,-2.1767837838872035,-1.0804461666055456,-1.395703875220037,0.29432458797146044,-1.2118772127836333,-1.6373054589557154,0.18073717057075384,-2.047360638351905,-0.6625913055065643,-2.061815888937808,1.0941220473230249,1.230173486923665,2.703994993043931,1.3523263840433564,0.35946417909894546,1.017205035416878,2.1523386960722872,-0.059475013632827256,0.9860638360560168,-1.5081263540219694,0.4365401954682214,0.4195441788147857,0.34860959504623334,0.36156629808813695,-3.6657994422843165,-2.558124526272296,-0.4219225200295136,0.7509496016508022,0.5371147132862023,1.306534885044983,-0.46145230206705923,-1.559888405627547,-0.976452409848016,2.0524321263782186,-3.1525356546349643,1.482439049514373,-0.913553491835201,-0.12473438459212391,4.1641209469071745,-0.25921070406817476,-0.6570466290787451,2.5396796783107303,2.162664139350711,-2.7465309111203444,0.9471931327338405,1.2712250520002428,1.6218951070774652,0.3631691687203857,-0.40822502481725165,-0.9354182597797678,-2.1460422499096232,-3.059844477857848,-0.8342227848684581,3.643552238547585,1.5618566797232236,4.032899886124695,0.11455672807585271,1.0031979558763384,-0.6129995470862597,-2.4273177395624232,-2.144045774870028,-3.202503100106017,-2.1528859048149402,2.8685593703245695,-3.6636941834228454,-0.23515222346492218,-3.5970592300724595,-3.220580511636407,-0.34394643963041266,-0.6288217905606043,-0.6889133869629116,-0.5199602964354948,-1.2913145488782942,-0.7618320566663174,-0.14778623943845215,-0.3958388398154715,-2.922878765577891
-2.68785346188758e-16,0.446739436324431,-0.5284495338062047,0.08182924417837861,-0.4376336320794608,0.07419122795529873,1.355155189001226,1.4042209632525182,-1.4565182915998647,-0.3709891522019627,0.787727118426778,-0.25997571725814905,0.382978874094574,0.01790982107409643,-0.177682860434609,-1.3641978910911927,-0.01774176300885577,1.8947337375364819,0.06838371305874458,0.0033393031397486728,-0.4117534786096824,0.5587199639821312,0.9115727680213062,-0.9395763615838715,0.4712521118604832,0.14183502424303057,-0.588211949243852,-1.0828521255329802,-1.951400821172597,1.0968922607892166,1.2494416547109328,0.7121807266996507,-0.18734878307244887,0.7234878671496772,0.4686578039566817,1.5414231945075427,1.856967905769174,-0.28493761699365944,-1.7688408759283187,1.0033732865694134,0.9392918614367243,-0.023925923597343912,-0.2476693987197598,-0.8351135762789805,-1.4407003811733161,-1.710107188759773,-1.5948790104323889,0.12342984548538112,1.0087832740993539,-2.2289418912359933,0.21779558411020727,-0.017465373098476955,0.37803786342300727,0.7435207212084622,-0.6843530925934407,-1.0189907895316077,-0.24113147171779575,-0.6030145655927355,-0.48093115752140975,-2.0025777575516317,1.4051358756067494,-0.2696827801305144,-0.9137266912395012,0.0001946334608160516,1.8427820331208284,1.8690418366458372,0.685401148078672,0.5095361052493974,1.1020383865611592,-0.37858343340110634,-1.2680599761788034,-0.17008515009886815,0.10901456610727112,-0.3501710332844673,-0.7878410682661622,0.3388779473351902,2.860698913451691,0.4324483035711831,1.797121483888238,0.5414295371679949,0.3821319079992062,2.7657245217697026,0.3262403387430322,0.49141334916425994,0.5324497585904154,0.21303091709192962,-0.3421135317780043,-0.3272048538260128,0.47959654822361275,-0.9644423394916317,0.2270825661163467,0.6323127186147391,2.051386069763666,2.2527868052460533
-2.68785346188758e-16,0.07232826202625663,-0.9660851881224949,2.6942417468401447,-0.39037686580304776,-1.158410050593506,-0.3962813530748411,-2.4893616024587293,-1.405897964500738,-0.5986003597998514,-0.03083855276820882,-1.0417916919928496,-1.0177618778954625,0.5842415215162343,-1.5404467960258657,1.056190245037377,2.0146243487834354,2.8634779554288,0.4367019708466338,0.6104630899699762,-0.9109266421963014,0.24159996419234836,-0.7079925147264352,0.44750577934561525,0.7965976359941707,1.2878483287684956,-0.710872542279281,1.1797008035093695,-1.1189256336044218,-0.9004993702212076,-2.248073311031804,0.8032465377989195,-1.0562102099974975,-0.6245654570872079,-0.5363785536119041,-1.3788256378403005,0.2437079007503663,-0.2746038601160512,-1.8251545237239137,1.3851511746418517,0.2323001194111204,-1.004690818929813,-0.9555731561445204,-0.8663334368429394,-0.3288858261636627,-0.12905127168884578,-1.9367085066796708,-2.22113846941215,0.20912242201582742,-1.0086060892949977,-0.9368603518331918,1.2558296810460792,0.2913621881480284,-1.167000376349213,1.063263394106376,0.2895670875930891,-1.081634832384538,-0.12655554266605745,2.0898051433471143,-0.019220600445347458,-0.2669792274028005,-0.24487381963042487,-1.6919378849827997,-0.8370904664616644,-1.5082881264974208,0.25725697169771666,-1.941789640855395,-1.0688767044676668,0.10025543332096432,0.0739683447089722,-0.6955163490610494,-1.2686064794540632,-0.7061441399780828,1.14171844340813,1.4719041248695637,1.0142848245485092,1.7818929317525323,-0.07143430738583312,0.10623489642070527,0.12650244239987535,0.5303796900200279,0.863881049364874,-0.25773616431956076,0.8541964959878419,-0.33154913594886437,-0.5581358483194712,-0.7018950768954139,-0.23121223084160172,-1.0396200171318797,-0.10805542304314208,-1.8863476600774458,-0.466149518943448,-1.6779127195491066,0.12595506818136543
-2.68785346188758e-16,-1.055559239878744,-0.7258213390939409,-1.7357408092766997,0.6627549848266849,0.6686284849415027,0.9990070363739807,-0.2804310720759875,1.9757738644977942,-0.24454588640165753,1.0132155146144324,-1.148345717669978,-0.23270703265678805,-0.32602376511478315,-0.5024443603614723,0.3201148881280266,1.820585291427863,2.0906117029251847,0.45478414710741366,1.160212002522925,0.699652889904485,1.6406577695435038,0.05245727510898046,-1.2917784125711353,0.8826776862214862,1.4524664233306646,1.1438597128689891,0.5612084784870631,-1.5969840732731782,-1.0299634938878954,-2.8365940408430865,0.08197327412463548,-0.42144042259248216,1.131138511941946,-1.0828507509688425,-2.46864875697516,0.26413369070632464,0.8603885207350896,0.6418623702459219,0.6766329759695855,1.245599361529566,0.0456099582342924,-0.12063036642833302,-1.724578497409449,1.8954753090338352,0.00493873625992336,-1.837302531119881,-2.173036017457986,-0.06045020701729162,0.051214498384143686,-0.34648749789588607,1.3944386663914101,0.588971427216368,1.21687437687504,0.22058824502852603,2.092995133645652,1.0647995012292215,0.6825286186807722,1.4773556520347182,-0.7701143609683714,-0.3221098426291864,-1.6882229383088787,2.3130369768273455,1.1655943188844466,-0.7414051199766758,-0.32900154610760496,-1.4668051325492735,-0.9808687715362351,-1.7349310934067774,1.797968648509892,0.4906297462561741,-1.637274053178282,-1.1297119424216004,0.6219384094950529,0.43434542677903626,1.228431083718203,0.6870826200988266,1.5778050223349132,-0.16431293072536957,-2.5998661618961867,2.627591013571876,0.5990772203784479,0.8994064110612571,1.4811765788032099,0.5403557099980005,-0.007957794792008498,0.9150006606761617,0.30801740437115593,0.02277771714219262,1.179410785177494,0.6301934532705571,1.102790757844705,-1.2837798635614566,-0.44676151371206996
-2.68785346188758e-16,-0.029123711837698792,-2.5299723344568146,2.0857449962317376,-1.8336037872357351,2.658532647614039,0.19637514102119194,3.6097246418357964,1.5542608062809504,-0.46928628850938986,-0.4236895579285948,-1.6967043150286834,1.4452214241244343,-0.1616101139961943,-1.498473242682313,-0.5414341472112549,0.15275267109942015,-1.6311938390175005,-0.1481543722961069,0.868674066561698,0.8416493303263669,0.7858108120553241,2.621049191140349,-1.107788535228252,0.6715657190080808,1.2899303730208163,3.1201589592614916,1.2339471781804192,-0.8581234554247572,-1.6959351328299725,-0.6888228834684371,-1.0946816045660916,-1.0919575287615975,0.3049322092516833,-1.41983349618335,1.032341681866861,-0.0673378047350357,0.05940446394967764,-0.18758233878952404,-0.3725913895803744,0.03256298597449506,3.285655425734248,3.382691690920313,3.4880832302024922,-0.10588282323507828,-1.3171918791263673,1.5116724519875355,0.7057763327877555,-1.0141109286869252,-0.7771467323303728,-2.0599338969949805,0.5129892046512414,-1.4001068861777919,-0.5945385307395064,0.684329072091356,0.7476365072834535,1.1780219518609334,0.3964200095806799,-1.5048845767070955,0.09022820837362899,-1.1354872945202164,-0.14778806622716012,1.1247789541530264,0.5213168386768147,0.7673483397703437,-1.746876669188738,1.2587571951661127,-1.1364673043583622,0.9454914517102693,-0.17707773364125248,0.6458815918949709,1.0183541332842847,-0.11493758875276283,-0.8714409227031352,-0.558023655275255,1.4844023416721552,-0.0076904860080249104,2.437588179178203,1.8801866719911189,-1.68302013323677,0.2867555106134611,-1.3294426009610443,-0.26654055463739956,4.246067748787118,3.0002173920667508,0.08534107027849762,3.3749685918823906,0.815417364805276,-0.053230723955881465,0.6315490803419925,0.14262621663216868,0.28927394741504725,-0.9454347168731485,0.4923990349253488
-2.68785346188758e-16,-0.35039253116798263,0.10202893146313885,0.34010690851986536,0.8267971378466952,-1.7698681585062708,-0.49881074495197886,-1.6474641825267784,1.6476615239841594,0.8144924896084224,-0.2251558192342558,-0.9653826551206202,1.7001123413161232,1.251278488181675,-1.4963337846296734,1.1780774176711752,0.47933741069804203,1.4604022396869236,-0.25846986178300624,0.37137571916015566,-0.6394479795629997,0.1621809051295268,-0.19910627891479388,0.7640655591378763,-0.7305305504447193,-0.3720109894456086,-0.9292274345258564,0.6491478793781201,-0.0886307142102441,0.320908069014789,0.47810184484040796,-0.11552706324115658,0.5663670614875488,0.7245010482880758,-1.2734398169630081,-2.0466218524608233,0.5919655939345252,0.5535951760758053,-0.2949058374820037,0.2663597552589728,0.45683768698428495,-1.099912887846868,0.9417702839489148,-0.31364208826526707,0.695683666824408,0.3560421821177065,2.3560920920046864,-1.210749576723323,-0.6573237359679318,0.004606093764964919,0.8260077675197308,-0.1230987969372407,0.4562394178479759,0.28639836340597624,-0.545044561817297,0.6902423461810383,-0.43718086813005885,0.5527127161516484,0.32009932722288476,-0.14335513907774886,-1.5519923298116876,0.12810591156911033,-1.1784068243300303,-0.8752371782172317,0.5857552425469763,0.25893257777802703,-0.8727801736850929,-1.2006046511493405,0.5682653397703477,-0.901883681909505,-0.7625073179518438,0.33858717078030987,1.0433710872058406,0.36741742275595435,1.505050669579352,-0.7932943255900804,0.9821297114684595,-0.8313466345353964,-0.2265511695551675,-0.1644884757186285,1.2890541642194882,0.16864824226342778,-0.4869930615129464,1.0840356619645322,0.6673560637933997,0.23989347567721486,1.7627671443260284,0.38522449278793114,0.4829719043717636,1.430782711454039,1.5729042996366163,-0.6353871835917866,-0.8334478740839119,-0.6662054074965916
-2.68785346188758e-16,2.147044827805411,-1.310678267117487,0.2695268215210389,-1.8534401857672425,1.6277838110154974,-0.7219007109899428,1.3125638922126437,0.6624181817211761,0.5567303030147376,-0.7202133070939205,-2.6117251987435903,-0.5302030470713985,0.596094140142642,-0.5650990767054676,-0.7874043471535124,1.090451078818571,1.045287639022443,0.05263039115391965,0.45758855077029714,0.8755648454803554,-0.48361133157592173,-0.052521299838420354,0.9282028406388557,1.2813077387860996,-0.22493351513229953,1.3636396795612638,1.2596244037581805,-1.021780364711102,-0.7802168655176576,-1.469606656192513,-1.9189395665288291,-0.6652151847840095,0.9116497835038515,-1.02071999316498,-0.49977606599334307,2.300888181380585,-1.0793077761233367,-0.6618372459284974,-0.10850341635558967,-1.237922052765879,-0.005583127136569388,1.035010144710911,-0.7794939332146658,1.2521383920072728,-0.07500876706258897,0.24150954943016031,-0.4413449380676053,0.6770132582977285,-0.4946205286371876,0.18202577801747777,1.3698419432997362,0.08412442685534367,0.0059583828388385185,-0.6838448623392047,-0.7044109724184432,-0.46375154140272845,-0.7714570141989572,-1.3370407828820952,-2.245284035029526,-0.8797071890221535,0.9440495834901266,-1.5172966805403056,-1.2246533548592244,-1.0157403105619887,0.2122983507211971,-1.4522321420539923,-0.6470876329190144,-1.5524254832779727,-0.3567433556354648,-0.8520896252520819,-1.9083805251399535,-0.5451829430891514,-0.5623372894280652,0.3404843521305041,-0.23629160351747192,2.1709906892682276,0.04842175878572175,0.8546917750050853,0.4153298898375371,0.31106011720944715,1.5098063790722156,0.052720363376246596,1.4218042270041948,0.2788750149153325,-0.12704262174622935,-0.3377908654610948,0.3682790639023865,0.998018502382751,2.5513705839644563,0.2569256854103473,1.366975075883293,-0.475839076599709,0.9388774325583563
-2.68785346188758e-16,0.5443956727259899,-1.3997995377666927,0.75946103197719,0.4043313821229696,1.4296434622378447,-0.052663064503869324,2.131851696343623,1.0533608656110234,0.5016940586089305,-0.05546154333768696,1.5131133625456936,0.5776095760379663,-0.5860547914087797,1.7458202897965303,-0.021629007626357954,0.31802068522569854,-0.107500811662219,-0.2417794951680774,0.2912546735092421,-0.6061598766164493,-0.3639099026411523,0.3312510890099869,0.5871367550225947,-0.208162538617504,0.10554032848170983,-0.002789774024494762,-0.2575189550948198,-1.671250985798105,-1.4657954630410774,0.7461683170001091,0.6882631846790396,-0.1694450729963458,0.1256973565095647,-0.5923216471089673,-0.3808558827095486,1.4877835110864341,3.7036385726002177,-0.6486524736675713,0.7638180789628085,-1.556267320650887,1.2958913309703486,1.4506143654650285,1.6473869775880319,0.2439262182768761,0.7172810103251755,0.3940031775469922,-0.5155921762662445,-0.949214550512536,0.5641875080428298,-1.4071813219256426,1.1784388821058576,0.011376072032788157,-0.22579221688877998,-0.4353140538227813,-0.8970199167228627,1.4260558412361488,-0.2575651201679172,-1.3744075841120682,-1.4432640553089249,2.1695987180261174,0.053539396179827226,0.46332020901566395,-0.28766867872130997,-0.9968779393926428,1.0892200535573437,-1.0850983961815128,0.6210448748097852,-0.07370774631833166,0.30230192470832706,-0.15036871345056188,-0.9487518801743577,0.19158363443950122,-0.18537491766952713,-0.5092574475598726,-0.2722463829764158,-0.41662133092176906,0.31241115657995777,-0.4548478411439538,-0.10172332536803508,-0.6957617233706961,1.513164080146728,0.8173166323065685,1.5710507022150122,0.25684759764393283,-0.15720068211769936,1.1187300499393815,-0.22245514523648338,0.4577963855258148,-1.5402100624162234,0.19803783897502414,-0.23250903390576777,0.2740149100446386,0.141628568768845
-2.68785346188758e-16,0.46154180047923204,0.8660113361945188,0.2819935380184042,-0.3344131683101924,-0.7442526036347503,1.3287950713877668,-0.28878677646126916,-0.3011302661578201,-0.4893990472999878,-2.040888090743215,1.173181126621576,0.13466588669578175,-1.044607897655733,-1.4964624426866486,-1.7233259736919928,-0.10519499327978757,0.7221993793627384,0.4256955085921821,-0.12849245103038653,-1.2362507132132596,-1.5516996617300434,-0.035307350759254896,0.5969518326829466,-0.03519655224409841,-0.18659318713116924,-0.4373046745851563,0.25632837669753067,-1.0139179060608021,1.8488512543532685,2.3056109214144787,1.408944709143601,1.049244001136118,0.23573165170710197,-1.0872739362637303,0.902452496446954,0.3316686883168152,0.2658878430480766,0.8018818830162492,-0.8290309522141549,0.774484933341053,0.23457347590459754,-0.5950619186523584,-0.9498763716734361,-3.199703913602142,-0.7156823456453738,-1.8499051954419103,-0.7144305465458217,0.2684116439251509,0.5055239945518615,-0.3757076686415443,0.7106430663688966,0.747161975283843,-0.1794373034878761,0.597381685589345,-2.5542456509839955,0.5600963382477049,-1.4476065039513288,-0.8312429071932558,-1.7883755718256382,1.3702952940838455,-1.4981571461630385,-0.33267354645477076,-0.6816382983196074,0.385591004594793,-0.40632995905293323,-1.3834478558902148,-0.35587457486241264,0.4490827067134167,-0.038627210936821255,-0.2573527691295312,0.6665160099752481,0.3702721928386373,1.3260586084333181,-0.6130191574838287,0.1454846932934573,0.4668760187875276,-0.13584957928964908,0.6110804309076783,-0.14171583729262316,-1.4998389085606816,-0.6199077974556748,0.1813745234009702,-0.21854224440108871,-0.3249144468960276,0.275214321557769,-0.6955062510949604,0.2623854543563197,-0.27264009851606325,-1.3317884363130505,-0.061799767868671474,0.41852887965408164,0.45705019334719,0.41530129366337654
-2.68785346188758e-16,0.24098150293316795,1.0136894684531341,0.12829580870687396,0.9805064240441995,1.0348457618665012,0.9796957040864139,0.5652599800433764,1.187995405489932,-0.28098322055824904,-0.018281764270795246,1.036283023009824,0.07536486776503312,0.5732885231309113,0.27738122491607264,-0.14092867653186578,0.6860084810060056,-0.8354547385695835,-0.30171833653174296,-0.5287715124202568,-0.5432083256139502,1.1854247335399342,0.5580764760134801,-0.4000794108778139,-0.8327124245741633,1.1793408722240997,1.661488004650483,-0.9510511242999415,-1.8128334214980262,-0.3383397693649151,-0.238963788543868,0.9793678753748609,0.8306964521962708,0.7790472751684414,1.067787458920368,0.10971818484562632,-0.22387953114319092,2.73401517927436,0.19777680201059522,0.35730815284567197,0.1989753995196033,1.758889820507171,1.370555223498902,0.9838097567606596,-0.6857298406820997,0.41042279751035216,-1.1878608046851442,1.2770479045557395,-0.8124560158700143,-0.823488281398631,-0.33108140621124493,-0.26412083821506255,-0.656346825359371,-0.10526830715330585,0.26961490101129154,0.0439112653105469,0.6884583783639058,-2.7991719673645195,0.12717933168809614,-0.8905434603961241,0.7916525991516309,-0.47190423118117475,-0.5761374133053254,-1.7378675577310303,-3.2690473824181545,-0.1429079198054507,-0.48458100375047364,0.5418854698255051,-0.7939934803218339,1.0507102518945748,-0.0691888170822531,-0.444007664472291,-0.36673828791395224,-0.11818506845530113,-0.28994135883626226,0.4212039600902417,-0.7322282485968334,-0.18521003251682372,0.10011189458414729,0.49861290646003464,0.18034958160270165,0.5460110404842649,-0.3972530361460122,-0.04640168174769377,0.873924638735224,-0.2751503412176329,1.6028496470015694,-1.454098752435471,-0.23266694201880303,-0.7942265451233498,1.97201589355765,-1.3324827633311842,1.6727184090805889,0.19687736478014717
-2.68785346188758e-16,-0.05321006410774197,-1.0690958709565959,0.19016865650720477,-0.11417960015582662,-0.11164093528263896,-0.2838607243548486,1.395973027845784,-0.8439449446447927,0.9420468155970628,-0.9349939144510244,1.6838239642128925,-0.27546281709842296,-0.14547557714670406,0.17958633459831508,-0.052875285410488485,0.5708322427240461,-1.1972830047636482,-0.44890487935865253,0.7410628033771731,0.8157245013178411,-0.056373164811886534,0.40522144156097356,-1.241658671769886,-0.09267669035895898,-0.46793062369173666,-0.17418002792536288,0.07225585252474372,-1.4061020537072149,0.6957599003212405,-0.02343539235013707,-1.197785541574632,-1.1488146368096963,0.25981992962554035,-0.2921510127833471,-0.612926592077241,1.2139539266373482,0.6062358756791946,0.42150138182274266,0.2928956951367219,1.5662622821606593,2.413872662759912,1.354050513083994,0.09567679931874662,-0.10613968492284298,0.5065437328996267,0.6686160126878706,-0.39081583618451,-0.5992396095990908,-0.5485958209328138,-1.7321514689556523,0.4603042417116469,1.1549620328222214,2.2795602550552405,1.2467688669730355,-0.1288898369575141,0.2005430133322752,0.4365805805398358,-2.103973624628118,-0.6970749787638977,-0.7900217718143148,0.7317212186688042,-0.39217211972868926,1.4253344611651357,0.40777009875774684,1.297390514725189,-0.22221255759717107,-0.03176586340502863,0.07199507496446522,-0.41792749229872095,-1.0521842313622178,-0.6190284775696403,-0.2693938125021049,-0.30844403061183784,0.12206282226030518,0.20121966197578509,2.069291211762214,0.7464593428148422,0.8906183323722437,1.1207085618035157,0.17287180891044834,2.4395451304890443,0.25559184719723593,3.3708307783428815,1.0386644681527548,0.33502487617216764,-0.05169106026767045,0.7439616479110962,-1.661904340038645,0.4901413982622731,-0.5810377829160529,0.6488769911365824,-0.46448542184263436,1.6480454513909277
-2.68785346188758e-16,0.07387119630505387,-2.418741316242895,0.3866766937999907,-1.0803077802322019,-0.6370751825995838,-0.8430154619449387,-1.8320756135839689,0.7801459521359067,-1.6322181352557115,0.27266064245978955,-1.8027813651625075,0.014508026831850936,0.2560135020734715,-0.6100520404380033,-0.7343740614084797,1.6253255229907975,2.0525966544117544,-0.7409284147392055,1.2557787006234946,0.2589202542948738,0.5593476788923135,0.28025782980238256,0.5066669862880631,0.3162765025741262,0.7138323955508887,0.6659257219275259,-0.10306327868132588,0.5474143557267238,-0.39321536221387654,1.1804570031940331,0.13840569986534582,0.024490471482227216,-1.3086037587940642,-0.6255285635808476,0.6468301207715352,-0.7864666370800392,1.9243950225305615,-0.2543406976904792,-1.445926586596707,0.7598219934668913,0.19529715618848512,0.3368906146863438,-1.1161970213522237,-1.0695711391631026,-2.4253624529411537,-1.1231562062062663,-0.5963500911065909,0.7558129977519158,-0.04721577738777596,-0.6791028469897084,2.3812068295521653,-0.08402854254083299,0.09097618741752284,0.5175816148510815,-0.2482458774877795,-0.5416959946398936,-0.2450448470709668,1.0136189240166273,-2.333813369461368,0.3467445083719325,-1.5566032800605312,1.3335498711973053,0.2815742529274684,0.5170137184658679,-0.6968369683352169,-2.0394352582566944,-0.9377051668239162,-1.0337150271577515,-1.3046978420052187,1.3392229280107437,-0.2903831466716984,-2.216551564029286,0.6932123207446874,-0.43259220482172783,-0.7324185980980614,0.810855708245183,-0.26477739063321803,0.5081765186887556,2.513048527861113,-0.13107454260884258,-0.1439171204797624,0.14524591240101617,-0.6449458018722467,-1.2780039342288247,-0.3434658605943359,1.0353881875208968,0.043618789535783485,0.700390098657976,-0.2625778593455359,0.9474584473318938,-0.10985918267418993,1.5800585326941317,1.2112948666685783
-2.68785346188758e-16,-1.5982724538768407,-0.8885227569801402,0.3716293545402568,-1.002691121491588,1.0383078615569958,-0.6114036187593624,0.15071466492863106,1.0192526515471705,0.3226318417673219,-0.6966637901853596,-0.30140393857681785,1.1073628421595392,1.9722412301770127,0.7942458518819459,0.9980043240149333,1.0331109753830228,0.20542029496600622,-0.3003646054869445,0.17871373326783463,-0.334393436931021,0.7184649387308664,0.6853579854924959,0.8153719251681482,0.2667546734166706,0.4798959308968521,0.5851311155904515,-0.4460167375912658,-0.49379557707810207,0.4290836916719528,-0.4298664157938997,-0.02442872586828504,-0.036949872951106744,-0.5225241865949882,0.6153721861594701,-1.6329492633203726,0.7524096289100723,-1.4060937450528361,-0.6834741526623618,1.3178123138789926,-0.9565087146997859,0.6950818967969686,-0.6282160421882215,-1.682220793863812,0.47463878968468454,1.2586916419693746,-1.2615552926566362,0.39186959294223067,-0.024139381163343007,0.6604723728675552,-0.4199284353567374,-0.22135884781622883,0.8462380127016461,-0.8446902480194386,-0.6841180456236086,1.1698295305133437,-1.4672404653172608,-1.69175916000548,3.171896114059588,1.3758975127663162,-0.29798856548297026,-0.3498901483177824,0.27713350817862703,0.8997407550253514,-2.619939984075271,-0.47736629921655593,-0.7531266953301374,-1.2586878985488228,-0.638385458013937,0.4923580176695102,0.9146714303106708,-0.30822350823793665,0.6472700369569602,-1.3509541172669577,-0.8918871162500124,2.075568680002863,-1.1617109160955938,1.3957730857579829,0.3798189573182086,-1.9183269424212792,0.6797368414240453,-0.3702200274607792,-0.9203366455877032,0.5040997848832133,-0.4925884201178019,0.5378498973113656,-0.0665854500592008,-0.5451401534681742,0.051095109537490774,1.5261945138694786,-2.081749636291015,1.1732754578189608,-1.946027487219469,0.6255881169627492
-2.68785346188758e-16,0.7781124136736687,-1.3415312646474067,-0.27376465834634,-1.0175917580866682,2.9912214245940163,-0.06240192090669485,1.502178641644468,2.705648727612581,-0.16608016051056426,-0.2871550184769901,-1.1372560016360125,1.1547764555434046,0.82752217872836,-0.8076283143764289,2.4181576380640575,0.5789793475022637,-0.4187045103043762,-0.8714304272310253,0.1936333246518209,0.7227742710709942,1.2176350589668572,-1.147401497879148,0.13491278885005062,-0.3184456597957198,0.7245683632217931,-0.5687778471503541,0.5205780577258624,-0.7075459093147782,-2.6715720937187717,1.1030748668767882,-0.9033700837385636,0.5239099370620917,-2.94883255036271,-1.8754296385275926,-0.5779554252476408,-1.794823554199363,-3.059586045695916,-0.6327177817393016,1.1440278493295297,1.226587087667866,-0.0726802874471496,1.8367073813714305,-3.9654418030828458,1.98388584778604,0.44821225206754456,0.40620558253886674,-2.231907953810409,-0.8466845596432803,-1.4830722433517927,-0.09573197897054397,1.607980231544338,0.29463844606000156,-0.7150713374123505,0.6719047698811369,-0.32345081009512966,-1.582236133319284,-0.3015556752843054,2.639358537188081,-0.05230272115102985,1.0065179607834915,-2.3557637710095207,1.1796378363301359,0.6858149092147754,0.8975737527169266,-1.3870588508625774,0.6384360816657275,0.0018764921661481582,0.7486742783090191,0.34583552453181915,0.37971387579347515,-0.9214279714567768,-1.661500409323337,1.526886356940718,1.169631877218188,1.4960759243549435,-0.006179279583234498,2.9312419067694737,-0.7233284503466031,-0.42568010560743497,2.095863605372972,-1.488874985879013,0.5890350170874057,1.539304271599135,-1.416358437599306,-0.04133964425175271,1.5338877452971458,0.055890762777735095,-0.18454209876108155,0.1660101006366197,-0.1944980979785176,1.036398400062979,-1.2469043579047159,-1.9076298776890013
-2.68785346188758e-16,-0.23476751476661548,-0.02799951545629373,0.05690900693308189,-0.7232621358233415,0.5331591481450003,-1.027461855240336,2.868844727930251,0.8962031768030049,-0.5776541081720776,-1.1411872225144883,1.0579162659341288,0.20996173809314472,0.2977452588959776,-1.7716872370560215,0.019605026500648503,-0.23520940683659722,-0.35803363689285045,-1.3299220171117143,-0.869078496806907,-0.9993385178358506,0.2649329871491713,0.29924861167907346,0.997026052072242,1.068482656312864,-0.729426802180808,0.7608501798074658,0.41673402659716713,0.4181030059033837,1.686576309030742,0.9012777937995555,0.8196697637252379,0.2768232508805922,-0.40009244343350403,1.0599576464943612,0.9121950715315289,2.946178390687531,-0.1534129304858931,-0.576651227934977,-0.22716928177554907,-0.06926904423917479,1.3147817379678226,1.5289217356483353,-0.04518613155436424,-0.7993517964415463,-1.3482419881419474,-0.3945223699406136,-0.6207477132740257,-1.2132092900270495,-0.11686731822547504,0.42547476896800096,-0.6919836614595628,-0.7698855116040625,0.02673558006064895,0.6342294564695115,-1.8302845836648267,-0.3082876546393224,-0.07476906617660795,-0.595906132588905,1.2706014067122609,-0.046745421549437505,0.12793126498621193,-0.8595323165552669,-1.6127280283637107,-0.49478780745786877,0.2636705554811135,0.3926243076691241,-1.9467142627738894,1.5659548768164073,0.03776236091747928,-0.5900548834393063,0.3923863866177081,0.8784746033757059,0.2627912431110295,-0.20950390995506538,-0.17022899266492938,2.5374727313909076,-0.9501574400511762,0.773372122234181,1.7919872323694939,-0.47040917454810327,0.9626275045206912,0.42647469721835357,-0.4310534367065324,2.167953476030296,-0.2773289467112081,0.21572195155203006,-0.15157260737331124,-0.5999014473289753,1.154606392640973,-0.7848314166318138,0.33244134471799364,1.3784402469102623,1.5939838677269438
-2.68785346188758e-16,-0.20645933482997875,0.14915995536953647,0.6673002489881577,0.223524006710027,-0.33560817726965564,-1.0413165841567409,2.088089754065425,-0.003310990655116225,1.177385014841224,-0.03984242405511838,0.23995130491764854,0.30778807686181003,-0.13422360872337524,-1.5704265954319316,-0.6859121893942599,-0.022594952174665672,-0.13920805751056864,-1.376865286285015,-1.423302450823547,-0.5166515843852544,1.2448072358433093,0.7386314067041095,0.25195401294115877,0.08186103381266449,-2.2686782244464396,0.8676458660238251,-0.2116532615146135,1.0744823314872207,1.1201882604547926,0.6094801320554393,0.0400494763926591,0.5645372815815504,2.09163742962018,-0.8024521192705331,1.900724326442646,1.136895788669817,-0.8355424395179329,1.5451536715773795,-0.9043527832549174,0.718607200403701,1.26704446230093,1.54287862362819,0.8373487258270504,-0.4505054156894435,0.364131281959976,-0.6094822387433294,0.04553745151375804,-1.8003310778076664,-0.12856264556240068,0.5377951323700754,-1.1463879570524043,-0.3617122570570936,-1.7414584676535614,-1.04912675029135,-1.4445261652761585,-0.234819826377661,-0.7601000210732287,-0.2458176639212465,-1.984862448301384,0.48787107317850975,-0.2999365540266228,-0.7518191630026582,-0.2582801347323772,1.0086226382107901,-2.0401150105946035,-1.0615368164347774,-0.4457576943763722,0.6843658055121139,-0.017150063937810472,0.8078239237101832,0.6574056954808423,0.5873983734539939,-1.3140262151191129,1.0046338332200853,0.25638728879142153,0.6531033183858423,1.133022694304089,-0.714489914024407,-0.5532677209467132,-1.3951127265133905,-0.2854155183403305,0.2891516677319494,1.3279073597496511,1.7694865941902764,0.3778681374210448,0.2452019839148764,0.22388926146701327,0.6545840400555705,0.4589271725059126,0.08965957520336829,-0.21522276427101347,-0.06228878335301638,-0.8738890467362224
-2.68785346188758e-16,-0.32807060630282775,-0.8797453282233083,0.8447615334332199,-0.10450077707088656,-1.2547474977488398,-1.0850805534153602,2.845957562637373,-0.7237391909099392,-0.21765746300972041,-0.20184555689205025,1.0590645498182234,-0.6414551552620622,-0.014833772153533181,1.0701363576820366,0.535281997281023,0.34778565842760206,0.42160258215991897,2.604231679171372,0.010483563638154059,-0.2811726311061062,0.8348681774104849,1.6857929450691462,0.7531327386319903,0.6931938463707998,0.5617171315474382,1.3230262704706908,1.5208625952473516,-1.0571808608698092,-1.6122905149932212,1.3664842676964026,-0.44115346764189456,-0.04708247817973826,0.30550761089324113,1.1434205838147822,2.3997919135683325,-0.04807384696313877,0.42060345585354975,0.3219757795870051,1.1128330891731748,2.8142174736202166,1.9388866217543903,1.0103632103714104,1.598636259116578,0.3644259862615634,-0.5515217142281799,1.0970211541429373,1.521862993074809,-2.0459151509277724,-0.9317682322910239,-2.346878165582429,0.1990451132797567,-0.7315034376200221,0.6352386148296911,0.22297426356304081,-0.5334479241371254,1.0425864230683424,0.221619292590566,-0.37563484000044717,-1.012133846369792,-0.45198896638260566,2.6731456028448806,0.8349222515917654,-2.7258703912402065,0.7203090777871741,2.403930964864408,-0.8108123987987346,1.702502013544669,0.7973713751439577,-0.8350344173056171,-0.47387065467078715,-1.0425473486053627,-0.03415476912859061,-0.5753096299532565,-0.1731239628051106,-0.4320637675096695,2.2926287049415954,0.32547530055626983,1.2145711843159037,-0.5318606741765421,-0.1556613834320444,3.8429538693786798,-0.43075887316290135,1.271993451032131,1.0540394048369013,0.24169333418584663,0.7840756726481611,0.11955269875722882,0.04330446677444333,0.9722706682213235,0.013138657051333158,0.0010348478074129197,2.476963337365584,0.8121392592928085
-2.68785346188758e-16,-0.3793846120874203,1.7501424190895243,-0.4931235136510562,0.46228898117848405,-0.9604150548825916,0.5283706263438073,0.09584002594953644,0.8305820034516386,-0.2589017200910909,-0.7206503117177496,1.9312539193977138,1.9607523020634825,-0.9660826477124054,-1.4475401274373139,-0.911982770857057,-0.5042966211132204,-1.178993031791671,-0.33068703933555665,0.4547109063821228,-0.12746967612148621,-2.867232394813107,-0.10536015284437236,0.7715061559145933,-0.06887879233014021,-0.892255742192635,-1.3138147932430762,0.4262294063673728,-0.5306668743689129,0.6844338033195614,0.8532491634774132,1.7758207288574748,1.3480030256941933,2.5354803987002192,2.431345962007602,1.8391692485186206,-0.06981156264056143,-0.3513431567610189,1.260759564260797,0.30528327770956215,-0.7121443336358847,0.27405403932557976,0.0669508792355396,2.7726409271365933,-1.9321640087257688,-1.3721741129394642,-1.3744716084455517,-0.2396459463309082,0.10095145642020195,-0.33016758829457266,-1.0037329988472565,0.5804895057203352,-0.3418407160150828,-0.5786113953770503,2.576923090254432,0.5960797721456929,-1.3327140126351176,1.1163947494957736,-0.07751057838920461,-0.22712467297907285,0.5626560460970692,-0.660789653125861,-0.9211269372121603,-0.5238326433571745,0.35720477261126393,0.1659067772236057,0.8941549259999597,1.1740394406402075,-0.062957937935044,0.5942336225932192,0.42335533168171835,-0.3743614019021452,-0.4017240649050748,-0.4318201794253519,-0.07087516119016957,-0.8641625829595375,-1.0861412575748668,-1.5825950039437842,1.0137406349925273,0.27013328454532687,-0.6163121325121492,0.32551854709101724,0.4673799585136581,0.7518181262965287,-0.024192271591274794,-0.42406801913570763,-0.608284231316316,0.5145549684993358,-0.5879469870085539,0.022979687935611892,1.6840108811509213,-0.5337485520500465,1.326704156050635,-0.8708742712562353
-2.68785346188758e-16,0.232729844050803,0.0079668721143734,0.1870921404768095,1.2630940635570473,0.8650607511034882,1.4494638546108962,-0.47715926844537987,-0.2909352536850818,0.32683093308139755,-0.3326934655660892,0.8090120622061402,-0.784623507137317,0.9153394833758904,-0.46188999563628774,-0.6258296656768398,0.4977906247551937,-0.1918753907567349,-1.6171563069917394,-0.10909209211641907,0.780065998749149,0.27520752482841315,-1.0224823318314151,-0.05871509126254217,-0.23766727375975477,0.5051512518145771,0.10672714285088664,1.2803847390735448,-0.7293538040918456,0.8896148846062462,-0.7561268615202292,2.8480810132452863,0.568008110343209,1.1321448552455904,1.809526530494134,0.8273875123283533,0.8850490033068028,1.7524736536576104,1.3880003599189799,0.10854040515401758,-0.3979383048191986,0.9133545796277127,0.34489755044038845,1.9974054871834797,0.020731392198678415,1.1887077850694816,0.127519465699943,1.0145224402294852,0.20906113760322564,0.8596017100804216,-0.03882683360832451,0.5154007784340429,-0.31701001787317806,-0.505404250187461,-1.0250009360670254,2.158196488421649,0.00708107457380623,0.7645333219456729,-0.2280774844633071,0.9773180322532214,-0.49465086730664354,2.274967232173082,1.160641149263168,2.906430491094606,-0.7776223175038712,0.39270798508167715,-0.19930863542805183,-0.3534070878813187,-1.8232130864937923,-0.09322949462779823,-0.4165454380674747,-0.23221768748942173,-0.9540153286371051,0.224719435945666,-1.180127690089271,-0.009685668154568172,-0.4615241368101217,-0.2720413591176607,-2.50909705624324,0.23335538720739227,1.1192806781823053,-1.9050054324089905,-0.7437543566284822,-1.6440599675809842,-0.6713563792408985,0.28334840079702334,-0.7236520853942223,-0.10955280124427663,0.02211792800055079,-0.8368509154851795,-0.4947680297704185,-0.48866494068498156,-0.9609811533705899,-1.8811267576853257
-2.68785346188758e-16,0.10648447590719094,1.2620367058464717,-0.9759385406695463,-0.006286567283747546,2.8858335087463356,0.6642224830851969,0.3083284526829385,0.6026113908614943,0.5146720604199397,-1.2899817399333502,0.48376985698785624,1.3750591388125808,-2.537968170096913,1.119509659220026,1.103364475294259,-0.6022571096471473,-1.3090951929581132,-0.3763551207618076,-0.9406588530007939,-0.47202995866260944,1.0552903387287809,1.096144560384034,-0.2935748098130159,-0.7239677971470092,0.4969208204960776,-0.2101842489689575,-0.011031260280116813,0.5092868327236985,3.479830353047169,1.1942354520451937,-1.3615183791286394,0.3506628916747194,2.8514267569266836,1.547125976366581,1.1494952353006707,0.27541350788966945,-1.4372658263783076,1.4067212171012367,0.009113978690004632,0.825255912897482,0.806213343350903,0.06852164994719445,0.776552732702417,-0.16567388805158195,0.42999266923261587,0.5066419811957892,1.9383472278006666,0.6491416515968991,0.6897284455905645,-0.7335762758102515,0.1796896161625146,-0.8305265141004584,0.6487959742387311,-0.33276673304050725,-0.2523608437613739,-1.1539578158772008,-0.6715875877810339,-1.7584600389436376,0.2590687687449315,0.005598288585290212,-0.0023909115106801465,1.2686951303579497,0.6008214508575123,-0.749217954645743,0.4180680540590853,2.9339059632202726,1.6642452867788506,0.2518729510714577,-0.5600017522787731,-1.2648779060713875,0.8259085405753077,0.5386902296812216,-0.23496278325246533,-0.8138016746088327,-1.0787098853891435,-0.62520624952485,0.4210073405631805,0.09965486255079908,0.7374323201127908,0.23738874294069445,1.877956688032298,-0.07343994673443456,-0.9623046520249261,-1.4397763062797995,-0.09073722416733122,0.06965196343820423,-1.5042934317579733,1.1715601369096436,0.3337556708673897,1.4288360266935238,-0.6881621791193835,-0.451852898301906,1.1913384198803438
-2.68785346188758e-16,-0.8773639094589286,2.6703691272278856,-1.1026345742720198,0.8449031807771678,-2.6230633360375046,-0.6187103831874781,-1.7300928190059985,1.847326997082586,-0.43761495374416415,0.4219690674487973,0.894730503569111,0.7127421811362091,-0.6477794082732806,0.3189515880058479,-0.8275916293808865,-1.5975968402291332,-2.5344564415353457,-1.8404699455883011,-1.241907836828992,-0.6589566274335931,-0.4047186137441002,-2.8422902193214865,-0.9900844994153162,-2.2024550505309923,-1.7232726451054543,-2.2846361269236493,-0.24143628774227374,2.647430571301364,-0.9769564592484242,-0.46235633987423364,-1.0426832342620738,-0.2655505645350949,0.9890471469401427,-0.3943616851390136,-2.9306788660555556,-1.5671265951078077,-1.3281293403742882,0.2288613374339173,-1.1756764241591435,1.3769277407675315,-1.558735010996132,-1.0774472888669426,-2.8751642658143712,0.9713263841041955,2.072643926843791,2.0982851040301322,2.3533383426921235,0.5731583984322755,-0.5714109138775457,2.1410071456147226,-4.145177637612949,2.8694370653285426,-0.5165335946128528,0.4850468289543227,0.2468836691270727,0.5952852696303551,1.4350260441981493,-0.8000419789919524,2.8930241037955815,-1.4067193545690595,1.4352232754361818,1.7934253102554965,1.8281768064593469,0.6181039344433523,1.0813685590098974,1.1705568800405808,0.8852754780388798,-0.7575390920067527,-0.8439489865132396,-1.2737274349822043,0.3899759078041284,0.7640257777224696,-1.1273625198429957,0.7471506137445909,-2.394659367486395,-1.9918784786567567,-0.9759181222687073,-1.9590090665176092,0.8725507363964249,0.9755816340561243,-2.169096699458226,-0.5047327692624096,-1.9976565423772188,-1.774709902295406,0.01583382617127431,-1.3369257780276644,0.005569188715364498,-1.8053060816276485,-0.5960976118951195,0.281359544864931,-0.30514712351268103,-1.5835637724925238,-1.8141967853255434
-2.68785346188758e-16,0.5132447106435544,1.2605396381810166,-0.7886827965255891,0.8965491927085857,0.34386248949126513,1.1768863494230464,0.4360366527511568,0.34167734659496035,-0.769103123028487,0.6729697070798061,-0.7538750332676678,-0.2342398124371703,-0.5992652048622131,1.4055302025107852,-0.6591235846959267,-0.5584306399537241,-0.5500256517590837,-1.0093610734817777,-1.487030025942719,0.29346934198065244,0.1348174134707521,-0.8966060454346331,0.9077428314901254,-0.5712015157492767,0.24529763574419433,-1.2054099772633187,-0.5349924946252703,1.8335585790096636,-0.1289962335291528,0.3451501780216447,1.1619179500549026,0.2551840545852773,0.7400490112739904,1.4053088905561069,0.017803886569648472,-0.9866773344471853,1.1444137103400784,-0.26667819473074406,0.5518873252808565,0.11222188030028069,-0.6996539350253601,-1.2184615590343717,-1.7668664156407157,0.11660397329005914,-0.8470967218286274,0.4983341638885989,-0.6489150131305541,0.2695627335225438,0.10163066811472221,0.29748540965459436,0.32657675612471415,1.027503199574182,-1.7183342437477844,0.18279444574936138,2.232751127673554,-1.4722595965562224,0.3427138900894183,1.4527293031024988,1.936464244833418,-2.534739701672769,0.8509546118008118,0.7264809959271464,-0.2483705995769494,1.290104929056269,0.4534993183324757,-0.15312663741606966,0.5551510861708231,0.056949158315847626,-0.20369977605115813,1.1857252456562526,-0.4049642871274328,1.093895676282225,-0.018938611556646223,0.7096179464152476,0.9197832841298936,1.375056019766836,-1.3775940797237245,-1.6639689875658101,-2.286506418471257,0.781062983791069,-0.804485491927228,0.5342520311912176,-1.1982210713600145,-2.2893465310095475,0.2325767963749691,0.1906233582948833,-0.0827859158745332,-0.27080037950708125,0.48833569398197396,-0.7313191367730227,-0.47548834422159986,-1.4236275426084255,0.30873200215190105
-2.68785346188758e-16,-0.8928682728111504,1.7224043965292255,-1.0691008103666666,2.190742572383453,-1.7736364307207815,-0.4975454036339855,0.6751678823815034,1.0063505208396286,-0.33344304517753826,-1.0580642145590156,1.6828279538849762,0.2041105238327332,-0.9491842255500196,2.5528801675617485,0.19451793706968362,-1.4256488844964346,-0.22870520287002039,-2.8882423839036173,-1.4867722719869814,0.1434393650854317,-0.7151682738988919,-2.5943109139129814,0.12438087721174293,-2.145435642152845,-0.9473245185907688,-0.5403981937110427,-0.8421834623492701,1.5509346403381843,-0.26107505454952706,-0.8127665803869327,-0.3901979414098319,0.26911482243701923,0.4297334349070302,-0.34798613217095165,-1.714580957335455,-1.9551582863537478,-0.5495120137932188,1.0228290089477183,0.9141909287063262,1.1696294586854281,-1.126349518685903,-0.395241612137184,-1.2980094715452488,0.2357395866674863,0.2696166329276102,0.7477599386677818,2.506051809762597,0.03296890238522454,0.1467969510710793,1.9974045826047035,-0.9280197023427672,1.8087221314475892,-0.2270499501058747,0.30214739218978914,1.0942566704116525,0.07631292825674002,0.6054199108336109,2.764807662467033,1.5838707158024459,-0.9357907005823691,1.839468732350685,1.8381176815232918,2.172357222554568,0.20078550614518248,1.5292670114380125,1.2517689847168745,0.850454586761695,-1.7169647174518907,0.1640959222286157,0.47929865980052455,0.9489164196575981,2.7732148356893056,-0.6414444494361861,1.0507822797073374,-0.6413568473122517,-1.7278778913754866,-1.7851051910220956,-2.700201925179001,-1.0445580181960037,2.6850141255953397,-0.7743605385511596,0.21194836938717193,-1.8526072073969218,-0.02141160354475491,-0.3791758054041675,0.1046345636549442,0.23662941587246789,0.9527143045385138,1.5664350500640827,-0.5337224255650868,-0.3431496509829056,-0.9276158076290294,-3.5395031825711936
-2.68785346188758e-16,-0.27198560475943506,0.9537219260538667,-1.2370450783875908,-0.5072915699462285,-0.6607218424698705,-1.080989728555406,1.9164574722001138,0.4583703370452371,-0.3142517393793835,-0.0992562604011315,1.6076847951675084,2.0329478250262687,-1.6932775777244486,2.915246414276768,-0.05076217988850204,-1.1524210246716207,0.1853022564362069,0.4069471606159254,-0.7433378887567056,-0.004220497221434943,-0.5869600592097381,-2.465754669532651,0.8692187964727687,-1.1377204665144152,-0.5410145390733603,-1.0857175820303409,-0.40059528131181943,2.559456575671083,-0.037906009555154274,0.07673419102847079,-1.7903657700059927,0.287873969473391,0.3125258307259325,-0.6778855718214793,1.4884945265323335,-2.0019908356642824,-1.4898836243746776,2.1037146151933714,-0.8296036322739726,1.800502134446527,0.07948893157102976,-1.4336925774780762,-0.26733095148034525,0.5264458205097499,0.36514659750003475,1.8140773712226546,1.8158314150662185,-0.47044010423797056,0.06511674574176922,-0.014349827199836684,-0.5313967425470938,-0.7158815779791382,-0.2958656368641747,0.7688794441018393,-0.4279405836169158,0.5699063053875251,0.08187567731577985,-0.38462109411197465,-0.17565734824984797,-0.37745992472935147,-0.6960739716334011,-1.5819660481409057,0.28652976791587975,0.8260143807920185,1.2551801620659284,0.13552824164482813,1.4231452442019787,-0.23533519845143303,0.0624877311373635,0.04401012154827148,-0.026911922501501706,0.15544253418262,-1.7970350910809028,0.60066682786784,0.32540729033924104,-2.4288266501874243,1.3036601777543573,0.07022986863898639,-1.2573441018413198,-1.6233227425150574,1.0031407245662805,-0.37094519222263517,-2.3985129152732885,-0.09950385243811175,-0.36691640823279564,-0.7340606064353405,0.6269642673576101,-0.22342597086898852,-0.36609669738484346,0.807443000816091,-0.6652549806732109,-1.5343111212555747,-0.001967171095216158
-2.68785346188758e-16,0.23702768726210474,1.7668998117470651,-2.3716104620811214,-1.3174320580150927,1.1741810809821902,0.3056072089411046,-0.2518000762077582,2.6475672125956873,0.17335594911543623,1.201463588533038,2.8341867428305916,0.1041488907731401,-1.1347187620956747,0.3977135738810559,-0.6127912010031055,-0.5102484676674236,0.6164510520981048,-1.6627641675498237,-1.6496803086543403,-0.6430463467845502,-1.6032903145606974,-0.20833639234211232,0.5738247198675688,-0.8554517632334099,-1.61760497503696,-0.3580507380598508,0.5269499219469415,0.9967866658194734,1.103164585457646,3.2418392803464773,-0.5071027143317874,1.0411187298746165,0.5904142422686307,1.311580855080635,1.666343913226099,-0.7865836509508545,-0.9441639218123485,0.9928224681508057,0.26715215978799445,0.3934770871066632,1.621494735587639,-0.23307391623732787,3.1049311652558074,-0.1710693313906615,1.121796777951692,0.8022426425575365,0.1337008774787083,-0.6903833785082536,0.857754248673044,0.5499890695000003,-0.5573882937775009,0.6298960219854658,-0.38637690810138026,0.5779891135604873,-1.2698290255926075,0.3542720500430279,-1.137406923353807,-1.8954424123689377,0.33170669590589613,0.7376449678155726,-0.2090481893959198,-0.5344314563742257,0.5394787634617785,1.5782550679215614,2.7006923282297426,-0.7348686160955195,1.0424982195700927,-0.41486461571590166,-0.7641942262437608,0.3250941141793009,0.4589551299857525,0.28085772605554626,0.707303847731761,-0.8449567839272019,-1.1426480316577505,-1.2048007260869746,-2.713476290683084,-0.855307712745767,1.1697734146685679,-0.18847151609907065,-0.047158785185293484,-0.22504021572048105,-1.0213954860528398,-0.056639191723063476,0.3466838044514129,-0.9446670096867209,0.581147015887088,-1.0587914567439087,-1.6951975247409292,2.1814371794735656,-2.211221027495693,-1.2765840506783956,-0.7804895034136208
-2.68785346188758e-16,-0.48611639836477394,-0.6403882747211921,-0.014847483195736921,1.857412394006627,-2.096351635191688,-0.2330149993273628,-3.3792413347694397,0.37689946821796494,-0.5917648268188989,0.03400235681246784,-0.3418108364798932,0.5305977557961097,0.8093599522037538,-0.32733130917105024,0.2212467783795496,-0.31646217656370396,0.8642700588328891,-0.5012087334099127,-0.5956824503817421,-1.136549595870936,0.26944533229934403,0.4892585951184327,0.013032930946467043,0.34108760493760193,0.1775219264072787,-0.3543122275131908,-0.029684308673378085,0.012606582257602139,-2.4005074684417944,-1.4189650509675875,0.6848458845944139,0.46001482751865874,-1.0322454140347646,2.0644872061191033,-2.1473275123599,-1.7011264858780173,1.6560391572707713,1.001569580219582,1.9194436059956637,0.14205912087371309,-2.11706350248871,0.0016629610114755403,1.4036227314296639,1.0723413238337887,-0.6188878042158665,1.465430680315859,-0.8226405468827912,-1.9049692380417147,-0.05565078704686131,-2.352926543867769,-0.4866263329941615,0.32961322118748615,-0.3992967263316773,-1.3565995203833867,0.42253974188760773,-1.6989867643350227,1.9142720143670475,0.19575900489889606,0.4868155763539917,-1.0620658854350005,1.110125425625476,-1.1508381710089552,-0.12546959705656513,1.6395007314294843,-1.7186033100711215,-2.0371655257436228,-1.165185803290182,-0.8821751215125059,-1.01910713576148,3.0442247358743715,0.2575335086487228,-1.6559563215850508,-0.3155812001447432,-1.1300841960822487,-0.17571215886050542,0.009719705702573633,0.5467420121841213,1.3611682268796923,-0.7265937479894382,0.8139783313379348,0.79377601358168,0.30510562270421143,2.1821252498077355,-0.41279920893238004,-0.10949834430267978,0.27501361767654575,-0.041071867238030114,0.8912766076663701,0.43613740149049285,-0.3665155963529624,0.33866174858064074,-0.8322789224513507,-0.7755342813462711
-2.68785346188758e-16,-0.02230894689522497,1.386556670454713,-1.081927749748305,-1.597493272747213,-0.38429832309253487,0.26543319360187195,0.7637897674297425,0.6618299190591901,0.4700593840263974,0.8554081478077667,1.5170146511317188,2.4687042458929183,-1.838884190282998,1.738493256920538,0.3921628548274719,-1.2290182266464935,-1.0380118240677163,-2.459015598653914,-1.160045071177443,0.33588845938480716,-0.3960103576174848,-2.1626921525327143,0.9004421279599029,-1.7134923628023295,-2.8981772046867715,-1.6171122133444085,0.35219215059810377,2.717140294093156,2.4349747148737846,1.5661690260173602,-0.7949279583687053,-0.20411550690938018,1.129617621839946,0.19969509414068287,-1.2362573987617202,-2.821390525953868,-1.2407250538440409,1.1605321018830095,-0.03680579310915355,1.1195678661431836,1.0755216217260808,-0.43958082639280815,-0.13104997327833967,-0.7744839317254779,2.0462595251960374,0.3610662770216345,1.245586939289942,0.8648750890867758,-0.2951950559117849,1.0803339313754075,-0.5090444394782397,-1.3465660079842316,-0.28366462849451435,-0.2661895391921881,-1.4269266962035492,0.6894043402245295,-2.4518792848810884,0.019882048273914155,-0.9238469223402078,1.520871022978981,-1.2614398661347788,0.06299337312754683,-0.9856198779776302,1.2083615872380398,1.9048150989316224,0.9014569635448006,0.5356838973759085,0.8719951933700556,0.43644898234104335,0.17115304449227697,0.7383328785018085,0.3958808701322065,-0.38391968603698134,0.13756894726765084,0.3278006320767498,-1.763167804657696,-0.0679485974073415,0.032260600401838535,-0.8217597768900391,-0.8876885771525245,0.32769860293655273,-0.4943219570213846,-1.4029078670704402,-1.276091396649564,0.047912762329413786,-0.7420141521233266,0.744245729301307,-0.8630969773147992,-0.8931612858412544,-0.3081922402212728,-2.176404900012662,-2.2730132746531178,-0.41246550236349533
-2.68785346188758e-16,-0.23856535857560002,-0.9832339507578933,0.7375663600047906,0.8774849448332673,0.2405986523362269,-0.26634085217405223,0.3975601386900538,-1.496249391436956,1.049563556004123,0.7141740646896194,-1.0097420338754572,-0.1233471620482324,1.2724692227939067,-1.562347045547742,1.027060572025298,0.643093610988431,-0.5045446975080226,0.7806829050504586,-0.1880343723474315,-0.03660802291488606,0.2313061950041507,0.6578319368122851,-0.07545026907275672,0.49049409802359145,0.3472240760366241,0.5853242295017675,0.2411803168684835,-1.0552880120190067,-0.20459298276438476,-0.5009964240711475,0.7080581288121416,-0.20601402363798543,0.6970382713993768,-0.9819816889806697,0.2935639227229576,0.8506232947546588,0.5664916001508407,-0.7609492435410365,-0.47210475090865134,-0.23336719855318927,-1.2344123192776044,-0.12001012627037089,0.9482604820638689,0.7171438215141294,0.6811629648871129,-0.16057927052358434,-1.3265815993713737,-1.2846365757421627,-1.5154199798094494,2.0499038472253006,-1.1385889839350913,0.05805731864871396,-0.46554574906000623,-0.12344816357418645,0.32196315985044044,0.8951196166294904,-0.5835066919172063,0.8332939520010418,-1.5497848703244974,-0.3333382027031651,0.32641378465740084,-0.19357704970790035,-0.3589016822703421,0.26591310824998327,-1.2965413961641068,-0.41026704513000956,-2.286093627071832,-1.6438170746648184,1.2334058132156818,1.597370265035554,-0.7761432886817121,-1.0464467923854728,-0.8312638345254812,-0.20464748356256282,-0.31434288352167894,-1.0253743417003895,-1.180181408132968,-0.7190386021773423,0.3085235905034571,0.7892488916995277,-0.21010077237553387,0.19135489963320396,0.20158459223340935,-0.8176294969897607,0.35030862772948446,0.1693650285614854,-0.25425147653530583,-0.8655839249379422,-0.0691859903026673,-1.7150106278645532,0.9252941460067597,-1.763130433930492,-1.4456116099703746
-2.68785346188758e-16,0.9579734813509081,2.1702093848369577,-1.2885830487337282,-1.434739541476679,-0.0569514999014743,0.1573931496867622,0.23153523664585984,-0.7539761179072741,0.3485734308117446,0.016030828040041488,0.7813185816399117,2.132305295586127,-0.9196376099401606,4.296914460754666,0.38887090290035736,-0.9666072964627304,-1.0949253473257043,-0.8926620473127693,-1.067539414415008,-0.5424963737367021,-1.3614975375642961,-2.0869381209677633,-0.41996702316963147,-0.8172594000945268,-1.0723500675079034,-0.8565755870755833,-0.9410166140244125,2.176765104961353,1.6983226114363554,0.5696928013493125,-2.7923087964154787,0.17850900102090256,2.0085711064980085,0.6174387125741433,0.4055049674505451,-2.435617380703859,-2.6494457379129206,0.26066740129463817,-0.5616568122663275,1.1333234895337045,1.829495812615161,0.3475921397554782,-0.17459183990480084,1.8509258508060218,2.5211981023877765,3.332966680434482,2.0554818344746484,1.1750533629654352,1.293198214236862,0.15445746060166177,-1.488766002877614,1.1485904105970068,-0.147773238305091,1.0163385823220679,-0.9949006372807084,-1.7945876239922436,-0.09416456530200401,-2.5445522155701656,1.3590694021292933,1.9095994778947514,-1.3532821489374092,0.06662087173750775,0.5588280885164805,0.975335323110389,1.6254317399883027,0.4046032334067682,2.260066312966007,0.9721714971121151,0.3493474272764728,0.27120405571569345,1.3244224366823918,1.8711501099947676,-1.0894391033631143,-0.6823601292655088,-0.6836210873668165,-0.15131944036918007,1.7407813000679329,0.8282381258044877,-0.8848777908139949,-2.774292618571086,-0.5700744971367347,0.2242809730970151,0.5441213578351425,-1.7239928026110545,-0.42052920141677336,-0.6785285122180558,-0.15605913053782827,-0.5790234925191704,0.27056430929480724,-0.4473229619447021,-1.1966370868742717,-0.09147092588829508,0.12276515111224917
-2.68785346188758e-16,-0.17123386773136096,0.4854637740688431,-1.7267981464848727,-0.3258780442454577,0.6436687187897558,0.9024259612355445,0.10277580149178167,2.6197447846395456,0.6814273129042591,0.3204189178221044,3.234993281204301,0.32765385878191966,-1.2233018589687719,1.7568789067822843,-0.46714256351250594,-0.7091560943242632,-1.3400277968846472,-1.2731906561968858,-1.8881135096725894,-0.36784703930218654,-0.3884859592340327,-1.094647707483543,-0.24625977934105822,-2.2998844620893637,-0.325205479010665,-1.0198104840472557,-1.075148987012855,1.496528133321339,1.1617474234544847,0.9645318963093756,0.22911015253218286,1.3051083054834474,-1.2265121675448563,1.0498310087530793,-2.1304490238125497,-0.6177689196078978,0.27764626132415116,-0.5831933127560838,-1.6523489386461105,1.4113379297653552,1.4145712671307302,-0.7374098600305783,-0.41491273425454567,1.3068287387362716,2.328189592427015,0.8350591642107922,2.382009803601216,0.15333645463844603,0.35595762363207517,1.6792686244689685,-1.5849001218074763,0.4306128903017699,-1.5664756002686175,0.04595388612211721,0.6205657771599881,-0.27046864771650486,-1.5178420003664967,-0.05299799179592968,0.9896607950351577,-0.9190413183513659,1.346402348208256,2.5705038035820005,1.2815175927405338,-0.659301259998611,1.711478226941834,0.6301592069543153,1.1698239389669929,-1.4814550731784977,-0.38773329354590585,1.653290230902043,0.8830256605470159,0.4187672878307117,-0.807076148871221,0.6329413503077456,-1.8240377799608565,-1.1305315155566722,-2.33817591099506,-2.7879424495182814,0.31581825587323986,-0.19457894107805554,-1.7898482343507722,-0.11269461988560112,-3.9706030363933493,-0.9604196911760162,-0.2523477579137624,-2.244890344585033,-0.43297640955092553,-0.4649939982598018,-0.6694096697512343,-0.023550908634698386,-1.3511967192635141,2.083065844119936,-0.94700325757444
-2.68785346188758e-16,0.8358358482104733,1.3757966776865287,-1.3352279455924387,-1.4088419825981489,0.16639388284204343,-0.841336124284241,1.7769387382107198,-3.1738463718281227,-0.6703560698665108,0.9308548119501482,-0.14191868605120594,1.2870586970431468,-0.7560749100795283,-1.5290828381705637,0.9441972346368199,-0.924103069179121,-0.5603419790690618,-0.1821529732084928,-1.0473830336928487,-0.35649948705555995,-0.45305482622103765,0.1094198044035953,0.3833351665475504,1.0338991015371253,-0.27723004893930747,0.7140606283179246,0.6226769779365059,1.1198919038111508,1.8563309669506822,2.5488621168796826,-1.42252732658682,0.6889683358703825,0.8167782432308179,0.4933043450656818,0.6254542705883557,0.08506405376762159,-4.122428658989834,-0.12696080120000539,0.6047124599026193,0.10643626992754918,-0.4251366687527611,-1.030427443619979,-0.9541763196457722,-1.441513892321336,1.0857038123329785,0.7771818436945137,0.6637010393974184,0.6333434510915058,-0.041334693033599185,-0.1602701487702638,-0.09747460014104627,0.6966162184574104,0.2182641170493791,0.02596440441164131,-2.720502415835117,-0.01122094783605823,-1.2603796655016817,-0.694997434904751,1.180593073637963,0.0021692017799403995,0.008979646932671503,-0.2542555078974802,-0.812241197070747,-0.18604319716933126,0.4479594248220572,0.16789914883200358,0.3457581162973746,0.7965164811301615,-0.4364662713112455,-1.9857070673934016,1.4374619007026,-0.015494544023175627,-0.7518429697284031,0.3084113998839003,1.6805185276708126,2.7130747716087207,-0.05848064540659015,0.6404191876576059,-0.24908685418201734,-0.4574689464455177,0.9175939259632626,0.13988873935857996,0.08035775362707875,-0.5491638624333892,-0.7778525305989703,0.6973335975705477,0.306741634826459,0.16506920681731135,-0.8535330838813222,0.2551049762543268,-0.4918417265389018,-0.4452566815845574,2.1002616223224666
-2.68785346188758e-16,0.5601000112553123,1.6976347125644293,-1.3359413319145086,-0.12783073275541715,-0.29412513772543714,-0.6976886785267011,0.29767093854595383,0.4880316057347185,-0.7322036405782435,-1.0555606864456555,-0.7602991527051663,3.5099267385373025,-0.4349171903290274,0.41619936501709787,0.04176631078071525,-0.9327520704185857,-1.0009520852620524,-0.11583055791565156,-2.04866750993194,-0.8313390511662755,-0.768466871869063,-0.8857497966871704,0.6903888086246026,-1.8248771962257677,-1.5874771673685828,-0.5572814589053483,0.47652046338153925,1.7812306403245814,-0.10435659065548464,0.17422329204943965,-1.5771946273425757,0.6055019046510208,0.5173804811142378,1.5929917561694036,-0.14937451336013985,-1.4004418448016238,-1.543748682581441,0.6114732613677317,-0.637970770630079,0.636437869238765,-0.74000648787499,-0.05997777284700834,0.7328998142231212,0.5677441834817433,2.8317576720809283,1.7023902028617135,2.051455962715767,0.8661379226405534,-0.7938444422400065,1.1629881259400323,-1.9779220843099061,0.03774020415998678,0.01008320591787329,-0.4490487059994498,0.10591062627372214,1.401584222270467,-0.15238716988172732,-1.8895136450636305,0.2592477529618898,-1.325021818251971,-0.17331655593993311,-0.47280692465537105,-1.8014036685849226,0.08080283173796565,1.6472039603976296,0.8589952476386622,1.2705067546441062,0.1421168440495266,0.5872764850685077,-0.023190647390225277,1.0667307231286198,1.6658667552466593,-1.202451307970834,-0.0724425060653486,-0.4953915804021432,-1.2513629755386586,-1.4843444841489895,0.18868143606240595,1.5610648414613282,-0.4940086335262671,-0.33225515849300935,0.430799049093482,-0.5018529513929537,-0.17696285046293525,-0.37281136283467853,-0.066079901853217,-0.855524555189031,-0.6241712429885353,-0.1281947227826693,-0.6514461242935159,-1.8064501839135194,-1.098469880568601,-0.5561095180128841
-2.68785346188758e-16,-0.5474347359626184,-4.002119250367392,0.43147024262564837,-1.3811590162317007,0.42424374075216353,0.8362562381372008,0.18245698736848032,0.5600069540507834,0.002290908304896603,-0.3095854519008685,-1.2795990069138812,-2.037031768827723,2.097819144087148,-0.4541703568870455,0.5765683011790017,1.6951504479942734,1.7080370792377266,3.786243300398996,-0.4492372061182647,-0.24031914937445742,1.4137958921047133,0.6194787891762823,0.21001341929761597,1.0081303811267155,0.5312352704017567,2.478060581416262,-0.5373741343009589,-0.6096140293232266,-1.9501881341377867,-1.2066738812487545,-0.639527000242744,-3.4123138213718764,1.2040905607779897,-3.2090890677134523,0.17437093822986546,-1.3568671547162658,0.8289014583115579,-3.6063053124481366,0.6134548531472083,0.661089833093568,1.9710163025568914,1.2672644879303279,-1.5989673752842357,2.127148282618858,-0.29323184233197785,0.20782961672369032,0.4791407017342635,-2.497805392844943,-0.8868428761913466,-1.6135953470126831,0.2569264912816783,-0.5061503786017283,0.8915756890076406,-0.07074342343134898,0.4709218239680666,-1.228773021884044,2.720882136772528,3.300210574781438,1.9659908037288734,-2.5346623032813453,0.6574792970406889,2.0507841210516595,3.190436892437003,0.704539535587162,-0.4466332431509208,-0.1884814967117876,0.929791465613553,-1.020425817969905,1.422104861115911,-0.6547990007017809,-2.334775696342149,0.10152927328950856,-0.08693550732620606,-1.197059721393583,0.02635861528099087,2.845958063665181,2.031864025712706,0.9693446967772411,0.1675482426396604,0.5320935292766313,2.728473762764429,0.502948934986314,0.30971514572957637,0.8680649906423823,-0.2944620437736919,1.240451798787369,-0.8689588968342403,-0.949632821704887,0.5015619714425483,1.5535348364566917,2.48338283349624,1.6178228401268449,1.2964600992723219
-2.68785346188758e-16,0.4966941016373427,2.8358831861195086,-1.5464074055817882,0.041233923347071544,0.10485099181708224,-1.0603787098153403,1.9861530891839043,-0.4755292478774822,0.0927618727863241,-0.37477553417186527,0.8716931235856842,1.593477321903543,0.10834844570811186,1.3824585084165477,1.0233264921679268,-0.8756131363674021,-1.1395144430284523,-0.5366351982405153,-1.3630884636795877,0.3847186857646258,-0.7485974455192241,-2.4877134064453506,-1.1226500345547303,-0.5690331008406075,-0.5952660488226649,0.7379820541016295,0.8081311225584483,1.3664463698888676,0.07834957526102365,0.07276170088847933,0.3104481480488642,0.550875291036665,2.13669561764571,1.6883385869262204,0.9643895845269777,-1.5913736665392961,-1.0634377426465635,0.35682032361628574,-1.679769657595469,-0.0514458733604784,-0.48402647141969324,0.007918397825366519,-1.491733395038131,0.7933003802926604,0.6663380752151234,0.24425022694162424,0.11222506978605085,-0.49831124747101646,-1.0438183833144536,0.8482014270557204,-1.317276794125278,0.32255088646832225,-1.0195233101542538,-1.1827682509195272,-1.102481289867447,0.14663561151934842,-0.8172610641335314,-0.7680073225897136,0.18791020914725018,0.4325906506357206,-2.0190012942664883,-0.5176757377988108,0.8518432011229792,-1.2289858656848074,0.10423708759073308,-0.7513651348429912,1.9670169759350267,-0.06198985213243868,-0.6518825950225909,0.5355857940271775,1.5122788824823192,0.22594463162610068,-0.326098029219415,-0.10759718716853202,0.5852676278635702,-0.6233565803534306,-1.9803649709446605,-0.26689941877664003,-0.47051744588742145,0.57426282729897,-0.683124303988483,-0.21366907415636394,0.8182730448890768,-0.8294394543257819,0.2307827059225153,0.6926938020663567,0.4634965110185603,-1.2701588910347645,0.1894792118583014,-0.847164157709601,-0.512687866722832,-1.1332382532456797,-1.2138479886360274
-2.68785346188758e-16,-2.1915590653357007,1.4801994107897214,-3.1993202839813026,-1.5402847121394214,-0.5859567976978326,-0.38731938373887753,1.081126115404709,0.7969560146386978,-0.20150714494412889,0.56459010696206,1.6384952066689602,-0.5683450013706517,-1.0910122467698795,-0.7956152084517086,0.7237131840453481,-0.5283317639277227,-1.686529937644829,-0.4341768152087294,1.4498053002873363,-0.09831609912860617,-0.020005520390900283,0.45697396586842076,-0.32628256386221977,-0.9581517215318114,-0.8448676945689563,0.2579901729780434,0.1841263143073884,1.1550231583000012,0.5432212176238844,1.5092477242752538,-0.8455567398077098,1.2975026592885037,0.49109788029606616,0.7921044520474123,-0.7444387166701385,-1.10898051729086,-2.602788566454046,0.3865086877087722,-2.206991070831707,1.701340403295729,1.2902229511534118,-1.1220262690652802,0.16080882047312695,-1.0072659591393107,0.9356630341894681,0.2164333054107676,1.0333067985015785,1.497827678150399,-0.0861069602319394,2.378328194822371,0.09570571152282487,0.5653466354471073,1.0078809950049434,0.21133569888989492,-0.3038618273862307,-1.4048825909489202,-0.933997633249082,0.7317671341255354,3.35683529422432,-0.8301866993877574,-0.04217379180123326,0.9238658298441282,-1.045098514824179,1.3166432873212726,2.772508610590367,2.3633352546662887,1.4448060765481079,0.5138061799111486,1.0227387578486367,-0.650079367837799,0.5747966857748428,1.1688043490964435,0.26637241624568786,-0.49369990482905474,-0.23684177337583967,-0.7455495183313906,0.7664827261708869,1.2892456262478238,0.7065233610056065,-1.5355725070268682,0.19864169632696543,-0.20268013070439933,-1.1926612365860016,-0.8700652841011512,0.2083164498698438,-0.9902874269548327,0.4047213568434226,1.1646873869802246,-0.3966995290330353,-1.4515812253053224,-0.8159247908357037,-1.0077257051622333,1.1737356684282645
-2.68785346188758e-16,-1.0068774839264225,1.375973630828795,-0.9688842463885432,-1.2344530725278084,-2.21545019004532,-0.28550960369412254,1.1195975179394906,0.9292834290570077,-0.24617543089065055,0.21553858981733406,2.1872885353513976,0.921472841692396,-2.498301585406193,4.017171472065707,-0.3742417953368289,-1.2923850787911861,-1.4641617840021577,-2.155621986690762,-2.7064568681840178,0.5288082511648179,-1.9624188617902183,-2.43807845152704,-0.6523395143975017,-1.6894459656675203,-2.33189224350945,-2.5917622192584746,-0.9203507542222062,3.021933834489534,2.1185278863263837,2.330242405158585,-3.415228136199792,-1.3008916815024585,1.1048822425756257,-1.8489571760550918,-2.5706790980430068,-3.000774873508727,-2.498040333537426,-0.06554224839566763,-2.1159442083522393,1.8023001598360935,0.4152928063549201,-1.3895791755739562,-1.5850254100174248,1.618306778131219,0.8850957049799748,1.839607571438577,1.2245705390055188,0.7546612780428705,-1.0597162444386974,1.2574320816272495,-2.2439716924254713,0.39082253407651235,0.23102267615956368,0.6643537286469764,1.24517643981201,0.6725386680199831,0.1196367097259301,1.6917995944118522,2.810217938984892,-1.402592822975002,1.7992308231430871,2.1907655324168287,2.756317601297189,-0.025236101871341177,0.7263515300543918,2.129411088599494,0.8342348393551439,-0.8023127756320481,-0.2980813012688388,1.2623636547185322,2.584118287421599,2.476163901903086,-1.9692625393807521,0.12747819567278984,-1.5619232548037376,-1.8464799120922482,0.5030598645153527,-1.0810140153651648,-0.27736842886049,1.406975173264327,-2.690473560030696,0.8147521651822787,-1.6373771611786923,-2.6921300261781527,0.5329592223658437,-1.9326809798479052,0.019547404353123413,-0.7161039194224957,-0.3831229050181929,0.1134696596516116,-2.1048855244587674,-1.7946618386886342,-1.3601571690777472
-2.68785346188758e-16,0.086575717801697,0.17368989353327585,0.6835054233806611,0.15682307653364536,1.5717360548091626,-1.2652505083037844,-0.20278898322523486,-0.40362328725814395,0.37873215131120186,0.17407232405197764,-0.16535488259155653,0.28595603592773544,0.6124738644169518,1.6437007364554532,0.7159973333570208,-0.19169245134821145,1.2359415201942348,0.3718745891543378,-0.19051577236742923,0.5069737151355674,1.7108553513786589,2.024315666671404,0.39017707884057473,0.16168789391809263,0.6346785536073625,1.841430653824072,0.31195910770195906,0.4822551922615329,-0.08537450578979186,-0.6884696378050313,1.8872921523217916,0.3416942817973808,0.1368554712305941,-0.5017500859041938,-0.25026708100872025,0.2980781651348922,-0.23406215741545522,0.8160707440743269,-0.17716123987648488,0.5441714308518693,0.0189897905332026,-0.11153446905539799,2.1336167560519286,-0.6541500226204965,0.12587985725649242,-0.9149594752860963,-0.007578876172699006,0.22792498044248077,1.3237800397483162,0.37977082563733966,0.24685512275872554,-0.6330566695526768,0.31580439760732865,-0.24467525740772622,-0.06205669506558764,-0.5923633479860966,-1.373145984359895,-1.5780884086253895,-1.3050494294569703,0.5742165205286969,-1.2814060988023046,-0.175534693325426,-1.2964206142816324,-0.21183325914753937,0.5585118262039986,-0.9464621052673704,-0.19412986694979245,0.9535811164940333,0.9702356529154895,-1.6972123088539206,-0.4144546291886976,-0.8904211634529271,1.4502231941155381,0.9853750276540947,-0.24656755496128047,0.7916602749861515,0.23929731825737702,-0.32390259244813174,-0.00953937663497062,0.5437205286884873,1.4482403830332622,-0.11119388890233198,-0.21505240615561932,2.2431196693013415,0.2190045428234842,0.01007072269977637,-0.08282342510101456,1.1455839251023112,1.7087888487388965,1.7683464822873207,0.6006116534731911,0.2903614402013702,0.5371085119829191
-2.68785346188758e-16,-0.5038829195005415,2.106177922227988,-1.0388875017203516,-0.06937552960030977,-1.9647324806355644,-0.22904391365803237,0.6298140385743503,-0.25221377622947394,0.09161918013486642,0.4817993311956496,1.0959042620187645,0.5629861297790757,-1.6255869554995481,0.3060217219252057,-0.044528951991511315,-1.6471983884550492,-1.7622203268131018,-0.9466643648985238,-2.883588672297458,-0.035853167865669416,-0.9136996887200817,-2.3776425013281552,0.5950557264949531,-2.0599321023521693,-1.4281776928259262,-1.3611082154787486,0.3178672983359444,0.36575967055517267,0.9130721031591189,0.7829453126397257,-1.8586904822850796,-0.08375306760061457,1.838959000418435,0.8099974087446041,-1.7509789080464224,-1.6209700441100288,-0.11010525326642073,0.04518452476308854,-1.0186545676596757,2.1607866133291975,-0.2606634911323491,-0.9333444332582734,-0.06920135235345576,1.6985360719129472,0.5418641295781115,1.297512371904901,1.8413318357727742,0.9836296860955579,-0.6839012028707272,2.527395457691311,-2.314973622043721,0.4087114458114598,-0.058046428412315186,0.47485859945401904,-0.06952816696703451,-0.7244567621697947,-0.46276140689228573,-1.1348786774975572,-0.21486887212541284,-1.0253436901001667,-0.46491361792746777,-0.20586855462991305,0.49171357239833374,0.08537241616974955,0.6902232152277036,0.06570566915153064,0.5693795377574639,-1.614133902075848,0.30121866730278835,-1.0306189107946326,1.4813167281081778,1.9128285358231802,0.38949701473875864,-1.1508374525304343,-0.4926982358000331,-2.1301218709462955,0.21070195586133167,-1.532985800387221,-0.03417140374599148,0.32122451615158665,-1.3395089673052714,-0.14773828620997986,-3.629969833076072,-0.6840114547195919,0.24762604972806948,-3.3240090715485726,-0.08631164785284556,-0.6951516850532055,-0.17405939631218129,-0.40854844510597194,-1.126006465207181,-0.5114089396442784,-0.5811237819204502
-2.68785346188758e-16,-0.6627036744185636,-0.29562121444794687,-1.3162829150782118,-1.701454663425839,-0.3841623998563808,-0.15397862509831237,1.3468021889044668,-0.1580214324726401,-0.1794586855863026,-0.27987327623969577,-0.5553337324932688,-0.4742071416196585,0.865732452772457,-1.073312454777457,1.0942519508963404,-0.7464695481089011,-1.625692521983291,-1.130989479642171,2.242807236561121,-0.30400519391265246,-1.8720079142698143,0.8105372686496355,0.6937572680185043,1.2825508783263992,1.3787196835151645,-1.7340507341468183,0.8440868265838147,0.7958947734237611,0.8562286303776614,2.6082625367379713,-0.4825347742965542,0.13001012196380224,1.617276039820068,0.26672590994046685,1.5943867251600825,0.526360573337767,-1.6051191476807622,0.13288806310516948,-0.12297181525298412,0.33786911330188296,0.5026952845960826,-0.3703566763262554,-2.5319039070955194,-0.5536746246739187,-2.823311895980371,-0.8749207195166159,-0.30381645147572917,1.911639499153027,1.575280565487286,-0.45033353402898313,0.3874651223202471,-0.6796307961689034,-0.5536140946007104,0.1903243906847556,-0.8766780894381259,-1.8884590716191714,-0.030373928367535052,-1.4850971432131104,-1.3906969443796928,1.3682191686275587,-1.2477224969473446,-0.03415022014989044,1.9478677862630354,0.5748455056582455,-0.7808557397527857,0.1753731366570199,0.6848182826072103,-0.09676852860001545,0.6889935529048897,0.5509751112116996,1.0143879664514468,0.146812281212017,0.815164502900236,-1.0718480686077967,0.6238146420029045,2.0448981070286067,-0.2849276312430898,0.05908453837386628,-1.7088492117517375,-1.2420074131830683,-1.1701291211404838,-0.36510419202594324,0.26427314025759235,-2.6627647709506617,0.4269954884842811,-0.5046804514775649,0.36053705903399214,0.08440286883872002,-1.1157821866510222,-0.08374602613407534,1.3629746967751426,0.6079587445819828,-0.0010978808981363386
-2.68785346188758e-16,0.9350538960538379,1.7888165511192213,-0.12444548791486884,1.7092130728985315,-2.650818700361162,0.6801639223134954,0.06603991060451164,-0.8012890683447608,-0.037526072281347425,-0.07592603050629167,-0.10040844736652982,1.4723603318312295,-0.11646813182996504,-0.34466961347680375,-0.34441016923733786,-0.3662943697401702,-1.0038033136581699,-1.6555004733706178,-1.3410435163834544,-0.33487295125174954,0.3845481141991375,-1.0200293118564798,-0.5075412895423767,-0.6066087054541432,-1.7285405378395815,1.2858554569279166,-0.42635841863251944,-0.4100069707471077,0.11245151999120448,-0.3870390419295756,0.6076901481025556,0.6364989842630288,-0.9240805539014603,1.7682235159295747,-0.6580633079557259,-0.8784644263624236,0.2537505139915163,0.7961774252319814,-0.524926831083995,0.10097093919621294,0.8603033500817681,-1.1262758076811452,1.0029608386589142,-0.15297922509004402,-0.30752249054271963,-1.0053823099194543,0.30003445498894354,-1.3532788253773766,-1.4768247304211273,-1.0563096140688613,-2.545332787549577,-0.25645612307119836,-0.571483542084602,-0.25319369395033275,1.0299623197019883,0.8685053568007652,0.5200935952255554,0.8135055702803354,0.9814911477810941,-2.153665489801967,1.4834693433013875,-1.4865083890978834,0.008081887979328517,1.3917028883205376,-0.28775557415951813,-0.5249759818298534,-1.227461282221118,0.5325519986041596,0.15638649592993514,1.788566935921124,1.7016010273082836,1.1750002277558105,-0.7527886383524627,-0.15549062268782038,-0.7162717299666752,-1.4808730229198368,-1.4880931671643283,-1.4854268142677256,0.5847494406242444,0.29839033948248084,-0.05501956422078991,0.11256031713186465,-1.1666934966675448,0.4928922002167308,0.043716175557239945,0.9192897107217053,0.22990911891885843,-0.7831547868171198,0.7960650283648584,0.7020469570252762,1.004094833694644,-2.6835577855696124,-0.7916520037758223
-2.68785346188758e-16,-0.7698022197255568,0.5262931798231237,0.37136773418652064,1.7518375772238777,-1.442879818538349,-0.5631400302539203,-2.8631173805937165,-0.007103133272550133,-0.655746726947849,-1.0114478039454455,-2.393774980603276,0.7119349168953076,0.7039425074889611,-2.4392920881741915,0.36631778853782104,0.795280534204853,0.34571057764830854,-0.5056787247719369,0.12414498975478427,0.35338976003375416,-0.43372042303090885,-1.4532989362264848,-0.17508500526598103,0.4400862715857623,-1.5232483773042729,-1.270576008919646,0.31984039256528723,-0.32163677999567797,-2.1551310821987366,-1.1495315630428036,2.169418139551169,1.0185517685507366,-2.587201130019184,1.9839016901518831,-0.038336920249564366,-1.2060995434938466,0.6000076199357978,0.7691975421815161,0.4999393102124621,-2.5487621269547893,-1.1665168522598834,-0.6237554834519845,1.3006943541634275,0.839800538605251,-0.3538045871741089,0.24258505701437155,-1.0195417797872872,0.19642184221904158,0.5818182087501319,-0.6713026304538406,1.1934478561056356,-0.5694255348045401,1.4199356339706792,-1.7136672106981863,0.8873027235557815,-0.04488729080510204,0.5835679623359853,0.9772098793379305,-0.6119837812336257,0.20899919926036248,0.9796328644106456,-2.6047560725643186,-1.1313125606741292,-1.7796407703247477,-1.7977206570362025,-2.9593607383921228,-1.7270617216772814,-1.9778874336871843,-0.46220352535486126,1.314331591030632,-0.739399790976977,1.3021984519861711,0.20301687644638622,-0.4161924833959621,-0.40240851669884903,-0.48617558803109445,0.05824791415110722,-0.10349339294295684,0.11136144230984152,-0.8043705531033952,-2.28185789514324,-0.23348441131073358,-0.6100855969551526,-0.7661335546429457,0.15257084928530723,0.6543547595546081,0.626530203626275,0.08237219646660215,0.08263818577546012,-1.714363133446658,0.9750609795616778,-1.6270912422032078,-1.6593140902612666
-2.68785346188758e-16,0.7061419368670688,-1.2120553739921551,0.8368120202823583,0.23344669285543795,-1.169983752231595,0.37049321207401664,-1.3540815329006808,-0.7314223461968222,-0.907161864726776,0.26311983909236886,-0.6913350776949291,-0.1570353488262006,1.5332138841796397,-1.6355829441870742,-0.0609350344666033,0.5393252361968821,0.9078035918222973,-0.05285954170374596,0.45604634224352014,-0.6869739161122762,-1.1610214558056193,1.3355893133486196,-0.4700632020999669,1.046721555331808,0.3921322664623835,0.900852790521584,-0.2983319596959967,0.3157856292993326,-0.55392434294653,-2.2556660308747545,0.4334728634689314,-1.2851410357795632,-1.1579731877850514,-0.4028027696853635,-0.10411717954984813,1.4803733889019983,0.2522810412568405,-1.496616181576312,-0.051392802891793266,-0.09551917209792046,-0.857973025423577,-1.169890449387427,-0.46939085474673176,-1.1079501468259958,-0.189815669096719,-0.2735488000207539,-1.8883678341094092,0.06760702350215386,-1.107527580074568,-0.7927365937112154,2.0505410235780777,1.0855461978713066,0.4597630988204561,-0.09922776007320316,-1.2184908748562482,0.4866709834601042,-2.1546058345678234,-0.9151243855294644,-0.4224766203089786,1.1484090412622918,-1.3802431910783417,-2.340718197262064,-3.1618824129382683,-0.7768341247791763,-1.7848895593232021,-2.050387891748702,1.3848941538837851,-0.6667991349331529,0.5044536405306211,0.36885771478123014,-0.8636440597010495,-1.0334512677536893,-0.7443608172178121,0.21021974706295868,-0.5706794658763714,-0.12658471937328422,0.366798235984757,0.32955412340391044,0.49591430579173057,-0.034858858859440844,-0.6613990470935387,-0.8332962061415424,-0.5782137381263412,-0.09529511800605478,0.1407966073708129,-0.7932537832730895,0.6924784329589256,-0.4753260233085642,-0.3030166602811771,-0.3922958426070919,0.33762868226696696,0.5044637855993298,-0.5638755827035817
-2.68785346188758e-16,0.3758662010049135,0.5806222324127762,0.17760615232818633,0.9296940787040675,-0.8421925631357972,-0.8238949853442173,-0.0006049987487715125,-1.0559713070578751,0.25096197438439444,-0.2224176065724901,0.9402941246405859,0.38105535955698844,-0.49090340491261625,-2.1894470860774433,-1.0264866577573222,-0.352213854888646,0.37645182301712865,0.35175869518812564,0.022945293561277003,0.11759453508848824,1.1033390766120899,0.3518574519925289,-1.9542911237321412,0.37834155185517937,-0.029642327481753022,1.3329827651651405,0.4368628880088664,0.5414449896969762,-1.3446131272111563,-0.4274768845388361,2.031981659929346,0.17258399259462176,-0.29370379997470053,-0.15728907283608584,1.9520808622202632,-0.29610864110300505,0.43630139223094394,0.9902293748093167,0.853749299697945,-0.1701217803906561,0.9024984417146953,-1.6014505134879027,-0.5235899186658031,-1.0136906696480374,-1.4300749185200679,-0.5184099037520256,0.8129987159555478,0.03656992747591392,-0.8926261093310252,-1.2542275314287121,-0.17738410693805812,-0.8789437784873261,0.39301025469535,0.24787027884188612,0.512626901651616,0.34562528098415385,1.3788143995167392,0.8554647195355174,1.5252257886141745,-0.9166787139344121,1.2876236068739892,1.3829158489033784,0.4117203984002117,0.9061773362374683,-0.807346662591365,0.7348083538135111,1.2479229764581237,-0.7677508916762689,0.16264772799426255,1.7867415563749942,0.960838478124863,-0.3230522743280557,-0.36338120944763724,0.38900882005251314,0.03862549984272044,-0.5390520196308436,0.38853667948505566,-0.3313931174438409,1.3300080988357121,-0.28577295133812464,0.6163753282954213,0.08034208076754115,1.1856720697461733,-1.0480825479901423,-0.43009336158303035,0.8470306038587855,-0.19456473815101755,1.1240910830311557,-1.0875867292822912,0.011468440568572533,-0.006702676069634483,1.553546511676473,0.9421455359802364
-2.68785346188758e-16,0.7622587911344536,-0.3198788167768438,-1.1176436870230058,-1.0338591225167189,1.47529509421743,-0.017829981865020834,1.3269812833485273,2.3878508051701535,-0.8529675211269906,0.24017721571857775,0.8106393979354853,-1.0133530350955664,-1.0513088490978215,-1.6079863283602165,-0.2698285141588244,-0.9344039776428072,-0.8490321343842533,-1.1716956063900321,0.5859467805749531,-0.3671373347685265,-0.5079055312294908,-0.6837821075133119,-0.08682675726281128,-0.6409387350515269,-1.1578442630278347,-0.105123542940907,0.9662368820630566,-1.638720201693608,2.5972738404472415,0.4275690358602421,0.7809320395221531,0.9281606731377342,1.6522680391986884,0.7513777286458918,-0.14638221825863584,1.0461607688438765,0.9489151052560352,1.8133954601100526,-0.8526745089391157,1.3696775158257264,1.533786458238935,0.810706496403039,1.8363716791516351,0.9346297059646039,0.7647221782720319,1.0537720416454872,1.7294016960748593,-0.4964937389127115,-0.24645524712854627,0.8422512559289266,-1.0749845243654732,-0.4661473986699827,0.2050596728003512,1.20167159154058,-0.18113432492133807,-1.0197883150239107,0.38382812862290017,-0.6162407173441677,-1.8922153522186091,1.7034094030673714,-0.7387943026550082,-1.1915471370162227,-2.232089081739478,0.1340193143048354,-0.5877993181561167,0.9875840238339977,0.6648400408927378,-0.9345815938606674,0.41502107056897486,0.26958193179121503,-0.19946315615092675,-0.5798117442634025,-0.729600668950558,-0.5391866621304711,-1.8476181140117174,-1.3473441794915266,-2.380832237142073,-1.1804487442991578,1.3948966113126104,-0.9008408181124251,-1.241160513911547,1.0800585874957704,-1.192098523763836,0.20651363935891429,-0.6660767146607605,-0.45631488012035293,-0.6916270183225014,-0.5725263660494416,-0.7105551342444856,-0.7770160202498739,-1.4211623918094964,-0.051023928898512816,-1.1603082339814927
-2.68785346188758e-16,0.32139505670384344,0.3683733392887939,-0.7773379722086072,-0.6932972716079285,2.189889532034489,1.2150837720389052,0.14759109357679145,-0.9704007535491318,0.24949067569262412,-0.5093793628817417,-0.6685791029139729,1.3037793916701763,-0.19933587199950337,-1.3334960897469774,1.0574848556437304,0.051131332155519654,-0.3456365509795488,-2.068576638792858,1.4588106118682502,0.051867897813393855,-2.4756578550059927,0.796650195312367,0.40373062433739626,1.130512213934971,1.0705530725904102,1.1397102066534424,0.7591108787412324,0.11648611201803177,0.9215624337549139,0.2750548586731453,1.0909200992487191,0.4301375164657355,-0.2517871267504703,-0.08222415212113876,0.7831778878032012,-0.04383370493131267,-0.7411459130899101,1.2801092363391462,-1.5368206389391175,-0.13342984431616933,1.6720101873234077,-0.49939319079161437,0.38185715282645505,-0.848137957550074,0.012009131517823235,0.28547075079434914,-0.5162329892061343,-0.4464395306150971,0.28945472297196695,-0.0055553457142883955,1.06990545399271,0.3867326859265349,0.8876846034835552,1.0319089878302106,-1.794916953394451,0.9594228338897492,-0.46391335524656996,-2.0056475461502457,0.7002963161547717,1.388781518456126,-1.1171713830724679,-0.3985710509412519,-1.0222225871392736,-0.1984259423730591,0.6487438467866173,0.45335092039408187,0.2746679442596961,0.6125564984265174,1.3814599340481366,1.8186300874777885,-1.1614827731719815,0.21012645798609283,-0.23678891794925983,-0.2860794660228686,-0.8367347825151334,1.448659366088632,0.24453562368837575,0.8530406460710068,-1.7731197804710415,0.21790712519679345,1.9467994623783174,-0.02336602853024233,1.186515840280345,0.7206901526893789,0.22859780497061058,0.35993654274182474,-0.43644503996873835,-0.6395190739697376,-1.3859175149943164,0.19725794497835342,-0.8512844969106872,1.1808812754075402,2.1926274940741104
-1.3046031469419848,-0.04558280765621281,0.023666492760313684,0.824264230161788,0.13352004022278915,-0.4158678052569456,0.1696151629337871,0.20239378047576528,0.16438893640291108,-0.15966105696831648,1.8147427732631414,1.8621088258592389,0.51305429516722,0.023985574374457086,-1.2164385685588381,1.7778056505807738,0.43086932115509435,-0.3203085563232997,0.7537777365356303,-0.9442301464122788,0.06203040223262646,-0.8558828532520513,0.891546570529361,-1.1879373997671876,-1.0611070530212092,-1.4171467504366781,-0.9889403041249331,1.213872836367838,2.507100801977748,0.6298109182547178,2.061770993410078,1.077725139617495,0.47714353938003984,0.17589105544029932,0.07992126037819036,-0.032207369278254294,0.8287929763724393,0.6352707614588076,0.31296533299580304,-2.1292958828392408,0.687929100056187,-0.07793497560598245,-0.32876427471104414,-1.0551798497961449,-0.8610046286959978,1.228033227054775,0.8536167516707593,1.1904806572328084,-0.7862542450481598,0.3930292147400711,-1.427459535643796,-0.32892227677265173,0.15393069994547304,-2.1521934692939877,-1.445045072987013,-1.2335442069735398,-3.171103180937113,-1.3945534495799692,0.9837619363682886,-1.5870294143571104,-0.6740764405881783,-1.3900838757629206,-1.3474651585430535,-2.5447870994832504,-0.6280535690822012,1.7574446255813327,-1.005531151532777,0.7432917125543758,0.28495854195081105,0.8824936379095537,-0.20305716456166276,-0.7850099861426952,-0.5761568851043979,-0.5364614573969326,0.24639396070728647,0.010435893856395706,-2.2589561737095423,0.5711099193316129,1.228566538251017,1.1616816739867675,-0.15054934791446417,-0.8087231880535816,0.5236522222193504,0.47191727939290473,-1.029281289511872,-0.13915397733770557,-0.07878299140321865,-1.0705011500711712,0.13893100840379585,0.3686764863594061,0.1260647700650699,-0.9818455997296806,-1.1894955842746509,-0.5753133463751504
2.9606592312046325,-2.5544239851494557,-3.267067381018773,0.45728453539637837,-0.9500327597804653,-0.9314656005028024,1.3965824215072071,1.6594217734229746,0.6263157738873023,-0.2099294628893632,1.0998702532722708,-1.64692760413825,-2.392191845027096,2.5661972952864516,-2.251702038785056,-1.4705361075210441,2.395660936954209,2.6581704073065135,1.0040725596956719,0.48586033448667865,1.6886386454386189,0.7334476680352549,-0.843793725378251,-0.028809723239460544,0.5057810718858737,-1.9462842572835015,-1.9481233243462954,-1.52008756448434,-1.1399087882987091,-2.0263518793178132,-3.2616239287221758,-1.6966407383579654,-1.958466604300472,-2.5423254320471056,-0.6748434203946825,-1.7126192207053546,-2.2424070022487923,0.11481494120187452,-1.5439951416271305,0.7802633732498095,-2.7683806497263745,-1.2634125735993034,0.6348105813699161,0.727166156169749,1.048377894463194,-0.37115365795793126,-1.287682088066366,-1.8797901051837824,-0.8953103020584902,0.0587260654023003,-3.218181596532713,1.5887198425842366,-0.8882341845544828,-1.260854044427242,-0.31340884930732343,-0.7080869330044184,1.0254847680139012,0.6388888846626408,0.611261739659915,0.37979602706982774,0.9729249810348581,1.587605137060366,-0.5108406038507032,0.4906137466014073,-1.9459403101430959,-0.8756302785367271,-1.8647839821135366,-1.1424740845044985,-2.789145215839654,-2.1070656484047383,-0.0222273412237175,-2.188941067374909,-2.5110995567302226,1.5684075489072047,2.6650079266227795,1.0636579780303868,0.5963947286619649,2.1520828764803435,0.8358670477461075,1.0321477557695573,0.3897060764754867,-0.02372791212487091,-0.3166866105803224,0.346913059947473,0.9415198704300958,-0.2965098806495642,1.087387504150865,-0.1339314623501834,1.2748626735018997,-0.6886790729674609,1.3769071404500355,0.36783197533511003,0.12631422307806123,0.3236840424431633
-1.9091060524741272,1.6943011175233444,-0.1884784778728291,-0.677548518686993,-0.7335481748544144,-0.014478768901598285,-1.736955195753292,0.09409909920417514,-2.14413969315477,-0.4626681025076268,1.2816875094013522,0.8925198983143956,1.4827121814655162,-1.2404063032444683,-0.7566980076844372,2.3412303572093354,-0.2639718205164691,-2.0723502866956025,-0.4650289867137095,1.0909647007620245,0.529323134605892,-2.2856179723661976,0.9909762726085454,2.5150883491323652,0.8420451440109686,0.5958951360870463,-1.9840438797495639,1.280313880668925,3.0047310254758934,-0.29172821347434974,1.7068201331523603,-0.6348322633980619,1.0486921023448585,1.7503638272298003,2.661861852584138,0.4235062032883941,1.0399005242055575,0.3029341094650837,0.5053137815045562,-1.4707970693592196,2.4035882777414823,0.9195612736926178,-0.801289165160287,-0.18117347262816969,-0.27846272406218997,1.0480421042132502,1.388565429125209,-0.2342903122935706,0.3906356513589973,-1.3808831756832123,0.08620166833017981,-1.1250654091833023,-2.7710076836610114,-1.610589069833623,-1.3695684491373785,-0.018000889997675795,1.6743553136827607,0.9607682703862799,0.2616765629332505,-0.15949985388522459,0.11879454820060165,1.2251323777012224,1.0745584530793026,-0.3529103395682438,1.726677864281009,0.639632612212939,1.2130197738597328,0.054206868910914086,1.5993285313782295,0.3661847673911687,-1.1524518220146376,-0.8414652591403451,1.227671172869845,-1.4334422059109815,0.3124710211255872,-0.23089668120254825,0.43649610324093746,-0.7589906740562349,-0.35535325298346165,0.5571873157417694,-0.25252408095440804,-0.6201417598564751,0.2473684675715696,-1.0608558098225949,0.561695402115898,-0.8358181275279049,-2.02317195035322,-0.7111756966036008,0.16829419745998678,-0.8859450446524831,-1.6923755582060376,-1.217329700536871,0.9310138087524659,-1.0155137935227043
0.053514471167785,-0.8110098905687555,-0.10852925897797788,0.10843078535701745,0.19841604414463224,-1.0473713065853782,-0.04713862186548877,1.4336274928734105,0.8366168806768797,0.04547041990905738,0.40625571318192566,1.976004795824756,-0.2097762548015869,1.1213385085261298,-0.014411721476218392,1.8522702870519545,0.4483719657079942,0.591289907139783,-0.1548782719264462,1.7378298694066645,1.1517420124230884,-0.5127896805779789,0.3894578529742549,2.692311056653151,0.9268989145871998,1.254064365814293,0.010560225920082142,0.25797241147970623,-1.3100137277403312,1.7420951861483989,-2.510230427101834,1.8730307964043336,-0.7785818551804887,-0.9103863245974274,-1.9559146175019106,0.7933688595877847,2.2629391018804963,1.813266616492805,0.025493771357441575,-0.17482949866650255,-0.27102742224275567,0.38571018766075205,1.1125126626088264,0.38603827975178073,-0.025987106988932362,-1.3645582830138392,-0.5901476944779065,-0.859235824451155,-0.6379588685276454,-0.3371192249273275,-0.9799049567033774,0.6412076565150764,0.6879196026448033,2.526732373389507,1.2954198290777466,0.7065238971556205,-1.1075089714596964,0.09520808946056394,-1.3486675520346698,-0.9178037840801605,0.2768149584910877,0.991421291418955,0.14596359734800313,0.3193359699577445,-0.4261827210539605,-0.7168357829364818,0.21253335380354732,0.6864908165320932,1.5386066316075575,0.20203038624741076,-0.48037889670529255,0.3803878820174288,-0.14347998174939436,-0.14712792060085916,-1.846461187807365,0.9955760094774453,0.12859922661341092,-0.09793253802448387,0.06104894452017378,-0.5362841774950253,0.18081223370116994,-1.059400059640397,-0.18014423493266057,-1.055523244700999,-0.9109108173582386,-0.10955621104114366,-1.940322805472646,1.4864683249966337,-0.7962426972848053,-1.3881858396592681,-0.41179853317741166,-0.35508230775493244,1.0096510375766317,-0.06850094151724778
-1.1461082786843886,2.1926688929599027,0.4544760152879926,0.1333603432564977,-1.1030348845951732,-0.35067304194155935,-0.1305120526175209,1.155021627461083,-0.7649298015823627,0.27163952372095435,-0.10977515345742594,0.9924512803102967,0.37772935284407294,1.4412940559205585,-0.3736445323810243,-0.5261967123689554,-0.41283280212228646,-0.5127260621743315,-0.471958597327956,0.6779714888777034,1.5802961559146544,-1.3683762338190042,0.34951296270734095,3.4487050980117164,1.1734839112935305,0.2568302105829718,-1.403323112114516,2.555581601706099,-0.6339824105374422,-0.5423569759867076,0.18933626751454186,0.8139129887692793,0.7833468281599785,-1.1606012635283505,-0.7126161104426634,1.6603322818786408,0.8307431378986315,-0.7811950830710984,0.6816153951659524,1.1366730091353832,-0.10405723386871524,0.8761262293159928,-0.560381431106968,-0.6805855596956217,0.1299517368974888,0.18257710826978185,-0.018049978328479876,0.607102933562065,0.32761845867132355,-1.485895373578329,-0.23223130252628993,-0.5447674514377413,-1.3030187707829586,0.21769736828306696,-1.1780444876472231,-0.8727934554657086,-0.54358258432896,-1.3166462526081473,-1.9938967088810302,0.725755472152187,-0.3406078441976823,0.14380877945267173,1.3228519483376087,-0.625189162863617,-0.41248877067353884,0.09200806386866922,0.9953890088106263,2.0122453667218236,0.08386325237961123,-0.154385493979306,-1.3899240566778452,-0.45741324444342985,-0.7744544071606944,-0.3750952308104575,1.466620988380116,1.1640999974286856,0.31453557977113816,-1.395075988710778,-0.6394993161258564,0.9307810274143705,-2.3667276034769884,1.0461806866187175,-0.1963442562317247,-0.2716979062574896,0.12015571988280388,-0.7068556956791628,-1.326630337277187,0.9046805820127586,-0.5121038338005145,-1.8320594133259003,-0.6987855580171041,-0.4569221273558922,-0.06492999111931164,1.0466582230328192
2.7555112061338565,-1.125420700321806,-0.1231537261975198,0.6796607762184911,-1.4063090375045997,-2.7136937258490983,-1.1396815335781194,-1.220693785357229,-2.791892314198852,0.6757329952832963,-1.1849668187284297,-1.578123419546351,0.815358217940586,0.30747269825863033,0.2507910642176447,0.22186946310916045,0.8832969149560104,2.5174007605455504,0.30980788074931576,0.05571394267587948,-0.2576804353451962,-0.9254434631585879,-0.8811960879381503,0.1386579456692566,0.3153149742382923,-0.6244743844282654,-0.22972482721872187,-2.997749570259794,-1.7904162887115855,-0.8236655367140678,-1.568684766858091,-0.9788388888422989,-1.3259429518721126,-2.8275596122849,-1.8901346411861322,-0.4039652021083098,-0.6763265787672617,0.4792625715077742,-2.1967225162412447,1.2285391989474865,-2.566707279518969,-1.755888905557446,-0.5704197273469027,-0.4383039425031681,-0.4228485279266576,-0.7544823165636718,0.8766220627183388,-2.5048594231435133,0.15187184366268658,1.0362642066592096,-0.17740984397232146,-0.8241050151130406,-0.1805183016182394,-0.14964429887026176,1.1435837321011935,-0.3525731490329275,-1.4946378617788907,-0.07221217763483959,-0.42658782363904035,-1.2958444017140618,0.4552182315135115,-1.3280123792727592,-0.4193216323873053,0.041607671656306355,-2.71102555476087,1.3804335988280048,-0.49643861719471694,-0.8914009053645017,-0.5091894647417651,-0.13459485113840086,-0.9311137869092851,-0.805603456987604,-0.18545316808999301,-0.039326123507067434,-0.32514868504887323,-0.12934165226017597,0.18112359615545762,0.8084456728288612,0.7275873774564842,0.8447896838798963,-0.4511156200056635,-0.07660568407953186,-2.568011463429072,0.013428832432429942,1.0794240614992694,-3.157693395594827,0.7259713114772426,-2.565047995408378,0.5430996455687195,-0.8879709506172486,-0.6268234018847558,-1.0155562054773168,0.8583603953845307,-1.3053245607949058
0.1364598332881906,0.5190712326617599,0.1273204773931206,-0.25806415639802593,-1.2550077088152385,2.213288393555153,2.771400016271296,0.1712205725715228,-0.43083487261735176,-0.31665346590878213,2.0694185223331205,0.2494484644141317,1.1094052617844727,0.2883676684592696,-0.46493794398578797,-1.7664098466486915,2.1261355624076748,0.8755161819889525,1.3101703989654725,-1.0104186295625215,1.4752525879566845,-0.10021875863629073,-0.4659024409861153,0.7514079382173332,0.9161285185852213,-0.6231277217866293,0.6649303140607359,-0.5398876278862987,-1.5762795001073977,-0.10880984636833113,-0.5254452332862212,-1.638122456492285,-1.7489443760715913,-0.8192666081877977,-3.0247308539672675,-0.3318328328290735,0.5016666221181394,-0.3534303412848206,-1.1371579842784794,1.1336269412504527,-1.207858594086268,1.5073991924577517,0.07852591820975946,0.16288118768347648,0.5564574121112402,3.0987416616452963,1.3587025182222303,-0.9984241352560267,-2.538809217512085,1.4737759993321475,0.2701982562746785,0.8605535386199855,1.2197761062479253,1.5699670996939163,1.6487763496483367,-1.355153588534821,0.2463891666352241,0.13783917603408713,-1.5727072625916203,-1.0803276319638941,1.1751455541190123,0.9974341904377836,-1.5046357649571669,-0.6493406046588036,-0.6344284191569333,1.5993035578885733,-0.2538938230550166,0.3834541223522706,0.5861684657817985,-1.8144032940545396,-1.9683200509392176,-1.5105413385242072,-1.3178707515701795,2.2517934111426583,3.525050114283361,1.0697441755537862,-0.7166389021755624,1.6796661637137462,1.4879917804713423,1.9395958472168529,-1.2398416640502725,0.027053316142374065,1.4252185194641271,-0.33374753964211074,1.0534716442602345,0.29694723827281705,1.1065728504649035,1.310022910539662,1.0135614723733084,-0.5883252344910658,2.559386592290549,4.559085022687992,-0.45459123513028693,1.0612099707578482
-0.8414769289222834,-0.36670616136571244,-0.09851667144507999,1.4471954736739905,-0.8416970594503059,0.9046766756386875,-1.1715281809790905,1.4711591161809787,-0.31280877331376333,-0.00668995820398588,0.8468902251601313,-0.2002647699783524,0.7289940965195559,-1.6418993703491815,-0.12709953075937458,-1.3312748496648883,-0.16082599839319353,0.17376790302846964,0.6605778477649505,0.5516953236744837,1.698404522459184,-0.33369516723770404,-0.7627239517642955,-0.6159396108918862,-0.12993155231773248,-0.327339374396142,0.31957787199080845,0.8163486570116649,-0.5076185676610204,-0.38494919302685954,1.5714115673675637,0.7388571271675433,0.2574467550115402,1.2209099008763935,0.2486332555350766,-0.27043654012910956,1.6542099001718285,2.2591940202153165,0.8426509586123049,1.685408444205956,1.1942684936695724,0.9151723072432851,0.30736691593741483,2.0850606998083583,0.4892133364593826,1.3259795559978191,0.6310764240751578,0.17167637940925196,0.558988849916668,2.1022898937262005,-0.1619155195877366,-1.6181981964341052,0.5457497728682099,0.01659824659328768,2.036603877189432,-2.971384598622621,-2.8750051243702015,-1.71899578258885,-2.4871051194759626,-2.542802719492669,2.2585010994279817,-2.5695361024597467,0.44683408887169973,-1.6780044169663852,0.9817640346880059,-0.06391773510587384,1.3162541281181774,0.8024764166785578,1.83800829399443,0.13023528104600635,-0.9416240908896797,-0.3069284442234197,-1.4924263673464357,0.061135811835611925,-0.44493228503804627,-0.01377135713126909,0.19033024917767324,-1.3761854618734355,0.32881532372514766,-1.856262203734191,-1.1322034918907258,-0.6106706775132543,1.795874487140381,1.8509284314537489,0.5846449024136623,0.3259779645261289,-1.862308065163585,3.130942315098508,-0.4987870323627027,-1.0311795038139768,1.9209873904323675,-0.5719465758998046,1.1133447140704753,1.5854207300167498
-0.5087396317433078,0.6174690855772048,0.15485475103675617,-0.5718557014070748,-1.056365340683047,-1.2668012542780915,-1.2651399525797924,-1.189834570588918,-0.10757461706037785,-0.4029090336858212,-4.294681370847198,-1.2060408393284163,-4.319401161057765,-0.741895352846746,0.5922144197010295,-1.2189682522722365,-0.9992419697663094,-1.018039656696428,0.6979617036328116,1.3054869374041873,-0.3407554566797433,-0.96561817326087,0.13104896732747617,-0.3223181719447741,-0.02028446321155325,2.233071798082995,-0.6649912648193024,1.1582768456711952,-1.5787047903128206,-2.4094140464611082,-2.1243848481679697,-0.13939995920463766,-0.6668250981880266,-0.44959423927810305,-0.08212195875262468,-2.5456008107508215,0.43556098107547575,-0.3170564486081484,-2.2414892330250287,-1.6855336420535907,-1.0401296280875132,-1.193243622264345,0.9141470018827089,-1.4900186978913452,-0.6808567800478673,-2.125094510492039,-2.7688747424820352,-1.78731007897558,0.5878671313743921,-0.19533311649112858,-2.3596050420893526,-0.19224430953418892,0.26217091627607975,-1.5861024424169763,-0.39515753812778626,0.02840908676782511,1.9003570977568272,-1.7703656189198291,-0.21698351187002834,0.8022496541984228,-0.7118566106799363,0.3729322350582148,0.932205116929977,-0.14209385581425527,1.8787161406343191,-2.884077198726338,-0.1152009392408213,-1.0953319578893193,0.28670294241389516,0.24413334670362324,0.3223780909221827,1.3156235022135316,-1.3689262583976984,-0.26069636360933823,-2.453438149726087,-0.9937761254290935,0.43486383163496667,-2.094241487118725,-1.918030334786975,-0.20215710053660083,-1.087911971017546,-0.5253637631558611,-2.5187158153083,-0.7032498481342807,-1.7445769132262794,-1.99225417097625,0.9600545125132867,0.45551557149581656,0.0435473079988979,-0.7955740332574465,-0.4928709830921735,-0.3944230039044818,0.48802569153767894,0.16322501734897454
0.7483110570633911,-1.1371047113239907,0.5888569220423747,0.5081786597324763,-0.6563496070060703,0.7307318103941861,1.0608948716572788,1.5455104426623698,0.3161794570351635,-0.2476554105425597,1.235133343315454,2.2226461811842917,0.027579818401782474,0.6268860213357421,-1.6186497748110968,-0.9039706198493662,0.04468566642443783,0.6201963893247363,1.649562548964796,-0.9178956994523189,0.9313047066309255,0.15966334941820004,-0.26777146703514165,0.3151213843271562,0.22404845989923833,-1.8072925784018765,0.6223588272839777,-0.7745697107697727,-0.16331337475927776,-1.6572718868592875,0.5896763264169965,-1.9294309933972145,0.16177097874687785,-0.9338498568980628,0.4095513510612544,0.6509148094791799,-1.2009605181255925,1.2628343684654353,0.8063234052125701,-0.5184260324270099,-1.7034904601239538,0.4635173398792689,0.5361113616080141,1.5233672156632885,-0.27906351784085837,-0.617083476721335,-0.5069416134146427,-0.7406579943037016,0.7833949925127325,1.3325165145531344,-1.5400908704877148,-0.761046025470564,0.3064426695836613,1.805766264988258,2.780657975872767,-1.680963956746377,-3.000275799616364,-1.5062763949780433,0.4127274555056186,-2.1685564217903357,2.0879493863275784,-1.6780552628114842,-1.3170140896697589,-1.8589627448619628,0.42818260747512976,0.9368127221817306,1.447905749492238,0.6457050956741743,1.5705958275752323,-0.613571967706117,0.06231655077306497,-0.00788246448513475,-0.5540492414643504,0.33672564053528026,-0.41718818146940095,-0.6540643384906392,1.5486675770892733,0.7119988704452281,1.7800717097182568,-0.5295002339843949,-1.7012759733900154,0.18468001364154568,1.1607976119148864,-0.5728751959467817,0.9883552764406688,0.6939312761488631,-0.7402291586034158,1.0909555920464453,0.6916404741765875,-0.24132021646568175,0.8775744355509703,0.19099730237528886,-0.14799496327056078,0.5103552227914845
-1.442599977584606,2.2824054145909036,0.476155403499447,-0.715187734063812,0.46390261881493244,-0.6081250215448838,0.111300905909273,-2.6674751255553035,0.227749908970761,0.2572178204714016,-0.09532753433778518,0.8840483351985807,-0.9768311661071307,-0.7295455890250279,1.2851498727762374,-0.0460267086218491,-0.7246325933271385,-0.21753702170709766,-0.7578829496211075,-0.7233675316786399,-0.069587624789953,-0.10642441730515784,-1.9184522286093673,-1.3638469742160955,-0.9047203669870609,0.3962224001703379,-0.5260572064541509,-0.29085955242244854,-0.17594264917126096,0.41623136140325384,1.0679110499077344,1.0324807785315353,1.1590378177044818,-0.6836550585930524,0.9602591724434671,0.003503692911443146,0.19783447149426647,-0.7685516999530453,0.9406017916876683,-0.6675791639923597,0.20658464282425226,-0.923137489068561,-0.7254442226020952,-1.9207219763171752,-0.45747893669083056,1.2045354687878067,-1.3889996434622138,-0.9943909259075859,0.5260866076340325,0.3373899135639603,1.8634930627173343,0.5160792445493101,-0.459338176072528,-0.006963824336624652,-1.9009964140164657,-1.4237880077116156,1.4441725350666368,-1.5766569324920183,0.4199334257885838,1.7462863374132382,1.1539030400992647,-1.5750436134383463,1.7907628592816152,0.6127724747284595,-1.7108203155150823,-1.473922139384604,-1.2516996071024733,0.49993398849245185,-0.6635026918049909,0.24821233729571968,1.209093549231945,-0.8100234868945608,2.0735036482803717,0.11445411644730413,-0.46850152694550434,0.7560262019526917,-2.2686133395222865,-0.12051905187322115,0.624744684341577,-0.9181039572347264,-0.726669525108885,-1.1146888240635695,-0.3866169331859176,-0.40172206148796663,0.8918127267253674,-0.1254569891042504,0.11531656744585395,-1.4959197920155005,0.13963028873190123,0.13966454960289382,-1.4034833154151232,0.03498287924333532,0.9003119472807828,-0.14551152409476142
-1.121596884217414,1.090685400213077,0.045998112416993586,-0.09898001301416659,-0.06262501676326293,-1.2871813519858004,2.3580614648056217,1.8698376758557882,0.4222345971685029,1.940558888790436,-1.7275582723401368,-0.03701462626298696,-1.2015701564563153,0.9184550489162928,0.08070895854190673,0.017552315729446266,0.10052968742003959,1.8663761214765824,0.16498733583439174,-0.1706419860327647,1.5672552408055809,0.33387089885767574,1.0115036692914117,1.2051111983239746,0.3405186021900911,1.619399960815805,0.5131935798096325,3.014108591884047,1.9722230601082724,0.17181463193942936,-0.5220267508952593,0.6082735557372647,0.5262361111392897,1.1141706140124583,0.8090139579051728,0.5825496606847962,1.0600564066027953,0.4553929109862354,-0.17364878110015303,0.8940065504829657,1.875149572335777,1.3918614762650137,1.4899445272812462,3.2711788716580488,-1.0508165676336805,-0.8857549879947926,-1.1228494433178602,0.20316429126245533,0.15777346267095285,2.6239359718495168,0.16723800841622383,0.3961135354305312,-1.1988504482223787,3.9984978400284437,2.462448956785427,-1.6258067325873777,-1.5252122740648903,-0.3315774647500574,-1.425525357208995,-3.396892222269904,1.0567387967595032,0.7900697975399329,-0.10147567742841279,-1.4926723169417855,0.4176854200444056,-2.4527616079062566,-1.3656665321321635,-1.5528063951111766,-0.1840760413488921,-2.0466930667722485,0.5134647297352145,0.42730033266073814,-1.013068791578693,-0.6362032167001239,-1.0995994369512592,-0.6799029964030846,-0.37904416213026265,-0.6395480664386257,0.33769204603292946,0.1802324342154571,-0.34143553014910666,-0.19330241100241394,-0.09511126089940258,1.050584367659637,1.4089636897412872,-0.39040048323969123,-0.9245594750660509,0.22338419043221674,-0.3973564163494024,-0.35328148986214536,1.1332942414540157,-0.05491452633917762,3.9247782911167794,0.5885350494616552
0.6336809679738544,-1.2553308241957875,-0.7616991611448558,0.6634222839770474,1.4874509845786452,-0.42139324630965175,0.07630173314912758,0.32530736528877124,-0.8600377883490422,1.1627198804676249,0.9445366117380316,-0.21850710172661525,0.11423579974505498,-0.5199323916966283,0.8955391041424186,-1.0454480016952479,0.5525419203993466,1.645878022229186,-0.7026572219482418,-1.9477386923469533,0.5265154531242645,1.4748058545342568,-1.8473449786265563,-3.0747146984532594,-1.252906377469252,0.6889358973668573,1.0822143181858033,-1.4955690573088032,-1.106471707438026,-0.8758179598537926,1.0142146885218384,-0.8219948017561943,-0.4652853549210959,0.35309049099938017,0.5454946042930822,0.8855023779550866,-0.13014795683050878,1.8579915273211538,1.5528707216784836,-1.0155985448215414,-0.8799130491770263,0.029203783647786974,-0.35229293527537986,0.19557591195244461,0.30265066689458425,-0.022501381988359714,-0.622167731225376,-1.9016874986197188,0.2614547485005221,-0.8122063271598159,1.2459575194216792,0.6105360490983233,0.6914167736268255,0.16674834972516545,-0.29640937884575913,0.008461800020883148,0.39454226187592534,-1.2361378539376529,0.5758360913064307,-0.8553279306151338,0.2517207009585831,-0.7517714623759827,0.7216018786721572,-0.1565454603915961,-1.85966822349288,-0.5159871779764988,-2.547177730393398,-1.43852510440609,-1.8612639206679398,-1.4342158763625865,0.6456975467576997,-2.094985352394109,0.9811178405557421,-0.02564996886665072,0.9180409048500683,0.09317104121679931,-0.4141876032310787,0.6149488123003034,0.8576288265658603,-1.300858854039606,2.0825696551207553,-0.6409721419512395,-0.8280269797484096,-0.42009358585902495,0.6281232410523552,-0.6596646621858314,-0.23836297741617313,-1.3381098636945465,-0.9147396686593433,1.398166756690105,-0.46629966223148733,0.36037561339381213,-0.8694348073016942,-1.324511864409906
-0.9933706409522624,0.04539809552325452,-0.20503038865490072,0.061557304762880044,0.586740244520777,-1.2505832936480243,-2.0964127248622533,0.11234302334639379,0.8618385633082489,-0.8754074144110288,-2.7813516853461033,0.5110346359604723,-1.427312346879582,0.6554241518266185,0.6557745494737524,1.4656142054888135,-1.3574625666900686,-0.5850121718165935,-0.6789867060713856,-0.30082972401800234,-3.7134081457830455,-1.2309995659453992,-2.618283967283566,-2.4978871949646586,-2.161341156417223,-0.3404909756659479,0.8739159025452643,-2.55300325874563,0.023129604485630784,-0.1968638179931208,-1.3670920391832173,-0.4760209924432376,-0.2388071751429058,-0.9004808276213014,0.018424520312410486,1.5529556368939859,-0.4901438771340554,0.35230368603161166,-1.074500841587515,0.7567847242170046,1.3194986558111022,-2.2288404323295348,-2.4146923361703756,-0.5344491739482607,0.841376752575255,-1.3807159280463146,-1.185993062250031,-1.0585756178584014,-0.2473033199016385,-1.1341921357305922,1.0584785188185908,-0.629708686545391,0.19808924235051018,-0.9126038113705399,-0.2186267633518354,0.5670550662094243,1.5902496668849337,-0.7477185247493807,-0.4617768705075833,1.9982440506339365,-0.8714357860777663,0.4528439738563299,2.500840913446244,2.3621863923982134,1.3282271257873663,-0.2639304496973759,-2.060499489830599,1.0253889993108198,0.3699631886952238,3.2243317121158834,2.2128331776071626,0.2386924989135351,-0.822064084694318,-0.9344500130581981,-2.0656852610306187,-0.4283452879526611,0.38824910767156506,-0.7043058535461171,-2.375169988446796,-0.5140259967017173,-0.2030281587659899,0.2615798975697588,-0.8732521895175964,1.380797007768171,-0.9030141781514865,1.7731573163174683,-0.12198054955073562,-0.5046546498389377,0.4431206246370536,-0.2103093211492817,-1.207458167019543,-1.624649811367202,-0.7118379069725609,-0.6815868256794301
0.3337672174760052,1.0774408788097352,0.3609971816393575,-0.8069211436872518,-0.08723649498152819,-1.2618465419949199,0.458988517982152,1.978367616422637,1.254144674701616,0.18070672804383242,1.4578207742070466,-0.6177604115387042,-0.27242639804764557,1.1681129088813713,-0.2721035396462263,0.04561345879244316,-0.8054088264651886,0.15179576660179206,0.4800943906389265,1.5276854741676245,-1.3036678330713674,-0.7469326955887695,-0.12921136195137328,0.8179302473516227,1.1409948847003561,1.2046635756887603,-0.44951100113991677,0.8245541697891248,1.534666905831338,0.5978453824284462,-0.20706200169162073,-0.8053984984915866,-0.13578408410959197,-0.3965201863886495,1.7522409203256042,-0.9256111873364578,1.6273103977398053,1.0787169063235789,0.7397060359377196,-1.4180961321860985,-1.0350339407975013,0.8892270883664126,0.7612227184710316,2.46213897778484,0.5999553263441203,-0.8170838555495006,-1.1168031855005833,0.3991941941219465,-0.5212916615957273,0.3629451310832481,-0.023213303199033364,0.5199263338642672,-1.2568956968639577,-0.656349559911702,-0.6507688762763602,-0.14453807119679657,-0.569396287796157,1.4333612817120072,0.9412500693435921,-0.0429645165205933,-0.2927470314789202,2.1177509656723874,-1.103803972853156,-0.9465177421917306,-1.2640226369425962,0.29271271396788523,0.8103461671616176,0.2361017667163546,0.6031878290170444,1.6172700471318604,-0.49141552627581353,1.512533830597649,-0.2177126657919971,0.5328001801560907,-0.4089817324334565,0.2235547469714792,0.19334880553388847,0.11537784874232337,1.382461294718135,-0.1367965136824131,0.5217181096875598,-0.23291074573641832,0.27145617633763325,-0.8180084185278546,0.6756619711441516,-0.011239680368169302,-1.062634590049524,0.6679749080711423,0.48663680503333684,-0.551238382036592,-0.1307290810641674,-0.33422476299515513,-0.562857741564607,0.07427211810147119
-1.566311959241626,1.322792125699828,0.2247816574951794,-0.35587075338493857,0.5418104671386805,-0.0024037372306077165,-0.7410311812643344,-0.17640682543765643,-0.1294650333472368,-1.8307090282803573,-0.5837912483238927,1.0997160080449317,0.3424193473326439,-1.5237378005482682,0.17632675225890335,1.0770451885390409,-0.6152526159417893,-0.942941416476864,0.16540470899330012,0.4788009019124229,-0.2687772193938653,0.6091398406217576,-0.1571280044221004,2.314846490020222,-0.28428171678400904,0.48144046705738075,0.4029081130421241,0.14807976962810432,0.10757097190165732,-0.4285209831275275,0.5218801882353175,2.861697906885244,0.6216263595141452,1.018675921907736,-0.11036800886043474,1.6459598266331654,-0.18766676680831337,-0.2940350621168305,1.2645892720597631,-1.4118755744869083,-0.20607160631462595,-0.0795548657317808,-1.543568081003587,-0.49025438998748627,-1.3833685002276521,-0.8620931490222111,0.34401596287183095,-0.7304608346658467,0.41564107828005303,-1.7972953134099554,-0.5062846237476619,0.04843662523331915,0.18434489735078663,1.000787395137215,-0.10786968332720343,-0.45625307967773626,-0.42738555422235774,0.7736485317450337,0.2950963820844404,-1.2681791332270282,0.43655728272245076,-0.6722285077468183,-2.6617083468561438,-0.06054773441121859,0.3085665674269542,1.529115285720954,-0.4766095512754148,-0.24073211974405936,-0.36485190503115505,1.423631352294572,-0.27417453439071837,1.3997527094493516,-0.7039439198788735,1.194764868652707,-0.385727969934039,-0.9666302180119637,-1.1915081202251074,-1.0076398439176786,-0.6306625023702385,-0.5329629222238773,-0.44010867142596477,0.5788032990400982,0.7658396228193101,-0.11903406611681751,-1.9619137530744228,1.6760543572805702,-0.5271147475007869,0.27139250992270714,-0.21137832739184276,-2.1340575712951972,-1.2196159490053173,-0.6706405093024242,0.8920345341702105,0.8146003426036974
0.2396090351086469,-0.7054637217414284,0.8450753820437609,1.0428124392657683,1.154129309912183,-0.24533629072460444,0.1301117100288626,-0.4353213759647757,-1.1081401700186364,1.4974031465003796,-0.1733759203143676,0.21545039960133489,-0.2631467856874545,0.9082793656927212,-0.7284535561966287,-1.0661117034583643,-0.9050125264946544,0.9342345524569424,-0.5562802468670581,0.07877629136126729,-0.48957849034731554,-0.5332490282917887,-0.25973363196041704,-0.0886218370793552,0.28531059780772844,-0.0025143861180235705,0.9745950438233635,-0.0926786794490389,-0.7950084292898613,-1.0986625732779718,0.8362733483324665,0.424887163268044,0.47191973765633444,-0.07585907167966877,0.6889427952575746,0.7296738836215362,-1.2975484267518484,1.309362911334063,-0.43236556573356016,-0.4842855819822266,-1.0492704702494666,-0.6709314920908147,0.37292822542715454,0.3679944987984499,0.4983221690066827,1.1149883061504182,-1.9828460133999637,-0.49120050168908413,0.6346713099030568,-0.4771536880748156,-0.9138757394320819,-0.6901441851264768,-1.5595165040619383,-0.13583362942781796,-0.41196400749679135,1.4942664349621304,1.1169395363208312,-0.12622213380034664,-0.35789605427253895,0.6711424983822184,-2.03427254589489,0.9490117932744864,-0.7455885939226201,0.7145566547874219,-0.07079821058135582,-0.9689290268103403,0.9875593085179231,-0.7308447250663532,0.16813408883639203,-0.9733084974432207,-0.614577201638126,-0.5344355373613258,0.30773621631575554,-0.7336997974167645,-1.2312024022249335,-1.5028242979536417,-1.440136238707025,-1.4462467888164459,-0.9297148158470168,-0.060687575580580466,0.054836674344421986,0.7185831963835674,-1.0352420657807424,-0.6439580607819598,0.5356462613576511,-0.05989169818311646,-0.3433858627006301,0.011337971241595524,0.13947110187690845,0.7151452894618148,1.0801613482504306,-0.060875145929427124,1.193234598402809,-1.5091112709429446
-0.437798627852603,2.2420022924392784,0.3734786691690684,1.0081326696820254,0.8608014338054266,-0.9853536318968111,-1.9442539513007369,1.6370502668712588,-1.3616211841252484,1.8215053596631643,2.053200840332767,1.9349791976112658,1.1238355451156123,0.03466877388802769,-0.7494911203624087,-0.8868335140994433,0.2958562982299468,-0.12991330769166695,-0.12204671491223451,-0.10541450796056902,0.44387730083371363,-0.05353652403971987,-0.014261670044800015,1.2297357441469474,0.35895936663721373,0.3180050159515558,-1.5014294330722038,0.4375973367372473,-0.5475403385058587,-1.9195223526593626,0.6073862466145192,0.47140671647650373,0.8008369908697989,0.9228488634287311,0.06565921405509156,-1.9299512380964545,0.7440371664473986,-1.3612237741912345,1.461128166876722,-0.5845585302292065,-0.07168163911215811,1.8211914864862044,-0.5898162050622404,0.19184735402279796,-0.044043143714234234,-0.3248822525603119,-1.0377130007660242,0.5426694613803436,1.025604157906373,-1.4638631053886528,-0.21975659409871917,0.7337718189260468,-1.0000583955919207,0.5680469647336516,-1.104777449563502,-1.1746328651782432,-2.298015363578938,-0.32228646453047566,-0.5232637382471845,-2.178843164518181,2.105716141830083,-1.2969193427011803,-0.9058172561534606,-1.3029482655769389,-0.8417677347498347,-0.11832348554040543,-0.9209298717639215,-0.5871317942341521,0.3052710444393899,-2.6536239532562034,-0.07481444363641532,-1.4109843929013284,1.5156836608166293,0.6786545786364443,0.9806161450449198,-0.13930775365161363,-0.07925691038601208,-0.8101358267992576,0.1970346327509025,0.2675171485833565,0.16410587191758652,0.34277882540374394,1.1282619479955014,-0.631259999138141,0.511703101019865,0.3096964861788732,-1.5469039845570198,-0.3882261898113205,0.42405305048790154,0.14768221163815615,-0.4647519481061934,0.8722371692919534,-1.5346501125445227,0.8259433518351327
0.7965473564956372,-1.1606948965115922,0.34648864099962745,0.5591373933003676,1.8613220442572782,-0.9635693841028964,0.2581632728539923,-1.2090503329693956,1.3966147508974887,-0.1890020754135957,0.8300848931171942,-0.35981589781029977,0.8449477251442326,1.2260341782901083,0.11826482484221917,2.718823237638146,0.10009851896696842,1.4317079628661706,-0.9417081784032508,0.8904074277058028,0.26682074718679427,0.37420407565701086,0.4351758287546702,0.7097617947468559,-0.11186682917088378,1.1072106345026302,0.032865125932956984,-0.7429965366804784,-0.702903088684846,-0.606213782673636,-0.7328488249843491,0.5307059595794918,0.3395589192835009,-2.050297630200115,-0.4034616765872773,-1.8607030649971532,-0.1531210782486442,2.2154983458916604,0.6099683066591663,0.39049345922099016,-1.3279355224093912,-0.3294944269256101,0.23107876427388763,0.7078329143832491,-0.6004812173009156,0.2697176388419944,-0.7945979700539584,-0.6770889355275693,-2.0413352583569937,-1.006616162867568,-0.5426745520476688,0.8938005525923548,-1.8065389476303506,0.6924992682717553,-0.5171000766110857,0.9531341405928697,0.2904391740590364,-0.9038091076135785,0.2880657686762653,-1.550236858323446,0.06443265155618944,1.2260010458639317,0.43026440667561017,-0.18337742704207982,-0.31313701732372623,-0.8860443663871154,-1.3019963515857025,0.9905932089055064,-0.5900756932821831,-0.7215008088460041,0.5860406695340246,-0.836372721295892,0.8553241896285998,-0.0937077243998086,-0.11536410770456919,-0.3796585844972802,-0.558834575677109,0.28406556699449537,0.38275002768246313,-0.8425119943999297,-0.1735459142194486,0.49240194878512245,-0.3689560286282079,-0.44096903072161414,-1.0482518961652105,-1.2209096601238254,-1.6799671789693402,-2.4708522376318003,-0.8517952819274474,-0.6138064915658363,0.41026930466822964,-0.21982452985452255,0.69141057631995,-2.3327678633723696
-0.9683835977100828,0.9490483471179593,-0.10517140377308079,0.30530263762400633,0.42021011780394407,1.1803361497733953,-2.2924590541428715,-0.15854129972162345,0.850429823512492,0.39095655687651465,-1.774723550765021,-1.891511023273459,-1.3388233336793225,-0.13522806111022662,0.5130536271149083,0.646850103709444,-1.261079890690486,-0.24923568756954234,0.4252917555186091,-0.4627032347618589,-0.4544757027848969,-0.8390550790454474,0.49230941206094614,0.12063789628687094,0.09950934729220563,0.16688807779626635,-0.13357223556918774,0.14859457420315747,0.39602253895052375,0.2753831344830563,1.4591766717233474,0.2476130675294603,0.9020763864099731,0.5367030622068445,-0.6735582925588988,0.5338768945435096,-0.4029578667660747,0.5971580096523541,-0.3266600724355372,0.9997232160368914,-0.44874149579974904,-1.5871723910049813,1.135551030048485,0.24101202981317138,-0.30968759553199793,-0.08738511129024362,-0.9089046035655661,-0.740888856149756,-0.9026639271305648,-1.6665841715351184,1.3245077492350195,-0.5662429984433826,-0.6307325512996943,-0.7937634752239203,-0.6991992772876782,0.4563974931559607,1.6256923829619137,0.8839392196194924,0.2747653024326628,1.62681227896869,-1.515815273638462,1.3715033638661451,0.45842754933786833,1.8238368539947194,0.3208083102737581,1.2523041694261174,1.0787949034630515,0.6510786529513041,0.3081416019756594,1.4151640469340485,0.27703161776926843,0.03158665184952982,-0.13911292849540452,0.1232693260400815,-1.380984719136676,-1.769393530756,0.4343094340299466,0.9273424155823767,-1.5850328283131865,-0.17179330167282209,0.43089742635311234,-0.46474829333257434,-3.079571511927214,0.5415774219573685,-0.8597102017329967,-1.3627869464199103,1.106435060925989,0.8272736636922979,0.09751047619187224,0.5469168749439084,-0.6608305981858493,-0.1140728988317879,0.666548453333611,-0.06430380960326826
-0.5882410782149261,0.6968486109985573,0.2693791403651933,0.4691428343130114,0.30673593251043624,-2.206431909833943,-0.045239329930955086,-1.4947005579421893,-0.7902232830799192,-0.6210974856103699,-1.3308874126319723,-2.1649096928270004,-0.8581951758042559,-0.1643950474707594,0.9932213954549121,-0.10813274977277638,0.3516216755072281,-0.10152468891666613,0.293723503273552,-0.9629208927828286,-0.2385935627075984,0.4348162234043706,-0.0844299099090988,-0.7874247801252527,-0.3867560041824232,1.1896306718847818,0.11609199144095267,-0.386815775247608,-0.468025555819319,-0.823643575561248,0.8340370725522738,1.403366127256036,-0.0666352613648748,0.34279138239624546,0.02463130611128106,0.7344618567062362,0.8168358488927642,-0.8059421718938833,-0.035660874509594875,1.4045765382605353,1.2031818383439397,-1.1693270973105814,0.3011328875133805,1.5596315900849456,-0.3640416148455833,-0.5634916970596409,-1.3741396160808639,-2.1856969812258016,0.3319666303368122,-0.027354761170152342,1.3678484541401261,0.7959441104264042,-1.1789179518420814,-2.1099392237920505,0.003382816062327376,0.5040409955397812,0.6475382652574841,-1.3598684254680755,0.6960880390277473,0.11579689422869811,-1.6802035203761818,0.35242206090659467,0.36534627896358984,0.5617575929577208,-1.1202684874085427,-1.5118070731880526,0.04165849825565471,-0.8943933254005545,-0.8914655879419286,-1.9046229960739192,1.5499536838034402,0.4502868531243543,-0.9756497709375093,0.5685147569912286,-1.0078261490895262,1.1468760248827596,-0.3929463094169676,-0.19317553929519402,0.24577746009692059,1.1316851028605708,0.25135139447505284,0.059507336852956436,-1.0912475513885211,-0.056624321468627496,0.17415275207652872,-2.3591560392740414,-1.1360333652737884,-1.6861640073279895,-0.11997704464221907,-0.012574375358989632,-0.8705799896227835,-0.422814780094467,1.9919190376888465,-0.11325834343545871
-0.565497895683117,1.6338408499814907,0.19949798060438745,0.5118312324589563,0.05123160849206626,-1.2077879539790342,1.3312559006069993,1.3431562614452452,2.5827354033429213,2.980810033230587,-0.6970080757659161,-0.02848468223404199,-1.854968046043623,1.454277710937531,0.7437362450670923,2.1330470225887237,-0.7547185121979774,-0.13697556145413148,0.7568537139284481,-0.733271200360808,-2.197194166585957,-0.47466614174676663,0.03772589187596426,-2.344837931205899,-0.24379349417500418,-1.0476021702221812,-0.5084677621848639,1.638295696072704,0.434848482539143,0.20137291983804884,0.48412948320268084,1.7037812209540704,0.8901649452314389,0.5265719322553783,-0.8565896338353864,-0.6520985856843861,2.0103865541532286,-0.06488038719808285,0.06966401392249874,1.8226421532358419,0.5183331155088773,1.6506525518310966,-0.37217242793425487,0.999848199672546,0.8361805783101601,-0.6292960513887598,0.9350628556991918,0.7748349910976997,-0.9473789803729927,-1.9152407189036151,0.46586552538415416,0.14457118080533665,-2.48603742352696,-2.604336807093057,-0.5756694499381996,-0.1833438513073413,1.2909347963998556,-1.0231851471778453,-0.0017763091033689005,0.5363244282347225,1.0640054405557953,-1.700743698137916,-1.4705845515055265,-0.26514656543061477,0.16421334001569143,-0.8844608762706702,0.5057999488183073,-3.3964187490867053,0.018801862945603737,-0.3090118925606523,2.8306217570509613,2.1642367599153722,0.3729704162817073,-1.5951430908380082,-1.379469573106798,0.2567485482467515,-0.3861586422765199,2.1224226898667413,0.4593685183465065,-0.021773396669788565,-1.940800351281698,-0.15753039886391115,2.441413404691812,0.4126496114333511,-0.30718382444578674,3.337578220091366,2.8554265728348915,-2.6266761766823787,0.24326793726479423,-1.5702830925356783,-0.9512321494545415,-1.1142206099477532,0.8630229028074655,-0.8283085839714401
