Cells_AreaShape_Compactness,Cells_AreaShape_FormFactor,Cells_AreaShape_Zernike_2_2,Cells_AreaShape_Zernike_3_1,Cells_AreaShape_Zernike_4_2,Cells_Correlation_Correlation_DNA_Mito,Cells_Correlation_Correlation_DNA_RNA,Cells_Correlation_Correlation_Mito_ER,Cells_Correlation_Overlap_DNA_Mito,Cells_Correlation_Overlap_DNA_RNA,Cells_Correlation_Overlap_ER_RNA,Cells_Correlation_Overlap_Mito_RNA,Cells_Correlation_Overlap_RNA_AGP,Cells_Intensity_MassDisplacement_DNA,Cells_Intensity_MaxIntensityEdge_Mito,Cells_Neighbors_AngleBetweenNeighbors_Adjacent,Cells_RadialDistribution_MeanFrac_AGP_3of4,Cells_RadialDistribution_MeanFrac_DNA_3of4,Cells_RadialDistribution_MeanFrac_ER_3of4,Cells_RadialDistribution_RadialCV_AGP_1of4,Cells_RadialDistribution_RadialCV_AGP_3of4,Cells_RadialDistribution_RadialCV_AGP_4of4,Cells_RadialDistribution_RadialCV_DNA_1of4,Cells_RadialDistribution_RadialCV_ER_1of4,Cells_RadialDistribution_RadialCV_Mito_1of4,Cells_RadialDistribution_RadialCV_RNA_1of4,Cells_RadialDistribution_RadialCV_RNA_4of4,Cytoplasm_AreaShape_FormFactor,Cytoplasm_AreaShape_Zernike_3_1,Cytoplasm_AreaShape_Zernike_3_3,Cytoplasm_AreaShape_Zernike_4_0,Cytoplasm_AreaShape_Zernike_4_2,Cytoplasm_AreaShape_Zernike_4_4,Cytoplasm_AreaShape_Zernike_5_5,Cytoplasm_AreaShape_Zernike_6_6,Cytoplasm_AreaShape_Zernike_7_3,Cytoplasm_AreaShape_Zernike_8_2,Cytoplasm_AreaShape_Zernike_8_6,Cytoplasm_AreaShape_Zernike_8_8,Cytoplasm_AreaShape_Zernike_9_5,Cytoplasm_AreaShape_Zernike_9_9,Cytoplasm_Correlation_Correlation_Mito_AGP,Cytoplasm_Correlation_K_DNA_AGP,Cytoplasm_Correlation_K_DNA_RNA,Cytoplasm_Correlation_Overlap_DNA_AGP,Cytoplasm_Correlation_Overlap_DNA_ER,Cytoplasm_Correlation_Overlap_ER_AGP,Cytoplasm_Correlation_Overlap_Mito_AGP,Cytoplasm_Granularity_2_AGP,Cytoplasm_Intensity_IntegratedIntensityEdge_AGP,Cytoplasm_RadialDistribution_MeanFrac_RNA_4of4,Cytoplasm_RadialDistribution_RadialCV_AGP_1of4,Cytoplasm_RadialDistribution_RadialCV_DNA_2of4,Cytoplasm_RadialDistribution_RadialCV_RNA_1of4,Cytoplasm_RadialDistribution_RadialCV_RNA_4of4,Nuclei_AreaShape_Eccentricity,Nuclei_AreaShape_Zernike_1_1,Nuclei_AreaShape_Zernike_2_2,Nuclei_AreaShape_Zernike_4_2,Nuclei_AreaShape_Zernike_5_3,Nuclei_AreaShape_Zernike_6_0,Nuclei_AreaShape_Zernike_6_2,Nuclei_AreaShape_Zernike_7_1,Nuclei_AreaShape_Zernike_9_5,Nuclei_Correlation_Correlation_ER_AGP,Nuclei_Correlation_Correlation_ER_RNA,Nuclei_Correlation_Correlation_Mito_AGP,Nuclei_Correlation_Correlation_Mito_RNA,Nuclei_Correlation_Correlation_RNA_AGP,Nuclei_Correlation_K_AGP_ER,Nuclei_Correlation_Overlap_DNA_RNA,Nuclei_Correlation_Overlap_ER_AGP,Nuclei_Granularity_1_DNA,Nuclei_Granularity_2_ER,Nuclei_Granularity_3_AGP,Nuclei_Granularity_3_DNA,Nuclei_Granularity_3_Mito,Nuclei_Granularity_4_DNA,Nuclei_Granularity_5_DNA,Nuclei_Intensity_IntegratedIntensity_DNA,Nuclei_Intensity_MassDisplacement_DNA,Nuclei_Intensity_MassDisplacement_RNA,Nuclei_RadialDistribution_FracAtD_Mito_3of4,Nuclei_RadialDistribution_FracAtD_RNA_3of4,Nuclei_RadialDistribution_MeanFrac_DNA_3of4,Nuclei_RadialDistribution_MeanFrac_Mito_3of4,Nuclei_RadialDistribution_MeanFrac_RNA_3of4,Nuclei_RadialDistribution_RadialCV_AGP_3of4,Nuclei_RadialDistribution_RadialCV_DNA_1of4,Nuclei_RadialDistribution_RadialCV_DNA_4of4,Nuclei_RadialDistribution_RadialCV_ER_1of4,Nuclei_RadialDistribution_RadialCV_Mito_1of4,Nuclei_RadialDistribution_RadialCV_RNA_1of4,Nuclei_RadialDistribution_RadialCV_RNA_3of4
0.8223759364110835,-0.12451677289117957,-0.8385012289866703,0.9287435930197432,1.1399717827969285,-1.3374060112998056,-2.0489864096618486,0.9685567859264768,0.20021750666704924,0.2815247360321551,-0.7298804606224566,0.3684348338744498,-2.531211391329523,-0.19573580122928957,0.973050540767493,1.3658890465485545,-1.4485364526673696,-0.6963639473135106,0.720893497406387,1.5835194529291436,-0.24303376339749094,0.2896032339150343,-0.41626400725140655,-0.4787903796805245,0.1615566344305443,-1.3379488829398918,0.9131682862153419,-1.2537910234618757,0.38989273528459345,-0.35723289860806173,0.22147416742943093,0.29270575179315417,0.19020810460973822,-0.8031437797284423,0.3475760010001312,0.42133548027927925,-0.5820712073688613,0.6013229910501308,-0.9972659029925596,-0.5412880106349413,-0.4034874717504158,-0.549706394943198,-1.0698347468290677,-0.7654800746429544,0.5962384473237856,-0.5846017014052253,-0.9145476975011115,-0.5936672541404101,0.18195798243087918,-0.5003068606175708,-0.34559142207026794,0.1719051387753876,-0.4995689310416045,-1.1205970063049755,-0.5466663150853143,-0.7136096860965173,-1.554770217929902,2.2382055612083205,0.24796954970193585,0.46133024771145004,-0.7197887972170738,1.8148705062300237,0.07494000418466329,-0.32787353380705614,1.1072126488782186,1.3121647300381145,1.1980023320057431,0.29822940145196825,1.3270787354376123,2.7478994983039127,-1.0995593585857055,1.0552056561675613,0.5317880773761499,0.4293983614513547,-0.399657848604709,0.04767903944725272,-0.4090988424634012,1.3664670484711543,0.32816127819305113,1.4212167320519917,-0.257139013537265,1.3951111429167897,-0.11937828706517153,-0.45849582296248337,1.3305175459536498,0.5180957137290325,-0.45940363789016664,1.9429357283644513,-1.2106378925339674,0.19955381492273985,-0.09064363051344881,-0.3640356240581717,0.8658327954218485,0.3486702848219418
-0.5087120183330938,0.2023453225138142,-0.2770341448209237,1.86064068647187,0.37743329501096184,1.9625825744464787,0.11589634509649482,1.1937609121805839,-0.6469541468864269,0.3398827315966989,0.7764177097803335,-0.3418440513472387,0.6313220794415901,-1.016260001221281,1.1836754969394754,-1.607660904914888,0.19838490404406084,0.10200597091270314,0.7639934045388282,0.7220203373513898,-0.4774111295195859,0.44631911089779386,-1.0077801511328137,-0.7957743550628789,0.03572181837679647,0.000819256276615471,0.9024522356846867,-0.8713417540518924,0.9850506290668037,-1.055221695896198,0.7288042366499938,1.3444504143547766,0.7916458917377922,0.46009033926731624,2.5919544459739106,1.2903237546288233,0.20247632203302884,1.2657870326988478,0.752171243349176,-0.6560221665849933,-0.48677093453654885,1.0527452361311658,0.6741828056307103,1.6708220555039355,0.7769822842615439,0.19715072795217883,0.6146918166386987,-0.5646457214075409,-1.6248386422886103,1.2046137246556718,0.6513497121771181,0.5262706743409051,1.0402445716413424,-0.5226838716853937,1.3279435028267905,-0.686911205334186,-0.07524471322632725,-0.31403932515446875,0.7945351937925573,0.3668358611298544,-0.7599154980471315,-0.9170566714429316,0.757819836991872,0.4700973341854294,-0.03758405093858769,-0.807001605609903,-0.4456978501296417,-0.14342780628530621,0.08083235994163226,-2.3467903903982945,0.35924311762831307,-0.40459779796346873,0.19866971104117773,-0.24374147392028805,0.6340400428449187,0.5009211498776923,0.24074490380672542,-0.32398834737268517,0.6189774223214892,-0.5752430862550852,-1.2858050243333599,0.18183333365409748,-0.8263336551067735,-0.3857060236130915,0.49357776819685456,-0.14260425906047397,-0.8375762809453202,0.04233499309636146,0.42133325064247373,2.0629462683419892,-0.9444894371977743,-0.23983257507511613,-0.2662966854096958,0.5473264175876607
-0.5148274434251079,0.0529229507638469,-0.4222256362185778,-0.2708105268320107,0.5943367220789026,1.1638430765899737,-0.6559422677221465,0.6588902577869482,-2.682464579374728,-2.5735002853532776,-0.08681542691574805,-0.4112836456125921,-1.7629991339490627,0.09845951780888282,1.0138648450107925,0.11885991988845346,0.0020965816282236815,-0.882631654113149,0.6254709277321621,0.9994394651157303,-1.4977309530820389,-0.05552255797529848,-1.0025773852685533,0.4815668063933508,0.6373923877551327,1.069210075501991,-0.13032362393556057,-0.29942479976521685,0.9945793119192436,0.13011068981602977,-0.9694215417302472,0.16953226488068185,-0.20339130470278852,1.4458457162747924,-0.6209237712855034,0.5791879490699492,0.2799246875352177,1.7012850241158535,-1.2179655535061886,0.5260985188902143,0.03723881472022239,0.012466537810705253,-1.2135944437681272,-1.3669462723165282,-0.48657805436747753,-1.6401163541647832,-0.8190700005946825,-0.3300297999349102,0.6277653400028596,-0.7971323839386082,-1.942172254860113,0.36100744367284904,-0.7357058818036059,-0.2519647163082479,0.25354953050297724,-0.5621151399226684,0.2410992368082872,0.04994598427130714,-2.256704637068514,-0.49648985730458145,0.8278278302182365,0.03134802496143247,-1.2224984742007072,1.1244690955801806,1.4902387426978694,0.6680035036555677,-0.1490335442032329,0.29202504842040994,1.7464306474176399,2.0364718811380538,-0.2630737198642089,1.270669860743348,-0.2330578247737907,0.34117425024032993,-1.4650302298441173,-1.8797122447063566,-0.8904441153174509,-0.842605696341287,-0.8816805647793191,-0.18580629505751456,-1.2529356938978884,0.024717542679176467,0.2983291862399821,0.872417946051824,-1.1707709152004016,0.5494600505164917,-0.5451491018694984,-0.6715961509944857,-0.5648500285037722,-0.8902141115679016,-1.2771341238614222,-2.0380161524881264,-0.4576782171311842,-0.708319606124711
0.3931708819745235,-0.5691726000968188,-0.018761464380333007,0.2762239167942497,0.7962409427494094,0.08804526978898586,1.1998514648242984,-1.1667351341077836,0.5635563890231299,-1.148058944061856,0.49432041388705644,0.37656672464032925,-0.22859130612725656,1.645705066965646,-0.623356664854053,0.47433240470353755,0.25786865420260585,0.8221225176776144,1.976297277180635,1.8333445552411363,1.102939817122326,0.5813698131122208,0.9115519384584454,0.2099711068941011,-0.07042197172473191,1.6328242685935024,-0.49251090220195703,0.1311295725317262,-0.05221983495608995,0.16999090072492104,0.46990286053289165,1.546814097523289,-1.0955458014312245,-0.5987741554535975,-2.073968309455566,1.458227435818103,0.9400622932243228,0.38427263992470595,-0.6586901331297821,1.170017360230088,0.0007694537757492181,-0.5011163370994667,-1.118200656474237,-0.6759404861944927,-0.7892661518384732,-0.351218166492355,-2.3160729051394506,-1.1377297290406723,0.9150638560069791,-1.2310386498582866,-1.5112903308377001,0.20075257705558014,1.417442902840432,1.4113835609106395,-0.17511553387920917,1.0210146818874712,2.8939493967693837,0.5776451902015496,-1.5628074009709334,1.1551610139597126,-2.995454213504238,0.7542511011978065,0.32620942446770834,0.10423509977613654,1.839306740896658,0.5852178059506352,0.24545437590836267,1.2286814551061798,1.5285516891834368,0.6763847826956617,-0.10779791752683887,0.5572035303140236,0.21892196711309075,0.14600956102734874,-0.39097570058910924,0.3357154090748081,-0.05209440236293788,-0.44956249839842183,-0.5229491237565471,0.36340769704349757,-0.08126865243714819,0.2330972823463477,-0.10066683936255438,-0.36228909436458473,-1.5261247380649166,-0.30351787820356924,-1.1517847731979152,0.5612914727863068,0.1736646440751949,-0.20966782702546194,1.4687761322025357,-0.498068516302796,-0.7554795043042803,0.010107807307801364
3.277288117648684,-1.812805004601014,-0.311550851521615,2.3174658962427017,1.7559417625119995,-0.9509565146302601,-0.454441010456009,-1.5701972673975626,-0.6863986278321669,-2.7008854883811777,0.9633416538655977,-0.2107467125504392,1.7373240126185996,1.2429925251151819,-0.8474304581532878,-2.305205154515229,2.371759480426899,2.7830026301561777,2.000246203389141,-0.15433868278361845,1.8332651584549342,1.7081166587408632,-1.444996358599402,-0.10805637749691321,-0.16191106594956742,-1.5271528112644426,2.453821916633595,-2.66019290749866,-1.8680666436733897,0.2696350145738596,-1.4917289175956194,2.5235658078304377,-1.7557165633887784,-0.46514207993974144,-0.6140153021775033,1.386169722507717,0.42218137174530646,1.210273798910412,0.36093580499015154,0.24951795901318485,-1.6523866547485206,-0.8316952236017692,2.068413251115068,-1.8408962889240355,-0.5667171012657792,1.2072417965846256,-0.623218860291566,0.03635757494652381,-0.614195603358699,2.1405731284739256,-0.6570808491298441,0.20645015589156912,1.4758737413456235,-0.4841467701130225,0.8621969244122358,1.7290274196618376,0.8736866753885408,2.3201772921129793,1.466855377494666,1.0090474146434583,1.4521466954270588,2.4027381615989807,-1.62183810720631,0.5228478961793555,-0.8062318970371757,1.124606230557848,-0.26567773984365783,1.1845359817359218,-0.09512693078451634,-2.527239200772962,-3.7752474855609224,-1.270552389876335,0.0767756584561532,0.10624635181766728,-0.03897513700036581,1.7550670175656105,-1.761289354286374,1.0239083126940194,0.312427007089249,-1.3747096555481106,0.6439315749830289,-0.43764299063477224,-1.2985551522521395,-0.2958536054264795,4.602249998322343,-0.9083653394393842,0.3751627251274866,1.552127888883006,-0.16067890009362523,2.4906162699551864,1.594965603009264,0.7135236669995608,-2.2811007033414943,1.2502277526661194
-0.8429442634430968,1.3502257122356789,-0.019212487923839193,-0.5818523544243785,-0.5580859769868021,2.0526959145950965,-0.3516159911954147,1.272759301790555,-0.11479984297755463,0.700741533097053,1.5209297905599077,1.2709109492306714,0.6549261555170793,-0.6108837574637583,-0.03210683264636555,-0.26034266420268326,-0.3627750601559092,0.6676868819128752,0.724923613247462,0.11508868047695021,2.056412183399692,0.9119821923819029,1.4820133718701962,2.1570638410906624,-0.3636809218258222,0.6508877182480667,-0.42760352573031385,-0.26453451592794175,0.053621979203233444,0.38480235066481777,0.8879712912936584,-1.4449090739307178,0.3882033767324635,0.4307358159936259,-1.2790436884859964,-0.029881382699582515,0.45006183981987374,0.03345659830630526,0.00686116380788504,0.38663634551227716,0.3052503034691014,0.6041320800869523,-0.5074940180578613,-1.0216755183894375,-0.33073154868349103,-0.5627824060435109,-0.9882129489901573,0.48105336120951114,0.27766975324724885,-0.6223053593218493,0.9252390770576295,-0.8344834547260993,2.2022706403474377,1.3574689256941406,-0.06628141643967655,-1.2770775697443577,0.21702179851885317,0.13937470464033275,0.323411489680514,-0.6574203579977214,-0.10146250136528129,-1.2301257340517804,1.4610056167210927,0.42509885873242503,-0.21218076564093513,1.0695650817814015,-1.5840047246691014,0.05351810881224306,0.9006882952803452,-0.32608714106793013,-0.3986026395122792,-0.8094001631049077,0.49280126696205634,-0.11392633040165141,1.6793934434455544,-0.16970883464547354,0.0314220850347632,1.508476316474454,-0.44646446176299737,-0.1466462236790623,-1.0604719379036693,-0.12029022613734806,1.6346097445195953,-0.6837067510915226,-0.4325949582799753,1.0666025633759484,1.0416895599935234,-1.250132779264035,0.5810269712474311,-1.3479045476824285,0.23083757157452112,0.6590196283729992,-1.3865010724481495,-0.3258349223717929
-1.490104683612115,0.9998585936758484,0.34838943271907935,-1.1011887004728114,-2.204493208115255,0.0013683096868660274,-0.020233773615558823,-0.09351873116272214,-0.7826856175971738,0.553748496535143,1.0129742208821935,-1.8415140487187558,0.5910423060675952,-0.7646673454552922,0.5124652974525195,0.3466101062880108,0.33360247723896624,-1.7986655436271248,-0.6787684706159312,1.159599083773673,1.4962025535899275,-1.1857709159983314,0.8853460661302688,2.670952345025095,1.307148933283039,1.15748950574612,-1.4221128781448744,-0.7437821872292092,1.242048989224451,-0.08442137034026084,0.8104226391185037,-0.3789898093899735,0.3507211817422211,-2.0517449380365758,-1.2873928253805875,-1.3907674260719387,0.6551089662496018,-1.2363167302506555,-1.242297823510901,-0.04990822008737017,-1.125076391538957,0.653887687648172,-0.24861491110675665,0.437834417878882,-0.6926352621946416,-1.1629125933684592,0.24812735662056118,-0.7153722939189658,-0.0754072964144934,-2.3467388872403534,-3.164134854737717,2.5200690971580553,1.989379811860631,2.557333192605872,-0.06052478866149136,-2.4107240220483557,-1.207690276103999,-1.6500190407286093,0.040371520951499595,-0.5983617063011633,0.711296563693429,-0.7082996781448301,-1.796275006048027,-0.600689203333848,-1.894770613065769,1.1814355782058732,-0.9945255148639953,0.8410627972852857,-0.794994524961821,-0.5498421699219195,-1.2596790144586492,-0.12898059127599393,-0.5916483978225997,0.7416767198840275,2.521885236457348,0.37809859348297326,3.1589630404343487,2.001775332917184,1.3318765370694847,0.04496554455418003,-0.8865742344928089,-0.4406332428377362,1.046300042557707,-0.22198783079371442,-1.428440218341041,-0.2298477894835812,-0.9126579698563443,1.4772463804821947,0.9071520624614114,-0.2985776911430166,-1.3212492473809863,1.9937393441681945,-0.14155869081754346,-0.13310950841484825
0.7249782808588632,-1.168819958659369,-0.026247866451592404,0.9573618062817553,1.300691942520718,-1.703637125287473,0.8982537842082174,-1.7707673558180597,-1.431280741803076,-1.2706903704233659,0.6941818970206386,0.5291365867760713,-0.3098889044455181,-0.12012140947570155,0.08366394352548366,-1.4630281713192554,0.6649081399677459,0.4520601925154124,0.13180784136648427,-0.37257666164465775,2.00003553454252,0.5138515978938836,-0.4040676649534169,0.5627771665463654,0.734117118929922,0.7684480236266713,1.0845190058275511,-1.6908768143449522,0.19291639350482648,-0.49807850428088124,-0.9586910855518016,1.2509199750420699,-0.5693765521320784,1.2702465448117382,-0.5523069710637138,0.5944599849863752,0.9863871170214318,0.9462811850225852,-0.7759909210809486,1.8750248362369615,1.087549647793125,-0.9284900129973617,1.7292869996122546,0.3364406218573954,0.5951437835804685,-0.6243870532584055,0.5352158523243928,-1.0442904574963423,-1.4469795047908467,0.1347739465205712,0.5290504998284331,1.691652222903566,1.726574985658838,1.0173778484231761,0.6175099694946069,-0.40510063591710715,-2.1780814268516444,-0.6378218716442059,-0.004825785387752135,-0.34062340983458667,0.40010037661341435,0.8225908045258736,-2.0495923316195617,-0.5525324552939979,-1.0855764317400216,1.5575873548022212,-1.9345209236793885,0.7327271558582839,-1.3035975041200698,-0.7892772255370819,-1.6975553286472298,-2.510111484313205,-0.8538328146885352,0.3184638765378602,2.7556903480513824,0.14028234010140767,0.7128155164674627,-0.10844741517787826,1.286405544992835,0.023996953331399618,2.2529036269189535,-0.01839565869051717,-0.5111359143104913,-0.004282082923261479,1.6475040785664796,-1.2444580685565148,-0.1041870504802564,-1.1465894254217117,0.3367472950518539,1.2958396706600124,0.5769374553784591,0.640224920215748,-0.14321976393847455,-0.5144431877870722
-0.7803177058955049,0.3155970516339809,0.5996439379146267,0.03938651101336921,-0.4060705519514687,-0.681965414268358,-0.7058637834444564,1.5743683926536223,-1.1608814244655035,-3.149658481904889,-1.3869742768482793,-2.1163297106984693,-1.5643375301867564,-0.3329388029911514,-1.266708553961332,-1.0207625708857446,-0.22740506915761521,-0.9514747899233864,-0.08465399682148625,2.1884918852007043,3.1457478145070352,-1.1763918019775874,-0.030259222252270512,1.7941248654571307,1.2608027300601523,2.130377437075894,-0.18954915005760498,-0.44471962372967677,0.5078480798600084,-0.9016180543837219,-0.1273704411320297,0.029941814267928857,-1.4075220257132162,0.19428951076253853,-2.593612528469147,-0.4322125357893534,2.2419753684990353,-0.2757444885023994,-1.4319707697799122,-0.5377176756086403,0.1432064471101296,-0.5302310438661595,-0.6259444296551147,-1.7422643458929448,-3.3177173761964154,-2.7795173233453068,-2.4377419718110414,-2.339224225819896,1.4472023819734081,-1.2505029858880379,-2.6334455615001446,1.9228178760850803,1.5295603791170522,1.2826096595806422,0.2862269933985517,1.9151030748629245,3.1307625748904084,0.33569663011967127,1.8163709076188912,3.3857957249697104,-2.0188191278749557,-0.5140587843645696,3.159549307084061,0.13624589740476734,2.7274097972292406,2.177226348433113,0.3162433519341237,-0.15236378490205627,0.6584318656654109,1.113339538257962,-1.1583828279510657,1.186956080779431,0.061469151434134506,-0.3088074056320332,-0.5016452381344358,-0.41268794676436155,-0.1799686762498579,-0.17978037578035955,-2.113635178217638,0.7378073466466808,0.012117432625296076,-0.5803714635768776,-2.057400816893354,0.22221458757354587,-1.1903268593819032,-0.33519536415180556,0.7827346633739809,0.9922711407599283,-0.3564179053809529,1.4026700877024434,0.579270897749569,0.11833270335028521,-1.8041970098403743,-1.5603335247609342
-0.3676112018970305,0.7899150451538871,0.21655067930492986,-0.48060668722501415,-0.2447146877218987,2.400068594755946,2.54305243429294,1.172401915942188,1.540236354182404,4.296553594330255,-3.4314900310957346,0.3640989333162121,-3.8174604958373006,0.09743997989456277,-0.9101845327141409,-0.32293202994139736,-0.8799544630220124,-0.04243515341299467,0.16618756902128262,1.5457676580092718,0.2724517349995969,-1.0824984580242931,2.3778042175487384,-1.918692174022608,-0.06889925085206275,0.8617221684035835,0.43309976083965285,2.977362896102173,-0.9526910236323591,0.1673035852816883,0.7336140260314249,0.8711765727910166,1.3076911380375318,1.760057831973432,-0.9454416722147456,-1.1170329086585993,0.4872197758186728,0.10512210585889911,-0.2540857925903514,0.8288502962712192,-0.5884404732837576,-0.004241154163851513,1.6542963188072124,3.005925629385192,-1.5352301616564612,-1.8296589757231239,-1.929297108493751,-0.15502897851294317,0.9163308755062302,-1.2985192403496129,-0.6017368533405549,0.6324250555051972,-2.078652169945235,0.47445134459793137,2.7864006821054854,0.6094533163940308,-1.1484584369394064,0.6176735564366054,1.122389439859432,1.1927324093993528,-0.7179951419079266,-0.25802478397462536,-0.5889615221278458,-0.7345194519841614,1.1503943246265984,-4.514318844445535,1.7983257895313662,-4.218278812367863,1.2204375914884265,-0.19907412853402195,3.0491922406562995,2.939524241857463,0.3121964895169407,-0.6592292229524053,-2.658154752224107,0.20899896399100884,-0.014909304782800415,0.6722433225637418,0.26314900024557736,0.5498467342929835,-2.3055645247045002,-0.07607187595865457,1.4347234880590007,-0.9247495569584081,-1.7431755214679492,1.9407618668896054,1.547588938633872,-1.4342697894737413,-0.8726227640174289,-2.344389339977003,-1.6548664340442547,-1.9922081591564054,2.456480810372146,2.106752796012402
1.061922076567792,-0.4373818051257756,0.0791068510026091,0.6799729323831618,1.0525321550770737,-0.8863610988877673,-0.6178739174852113,1.7563333367901879,-0.3625330565261451,-1.8040217228677864,-0.2796333067976386,0.18167585654517415,-0.24996790931609136,-0.1972071916532712,0.66615987921224,-1.4569077420871444,-0.033453207517148364,1.9384437710293785,-0.12415907285585448,0.15075743824141669,-0.4867260267340215,1.8755116379732593,-0.025901589041790574,-0.5182177755303794,-0.3001909576784918,-0.7851949857957689,2.4356324597572607,-2.081929062631821,0.9618198621281431,1.0829827750363485,-1.8010520391431029,-0.08744253799948165,0.2065820021618101,-0.7553563059450503,1.4457623935730475,-0.20075116923999042,0.470275313083898,1.1685130598820908,0.5795090114990644,0.3403463561676522,1.2051189054669527,0.5261088037915904,-0.43531152782759375,-1.5526045713033116,0.19067142139671409,0.05110099296449211,-0.7404293661033086,0.8132105366570268,-0.6647366412982734,1.0615672144140056,0.5470446539370658,-1.2935605970655473,0.8250930888939014,-1.1015236121547205,1.6599604372852017,1.0073154810153238,1.0488805077562389,1.436716672534439,2.8789392584213855,2.288513699549039,-1.1435498532681783,-0.4691914446307255,1.0533121951962536,1.37618717746006,-0.4532403484800118,-0.01666246574166097,-0.09607798331140499,-1.574781921119575,0.4665611025269431,-0.6104887267567672,-0.0795872143877302,-0.526189348584226,-0.8080972549926242,0.7896827247525169,-2.303082996344158,-1.441394319602589,-0.02778478225147387,-0.60385627777936,-0.25241927612477394,0.8202679494417414,-0.1420464301980584,-0.5499297981799556,-0.6832012828165122,-0.2260819297709192,1.29810045304063,0.035131617027430284,-1.4516481159325416,1.205860596056846,-0.7480463644768277,2.953577499945403,1.88938862579724,0.9937254904154135,1.2733100319307806,1.276948778564754
1.245270333764266,-0.4429490701275036,0.03593221622381216,-0.28335592678457533,1.0809858185713372,-1.4616075011682406,1.7471674532979953,-2.1423465600492166,-0.6108569045542935,2.1852727712106117,1.81391960702862,1.2904953137030994,-0.2633431680230074,2.7423283381965122,-1.7297414697278581,-1.3257187522964708,0.3330541415217023,0.6174689660968762,-0.9002746182880921,0.8259218804004038,0.8328962098898787,-0.11073418839371241,1.4496016936780913,0.15901095458910142,-0.42543809161213253,-0.27765255778743003,-1.073546164079174,-1.0333785473880575,-0.02889905720755212,-0.20627553042810332,0.6834680987810868,0.5588734457070517,-0.7020823851217605,-2.0581752371344866,0.2892564862398596,0.6538947674610234,0.3110869375867024,1.5044233554349817,-0.04347337707402718,0.62494129668025,-1.4953555132760907,-0.05453682150600425,-0.030674275981101395,-0.33522562737168543,-0.33136119806162145,-1.0593581323594936,-1.312539870740336,0.155687061686533,-1.0735607878927005,-0.6215628418514482,-1.1445550858535098,1.835758396150017,-0.8087996893246812,1.5425381396651952,-0.8978984830630545,0.5284824122252205,-2.970574016176643,2.3489258789219445,0.7893519742995194,-0.16333617131270856,0.13440871873314708,1.250641886992217,0.18976342046661043,-0.5990713596798872,-0.707711963736869,-1.391473195944628,-1.5389053560506751,-0.08918202941127906,-0.595176031904378,-1.7382706015714637,-1.463772352516907,-1.9437772105905258,-0.6084982226639407,-0.37316135340327733,1.5915126382376727,0.9206217362826035,0.5550563772297684,1.618180374214446,0.8564187315781482,1.0245315434412006,-0.2969484899109206,0.04966397920645839,-0.07876577864607447,0.9198230369283187,1.5553267157683293,-0.5681786085092734,1.3735243257166574,-1.929182799454936,-0.2693066312766937,1.0883278300576662,0.16624207864371693,0.10523225112898471,0.09458987016512244,-0.7912790460091543
-0.4452045047136437,1.1222373724463517,0.41620064846616006,0.11966663585311846,0.06946531849657973,0.09200085945404046,1.2004374744887734,-0.23384973590658828,0.8764117739689516,2.7170543507506473,-0.2734421073616024,-1.7526592161655725,-1.0158437805038336,0.9327787578482938,0.8073904477738145,0.5680913886374485,-0.14283571109604903,0.5591288988648987,0.29139886232931433,-0.20586419161437108,0.42881160670602125,-0.15564533363977542,0.2204371693581415,1.4008563250525508,0.5988281426578894,0.4763398390421629,0.6593930491698585,2.349142326332769,-0.09328785100017367,-0.205815263855304,0.2044685511461477,-1.407884384709224,0.19024975520402176,0.23827648804872237,0.9211118141851702,0.6182033281202441,1.9968440915900425,0.7576963970257601,-0.12587184074083352,0.12447514498463619,0.28961795796939255,-0.32319922700021136,-0.3887406611055465,0.13861247048731606,-0.37785157539339836,-0.4449301035641747,1.684982230669747,-0.18152674629261004,-1.2341843284294787,-0.39583188224589977,0.0723282358779887,1.7551364337346436,-0.6239372837596706,1.523618835673397,-0.20519854791938155,-0.024924872004313828,2.2331065001786743,-0.7018460051807176,1.2650187759757348,0.1709950331966881,-1.228956188829979,-0.7987848211667039,1.1478432536181646,0.39788396960926764,-1.7467424267230334,-0.5405941416748907,-0.5923904750633869,-0.5050696055810817,0.09957184250684159,-1.1589047252465843,0.5394302125368665,-0.6439847365956386,-1.669926082412662,-1.0575081284704417,0.6522990321455511,1.3414541812708056,0.34801490363927906,-1.0269059899146975,0.7358057730539471,-0.725030399189488,0.4929170965993763,-0.05966128802835453,-0.8040806424622606,-1.6102973992222154,-1.069219796616346,-1.336719680492809,-0.10269628780539375,-1.6887200609861408,-1.2996755416485972,2.2729706666267164,0.7977566340981648,-0.2518137061795991,0.4854589122808479,-0.5776165460111531
-0.4882492450832161,-0.07496460691341658,0.6697570530871854,0.4490294410214173,-0.16320731893188323,2.648431844259382,0.14742482933603707,0.33681651351927067,1.3685398996400537,0.4789744032053302,1.776172453580215,0.13541202330959645,0.5406139404683883,0.37674378436093847,0.8642438816747903,0.18414163220630075,0.6578568787847179,-0.9908327424984416,2.786946107919748,0.9185444106045745,0.8456200280313819,-0.6302317292438526,1.717212487951794,-0.4986734045397271,0.6371656051561723,0.4569343590377426,1.2938516938679026,0.9467365009464037,-0.8445506042562081,0.356728405428676,-1.6912824631228354,0.6040992068587026,0.6604242382433465,0.08719693324999762,-0.26445854100588884,-0.49174288806940525,-0.3144419156591649,0.29454302911542296,-0.29065345616434823,0.4971803099992541,-0.053659484450077656,-0.6600474833394504,0.27360424127057303,1.264770305368107,-0.763206772211756,0.35096001005074984,0.1502824771211857,-0.35571072702778717,0.7756099274419178,-0.3621285234913323,-0.07146233537595015,1.429908673998559,1.6365722013603303,1.2335618555668524,-0.6064567278197672,0.11584379115895255,1.6296408322403657,-0.6018357246706914,-2.232475021087283,-1.228263627483171,-1.5501009929281275,-0.6842279507042361,-1.5210712635855324,-0.8842734429772483,-0.45578052428959553,-0.5502531956139695,0.982432785149029,0.9491292985696964,-0.6860301491055061,-1.8112180983443458,-0.44000030927966827,-0.626279975196064,-0.44329831033509604,-0.06719791963365052,-0.1572196216246463,-0.8296937939934576,0.44343343167433996,1.077904476525363,0.20740596754791565,-0.18366384072451594,0.4772880365172364,-1.125921902584614,0.11546078852416919,-0.4347098836880462,-0.48807356529609536,1.325475197165567,0.3981236776898035,0.7265976024865844,-0.34786192787587383,1.0627120904301175,-0.6418556099503493,-1.166600817459381,-0.8970185172157019,0.9506525022686949
-0.5631605395149258,-0.7336325551698297,-0.30214822624306326,1.5035633966546293,0.3719516093397631,0.43088792703283296,-0.0008865287960553858,-4.234379182212337,-2.3199869560936026,-1.1505014174009291,0.020547244243001285,-1.0088799360777896,-0.8203556841608484,0.4382208710731863,1.7917481543080973,-2.6798604881565096,-0.5633443264183805,-0.08268551142830641,0.3633906494091793,1.5244135564780792,0.12716571921864653,-0.30490074999299915,0.09585668214757614,0.8694186130818,2.0888090333794698,1.4694554622284972,0.6137649270535261,0.6975608939045777,0.7674571509796004,0.28198557769159954,-1.5533437236222654,-1.8073903735506902,-1.126828871079227,-0.8927593976967558,-0.9630926330540487,1.7373711893358248,1.2936151791385553,-0.3158949367253474,-0.1602879577020131,-0.6923067119592623,0.14522781274973973,-2.6962576376981287,-0.18509341146901492,-2.49020244800979,-1.2353096567621704,-1.5798439935057726,-1.2354723007610935,-1.0834303853933256,0.17461073191190354,-0.6850165283677709,-0.10776991505877043,0.8641292236332824,1.0798072340676834,1.320957670258102,1.462582411863226,2.625320178137053,2.80177209797682,1.2806581965620423,0.6480317648093569,2.592134263347952,-2.8332800025655978,1.5171329141503076,3.211534554464979,2.1329962527800923,1.9724232007610487,0.961891806254446,0.4468153607748988,-0.7514983137027987,2.515431625252111,0.9719617594277694,-0.66799019621374,1.4283668273615007,0.05679803596984567,0.08079938526206232,-1.904781854485778,-2.137793974536603,0.5805494445525061,-1.8710028853818317,-1.8494641134371081,-2.3728798361403456,2.049892341901785,0.5586484221528061,-5.3657103671366535,-0.36353662951154986,-0.9283415386571963,-3.390925514827442,-0.01122843395929779,4.188129856932839,-0.32094705413900254,-0.18879828690864592,-0.35908920334077116,3.483679963428247,-2.2178768499582744,-0.6308503484175955
-0.6087397745340567,-1.4499839303613158,0.04960583791706045,0.7784038771816743,0.1026492914833062,1.807152855634699,-2.8032189824061535,2.0802389871169815,-0.21792745123078583,-3.14272953698751,-1.1904328421468173,0.9488856805817941,-0.5811768636926496,-1.16912636055745,0.5664020212610178,1.2794262063117736,-2.274434429307301,-0.38011882245425255,-0.8391073262527209,0.181305563277262,-2.461202331123631,-0.2922643274900121,-1.2886026733372278,-1.82543617663395,-2.277347010455675,-1.059605077651173,0.3616162137044624,-1.0642081331764546,0.3811481167634386,0.11093913261840216,0.09865614910742787,1.3290728211034857,0.3751411707731939,-0.4337006724528425,-0.24594688685888022,-1.383285055429016,-1.0534914356484264,0.3591665571067869,1.0923458080866264,-0.02209348334566684,0.5277294790255473,-0.2438018037822219,-1.6746183157322811,0.6889085667735885,0.71583155201889,-0.1471125053481565,-0.29787265680914427,1.428885696126441,-0.6393109088329717,1.235217851329736,0.5486622132514947,-0.8796671201820061,-1.391872500968252,-1.4515763697941637,-2.045680664352673,1.65294455706959,0.9819262509052492,-1.0467324705832604,-0.7926243219567736,0.1592786488423233,1.3588801969134376,-0.14580819833324576,-0.5520751636889838,1.1900826931620248,0.6325911084358271,0.7708657501503072,0.7087513264366923,-1.0710533205260566,0.4149057026431231,3.1573484455987875,1.3396734425395653,1.1118693925456675,-0.19840488364299047,-0.800451632895256,-2.9891917450359626,-1.8116766267729483,-0.8139269608682468,-0.3398484447425585,-0.16343688138396728,-0.1187459521164363,-0.15233388091259825,-0.019139733960045577,2.3334475236475627,0.8847339016571268,-1.4303498839790616,3.674662500231733,-1.051891311911755,-1.2235616085134176,0.18400838624569987,-0.6793113343760318,-0.1004959180571641,-2.55967498850885,-0.10981402652147179,-0.6025184278426114
1.3534006365367026,-1.2313746815483526,0.22562161825464427,1.6395391448898216,1.1007707711001147,1.3512155600608593,1.2476356251435892,0.3406184444787668,-2.4154447162467654,0.46659363907322643,-1.4692061499479858,-0.7959110137958882,-0.4736592827891153,0.48638522431058245,-0.37370037073607115,-1.3102352963828257,0.9030491446546087,0.5165482801031767,1.7621394797706003,-0.23074918622229534,0.17058430842579664,3.289031136796363,-1.5984167032600873,-1.3829071661563164,0.4956921693119802,0.543623388819185,2.8776149472913137,-0.7222680627570772,-0.5243981017814615,0.873043589556392,-1.6738323615527118,2.7578043716042604,-0.7965723931305553,-1.1849675662171042,0.12298731366657936,0.7044213077637252,0.47351248327941986,1.0218710358794096,-0.014203576729459932,-0.6681208418155722,-1.5891854449945741,0.04314792018575542,1.0221594551980322,2.000248564699067,-1.3847933266278403,-1.9266234229739223,0.9551587235412089,0.0068994180541114905,0.29864663461440893,0.9757983905023334,0.6385640372302452,-1.277811546827118,0.9728833015412087,-0.5670880883812791,4.551304821044147,-1.4644029490466162,-1.1462995698282958,-1.4638067303975648,1.4269021099636987,-0.2050091309720966,1.1427267825122884,-0.5788808948841336,0.16403865178750532,-2.6387816693424426,0.7649091712934784,-0.1782350402486238,0.20885762683042824,1.0670173111185774,0.4639395729165867,-1.019357665695882,-1.5428400713640762,0.3224073096123001,0.07932460546902875,0.8619291245508524,0.05802620359928462,0.6642025360503002,-0.34996678222484134,2.389375335170497,0.9788510368395609,-0.22702891891990087,-0.8970979691073034,0.6969515321085986,0.23446672677174443,-0.8467901509385521,3.0232057159329786,0.07216792898744634,-0.5768136494680302,0.5300681015167747,-0.09528970494270605,2.09991651265808,0.9478427385371767,0.8475402671286778,3.1180938861794223,-0.06729517439339272
4.368480994559428,-2.6380116467241583,0.4500451966844244,1.1174663812028338,1.9244331510584818,0.16868008027832412,-0.2799591885849959,0.05429353521700919,-1.0621546504507386,-0.29248171064836287,0.29731564481856254,-2.8834253949145334,0.35970699753688407,1.688196429736943,0.427239925174496,-2.8259349506233544,1.7103094816312001,3.3041180388134013,1.5901649182645687,-0.6238690209808921,-0.6460373890276228,1.414977084493033,-1.1992071949877652,-1.0095108632989291,-0.6355577962646316,-0.5627330113647853,2.2081873735706474,-1.6217489762622772,-1.4403985235504861,-0.7175737530493559,-2.2052026013073327,0.17632270064584105,-2.452215969574813,-3.4422092673736997,-0.8541300554592001,-2.4668004895506876,-1.1762022683190037,2.3951802748349937,-0.3300829787636842,0.5742325466309188,-3.077712978163074,-1.235201376405068,1.0878600535860032,-0.2966609259280749,0.5268793024559459,0.8970116222822244,0.8045656458515896,0.45516529163772745,-0.43474805611341316,2.95577940828183,-0.24473575698528643,-0.3529467987718147,-0.6323753025375266,-1.786287145137742,0.6165277619749343,0.5678933056611295,-3.359747358316571,2.5309758479812956,1.3293391094603346,-1.5077510417963644,1.6382976296484235,0.35138507510577477,-2.1198349899304643,-2.4893048360822903,-0.9893443965016078,0.24046641370991817,-0.8147441465948342,-1.2934579579940977,-1.4183555996829744,-2.2754771770351434,-3.3291601203112395,-0.5937780783811131,-1.0700046179745935,0.009932461091568617,-0.21039662270260553,0.14396822431849798,-1.0449798876367093,0.9328677097992257,1.134963521611703,1.0261410268034787,-0.7790565221566137,0.8818621534307866,0.40361306956991483,-0.4294868831190791,2.4972901882401035,-0.6303636465588585,-1.119474900508862,-0.9597080784070462,-0.4451016801861017,-0.623429482945483,1.1175424556966271,-0.2567544167179295,0.3585919327722398,-0.45404181843258784
-2.1050749560120083,3.470766646543853,-0.10649260621048119,-0.7713912674310639,-3.0511817010139373,0.6678221763252041,-0.8802827515091082,1.5404567221829626,0.20128615935718885,0.8153991642330325,0.6508601780198225,1.581748498685992,2.052342222213415,-1.283447376291492,0.4820730810859067,2.8327584554801297,-0.4291996553008086,-1.0888373639095086,-1.6594089521071413,-0.2140759820961504,-2.8170405767496645,-0.5130585602609252,-1.67711686493736,0.5837622446418806,-1.2896201446696,-0.7771579879686024,-0.28653400154646036,1.012542065402105,1.0515578037268545,0.08166897760563388,2.958261021501543,-1.574104040962795,1.1738466331640371,1.8871584319555836,0.26242734404144896,0.3298161738949427,-0.25104420684893003,-1.4261906945018217,0.24597772308961913,-0.9792793197361229,0.3872591659930387,1.8416052332392936,-0.04568033513758074,1.222882191667494,0.2887919758872925,-0.6718860600002727,0.20731712744553443,1.8699702451075735,0.650405579905937,-1.8509611558840968,-0.08322391245628191,0.18740137828530581,-2.2145263335125374,-0.010951404881754834,-2.365039419999842,-1.7362881013597709,0.09239545291669882,-0.6313997660716164,0.3093360431069121,0.7685065595227831,-0.7356397734524018,-1.1233744535462373,0.7043735031698682,-0.4594790438325482,-0.15627369749383924,1.613794453639262,2.5873236057973372,1.7239294778738734,1.619347953012559,1.127472131758042,-0.26053282490337504,0.5317049452026649,1.8108987382584023,1.0267891958259798,0.8217790625466621,-0.32828699084237595,0.03865426422823137,-0.1797832347292084,0.6105707180674691,0.30546311800497544,-0.5205332354773857,0.27331308737755555,1.691172526627508,-1.3300575037145461,-0.07847660055137679,1.816781545098921,0.2338447387824003,0.9261791407206561,-0.021871911116426123,-0.17967258536579067,0.7398208428382744,0.09010886042768118,1.3844593865211972,0.8008341937597759
0.3245259905306072,2.749594271628965,0.5912687140509993,0.4701079432334252,0.8870198209381837,-1.436947122354597,0.2959177863776622,-0.8305862903031195,-1.260704385179424,1.2082310806472023,0.09581050062742827,-1.6641051326830105,-0.7333644206561801,1.459425035081308,-0.4932153538467474,-2.1675745648104066,0.15374562022121474,0.11905133994977865,-0.9097916318204584,0.7766793856218954,1.4166772364784157,1.3913594071418167,0.49926618235153,0.24764362625617686,2.2375621264472825,2.2146894252851026,1.751592108986514,1.1574053865967562,0.7031692245027904,-1.2088841927474903,-0.26199972833408347,0.37305120564530597,0.07189121838896953,-0.7250580436441686,-0.6106577094785501,0.08352134918733778,-0.545592592809706,-0.9048210638593799,-0.502058316481979,0.17945718210375194,-3.462178143148705,-1.5622716737045688,1.7450392686194154,1.8559245983177868,-0.49954226682826297,-0.7117036729939455,-0.3795556114502943,-1.6123326053904978,0.3914687180669756,0.3860554284032496,-2.8615568787582037,0.91307080361831,1.2260682181359317,-0.06900068080122901,0.9457570120639212,0.12067396684627524,-0.035029069595558154,0.10129120528857971,-1.2704040111134867,-0.10392976822006317,-0.23638850986758453,1.1258583168791163,-0.1654710593009352,0.708503577524248,-2.424486799759557,0.009766631180381041,-0.9698441577407884,-1.279341477111986,-0.24231853028787076,-0.4718403057950957,-0.4444261303085378,0.6823466394434226,-0.8150188266599618,-0.31003519354096504,0.73207981165589,-0.3206784189389456,0.466894143231632,0.3346626781025871,0.49622269491880083,-0.5145135318573228,-0.21425878241000396,-0.19567668362681545,-1.7874697817749545,-0.09405143536179603,-0.2618594629005633,-3.0388838954920354,-1.05565271609801,0.2434644490564905,0.5230360817954263,0.6397301529021914,0.2305424573542657,0.9880017296567485,-0.08575656112306057,0.04482518215703954
-1.2132982152446896,2.4107900427314313,-0.34829169356596607,-1.6262283831254383,-0.6647570843256132,1.4740103417184633,-2.5985871496446915,0.42225403487527524,0.2121837411221908,-0.418982149411566,0.2658586505370951,0.35620928186708467,1.1350300711777828,-1.4053384234417812,-0.39284721819842994,1.1329297570076942,-1.0035862961073878,0.018781623236965528,-0.8270247598309064,-0.4524301168956645,-1.2509935130585172,0.6223258987096661,-0.13545052914689246,1.1583927639924652,-0.1692865476872652,-0.295625785791,-1.3377157357669507,0.6177755921519691,-0.3810551624088073,0.3085222771091934,2.3549676355330083,-0.8525138850271656,1.7183588198204243,-0.3041224190703879,0.9873499705016855,1.7820598235699303,-0.7965146075126536,-0.006110488472928832,0.48585794177170055,-0.15035823674026483,-0.23448337796961444,0.10429510077501186,-0.2039618703700548,-0.18476091840499387,1.4517925586605056,-0.7191478954227277,0.32820780479060524,1.3824651696831607,-0.8278137654456679,-1.997671989166666,-0.061531796042978856,-0.02541668503410721,-1.1318905561087793,-0.24404863964616885,-1.84767269430258,-1.9154341768249439,0.412292118598525,-0.36522545992392097,0.03957681150389791,0.6076831091944559,-0.5988896532597936,-0.8244381494825446,0.10690274974705705,-1.0288933963480986,1.6396523046204006,-0.8318340990462467,0.830770913077662,0.31277164053548195,-0.005817767107222649,2.065437218772969,-0.5086500988502168,0.4425818725951838,0.43105824508493285,-0.36775779715488854,-0.08713834887451892,0.22963549096128483,1.8929185524595127,0.17065668170110782,0.25005442161673963,0.6105413734575258,-0.5359708550353619,-0.4246846501860509,1.073472659387727,0.7985060266791922,0.4846126569091028,1.9764824623655588,-0.7205985224013083,-0.6944429650560942,0.23726765031100508,0.18238974834957772,0.03294978510681912,-0.07500479278005173,-0.6145439262293644,-0.4469631028282366
-0.8716899309782794,1.0548569097747789,0.13756278584222764,-0.025457536054945912,-0.3291973563153574,-1.6601396371594284,-0.03853790336622137,-0.34812065143776005,-0.14531081086551834,1.3066310229298241,0.7245830586425905,-0.9834191698567003,-0.47023356235973107,0.08794941824644376,1.1512510702483634,-0.3805704228896571,-0.665494964916322,-0.15804450524184785,-0.7217572343025078,2.072157388019025,0.3170486841344487,-0.3258801131076585,0.7496403669407893,-0.047616342988391014,2.029202287616483,-0.44657066013872715,-0.8817908218561102,0.8250472067696306,-0.2715366110600491,-0.18766503687417782,-0.6525349275893672,-0.5189241466257922,-0.2792094504272936,-0.17898004604132303,-1.0498201756791112,-0.8771819327118551,-0.08232376230259333,0.44820758135064476,0.41589476877732096,0.813524938279906,1.173005281280824,-0.31218967881456317,0.17174727020945713,-0.19158134373901248,-1.7955421809846912,-1.6480246246330073,-0.3383228185107139,-1.1214780909720596,0.6926030745450658,-1.5251072251133269,-0.8483702932712072,2.326912101251792,0.8126061227210729,2.0261517482878264,-1.5450319528741774,0.3337034727871204,-0.23577806396422207,0.19416409594637019,-1.5892476805353482,1.1957694017282952,1.5618111862015485,0.7747681569266782,0.23008651109675385,-1.372571571346339,1.1488201106085867,0.2751934905980829,-0.06402025032082641,0.06563568093011751,0.38903014836445965,0.08007873997261784,0.49954457303249733,-0.04813940784349127,1.583402094546786,0.5518017715615278,2.042627504070618,0.5633541541231696,0.31469888374319543,-1.3431929148533772,0.9886407874571528,0.2845188653491198,0.04048800509803874,-0.5284569160666043,-1.103395022142263,0.3529815515669938,1.0766902014071331,-1.5038050540080143,0.19757752353307434,1.2851256531075816,-0.7574527786754686,-1.1196546923944424,0.24864663067875958,1.2560154460888435,0.4963667250222994,-0.06681326705872498
-0.4611971534578232,-0.14428728105417685,0.3774552358999739,-1.0055309954250835,-0.2280396148165997,0.6167103831908466,0.162221435105936,-0.24645145786129144,-0.4360042559595841,3.282451179207948,0.8988126441575028,-1.6536786812208222,-1.2777404000417902,0.9952148037649191,-0.3304503395148223,0.8462053626989234,0.06401142134123257,-1.1311748228235328,0.4270674695546184,1.5688999152284695,1.0800315624042671,-1.4557028843283881,2.3563764549523203,0.5777225201259011,1.0619813028035139,2.182797083628385,-0.4258052871579766,0.5798117625692596,-0.6334139492714765,-2.5270189479946823,-0.2844869905856906,-1.1367778203907415,-0.3315094270401018,0.48787337383437585,0.03253645166354169,2.0541360838466454,2.1659528281070592,-0.808182682283509,-1.2842635249820704,-0.4903623215274522,0.3852216305565116,-1.371682254867998,-0.3721979348511356,0.8936253078421915,-1.0389963012731651,-1.2395701342944458,0.5278112532178136,-2.136047914318752,-0.515354554823952,-1.1524125078334684,-0.16693951792552558,1.003183927513092,1.784036333899302,2.333067594939111,-0.2648085273212595,1.0756208637183626,-0.40763275421051426,-0.24604357773341953,0.050722215675804316,0.7074535271209954,-0.6328808453847309,1.0162913271045029,1.049880780861318,-0.08817497178702267,-1.2970512275785928,-1.7672656571366825,-0.5343799352000747,-0.9423128241768584,-1.193375731940411,-0.9224333072726167,0.5658063549468271,0.05889811891651658,0.08302577926723836,-0.2303520304544918,0.5176413299045086,-0.21146131190745054,0.32560403248184194,-0.5827591107103999,-0.07406546833203051,-1.3229826218209344,1.5368160034664176,0.45789254148065617,0.04039180961877342,0.3117478534197337,0.06303504217657958,-0.12312497312283782,0.3454647530586855,-0.98147467396048,0.4823897092628687,0.6610465798232347,-1.4993301742115408,1.0666470498553016,0.11866308228445616,-0.8297764204475286
-0.066202885377753,0.13941640834102892,-0.4871229888554545,0.013613654208669113,1.0189936547262395,2.7800586945956898,-1.3977317744806643,1.1586584778163846,-0.15838599530490471,-1.0672209456406807,-0.8432642481834878,0.8461245160218347,0.10270304848838252,-0.27639904050724057,-0.695426952976502,-0.5308270165089841,0.009080670529184223,-0.14034620128402234,0.7399397679301889,1.4498396706282273,-0.600918625726213,-0.507080236254889,-0.2003907127639295,1.27072167184118,-0.5266677547971337,0.2623117679433238,0.30501345073239444,2.1764803241985513,-0.2306747172389813,-0.20544461483236276,0.3048192895174357,0.8506388154923947,0.7054794112965428,-0.2817104767791062,0.15401739149735394,-0.41867212628010886,1.0243108461501862,0.8901847689723839,-1.0057592486575522,-0.6714553561368368,-1.268151693308817,0.284201139797705,0.12128361698248717,0.9025963092703185,-1.1288929682592863,1.0332665532180605,-0.9414182133694358,-0.2322822414821196,0.5657487838641828,-0.3168731640184957,-0.47998964702617275,0.9790594255772539,0.38134587622666055,2.3964127168488254,1.2530307779360426,1.566912005573444,-0.0782004828732743,0.6499393088032872,-2.02653145619194,-0.293576145070498,-0.4320531537548782,-1.7735106254778485,-0.6708200041999428,1.4608126969179818,1.4594264773574361,0.7775625371933633,0.3397349600062934,0.07969368370812578,2.3691804747699785,1.0170882266520216,-0.29002652517619687,0.4955477971222404,0.6876489453955236,-0.4373323054639996,0.09716879659360395,-0.6722794067360724,-0.827574306180011,-0.6455762845105324,-0.9090445059448007,-0.6566752986106157,0.6618325614625631,-0.2558868348219469,0.7943843042097317,0.130695012281275,-0.9950946798314946,1.093237679892907,-1.3506154720290378,0.3867228232950298,-1.058521573608266,-0.800280370214162,0.10815808985621972,-1.3195937998498781,1.9490430719087626,-0.6719726457252706
-1.194052819967963,0.09839299447822092,-0.5912572930416402,-0.5994223359714821,-0.06729601077131803,-2.0458093069632186,-6.412094623234551,-1.0424011740997137,3.206008781285856,-2.9504763466944883,0.23084944406027968,2.3861732942268037,1.0435043086966473,-3.564728185584455,0.8863607349865434,3.394827521214771,-1.2626936342477695,-0.9688206153721854,-2.9107538049190023,-3.1052578379354894,-5.413453204912354,-0.780669958096031,-2.477972446283722,-5.057643895330815,-2.782116605147455,-1.8565632279050122,1.3613867141152207,-3.830248057791156,-0.4514375514130453,-0.011415678549760947,0.4972436045633927,-0.46654299148977085,-0.4258298991796126,1.2424385591773894,0.8841107386956584,-1.9065568941798121,-2.294567618816456,-0.19530809384172163,0.5217732801780464,1.65855212410493,2.435806870762914,-0.3201160293522316,-0.29575678487171486,1.8989087344196403,3.8646881041511647,2.2173473012193625,-1.1533593159067295,2.8062903988326204,-2.2223382770458846,-0.20860869408601557,2.4390909630909046,-2.7842767898622998,-4.087560487122907,-7.1768655110253885,-3.8392473290479923,1.3140999847707455,0.09109068404052323,-0.11650281184775324,0.827177403830053,0.9744493594219547,-0.76809269386938,1.2793722974450756,1.5197665677218708,0.5649293935737112,0.24403670584215537,-0.7490463389005886,0.24127736856542026,0.22273332707303978,-0.018805714955726804,2.0432686567437344,0.946876110619885,0.4645746835884729,2.4239211732298767,-1.335664185026451,-4.009139383518325,0.05626163008188678,-0.4154939705597095,-0.07922852104929401,-2.118757814280766,-1.2673788632587566,-0.4586190901893641,0.22469820112028174,2.3215483079946377,-0.4057725911432688,0.8347011754510788,3.917916532853213,-1.1611507974426392,-1.6480488237217066,-0.2516829995972428,-0.3991606119471788,0.9446614729845877,-1.8717416750476326,1.491915553958567,-1.8961915325559704
2.239580664082616,-2.522117197930746,-0.19732635855187755,1.0684180745053657,1.4395459781384319,2.4794909888617687,-0.3139246677983474,-1.4558389801089504,-0.015562087723142493,2.5512024027074354,-0.6777955374352004,0.12628875819515817,-0.12868269644014407,1.2169583395183905,0.9187267895119433,-1.5280209925234511,1.1687524077025155,1.849078766370185,0.7749085325178726,0.44861648470055426,0.30616028488336805,0.5111098141443792,0.07286745244769685,-2.8738813844107143,-0.39962815734110946,-0.442036909021452,0.8115119571209577,-1.1856102744919612,-1.7385368022082859,0.013207207057948226,-0.8040414151936913,0.3881101476333214,-1.3645472103027885,-0.617027163017607,0.30764443497267335,0.34702849506980926,1.0188338982491534,0.4313220973322388,-0.6607179241318131,1.033318423393208,-1.0883698065182235,-1.0389837654890668,0.028688371879847185,1.5671974143782281,1.5576013967751967,0.7492118518577287,-1.3531062826604605,-0.3626036332171424,0.31858514906909086,1.3244049834448,2.454339626609139,-0.06349698469361875,0.2620289418471409,-2.1274545953320088,-0.3765104420834175,0.7456742616199845,-1.3348715363117902,0.10024402377925201,2.525513655547559,-0.9562691543889756,0.2774931949675425,0.5219673365778509,0.08974811324798004,-0.2350187629278695,-2.131667740951734,-0.329963105983089,-0.6821819303164208,-2.4773566921766657,-2.768714837922719,-0.6129798020757813,1.1809185063141034,-0.4569300842232314,0.6051577294870116,-1.1987420004890947,0.7464855728203788,-1.0465624179082653,-1.605685973410543,0.52188425008573,0.1747225256068653,0.20362513267217386,0.34563609503422443,-0.183119042820572,1.5299766655496883,0.9356034200163909,0.32280338672004416,1.1308074493032636,1.011105550364942,-2.386005018539036,-0.6553409942940481,0.8306722813712526,-1.595656042737029,-1.1794107740946356,2.624659567380831,0.2927572907282867
-0.4447575586490345,0.002548483864575901,0.47622976129185757,-0.0006270414859845391,0.6759680534424679,-0.06951602908630913,-1.4562125655062974,-0.48476313298581764,0.4441701732470793,0.6070064671074031,0.31398036399365503,-0.6444009828315788,-0.37929467454277754,0.015970964537017684,-0.6065251762101388,1.1241181190939598,-0.8691511771552811,-0.259211301219769,1.0238718455635119,2.0115500251783214,1.4723280250996704,-0.45331102845978555,0.22131522959873307,0.8724515819762949,2.2054762038162625,1.564200629647719,1.4997647698895942,0.012795022432031788,-0.7112927500187916,-1.671307894128173,-0.572641631827345,1.377266870386551,1.4213433142254899,-1.378481572248353,-1.2816991718208575,2.1468225889594,2.1456002157500573,-0.14475335224196004,0.39650825763959674,-0.079228173551245,1.0312563435577575,0.7797371333765483,0.3637370581191088,2.3984492107678186,-2.707722268466404,-1.1163164484973667,-1.4947482562218173,-1.9855778356485623,1.296870645040138,-2.0696703116259876,-3.150672275443638,1.8970472208414355,1.3861629961274784,1.1190265691159311,-0.19312836026104904,-1.7998596243080585,-2.6696855976597407,-1.5053505987419975,0.6662084143550272,-1.6696505464322575,3.1268807731269948,-1.1311687889849003,-0.10248650276347343,-1.0710337053530306,2.248209675881095,1.061439866781547,-1.2919072632287756,0.1600135000847212,2.449162127211082,3.01653029918376,-0.9436156166372303,0.721358389925904,0.1744036351578613,1.1321776978046603,0.9220528625089333,0.18382774710499133,-0.23670493843336873,1.6919438596910503,0.1877477763316232,1.0705834157063354,-2.1141385078604475,-0.5315349259787522,0.810554581873783,1.263531113436329,-0.4378019844681371,-0.43333220454033905,-0.4662303477047781,0.8516433102089332,0.09866160448535412,-1.1979413759396198,-1.673485686268219,0.5394790853373778,-1.0366056227698026,-1.8554423841077199
-1.5270925364182537,1.0896162043083597,0.024637194924456603,-0.48365874379390816,-1.6895837329618153,0.49600482470054474,-1.632922062755918,0.6026032830922278,-0.07392629529932981,0.8707630701670781,-3.4731304796962346,-1.040117862295702,-1.5677725576046122,-0.9484080974581908,-0.3819150059638891,1.3039665649279077,-0.22785249116623196,-1.9508463031013448,-2.062724422784388,-1.4651442604884066,-2.5971250267510206,0.772691225878599,0.1997615605226925,-0.7219214030356675,-0.6018298131256044,-0.11875417478844458,-0.05142011053909068,1.6766420778649727,-0.17962104552622013,-0.4515144692118534,0.44889095212299446,-1.5525697724757108,0.29646268265126763,-0.0951112605354616,1.495434248072039,1.5910560808683214,-0.009525077765706325,-1.590311134891881,-2.016884309109215,-1.1560970811085904,0.6051173964249947,-0.5943158926324943,-3.0457570954085327,-1.6637556913239342,2.1670191759004824,-2.0642983405420052,-0.0364161610296477,1.5778248004094628,-0.5168858159951464,-0.5612406113748527,0.23822337961125745,0.0516355980593126,-0.4858119787898456,-0.9754579184802453,-2.9961583368816114,-0.23759893543445004,2.6188299571530114,-0.3411097048127753,0.3341510216591302,2.434451341400477,0.3834966331179577,0.2170222415696574,-0.33825976091502374,2.363807817544224,-0.9924225605257808,-2.863568990428251,0.13076073641315997,-1.0041732126885319,0.07505818346072823,1.2162187730438352,1.0044498562111808,0.721150100249849,1.076310975245113,-1.0214215401016473,0.8572079532514084,1.2520370481818315,0.3831940431997352,-2.009581353683894,-0.19593229026310766,-1.7937513259607694,0.5812024780649494,-0.03193691144141931,2.146255184980177,-0.302991879165764,-1.9624093622592977,2.116321952298061,0.7880336182552494,-1.3016784124493515,0.3274368859112915,0.6080222867334995,1.9093883813066785,-0.14936045964611877,0.19700906085679476,0.32714702267608103
-2.68785346188758e-16,-0.2415635117685878,0.18599872942310583,-4.702448407409236,-2.6774111822386684,1.2752185258076598,-0.1325238892315572,-1.8506818150166944,-0.2676139562510521,0.34774632600093763,0.04444743756874774,1.2384651618543454,-1.999099650842136,-1.0562389205741978,-4.657961039700374,0.4652484777020492,2.63654793964697,4.566335884334756,-0.8369202764607107,0.1149652203163597,0.739196620762331,-3.400661035016992,1.0180758367112386,-0.7213640618810041,-2.310880384025434,-3.4421587610414295,-4.187565617329573,1.4199055718342355,1.228936129726749,-0.7821823983172215,1.5022769734288228,-4.697553416640348,4.205342878959284,1.8262068175480015,0.28194909592438566,-4.140586078638133,1.6161994514058917,2.1884676020902463,-2.809223029355035,7.61723518355916,-2.083551163922195,0.01277538055748545,-0.06407953618171888,-1.5618586223914641,0.2052189750365696,-1.416760806891284,-0.2828664662408923,2.5677172322500508,6.427539029069649,-1.7450398530737938,-0.9394020154969779,0.046468190976742596,-0.13233266760729295,1.1663973137241108,0.7424183794793721,4.405850088717418,0.5900830453821572,1.811123588493568,2.826821460082555,-0.1940412054317775,-0.44682328567937063,-3.1136769032252856,-3.0989348355261344,-0.6347956136894037,1.578633590509243,-2.8221012755919705,4.355346954449273,2.293191525104624,3.6151742884476423,-0.22167533062950934,-4.023006845710766,-1.1885278226532803,7.613244704323097,8.043012947362158,-0.482429153558235,7.893891604402674,6.406029888101515,3.4422236473514145,-1.5618539013323405,-7.536166834330612,1.1342164861303332,-3.088330437973869,-0.1403299526626231,0.10111181242682185,-0.5549465514801442,-0.4729160946507201,6.243083687306372,0.3841207044005689,8.461185180440696,2.378454100273919,5.841181177989029,2.4096779423421246,-0.3202582008899883,3.013687646625219
-2.68785346188758e-16,-1.4189192052904975,-1.6473973401905508,0.996097203976663,-1.1979306360560842,0.8229358341062774,-0.7832634764237486,-1.5759343002078845,-1.086861182968362,1.2491138131656878,-0.9182067650334452,-1.1980923354435067,-2.013043923860814,2.945395325840825,1.0323462981945797,-0.4899820969942968,0.9459215726641256,-0.7291649062085669,1.5396935531948488,2.2117131440291615,-0.6118144333904627,0.4692047133049882,1.443042618904854,0.717380027832542,1.2162921063676277,2.920683617267821,0.64488233549108,0.4637042782753498,0.3493039842194415,2.789330165162761,-3.268044767619558,0.33912303856605025,-0.1931141368060525,-3.8763839737485566,-2.7479958172214487,-1.9945031964988678,1.451329809340843,-3.450394836142011,-3.8429036366029266,0.7863044146394095,0.34473382272281017,0.6702080678070135,1.3852768211323332,1.941915417852561,0.7602814001245572,-2.1372253102321546,0.5899287573918238,-0.7840169537479454,-0.5047756555053291,0.3379900686844863,0.6550305485766783,-0.1505450524027968,0.6390917792682259,0.24078484005105819,-0.7199769271555686,-1.0377838006897133,-0.7588506757027748,-1.750826731428103,0.341744772567112,0.011702598196507437,1.9755161579037617,-1.3999040577635742,1.7925293280515466,-1.1216567787967013,-1.9857074050419552,-1.3134497379839958,-3.3888717901351217,-1.1804447088465224,0.05427541153197846,-0.9137574325663601,-0.5191731700736959,-1.9187128740482426,-2.0582718736067527,1.659118235113137,0.5032142596674254,0.49626362161212095,2.0645370280831843,1.6948750273677828,0.2610965880322738,0.8523841754745696,1.9236333048468919,2.144889244350329,-0.19772027808258585,1.0670385130444093,2.2000038436000127,-0.3212251844389708,0.8231850376329093,-0.5981181782001207,-0.01981796340565123,0.6245535527110263,1.57692556081746,0.6105635900768458,1.9503084943331015,1.02334149953106
-2.68785346188758e-16,0.4698427101190611,-0.9291057234912048,1.0294951296626493,-0.9319252677564264,1.3257162455989722,1.0235811495692444,1.2350567589098922,0.2984400155660071,1.2850565512387049,-0.7542086073474151,1.842473383728347,0.5869242986777439,0.38847127567647144,-1.3047866363183047,-0.692071481153855,0.4131420151805825,0.21480000173876007,0.9552978465423134,0.4849568906648381,0.33702033408176085,0.32105790243011156,0.4226220190267108,0.5998534290063143,0.2654129728519895,0.20792052751553036,-0.006665310802250191,-0.4240589342808248,-2.094484050798379,-1.1843051512799525,0.15998599405174846,-0.8440393355305642,-0.3969796979622047,0.25029482338333087,-0.7373715684913383,-1.3235490964364816,0.9581559713779882,0.3637590126496959,-0.1924783825002105,-0.3988490443750987,-0.18204264804913312,2.069067626995343,-0.1717411138382574,-0.39907478552396275,1.0532407493664515,-0.31247790978915646,0.3727348055729739,1.0685283382676936,-1.1026203172662767,0.9334353694863496,-0.6585718637476563,0.12739058122454572,0.21780867837582707,1.0093567154680412,-0.7677293162236456,-0.6088327592635411,-0.3913731188623525,-1.2442351355051027,0.5587417240475535,0.20324261629854984,-0.7235437939406479,-0.6496400198117707,1.8994524326780544,0.3392642717599246,-1.0831077890813772,0.8120065777247565,-1.4106440376068605,1.1025023122081419,1.8746877746890376,0.6333978465179906,0.1534510908111724,-1.4639402261972154,-0.6378797945863868,0.3007199034434769,-0.5188980792859846,-1.4389124339378971,-1.2232989000566916,1.5339907778414048,1.6316708395328918,0.6987795864921661,-0.2086067130870255,1.4119355584184907,0.2361346820357722,1.7714536684115876,1.5730509766432854,0.021313527351472877,1.5916352879598636,0.8045528364280988,-0.587166549046332,-0.021979843503416197,-1.7129723396131977,1.2367634399044087,1.1588225703678507,0.1195676310752607
-2.68785346188758e-16,-0.4465632937699368,-0.41911255227818256,-1.0341852653582941,0.9691059260817336,0.780442507349949,-0.6301692421641386,-0.24320133731489013,0.8464549154222815,-0.09693592246884632,-0.6753721682844517,-1.2911417978445479,0.497565799234272,2.698357468939129,2.009351294988888,0.24929942785037443,-0.4049040560581444,-0.32977263674547647,-0.9480005674035474,0.8603333648925162,-0.28157138471580856,-0.3331299853893648,-0.6998781848680918,-1.0112789813127423,0.5023343592756722,0.6694884078423102,2.3266724031072132,-0.4064259480566417,-1.977910420838818,-3.021570673519966,-0.441147365163714,0.6188769450685954,-0.7520567555875384,-0.8321978502094289,0.12410490499085695,0.27390638331856887,-0.7386561232709045,-0.8195413525148945,1.6596423813741628,0.6341688329479882,-3.054469706619865,-2.025130617869823,-2.488957253411255,-1.3348465847974385,-0.9126851327191121,0.31742032308970264,-0.46636607127629953,0.6628503448047425,-0.7431672138577206,0.6105574445038134,-0.32087374610782615,0.5530519231332778,-0.9450268889148021,-0.7757872686779095,-0.29617033221203193,1.166611828770254,0.10893678265042969,1.1401862522360453,0.6548620921069752,-0.3600875601721232,-0.01778711720262094,1.005936594659108,-0.6573870294224605,-0.6612254439836456,1.575529742822779,1.7466407640750485,1.7235481968251807,-0.48354658194924577,-0.748634740805016,-1.2652081905108148,-1.2038056485056439,0.5557851452846274,-0.8656349157407742,0.6913908271402491,-1.0256484543087774,-2.120376703362047,-0.5474522559986305,-0.9277854666384602,-0.01789953610868833,0.7901070610394788,1.5775510861467978,1.2514197521202013,0.8198736676149608,-0.971840128755972,-0.04665638969266675,0.14599105705837592,-0.07465236504438043,-0.001521311648554225,0.8376702398223165,0.2359186153681841,-0.5973347004478639,0.202311366600327,0.31722507535865996,-0.43999182304648793
-2.68785346188758e-16,-0.3115235211351338,-1.5945126783453398,1.1136616848357956,0.43234641428496523,-0.33053233504144386,0.9266623565610287,-2.2031548025713086,-0.08794831298119116,0.20211318214226107,-0.08626244526757218,-0.4760433135791522,-0.7268621990425217,2.1519248744713084,-0.24776938084460765,-0.41066347409219517,1.5332422807935475,1.061923696244555,-0.721825499287482,1.6675597529253396,0.35087377713826046,-0.4273521847117323,1.5437522585895387,0.4588409937926745,1.0443582660124855,0.7392223101673077,-1.1387892740195773,0.05597470952721627,-0.08391030320529935,-0.8227113647084217,-1.8998324736005565,0.07587855058676829,-0.23190704189444414,-2.0412543757601753,1.1123675635357533,1.007469714312677,0.16937734240952454,2.285183851541337,-0.7595564591176172,0.3020071128729679,-0.6907988512863353,-0.3016769211194595,0.2289646821778606,-0.8231812953741632,-0.9024428799325239,-0.31632864359648843,-0.21265738337108586,0.35576542883710705,-1.0653238512110046,0.8258773519013055,0.06823883165944042,0.6645059726123115,0.4149650618975096,0.8507726355071594,-0.4348709310215194,0.33460722309927265,1.2563131289259442,0.04551762527518077,-0.7002836963825904,0.5537791835684887,-0.13287032854479564,0.6203676106669697,-0.29671990546330634,-0.26098609565705316,-1.0117945070416408,0.9828655869661437,-0.8902627907345984,0.34932961194965834,-0.4625442859199205,-0.4993458441070224,0.5645734785773057,-0.7838546467015166,-0.5571706986307385,0.8517788560191929,0.4844176140280138,-0.5834749225929681,0.8682214710362776,0.8056015839403676,1.2697558701779674,-1.6109123987241876,-0.58546981911039,1.4183823833169358,-0.2795189669581335,1.478930461514236,-0.2196259076286039,0.04410605803711515,-0.27951142308503685,-0.5024856235281762,-0.20240479963642277,-0.1308570912708933,-0.6793008894539346,0.9470448167610581,-0.2014021441090258,-0.1906910530542404
-2.68785346188758e-16,0.39834430214452055,2.6668821121660615,-0.26658309559001947,0.8551708497764909,-0.07459238276560409,0.9272128901580626,-0.9749032793525838,2.80595481397782,-1.2445986876830468,0.3709498840458945,2.1546073279342295,1.2847434344788846,-0.9779759043767136,0.21729969190180032,1.2385850601199582,-1.7571009170918273,-2.3059643297446613,-0.852526825229994,-1.4480961174325349,-0.4274367365938514,-1.1802684721146273,-0.5057576903822127,-0.01933500323183803,-1.2534521612215457,-0.19192666107517498,-2.0453256780954003,-0.1356745881649647,2.1267552820081135,1.9084974094366127,2.271575238481231,-0.4282944715210768,0.48226936955680016,1.927246865287326,1.3281567519706612,-1.290077962665948,-0.8982542805628615,-0.6099641817755743,1.3536597915951285,0.046427371680592036,-0.5120142873772969,-4.446592533856926,-2.059945858796559,-1.0605645248798727,1.18305489946171,0.47092611257536215,2.3548072550466204,-0.4891768409846081,-1.7094765387547137,0.15717300693857242,1.9221801442606326,-1.8569543377646593,0.11199631587635869,0.31998193543368936,0.5438009167101304,2.3512990737828208,-1.2502828957290812,0.13810589715742727,2.2701243908018265,3.9334589645789606,-3.4117267275676237,0.3883467146461997,2.4223518415185907,2.36675833685115,0.7641444456172278,0.05619102740566009,-0.35621937814760846,-0.8910225571600074,-2.3955547055135074,-0.8618102115860129,1.3957738940919513,1.6817879588499225,2.533249628448177,0.0805349018451123,-0.6899060133535311,0.06468363956964862,-2.5448988521253884,-2.455836124811929,-2.254763230945946,-0.01513372169151772,2.3403197340438617,-3.1141233754548097,-0.382567572969126,-3.234066886486853,-2.0331159257520026,0.1380965830863769,1.023855279109603,-0.6492938437945354,-0.49256005157536215,-0.3194664879938805,-2.303072762765808,-1.0928238645708266,-1.220430827856372,-2.0623594666519685
-2.68785346188758e-16,0.021576805058494367,-0.6311199995217917,-0.4858945054164556,-0.34917725079016226,1.443863625183187,0.09579306596518637,-0.32267462753844933,-0.7399285058164451,-0.8122997115737549,-1.8700393414339687,0.5993377483853062,0.5103013871649227,0.1324263836956714,-0.8719766116236274,-0.7130521706799101,0.6825564232142506,0.0447362529370241,0.12851801249033384,-0.002621074720221439,-0.36181472395005354,-0.0587036108968646,-0.6262786681530484,0.37980497042251915,0.12769395364786235,0.4382328599547371,-0.8124917711031314,0.42264724149250216,-0.20517688804967205,-1.0624150351591344,-0.9823924120858578,-0.3741859996908512,0.05175569736707142,0.477547059161498,1.0491018582481642,2.283983352637636,-0.2095558098991933,-1.0091577483400769,-0.888457652260132,2.0203055442694833,0.716883043645238,2.1106819338948593,0.258507918998508,-2.3575842792040103,-1.7909391640208412,0.4590343459292205,0.2853527851650074,0.630514030253328,0.4069734229232352,0.42566916686992606,0.04464656742069406,-0.8002287322906558,-1.4021448476262703,-1.2277493904162067,0.9813335614865732,-0.7114016179228666,-0.5677650981176122,-0.5763282961337833,-0.366648717416954,-2.6634043637946476,1.4861835163262538,-1.723622526276127,-1.0599767171260457,-1.9834484609042184,2.7674611777459237,2.058776131040788,0.5659134873826468,0.5982362857902014,1.976611121717744,-0.29395978765100983,-2.5009603513146885,-0.14361545977204815,-2.5337543285209168,0.10470453758033371,0.4499968101708635,0.29444174698115816,-0.019080001654223855,-0.5670641263021272,0.6237453278648413,1.2912645375615743,-0.1876184542878312,3.430169390872854,-0.7630831096674615,0.8452549896155863,0.7137321096276344,-0.5082279703545527,0.07695544068538412,0.42813178967374194,0.4059751445593225,-0.842978542305252,1.0828118402181774,-0.11376827327739791,1.39669820112727,0.36429020860728434
-2.68785346188758e-16,0.1464855240431978,-2.288773124406649,2.7030722719386784,0.12633049929402412,-1.0488109492204334,0.22391864516975693,-1.2245664456365908,0.24254052432569012,-0.27650017448103653,1.0811717511852017,-0.14903068412608989,-1.6587098831545135,1.043355575597487,-1.02194515958677,0.33628217533480226,1.6568761202128919,1.3812358637348139,1.1683485890213532,1.3666068058790635,-0.3104451765191027,-1.1932302099094865,-0.4628094183154674,-0.0987113538113289,0.5714155110259862,1.6309471811542724,-2.1391234168716418,0.01876909419338203,-0.5187226992096823,0.5149227612648768,-2.203715907474653,-0.7540845542860479,-0.2732707363375826,-0.4092603852455855,-0.48407154392884444,-0.6268166912038171,-0.5594272011089548,0.12011702365249234,-1.8233624086797364,0.01025243825431743,-0.5157517542030403,-1.5194702874741766,-0.6832470406954445,-1.4082027871799498,-1.6215801269916783,-0.64545737931435,-0.9518090367932601,-1.3674978339097636,1.2671736984727755,-1.07613199318097,-0.3354520023657642,1.501452558207498,0.3924503460022213,-1.188921844934242,1.0885520659232883,-0.590739629582472,1.4454109695378234,0.6237170995652652,1.0285523047962601,-1.772404265684931,0.3167017983011442,0.18959811466924653,-0.8375351989788009,0.925766779524057,-1.7938713062771672,-0.8085136060933025,-1.521418056195208,0.7971725877673799,-0.3168170573385166,-0.18629454007051124,0.22826925313542834,0.17593494300217705,-1.8808378910972947,0.9679737083515401,1.3991022717078307,0.5440296444683334,0.34039468844300313,-0.06572305434692238,0.26555671583870505,0.43756110201573417,-0.9589498153630238,-0.7243942376921754,-0.18276861224911106,-0.24432512198055584,-0.13591422186734953,0.28863002927698,0.5512449502282362,-0.48303546892837695,0.31136127630454835,-1.150728653993968,-0.8695266734135142,-0.7645002301718967,0.04105531729983353,0.5137319358579453
-2.68785346188758e-16,-0.8725774341703796,-2.1282358731179474,-2.0428388150191945,-0.42557192261969656,-0.5690321699184873,-0.059581785294949285,0.22539787580856796,0.6494318397330077,0.6042734687151076,0.2140794854023666,-1.1105383317338184,-0.8659547165379312,0.3623984491382234,0.7843797362910172,1.376273245128972,2.0405017420093694,2.4551278583683587,0.5748089399846267,1.1251478562501218,0.9915812633856518,1.0561939682472719,0.9758859102772155,-0.28646227992695833,0.542376095050464,1.225790194435706,0.4323231104553273,-0.6077179106668251,-1.9509771734616206,-1.2781151288178751,-1.0838558008203278,-0.0898680732990838,-0.796220493000253,0.11746190450467325,-1.67429418052911,-3.3559052802202407,0.7462288376530007,0.9682877583735381,-0.21822923943918715,-0.19079402873424844,0.7928963491950414,-0.08234002045012913,1.0105150966625318,-0.7334260838821729,1.3613069405559066,-0.9416299960630792,-2.7172255068180426,-1.630245966202633,0.05679910096265228,0.7220215413710394,0.725741089877486,1.699805942178143,-0.14385277047936823,-0.20433078138042055,0.47622037261913763,1.6978100931273277,-0.42567331947017606,0.9038274587742389,-0.05149055077706821,0.4886216027220995,-1.5973433600755613,0.8814219339335668,1.4019162765704074,0.3667323492274519,-2.570653090853006,0.01449046168257001,-2.188835901541384,0.5825508429336907,-1.31435995796032,-0.15725018054182785,0.3176451507988758,-0.8504458159758305,-0.6252421649258713,0.11310723143152708,-1.1621855196853097,0.47782298163941167,1.0328768985982557,1.4482507969145562,0.07860974516778224,-1.4988334469563527,2.4916960117703715,0.4035869555451247,0.029541064982933136,0.7899851827009621,-0.002328662753535049,-0.06660640480684925,1.0700805697365836,-0.7792714350127324,-0.6865747084803591,2.1944310989590052,0.18996686966425247,1.0418357951719177,1.192860495667466,0.7059452242954083
-2.68785346188758e-16,0.6383540833629325,-2.3970858280423033,1.894104799278221,-1.4585928880093122,-0.07905079646701585,1.0059599977052411,1.0760565035203702,-1.838674527644951,-0.9367723852015913,0.3061174376785311,-2.026260676502274,1.279844730172898,0.2938887828219711,0.2708589289297407,-0.7245109298806517,-0.3180642363407234,-2.123691726056279,0.2222037075171929,0.40331132492910887,-0.029912667885772567,0.21473811720049163,3.8868451169438423,0.36223701918224066,1.1453199529350462,1.557308415703907,1.9968086896612023,-0.11566256468394658,1.1367237169562467,0.7331004007695234,0.3303398534433812,-1.1299342456705639,-1.2647426595213493,0.030400968800374406,-1.8271645431688786,-0.4085157661845308,0.5557469871396767,0.2218005456812772,-0.0827902935115998,-0.7129330594488223,0.11655599205193694,2.858834274262837,2.741115072779385,3.5935555113412554,0.14791780660641093,-1.603021113204266,0.5641557959786571,2.45240737429292,-1.3406693764650348,-0.13401717904650412,-1.500489082917598,0.7795303543892101,0.018130810742530458,-1.0781879649014872,0.13396806428622304,1.09914820660644,0.924077119132573,1.035049932645217,0.1874930553199634,2.4626649515676693,-0.7750212350058565,0.21416792058585551,0.8352757309466567,0.9774383549913078,1.4617208829248547,-4.0839340263576975,1.0693785466527248,-2.684562075730887,2.4494505223985152,0.4102880165019002,0.8938816957658958,1.845933829236178,0.06055273033380313,-1.465723999157973,0.5657283597846015,0.11135301805397313,1.8335420484165512,3.525015449902323,1.972968668159302,-2.3364074879214765,-1.6182886906882983,-2.329337794972026,-0.2117604473176495,5.35014752415653,1.6270603191858641,0.8522992444071071,2.1911046490002097,-0.08367605537974333,-1.0463527373551498,1.0350297100210901,0.247640343380096,-0.3744493224852664,-0.4775860554064769,-0.7114285476035632
-2.68785346188758e-16,-0.09994427705466113,0.4630565180335992,0.5624993059018142,1.1038404357562017,-0.3311492817004408,-0.23157720702369847,1.5026765484065403,-0.42283488178632844,-0.8379358056142772,0.19317386183957358,-0.8792543130709709,0.9712389652656787,-0.47181678649617675,-0.7914467208502566,-1.2430747495709777,0.3758825368992888,-0.6317641224867313,1.1771775186385793,0.7494866724588127,0.6377551503558333,0.07694985772223589,-1.0465932268246407,-0.7397535339623208,0.18219933610248001,0.021629255160444984,-0.022666209727700212,-0.0799421496818676,0.2710786157481718,-0.07658486307706111,0.4785007166303723,0.4548350430769879,0.40937673564567134,0.05374260763251235,1.9951608171160096,1.2505073913484956,0.9239955629418988,-0.9530953042042564,0.9931780838239804,0.4739570488009864,-1.0699445825037603,-1.0951483120953076,0.9127524534110674,0.4440624183067783,1.2437546548854181,0.5303260709521718,-1.233830210361241,-0.7274785682048136,-0.02036261669338557,1.234620353621264,-0.45570529348733324,-0.44563215704948234,-0.19176802415506827,0.23723386597166715,-0.012675889987845494,0.1630379635718252,0.511619614318377,-0.18043822852590585,-1.76856131483148,-0.0125530117409441,1.242496456013752,-0.37463747595591257,1.8721848724677121,-0.782434440267581,-0.23212437332052516,0.030332647987211414,0.1985430464670056,-0.2707408668297467,0.6203908497887195,-0.1248797595410906,0.5272921323187031,0.5358681663609184,0.6166228854849196,-0.20197219836832533,-0.8051384411409105,-1.0205995417949663,-0.5470019188449121,-0.7749729568717945,-0.6885559674155525,-1.3069592660618454,-0.9716718556396812,0.9064775634766318,0.10605721093195403,3.3373021628263544,0.474026917208342,-0.23621048065006392,-0.5962131689039054,-0.8461513298247237,-0.3890221552890057,0.15830829982782285,-0.1343471421978213,-0.7090428969001594,0.8125554189525909,-2.047480665321196
-2.68785346188758e-16,1.437022114846177,-2.2493388160592165,0.6809783809521309,-1.7321423039512343,1.8569529665540427,0.7684143014660646,0.9043444012029085,-0.7355522824766034,0.6243284138254218,-0.10325843188615079,-0.8206423736327779,0.02268019583546499,-0.7771181499224143,-0.9103075292877728,-0.12338653487097663,0.015707285133943483,0.5574763231680595,2.1202246398948303,-0.38207951509043103,0.4163091133996984,0.18937470568716558,1.2027845800810866,0.6287065121993816,0.6563324574005478,0.7961863293963983,0.1369359355724825,-0.5781717296584582,-0.6358415906560729,-1.032929552970161,-1.67467961663509,-0.9865028102852371,0.01965359793990762,0.7940823540946763,-0.567190297533293,-0.11805268458932983,2.601116023912258,0.7615842346125845,-1.357156310861273,0.9252376067295165,-0.20399137829116049,-0.5206169376423052,1.4372556606416662,-0.46629863721372244,1.8013174868803148,1.4460626176575397,-0.03289676178773408,-0.061376180064143845,-0.26024870547397183,0.4188311051885375,-0.5098825019137372,-0.18512381168518688,-0.5922594656857848,1.225471980452186,1.0866229436326342,0.024719177323106356,1.5761456924668107,0.029665671502753954,0.38954534615992864,-0.6639183212202433,-0.2139075049550449,-0.07894456166918451,0.7755231578420492,-1.0744472837739603,0.866519701563309,-0.561203176920795,-1.9279259162288822,-0.5065316733831192,-1.378849822538679,0.49518406242577084,-0.33251208206985516,-2.0202492977777378,0.6756502202715893,0.7253962589361204,-0.9417062921678271,-1.598456345379831,3.9808092717927748,-0.7314638097535312,0.9107731871653799,1.423075488137543,0.27479452118226827,2.2743313032028816,-0.39059633614403866,1.474263050075093,3.207616409395254,0.06399777592506385,1.7098208014875032,0.058379927195193804,0.07251410656325996,-0.004148937053532142,-0.45796709712645023,0.6980923569052435,1.0381725778709132,1.5340809214263018
-2.68785346188758e-16,-0.5059826422796883,-0.8969125298984196,0.1896833089560478,0.17459539418884948,0.0927270966415924,-0.6532866149734603,0.4872012529115626,0.5784483520647239,0.4197105039797017,1.131432958676937,-1.52856664984359,-1.6154559585555335,-0.6587018580748141,0.17339394448076578,-0.28821675089803994,0.8990578592580994,0.18514386727531965,-2.1478784603719165,-1.5420404760754556,0.5648834581776588,1.2816204678178877,0.0010399405652233955,0.9811412203730258,0.21686124304813426,1.106395410536922,1.1335321449505114,0.2002099035370483,-1.6536920036798977,-1.6819556562110298,-1.5810949993215209,0.2535551938139197,-0.7057029762528866,-1.9011103962559628,0.8940474716926506,-1.4088372538219844,0.12210158189409892,1.0189765050965787,0.8339811149817111,-0.30075324909153067,-1.3691020132936385,0.7168713315463379,0.7012023304091006,-1.419490538664335,0.35071497808750596,1.4012901164040312,-0.8336189836465737,1.0344898311062867,-1.1401808225627081,0.03362771760750191,-0.21347368886864673,0.5769775958364715,0.9322080745534957,0.5081583363369082,0.9330970272563097,-1.4842973999217737,-0.06292113603237662,0.6545662412442761,-1.5709189779502022,-0.011570325122007397,1.0903766878936592,0.490549357547514,-0.02327499346293979,-3.194049362514779,-2.744436063094951,0.32676705538030226,-0.05153625799969663,-0.13385579728043218,0.2458869988569949,-0.29525743924798525,-0.3692668856037877,-0.9958917762277365,-0.8391178157956917,-0.4060446114492682,0.6040404581866763,-1.9760257984555483,-0.4630462085442702,-0.5475758126221182,1.203087254492782,0.40218731454598555,-0.16992877143527696,2.722405485812893,0.12304308373382707,0.8357165496339815,-0.5465706626684598,-0.6511413716519721,0.5790335651058048,-0.1211591265273029,0.5112279923406726,0.9499804211685059,-1.038447140299814,-0.26984158797316754,1.0006206136528981,1.0300936783773138
-2.68785346188758e-16,-0.4524065365545845,0.7926054821919146,-0.8354733757483589,-0.2146822614678461,0.44740452055022284,1.3480278163248742,0.22304381028187864,-0.2774692899469928,-0.6034385495701785,1.271645500884642,0.5085808263982627,-1.0151881440197925,-2.0304768490430094,-2.2828368775236147,-0.13314753674373034,-0.618236252975038,-0.1052843100931834,-1.0735794314067109,-0.41400355648572296,0.28726578712830925,-0.9434076634042707,-0.4171690574075172,-0.014166455398304507,-0.10287769781672886,0.7947070628838759,-2.3314463825745664,-0.14510747410709096,1.0055399551162327,4.920062927715016,2.6557239153272585,-0.724911115004835,1.0091597974708777,0.05320375841025693,-0.7976845001891741,2.634538288345275,1.0244317929156996,-0.5948535247447072,-0.19650446214414852,-1.0756031331975486,-0.15730174683440878,-0.3040024976529609,-0.4898666073891637,0.9094648047178305,-1.4843740603235402,-1.0467056459592743,0.14272376266517184,-1.8641823579763426,1.132742401853208,-0.6118915476465108,-1.077318789942146,0.850439768481492,-1.2768973244585082,-0.1238500282931401,0.2977207570849342,-2.3955760716344754,-0.541913122976641,-1.709422223606201,0.737447307237302,-1.537142636452954,1.8430664764787714,-1.062652338414465,1.1271156915859484,-0.36098589412965554,1.2124076198094778,-0.3481943359036932,0.06510882417647956,-0.7357460341949044,0.8846399160689722,0.6711565825435218,1.4759144715116836,-0.44689973274263833,1.1609174726448614,1.9952103907687255,-0.6192306785677736,-1.1833158411035964,1.269723347963457,1.1088056670468818,0.7911083028549599,0.7076520126619716,-1.8283262742720507,-0.07291340254539269,0.2526718559118948,2.059513633601144,-0.2348784976698694,0.10660433222161105,-0.39354313527093254,-0.1399843265984059,0.41786373103628444,-2.141806382249496,-0.3129952364594644,0.11219188080058623,2.201263421824381,-0.2710626859269252
-2.68785346188758e-16,-0.24989601667148656,0.4784576573540807,1.0336684531446643,0.8571757263729766,1.274782790025805,-2.149570591481086,1.7172527610621584,1.0518385911699732,-0.5706372122642694,0.5227371891247429,-0.2783245290414409,-1.100860292282044,0.6893635822333739,1.562068990330192,0.6216406344131985,0.09734137134718777,-0.02382781851292111,1.068390811528146,0.60403101572438,-0.8761078242402116,0.9573572774495852,0.30393928817214094,-0.15475294665283434,0.039827992415936264,-0.08654394844768276,2.022202864128515,0.7546161856307001,-0.5792620515044388,-0.8762892556855049,0.2624741367622301,-0.11965150113199707,0.3820025525326317,1.1383122177490894,1.3695266663100762,-0.39335019434716745,-0.019996788096043105,1.1939573707453377,1.1622864236478474,0.3973985216328811,0.2939487682259429,0.7005015841386315,0.6476851821098799,1.6739859805505959,0.7852952023571409,0.1331718217649071,-0.24779733624654887,1.0710284472128817,-1.0378126298474832,0.701562234499302,1.2566865066252395,1.1792666164770793,-0.10393769663576918,-0.04023312242160004,0.1162266278164936,-0.42201147590092813,-0.3220535955803295,-0.1486900748470269,0.8208726376163499,-1.109327559340349,0.41405656644511746,-0.41861657360481763,0.2966472514363092,-1.684140653963793,-0.3783330464740145,-0.16361026318834576,0.7088398813039333,1.6885664467048245,0.6058763090121325,-0.8518345575974647,0.5747423152595892,-1.232790420904899,-2.713098243906891,-0.5924085500352931,-0.7312489640896948,0.13619285062938585,0.2566146525587768,0.3316839082313955,-0.3791242535000637,0.6877623347644228,1.0400216702111649,1.4299280882621233,0.5689711821326379,0.857011255996973,0.8822642468955516,-0.3378355524240169,-0.42566896319848213,0.14083632442800217,0.2827273795527224,-0.4048615392946613,1.2042369958702517,-2.0764894010333443,0.1701325442990797,0.5029673941550549
-2.68785346188758e-16,0.9907011647224196,-1.0898460255976106,0.10805619998139182,-0.6068254810634487,0.3391747412689682,-0.6248438551823593,2.6568648937583954,-0.14005150312153614,0.14912433185595578,1.037231013892365,-0.14100049704920525,0.02872326882276499,-0.7488159790274906,-1.812010270756877,0.2975068956086997,0.00583974354077367,0.011609608929205373,0.07012608374498197,0.34682182493153524,-0.2509164887522171,0.43971515610605816,0.972622128284554,0.618859262869357,0.6176829981679239,0.530050545841772,-0.38954808152787535,-0.5410457019703604,0.44245252602535784,1.7652454445039059,0.4949097558041554,-0.24947734039940744,-0.6627445210005456,1.1988347476869208,-1.8724575306759292,2.675181198720179,1.987185698738573,0.354928225736757,-0.10428456696865307,-1.2937173621343885,0.6313089945124202,2.0476387229916138,0.38076367916546827,-0.13376854788396675,0.8449639907211719,0.13726659384766926,-0.3929502874304712,0.17796031181458394,-1.2810487908412054,-0.7801242649411996,-0.4403418682524943,0.504691596101575,1.0790694888082952,0.25297124053205416,0.6385211942330924,-0.3447553624595829,1.7629329878816553,0.7551805356307781,-1.0425814652157457,-0.5262659443974954,-0.05857515204985958,-0.5624731213580131,0.2659816607455979,0.3385038918658295,2.8447983618466717,0.4098814909757187,-0.01160254495063201,1.377548866386803,0.8649432359967676,-0.13152162327245062,-1.7153302699372321,-1.2062022889167627,-0.5359853684153906,-0.08656921100185311,-0.6074528537856501,-1.0069307836728403,1.0504307099339483,-0.09364061718255723,0.30663149914546944,-0.5155106942487004,-0.1543084921735151,1.634360606776523,-0.3838126846485235,1.0849872502962157,1.619998676607152,-0.28165577385564944,-0.4078151141985444,-0.5591661933579702,-1.0193107359908593,0.5009474301388687,-1.81857538085014,1.59886459275309,3.225821226405901,0.8266680254273551
-2.68785346188758e-16,0.14353240503658285,-1.3536931537830084,0.34386915283244696,-0.21964583474165705,1.6188828773644421,0.15838477335880224,-0.7688260544582324,0.7042209963426687,0.8256960582163602,-0.7782461181309188,-1.9330554378920495,0.033795911226588315,0.515883204965503,-0.9789589895579794,-0.9036764866565319,1.2573543225707593,1.6801489718258045,-0.6521925344688189,0.8803477758123481,-0.3114975419936099,0.09724235203975673,0.8511718151370111,0.9422817367885175,0.6408533199578096,0.9028707035620306,-0.46144962200434614,0.4095503509403899,-0.5737989945347923,0.1609866943215963,0.684917079123262,0.43639468704962914,-0.46849399667788283,0.2874097550922612,0.18407080616195431,1.2070531857450422,-0.08315960055668759,-0.8167817356778921,1.1296343414183687,-0.0043340977089675325,0.32641904918901554,0.06201338542795578,-0.14494041789496756,-2.400156651264905,-1.4864090212112133,-2.088768155304832,-2.5500874971655128,-0.7641209044370243,0.3035576032922656,-0.08565064528186207,-1.2729716541994827,1.7323649905181713,-1.2338181194742175,0.38967239084973376,-0.10072389613140834,-1.0069956211259237,0.6355922686750406,0.28959015588790854,0.2812553612093482,0.3928751512076313,1.4279834743443647,-0.6465651304480423,0.49070139983810135,1.643643485874835,0.1190309047722406,-1.387708615210084,-1.746739280516379,-1.873643260214134,-0.10162360113190161,0.3989955809745687,1.1577805784710273,0.035690708126631415,-0.7804262305081762,-1.0677731874577203,0.22603701933976508,0.006836158668565073,1.9766764743793928,-0.1418114468733277,1.362320621654973,0.5479228719395387,-0.022062704577485763,-0.818495243186957,0.5632608545773292,0.05844637845085586,-0.49979200124322887,0.10922330263117735,-0.8137159127907233,0.7612802845721086,0.438398881080778,-1.4432727382633093,0.25157657804927425,1.04214226940596,2.7906044706286526,0.28795166420039026
-2.68785346188758e-16,-0.44721115355599994,-1.2605799436537775,0.631017061072391,-1.3489199652570236,1.557881464736885,-0.9504493905550904,-0.6425010646023577,0.8300920909421124,-0.8460028595968532,-0.41780710480791916,-0.644954532697871,1.0922574657086497,1.616530439038827,1.6230777773078733,0.9929422687312532,0.6163863780552954,1.3267523307469673,0.015004263485787955,0.46927375901798474,-0.8975655845247545,1.461488400727073,0.8746917272819716,0.1923381279097786,0.7131448780684149,-0.13665341071777148,-0.06145834426511598,0.5294849756032164,-0.18101652510079475,-0.42005642887424205,-2.6479781046862194,-0.9938881828589021,0.039973156691114176,-0.6574939280146331,-0.5104203552311456,-0.34284335022918055,-0.7398898967234527,-2.0936733759988906,0.15448971804636402,0.009108546867916623,-1.3407950371901527,-0.5097261428358195,-0.38116526997169525,-1.3389682527577038,0.9364470031549023,-1.2809455869313298,-2.0830818156512523,-0.3900138217589634,-1.4042928441914364,-0.2567393620159052,-0.027889739969984118,0.9309818105493739,0.0833544241441884,-0.045886578466935495,-0.4543223808122763,1.4451628481924699,0.5528212764406509,1.3214455017138231,0.6578041089896283,-0.12132494500720314,-0.7183452302820682,-1.7068436191294993,-0.3332033284608421,0.17702830612107745,-1.3754667800538924,1.238041451230061,-1.2080506296120956,-2.5136955820722844,-0.6081819714487929,-0.6699661704519254,0.7539981780837562,-0.2132509577820077,-1.3401725049040691,-0.3225689372378453,0.1699105291800549,0.2674291210268146,1.4480458638601836,0.25185289854634396,-1.4320103430620534,-1.4404037803071663,-0.30954143021024516,-0.5641352338912172,0.40006379218831395,-0.40303408341946,-1.2986710708303733,0.2065161142162349,0.7646753032040926,-0.15709963961935372,0.4970778038391044,0.9108048339558312,-0.716878703943147,0.45318089476922224,-2.1274727848237265,-1.95091234010347
-2.68785346188758e-16,0.8880652965973913,-1.7012897845677,0.022418158846222003,-1.6742927117163315,2.0900942401642544,-0.4114758112658463,-0.5920946692093293,2.7652667086784897,-0.17933478418107288,0.36751601815550095,-1.0287643164350913,-0.29840944766643407,0.4723616538348112,-0.7326062477551666,0.1689261483546666,0.7267308961602958,-0.24310791609858823,0.786082703825615,0.5297078401082874,0.3202980690060247,2.894309716025586,-0.14195857634676676,0.7203464576699136,-0.2922022858241711,-0.14233066644227044,0.5528036407383329,-0.02995450664161913,0.6082113624839116,-1.0135120420770742,0.702122217902792,0.4860169014594459,0.4873372764616106,-2.0196760223351595,-2.805847530494959,-0.7862946993913135,-1.0760657409823249,-2.863928536814626,-0.7589683163497944,0.48323974407574066,-0.6118136548889532,-0.13947207463744393,0.039198082001285106,-1.7161021005519144,1.6787348128640356,2.0597449277349846,-0.22922274120378605,-1.1574915802031154,-0.14683958852038848,0.6219605676507339,1.9849689815468299,0.931065988637124,-0.09933502057178986,-0.759932803544218,-1.2513154236770865,0.3031462043305012,0.3750033925033342,0.09378655521228865,3.3993514094106034,0.869876672719764,1.595028356099918,-2.608388404818447,-0.044506998068796225,1.4296450446731088,0.41257003175785956,-1.2009136771005546,-0.1900481291264616,-1.8638372684830773,0.44961362990578524,-0.9099537221052378,0.3425281967168746,0.8627654997211207,-0.015577404200774636,0.7869539421183172,0.6593937996088924,2.530354168724018,1.6566954367824054,0.24066560352959554,-0.6626036799229988,-1.5387493476778253,1.1339281472217153,-0.12441398975243478,0.30262268275123366,0.043964478699834025,-1.7144125278445497,-0.00995224611918783,2.654349343499021,0.716318204176706,-0.5920273814076018,1.731176499357341,-0.9262786764624464,0.5145259782235203,-0.5598780141895606,-0.21091505815709438
-2.68785346188758e-16,-0.12293628262904448,-0.8074454363595774,0.026589287105058854,0.09769540258478585,-0.9855658370862904,-1.9075065879368254,4.2398411024474765,-1.4084717381613805,0.09339573920981051,0.8582522848288745,-0.0936223855024958,-0.9521979904335368,-0.8872883212015796,-0.13095782207330864,-0.3419556613114235,-0.3753130302263573,0.09646119203945136,-0.3891627009059327,0.9795300813169613,-0.3509156311765601,0.4457516142455955,0.9318704970238036,1.650647859780938,0.31931188061636934,-0.040311814052194556,1.5195163287769673,-0.680528636933989,0.026184632434561303,1.9862934599220532,-1.1615913418934278,0.41984611600997057,-0.0009322759604759902,1.1166758765509959,-0.31958248099873754,1.1786595860409634,0.9534991632717238,-0.8437468349649196,0.2675855988766255,-1.3915490481801858,-0.6989586100441894,1.488404700970186,1.5447756458197799,0.32514253206348376,-0.09274845330925023,2.369308880583,1.6833723470867357,1.7499267425303953,-1.115008257581945,1.0168725322166223,-0.2066564138898211,-0.27896213956016536,0.23121812937815317,-1.9612302766339058,-0.02647300891717477,0.05281007517676084,2.853149274718345,-2.848310886560409,-0.29272989441905284,-1.0228922853055984,0.18243320442897837,-0.004212151566238498,-1.169082310608339,-0.10384313832649661,0.14223263818608323,-0.24675518756761117,-0.010643669265783237,1.387591872806925,0.7182108169020109,1.2749859968583621,-1.025940226441551,-0.9636317638134345,-0.43966552469375775,0.12957142115886022,-0.04456446561671415,0.5906893559993318,1.0314775128460119,0.3414520719477604,1.2346801346409237,0.285378376007063,-0.04922865044399766,1.6688863002824141,-1.0462542169539712,1.1076993524354906,1.9957782081479203,0.03344528762055655,0.8614058358625576,1.2075408133235055,-1.0696725966764988,0.8648962608683143,-0.7767377077260249,0.5770050289604165,0.10770562102885295,1.662751104066078
-2.68785346188758e-16,-0.9950653343537852,0.40022331959641233,0.1313188975632014,0.708813542588538,0.26331360526916847,-0.6695326034891426,2.861984688623502,-0.7966106460666685,0.8438819133683813,-0.6482000236782405,0.21080871704559023,0.8959778428839169,-0.05047925637136885,-1.8353626527264124,0.688105331461001,-0.5712691854673428,-1.7624948831998568,-1.4256148106407114,-0.32199701230272704,-1.1446429786313448,-0.1434379331810587,0.6146188378684538,0.23642510380772383,0.4050860117237066,-0.7109054914439089,1.0765839969626048,0.03733678112275978,0.6091684187006263,1.160074706057889,0.9588755217157983,-0.8033839006908625,1.1826985619445414,2.167787469759444,2.221756549056718,0.8365186219052358,0.874693111541154,0.5514199006905258,0.19717972520545562,-0.9284731104675259,2.0821992919187418,0.9383693408615723,0.2247240992780638,1.7819416195878492,-0.3329831159681245,0.7858079590308268,-0.639534776417287,1.2942472991407568,-0.742356147787036,0.08301035668621043,-0.6563216125424569,-1.8819102171179254,1.0082029279366977,-0.9431494846013435,0.5327473434179808,-2.9391973652915677,0.5166229231504977,-0.7500723000514398,1.011884951091945,-2.0490036419605255,-0.12956176937378305,-1.2510271311156955,-0.33176188385310534,-1.845346229068306,1.269173942216342,-2.049009528721748,1.0465271660784303,-0.5473328510043438,0.40316991546405334,-0.9832376576390648,-0.7911410992898248,0.7141593425173408,0.8626917299703178,-0.45841665868536263,0.9238946008600905,0.7502110681674556,-0.5272667046256277,-0.7920145892973312,-0.09116248718637748,2.4909257602983743,-0.9427475839605292,0.28339879349194286,-0.01757665324744128,1.770077995153936,1.075626690627384,0.13436077615645073,0.5018029418557339,0.29066681812617984,0.5100487343576202,0.7618977497858233,-0.413664167065398,-0.9521591564005006,0.24170365107879926,-0.6025718895144617
-2.68785346188758e-16,0.15419827843241712,-0.7138052907860615,-0.42427907494166783,-0.7121043761818409,-0.1331537577185285,0.28473078775157745,2.2532430537667865,-1.1982992076427608,-0.2525015569703927,-0.5939180758591335,-0.38303324150261675,0.5118731872934392,-0.06294705918748772,0.37290948901382137,-0.26977823238761517,0.8676938761067389,0.2809870696643624,2.1138150739026065,-0.6091358718162008,0.018509167802489766,0.9395464761074348,0.7400924010479313,0.6875594229072652,1.8502084864735775,1.2873863239836516,0.5912203006130905,-0.6314543349858768,-1.3456492562655047,-1.1385479549137343,0.2579672542474187,0.19452349805974506,-0.749412255366628,-0.2536386600622676,0.5885842153112857,3.3293363802294635,0.07163131692612934,-0.3306336352683305,-0.13382418454433154,1.317369243781119,1.1052332034196322,1.4661349484870085,0.6882141876727776,0.22394173193168854,1.1066078793381204,-0.3456547957285841,1.06473546093836,0.9949564912023526,-0.31187894765786184,0.5336178783307275,-0.7561009620211083,1.1205663820141054,-0.48758369342997926,-1.1965918090741796,1.0391604499817428,-0.7047919314478529,-0.422527993065594,0.21283686435807758,-1.6516567856489672,0.9255461125343367,0.366557548174902,1.6578717623077988,-0.10647696685355046,0.3975398060172452,0.7939106871168911,0.31009263093669037,1.068126802007082,1.1088496591514854,0.8551617370664395,0.5801238388809785,-1.7427077413454668,0.5998848868431923,-1.4178564373321152,0.1671111183002021,0.3659152627475716,0.6269327562565934,2.030743724565416,0.6590075637639117,1.0481355206319012,0.12540093877012426,0.19154568075622513,4.008748879691328,0.24326409828676562,0.7851499395184642,1.5116420239124047,0.31596291898283974,0.8172331489216396,-0.16005681012179176,-1.2925672881583596,0.502397214109814,0.19534034077204626,1.2056160554571922,-0.5667885820800658,1.0056707326367094
-2.68785346188758e-16,-0.6205913528088913,1.4483940088409866,-1.5255215593127742,1.1332617961498093,0.3580187785269985,1.0267276313711984,-1.5324832190302549,0.8128479603609322,0.33728746032426427,-0.24022707878411123,0.585522078250306,0.15269679894681676,-1.7053388162707972,-1.5821543500975992,-0.28352730348203775,-1.2638302725027448,-0.5871917473344354,0.0018918011200207419,-0.5230240286875424,-0.24768576000179685,-1.8963542703764462,0.27008404177285994,-2.0430948805635714,-0.43062155325478035,-0.923686813414589,-2.6765101152661837,1.4066797759404348,1.1396804907189315,1.6894897591505726,1.839642357574879,2.0142762910085055,1.274095856267236,0.6013391844348457,0.8075238287169484,1.6013521093612542,-0.12559662000846283,2.661170036331372,1.816096292953799,-0.6098660433019691,-0.4400846266383841,0.10428566450977,0.08450636072850992,1.4431616526112168,-0.8287198382867835,-1.6266599634740762,-0.8989223547070861,0.7005807888534468,-1.418733118787893,0.29254190997338786,0.0005749709655100688,0.14096252755459499,0.6126304783649952,-0.6364059119395152,-0.9799840856461871,-1.5773882883681132,0.30808710848059445,0.09926102059343406,-0.8596870051062955,0.0057054060121691785,-0.5486912198369482,1.1768357325943932,-1.4283256619867657,0.16580768672951174,1.2806332857438458,-0.6538265978826787,0.843672171166401,0.824334396584827,1.916907382880915,0.8964685521230022,-0.27247065732211945,-0.16282192763492867,0.0889892222853168,1.3498021722657931,0.8534149356953332,-1.8353882954709668,0.10757976682906478,-0.8317646649321553,-0.7289223877896881,-0.5974438263958224,-0.7443366588804553,0.019947330672812902,-0.02947841885957849,-0.6838787554412722,0.055287072018932515,0.1463043263831499,-1.4177009464517951,0.6964228174749483,-1.5311258539636259,-0.4179321572206437,1.4135301738136972,-0.563882392498515,1.2499292984807147,-0.2783152554028291
-2.68785346188758e-16,0.08153961827562406,0.056654782726392294,-0.03643513622458644,1.5239148205808872,1.528662487559423,-0.3010728340560231,0.37783765146382137,0.32442282719849425,-0.13445285809480811,-0.19056740209849587,1.8128246201302471,-0.5943584274555331,0.7066307267922296,0.5188013257704223,-0.11509426485380177,-0.43708218129005105,-0.8427866431770114,0.7887751524412845,-0.14033457359077206,-0.45241073314589286,1.158796284057941,-0.05761964819536736,1.063702251717607,-0.634238246150247,1.1318587168599916,-0.8208442999065749,0.14735794142189876,0.6567466498771567,-0.6092239870536783,-1.2703643168554368,2.093963823478771,0.717920257243504,-0.14668569904664658,1.4495757453845168,-0.10949085439949713,-0.2716676837575318,1.6619072640551527,1.4142821927282934,0.7151649437007114,-0.2986749219640762,0.3754469595675423,0.29493576312354475,-0.6781074361338589,-1.3267849315026259,0.5235024587119697,-1.4893304398939098,0.7185149996302878,0.14788486887482183,1.8248403741205828,1.579664474282111,0.43672162339910875,-0.7915668520830252,0.9035974769109794,-0.800044878961933,1.7950542569414805,-0.4291462637429897,2.611338533448734,0.7031293674316372,1.514943066434459,0.6310251329864769,1.5118558559188877,1.7844582388821018,0.4750327904557462,-1.1561199499053856,-2.0938378739722108,0.22805305721492342,-0.33175513170752796,-1.6887373020536196,-0.8287503607175868,2.1733808640764503,-0.4057825814271919,1.1423601955770406,-0.8129018307061466,0.24856411578727117,-1.151829960506856,-0.670402134053532,-2.007239818432944,-3.119892186211433,-1.6734656627580666,1.6067099418296866,-0.5504761434339587,0.3223897019772272,-1.336285138708286,-1.048833328700854,0.6064095981610724,-0.4717289094257595,-0.10273338430537703,0.6717175859134095,0.9350321723443342,0.8929147663984407,-0.9267758122446591,2.0045038267694903,-1.9685245579726107
-2.68785346188758e-16,-0.8834243120761464,1.382377518500888,-2.0506037655903393,-0.10452970725068256,2.232168407689236,1.0621609565909667,-0.07554806142136813,1.2916185699752143,-1.266301232464666,1.1574639389311123,2.177227435628028,0.9890503102477923,-1.5958097897035168,1.1155373374807858,-0.17590940134241834,-1.0932993581126862,-1.1830313644652004,-0.25150125540364576,-0.5518115715107546,0.14800784922921117,-0.285443689520395,1.4782643676989782,-0.034870165037082936,-0.7925778038890533,0.229486226922643,-0.2519215152617921,-0.5703793896913334,-0.30605859038492034,1.3413577540188415,1.2230791485426087,0.9561431900834914,0.9256008644749649,0.7698240692793703,1.3138634155567823,-0.42888340730093183,-0.28617791859135194,-1.5272189413576682,0.4608307314452282,0.7802315323039719,1.707579800655266,1.9409907425095012,0.09209369377996335,0.15144893961101355,-0.7680633700947149,0.4661883437078841,-1.0171398121446034,0.5825929901487846,0.5432861738651087,-0.06167620692542355,2.443011151517452,-0.25212148192123307,1.2669785786800305,0.25711118093966084,-0.3169538837869073,-0.20768354914518983,-0.4537736660821718,-0.07231618780730158,-0.9592612177274435,0.4592650653802177,-0.9397538745610018,-1.0869094364299752,1.9898515109287263,0.3086339023708031,0.25263642651923923,0.9214355901120167,1.929839658076328,0.649253471050462,0.9140462966591848,0.20127482492465315,-0.8031522029972689,0.9390415732384174,-0.5472870878643852,-1.0846144078345596,-0.18235434670568265,0.6434067164628781,-1.1902962777606825,-1.1576700944121412,-0.523263298298817,-0.21716736582795504,-1.0483354008412689,-0.8175481675267298,0.05786966043053277,0.5429260389575732,-0.29930952853516896,-0.6087833255522683,0.043658168863950575,0.270206682158659,1.033215047034226,-0.838338871848934,0.8783725673332267,-1.3936828187696702,0.04136847439384872,0.6958523654867902
-2.68785346188758e-16,-1.3525207453549921,2.1353471613828376,-0.53910962937127,0.5007004243504776,-2.2966161997710937,0.62732798186445,-1.2372735800991423,0.4334088717173087,0.492136493465255,-0.2975571442629611,1.3465770323983781,1.2873182434427723,-0.6521090568849017,1.0779313005451345,-0.584896766408756,-1.662383323893515,-0.11001194447183305,-1.7468491511517907,-2.41036138969518,-0.496737251342648,-0.4867561582129082,-2.8287390965144397,0.38896430803560444,-2.321118916211627,-2.6222859235260056,-2.3009517624958233,-0.3949412160699778,1.3482459099995645,1.543156964139981,0.6955991751448445,-2.1946112680824243,-0.6546069246407682,-0.42156900814415466,-0.9861260873331532,-1.2430414039196398,-1.18166781548169,-1.246489492861433,0.5073348243763565,-1.4857346172715784,-0.5299642550215685,-0.22224071087192243,-2.7549445358235722,-0.5762606751306324,1.110897923717478,0.14182012474189643,2.458529566136116,1.6971852053372638,0.35037048585946884,0.1816388539528676,0.0715113751556371,-2.4654266553247752,1.241848251825303,0.2870524074796242,-1.222860274829935,0.803325857066895,1.768763287469462,1.1046518430278678,1.119907898446511,2.7134383750271414,-0.957487355120747,-0.09537052021311188,1.8982551069607614,3.344917371320787,0.805609510216976,2.158740574302775,1.5710742775392201,0.2743484477419753,-1.5696852888754873,0.3347552798578397,-1.2423313188190532,0.8068367608582886,0.7888098668264454,-1.2101944065155423,-0.5406830274385939,-1.132402200786259,-2.6025808443874388,-0.628171145135097,-2.0987015665737667,0.894241028768857,1.569705519494153,-0.44348260534191475,0.575236388599461,-3.5355482016129267,-0.6964412750840696,0.17865962136491015,-1.6774301508867389,0.2963495837633028,-1.3281324979487403,-0.045317686271678925,-0.6852297218114328,-0.2201267312905163,-1.5710294709496697,-1.7352032418881844
-2.68785346188758e-16,-0.14010461884287775,1.103672522622911,0.28439033598899527,0.06042112381557929,-1.3209203675656724,0.49507188334731933,-1.3564232086246295,0.7334661254120021,-0.6897956500333475,-0.8137194337590258,-0.3676679850840986,0.5071956525078981,-0.338740461101127,3.4387240291223913,0.3780696131200029,-1.0288972389366888,-0.05899514026873576,-0.846495386361996,-1.2371049600460398,-0.3184437226082142,0.967668887131669,-0.2774193228098545,-1.1166909870430357,-0.06618373003191452,-0.5642060611983796,0.29930304868844193,-0.3097455790186872,0.17350399388358495,1.4665734546030547,1.2142798946367412,0.13318831471857584,0.46071680987671093,0.5205254327263508,1.2748433592688084,0.43387163951366836,-1.0793191473837156,-1.3512287010590278,0.8106008168080958,0.5987975545647342,1.1682329582754551,-0.6498739360218435,-1.7755494252144224,-1.1426805685802783,-0.01133342100537199,-0.3827772781571986,-0.11940835273430106,1.9685959667442234,0.10351375562050287,0.7275955318729959,1.6130750652196575,-1.5161127682581823,0.7412714531287564,0.20235363232779427,0.997758358393913,0.7292424653127254,0.7234142125121367,2.035636083058717,0.9353618198775983,0.7087855016632271,-1.1525758531003747,0.1792624651564944,-0.07671956351931453,1.722561681417568,-0.22950022787092716,2.211077292274455,1.3794834312680544,-0.7761621593721236,-0.9693214652435317,0.106240004570918,0.16864796300322127,1.0616452390026345,1.0390081992779012,-1.6254031942086196,0.7535493200113151,0.23957113314814799,-0.07046744142140923,-0.010269887482488332,-0.586491875203889,-0.6153564100587929,1.2879630831176645,0.18583513548681674,0.18963900652338506,-2.036536942945546,-0.9187662867705478,0.08096213834468181,-0.10725502763634182,0.27820332541874127,-0.08910317615528536,-0.7316448347920832,-0.37591173050853777,-0.05085123966695454,-1.0779524774029843,-1.4933193429734553
-2.68785346188758e-16,0.891624012125348,2.842211764802955,-0.3058581043586191,1.7101153721907731,-1.4685430923806402,0.2547671321754284,0.08817926305218271,2.835761010238804,0.010910573309624168,0.7058053856077112,2.2653139196154983,1.2739357077825697,0.0035266148346915216,3.625307424292819,1.237449666842789,-0.6629143884472899,-0.25521036151715937,-0.8268655676491532,-2.298759727488155,0.9321750661776713,-0.18350046691872768,-2.4510987244977107,-0.0845920991930785,-1.5748183505523468,-0.13684927401292546,-1.3705604368309101,-0.33414641697568415,2.0080557263349545,-2.120748036774516,-1.4317454387889048,-0.9725524151882322,0.04657210445057676,-0.17541257725893933,0.25886380017123983,-0.5378280005265007,-2.380633906682751,0.40359799898943244,1.1034413779662346,0.5888002364707359,0.476521024955212,-0.8032752614194527,-1.0758449295357386,-1.3627188795877012,2.4937532981273804,1.7775336424237134,1.641917433196853,1.590134750557897,0.5754242019406033,-2.696972663711374,0.975217835993371,-1.2183652227197712,0.08000116577362794,-0.28668501912656846,0.905481808392093,0.9132070820907623,-0.28258387957421244,1.0712756330704796,3.2126903115985437,0.7110282114283675,-0.9640821282135044,0.7813031085867481,2.8301374285773027,0.7865340335396431,1.2214342381345866,1.1522337934805988,1.8733417392615794,1.862617277585867,-0.0205817951161551,-0.9029413683220147,2.228037289657908,1.6142647379006827,2.365799083374666,-2.54037925030515,-0.5427133294295837,0.021045062727521158,-1.4764537549290462,-2.227611997480196,-3.435909025017001,0.4927496061188242,4.059237786767549,-1.3974316073213624,0.030752936618226027,-3.25863641457541,-1.3977526749060032,-0.05697149728130456,0.5054777198650984,-0.13233955899242938,0.8909744159576084,-0.21384436579452437,0.028138160955522296,-0.08606827246971588,-0.7631265014193671,-1.8291403664666652
-2.68785346188758e-16,-0.10728152639155542,1.2129327030557175,-1.0933645375055616,0.298562728808907,-0.6197620777542326,0.716829532606637,-0.2779290071414977,-0.4007066843449988,1.3056766990889859,-0.31265399844316133,2.985715461993834,0.6063306056703698,-1.9802246771900511,2.740167159629404,0.5159383096531182,-1.142359537633772,-0.3686438508389072,-2.2129744269768357,-2.3818594975794047,-0.5787402800486046,-0.07667526800746205,-1.8399301187943329,0.33144004589619097,-1.2010752148530117,-0.5051593762142141,-1.1003582856053142,-0.22996076066764484,3.2369259717840566,-0.6919594506041511,2.1205534326364375,-0.3151529994238079,0.11888378513651221,0.41608100207868687,0.7730307486939415,-1.2053770436112625,-1.6397875765060623,-1.438278444093223,1.0581390723876918,-1.2529905485896062,1.4968067158720468,-0.8595202749216521,-2.5769328886183542,-1.0619863239408445,0.8019296057730791,3.3047082083148624,1.0352536016240317,1.7475165109381816,0.008020915267634487,0.3051874568418024,0.38677864808764034,0.118663874640831,-0.09228222200604531,-0.38850225576097325,-1.5806050518300647,-0.5627738451238664,0.944519707683906,-0.6958667405597341,-0.1291542140697135,-0.10310971772900629,0.9400326634360046,-0.5129868457932187,0.4625727840468111,0.34548688840522324,0.07461999122685545,1.1554532842836631,1.6281247806759782,1.5674637151711683,0.22800683996379628,0.24654537175295252,0.08840507800645474,0.6431462024180836,0.801274618047968,-0.976258590896008,0.797341664514514,-0.2518445467377914,-1.6839391999775926,0.575253249010526,0.7601478475210864,-1.2682562284211456,-0.22671745464176596,0.692462938485009,0.7430570027727799,-0.623379887120501,0.4375800538288198,0.05788734743460703,-2.533901204119122,0.02264887035120771,0.10324754647451972,0.3961728029666981,-0.0636884087272721,-2.129118319957189,0.013528247276660854,0.9655509543342198
-2.68785346188758e-16,0.446602937990353,1.3660226901650383,-1.3463449151022573,-1.441591666583731,2.4869578498210103,-0.7383700843650709,0.5104513355156959,2.450073816408543,0.2777884874146002,-0.4199094809678247,1.6839698053808148,0.03315222729427625,-2.270030353274317,0.2142126865095822,0.9653700414966533,-0.6874579315780317,-0.01707112131446975,0.5250964393842572,-0.8762444800178093,-1.0316908321617857,-0.6403084498874594,-1.9947503888026121,1.2026054958192691,-1.2084644188945135,-1.4883950326991626,0.04608653966694032,0.1316511746638684,0.5702095101189839,2.257272175338584,2.0829550568475415,-1.3256568319360813,1.3057164450856522,2.3997418871332292,1.247225106716919,-0.32872632054550477,-0.8684677643143133,-2.3633150432758168,0.9443018099115457,-0.40594038185179926,0.8600890777130725,1.3309788988641011,-0.023479550319905174,0.017255616639099802,1.7138440235784325,0.3249750249467307,-0.13403134006282513,1.2083080951817378,-0.9043634115107552,1.2131216791621888,0.9626399898812463,-0.2007910746362539,0.9599793202948591,-0.70409264766756,-1.430231333891663,-0.628466404091998,-1.1978527745704983,-0.7595123125506941,-0.35272287769320587,-0.9927031942577751,0.5269280126247587,-0.26271740687545325,0.5817611069606017,0.6960976934761719,1.261118133472584,-0.10568755323708079,0.10729172061821546,1.6505605970325743,-0.15986296427272031,-0.25904456518263486,-1.6765038777261525,0.061657079718079516,2.405725413783528,0.9158421094946554,-0.19472607917184806,-1.252019661103868,-0.7693008855667298,-2.6667999606918578,-1.3444327092123096,0.1582154416453786,-1.6239389640409474,-1.8926684674231227,-0.10426240631403645,-1.255171868089358,-0.20223766296833376,-0.6995200977173367,-1.4598736588353103,0.3645440605756191,-0.4770470617371702,1.0736923514383898,0.7811320834219108,-0.9581325246725121,-0.5811117425828014,-1.5996029928761515
-2.68785346188758e-16,1.4067268880660646,0.11757687947456383,0.6506056774789614,2.0170007709947297,-1.006540741290981,0.4355319216597342,-3.0350392105840753,0.8569061503868503,0.5201014225038735,-0.04721820458386201,0.6184830167514741,0.11540932302101739,0.09044973802045331,-1.7730023232723635,0.3528969536539406,0.5508177634046647,1.0599622913497533,-0.9404461692154178,-0.35266478563722004,0.16841838058337913,-0.7471424949080938,0.5319111486278197,-0.11239467776348906,0.2855719520680833,-0.13198637958292037,-0.8309263724164662,-1.7123203309619717,0.7870699649024903,-1.9170982669624994,-1.5010954558163845,-0.2320266659720739,0.9730793291150108,1.344325862989508,1.7899271352553505,0.550004095833876,-0.45015989419782265,1.4293019322225777,1.8861791245243884,-0.35319387136791236,-1.000046794658792,-0.1425159051019984,-0.8935218766752867,1.7712975233172514,1.5797981517741984,0.5128282544720292,1.4645370395740067,-1.04940470004692,-0.43142798441252095,-0.2073281460873755,-2.66318289991333,0.04986671753758948,0.2524745965059417,0.5570920428159343,1.6330330611681214,1.0926736516363453,-0.7436275600716402,0.5202111655648445,-1.0732417524477442,0.9644844924611441,-0.04193824089974019,3.200448835407974,0.17911530143923504,1.2125361996397883,-0.7698678620044316,0.5510090212346058,-1.4747934179675433,-0.8763620319246993,-0.03618083013408546,0.011057624995754344,0.5409504001665625,0.3450368702179565,1.7318483984443365,-0.4087493135001289,0.0324776668881996,0.8610341900624684,-1.5831843447514071,-0.18436063923398585,-0.19859568733837699,0.07311120981299513,0.0951448477576051,0.29407678612702925,-0.21179434281086879,0.5252709785148668,0.8393361410480609,-0.04382480301346101,1.8325838331024253,-0.18146005351935576,-0.4211793767472632,-0.24955334110433197,-1.5433965411244692,-0.1045480548484477,0.28184451460739046,-0.16222624786406548
-2.68785346188758e-16,-0.26230989067753313,0.45940455304744476,-1.3123838348504433,-1.7144750240244262,0.0704749706452118,0.31598000142572913,0.012627789807578282,-0.36679924597213387,0.37850481535892694,0.24359423785527717,1.950631577872298,2.0616878249641872,-1.0673447127097668,1.1956261455856851,-0.7169798269601861,-1.5474047203014276,-1.40913740382274,-0.7704300008801329,-1.2744183597304273,0.33822395546722184,0.10146252464729943,-1.5114170145935426,-0.5189578782779585,-0.9609115164014497,-1.4518131833766867,0.0421878088464156,0.1378712960121428,1.802183622336623,1.4177664853178533,0.5651896998147419,0.26173379096978877,-0.13780560765465674,1.4086380307051776,1.0992233402434453,-1.3907892838640943,-2.3610448190460565,-1.1076144538366601,1.8413885105201513,-1.494177247428008,1.6378998304519956,0.614136013389527,-0.5122403079971931,0.11810436527316598,-0.4204782100419279,2.7315920585207945,1.5926872149448845,1.9744518913982971,1.665136850177342,0.1215263500880065,0.8502390438580331,0.23925338844668054,-0.4157802101187279,-0.4156325713350772,0.38723218555515343,0.10978624256302139,0.9057921811543486,-1.291197742478597,-2.0320480300099426,0.7638669597202146,0.2313842660251748,-1.7926154667322929,0.0936914475235909,-1.6885826419788046,0.8176758707609688,1.5579587272366422,0.1919003195997897,2.653176431613545,-0.3013395762201926,0.45400265799746264,-0.22920853461697488,1.5110981030932866,0.711863945182498,-0.21825902537830044,-1.3280065616770114,-0.2893052449683847,-1.0540134737278353,-0.5476323699809568,-1.1176282626718148,1.0289276697975536,-0.18774997621959422,-1.9513684300837755,1.1183476620428812,1.0921857863843762,-0.23254098492339392,-0.8380632072309304,-0.13313940917422362,-0.8411698887190113,-0.45861029911364404,-0.9477052198935709,0.26883461620785565,-0.7455962468003218,-3.5006319993616692,-0.011679002492544943
-2.68785346188758e-16,-1.0421594687623832,-1.2468824239292056,1.4018509445884753,0.17148844023015286,0.0560578000995644,0.014691302882124366,0.2194073861958203,-1.2084897966156984,-0.27578132029069347,0.4289646478431889,-1.805402194072956,-0.5797552759165863,-0.43038122874012,-0.3098509066009264,-0.5762153982167393,1.2524005414777304,0.27735314380630205,1.4395983231563325,-0.9700804075381186,-0.20351462787703467,0.6126994157723795,-0.5566206864417793,-1.1507545478808374,0.12644776400532953,-0.38491502824489005,-1.0502569516176288,-0.27781862101711996,-1.3467435790521212,-0.8040818360805958,-0.4953522548990804,0.36459136107179624,0.10196692599458013,-0.4305558837628254,0.15217993358464127,1.1373828037626783,-0.33740332482054947,1.1469036651533904,-0.11577017201924222,0.39406190188078477,-0.9280911514515204,-0.9381839022120911,0.18675283914843535,-0.6869676820110031,-0.6050699328513379,-1.1796356016270524,0.21808098091136824,-0.51874874681182,-0.292030262512076,-0.409307251742679,-1.4457173885999195,0.4013754105743157,-0.485916338449828,-0.6420909749221029,0.43463305338747205,0.03587988802686565,-0.23170890730837052,0.15682410438109595,0.956377309032718,0.47812646404564385,0.5104369986858249,-0.35629064691721973,-0.43852754659866666,0.44310824106383967,-1.7247137309396297,1.6411784943667729,-0.4154414799590729,-1.9958696621418976,-0.5608048578330787,0.4910244788572999,-0.8916991097846635,-0.5381186900094139,-0.8612168384973345,-1.3911419989462606,0.3743075897462444,-1.040893198202865,0.6839269400384416,-0.41759802312965844,0.039375332303089206,1.1038416451945894,0.9874828409007241,-0.25791342699256736,0.23479686884491258,0.2513814450496543,0.3715289367760164,-0.1208022205030011,0.6282644767118255,0.11889174583834931,-0.5793163263280221,0.1982835578218866,-0.9559958217115586,0.5297072561912901,-2.770523428361562,-0.3519945129276374
-2.68785346188758e-16,0.36278017275141194,1.677685919864871,-1.0363490296050792,-0.29332280819395373,-1.2489914859196765,0.8351874925021344,2.229480394522448,0.1366697256791122,-0.49268848195375364,-0.4993136947717793,0.5549755316402039,1.6950589179963678,-1.7763333206064438,2.4038872976344097,0.5897464093361771,-1.1248688788222725,-2.424022637368777,-0.49529947500556804,-1.7998266571677803,0.6949362039373373,-0.6177766840381539,-2.6200752181317575,0.9472066451214414,-1.4654577366942236,-1.0197481591564659,-0.726485843079211,0.21899969551773163,1.735907897167436,1.7108759422953117,1.057063325361321,-0.3945768733421753,0.4409165714286934,2.0826289679164858,1.5926497395178298,1.2447095403955741,-1.4372852240566407,-2.481847125800349,0.0285293447803725,-0.7497939736081878,1.9029843463782976,1.8182359198211828,-0.6857473111223543,0.5423787939883176,0.995883294240458,1.5720627875784483,2.4524101785059216,1.8317162661018869,-0.4403277242145884,0.53757735650089,0.9385200633892838,-1.518636120402592,1.3242044540993512,-1.5220067758365539,0.2113008515999533,0.22272174375763387,-0.6457614376399554,-2.2278496745100655,-2.094072840554595,1.1578085480242892,-0.42726921382332206,-1.0752292851948275,1.9353111186874772,-0.6891819004941276,0.23840707422177454,2.9860642462784726,0.8237105230863977,2.702031565631565,1.4063238100809068,-0.18498449746809467,0.16252025369011536,0.7864105442495535,1.2417929267254908,1.1683051841769705,-0.11050973706959563,1.467534283190812,-0.42878588511908156,1.79471793623051,0.4210015359836054,0.6811806280852543,-0.8956466124548659,-0.21836303544514118,0.27501051191659664,-0.18476661241507306,-1.0864196528177883,-0.3173708537178095,-1.3244019506840188,0.09612306451621819,-0.595423659914624,-0.024112933566222128,-1.13036175098661,-0.1978673373990708,0.5562147539868608,0.43447526716157675
-2.68785346188758e-16,-0.2834978300479465,1.3214678440960914,-0.49999458278912357,-0.35046648007184533,0.243899031286253,-0.9655422401066641,-0.15078428463684168,0.7598594605138322,0.03637037012110746,-0.8742874753629069,2.8987492645653226,0.8474490607387715,-0.6012544087014599,2.277630425247671,-1.1302376368097022,-1.1660224503822347,-0.2094207574838567,-1.3499996770334375,-2.157857127886295,0.3459036262465168,-0.23790614476167044,-3.1584822304669427,0.5742457217659862,-2.3714449251820677,-0.9730242215061146,-1.827293376366537,0.3748652017349677,0.841571760696737,1.2605002659941822,0.7921112202876437,-1.296705495336575,0.5618328827578027,1.9288166346796962,-0.15137833478521046,-0.36055795102199073,-1.4035200410628486,-0.13780681416833196,0.004223994885802551,-0.5969443221219223,0.4372577835138492,-1.0018343965489682,-0.9812644210243116,-0.45526863228732606,0.7854677018126441,0.12745249662855884,1.4643394775951086,2.7594962701193637,-0.8058403349390619,-0.5324563728494319,2.3345408761696342,-1.1633433899704535,0.7788186282660546,0.7718049085599678,0.08288022765059366,-0.42935330404946337,-0.10851429916530725,-0.37412457118767806,-0.37247739852211653,-0.20892279261977664,0.40947548983207616,-0.10040828610745056,-1.391563982464533,2.0268538737939834,-0.022543744615346667,-0.5816499231910071,1.0943715975321333,3.227257972733702,-2.0790482965110155,-0.40371903976327667,2.1339424022341023,0.1555850937113663,1.466009774531208,-0.6450479561324123,-0.8494499808237095,-1.5459098920079037,-2.1482772370891463,-3.3154810231348915,-3.554447231514332,1.327626170024165,-0.34671256274052437,-2.7940744929709416,-0.4272758698114454,-4.057879266080282,-0.95490481926959,0.2577511132891137,-2.664674242280465,0.3987541898306745,-1.227970156110799,-1.0884509615761804,-1.5949746315735656,-1.6574716901872883,3.1620805116727793,-1.2780477705220012
-2.68785346188758e-16,0.20045497971193343,1.4270888855086825,-2.4611277588231646,-1.5124446256363133,0.30183357166519054,-0.6014493828870613,1.4021669872538394,-1.2290471859611853,-0.452950209845331,0.10357638395147145,1.1738431210251128,1.1608613221032413,-0.6092556870964924,-1.2194043816793663,-0.612587033393173,-1.0241871763530983,-1.8619820164727285,-1.2123403098984833,0.41543989672399184,-0.9453817930785651,-1.257199921436644,1.5021163654030705,-0.16998373751901663,1.2075805793175418,0.17040396453344564,-1.2677543675346794,-0.6468497162646474,0.9260705190575793,2.3245548275189725,2.8900672605531463,-1.0254632822315584,1.1625578291900323,0.04235445469019905,0.6352907081820192,1.331095268589512,0.5441070735236637,-2.5792543132809325,0.7544927848678951,-2.054507879023084,0.5245473873511863,1.573540727183708,0.1860180634154932,-0.2438132138756804,-0.31727858425822036,1.6211513672707487,1.6655126132631173,-0.03861819979708064,0.9877745279556952,0.080106125220144,-0.3704984786483412,-0.5687207513919499,0.4986779023109737,1.0814975883499256,-0.5657320560006505,0.10025232192773836,-0.48782518887725834,0.47447242284481905,0.40881037326683345,-0.4172984673277131,0.5182235683641284,0.07232377662647571,1.1358265142006068,-1.215683682712638,1.2418232265476907,-0.04537366464087467,0.9215598835095853,0.6604173152442286,1.9929166143249812,-1.2752742985809726,0.3124135031180535,-0.6367703198134209,-1.5427974406719775,0.6129330756203586,0.8857635871825049,1.9074756458179163,1.7288003520134165,1.2543792313623505,0.9309180247827382,0.9726201167795638,-0.7287035480631229,-1.3022460650383123,0.2838449858227744,0.5357607110833533,0.23955339805535064,-0.594155543285103,0.1243303799846032,-0.05036806115085169,0.22740337557492157,0.9353559380988822,-0.2706221780539086,-0.695262859056931,-2.674943741113209,1.9399054092291872
-2.68785346188758e-16,-0.3922847144380169,1.4453538702710595,-1.1475292544412181,-0.29417580529899434,-1.2201348492561614,-0.4886819682751909,-0.47521394972345293,1.6041030104357747,1.6046160852073976,0.42530811331176277,2.0492008126186807,1.719425791294448,-0.2708496641558047,1.557508197622613,-1.3237033148414743,-1.5422610682262035,-1.152505769421872,-0.4912422378569806,-2.6879582893191483,-0.12058430231975138,-1.4195895924110118,-2.605117971821427,0.6434219019387162,-1.4752705113407214,-2.2420100740039968,-1.7737379974268257,0.44123099810998384,2.284233149637131,0.7060664789568628,0.7758134104243248,-0.3713914595261051,0.8121023281097614,1.8473144018442524,0.5879045257737306,0.4414209148275009,-1.9254816233674181,-1.2572776596545585,0.45581239686330294,0.3997368376644601,1.06020584276512,0.34645163890944913,-0.8459140853867282,0.7691856264627231,-0.4364984775084281,1.064342566215922,2.027581907499608,2.7007862966844787,1.0506270074135462,1.063353453729964,1.1470336770004232,-1.7512075075474016,-0.38346696790563434,-0.38217554311118135,-0.1957250654798748,0.37439592270510713,0.14334746468104184,-0.30302427550233924,-0.40360228658252684,0.8625751136880999,-0.24387304081427577,-0.19670825132879316,1.0393983026155773,0.1660655966186809,-0.7077468095670758,1.955037260855774,0.12905082022601588,0.9143844369249636,-0.0954242814839171,-0.7784492814983264,-0.1562972626852901,1.61471622765138,1.9104912438175576,-0.36317926263830724,-1.380027502069843,-0.8084530280311313,-2.7820075000197493,-0.8082630156178976,-0.04308866528004818,0.8901814951724301,-0.4758619099804799,-0.5005358733265031,0.18867366501984092,-1.4660151973762883,-0.5074832651390466,-0.02241900171625091,-1.6125505121272292,0.8013703851086011,-0.9789006384153165,-1.1214006451583738,-1.1969631253970352,-1.445628185870392,-1.7584372971793134,-1.531970404671367
-2.68785346188758e-16,-0.19843048819560305,-4.633902981933017,1.2111039912052775,-0.04648941918029792,2.558865009867935,0.9994073546635873,-0.9524568545564762,-0.04345146753917328,-0.3144593481322737,0.25231025501152415,-0.7081649727702553,-0.5355672803959826,1.614645741991843,-0.9200354333292828,0.4027763727376136,1.913000302512864,1.0652207062963421,2.181622901260842,0.38699766967243365,0.47104270949715665,1.8849078530644767,0.4643516387742889,0.18093753491681455,0.5861226189252267,-0.1626068856099696,2.4933965434623873,-0.24118658595556083,0.1307276282061518,-1.1102160233577187,-0.28012351962842275,-1.5513064096752833,-3.0612743927111987,-0.13334180001517296,-4.4279344124410445,0.9616140247193707,-1.0964352116816836,0.4165519081682,-2.5900485012907573,2.427204747306239,-1.3810934251148705,1.4042868863747273,1.2329676151822628,-0.666484917674,2.862902922876653,-0.3232893310061769,1.2575339516954596,-0.7190539734281671,-1.7446461245303022,-0.5430761010793534,-2.0455649508460376,-0.6183559546752952,0.058236552047841963,0.4130135320908482,-0.8735952197402155,0.9840806010594413,1.5363373195424883,2.0674174567374437,2.761282852927736,-0.04855546799696753,-1.4702506477619524,0.8031503366568336,3.0303927482567836,2.9870663158705053,-1.1612558913001434,0.08790578140211891,-1.995749026793006,-0.29621184715132376,-0.7703759616091606,0.2687546671097803,-0.31267190919067644,-2.012700560475018,-1.268804052395593,-0.11829764024194087,-0.518958362139335,0.16560991244247142,1.0913937075776157,-0.07530355922483278,0.7771092512984465,0.9114109498903217,1.3079230438425336,2.2460856345994076,-0.5891593673566815,-0.6768882725561873,0.13253438390997668,-0.002579921648265709,0.09226930815821266,-0.04320135696710784,-1.6720570203763983,1.0441217928746434,2.3603645785173426,2.525569936999381,-0.8795444718220363,0.055210827969738085
-2.68785346188758e-16,-0.15294917021888899,2.8298478365448196,-0.548085668563908,0.5078347253354005,0.02098720916210317,0.017996230443183048,-0.9715358635898224,1.4185468125069876,0.5081083717301785,0.07980562925597465,1.7788861257454305,0.9463644447435291,-0.7943597988501672,2.9474058389450333,-1.3058359248561935,-1.1198164218071371,-0.2495588845703146,-0.6485190040956057,-1.8149384119518872,0.21783459490381352,0.6152796821068751,-2.2290561475258195,-1.4109868704710313,-1.7695288141090448,-1.4139213204716012,-0.6384620716659724,-1.2280909467704642,0.44198954696563253,0.380165918940273,1.9065940456707078,0.221144012853064,1.0980662205892144,0.8328118912003488,0.35278763815426845,-0.6621667554209782,-0.6255069456904324,-1.3223292435868876,0.1605969286031611,0.14793053591327743,0.6932228344699638,0.13738053296770034,-0.4185775913873335,0.28705057347183394,0.49803233126431756,0.8809773048820051,2.392681040980827,0.3622830373281112,-0.06449831808832268,0.20168095759712618,-0.2675960754032787,-2.071766798150027,0.3684156966240566,-1.2050892155559907,-0.43334201907689557,-0.26004526692361923,-0.42779032898160096,-1.2457738400759664,-0.8379881419384393,-2.0074285274632233,-0.0050848249569361015,-1.0969604788743423,1.742658493296258,0.3069861170912931,0.38886472299213437,1.9752630171079324,0.5755588621985972,1.2843526656635393,0.3402867244704921,0.5141403563126719,3.1080298945424247,1.020978898630655,1.19583989479603,-0.3434993102842171,0.6010623847296346,-0.6847972080618896,-1.1416723938656599,-0.9278425255343099,-0.060213190071412126,-0.2316355205376634,-0.9034440823925304,-0.150974302230095,-0.22620090087407121,-0.5098775982395016,-0.21752803882797855,-0.14238076703769337,-0.823241094789357,-0.24155531936339442,-1.8855937365095694,-1.294357079928179,-1.354934409891538,-0.23313172847739938,-1.1828706174367942,-0.08987678490481521
-2.68785346188758e-16,-0.6292084864723254,1.4815919800841764,-1.3543299671243587,-1.4545298661408743,1.6225926995782802,-1.123233073897731,2.510969808714897,0.4316946827674253,0.21404652637140556,-1.0242336787736797,0.2345166362234905,1.1844441530136542,-1.3744701288221333,1.3816315704957218,0.7265293492067065,-1.312798095644781,-0.5196100374210284,-0.9658384126849185,0.44146296503635607,-0.6949855430650735,-0.87738284425933,-0.10169743957985627,-0.03642660149580593,-0.4845305254233653,-0.6720309583362656,-1.6693282419387736,-0.003366718836923702,1.1535833690753905,1.612123464936059,0.6211208727443673,-0.30579643123353906,0.7043328298567667,0.654857118875318,-0.18923977089744093,1.169811191030979,-1.3846794142263992,-2.2221863079645883,0.8981720145397214,-1.8282834772056056,1.6435727767513646,-0.21384025877642499,-1.8854139882317011,0.3086279944102469,-0.9989005613044685,1.8168850403777617,0.03236519804016913,1.175615427961595,2.3945101803077726,-0.24115271626963938,0.10736991951188146,-0.4373996679561627,0.2729314464313596,0.3392295508148873,1.528775408261114,-1.0264915036834745,0.8359031320790892,-0.35999731885452835,-0.8004129450877133,1.8297576178787986,-0.5588945107936818,-1.2410561827932942,2.310669004938962,0.27395136176456736,2.2465572998657106,0.49102744712680646,1.5358125302122048,1.1476577376538433,0.2938687746047631,0.17871019458265844,0.7042731810758815,0.596517947533573,1.3500183329294935,1.3259722355222103,-0.4047917387787636,-0.24711653219107177,-0.5617150820050631,0.43577694098734115,0.6792779719989473,0.04350015842707086,0.3171618764502373,-0.3887096295892482,-0.42687099719225,-1.5088738477545949,-0.08925086349226485,0.2746865482314052,0.5366774275876423,0.7557756088003724,1.3795662960382202,-0.6552702398747621,0.5532976789944102,-1.3627569229084844,-0.9900189217721299,1.3701098766632946
-2.68785346188758e-16,0.5423974183884394,1.7876737719180007,-1.6086813530524453,-2.3589808362323064,-1.2127709681544925,0.2508713775707005,0.4527920741799045,1.6254523097225795,0.12868270460151604,0.5409572134960307,1.7763467482929367,2.459568720084036,-2.90428800669444,3.765274248505957,-0.7134293810562438,-2.5093802914694727,-0.7427046417206318,-2.1057739732058565,-2.209282396795679,0.49855460282913433,-0.7304628966020785,-3.0987108449994434,-0.6115498217040027,-2.2112505422212947,-3.174999834966389,-1.370524206968367,-0.6672520390602165,3.8422799331917776,0.7065826299940208,0.7339110873952003,-3.051432941343448,-0.7334942794047583,0.8898412184015843,-1.8463617865657764,-2.7430148126354172,-2.23120012478773,-2.1975732370513215,-0.5277114943424301,-2.4450022843406183,2.4266988725647156,-0.014072292005868112,-1.9505742706954754,-2.4262633432985465,1.8904424543474043,0.454693113293995,3.5426243013267085,2.3741056342692497,1.2174269145548573,-0.1922672818965965,2.3359749687357505,-1.2510750153361392,-1.0226732088534265,0.8940184820649416,1.2795040348998379,0.5139106216469544,-0.09729559970571769,0.8321574061385785,-1.482566420914637,2.0378691178339734,-0.49805769024440627,1.3884027251541444,1.3546416569706767,3.4806684391761524,1.103617773365858,-0.006494117122152643,0.32396809696460616,1.8048555140558404,-0.8763268710639207,0.7208969854852141,1.5297172826509065,2.0623586544248216,1.7534135359252068,-1.2939184030377384,0.38230460600546234,-0.39483210874222835,-2.8118873281283103,-0.9248880233772068,-1.3775348101152138,-0.40878619635563185,-0.654292459343812,-2.06941724184424,0.033174635049708655,-0.8497518857530912,-1.5349746076327708,-0.2900436942620104,-1.9216640154758862,-1.1366364118295875,-0.9810414381184251,-0.5864620878013361,-1.2638602972040553,-1.3874171007399143,-2.1961664798041527,-1.9242292659389824
-2.68785346188758e-16,-0.6084435385736522,0.2986490097428396,-0.1439007678311015,0.4204612241224924,0.044522269110894463,0.7369572824547329,-0.07707448230546882,-0.955358795389379,-0.2622298618778833,-0.06868168399241828,-0.9872998610404893,0.36175257881106915,0.9404065183488624,0.5900657213092635,-0.43888213418700345,-0.0401222445931054,0.6997455139822097,-0.028588113917508567,-0.22897857717379144,0.20683678964892582,0.7876777124996736,0.6316464691914976,0.25586397612153944,0.6514527340106354,-0.3880501456907507,2.5362690370614747,0.3740179228181375,0.6058785572369367,-0.9400860150997985,0.33252354277248386,1.3444915930886103,1.1246304267832328,0.3003650308291249,0.809908232238914,1.4544517971560327,-1.9837982020275418,0.7492945143201514,2.0072172932479826,0.050424003610189734,0.28662834886844973,0.7423313930382469,0.46363344752186264,0.03916766485346945,-1.7026692727708541,-0.10072005271594342,1.815121226333968,-0.45701817031684533,0.6991087823438211,0.6024074238170646,-0.07080757063627907,0.3223038237534982,-0.2720088650684617,0.250502572194665,-0.4527257703647536,0.22409364418943245,0.22884675891355635,-3.280558716169815,-1.029667076554293,-1.1742397572518666,0.7728760186469982,-0.03593544917861652,-0.008135099633144072,0.5358793597227183,0.17802374398396809,1.2901178434850953,-0.8928554228741804,-0.2928936098519545,0.17044778602026756,0.6818275614213556,-2.1494238990045136,-0.05130878035674702,-0.44905832894795394,1.2032241918383737,0.3563748024756979,0.5109972610827037,-0.17572637831459326,-0.5270095060726436,0.4750506635425494,-0.2212522902979367,1.7697357011738197,1.8771315005372395,-0.011200208963083852,0.5405007181488596,1.4177542887775971,0.12271260524760272,-1.7015220575441425,0.2843023595866833,1.0192000849000558,0.4977273150530934,-0.07568768420618749,0.3837141639146768,-0.179387492037145,2.0163129446010273
-2.68785346188758e-16,1.2232148503610085,2.51104237866745,-0.9765858745704231,0.4580983610316063,-0.5555011168066133,0.7407116281858601,-1.0311146073129485,0.8132476309147673,0.4371484126024842,-0.006573812543392063,-0.39761613227180237,1.1504179189912935,-1.4696038088816719,2.017098171521876,0.33235910231159793,-1.5795972065815798,-1.0050757359062192,-2.8191094861304453,-1.3138075098910234,-0.5720010907504555,-0.24452008810295994,-2.5908486225991076,0.8654375931704396,-1.6964496287178477,-2.5765047633602967,-0.8973810413917671,-0.727200928113335,2.6664860569602693,1.822047932778628,1.9042777939665378,-1.575164694476741,0.15763850285436343,1.542177608239364,0.3727515837284962,-0.24010640825904206,-2.5297223768862778,-0.5526761158222946,0.876357390029435,-0.3317730553191305,1.0940084075168153,-0.30848334394682675,-1.6380375753919492,-0.314921986386795,0.8339502515107734,1.3413204799262313,0.9743449200016385,0.8585232250618449,0.7920539944814023,-0.46373064882562015,2.3765077377860333,-0.4970884275518126,0.9877147937123962,0.05598591606958272,0.5810302234651702,0.7555163216120737,-0.471373026973957,0.20251167468799358,-1.4473832811573153,0.25695643157657844,-2.440165767747084,1.0282547128944242,1.457115293695138,-0.06255379228206681,1.8615099753936595,1.4247916351402694,1.324058269141139,0.4486895179014413,-1.3154279487868124,-0.7127951176768575,0.8951938039822822,0.6206215636645737,1.0288300646030168,-1.390325816669454,0.9623407322463386,0.03397619000927288,-2.2235731626169932,-0.1203051666257533,-1.5579048507516882,0.7097857070878595,1.4860637496028732,-0.5395182462134567,0.46498928149356145,-3.741781918912123,-1.1770959955084261,0.4128302456906643,-3.4548280328017915,0.5636447259469805,-0.6709777987940173,1.1178695976571331,-0.29796564135535764,-0.6425027887451668,1.9429253044316996,-1.4230242791141778
-2.68785346188758e-16,0.20445388234656536,0.659823553454606,-0.903445553235577,-1.8033165658925119,1.3698734362234317,0.17113517241787857,0.14826087338453106,0.2847587163104939,-1.0216514355052697,0.3452817240646892,-0.523310803329826,0.7918526778229449,-1.1706442227024192,-1.3319042166196993,1.456794382687685,-0.009747941578859443,0.36660629274576373,-1.1577269094508449,0.964134495861364,0.1466831114017509,-0.3844457968431906,1.014669285629961,-0.6008681357983813,1.356773313717854,0.18741111198930854,-0.07602087707004246,-0.012881475503720579,-0.7499580274037501,1.980894156343811,1.157815876685925,-0.8055658331352977,0.5610509538520857,0.9876222079393492,0.21362069817936954,-0.2533242778958742,0.25051231975615385,-1.6880390219900046,0.026427748710329962,-1.650047227675992,0.9178464679306504,-0.44571576545254554,0.19604236554112642,-1.3584980452112079,-2.08556357997979,-1.5965373991930107,-0.9670213492967669,-1.2976154321567088,-0.4685918553800247,-0.790531061287668,-0.5762644474424596,0.4582418282350502,-0.0910742874649019,-1.2447713551885342,-0.8654713571060655,-1.0884190840885781,-0.701155009001523,-0.9794864279556694,-0.6548742535206279,-1.5565986182942437,-0.042607617678149634,-0.07725249866803208,0.7336016571489705,-0.20167531030562874,1.5584191374467538,0.8308959052608389,-0.45389481481168026,-1.887762231008788,1.9181128030617913,0.5645368066664783,0.7033245056506431,1.9858903257486915,1.0031959465083162,0.18412817476457383,-0.28663989415632174,1.323605186934422,0.67558152742154,0.6165519295944024,0.3395250242552682,-0.9000006887900137,-0.7210722535708256,-1.4593089062858542,-0.023853668938138412,-0.3801750412203246,-1.3503422581615365,0.6002991422389384,-1.5323790190964544,-1.204481506488388,0.1537166454857051,-1.387220067576308,-0.08938614293800462,0.7846518749220762,-0.38747140822099047,-0.21861484610939141
-2.68785346188758e-16,-0.05628035050935581,0.9342705188636031,0.18535759624410703,2.125693065627704,-1.9091697808064276,-0.1269456477385576,1.7817659504474799,0.541291019359615,0.5972515693851558,-0.29306774129579816,-0.16782493269630977,0.45271501814001636,0.21383749750304307,0.9154968615461436,-0.18087718723262022,-0.3506142721792424,0.46504803020301694,-0.3325046767692277,-1.9771866699216272,-0.2456814683828555,0.8658416764579985,-0.8478905008791373,0.32011806216495,0.07202279503237746,-1.832776865377807,0.919649840599447,-1.3173171540110546,0.4955958991847829,-0.21407697865024058,-0.9255430089667961,0.49870221692068883,0.7817134117461285,0.9779091325855246,-0.6353122385617249,0.7494731439014306,-1.336948125354061,-1.4409653362005357,1.7201276225685762,-0.3506767941986562,0.4761688513069571,-0.6633913548137953,-0.4475351755982816,1.5557777944228008,-0.20941080265002066,1.3300921668638273,1.6752196942307567,0.43877971699766205,-0.39065841960431746,0.3620319842443221,2.381832082437713,-2.4496001966250134,-1.8123507746307004,-0.24069929513889612,0.7729216484890795,0.10672892810407708,0.9426118375199911,2.455588945052339,0.9029264321797401,1.0624365795171444,-0.8246064752847123,0.22706251108751363,1.5134542533926387,0.6873639222940137,1.1408097705985383,1.0168252622759137,-0.24374671594901148,-1.3207950495384628,0.6898366462336966,0.4829216577763636,1.1341176562110962,0.04878678710908013,1.4165577666839781,-1.8612077560192586,-0.37378133689013343,-1.0728247418305905,0.2379969379107686,-0.8612055402905713,-1.2181051501153908,1.3326805412486997,3.1807109619478346,0.7385223034611031,-0.6122988339315273,-0.1274791421851249,-0.08508024191790864,0.2830639447340267,1.0234396283771687,0.5264717478840245,0.23767790486616616,-0.604671104942115,-0.7373335964692092,0.6402271137354897,-2.117705302395037,-0.03506585553489672
-2.68785346188758e-16,1.3992463579563228,0.08874694413944265,1.12416565638656,2.283383594853112,-2.754873868705668,-1.3394007535955275,-2.0806071868625406,0.4877623182379149,0.43230172245688253,-0.47168330634543004,0.7616894029239847,-0.0775259749549419,1.3763003700231695,-1.6804185705968067,-0.25684148877214014,0.22608965301113693,1.174423556832746,-1.1321481262750983,-1.0207275789535466,-0.13618356326800557,0.30923451322410533,-0.16517899101612865,1.7101157812810373,0.4022741229449935,-1.4642503388819024,-1.914971287092274,0.19785275209343997,-0.5986054336343267,-0.5680275207610979,-1.2319205815697862,0.6955516577511158,1.118439469211642,-1.6039434277176112,1.8315951900603205,0.16694165009488393,0.03457449277270025,0.701366744045982,1.22811835813444,1.2560863572655154,-2.5559098138122285,-1.047330827403552,-0.36828385769276284,0.850068488893962,0.5333754283544442,-1.5556190731739092,-0.09566309997124489,-0.8253399852192663,-0.5102037831217404,-0.5498841361538543,-1.5623709338288345,0.9245687486578625,-0.8709823250026707,-0.08666877247896618,1.0425116130297505,0.48631290260813786,0.9501986387087593,0.31954072891962687,-0.7886841491323849,-1.240774578830014,1.650707501597185,1.891816041088148,-2.7598378254707834,-0.9307800614437545,-2.601999359868228,-2.600723608407063,-2.1776573661079777,-1.637461236458425,-1.6400747945173144,1.164158401189842,3.1060447486312377,1.2188464091878084,0.30284003887077005,-0.9232846018538049,-0.3494333321876303,-1.039536671067748,-1.3260501070416515,0.5993915298059882,0.6294620880321682,-0.0470822628298295,-0.05866993037802659,-2.415973342160952,-0.12954295489596,1.7951207501456952,0.3636013148444853,-0.2681395373136557,1.001978933515901,-1.240693495620702,-0.2548618291702911,-1.5652224969475423,-1.556850401092985,0.6403393384804146,-1.8107171589271787,-1.7987910593058827
-2.68785346188758e-16,0.9219337036175067,-1.2292700053307952,0.7597715152136664,0.20349721641140792,-2.510811202916538,0.4643156619524492,-0.39457888894841453,-2.1752671006884263,1.23005265597078,-0.6272643667362583,-0.007771748822671176,-0.2484976183163193,1.273968166940452,-2.9980438945146526,-0.44592412874466264,0.3554492006524965,0.9892315933436315,0.5106960066337722,-0.5653582616254018,-0.2815663477178628,-0.502396349890917,2.0280272320648165,0.636020820253582,0.8433455486095498,1.6928958705344077,-0.8616492640085079,-0.8497756946342603,-1.041674590263534,-0.6560641612033242,-1.4218680147837794,2.377758559182796,-0.9093891258941889,0.44895130728289173,-0.13046039106532287,-0.7969943748813793,1.4052060733987906,0.8829244778803746,-0.5427533556459672,-0.98437627435648,-0.18871809661317676,0.3726876599883886,1.0563857836077961,0.6500558711006406,-1.5393187056817579,-1.9331402504289352,-2.1120609722991817,-2.7130422223547788,0.2493073053150926,0.3460786782704619,0.6782642773640146,2.439437998521415,-0.7279194962385037,-0.6889065103497665,1.2792240897516638,-1.5334621847595338,-1.4737502614300597,0.21574354545065133,-0.6556752036350958,-0.4916294700925734,0.8393252540456858,-0.46109436906162693,-1.2788645357027628,-0.6584936834138195,0.5333233059641986,-1.5382620100214166,-0.28379266485620125,-1.9754144977824595,0.5506392262398897,0.5630154871146492,0.818415111742495,-1.2598823344567576,0.0821170008849213,0.4357495982226434,-0.6751261157699471,-0.33078038251733255,-0.7635727639378569,0.11995645355787832,0.20327998075469236,1.3779421745484024,0.8176154780429936,-0.7137182456136766,0.7502177139222779,0.4440592752920594,0.5365756080232428,-0.07294192119030318,0.5334432277428673,-0.22624679268760553,0.12238045483398882,1.0166186768587107,1.0654590219647209,0.9733736854979373,1.7502978825482383,-1.4544896473985107
-2.68785346188758e-16,-1.0594684693612728,0.5944289193637463,0.8639981972368439,1.3100343191795354,-0.6482399971316964,-0.7300353371292845,-0.36684106114393444,-0.039916188082448664,-0.8581792205337864,0.6690141022318089,0.6701073480754862,0.6847623066160742,-0.7217723579198734,-1.1557792411922065,0.6508602640644615,0.25619006956315743,4.5293501529153346e-05,-1.8013731448736496,-0.3942778870316501,0.661956446259438,0.9142927579954014,-1.367267028762045,1.1747348008263987,-0.39823130161998666,-0.7137924860718066,0.7240426937662297,0.010121808518732664,0.8287374160821426,0.9154151929500702,-0.9922714928275315,1.109688771480466,-0.0735773431524025,0.8633155146103018,0.9360850088397159,-0.9948917016406729,-1.7983598706511548,-0.29883196734321904,1.1763429688412261,0.2893887242903349,-0.3178850067040566,-0.02263585913564803,-1.4028364165558906,-1.5490609261114656,-0.9896546002434565,-0.6452617426306442,-0.6382586307751095,0.5977078324410032,-0.19955999190794466,-0.7944450869003448,-0.3488142724605279,-0.18692039558633866,-0.372460106040834,-1.3867743762329772,-1.030786419841231,1.7150510345904368,0.7515539367963924,0.6579975891768378,0.40603971743045203,2.121657493065559,-0.6100891485210989,0.7797364875034132,0.29608846223247387,1.041432271973742,1.3108562081805855,-0.5016522345977479,-0.2183306921987352,0.42862577661377066,0.343632717073996,-0.6423064291100302,0.08453909758011502,1.3606141097676727,-1.5792796699612262,-0.9652704459625795,-2.0789060328821862,0.5656272099206966,-0.008112611985733702,0.17297623530012082,0.5468615227448999,0.017153876971139626,-0.249350822138934,-1.0503394947246232,0.3322223825547418,1.4997598245824133,-1.0469307528032212,0.16466111040792109,0.3201880779394074,-1.408445289940972,0.5936525385994061,-1.5430548852023214,-0.6065347856086395,1.342139014126098,0.11416795797984453,0.6613520188913249
-2.68785346188758e-16,0.7836778216614433,0.27131794756181105,0.3638714233934877,-0.3718309907472843,0.23126674187804364,-0.657260111267871,0.40848402346895096,1.8104792837687012,1.387115932964567,-0.8208675443825003,2.7354261155707906,-0.26355035823466166,-1.5020936517773005,-1.2112159600729675,0.8615475810052656,-0.12226580374513796,-0.08728371829466086,0.13024596991232767,-0.5038868043467841,0.8010734514237124,-1.0085104148963981,0.09529297028270128,-0.17230470041497328,-1.5383410456917228,-1.2487849308345722,0.06150424847075722,0.4725504688008942,0.0080995852409823,1.8755363859285672,0.346080609253853,1.9001526875357364,0.8766089567291239,2.492125384672013,1.7665195842000323,0.9193871388280785,-1.687116410872833,1.1786894859470545,2.0051452513295347,-1.2475219489183602,0.7359977851780879,2.1968959162868393,0.11463024038892733,3.0435973086979824,0.5886683222463833,1.1791573318023625,-0.05357593554532217,0.45279439125534304,-0.18154424922992396,-0.602397879976075,1.978961047474764,0.6629672861024841,-0.5280469442950348,-0.736738922830208,-0.786326880262858,-1.0339505455478937,-0.3668444022785132,-1.9825747609302686,-1.0601231815783703,-0.860753785756076,2.08582579692927,-0.010135288483428873,-0.13506733497363577,-0.8607044167524811,1.4099071382724349,-1.9018592541184143,-0.15724634471696752,1.3512753975699001,0.10796964117171765,-0.26055260262774144,-0.19056712976784335,0.6166602089825661,1.3192346671019437,-1.298364943804304,0.27444913820484074,-1.3416052241957053,-0.8235502760075879,-0.481099584137225,-1.0539928990576184,2.2507104424844866,0.807381933925253,-1.958728580883295,0.33666375404140375,-1.0450449016648446,-1.4508082589874578,-0.07592445387764162,0.106054180175781,0.6550870537548699,-0.5703926831396423,-0.05924523342859375,-0.8908158402792073,-1.3285332497557754,-0.631574225512308,-1.9248919182045539
-2.68785346188758e-16,1.1675879424890154,0.39626831191522,-0.5998803439240991,-0.5423695223482023,0.4066101197704148,1.081937587811486,-0.8821608009623558,0.5315157796032404,-0.1131913026876136,-1.458302875566124,-0.9574585525148074,1.9965116478799119,-0.8937719045150143,-1.335920196297053,1.2358377743941982,0.8537771224901216,0.6762733405969396,-0.17347152555410966,0.20099133719352158,-0.023044207178400854,-2.2709702585970546,0.43927449322202194,-0.07965873852525363,0.16306939226864614,0.18898240774929786,-2.45289993695231,-0.46196783517470236,0.9844768288813007,0.08708702647980449,0.5783034388589157,0.1681421088287109,0.3869083775466387,0.5371649331526499,1.4574206748461145,1.8633848576109202,0.7930371858348886,-0.272429751941493,2.420005627897865,-1.325115401287494,0.842124352912674,0.49372470413000824,0.9069493916027339,1.9050682352511144,-0.7011380098367026,0.9390036750321809,-0.14885062089258694,0.0935411559658213,0.0031699826709558065,0.825850060373211,-1.8814287987513412,0.9932060909890704,-0.7463055587089178,0.4031544600201885,-0.8526896568090634,-0.13649506406668044,1.2282076542792193,0.09343412586129773,-2.07579467247234,-0.001163714525541537,0.6698141861677458,-0.10334316999853155,1.2080961030597226,-0.5873876689244693,1.5697955234976062,0.05291447796703075,0.7516290016287359,-0.4307847200859776,1.6903634236110872,0.7757915925573815,1.0269787457403823,-0.009434823970391873,0.2092794437594568,-0.1159642253433576,-1.3766851134291314,-0.9420239712660305,2.1788813189241827,0.3077618634483277,0.3180149442400988,-1.1180937055572995,-1.3144530562968102,2.3700509629425572,-0.47421918245550737,0.43183313159473435,-1.3627633474952818,-0.4680436599315935,0.06845105574421871,-0.34538548480616893,-0.4656206166427693,-0.643498739815206,0.5829924830808019,0.3730995389212458,0.8634218870339679,1.800139405288941
-1.3046031469419848,1.6557619162257309,0.08211440007300169,0.8841402671969636,0.07533406069603993,1.0455822119909042,-1.2110296821566804,1.089802314667999,1.8034391091983228,0.0032209987654367306,1.0506874621274283,1.7621482046945756,-0.8272851764935243,-1.6247821307580677,-1.1506062252337868,2.0657710294481406,0.34879247265812297,0.48890847561218553,0.21965272500463018,-1.2471268999493201,0.8561635875575373,-1.8866207749721615,-0.9393908646477191,-1.428646634966804,-0.9860576769371511,-0.8765959623529572,0.8572377548538402,1.370281878880045,1.214367577417252,2.4022091744436445,1.3288550428233998,0.909455870085432,0.9679086385069334,0.3318052496931414,0.8930108508376156,-0.3403976420190207,-0.1602601632432249,0.30100676850223396,-0.21166967855852992,-1.3245557469023905,0.674043559400079,0.7506718043827877,-0.45506985962991453,0.13480368186150976,0.372682119068819,-0.5646963625797238,2.3032622192156347,0.956569513711929,-1.9977216652187553,-0.13483741257786896,-0.5844976497807058,-0.6882612505309801,-1.8793921092448467,-2.4801785058449415,0.4972868603599714,-0.6369281473957277,-3.083555272753572,0.48732918740592085,-1.672554992176254,-0.6036436267567536,2.1351690436545026,0.6607060291603053,-2.068838999541139,-2.1913724232123384,-0.2818967484153281,-0.5429358553519319,-0.8667385683199671,1.008836980259344,0.6107260382176337,-1.555159943949863,1.3718466594232073,0.17219948672992835,-0.4578592412713306,-0.7494524008461343,-1.1513817652843177,0.15991832602867706,-2.6014056739510663,-0.2460511029814287,0.4674154692605582,1.816394199267645,-1.1043435181225507,-0.44824739975536637,-0.29985022617879264,-0.7089329898378022,-0.6336628114423216,-0.5203086069284394,0.6008918529907018,-1.8238491959751177,0.869202980568478,-1.1904195825936719,-0.6889425915338298,-0.11583307025876194,-1.40040870506144,0.17993709251679124
2.9606592312046325,-1.811525509891893,-3.322802966448143,-0.37642416365583564,-1.483463153914912,0.4442661184866108,0.8897754620104252,-0.7864189774964633,-0.025367210187916274,-0.6975859258041212,0.7819414943279543,-0.637800616717036,-0.46253792094141255,3.03729746264463,-2.050831507664925,-1.9160351035226704,3.590442435340532,3.0631200253772564,0.9946817377684876,0.23386445468022743,1.4102452723681136,-0.01242111262985185,0.862318856095859,0.13059193674146596,0.21047699015257765,-0.8540327054012352,0.9518219606098104,-1.9485273225324826,-0.2905266252101546,-2.1831833014583415,-1.7444045324460955,-0.9941152984245795,-1.4218661271797348,-2.2157755445707292,-0.4616213675777887,-3.0152090980808826,-0.6455669882980084,2.1207978244850563,-1.1122312555615508,1.0211026502793308,-1.6107114603159562,-0.4102290036169045,-0.11755486617085853,-0.4916637727801956,-1.4212752975731446,0.3878982769930561,-0.47873433880034655,-1.1945022366483848,0.5246128643446478,2.41355823171717,-2.741776246160334,1.6814255065556303,-0.6770553453398819,-0.1639176333351839,-0.09844131533014576,0.10851916283535737,-1.284369839644953,0.5608730050617403,0.9600542110943591,-0.4698059005023018,1.2627188564545586,0.9670070248897009,-1.504281319077882,0.09301612551488941,-4.830377642443339,-0.5435250206351346,-3.4206953410736514,-0.1074124131849834,-2.376469225498298,-1.1500386863238656,-1.658111580569073,-1.227525810317466,0.49238512416898406,-0.5022905101411614,2.4911437687736564,0.36577728680299443,-0.49188446411999487,0.9746540311451064,0.3600148954447241,0.21593167244746025,1.2914676710373956,0.9041614614226345,0.7518225657363188,1.137784526864476,1.1876481627573539,-0.7696336753647387,1.2135249344685162,0.11180366796960417,1.3508391587936524,0.9521267654917634,0.6325266068357845,-0.43522504295036024,0.82724351262618,1.4310355659632432
-1.9091060524741272,2.837646521643713,-0.18945891842001572,0.7593149098472903,-1.2258166262528472,-0.50942117799603,-1.900041545614545,1.7251850068586347,0.6021573790683006,-1.0675884311841886,0.5990631413984544,0.5029209737476042,1.2715251207888252,0.059054950477536394,0.07201899407272772,3.0640311188822515,-0.6290838652193426,-1.1303089923498995,-0.7257920136977898,0.5031838696376274,-0.20435106052620183,0.060931124883051524,-0.44402109310534493,3.3669378069155282,0.5932709717507116,0.30252114815580977,-1.5724541572253652,0.011883015907902417,1.6330705272698431,0.5119540242215967,1.598088500273873,1.1193695507575738,0.6781198455088598,1.5230424099217899,1.7846507338447608,-0.9481628058200647,2.5313812282799546,-1.7667523118987511,-0.25322661954137876,-1.1726357196106505,-0.022218107656310826,0.32624899064398266,0.2685934281611231,0.04815250527657629,-0.1690856978914257,-0.1686229192477146,0.30452088298144386,1.6340415584716546,-0.739276781031829,-2.2181910481901532,-0.9213544786403907,0.12431006418197475,-0.7888166942684605,-1.2739569709570686,-0.7946147232690226,-1.8180363738583423,1.4414805313737293,-1.4275012096469994,-1.58946085409467,0.6787740279180152,-1.3157776896128883,-0.4323010498837673,-0.3685741177235731,-0.49922858720984,-0.4660803875208372,0.616246297705296,1.3955922938027006,-0.06963708367352717,1.840137178147159,-0.6109205450536652,-0.47661245127891844,-1.693435500582503,0.12663566512905117,0.776297415188181,0.5208342992710235,-0.9292957611297267,0.8487210812043954,0.11042184506389308,0.08382345747284933,-0.2935018800915186,-0.7389417712650782,0.14455863105062056,0.22875119064699043,1.1716797330603796,-0.8274211712775699,-0.9957613750471637,-1.3696129501945569,0.22084651959033183,-0.2809998341123455,-1.1051921289780018,-1.4438997443003303,-0.6638889446269565,-0.5898507256375615,0.9443848544848109
0.053514471167785,0.5158577539333866,-0.11902983215225035,-0.3273089499787617,-0.2976866016049336,-1.3585455891147127,-0.5763269164003962,0.21824237942562796,-1.6727613759327538,-0.9917240824991663,0.933269068515667,1.1177894971083928,-1.6776767816533178,0.6535331631671915,0.3620231487055529,1.2291481432087883,-0.057529094818104975,0.5915981677138353,0.3871139237300194,1.5148460121406346,0.6124548234557307,-0.42266233380155127,0.32434026319520226,2.05738638216307,0.2561218806340594,1.096435720934283,-1.3547114752118805,-0.32891124817691253,-1.9275290255098254,-0.08080856833652238,-3.8343631539379786,1.8428356215176676,-1.2702262773321724,-0.5363571542608122,-0.3626401502529047,-0.7496034902261319,1.9631623365377133,1.0969344551082798,-0.48627057857733114,-0.7431442993934254,-1.0398376419258761,0.15359513539499564,0.4470294104907804,0.6563866400141111,-1.7336949197597413,-0.060013888844102636,-1.7385025481583967,-0.13962159256402384,-0.8256019724113722,-0.42149089422437674,-0.9968610273753882,1.6962125784392024,-1.0280364327307137,2.679303573499072,-0.09810012603926907,0.5994590846518002,0.14889509417689695,-0.06964889894361312,-2.3772019668951745,-1.355962938065652,-0.39504768199381524,1.0994008028721312,-1.4682569217932322,-1.2273997436705182,2.2248278502996888,0.5294840954243082,0.48896375926982927,1.4101991488612158,0.8595658464061549,-0.4178199152430855,-1.4755301410731843,0.17574542179412517,-1.2074348375542618,-0.8095731245071206,-1.211379260275676,-0.6171052471619389,1.3365886620724348,0.2860157450930375,0.3736502182437166,1.000983014535779,-0.9044393136703199,0.9215989945789399,0.5817812303129868,0.13780233185434584,0.772125222525306,-0.5084343575358821,-2.2051865819052052,0.41348482695526567,-0.17135187043345768,-1.6580292047479115,0.4912931448588067,-0.9646961440494164,0.011075076663421224,0.8932227059605131
-1.1461082786843886,1.1139515389443946,0.19464508349123816,0.2607541345525085,-0.18255487339069298,-1.629631206701988,0.05054825680104988,0.5129317475835269,-1.9724510890886862,-0.2633665439701022,0.8137529377520661,1.4467800443728174,-0.3219244793989372,0.8539206440582402,-0.6676172316905822,-2.0311016104257424,-0.390397392450638,0.5586207439929717,0.2581986728544777,0.9247600766693596,0.33696712372847565,-1.0654108396740585,0.1790578159190731,1.8570533077396478,0.5302528328571223,-0.6409799293845094,-1.3680459461778232,1.6125372626911927,0.5751206394892471,-0.24124512411461477,-0.01817336788212992,0.9207513625539342,0.07247879902135385,-0.8752694213478707,-1.218498448322198,3.1213888805471486,-0.7258626491686442,-1.0102608803548754,-0.8568206088426655,-1.3470199522024735,-1.417039032502969,1.072114981775857,0.16396402858761264,-0.13971828637936268,-0.7251511899372443,-0.6577346574626357,-0.2826935045089266,-0.39410760451453775,-1.1261820797771476,-0.5065789534659817,-1.5444188848483773,-0.6395948198861312,0.8811325545421318,1.140759235517115,-0.16160668432438,-1.042657458584975,0.03469339040253844,0.2848990562998275,-1.826636297381676,0.4459542987333522,1.2733956549377616,-1.337046430963205,-1.6351474510910962,-0.7445962994043623,0.8217844888762494,1.3831795897201211,1.5854602420839514,1.813641169931631,1.7953519529903081,0.7485437000737153,0.23517909232759304,0.27436709675007365,-0.37387565126614913,0.1523958567560229,-0.1344600930836938,-1.053769378114286,0.143715574694609,-0.20978098809412515,1.1508516860079898,1.2583535905563799,0.48142386285214145,-0.25705330527385567,-0.5667445420607153,-1.356996733703116,0.42854008437373436,-0.6489661656335683,-0.27077136216715814,1.8313404509022044,-0.3205042134454565,-1.2774290050421089,-0.05276977068948191,0.12953108871137592,-0.4807247398039809,0.8048602343645659
2.7555112061338565,-2.070278316711178,-0.5603855447677418,1.3921806547159687,-1.353801461054516,-1.4252111294344076,1.716531004307301,-1.7836988839118348,-0.9915043291810677,-0.9277432398787011,-1.6213672546881146,-0.3499057835090582,-1.0356297671667907,1.0983764496492834,1.1772596848133543,-2.00749547974861,0.4330436314261885,1.8866943706743489,0.5536570016300844,-0.9984143394099493,-0.20811228246154817,-0.29520662059238717,-0.9839660906105476,-0.6008753803660615,0.051165962741790534,0.0501736052116005,0.011979796354177508,-2.028637392638059,-2.137196185053019,-0.8304056929140095,-3.046217670169473,-1.9739827929332552,-1.8160345564375016,-2.063530194595744,-2.4385542829892977,-0.6837916856201409,-2.422002523575755,0.652147201184318,-3.015320800376343,0.3170533402138344,-2.9055680145817053,-1.5658326066620476,-0.23347745115555002,1.949710011749184,-0.3261330904239435,-0.048812903549122044,-1.3811277096777612,-0.7114416654480509,-1.4968068812086268,1.0914407994067847,0.4730706365906167,-0.8840875084137304,2.061925630948926,-0.9503900028759127,-0.7069340888854536,0.048477403300258154,0.07308149331340646,0.21173071566370794,0.5513870684572146,-0.18106254381792963,0.10879860633688299,0.6395651205485238,-1.1630334696923945,-1.1072079022908154,0.798067080504471,1.0350205625176978,-1.9749068535027425,1.6751337996508804,-0.5916752117539695,-0.32028255825160856,1.3545186176765471,-1.6734977393478014,0.15213291169316268,0.5928159162547821,1.9694403230653765,0.4220296505736825,0.3825085078366486,0.13598114704732595,0.2595530864035325,0.476813319018544,-0.29494695353488637,-0.20864853230898237,-2.3143974983680327,0.5256410216743855,0.9272677473726267,-3.2764655539908984,-0.9884540761236572,-2.884258572933158,-0.29327198324129095,-0.0692589386960851,-0.5152806741093161,-0.1731161180946752,0.6683890264709875,-0.4258255819052864
0.1364598332881906,-0.9136619980262473,-0.3083262345380701,-0.3035058091953424,-1.9082047617604696,1.9824225202713237,1.940335877888221,0.6946445253691714,-1.5247529469440657,1.1691133844963622,0.8603706460258495,0.3891408116521244,1.9342936461828182,0.04162345656686947,1.030841475572783,-1.1527560902076686,0.8982906492597068,0.43497977357360734,1.5477185890621878,-0.9825972732112591,0.8000104594005615,-0.36613833693627235,0.5305040835155084,0.8182195816375606,1.128238198357793,-0.8550137862578049,-0.806853047952671,-1.0293289893861894,-1.0372831979093766,0.6115176316445624,1.0787260054018164,-1.7317166654649996,-1.7548107693060049,0.21083456442068937,-1.0475634347672662,0.19891778662233983,0.730289946431186,1.0372767395633886,-0.821340902319263,1.7966799734683838,-1.3478169005209253,1.1657562302873317,0.2014089597503968,-0.21324145200721933,1.1789734363388567,2.5887630470148806,-0.0374119627599353,-1.1646310454904027,-1.0194790351900007,1.629800359362135,-0.40135476999558073,0.11718697293089776,0.28553182788966436,0.10764342335111257,0.5442034313577356,0.25047042831606525,-0.08727819933300501,-2.172906818222292,0.21226959284831448,0.4612222738513595,1.7409767507159484,-1.122960226053448,-1.8265626519012204,-0.8686499199170175,0.87188541420201,1.6893913436084522,-0.9102943576747136,0.7561932371329578,1.0038771533684323,-0.7776587964548415,-1.2984323747456985,-0.3512158930679195,-0.43119019761740157,2.622429124413049,3.272028756462097,1.0009973484733272,-0.2219857531049564,-0.4637688236515255,1.4853414929850857,0.8249254926699048,-0.6847521537807244,0.09959155794022966,1.6290840804700677,0.7360821617619973,1.1790558422768251,-0.16528240968669372,0.37114358038881134,1.9860700927044825,-0.5187308547065526,0.4696104141111792,3.821914716454283,4.136345602532063,-0.9109203618512938,2.208013225899121
-0.8414769289222834,-0.15420295242281665,-0.465933201590835,2.713326477125376,-0.10410342978530501,1.0191737184960712,0.5546388608160214,0.40945378673166355,-0.3835884241066031,-1.164487906812241,0.01153364465333473,1.534287516170918,0.03556651654879725,-0.18397863674434556,0.4357466480611173,0.8571657047494259,0.3306477875256397,1.5253341960090667,1.6917737398155435,1.0521669190584733,1.1689776444096887,0.0507918254001094,-0.8975406339083295,2.9391479386229857,-0.355085790533598,-1.1607884999734903,1.5732345092284836,-0.7243350883818369,-0.38816629498074495,-1.428466662609169,-0.27538041886423903,-1.2306293600544764,-0.49573880763657463,0.8786773464850043,-0.6737291090630162,2.323065552331389,1.001128090464579,-0.1945486088437769,0.939569134525677,1.3321682138664084,2.422245020324299,0.4958076760931003,1.3156214037177856,1.4287070933095676,1.1006269258782022,0.9081364442208331,0.4148849512732109,0.05358094252703138,-0.42740030515285143,2.0416505570479657,0.7948729507146753,-1.3005406834357713,1.6873142789644566,-0.30283218051356187,2.661338891198476,-2.1233532522342387,-1.9246931666979892,-2.5401901870883634,-1.3282751965032742,-3.240811338270092,2.8693263389433707,-2.443503987356567,-1.7984424487888901,-3.100295915342339,0.4257152340627386,1.695837307698413,1.3069190391956613,2.1936911864183157,1.1148026303844343,0.9718449906631115,-1.902331647573326,0.8967100058720577,-1.423485609233153,1.2905721699031263,-0.28908196400662134,1.6780781866091,1.1559596955753684,-1.6197325173159665,1.500863642019402,-0.4200664954077803,-0.519634684464871,-0.37224995114994924,1.1655001107852647,0.8069290261349978,0.5490773297811613,0.6603766279633424,-1.737517817590021,3.3082889523172216,-1.0424605993845149,-1.154690554762321,1.4629096535587616,-1.1354071727444142,-0.051461879947084455,1.2326716647144063
-0.5087396317433078,0.5070635353985857,-0.4356007334909337,-0.5963278679385232,-0.19650984859758291,-0.6121570580981893,-1.189331051242318,-1.8241012978511653,-1.4160640973860772,-0.7091484238508877,-6.01434270543545,-2.5856152929564957,-2.9288150686478858,-1.707479545445284,-1.5609239892144224,-2.1462946063107777,-1.3632201383957265,-0.002734548787497626,-1.7548294450873216,2.048562846497326,0.019633419248129946,-0.8662923304417373,0.16701395938260186,0.28612723616469343,0.555274959602062,0.19187179452178593,-0.6924100180019658,0.5650248666290202,0.44270604812219927,-0.4848961916101757,0.6633769275403633,-1.5004042018501922,-0.7100466313464455,-1.2472376410575539,-1.450106635695707,-2.662164986109828,-0.05602094213564851,0.2670649721424166,-1.8282456762068338,-0.7398822604684021,-0.8744556621436632,-2.152473765000609,0.4861510138035341,-2.553505981322983,-1.5563713527333618,-2.6700296993292523,-2.7168841153420993,-2.455432199500191,-0.30783871199175317,-0.24841539323518874,-2.0163315664781694,0.5024829845568268,0.08033156813856437,-0.29437907988287176,-0.2956770485828757,0.42451915341860613,1.6573808580828981,-2.176127634932218,0.6975832673782782,1.0052536058343744,-0.5295621091343791,0.4605357692188978,1.098342465043613,0.8580453759410659,0.8651754560624991,-0.7232514843732244,-1.03792666977355,-0.6237353831946213,1.1808057954324742,0.3770670456683176,0.119753814553062,1.3470470012013247,-0.5685652653103784,-1.1603410247775061,-2.100209190495782,0.3421045791686666,0.6692002106934886,-0.3544901245495664,-0.6681044429487687,0.45137898652047426,0.23085388107710658,0.3283128848950777,-2.7448275889860825,-0.5345498977080404,-1.945478914409522,-1.2834580400909237,-1.6168270674207599,0.43044173364035077,0.7870126335139148,-1.2932340366733024,-0.13994724901567485,-0.5804190436955894,0.6061218727893398,-0.5875955302618245
0.7483110570633911,-1.598229982530043,-0.5531965703119484,1.124380538288912,-0.5383981774902853,1.821147303435116,0.9361389944562768,0.5566606923164324,-2.2189569761714694,-1.0595337220022965,2.2320059347284906,1.4727200417588393,-0.9384267164295812,1.1431219530538184,1.074799828156847,-1.4785125678206734,0.22892546450239287,0.3411781345954835,2.2600210545543296,0.5541657979044841,0.38813281485365153,1.0887022208415864,1.7112027988555947,0.06093862957038268,-0.1065200673957899,-0.23692507741178392,1.7640980804816184,-0.7107905926467646,-0.28241119388846075,0.4081189098105299,0.15818190617029326,0.7278687900278782,-0.5119644172666823,-0.29554096382694484,0.4642892156583945,1.1370700441869321,-0.8948528609420079,2.765162050767269,-0.1316717687435433,0.948429767129153,-1.2291175241085877,0.15444137257875956,0.3735933049472878,1.2599874037304626,-0.5530486662080218,1.16422268910644,0.24306685303202638,1.569257603244869,1.4403446721098787,0.29449302140075884,0.822460341972133,0.4763268917985853,0.775787055405702,0.3036487290144778,1.000867528529572,-2.5826387739261696,-1.6741139824464923,-2.2478269697055855,0.40506568851249236,-0.6890258617757457,3.977955018644144,-1.907616053241875,-0.9154195634008739,-2.394137615783151,2.184597219830736,-0.07016110097477068,0.9814385409127295,0.8844723780617185,0.2127685180765635,-0.5638006401435983,-0.6426513746092906,-0.7754038908851877,0.6048253120283088,0.4554996866379105,0.9622492153781561,-0.5344711786729434,0.8705722879624349,-0.12228099259998104,1.1446461738886957,-0.6773877514851366,-0.7120738622714327,0.010633902078129248,1.2436489664440127,-0.3974405965271575,0.21115456185622072,0.5629006448683349,-0.3232415168521214,2.854271359302863,-0.4727787875809097,-0.3019281237562488,1.3276673983948044,0.5867051526976708,-2.0876393945434053,0.5468101168380124
-1.442599977584606,1.584662588675958,0.26138017925883383,-0.5734224197537219,0.823604449027401,0.4049484399020584,-1.4913640358657743,-0.09669519421473083,0.9068355899284438,1.2790749857566979,1.0412631566960242,1.6436237742234754,-0.4790592458799668,-0.8087152905728726,-0.9366562968741661,1.7603794316885146,0.22151454649092361,-2.177762139879769,-0.35862872692455655,-0.46612190067729603,-0.24447415495011673,-0.30345432212321344,-0.9657226988168095,-3.394803829701362,-0.16358920029611368,-1.135354681773021,0.3932162810171208,-0.07489046915346195,-0.16226646828748031,-0.5718754524064191,2.4547706801532763,-0.4880250685764207,1.3202827915859727,0.8763746333463655,0.7393568413095998,-0.9764487010175511,1.1549795014964503,1.159571194934164,1.0514279154021908,-1.1355967565087906,1.2454797022673993,-0.3935983200096727,-0.7813963303659149,-1.0428103490207095,0.5499419936981538,0.8849274642778708,0.7393686498165478,-0.6736257264102907,-0.3125615305923136,-0.38849583774684326,2.561081912275558,1.4181948093542098,-0.9600995258400584,-0.014248256246817609,0.33493431152909137,0.013874632078702431,-0.7122620855504691,0.2421752357169642,0.037571867569500664,0.0306927431704489,1.4452570785906493,-1.9312139137891455,-0.6184954558252715,-1.648693370665712,-1.5206232713971155,-0.8297151096484099,0.06502859680994677,-0.2315769564919925,-0.7986320247464633,-0.28880027749728476,0.5686324931081596,-0.31369066572438176,1.8277932282578377,-0.5112542480540068,-0.8226180384988611,0.36346999439546435,-0.6267970832072897,-1.879544478956377,0.5373517431177519,0.04852211516749442,0.11628256732661962,0.6520552387859857,0.15141405040263325,-0.8918289538346359,0.8433039521507227,-0.2123612358019304,-1.508643108932961,-0.07707064314117473,-0.16013181904484616,0.0956504696883626,-0.9702145610274246,-0.7500254982832034,0.7565276684389726,-0.6699374961645885
-1.121596884217414,1.1543020436110125,0.19724459435705194,-0.033183213148564095,-0.3643278489659614,-1.8169810118639393,1.6819742198517043,0.7235373454915324,-0.833186047312745,1.1244497399436248,-1.5534383978842632,-1.019686214656398,-1.8182763969112568,0.8149187967403171,0.9744461961384182,0.9600354246707333,0.07149201387488927,-0.7495896624970011,0.23411666999282238,2.8566074155629155,1.7037343593774077,1.0784081161287828,1.4047070805862405,1.3427402522194256,0.30492201504194677,0.32251698006861684,0.6715391759374227,1.5083088519820316,-0.28083629653680825,0.020364418085878397,0.5058012589547773,0.7333240760757782,0.7370208666232216,-0.5478145075883888,2.4595321193450346,1.3501596412328247,0.2926663277699197,1.0704266493982995,1.7430726649303114,0.32751983371279025,1.9746316485461937,0.18035210753316966,1.7421600236511567,4.88927907605051,-2.0076662145718207,-1.7781134630318305,1.8055001292261297,-0.20709241897579103,-1.0167267713898092,1.7567392869816558,0.47028583379375843,1.3948710318712059,-1.0327821658849072,2.8973773107281167,0.42341117941096873,-1.377489508964327,0.027901599537865085,-0.4866875322865937,0.8803559141266997,-1.2724339260143285,-0.10336496335965228,0.5072510181332353,-0.616097375482321,-0.5493606357117558,-0.8514172484437512,-0.6638062977234586,-0.1587269082649824,-0.9546167474754859,-0.8406831975827846,-1.939612043113358,0.40832626443126685,-0.9066847924707921,-0.209444095012125,1.111809052678441,-0.7459813673676103,-1.3788315716949713,-0.45575252609578576,-0.2882518084044001,-0.013618532534322436,-0.9450454883139551,-0.3456831830500559,0.8423990730133994,0.13172726532722667,-1.5349265622157455,1.2944118363679165,-0.4411930413614381,-0.7067961017301001,0.1351640193320645,-0.251462049938143,-0.37144530789666996,-0.07905799333838393,0.12480349794816245,2.812008308805876,1.101735951806362
0.6336809679738544,-1.2848801689668508,-0.13208884756542727,0.7435937359888485,0.527417401658004,-1.0186385815334786,2.4576322872238494,-1.5179547022334312,-0.7101545833281355,1.4729855059098549,1.0241572377776489,-1.1443224234906022,-1.0990538035129207,-0.9704427614786644,0.08235324074704706,-2.439425954504153,0.2436588681358018,1.1766815925841596,0.04767230297259952,-0.30300676277852023,0.016075221486013244,1.349704477341172,-0.7074562222200758,-3.275173857884698,-0.07886396186201089,-1.4495234058926414,0.3197703885176269,-2.5899123359833833,-0.8295181765070253,-0.42673455446296127,-1.0284213843423813,-2.056432583443449,-0.3552240373952782,-0.7400785829289122,1.9039880802249463,0.5232859581989108,-1.3543297117631488,1.9674776035860362,1.0721905188501206,-1.019121592577572,-0.5438497914988902,-2.1603055233970867,0.5712034589219299,-1.084679288146467,0.391163486415432,0.39357164114647325,0.7319997302954432,-1.854916568759477,0.4764790861701396,0.3224823919266968,1.2966190350339288,-0.7733897268355288,-0.4630694422196634,-1.5552294908310698,-0.5927656466705804,-1.442057918453101,-0.6579668511377137,-1.0872839411123305,1.0697663860308475,-1.3768798201037964,0.5797826032456462,-2.074909993980103,0.873935296252568,0.29386918768830217,-2.441401347712292,0.9880452928026937,-2.3894658086455443,-1.1112350017585388,-0.7385538626415401,-0.7463125233050543,-0.13514026030965143,-0.22937074827038229,0.4158941180084065,0.2958672120877265,-0.7070193276424217,-0.28134843270320875,0.17074964298609754,0.388723997604712,1.3527444029703584,0.049295826800257854,1.3070435927068942,-0.35992451912865536,-0.4972909105452211,0.8310065665770336,0.8803830188393886,-0.6745798178602298,-0.01488284255264534,-1.291498631222605,-0.3901741047537858,1.5832839331304023,0.015956414911654226,1.553145436049897,-1.2191170043638615,-1.6826139451999578
-0.9933706409522624,0.25623725583822,-0.033594076543320764,-0.04539817442058826,0.9366526021063462,-0.7914093857176316,-2.8509107987458187,-0.17318027231777888,0.5578233406315865,-0.890221613076086,-1.8898654676459072,-0.6172568563417111,-1.2214132618918763,-0.39707583125302937,-1.316403121983484,1.5689703724957158,-1.766861861383427,-0.8832765521347853,-1.3179770772303394,-1.2483878616771606,-2.6780136442223403,-0.23877681626521008,-0.9850700386464855,-1.969112767074125,-1.4228602502797387,-0.05023035171796564,0.9334883657540054,-2.4454753816241896,-1.1281820551077828,-0.36632945353139784,-0.6856555119399355,0.3136785810450662,-0.7715151341512545,-0.06208083212121762,-2.4762018118397573,-0.15612064320038405,-1.1650636441607336,-0.6008609902418708,-1.435559983147444,0.9712395406161833,0.5967710945847955,-1.3387317766549307,-0.7467290010875971,-0.6562382639780238,-0.26248878358026145,-0.3406322854745333,-1.0698977896552064,-0.15422659062554328,0.5630494388393965,-2.04026930048298,0.8223377954463442,-1.378251742751645,-0.6067923396886039,-2.099448006488563,-2.2438627484708977,1.5202275102606033,1.8695311487070885,0.22044138064583346,0.9508128297583672,1.3357572204080486,-0.9512307638308477,-0.6258959711969402,1.0137331613016825,0.43571470090748576,-0.02555620741724081,-0.8850192139119906,-1.1430716262946086,1.0868704849027704,-0.6907059046373607,1.87976242145455,0.13940628911668762,0.3892694261468676,-0.12000617037044148,-0.2188180489388084,-3.2823656899557117,1.1916496120257356,0.11454135002644839,-0.7678482601888683,-2.178986659444254,0.5466921219513388,0.23109707952174807,0.37422766581763117,-0.495854013336657,-0.613856867650431,0.07291301923228344,1.6330324312867894,-1.584085119443941,-0.97432841972355,-0.2886708516839545,-0.06321445265233702,0.8520278173514231,-1.0762431528725787,0.30915576399509465,0.31726214450781964
0.3337672174760052,0.675711791554205,0.7128601542726974,-0.9711692339487502,0.22034909176857015,0.41436478117513525,0.767118071284106,1.7382565147866615,0.17931048770323899,1.0808641099753085,0.5339902281484104,0.800456664811251,-0.41666802603495207,2.5533243179817346,0.09406880095445999,-0.1093592323056145,-1.256814319290915,0.3739267885464145,1.0152795916193686,0.9661972357979524,-0.6078510068286134,-1.021587941440148,0.033379567344562044,1.326032485291495,0.4827377402047502,0.4948256521586842,0.4090758623182886,1.4747668030449848,0.4081849156121863,0.43282779526629356,0.5274927476902364,0.31018184460874426,0.49100900808225906,-1.525015620023226,2.095714332972581,-0.9719189169583062,3.0120532415301122,0.3697617641193761,1.2797517876996023,-0.9563589535617825,-1.256804957740652,-0.9275073893173824,-0.3503583317414274,1.2543170364544372,-0.8795221461930995,-1.9061392091828482,0.5588869392768112,0.5112246846288526,0.9572431950305995,1.2369269857491363,-2.2119438716083852,0.0005852598685525123,-2.0125361708845806,-0.7114247868551867,0.26065013172247237,0.5368996573956516,-2.322257061699153,1.479944992065163,-0.1354996961084201,0.29223991863460175,1.5512136262264558,1.1834432715435712,-2.1671898407351238,-1.532176579518502,2.349082838995513,0.9052743570023507,1.6394994759900894,-0.1407927783317598,0.1791962344056912,1.1235044803136558,0.1375652624957059,0.6175754180675104,-0.5537619183596634,-0.19557167249021642,0.3642193681364702,0.7330635204867646,-0.5292519198126351,0.45809606503894895,0.22582947889981625,0.8580395270204715,0.06198516264198456,-0.30776777130158167,-0.03169737158527841,-0.2989677722521642,1.4330763212921838,0.5693063947255409,-1.9238894982198902,1.6222381767681406,0.49867857501223667,-0.5876084273188155,-0.8147143400539015,-0.013505382610359162,0.24652207528515022,-0.5223490982552972
-1.566311959241626,1.259452313701869,-0.03664666891440366,-1.4982322093727656,1.108966266965924,1.3384322403042006,1.137228620678779,0.11942622925586431,1.3266610568135149,0.2983909222435482,0.21299024026248548,-0.7231917452522905,-0.575028434773004,0.046583670839484115,-0.48418110280628135,3.660959687502015,-1.3216500674925575,-0.4137524267071362,-0.686043857840786,1.5094398325537313,-0.4468821214579005,0.18527797698340764,-0.1477747851923138,0.7435863598323813,-0.6629282080664844,1.0026882612751813,1.6557922056363708,0.4647939217527573,1.302929624488331,-0.06280904716374001,0.19367771515919474,0.4402592835434475,1.0858548855221954,-0.4812978139917493,2.2138865927063467,-0.07299038416169878,-0.2891177508487952,0.8038178193572147,0.23576791982870213,-0.9472010264423945,0.2447902716242467,1.1866626652640926,0.3733042081533715,0.7089494673799317,0.03164174697366662,-0.6614043221177359,-0.881678852608909,1.120259299825793,0.07324361242342131,-0.97443072899216,0.328380698343016,-0.39729571538957364,-1.5321337064325042,-1.2900444728826423,-1.009714968015851,0.04159497235300197,-1.893016413563572,0.6633716812065354,0.04249159673814523,1.3511696213435913,-0.8875390961974606,-0.4972134416420663,-0.981911742042288,1.4836498381775354,-0.600481625239013,0.6144806639566569,1.0350297119976424,-1.251762798884241,1.192714334380657,-0.24401393702902596,0.5087562164283973,0.646492699964857,-0.0422042718001332,-0.5116599859888739,-0.7593296557133713,-1.3204390810799125,0.17847333925021489,0.0016132109727819977,-0.9723082762902253,0.27253235552744975,-0.742603819782367,0.029947854724270872,0.7496638103209453,0.5542989005250278,-0.44966312897331256,1.0529781944580496,-0.720774962576185,0.5506347578243014,0.10061486015641385,-1.8622365392816955,-0.5899159859871922,-1.3962137916622437,0.46140861218444207,0.594867730663639
0.2396090351086469,-0.4806213996260207,-0.010199805241468438,-0.3686807889310302,0.39293041999563844,-1.7065321308445784,0.4488419401141768,0.01838131638578311,-0.7651676110308875,0.1801228296017081,0.3019514672866356,1.6007970164479797,0.10702533116325741,0.1308086977476648,-0.0462400530494306,0.5706956348842215,-0.7521253284273565,-0.5453427701785212,-0.782863259482229,0.48060930937412877,0.3475473971503147,-0.42855332744277486,-0.7562048811259754,-0.317028242053378,0.027688358278356043,0.7135550970937367,-1.1408429570565106,-0.9189129791183008,-0.8061249985714626,1.2475958605286626,-1.7877992257152127,-0.7915390087785178,0.25356099945708677,-1.0367350768870853,0.6503707410653481,1.8976110702629683,-1.28544921970781,-0.401264101063865,-0.3796805020639951,0.8688396037611756,-1.6915256339198526,0.43790180649798904,0.4065576430624718,-0.5782353904427162,-0.01605247367458068,0.4183572132670734,-1.1838211847949351,-1.1864467466408508,1.4930721473775288,1.1981670023215354,0.07136274490882938,-0.5739874273533305,-0.7701845244659459,-2.2825995396245307,0.31098319390917095,0.6454383809038311,-0.8078832125772485,0.5623403876279227,0.7024192989925666,0.1333146071823076,0.13195624182607166,1.5829113144915143,-0.7691523587865863,1.0659977503852884,0.6474217033524312,-0.6080495899356078,-0.6363640203933694,-0.6611038719392328,-0.4042309768025229,1.6314485998048458,0.9478090141447351,0.6639033885971101,-1.3139932627250452,0.1390126807965109,-0.8052934199999877,-1.103201178371041,0.39531708796627607,-0.9968981790071544,-0.3282553602266497,-0.2375635849566886,-0.5821635246140608,0.21352206334379895,-1.6718899867821544,-1.3612993060492005,0.4454520370045638,-0.6064650790928379,-1.3401180481100416,0.45137608886864566,0.08033653188727997,-0.028088371525917505,-0.22035771085112663,-0.037563930510604165,0.46183743272312805,-0.6030684954316294
-0.437798627852603,0.08997238395946139,0.8387223834187575,0.981721902056147,1.1791689869449202,0.022938934681291906,0.5015769338641927,-0.2288374120357154,-0.22218577786525656,1.141537412208364,0.910891596491127,-0.04434074004513039,-0.3029538644338139,-0.41338063317368895,-0.38778043469740886,0.9769895834757188,0.8539132481680334,-0.7783551280046179,0.3246803297562675,-0.4876328148271072,-0.2430292353449724,-0.5742757656413653,0.2658252031430556,1.8959537862183165,-0.0014182130054926634,0.6473663475743078,0.7285343916200373,0.5313054624225894,0.7804685593587277,-1.1466400865299387,-1.9127479653926476,-0.33370848246406204,1.2091082918092275,-0.4404112075995066,-0.556553875481673,0.10835990584007227,0.18452588317404245,0.6496727825430493,0.868860753622956,-0.6183230806507908,0.7853451764059062,0.047815689114190985,0.1410865414099038,1.067299268374179,-0.43570507295918465,0.5105876225950441,-0.10467248546167218,-0.7688438761276265,1.5353433991060579,-0.6252224799563708,-0.9567762980457105,1.8511416978761839,-2.532238832121407,0.7412906557918415,0.8268613708143232,-0.4044680540569614,-2.248301141746484,1.4675943340941533,-0.359407728535882,-1.1836235913420505,0.9048720617989521,-1.1029366778998633,-1.495228017782145,-1.7450848261177065,-1.5733463928653353,0.061678547642085836,-0.5858408762270186,1.1874049065821806,0.16383748360283365,0.4505983534337903,-0.9032745559140682,-0.6519377600881708,-0.2972742751939644,1.041189763596866,-0.17969571287864994,-0.381106402203608,-0.24694132326840373,-0.3087588813388682,2.1541892651811567,1.7029456067683917,0.30805403210247573,0.09205043592391143,1.9104796768481331,0.6208885824351341,-0.9350266812501484,-0.15705504322888308,-0.7296857360697496,-0.9441608721672763,-0.7152356074561966,-2.4949044093009163,0.7591726659064137,0.6243143645048569,0.5395997530120666,1.1023062102503218
0.7965473564956372,0.25004882985163324,-0.17312068781244477,0.9352104096029066,1.1241804130693691,-0.9767344060104476,-0.06342161650665146,-0.9129158066706569,0.03342354995119323,1.6849938434005913,2.5508331316085586,0.06465670933739881,0.8496687124831785,1.793376448464345,1.00149515036226,0.831637267029208,0.3944126980429028,1.9155174740535084,-0.05115609348480615,-0.028506283005921063,-0.0930111736701078,-0.26081880854078,1.273702201420237,-0.08742980739251738,0.8357928816548599,-0.35680754824054045,-1.2135082583401722,0.7347656247854687,-0.09968186435475743,-0.6578493722441191,-0.6286579253264171,1.636613313163616,0.59734244347002,-0.6038870686450338,-1.166110533982894,-1.4803238538777868,-0.14661118847618623,1.4825643542516254,-0.5729560106630549,-0.8173822674349771,-1.1608496424003012,0.6360045914080632,0.1292876415638184,0.08136352166952379,-0.5318986169366644,-0.2945902587461572,-0.6379280547900132,0.4737001280218599,-0.43750193176342367,-0.5621424312818254,-1.0315224036789359,2.2558885449257455,0.30567639337585395,2.0328809115110347,-1.182969504781444,0.3324598993393848,-1.0517464963002117,1.8661218917076785,1.4784292124285443,0.3497747769808862,-0.5307062854482658,0.9779514998010894,-2.022775440282048,-0.19425755594055594,-2.249134264759891,-2.0540672706155996,-1.6575060156637322,-0.45031588446547344,-2.2609830330160854,-0.42359518215247005,-0.0277306971101009,-0.808542294401368,0.08585063800393158,0.8845302930617158,1.074319333138817,0.19122760225163604,0.09536335982308528,0.3604155029721629,0.7091052284296759,-0.44456944334961707,0.5089362611888606,0.1701954036981589,-0.25835131958351143,0.5704344905989983,-0.029269011054934457,-1.176695573119115,-0.6962377631465203,-1.4919505746523891,0.47450560385468843,0.49987684393922216,0.3025916210579086,-0.5148080903587493,0.09796993339206794,-1.8221081898232976
-0.9683835977100828,0.5406582316043441,-0.44430859032396003,-1.1709656402684516,1.094707065135499,0.6456164313063033,-1.8203392706276733,-4.122759913659802,-0.19729921217624125,-0.012558516368053607,0.3847298931058539,-0.16311206770379205,-1.131080210277832,0.4164456773152635,-0.1090723594680675,1.1189525944272654,-1.2147914002159055,-0.5367877921983706,0.8289397816766443,0.40495507873650527,-0.3285501296313812,-0.6290754608266438,0.2846147070625794,-0.7417511554082469,-0.24712198252324585,-0.028988807800148203,0.7147108248756034,0.506174247306246,-1.1024754097347564,-0.6891297812790449,-0.4002323168997227,-0.19191564106323467,0.8227412917777093,0.08656186215417438,0.12323166876058639,1.0889266728085232,-0.029273736029629016,-0.23607919348785814,0.650882766113792,0.553291362650489,-0.1295186235726868,-2.6445920994273395,-0.992479695522429,0.15110843302894245,-0.9430748299647915,-0.5883959583197566,-1.7400354556024271,-1.9747351646722702,0.8122852113977924,-1.0615250627203245,0.9642234132651797,0.46942381429957347,-0.8075508217748208,1.769073746633399,-0.29989848187423795,1.099111133712506,1.1283817093859727,-0.04846099825154532,-0.8421839202665976,-1.7067444150533246,-0.12991097337868895,0.4977121447522862,0.5008865152931746,1.1518710917365955,-0.43148625997684936,-0.4842017255375539,1.4535571312528932,0.23441616854864644,0.19382444186945486,-0.8106901677979439,1.8599089618043212,-0.3199074087317682,-1.2535739252559317,-0.4959373044902652,-0.7098752526986354,0.0990749040726252,0.987102639613378,-1.7840221312720392,-1.5904500280633327,-0.013721925709992965,1.6937025114092656,0.02572894543765864,-1.8822730607310674,0.4935795798117476,0.4685916248080601,-0.3833318988058885,-0.9073204224809035,0.1668858693089429,0.0503036409906608,1.2312199648479258,-0.11361340331892464,0.5996867145899437,2.2403422615597868,-0.817719212803583
-0.5882410782149261,-0.0400783730376057,0.6165525543739897,0.5017189872920973,0.465111482514438,-0.7869255773321806,1.261835592786511,-0.9608325294131349,-1.055368266323164,0.23605985420136408,-2.078139285575985,-0.7465078352312691,-0.2904147780287365,-0.23114992741834683,-0.5566480639033853,1.1348265538834499,-0.04537396080888538,-0.40136086097341994,-0.532219027099279,-0.04594372080691089,-0.8075101009395729,-0.41753457497690744,-0.025639354438580116,-2.346394329690959,-0.13155458640669648,0.4896971841017269,-1.178279307061198,0.7790078462189625,-1.463422516330615,-1.5949826901336885,0.8509078630388669,0.7522136651627775,-0.3226878948219502,1.4144560255149454,-0.9059724108921459,-0.3655579522725468,-0.28231752928956305,0.7667248067993832,0.1941988233440498,0.13827321112874877,-0.19353530103125666,-1.600671787249332,-1.5632921724438913,0.26431645634489004,-0.9609007722460816,-0.9813311937811489,-1.6082429858485785,-1.1999742384475651,-0.424864639882441,0.6913823592864226,-0.5797509926613051,-0.10491682113880418,-1.6413949686149394,-0.9345562655950272,-1.7002265093333948,-1.1383599689665878,0.7374960796496857,-0.138455374476121,-1.2176873586538013,0.7635723368014281,0.06811064153318952,0.35860263804235454,-0.7261374547371279,0.3320028848837183,-1.528376776377642,-0.45570355764679216,-1.012960085805862,-1.5182417597144928,-1.91884002796493,-1.6523926862139628,-0.016223960961842893,-0.1157798532253117,0.03270981707364484,-0.6842673461446842,-0.11738543753231268,-0.07053861291674204,-1.245704642280485,0.09550462730965342,-0.9520710046642963,-0.3307038529762429,0.46145904364267365,0.058654519694282724,-1.6517467598228495,-1.0423582752919316,-0.09070411980513617,-1.6500409620623884,-1.4956668314958148,-1.2348139825488216,0.3025954980946123,0.6349500399895175,-0.8743747284949697,0.1614891355052267,1.1838488610482936,0.11002935941988037
-0.565497895683117,1.9495989034669827,-0.12889064627706173,0.7310236116251816,-0.06318933965516127,-0.8998430907156405,1.4139155899569336,2.044592288667511,1.7473721943739444,2.5626283130428167,-2.1596419065300188,0.027453331213710297,-0.2872394974048722,1.2331230606033436,0.4884692329661151,2.088853573860035,-0.4678262742092178,-0.471891544977333,0.06748411522781167,-1.3619779537350398,-1.469797079957162,-0.2224039299088152,0.594922257682156,-1.9226595535372843,-0.9808153692657156,-0.021856112832405516,-0.6630841055546847,1.4379134574022134,1.1747418047881226,0.20651567386905148,0.9106915064813792,0.6227368142331773,0.9627764229074064,-0.2907869307728965,0.7950460958329792,1.302148857868719,0.9679873955925504,0.0643367602485029,0.7498515904210425,0.5628510383332038,-0.3324454149884383,-0.559514291724784,-2.190807386124777,-0.16668080743555969,-0.8387360153462573,-1.8942831275661374,0.44985459235171493,0.09668650577221294,-0.5784542337594507,-0.7143783643591934,-0.6052157547757518,-0.4606880215479401,-1.5640652381564681,-2.779380263838583,-0.4223768038817099,0.26058565335690176,0.7528807368149354,0.3466547751273775,0.5780462412118027,-2.707269597182545,0.8768087182371032,-0.33848966662379254,-0.8208066142094393,0.049725102591448994,0.2911974624233459,-1.7168077198054137,-0.2712045606315011,-1.819003302538933,0.6447143539015693,-0.04958686428704426,2.5516680635979068,1.6267837863048293,0.05112183261672276,-1.3596869868828723,-1.5142670419161481,0.9299588256781615,0.427467924651885,0.7949443835924956,0.5628583927032508,-0.7038382181697117,-1.8257000757110078,-1.5481650138586773,1.6186826821701765,-1.5049638662515081,-2.251684136645061,2.541767523960513,1.4980474384006282,-2.1217525160365582,0.4274211648813609,-1.9403046779386455,-0.753580238487219,-1.0108226109951022,1.0753693304590723,-0.27421178654642864
