Cells_AreaShape_Compactness,Cells_AreaShape_FormFactor,Cells_AreaShape_Zernike_2_2,Cells_AreaShape_Zernike_3_1,Cells_AreaShape_Zernike_4_2,Cells_Correlation_Correlation_DNA_Mito,Cells_Correlation_Correlation_DNA_RNA,Cells_Correlation_Correlation_Mito_ER,Cells_Correlation_Overlap_DNA_Mito,Cells_Correlation_Overlap_DNA_RNA,Cells_Correlation_Overlap_ER_RNA,Cells_Correlation_Overlap_Mito_RNA,Cells_Correlation_Overlap_RNA_AGP,Cells_Intensity_MassDisplacement_DNA,Cells_Intensity_MaxIntensityEdge_Mito,Cells_Neighbors_AngleBetweenNeighbors_Adjacent,Cells_RadialDistribution_MeanFrac_AGP_3of4,Cells_RadialDistribution_MeanFrac_DNA_3of4,Cells_RadialDistribution_MeanFrac_ER_3of4,Cells_RadialDistribution_RadialCV_AGP_1of4,Cells_RadialDistribution_RadialCV_AGP_3of4,Cells_RadialDistribution_RadialCV_AGP_4of4,Cells_RadialDistribution_RadialCV_DNA_1of4,Cells_RadialDistribution_RadialCV_ER_1of4,Cells_RadialDistribution_RadialCV_Mito_1of4,Cells_RadialDistribution_RadialCV_RNA_1of4,Cells_RadialDistribution_RadialCV_RNA_4of4,Cytoplasm_AreaShape_FormFactor,Cytoplasm_AreaShape_Zernike_3_1,Cytoplasm_AreaShape_Zernike_3_3,Cytoplasm_AreaShape_Zernike_4_0,Cytoplasm_AreaShape_Zernike_4_2,Cytoplasm_AreaShape_Zernike_4_4,Cytoplasm_AreaShape_Zernike_5_5,Cytoplasm_AreaShape_Zernike_6_6,Cytoplasm_AreaShape_Zernike_7_3,Cytoplasm_AreaShape_Zernike_8_2,Cytoplasm_AreaShape_Zernike_8_6,Cytoplasm_AreaShape_Zernike_8_8,Cytoplasm_AreaShape_Zernike_9_5,Cytoplasm_AreaShape_Zernike_9_9,Cytoplasm_Correlation_Correlation_Mito_AGP,Cytoplasm_Correlation_K_DNA_AGP,Cytoplasm_Correlation_K_DNA_RNA,Cytoplasm_Correlation_Overlap_DNA_AGP,Cytoplasm_Correlation_Overlap_DNA_ER,Cytoplasm_Correlation_Overlap_ER_AGP,Cytoplasm_Correlation_Overlap_Mito_AGP,Cytoplasm_Granularity_2_AGP,Cytoplasm_Intensity_IntegratedIntensityEdge_AGP,Cytoplasm_RadialDistribution_MeanFrac_RNA_4of4,Cytoplasm_RadialDistribution_RadialCV_AGP_1of4,Cytoplasm_RadialDistribution_RadialCV_DNA_2of4,Cytoplasm_RadialDistribution_RadialCV_RNA_1of4,Cytoplasm_RadialDistribution_RadialCV_RNA_4of4,Nuclei_AreaShape_Eccentricity,Nuclei_AreaShape_Zernike_1_1,Nuclei_AreaShape_Zernike_2_2,Nuclei_AreaShape_Zernike_4_2,Nuclei_AreaShape_Zernike_5_3,Nuclei_AreaShape_Zernike_6_0,Nuclei_AreaShape_Zernike_6_2,Nuclei_AreaShape_Zernike_7_1,Nuclei_AreaShape_Zernike_9_5,Nuclei_Correlation_Correlation_ER_AGP,Nuclei_Correlation_Correlation_ER_RNA,Nuclei_Correlation_Correlation_Mito_AGP,Nuclei_Correlation_Correlation_Mito_RNA,Nuclei_Correlation_Correlation_RNA_AGP,Nuclei_Correlation_K_AGP_ER,Nuclei_Correlation_Overlap_DNA_RNA,Nuclei_Correlation_Overlap_ER_AGP,Nuclei_Granularity_1_DNA,Nuclei_Granularity_2_ER,Nuclei_Granularity_3_AGP,Nuclei_Granularity_3_DNA,Nuclei_Granularity_3_Mito,Nuclei_Granularity_4_DNA,Nuclei_Granularity_5_DNA,Nuclei_Intensity_IntegratedIntensity_DNA,Nuclei_Intensity_MassDisplacement_DNA,Nuclei_Intensity_MassDisplacement_RNA,Nuclei_RadialDistribution_FracAtD_Mito_3of4,Nuclei_RadialDistribution_FracAtD_RNA_3of4,Nuclei_RadialDistribution_MeanFrac_DNA_3of4,Nuclei_RadialDistribution_MeanFrac_Mito_3of4,Nuclei_RadialDistribution_MeanFrac_RNA_3of4,Nuclei_RadialDistribution_RadialCV_AGP_3of4,Nuclei_RadialDistribution_RadialCV_DNA_1of4,Nuclei_RadialDistribution_RadialCV_DNA_4of4,Nuclei_RadialDistribution_RadialCV_ER_1of4,Nuclei_RadialDistribution_RadialCV_Mito_1of4,Nuclei_RadialDistribution_RadialCV_RNA_1of4,Nuclei_RadialDistribution_RadialCV_RNA_3of4
0.8223759364110835,-0.1310485518818475,-0.969540554790347,-0.008283135049386603,0.7238339131902434,0.13682766058890306,-0.7504405450299255,-1.6440165175169377,0.23088526171677343,-0.33448665637043506,-1.3148638481440111,-1.4257693308228927,-2.2384942023920003,0.20226556423471614,0.8267783048974993,0.46263043242276813,-0.8905782475105282,1.169217045982299,0.5202708886840487,0.6134762675941894,-0.7167118159652863,-0.07631847082669604,1.0238887793110507,-1.5356851416690498,0.5078449681216144,0.05196153034002149,1.3690323536644387,-0.40755683264717646,1.0059872922916162,-0.24497472929835706,-0.1858636500875095,-0.23380580953790123,0.14943934171299467,-2.7320713246500805,1.8521416756963607,-2.8783102171766983,-1.121360735716142,0.6025505883777582,-1.0266102068024354,-0.24685515836072294,-0.45936259897484594,-0.676662360023341,-0.46430174287924064,-0.007328418320251662,-1.3846021677423719,-0.9321964306593862,-3.0415679586374336,-1.0816147503392581,0.6695376870329295,-2.154457985826574,-2.2862114329143726,-0.9687611513040715,0.5400864131554147,-1.782163196064222,0.6902021257637139,0.08103272661076788,0.7862739017149509,-1.21340288693492,-1.3424108175459386,0.46994540939360147,1.0450754584244044,0.8490700939240765,-0.8659351663378951,-0.310333161111846,1.1038068257604958,0.7710589561698374,-0.4643176934200668,1.5490002421429538,1.3038224371272444,2.878110407613021,-1.1511533950519264,0.44169158852898904,0.7719296322720584,0.17748043307204914,0.7926484212492247,-0.5043785204150794,-1.4294476720142058,1.208153320373367,0.04325113021463046,0.5916107923068663,-1.6697932481637108,1.0086394983448592,0.5154714559908555,0.3788478675209048,1.5618007369280766,-0.08046757678207897,0.37216677198085135,2.481009043032961,-0.6858865280610725,-0.9991118139399618,0.8027190903369352,0.02370646140582434,0.9731961387479662,-0.7979455766113002
-0.5087120183330938,-1.3484705439250408,-0.8610942531696053,0.5462689987106998,0.7629596554671577,-1.087125190078392,-1.2860045608274064,0.9315654463846859,-0.030617108642139845,1.0692254456226675,1.4951897195778296,1.141750038776304,1.3424537942974095,-0.271368497508926,0.8233963158773384,-0.041518282311080235,0.5270941522421697,-0.2955457492473421,-0.22075339558331117,-0.8558977394759861,-0.01028216980798459,1.2321767858349797,0.38414014063116636,-1.102303973767522,0.49484856529077326,1.1576662369652686,-0.6802551304958149,-1.1477440824887724,-1.299506461690847,-1.835814516018231,0.5802275700049808,0.9375557112276192,1.1110652938247654,-0.12325585507012578,0.20154713714279615,1.033646187119822,-0.05479658627250372,0.510943875990485,1.6595330157777926,0.32771823411827394,0.10921705021386156,1.4384452592442993,0.3039586711574451,0.43660502988760214,0.16132912138121405,0.2542261608414482,0.5832070762398956,-0.6443246547009867,0.6600726590183245,2.3248886016982757,0.9920728152541018,0.8917200414105328,-0.38079218912993584,0.3446430983103152,-1.7003815710434975,0.8632796174720025,-0.11180185731642184,0.7687096503100781,0.07188493088287004,-1.682699070025148,-0.9242639864926168,0.47056802232749007,2.5892554822891727,0.13698307445735375,-0.8089861086980232,1.8723960779218305,-0.10404205097734998,-0.37871246387333896,-0.6130210481898924,-1.278563961254095,-1.4435102858133155,-0.7518735652613657,0.1155283704349652,-0.5601457536789833,1.0771067583157876,-0.13342558244061442,-0.8604852824757518,0.9241833172689351,0.15472505143883858,-2.0846666612950218,-1.996754182897031,1.3730314963444268,-0.5152355921001383,-0.21941296114000716,-1.007975193751814,-0.7669138158501627,-0.06834777862064009,-1.4048284442198327,0.7465391935718935,-0.8146945372587449,0.942005683049227,1.0506048874403682,1.4298259600828882,1.6088288541323412
-0.5148274434251079,0.7956493400461946,-0.4526913075701292,0.6550900800035949,-0.1330796580012763,1.9832069253027451,-1.1659239414808436,0.29800939742979154,-1.1166630684842227,-2.6838071289579233,-0.24598039301774877,0.03651657152548568,-0.049488499780187614,-0.975295400532337,-0.06476389165106579,0.24434226335109033,-0.5929894076890114,0.3910565752974429,-1.0388523472891966,0.7253874181983043,-0.6786887064046921,-0.20674855321367036,0.5975582745956628,1.4590285289122087,-0.16299093547199475,1.5676900418925674,0.2626016627665008,1.2494101884736057,-0.7138286766959316,-0.39544514546565257,-1.230833737468382,0.14234088661730132,-0.20109692229253595,0.18166126689131934,-0.3160054096479796,0.34792283824151493,-0.13215207628021497,0.4150430820699788,-1.232893617421945,-1.2075761881476055,0.237658507803197,-0.7299650560721087,-1.896986387409242,-1.8933726262881092,-0.7642756443877905,-1.2358208298020255,0.4931542734434107,0.09938333105493463,0.37609184187007627,-2.800063916544078,-1.6958684804711621,0.5234954996992913,0.6220843422907907,0.0603400260800348,-0.02666481506473293,0.9425078379125247,-0.14130607046278848,-1.5116864182590422,-0.5097872655504045,-0.8788712394963274,0.6782688680125231,-0.5811555650602568,1.3474444309936437,0.8693184167924711,2.4248167816753847,0.7063258051547305,0.4801899181087439,1.6946468658089398,1.2770604664334912,2.4850791258542846,-1.6915697426591092,1.7373159556434494,0.5914672603370258,1.4897518438944195,-1.2144873621921446,-0.670370441467218,-0.5459497103472193,-3.099247192582999,-1.6517596017447644,0.2526340268062214,-0.6870995444237067,-0.3778843072588484,0.9867479865348274,-0.9795093668999788,0.027726900392819,0.15161644253163964,0.4397863935467473,0.005316938749688638,-0.3813011708685764,-0.7774882873059723,0.30889648130876945,-1.318873912684298,-1.483852066673269,-1.8805985142128332
0.3931708819745235,-1.3605985223492352,-0.35534445427130656,0.76832887598247,-0.13015978150772156,1.1750258821296522,-0.1123717457462737,-0.02465410671013256,0.6128388008176302,-2.0466186526154226,-0.5960380900700326,-0.5234531817527152,-0.43877390341168965,-0.19104318398025721,0.016270184721394222,1.1953839643132569,0.11986793954766317,-0.20648905431559716,0.2515547396201918,1.4944866250373194,-0.09941134975609633,-0.4831720187279674,-0.6753355557208649,-0.503434419620518,0.19103654794884473,1.3358181354103276,2.5464913048760818,0.1788204029129693,-1.5841882263270246,-0.8767447984998585,-0.43839669213586874,0.5600126390766303,-1.1144740989264268,0.2206142674253108,-1.6927925789047373,2.8754042024947077,1.5864097540169073,-0.6808257228161415,-1.8137836187313994,1.863101495702911,2.4178093349092333,-1.9563025359421897,-0.576312701396555,-1.6471517329670236,-0.1693507354283863,-0.8146602018113309,0.11391125704902083,-1.057494571154359,-0.06012333462114117,0.0873481866275625,0.5362166737448633,0.690144232006693,1.029670705049995,1.340433720262273,-0.4632327453706833,1.743143361212434,0.9822325995504986,-0.9494162604307191,-0.6889488420260386,0.2272215111825142,-3.277711413683748,0.304860471673694,0.23155751583119139,0.558649495640033,0.4541055762272769,0.12897915103602506,1.313403670087782,0.562906725956765,2.211904295696615,0.27200577411194526,-1.154596800302758,0.8144610336562899,0.566851343637132,-1.4105902779257407,-0.561549629115918,-0.8603197429972729,-0.602536206388798,0.393782172578786,-0.2904616776115331,0.4421195430688386,0.8197525125376744,-0.10074542161707277,0.013522734664062286,-0.3137437223182146,0.42761750527329334,0.22696955953015874,-0.2320014405389066,-0.2685215161465988,0.6470126310823571,-0.674651304065939,-0.13344478996336656,-0.7898837665672541,0.46799151915187487,-0.6962166557439375
3.277288117648684,-1.7394980077997984,0.09700182032088434,0.8275258175156535,2.1613643217658516,-1.293005631958081,1.508229791029602,-1.9345064690884999,-1.4559421950859037,-1.8809871272700425,2.1199044197390364,-0.8434121584929679,1.2969023560681439,1.102766918104686,-1.6643302983099353,-3.9767010691798594,2.1584684284692357,0.7680956642479828,2.656373346286588,0.32063930464903523,1.5544043075192235,3.063248184326136,-1.1218484271126443,-1.9698161685123416,-0.311954881049333,-0.02270682376511357,2.4456319014829986,-2.240445268905155,-0.7480484075029383,-0.6234678073693642,-1.2384192246117618,0.2417213789708057,-0.8831180415220921,-0.3382730713617905,-1.4514197651533962,0.8138560894851216,0.3964381702535559,2.9983738499353008,0.15901518635791811,0.3178845773460416,-1.9087276308250818,-0.3390493944868127,2.515846035173115,-1.02879346888618,0.1766852888605511,2.0153556917692677,-0.798940953152986,-0.4459025399966434,0.2521274338092712,2.6203868264433767,-0.6765641375565603,-0.2334200277961837,0.8492836745197085,-0.5840913725093959,0.6067662596206761,1.0955631512706616,2.3836870993175943,1.6210099350212448,-1.145325305746678,-1.8738666248198643,-0.8183912509443203,1.051301852674936,-0.3956426078015708,-0.995750893102713,-0.37429660726996244,0.8463779797948102,-2.760683668416237,0.745533501324825,0.3563926477460143,-1.818203039496348,-1.7909317135929317,-1.5477036181113655,-2.242482688884335,1.1511405881294468,-0.43012324611017416,0.960580189593726,-0.4374529213564111,2.185723078186941,2.009761593508969,-1.2715268332476704,2.3135332585991053,-0.1516919358063762,-0.9606752307858172,0.518298000784749,1.6714638758943354,-1.875522813905977,0.3554859342508261,1.39234766880997,0.7410812133864679,3.6143576859952846,1.0868053162045266,0.9547178269530766,-1.915790027252979,0.3136798176838421
-0.8429442634430968,0.4541386151095819,0.39756715923775326,-0.7206876507505917,-0.4912153842088529,1.5934604146333062,-1.3165755984933085,1.104049838118928,-0.051557538532676694,0.6917496641387155,0.863369408864992,0.04019702946566672,-1.0079469712249935,0.4809703103241323,0.3618471554729006,0.5976167807659153,0.21043836039912034,-0.7914451823632203,-0.2187284128596228,0.6623818479238814,0.706839481338006,-1.0525975886874732,0.368132035231264,-0.10135680700096983,-0.3555308132843598,1.1123497854318272,1.0489419451617858,0.8379838268938111,-0.665558668840003,-1.688376792416211,-0.5206367231276712,1.484097087876551,0.4220751973643222,-0.05954050962344516,0.38454722281651865,1.912792178938067,0.09326502388723468,0.24161711417186282,-0.35060730119016864,-1.5438293582032074,0.2960825283226937,1.7204910835862566,-1.6963247558026242,-1.0137058155253715,0.5710266293090339,-0.20313066986822273,1.0809824898722078,0.44584493551791526,-1.2416884158371109,-1.2547852702609203,1.195798264791309,0.9303237548237571,-0.36703093135226655,0.10028356536177108,-0.8930707058731081,-2.0090575320368984,-0.8087565367012984,0.12200951656255321,0.35644954730859973,0.08830822820899217,0.6236168113305773,-1.4886961450925873,-0.2779443716444384,0.6767267498969891,-2.878707139201703,-0.5204174652462185,-1.5481702178186536,1.6288266948748222,-0.8341041224653782,-0.8985857202995864,-0.40394437342026085,0.2719861490355254,-0.48500049338516094,-0.19430882821883408,-0.6799592001697621,-0.05957289206249344,0.8006752609168992,0.8874681622279711,0.9792557152109647,1.0061034886881057,0.24709509165837984,0.676370087770994,1.3705129064366406,-0.8791506967620933,-1.4368167451680947,0.9320057041416508,1.7117479239556905,-1.5277948675628825,0.10876854402605549,-0.5749410383160027,0.17999225615628234,0.4268799027145049,-0.5409352920151467,0.26953024381976987
-1.490104683612115,1.268980361214352,-0.8981267067339868,-1.5695698490801633,-1.3234334848845153,1.882252207727182,1.3257600504046203,-0.947097114367057,-2.9068329413230622,0.27788886414432423,1.967799614015064,-0.2787540332519345,-0.04163388336011464,-1.0772283459330378,0.4593467036752408,0.2824635357618407,-0.06975834017408587,-1.6600431764921217,-0.540714692905585,1.2370568270973274,1.9164209682413484,-0.791831532169845,0.6484739735972972,2.212108419464441,1.3538725745208908,1.0717324500834438,-1.5196634913855336,1.8290896435637967,-0.2275502155936161,-0.6347351965199961,2.905948019137023,-1.6344950459364396,0.02965158245145602,-0.18142011713848816,-1.3329501578828036,0.1971952493102393,-0.49459413784972905,-0.8313364708002364,-0.009095418188340254,-1.978833271862801,-1.6147386296328765,0.030392581168809087,0.4914662318758406,-0.39304754770793,-3.7184564547695373,-0.6872433168894078,1.3172331499427457,-1.5316130651020918,0.7951645382060935,-2.291415559108207,-3.110293058113562,1.1905043744043857,2.1056865220968595,2.8473251131518222,-1.4925095452148378,-1.9401176837204916,-1.1184234446968797,-0.29269056616370226,1.516599541441852,0.2921398750559324,1.146348209330689,-3.171485097389824,-1.102564413029226,0.2711900016806654,0.14166400102004165,0.41555415534185963,0.3848113328581122,2.119439263279788,1.5502606000720691,-1.109411084318889,-2.365568872579453,-0.9631350982667756,-1.2596423545835984,1.470775682953568,1.4272872607992917,0.34069453802115096,-0.4095015803826787,-0.7095069372584437,0.8707562766327877,0.8905494822178376,-0.5039901693175095,-0.10280344064515223,-0.38813535124908327,0.45811901301880986,-0.6490430181299975,-0.17827596341176638,-0.23608684961543408,0.3564356301955191,-1.215530633776332,-1.0229049250382394,0.1990447621734912,2.635036498405979,0.12198977424515567,0.0960388021197831
0.7249782808588632,-1.2810232196688616,0.22157463124119303,1.0018526346956622,1.3260379835041725,-0.3953205636003131,0.8245667848409726,-0.255169072963362,-0.3244358295449483,0.07114555464609437,1.4584422650871933,-0.31244908349218004,0.5341032597735687,1.0789530600601265,0.80427214644644,-0.06673226426179646,0.7135875709540799,0.4123953965872048,0.6252143824347263,0.0905246638561508,0.902854768037004,0.5933994596254901,0.4161996643055973,-0.07242796455839301,-0.1527543874043974,0.31417694491007897,-0.1952320576089447,-0.07806299190709443,-0.17612802702269736,0.20838882689285076,-0.8519957225495497,0.77563531114537,-0.2699746763181775,-0.18547429766760218,-0.8352481719914633,1.66439888077951,1.0462153077018415,1.1115554668097987,-0.5683957278958051,1.7394886364408684,1.4408184505655455,-1.1310306438049236,-0.9330980071747279,-0.9691747348702969,-0.006622624807079203,0.9855293581387303,-0.4650491156141211,-0.7753764823172415,-0.17810857381721246,1.3316888849014066,-0.5907566503247026,0.5194842221942515,-0.23370850345835037,-0.3594045290476734,-1.842667795411733,-0.2386415690919405,-0.8563387368427972,-0.1596628071288957,-0.8463247743769451,0.8099267712722549,0.62609631701579,1.5034855501898363,-1.2066654042932008,-1.0584738527612876,-2.211848693721089,1.146563212964669,-1.4795154594115176,0.8707535381747118,-1.1426729887323261,-2.1250798938272633,-2.0479871347068177,-1.7918853196275182,-1.4254457501190938,0.7050296776257675,2.030243285312671,0.33304254538197864,0.12094063950281399,1.9699891943190737,0.4967880536874193,0.8651347205405968,1.9810389093790708,0.44260094742122513,-0.7231741110443641,1.7904195575154507,1.212689753969219,-0.9092482295274392,-0.8303708550004512,-1.585086706074983,0.41073785436392046,1.6934107435273331,0.8800763664302448,0.27213276373853734,0.3579438393794492,-0.024362163322209585
-0.7803177058955049,0.314706396335673,0.17664281691391354,-0.12017452925817534,-0.028966886431191358,0.5738090968741907,-0.7700500237559399,-0.26248788704202897,-2.4147469956373486,-2.4558326175272733,-1.2206890767647889,-0.9846566616241812,-3.124846251003381,0.031150178522177524,0.285513728117621,-1.1384096655119198,-0.0916809681825489,-0.6705116863910023,-0.15381895608938378,2.3033421748132845,1.7286019525222895,-1.347625623644327,0.9419808989629899,0.673427913025447,1.3010655535135942,1.0402318713620486,0.4578494127336026,0.6229979544234538,-0.503252458474476,-0.27385819153203106,-0.4703505370944471,-0.37777030875235035,-0.8594755144964141,1.387039050792228,-2.0606631967591933,-1.3054100056945517,-0.4804448200344835,0.11873359007154272,-2.773581233095936,0.4585365682363344,-0.3621195540798668,-0.2831598911617447,-1.488940197831135,-0.6770515817895102,-3.521447667178519,-1.0251107729663118,-2.557021428790688,-1.0004716236726157,1.907236503878226,-2.003000201509384,-1.7712500579363575,1.247847379720108,1.4439598940558294,1.909995885121319,1.4487901379904098,1.5383009813445245,2.577317691115221,1.0445182246973668,-0.157178021978164,2.037701508701585,-1.0289970019078052,0.9306140473833577,0.758255397989836,0.2247840786966281,2.0604814121193855,-0.26654114891524394,0.5974802191605141,-0.2549401847658519,0.5329202751029318,2.0269397997424643,0.12977946149444905,1.719630908513952,-1.6801968019477154,-0.30203443595028234,-2.001818633455853,-0.42012246558477223,-0.046590296984372594,-1.776686386640983,-1.875472330162543,-0.2425964914150232,0.25211301499958083,-0.055159201686911526,-1.8367496505670284,0.25647724999607574,-1.956253703677588,-1.1298098274941406,-0.29356811094626206,0.6285420382928363,1.2435517664666513,0.09791269562347232,-0.8929126281298491,0.049684044107983744,-0.7067785500442861,-0.4587035783570677
-0.3676112018970305,0.4611772439479317,0.1341792060651077,0.4431962068849351,-0.055497852728784956,0.680987247051746,3.294203228590508,1.7143703449685936,2.2464112668259464,4.201038558859413,-3.140012370102266,-2.3260519064359446,-3.6083716783645703,-0.2862312051746333,0.3355561686329864,-0.2713118348867161,-0.03146437234864485,-0.7464939478711204,0.8720374385971392,0.5015641976968945,-0.8649706401246458,-1.4719541555451383,1.9502634304373556,-0.13817227535622922,-0.1448504448771575,0.6593336576251674,1.699940625421855,2.0950407612127857,-0.6137240070810372,-0.06879489545606865,0.9742102458764095,1.5174317369621115,1.3955922782178116,1.7479406154810495,-0.5452721383178752,0.4712752226036012,0.8595488228798305,0.6852490686409475,0.6429208464186063,-0.03658527132412321,0.31503703245783216,0.6525815084143027,0.7666799771425697,3.361151400768618,-2.2415763423193233,-2.499718531690971,-0.1781865250733321,0.2558422819310563,1.5373773539186555,-1.6931004422747291,-1.4187826351058368,0.7431720719730431,-2.102275365852747,0.6569075369770238,1.8140717860231266,0.4936712631350064,-0.38512007636338497,0.7175716626861043,-0.4561391275104183,-1.122983406545792,-0.7293416192178214,-1.9534423303030723,-1.658008047785999,-0.610830019814292,5.213140044876676,-4.997249080707149,2.1589452475325928,-2.927512066492228,0.9454496131706276,1.3973469818115372,3.5473386756689376,3.901962264367905,0.02653816342805307,-0.8886271607063336,-2.584505326727363,-1.2641897842483432,0.8512361787302951,1.7337490347086542,-0.30230979612470604,0.09667215160587343,-2.4533607799884285,-0.24441281164515774,1.3001128365166341,0.39485002001022934,-2.1241988978118953,1.1393336136970347,2.9741102687386807,-0.7919686942706587,-0.3764378319237256,-1.0993691059380335,-0.9199872682002674,-0.9910722101134409,2.2077134322266296,2.5394092731193147
1.061922076567792,-1.2868899881806248,-0.28088674593808177,2.8539871716275327,1.2643815750791692,-0.18472326053938676,-0.8691222959206378,1.43491288907803,-0.8613758424740035,-2.248726858029755,-0.689934498576042,0.06919989893633055,-0.17174437008499394,0.8399982598821708,-0.5025283627786412,0.2723517637534385,0.20466179488328867,0.7409546617097169,0.6662110725184336,0.88856654404478,0.2736231878839363,1.6268694170740605,-0.14032120643263446,-0.41453730179667325,-0.03566211656511738,-0.07741239992920154,2.466769626088095,-0.1884690481997393,-1.454200559504804,-1.850846748131367,-1.513982313418354,1.4752698621434528,-0.03212914600258744,-1.2335229936420344,1.4577680984882226,1.078220106787319,-0.14912150629704224,0.4641940791900807,1.9780314192665203,2.0513322745732054,0.8175339962661843,0.2453231793358259,1.107139051040298,-0.7806307979912575,0.8100570749498668,1.9811899671979156,-0.6010125962451054,0.3378503899748039,0.1594514088982833,2.4619436222101254,1.7498965771349502,-0.9932406026597786,-0.5883979492920882,-0.7895819393392567,1.6043647546293174,1.9830732604112682,-0.5047036192674402,1.271020229278515,3.325381491370204,0.8879964823131296,-1.5107472471872103,0.40624136931231464,0.21682747598540628,0.0868744224529922,-1.3582288266023128,0.5374401796164416,0.32480282243481773,1.1985468460317863,-0.11177363641246194,-1.8955431911951068,-1.838016087306387,-1.4320924854069328,0.1499907593268347,-0.49408954702619534,-0.3947306717000798,0.44721849786480067,-0.8812918221351939,-0.7033484719641336,-0.4313599229067926,-1.077576050773998,1.0187488569023475,0.3828580195669577,-0.0765446221304169,0.6858831701820401,-0.2515112850525555,-0.42886919770594345,-1.4490335683537627,1.982581207204094,0.3162332827674399,0.36785424128698874,1.0110335723478938,-0.40420232679384105,-0.2393745332371413,-0.08460458437026841
1.245270333764266,-2.4744800670739666,-0.23533953405012983,0.27961480793880644,1.098546072388321,0.6569094293881254,0.19041992670726682,-0.8928853491187554,-0.5057222352135057,1.9006307857103693,1.402986618542559,-2.0008337643123393,0.549463705835951,1.8688453530144666,0.025932876437145147,0.984918824748077,1.2067423782950994,1.1615750016423372,1.2436902883942706,0.8882631943578929,1.232039704781773,-0.7455376607982339,1.2238982148800586,1.4488474422145226,0.391625827671371,1.5394600441175026,0.13311675398815298,-0.15551389731683254,0.6289333044306387,-1.4449775413001342,-1.6595900100495067,-1.8958952680533283,-0.4570308971381635,-3.1125334913167473,-0.23693767360977447,-0.4654678151242228,-0.8022580055216209,1.2028410979431952,0.3731966415084308,0.529584929428936,-1.258887041644637,-1.5428065229118606,-0.06415445214393403,1.366027520915129,1.0566966973567031,0.13116189471190928,1.6063551672704284,-0.1576978908552231,-0.978165104574002,0.0007812613265937851,-1.9309982280052669,1.7229278312018614,0.13498391938740667,1.5613970674450801,-0.2460275517403515,0.009846937924255783,-1.5963769753759816,2.41308273743753,0.3862785244275958,-0.9813554767489426,-0.21166502845928648,1.7717377598765216,-1.8874166126429068,-0.6693747755649738,-1.7093687530831736,-0.524183363887319,-1.4826592316601581,-1.533785405554108,-2.1390902911086265,-2.6906632680768157,-0.019674383432937495,-0.504940870332918,-1.0746198504853164,0.24888329590782116,1.0983612809868926,-0.512539351683484,0.050443172586636,-0.4559365108753104,2.3925622314936867,0.5136170984283844,0.9798517071986584,-1.0068892582076334,0.5963086610764397,0.02571011774908517,1.9234593878324824,-0.35194493592597953,1.6575602870847554,-2.333439457251568,0.049412033109295365,0.2665910726618523,0.15247928336319463,-0.5458485226950633,-0.284690978803273,-0.44026109029538163
-0.4452045047136437,0.17067730250750912,-0.328106161808773,-0.5659015937802376,0.7677094753119031,-0.1903128770833472,0.6493287880303995,0.4280078409096119,0.7945921437952225,2.249194245358445,0.31610785040307665,-1.0455755847893782,0.5412674122359815,0.7056385515787902,-0.02512476277104771,0.6264824927636768,1.1386251560643275,0.07395682299287507,-0.4058984617776118,0.13817036159596446,1.8009144407557536,0.1580364582873816,2.8036692638700447,0.4005689709769689,1.1787810785398198,0.5783911069667347,0.22585144648469474,1.9703066222182524,0.5095803071810106,1.0173094847934774,0.7141834303448632,0.4963880529944387,1.1001245196510951,0.7636309826175225,-0.9113614453075269,2.3471554152895675,-0.009329657046336037,0.15359190449419158,0.32602976006566803,-0.3942829966542088,-0.46053692693130127,-0.5189553785618464,0.8957914355520932,0.3401109178422115,0.46076297831841756,-0.12121339389343738,-0.38670377013696594,1.035918998991503,0.5047143502158259,0.44886064670162595,-0.266599485475627,0.37957752971635494,0.1426650067567518,0.8818019387594092,-1.159444489729374,1.1064118139459171,1.4979394887788189,0.36681082002300536,-0.18957126507951036,-0.9316479559056645,1.9218266562355877,-1.0242162791608314,1.6673842852489955,0.3098555406776935,-1.032996439193222,-0.7261043330444474,-0.413063230849709,-2.273890858539134,-0.6958558348107157,-0.5358795216782266,1.9960759033823168,-0.07307445676751445,-1.07582185445929,0.5285700116635617,1.0990079169675135,-0.2850762396843973,0.5811940561733866,-1.5714696552824847,-0.03983847290350423,-1.7506492718343676,-0.6427946880245445,-0.09509135721897154,-1.5627592437107882,-0.726935458430378,0.6134802855787526,-1.2056538880395413,0.09568578674100758,-1.0868660382047093,-0.3483608798058757,1.3685453620910901,-0.02359713489305555,-0.5024259494558437,1.2557128492821152,0.8870460302302863
-0.4882492450832161,-0.4551121638469688,0.10889225103430615,-0.2481887148414562,-0.29805129732691926,0.8985855909756328,0.16341991500204112,-0.09766991404330104,0.33238105770975984,0.6695378098391918,0.6628034176478738,0.4367473028255939,-0.9968584399403455,0.7507822521061794,-1.0406024804130491,1.5739658554232143,-0.31017151209724625,-0.24039783977048873,0.5386018366090548,1.2280174807949522,1.525490144568551,-0.665149629923546,1.2113999103721207,1.6893531872692473,-0.01684220069876627,0.650014086871258,-0.9487962745075622,1.6140147144630563,-1.012941641063344,-1.1495559637472348,0.7610790542885905,0.6417148101672291,0.47971131287082336,-0.015561542727905567,1.525747903579909,0.3294302141706187,0.15591709090254235,-0.024897507552641696,-0.8753848516465506,0.2217389813951706,-0.2137231933010449,-0.4688633756240358,0.041770404205647774,-0.3630799899100321,-1.350424481879129,0.3507477099012082,0.39699269565174167,-0.12281048190771099,-0.31153669333415435,1.4374424523693077,-0.3025865369150802,0.6390928485320646,0.7413849049569805,2.9127417130049524,0.4932434241109687,-0.6417507837822732,0.09405229121523151,-2.4943898675046725,1.9900670089744104,0.5402939019260109,1.167133850261759,-1.1152564730056722,0.9751889769822581,0.3211924487444456,-0.672678468315416,1.2693395618290375,-0.8500170397108564,-0.06109863415201308,-0.4142892040304963,-2.1264582016217233,0.730488465209118,-0.7488255231596391,1.3242839491458827,0.5843835687884424,1.2357414310657764,0.6237175093890924,-0.48598842928162755,0.45016738757640384,-0.3953969271973381,-0.7611563698553244,0.705437811655621,0.6940654038936043,0.7613088349039518,-0.46602815634593053,0.06423540725914659,0.9622841764759574,1.9051539316340018,0.5501809562607465,0.07080984717617496,1.1474558517062108,-1.356321298515133,1.3974910267422778,-0.4131981130492893,-0.001977424525176963
-0.5631605395149258,-1.2514497674785736,-0.08856602267194703,0.8518292327366426,-0.6755622602472713,-0.7310185955887603,1.0834505044226599,-3.7414695248684877,-2.8248656640275365,-2.1761099644921895,-0.7227288548568841,-2.2008879193363886,0.18872894517503647,0.39430535120157084,1.289814795242776,-2.171405542849564,-0.9272646663804106,1.8563098335122095,0.8120344493864338,1.1877676046773933,0.3569412118073735,-1.066785497045316,0.015423456942116553,0.5009183373358133,1.7753691921842232,0.5605701165720358,0.09483019869944109,1.6357787343458012,-1.689312505614615,-0.29200955579059823,0.5792439611096403,-2.138851436895793,-1.683551470545727,-0.17666315344124423,-1.4299785938692868,1.2445997497011478,1.9209355751584059,0.5049540968880071,-0.8306470434154039,0.7943191878839209,-0.07574828538665684,-3.3087589018844783,-1.3127436466280984,-1.1874907026137107,-1.3177806909942626,-0.44229478899771635,0.3755429484866648,-1.6050272954102258,0.8823071839886458,-0.6967216557725262,-1.7081464003834317,0.1625569263717957,1.9499490916508808,0.22800310711054728,0.5414282520955597,1.5365526960805023,2.964667336808905,2.3285112483411026,0.2361130185863044,1.0857445621863968,-1.4220589436520736,2.441073629898201,2.920514632018269,3.1563126091054245,0.6340424268928115,-0.21967210900877365,-0.526503787317449,-0.1563682919519666,1.4385350901466802,1.9954899169472724,-0.6410183152084639,0.4957072273029013,-1.3864290631483054,-1.6043988918100351,-0.31885653931167396,-0.3669279645137926,0.0038218861682584883,-1.633754359046086,-1.6477599009401398,0.6421635154528123,2.5518980755891167,0.20007334116047087,-5.062991298652282,-0.6714350757158091,0.05276244955152648,-2.7890917967006,-0.6816443949974417,3.51602579687066,-0.8203540858869046,0.25654334212414637,-0.3960304353153543,2.3055180048739428,-0.18171833153281058,-0.2810041299504007
-0.6087397745340567,1.1820088606886163,0.09502429996815377,0.42764659340396743,-0.11189644473784915,1.699876110442288,-2.360658041424535,1.938532175485357,1.9622618177094178,-3.6979786980240883,-0.2946637676409023,1.1391535731538944,0.30013963880611194,-0.2337340221302865,-1.8966612043437319,0.906548496538709,-1.9828688240753636,-0.5228220712096954,-0.44461452228486587,-0.4520181183981724,-3.529886446263908,-0.5965938556543566,-1.0721449885689611,-1.0198517106569276,-2.514540530820527,-0.3570994959373348,0.22948353807381536,-1.4192831968712787,-1.5494265905467732,0.36777638475696,-0.23533344365390052,0.627510234014082,0.5878814319122612,1.153754910635317,-1.0968845597473118,-2.125814883616708,-0.4965441561981614,0.7377424549004594,1.8393917880260364,-1.3644705405951898,0.3500123479406706,-0.3414830170728345,-2.4344473941229974,0.3181740740277122,0.07591678229170051,-0.3108162699729726,0.009260255901137382,1.9261223578973894,-0.8119073147064015,-0.43384599493811826,0.17134576714022492,-0.604076203788661,-0.4359359656646533,-1.9132897342250954,-1.6843095162187491,-0.30112192466800325,2.2003171958826093,-0.6811070400385552,-1.0330326680062352,0.1103408964314937,-1.0827322234631167,1.4977125417315547,0.4750972938258475,1.6674038243481593,0.70864607200642,1.656400814647205,0.5217844378774912,0.6514916466657652,1.4035175443716827,2.867384568345773,0.1794595211675484,2.098715209673413,1.927122574975197,0.15309705692641162,-2.287052787391925,-0.789057524142687,1.1508304874841349,-2.173613220334108,-0.30700990588315213,1.8556976748634033,-0.46587105910232585,0.6047689937083519,2.1707154027563402,-0.3719908496608963,-0.60053807777226,2.6691742964951577,-1.125344772495206,-0.8283424091585974,0.18160607619745256,-0.46587266977437003,0.7369328340911419,-3.070072026450659,-1.5784636621628072,-0.7678458017128817
1.3534006365367026,0.10913145044766792,-0.7519406634537658,0.8267827846697091,1.648087579425221,1.1970173978029928,1.31131976365771,1.0155692312206623,-0.9332308818643329,1.2256003957338417,-0.03265213861453464,-0.35838141045103644,-0.5769905327265096,0.4438647139967503,-0.44565976207181696,-1.6112361920595695,0.07287016404449681,0.477542171087111,0.3751304403999205,-0.27026966869502533,-0.5463285392177586,2.6966164354761863,-0.6198992891299384,-0.4844260466628645,0.14854128743231731,-0.15088558308334665,2.5397850767077395,-0.27377117106144677,0.1405084932057794,-0.22728197836557143,-0.9690202458382342,1.0791784974834946,-0.15367479111410293,-0.8364859189370757,1.1829104455215296,1.5197080960645197,1.5814570484472805,1.49200088194831,1.7836874564878185,-1.5892422622315772,-1.337932481863834,1.3824146961882533,1.1621762261565205,2.071862847715198,-0.7520245115550411,-0.7669076567560089,-0.7444266426171346,-1.0606773484976952,0.9708047301805074,1.5247653116836233,0.6443546567962415,-1.184122079177063,0.22527801056225338,-0.3785379250566079,2.897162839217489,-0.09703502360255128,-1.7858765275038173,-1.9720996934284818,1.8187164226744295,-0.09786312446269152,1.7708036351451732,1.3762624208331755,0.23471398637500895,-1.434852674369212,2.887902112610962,-0.7934698218918166,1.2705244621082132,-0.8168286896021373,0.05448156860480184,-1.5423569274792737,-0.8069377124380666,-0.03472269056668849,-1.783421611091876,1.8197779823361435,-0.4444419191773121,0.7519174531991426,-0.2989314600838867,1.800152232721313,1.1827604472981437,1.0165706063965287,-0.3609294768457265,-0.6813618810400088,-0.36741011912953664,0.8225465340744689,1.8158343282002563,-0.4317832557757058,1.448158925880384,0.9029394178926673,0.7946397223759538,1.0703396958276032,0.921624138161987,-0.30107530504914126,2.7437105465371094,1.853411196573873
4.368480994559428,-3.416669742255452,0.050710585293534775,2.437356262138272,1.7487362923261442,0.4943249658019829,0.9585171113701161,-1.0718089379460998,-1.8848286807319574,-0.9514010476443577,-0.013354153681590833,-0.39883240202834036,-0.044411745429391414,1.6290932179437425,0.18977495214475623,-3.5380697623440023,1.926374401858336,2.292189810944133,1.1238684832969774,0.1634141055474782,-0.37890487732182776,1.3735940654136802,-1.5661214043904994,-2.161544868112556,-0.16287369428088677,-0.37267174030669953,2.4102874727806625,-2.279351020984354,-0.9292435850231223,1.1373029659560279,-2.9318175959489126,0.8869624157044742,-2.6062538099379595,-2.2792020122767225,-1.783522686236016,-2.1760033882050847,-0.3462620196753337,2.4204407275980864,0.3323477996706048,1.0724803232749,-2.1555282572663597,-0.6704975623510342,2.0671585141661915,1.096284917278108,1.4880682764122972,0.6364900302054541,0.004071245037482223,-0.48648452004627435,-0.6603188643370649,2.967433981106745,-0.04376123416724753,0.4634186599479313,0.122831860276433,-0.8096872802831578,1.6733950002277493,0.9103640156080984,-0.8514732042498934,2.0891185567442223,2.2375020492643647,-2.5653036589927636,-1.1576095884082387,1.0433957961527842,-3.8333624523650407,-2.568765388037921,-0.9201473927163679,-0.5230404431210518,-1.2651438590555932,-0.5999003203087873,-0.3307285576308757,-2.412209477465819,-1.5744631641264775,-1.3776512942370385,-2.504632113524749,-0.3329614975712172,-0.8682747139419548,-0.01562594841021467,0.5021404400342965,0.9483561064099018,1.073783084375587,-0.12502825358707126,0.3568023796076361,-0.23335548988081506,0.5082529716443303,1.0371077018602408,1.8252796985920225,-0.6369881198574381,-1.05636051374714,-1.4678698274448747,-0.5191230379780446,1.6144893187970644,-0.6062468914500102,0.4360910447141177,-1.5519503649057236,-0.12944145658460948
-2.1050749560120083,3.2308130149549026,0.18372343273987055,-0.6701227588598847,-2.567074129959274,-0.7469831826028988,-1.8878628764227388,1.9959681416160033,0.8455231351339032,1.897606926708513,0.6790021819471881,1.38731303667178,1.7547892415305308,-2.0881662354325936,-0.7308628905572019,2.49239344323718,-0.6701862712419667,-1.4932085671309756,-1.3904685168733586,-0.40143698088158847,-2.141999342319923,0.2922657597369762,0.44425145966100216,0.28118555438947546,-1.0065613120613022,-1.1574417787170321,-1.863339272260605,-0.054768037606203156,1.2080239323862552,-1.3820064869059987,2.4165947456600314,-4.108311374451906,0.7506039043039204,1.5127096770602306,1.292753961041865,0.42092717355908604,-0.49773981275259116,-1.7209479149750035,0.31952782739807517,-0.18987632061262683,0.17508988898181144,2.6625522554805308,-0.2697890370371036,0.0863935303167126,-0.25883887587575205,0.16266593450546152,-1.4105888696031357,1.5209343621834235,-1.1154937029653205,-1.9888971344391073,1.2994473014743742,0.03983551421654413,-4.426334456874188,-0.7941153674841147,-2.7662400803505736,0.8159809716404179,1.3888101752885453,0.8379924309671676,-1.4524947647101736,-0.2890877420198611,0.4257036725097668,0.10472336003603311,0.895407675144102,0.09987051798618612,1.005891336315542,-0.23036800625097387,1.0896975576272048,1.492627859305809,1.536141608839039,1.0137652404382715,-0.37257190038086296,0.8540624451993817,0.21409122895429764,0.022705282115133285,-0.30783676270021454,-0.7500865618643402,-0.0009820100919149704,-0.2630818182663618,1.2944546590533355,-0.39194676170398146,-2.307455747194739,-0.41853293312251266,1.4704673479216945,-1.688028290917403,-0.25747610880740607,2.092934970989005,-1.3761790661926807,1.4276981808868572,0.16074604865375902,-0.45956771537906804,0.2422398297356044,0.6973718646763324,1.5359121668627354,1.2959215552093037
0.3245259905306072,0.7777475235597122,-0.5187675420142577,-0.2164498923171265,0.6132805148580638,-2.8592802110327824,-0.48011960823785005,-1.5210753723093122,-2.057426183379054,0.20987531610770754,0.0865239924284544,-0.7867957004151309,-0.601983700951626,-0.9336889916836059,0.13819227864513242,-1.6844482837592352,-0.037048571086061306,0.9175433143462532,1.0822979637059364,1.3922373823413834,1.4717343706767547,1.7205622499167492,1.254076129938119,0.1757163464563435,1.7041871165602198,0.18625218217414208,0.7823263925865768,0.29046016072571545,-1.195882524490397,-0.5029613583624892,1.0800019924758029,0.5902521570620882,0.5164766575192598,-1.5126608045568255,1.1595578093277363,1.791377543379719,0.36592824295078186,-1.339359069548094,-0.15410941165433045,-0.48900794205946263,-2.178336073293025,-1.7624229563450722,1.2792557067989456,-0.10066696152737348,-0.7738002623894025,-0.8789531711331121,-1.7631456187722303,-0.49175313713706426,0.35017380441693924,1.8501041294346698,-1.7133719253972595,0.991197927702288,1.91628494601852,0.5918713682595238,0.3854732663419519,0.2502041357014196,0.020416814587836812,-0.5942953290757762,0.4085688937120594,-1.4762328719797186,-1.288231688146953,1.1846716832740567,-0.16905378418644723,-0.8055016663909998,0.576564379700514,-0.2889417032684864,-0.9864306403727576,-2.0464667346617182,0.3539808052961006,-1.359306449128639,0.22016614460139555,0.18232388185328244,-1.5157648700693234,-0.24420854946783677,0.526187163814886,0.3097313530288178,1.1814770687569323,0.1759513852873333,0.3088725437463637,1.0960631733471495,-0.9082653219916927,-0.8582673166233882,-2.41994663295765,-0.11034255472063109,0.3594734512801507,-3.035596868911855,0.6614467070344736,0.6347999830519049,0.23635937439080085,0.5581863799869513,-0.47012977559835784,1.5408357349235153,0.9323651290545036,0.510957016302494
-1.2132982152446896,1.3741403600961388,-0.45113448853059596,-1.5714629668094373,-0.845577430188963,0.21220215318036667,-1.203136123517804,0.9075573009457429,-0.4150815705159153,-0.725272417170889,-0.5491956365594888,0.6443247511628831,0.6944556517110239,-0.6184598546873876,-1.015044137840889,0.8553402912268705,0.09095610111992702,-1.1714189749467119,1.303450896654636,0.25762592656538863,-2.2859100324220383,-1.0708915765817104,-1.1969114085594825,-0.8001589121609979,0.12566150048373514,-0.7068655510179127,-0.0447231886659023,-0.8177107685941614,0.30250556033916964,1.2412091632939481,1.2240054158168374,-1.1517572929670787,1.0440517513415457,0.10468037959341174,0.10401129372367868,1.6710502237023435,0.5899163812530839,-1.2135619572705345,-0.027769524194612174,-1.164505893502191,-0.7515021509753488,0.9281088383935625,0.027662737131667836,0.700058991179733,0.10849432998354502,1.4031544911423088,-0.5200209967591436,0.7754106063894007,-0.25012849016174127,-1.4520042615562252,1.9383213798346706,-0.4284476825847486,-1.511227392941842,-1.1991843699001263,0.16349867249220384,0.6772846879759428,1.068572897601307,-0.26421850008664755,-0.9109938831286284,0.24904166450400816,0.17664506796040144,-0.22957870646575357,1.2715788698566097,-1.5530625830548643,0.13276540801371942,-1.3379210924123222,-0.48779525446408956,-0.18194507843974195,-0.3603099694054458,2.2994605268491615,-0.8866391700420957,0.21005321456734155,0.6683079521909846,0.2738370204178784,0.6587804889973491,-0.7921510001389749,0.050407699879726965,-0.8934595002574042,0.8717778498411433,-0.820449905416635,0.41514077406061145,1.2812661768985407,1.4965402830150738,0.004782711259316247,0.831109446287805,1.963965755598486,-0.3416818566714649,-0.7365933426111,0.43017332465103747,0.16971026199367645,0.011336183763321794,-0.7533296362545594,1.7746630383541424,-0.025257527538684266
-0.8716899309782794,2.299076864960208,0.2885385097321861,0.8323727311591583,-0.8455846131858431,-0.595039953365043,1.9805507567267493,-1.120431244157185,-1.785521182061,0.5378090581533583,-0.30500076097077267,-1.541705238163092,-0.7149200998525898,0.5760593775146121,-0.49293032322533104,-0.891995928084511,-0.07836631143789652,-1.2818032812030051,0.13219915203411398,1.3475612876665273,0.3047728529070155,0.3348148031527468,1.6150237875857005,0.2818719067485651,1.6912519057710345,1.1770997194428037,0.319564819159758,0.46576256767319435,1.2259247947703562,-1.643507035815285,1.414611513080409,-1.1554947313766013,0.7335541804422159,0.8796185846526171,-1.0034600837771226,0.9401754437126386,1.2145286884253035,0.4700016209626382,-0.5198521728070132,-1.0060148851121453,-0.3475062721405055,-0.18064528978059863,2.0826427771703186,1.124103052217163,-0.6784497452413226,0.05608637832501162,-0.6991823298886133,-1.547381930113621,0.6520886152726324,1.0317418830553087,-1.7560540351578524,1.2942976385241807,1.9425685100945635,1.8904712641687886,-1.9509928226915842,-1.5441622800967534,1.2653767198922166,-1.334917973155873,-1.2222808487373695,1.268434943834026,1.4420785404812735,-0.5804796661349629,-0.2278913464955845,0.5432148047527088,0.3590337466860797,-1.0977711554869316,-0.15024836799662017,-1.2622480497243362,-0.3126800803671103,-1.7024567443987464,0.9869649049617055,-0.355327789134103,-0.34148057939928433,-1.0670084684738768,2.0873227679439013,1.5386363484863446,-0.5738943799870622,0.2526644551619933,-0.13157059687780376,0.5268851369535293,-0.8627752513684976,0.8447121477261825,-0.9077360437342482,-0.7458448141965944,-0.5490450248930783,-2.3261438452073624,0.5379312273111836,1.4997985995442271,0.06468202616789276,-0.46731419360917115,0.5700737829145277,2.659414015877517,0.9185403946465827,0.1511043612427578
-0.4611971534578232,-0.5329153429070469,-0.10592243913574462,0.04795175951454858,0.04966394398568294,-1.108902001428288,2.265477375673001,-0.9935783768159102,0.25689478683104755,0.7977322282949053,0.23660238000528339,0.2534416238838282,-0.8451510759486075,0.9669827763671375,-0.5453435733479346,-2.067086834619282,-0.06973921769464582,-0.6071474839922328,-0.11409970532983293,1.7281494972235985,1.0431465260691073,-1.8439247192024655,1.3410276055554229,0.3094845735939169,1.383771095229338,0.08714353036720879,0.6037757147925028,1.0120178239135302,0.39909065595332305,-0.9955190683680724,-0.850675535263842,0.0056741058000994715,-0.6947031165115768,-1.2996093636620838,-0.6909444371606607,2.8240275804419355,0.5544603899025402,0.2830230756765389,0.48899311314778326,2.010412490855622,-0.4145607907363089,-0.7685139730270102,-0.36140595756186644,-1.2396912106793203,-0.5428692397954236,-0.7165030153586788,-0.4627013570740938,0.05935762008721568,-0.08599761025399286,-1.541471907022787,0.14622277070074755,2.4769888503281203,0.9214399507930173,2.86021951625396,-0.5882995271250531,-0.2832449006913699,0.5842382778675309,0.7130804337480189,-0.3472339131128702,0.3207680119048065,-0.14399357155720685,1.4595768342670663,-1.1375729953231475,-0.5229217818041344,-0.4580191558652102,-0.8741901038573433,-0.5990172382666423,-0.22577492206888455,-0.5331943618255934,-0.26556752610415046,-0.5671294418185067,-0.7437632318340028,0.018375477150405467,-0.9764559738609593,2.0516996069004785,0.041049280416492064,-0.2106102438061043,-0.810037449370449,-1.259708820754121,0.1447284215979987,0.1607202851518994,-0.3930521801277712,-0.2351422451227097,1.626254611620496,-0.9367241017817635,-0.23597304250471526,-1.2144959101746902,-0.5594138895379381,0.15483336278203388,0.26401204205106316,-1.006017899944938,0.06530430913931107,0.8346167098318085,-1.999949462439647
-0.066202885377753,-0.7153888109083474,-0.1739756176849587,-0.07027067598060444,-0.20569825593495794,3.0678480135729673,0.33697099347525494,1.5613123188872988,1.3386535266034092,-1.3323727631250022,-1.2624529651479988,0.7729344264993501,-0.02814295032253128,-0.6308258579956459,-0.4746333215057192,0.6582346578717494,-0.8057626728526859,0.09227631481996079,0.07092793552399124,1.9260437001677002,-0.3666961293976411,-0.05487788295782603,1.7328322456530176,0.4274483181460882,-0.5765951932015809,2.7397723147223783,-0.5251599534708997,0.1853284151369995,-0.4517599720678479,0.9567771823153899,-1.0365291461682262,1.0857967934856374,0.4960039519639905,-0.5031441697352652,1.9836670394152325,0.4694335272415491,2.536750380468065,-0.007149815530534287,-0.9300532985164288,0.4127265838130923,-0.5948662818527681,1.2718964649219107,-0.4417517478252213,-0.5113497051865522,-0.43752538407923885,-0.7477890338505938,2.151096906820463,0.5688210480655684,0.6377521345864676,-0.06220762950728025,-1.6644061081584174,-0.5051579196020333,0.4231851634088866,-0.0827964689638565,-0.7146389775618218,0.7846641035314597,-0.6675665416838934,1.7879098132012552,-2.2101025510636196,0.9550419213173116,-1.3418627181757738,1.8167238514176167,0.15600136994821506,0.2256540834126572,1.601739030023827,0.12644720174530977,1.5067733148904303,0.3099104697815869,1.3059381929966873,0.9913531942213165,0.21108264861167142,0.48036067868735977,0.4609768918655409,-0.11253002466320791,0.7576033112894689,-1.9705133745547974,0.8014039221859445,-0.8632196330475335,-0.8047539337402655,-0.3053806766740617,0.537811494074263,-0.17666845695438638,0.11121983475029268,0.15834032359396757,-0.9287316496022194,0.7992886947117427,-0.2875043209240732,0.166321544198573,-0.33794345856137736,-0.9212386143264145,-1.2280497571615576,-1.349760008430593,-0.5891304851541924,0.7160649868813592
-1.194052819967963,0.5760547778442224,-0.017414859863908904,0.16238173234938205,-0.39399255926976134,-0.574185094942216,-7.9984082312326885,0.8602094003181815,1.1286208637344628,-0.6963021731177534,-0.5727422948417538,1.6003380673643575,0.3133483922633984,-2.75944156722784,0.06412990668327796,1.7832560924588379,-2.0940769341521035,-0.7586141753709527,-4.073734161325882,-3.3732933524382895,-6.43102736772803,-0.31884339214627816,-2.0226675452827223,-4.355452108498476,-2.857336989229026,-2.404770605317475,-0.8034560188690315,-4.847978603776055,1.9333412222505273,0.16193825952900168,-0.5306361716980411,-0.4286848675529978,-0.20931207884861353,0.9391596401618201,-1.3018469561030908,-1.1947157204119097,-3.006639776566801,0.9983277125629616,1.625037155184714,0.04403408658751412,3.7808842083937586,-1.9860744985119712,-1.9777735894391637,1.0062981256064707,2.3850050008351023,2.489544784593338,1.7353177396224067,2.4478504298947397,-1.0991013617051943,1.149177115809238,3.170481569511884,-2.3260641372006043,-4.068166741521749,-5.4075213929985795,-3.759130679699419,0.43798866722804985,2.6307957909790463,-0.6388430575455567,0.05774055792157587,0.6474890892306058,-0.7518666354349152,0.5517739056042099,1.2289842335174508,2.341840505233765,-0.3760361090197752,0.7600688501523332,-0.7955952385234224,0.7086177019977586,-1.5966715937088047,3.68943628428716,0.9493010701250322,0.7254837762410068,1.1368546220140363,-0.9879776756032567,-3.9760989459619736,-1.2972236316921835,0.410662013287269,-1.0058493286824883,-1.6211540334527343,0.5709656576591009,0.5539651317257765,0.700261785555036,2.6124822777968983,-0.6763589741359401,-1.6692155876668882,3.71453088718472,-1.8509724365847922,-0.085398325250723,-0.6259943963174417,0.03768894514286719,1.2697007702486625,-2.0660543326048715,0.22715059536501236,-2.2176781306946185
2.239580664082616,-0.9095044991260157,-0.5142868632743172,1.445017312124226,1.2012834035623026,-1.4636807914860968,1.6817043007812844,-0.9685844846010212,0.9543921485926159,2.6421643915115225,-0.3099586123164603,-1.5193288801711624,0.3927259351996991,0.8248361968015647,-0.6280354920980112,-0.9998779747128873,1.5146675983585953,1.6062826219743258,0.42044552618858705,-0.47917247739420454,0.5987921763032338,1.1127382476861407,1.459404525067374,-3.3700330772073497,-0.46205222784188404,0.22180246940268364,0.21506990140935883,-0.7299558584281824,-1.3858064793266398,-0.5156279900834678,-1.3341142407071684,2.4329898368565486,-1.6418043871538444,-1.9626463380660963,-1.3738891451905433,1.9385239358663986,-0.6364275296584558,0.7112507055798374,-0.12222527479822945,-0.20422905925571433,-0.8576166023341852,-1.75646106647856,1.6764652947648135,-0.1609817771913704,1.5247994870750365,-0.9218733222414377,1.4997381343243856,-0.0817149690055411,-0.34880264705224134,3.0655409767923434,-0.4945861670372693,-1.326235678318592,-0.7514633565920841,-2.1088586566656735,-0.8255615174082263,0.6146905254731582,-2.3410946156643453,0.9516949267065529,0.9483055302100534,-2.403864657995046,-0.025786647496314763,0.5623317859416166,-0.2851864924995472,-0.3532826943555374,-0.5376650183564136,-1.738153224976144,-0.559926472188088,-0.28134631077608496,-2.3659331206047938,-1.3605091996151992,1.72370541423762,0.9947952568909331,0.1615338363382096,-1.077153287746255,1.4804703672355026,1.9721815175155812,0.8365992373699508,-0.033354036208971066,0.3903436692822069,0.4884362464703063,0.7651452890312508,-0.7405811178506777,0.8000783892306834,1.0325767340188057,1.415762950248903,1.4799738145875758,1.102584680546161,-2.76257928192764,-0.3989699784818021,-0.13590169662577836,-1.0067735705769045,-2.6168114968376357,2.901940906691271,-2.316917717023509
-0.4447575586490345,-0.12909333540351697,-0.26399373930153475,0.3739624158216393,0.13283968267243634,0.6695929848804784,0.5332996995411627,-0.8954158649636804,0.2705073349064595,0.22198120701846275,-0.28902074276714906,0.5989432980891569,-0.9832711827763502,0.26109745099439746,1.7491218886037725,-0.46106592024528936,-0.34562263644313873,-0.19682115298408373,-0.3341078765073402,2.3283243454532214,2.8496876526800765,0.5358252011654484,0.8819218984787995,-0.14014010625559536,1.4319914076223201,1.2104544968333397,0.1043350520298681,-0.8698200147696701,0.9149236574589568,1.3392123285018673,-0.36821944738497625,0.7945840488206527,0.5710658058184662,-0.18863931618691557,-1.225094335813617,0.3887723796490042,-0.19934143891277314,-0.020763855035888762,-0.22222946655752493,0.3201589169600978,-0.19636737780289965,-0.09827108388189489,1.0585753798403426,1.2584126623818412,-1.8814080927344048,-1.3499611359622472,-1.4854114070577396,0.2538927570463594,2.503119960247422,-2.45711592250443,-1.2573500488686447,1.3621325155456838,-0.06935532895926833,2.523380743969084,-0.5284813189970395,-1.5977185632661084,-2.701931143722022,-4.057103833336984,-1.251405320542326,-0.22660756832058304,3.858092382388478,-1.876687015311118,0.10842056002579098,-3.17666565034602,-0.21166200001923174,1.533452251877543,1.3000849456030295,0.2920924257628643,2.341820583302122,2.466699184110753,-1.5668728707776658,0.35196138534021915,-0.862631338147154,0.3631186606892304,0.993635492271328,0.2958274043626931,-0.42577079212959135,0.562144577086532,1.4821893994104771,0.046518620420027586,-2.5747534251666067,0.4979908745239408,0.6137263489263789,0.2666156244877656,-0.6370551067679416,-0.25127456580872987,-0.7545922077277879,1.3302806194169194,-0.4713186176226851,-1.6984350917053652,-1.6887973188669783,0.7413983864617744,-0.787768914572391,-1.0917113632595015
-1.5270925364182537,2.4767434324858697,-0.22911563512232894,-0.4097640834147088,-0.8918770000154029,-0.619581444492772,-0.893541006411045,0.4229679902705332,-0.6933733710141768,0.017684412880903833,-3.6127903603077796,-0.1771268287847208,-1.4565624465669147,-0.7653455352769626,-0.2396908026567739,0.9886227536360036,-0.5094380059150577,-0.6426641415467578,-1.2376729791934595,-1.2250593593442076,-1.586320506539951,-0.3876339301447756,0.6388043639333466,-2.4005192210031616,-0.8304891260457731,0.02842764481778337,1.6320771627746966,0.2585941482247719,-0.49717103088806636,-1.9535838680918753,0.22647288370852864,-1.942186262278163,0.6866073397181862,0.3019293489723521,0.23636118946344353,-0.06561289376111412,-0.8718122217420827,-0.9041222237510287,-1.661215730250742,-0.6867640860325226,1.203408598181109,-0.013395296473948048,-1.3724400851489595,-0.35100628077475055,1.4333566171248322,-2.8981186313309015,-1.1106447032529378,-0.7356785468484844,-0.5951930101977501,-1.0418547662553141,-1.7100159169965705,-0.1278920582142467,0.6905627937105655,-1.5832532770492602,-1.305190758672838,-0.7002691295643579,3.178742610618018,-0.12183242668210698,0.05545430481154828,2.072164038825798,-0.919212849735584,0.8715156711929491,1.8098253306926335,1.6442708969446485,-0.6963449391745375,-2.188851813078882,-0.2761652750371166,-1.560390652031116,-0.9224711501248695,0.8528649534866938,2.7671239052282863,2.216279349401727,0.8628736943203255,-0.26243729213400124,1.013630163155937,1.443690151478732,1.8936417667432843,0.718617344551684,-1.0143889464836258,-1.5622270547516561,0.9138678021191791,-0.7790298446238837,2.8521112536258855,1.893646208922777,-3.41502937388894,3.1554196733409032,2.90403767767284,-1.5794339710758463,-0.8368768773906693,-0.08412239300433721,1.1061185332664605,-0.37113152288351847,1.1019161051015862,1.6316193777983141
-2.68785346188758e-16,-0.4139209844084007,-0.39116592973824543,-4.478719296963639,-2.2926171166125204,1.8103544526808155,1.1795633092389164,-1.17145329902023,1.068574239310287,-0.7081943841985705,-0.25111637847667745,3.641151719149898,-1.0113749412935595,0.18011792360485823,-4.817337949147586,0.2442577010275939,1.6396003508400292,4.699177021731928,-0.37327970405491495,-1.0247071736300752,0.46954779908326927,-4.044204402890805,-0.07912692299789469,-0.03808741495889106,-1.6943474729321184,-3.9166650434679973,-4.035951014142508,-0.9985664318319721,-0.9076619599593125,-0.4848822180534907,3.8294976671171206,-4.62769867268395,4.245106181151911,0.4660079997929303,-0.8364649451117093,-4.248790308542509,2.0076543363661448,1.3987951057096577,-1.2616056261161468,7.67326380222799,-2.205885537381544,0.3071615771993016,-0.48687240496264633,-2.730407723545192,1.7439769225489066,-1.4030600837915295,-0.11173175741353211,3.034168359299294,6.103356894785836,-0.46758607511377176,-0.07252487986453858,-0.5016986761674656,-0.47541942130519904,0.353495843072394,0.22934895611695214,4.060667536957398,-0.5605204222250872,1.9580466296639092,2.9820593938645157,-1.6568651025005923,-0.5182739220968198,-2.1396466996176775,-2.30709213815215,-1.0946353280913146,0.4523476691725625,-1.802990437964811,4.270490581533171,2.640733769282489,2.8325361052308358,-0.36837685879352094,-5.389961810010351,-2.1011056568270865,7.617864545867895,7.732682524018408,0.35351080995069467,8.117125955664529,5.60532029510252,3.324692742235886,-0.8964704410137996,-7.425901254308739,0.548878013539732,-3.006557984445431,-0.41714787639689327,-0.23382961822939644,0.5340321152410873,0.17819199103105593,6.002461004624109,0.0075551013232986915,8.744806954581541,3.3126843317776404,6.366915479310012,1.2249655043612702,-0.06908771092657745,2.6251982049226674
-2.68785346188758e-16,-0.5695611564339589,-1.8532643431694895,0.31003960349780435,-0.8965565159340931,0.5042011865362447,-0.11392898318157844,-1.6608250416781758,-0.018558898886658293,1.0854276962247322,-1.502083919465756,-0.9596572137983354,-0.5192008721799403,2.0481905853849116,0.5139628476024329,-0.5025192275513062,1.1795503842199846,-0.9794171205295812,0.5639103447605667,1.9794064907443822,0.5890442389694784,0.8168351299344571,-0.3625752695148907,0.005605792476565976,0.6682665109677921,3.027751116668171,0.6277093872350292,0.10058263927144703,0.0757443255476933,0.819051841166388,-2.266948294903654,0.22517693890426496,-0.8271111694440227,-2.9946973957006513,-2.2241981170979774,-1.0886300571758911,0.5121404115808577,-2.5950149130499174,-2.5303250696809334,-0.8349366078768211,0.8714432066651242,-1.5016673169039154,1.770056616132286,0.9694071244566884,0.7426910589990132,0.06730640517357628,0.49265878903161003,-1.5498641027040294,-1.404515135329633,-0.6265051605961042,0.595508668596623,-0.05289998590499645,1.6004628550735136,-0.3204353979503415,0.026712772085221787,-0.007546962929464267,-1.849744859147445,0.5731534864990497,2.1605400697378605,-0.427820061186123,2.0236757682909645,-2.163816760193692,1.4542668207801168,-0.365442074331502,-1.2861147018997703,-0.32718783058362244,-1.1445435656200023,-0.5473275896479162,-0.1867367684347488,0.30541302376807844,-0.7858748010042733,-1.7574948719814243,-0.6643573765198564,-0.4016500292858882,-0.8168030519230467,0.0921943244238903,2.535216078796115,-0.7959905117442269,0.35803610346844217,-0.3548315199713309,2.8037381995443083,3.0675917346381585,0.024144317233922904,2.038257740376749,1.9785134232831485,-0.3064506202214309,-0.9846440526548516,0.40522649665566735,-0.18035598804173963,1.1161725968628775,1.1729584423949708,1.5624384228277517,2.6526577869208907,1.0472947040529987
-2.68785346188758e-16,0.22484087654782398,-1.0870977326246833,0.5564921935302642,-1.2244239341197705,0.8450870612645267,-1.205262226132543,1.822189069313601,-1.596071907599464,-0.24699307736007733,1.7939876092064215,-0.19510138296475965,-0.784177759839561,0.15749201811027336,-1.4950702795088544,-0.5507231381817231,1.341822225891401,0.07710882985887686,1.4274712526531068,0.7255494221644383,1.0454307279254067,0.7758939142554215,0.9355276279256571,1.2181556052045084,0.818854253333162,0.9273107603645298,1.6571976698948574,-0.8765374347599356,0.15946489034499012,-4.235998728257184,0.1833861095475598,-0.8329668673752366,-0.4562396706479746,-1.2305593888427926,-0.3811480528380625,-0.5037781517109591,2.8262365241107106,0.03194270618605821,0.993827650529409,-0.36465464028597416,-0.42132909570987676,1.5192820909248865,0.32054956390756817,-1.390401530156513,0.6264116081705704,0.12836508982128214,1.3978159086723645,-1.0741606177039098,0.4732444278727417,-0.05400758765463696,-1.0411797208095797,1.0457500097809953,-0.7633176355449243,-0.5292186693825236,-0.1968635646262601,-1.164016660868704,-1.0481392117341142,-0.696675463840267,-0.9541375123836647,0.6417612440698706,0.05536510100011191,-1.2328951889892048,2.4232408459065433,0.09540657056015936,-0.18513099876693045,-0.7778600249253007,1.148627278278894,-0.040533695304451056,0.5377621266317034,-0.8445029527736625,0.6492849322278067,1.0829938280218565,-1.1137850336472468,-1.1484342596220953,0.0023499785814096517,1.195982138714436,0.3906120114705645,1.3942935979541242,1.369612183784659,1.562767568639025,-1.578013441498317,0.23727208789247367,-0.07048017505616024,1.1111415566102483,-0.9527073716891566,0.355636148180055,0.5228413059966068,0.09369071167145666,-0.31254153249346006,-0.8295315000515537,-1.1389532013288304,0.26210697751037054,-0.03554094319216827,0.41091128410765687
-2.68785346188758e-16,0.7195956200445409,0.22562469702549132,-2.0935287080970975,1.0576026249802593,-0.816243365994995,-0.49443707619040356,-0.01571503353906173,0.3537217126072564,0.10470610456030541,0.9818711251482808,0.08048891291332372,1.1403090182001057,1.6394667910699603,0.702759504180539,-0.34599963853401267,-1.1420587733659842,0.10970742597452934,0.5199607709283015,0.7687315839503,-1.2685216452201795,-0.2530582998492258,-1.412689396201624,0.8031482003557768,0.2341119422202974,1.6539474995727494,0.47707598443876453,-0.9330586461205589,-1.5026224080157173,-1.984374497617069,-0.7431030899742752,1.2361959571436762,-0.6360842532207702,-1.3836820158135337,-0.5231030847044211,-1.5226321166141188,-1.2414588914801177,-0.04409911333295382,0.31988575493328963,0.24907091689606484,-1.7419790250953626,-0.42965205092946124,-1.6079177613272997,-1.0078760515264307,-0.2079962904430614,0.43217534135276686,0.6501728029089269,-2.193248555384521,0.4879266897046697,-0.03688366088477111,0.8532348154007504,-0.31398643973910884,-2.4071420137139183,-1.3949374105073913,-1.5286017443052575,-0.4183408953714397,1.3794041605631764,0.5987684738103475,-0.09415099592672016,-1.2747298770959226,-0.6359924655180974,1.060139204814908,-3.557471004817466,1.4754817052369058,1.6413536604898704,2.0302600284047747,2.053531187284914,-0.8437482978115398,0.9742042542159683,0.08357120296907954,0.14306045269923806,1.186458813654009,0.0388775407826254,-0.229094901082346,0.03975368657328568,-0.39044515143772424,-0.6002162230491735,0.28607113684531116,-0.8796557099821192,0.7169400166660896,0.5240111224197582,1.181109907514019,0.5273932416734967,-1.229461946379606,0.6909373039981389,0.1981938884453835,0.9314583763307454,-0.9707982613486578,0.5749520037083882,-0.10741660552744359,-2.294134839128066,0.8776565109329683,-1.503065388709685,0.21826805671283353
-2.68785346188758e-16,-0.04711921237489324,-1.1943019294646422,0.05381927955802124,-0.4044071149088039,-0.9239436570198057,-0.8727017693178271,-0.10163276833005286,-0.4055660538508463,-0.5428835375465256,-0.5381719438958752,-1.2378140396855704,-2.2457246794545984,1.0517424567876181,-0.04734370016572863,-1.423379389362087,1.2660803064042496,0.3653777492814434,-0.020490023279787772,1.8980103045625527,0.6882977938119049,0.17359597688934353,1.0433289688273697,0.17040859096204422,0.37163386700121265,1.528822511708041,-0.28812373203595376,-0.28535071884296326,-1.9317423494056685,-2.1735780805766822,-0.977678564670238,0.8360911302615,-0.6493838817339311,-0.7476838792609939,1.4239054084814906,0.7758953884298869,-0.7728853425485348,1.9368385548818416,0.5306908983412569,0.2311263154992802,-0.6415545546930963,-0.3372871024756573,-1.2252191712548952,-1.9994791720848077,-1.0042463945987568,-0.9483181245792669,-0.3428244448843225,-0.6118952416690345,-0.09877289043297616,-0.5252231896013217,-0.287490239226593,0.778864483846104,0.1280428720091329,0.9245156614359733,-0.8641527021632666,0.6325705191585919,1.1209912885041027,1.1369038368515931,0.40266933344661304,-1.4377793490419222,0.8443248491613019,1.936425397472774,0.15921208339579052,-1.2555122991675658,-2.9776816687880707,0.778577562069391,-1.0901935652750236,-1.038684763893295,-0.6607256797791808,0.44634796741427785,0.7215561405326198,-0.9675229345076408,-0.4511817465543923,-0.4919190741529979,0.9561917358872,0.23594434542940793,-1.9195122096844872,1.427897392307151,0.4736003361585671,-0.2931230343486655,-0.5254911081896104,0.597941994571999,-0.7043836017352887,-0.10438526413168174,-0.2963871185142823,0.3109208627387041,0.09355229664279,0.624278536974007,-0.4311326658951172,-0.31332336004932315,0.16985242324425537,0.6788616110105937,-0.2136066056288065,0.31341498795921535
-2.68785346188758e-16,0.0775167411021432,1.2266533400607824,-0.505635843094701,0.8694360014301309,-1.4750025061738086,0.1443405495632526,-1.6330105955481709,3.090733628271961,0.021443252208939865,-0.4013021033165654,2.104208279729881,1.8520181835290825,0.2084065169083944,0.795406520524585,0.9296526943366102,-1.8747234896677143,-0.5328137241856556,-2.1248148652162895,-1.1147368535153541,0.3923824853092324,-1.672613448356889,-1.02425965278118,-0.30620541111959215,-1.4797814196878953,-1.8690921940656875,-1.6689296741650796,0.5179626849659245,2.2437508125660206,2.9069682616032946,0.8809015270784062,0.9077238336807373,0.5857646110088808,2.4841092321323464,2.368177970349051,-1.0452055358576826,-1.3887724045191288,-0.4465616121989202,0.015887643232367132,-0.005207414877421879,0.9081887935612308,-4.777586035519441,-2.613850566492493,-0.5160422551888022,1.8074631783805768,-0.2817070728309006,1.3147371371428223,0.2687032921604442,-0.6635027648792376,0.7524853270255221,2.832266874528107,-3.789080071928048,-0.2738292886953438,-0.022481957899898573,-0.06706975418317694,2.155943820274455,-0.38434679847794084,0.25458625305339694,3.0603796448561336,3.4023619679560935,-3.221917067078428,0.7960707193720935,2.609199206812086,1.253214734461249,0.6711751159151192,1.236366052022796,0.33280881582901056,0.3495752322003557,-3.2367835857634066,-0.5113083518631241,1.3541847221367818,1.3198279298367608,1.625554406136966,-1.0695010255077126,-0.3915941587545397,-0.782182980293018,-2.136812697727171,-2.9036305086491323,-2.9062933222883656,-1.5788635842690022,1.6376256792880128,-2.688205196317522,0.20180307623873933,-3.9195492022931835,-1.7547388586718553,0.45456103837718803,-1.764116237724753,-0.9472910886143181,-0.013849601666285863,-0.2791448160373877,-2.019883825465964,-0.0036643617366718395,-0.897700106321687,-1.2911057402243058
-2.68785346188758e-16,-0.4765772359494882,-1.3505274134389427,0.8052234810861457,-0.003933826375738497,-1.011659518265441,-0.500919426024725,0.62699042358172,-0.13929301185617227,-0.5579101777050327,-0.5945340640406545,-2.1803233420653623,0.3428468155856356,0.497299887077604,-0.6485386320619934,-1.0263936375973308,0.8954449515599333,0.06201242541337293,0.7659289062926522,-0.32602818017301977,-0.025900999263301805,1.2802135638010956,0.3028010532569011,-0.7880436872611808,0.3482485885932009,0.9218179923830809,-2.2722964323564465,-0.5916284930925086,-1.9541426301536975,-0.8080922742064249,-0.1002758151651744,0.8445456386707579,-0.300173741802661,1.2004023047993608,0.15227911997710059,1.0783146722094923,1.2958281977483075,-1.0963821022815075,-0.4740618441110069,1.6547085898365315,0.3215864166852107,1.4226160048606686,0.6674782764498406,-1.8300177037914227,0.2846567350182515,-0.22404754182021802,-1.1648921579822498,-0.6812894311355807,0.44705570517319937,0.18904968815781845,-0.22053775947501525,-1.2650916042306704,-0.10437086117237351,-0.8729712724053169,1.0161564054275507,-1.1098403347536103,-0.3611389593785488,-1.4112972870294909,-1.377601604265421,-0.1493574699272462,1.0556252120523055,-0.4138082045420645,-0.13957277241522847,-1.107795130405469,1.337214822934515,1.808173751272916,1.2711388252638618,0.7657718050476894,0.6401496936859934,0.23885279845320026,-2.435145881755238,0.8832592744557384,-1.0949063437559692,1.7073372600083294,0.21038129837579045,0.5855323583936585,1.0161691302277722,-0.7403317557292688,0.3804184417984557,0.8381865668302844,-0.3824360066890019,2.709769686383874,0.14539065716766247,-0.0074124795367146445,0.1393082731631972,0.2997756053581724,0.06418902738052848,-0.16729323424241005,-0.5768151407892306,-1.5841996910815828,0.758038672028806,0.07627985270721155,-0.24404321303270005,0.5720743120279251
-2.68785346188758e-16,0.32059278513636363,-1.556612347801154,2.041521185257005,0.3248378715390933,-0.3962637370964646,-0.5782761030156194,-0.8162999043214211,-0.4886690591779546,-0.6425945976782245,-0.7975817111043629,-2.72255072977366,-0.18201470844521284,2.285106570439644,-0.6870716855257325,-1.8589018794783811,1.7578597110816092,1.3185281293386355,0.41755600480355337,0.25401603082987895,0.2424460569040448,0.06939993284405688,0.17326678455197908,-0.7483027421034716,0.5471633165486955,0.4928496368250857,-1.4010614435320987,-0.37648012452950586,-0.02786225100837092,-0.8116085937855806,-1.532061668487891,-0.31878343318948077,-0.7311110493632349,-0.7043857798640966,-0.13674238401320493,-0.933009173285343,-1.404847066031323,0.4182663449770917,-1.869961832792173,-0.11058847491555235,-0.48239642989255616,-1.6627009794429375,0.22566427422557062,-0.748290721598431,-1.0413353011617237,-0.29592193194966077,-0.26745977900769957,-2.7744046859195515,0.8535731638619929,-0.8500057650649709,-0.3482137331576664,0.6567220039357708,0.3597463609037952,-0.5114981101435676,0.46286372053346525,0.08793491374558723,0.22403570046289265,0.6236731600104508,0.007578793557931396,0.23174991213735385,-0.20364107244576468,0.5759435220304948,-0.7676950374283582,0.10436465565366826,-0.31827779647432775,0.5094294966617948,-1.051494041777905,-0.2660210633340509,-1.0000399558679285,0.1487694839739668,1.5784429447796458,-1.249176522184894,-1.0344026731567144,1.4234045071710864,0.07978429536366774,1.342666164764175,0.5022467089165006,-0.49704302535628886,0.4654721243118731,-1.3277444396397495,-0.44901365925004555,-1.4305579206473245,-0.7900232148178509,0.9806186931080328,1.4568944830093913,-0.1834958996056683,0.6792761876691547,1.0026373926488734,0.0992430126845496,-0.42678716196022043,-2.0600658501869953,-0.6569293369161562,0.4928155727731367,0.1246611377953362
-2.68785346188758e-16,-0.2726714816186008,-1.5056878357075372,-1.9072236786499628,0.43757306931482043,1.9652773234097185,0.5320764885276373,-1.1932899575765035,0.7555197919378462,0.6190381415084463,-0.9790481639297468,-1.1891631947468642,-1.1066188953108727,1.2701507043068276,1.4008700779743863,-0.9916379432845485,1.3193216158424808,1.8473287257447604,1.1140921912819175,1.6107440209028425,0.1482474961619415,0.9724176145153094,-0.1995240627626187,-1.0672957758841708,0.674860467795792,-0.16520244433879339,-0.1909784120239079,0.1393803538560504,-1.8367827695776704,-0.3624378873336918,-0.40325817479043896,-0.6934180530634095,-1.5473792848620966,-1.225404529372357,-0.6466080567710839,-1.9728681748403958,0.17206727162378244,0.20087298855389335,-0.45372925414612886,2.1736933410890895,1.4751851032779073,-0.029384143791218426,1.505056686276091,-1.9180140265542809,1.8886436303861514,-0.7619122071023475,-1.0427945615906653,-1.8129765407613823,-0.5854242111440375,-1.9154238759730582,0.43857742670238065,1.4205926021018507,0.42124933095779427,-1.3272194808220363,0.18861899394718687,1.2912045642150993,0.962562326490006,2.283728837253533,2.0021964863618793,0.7018311516393645,-0.5615456041732159,-1.0925268193746986,2.2629414875712537,1.4450301078702066,-1.1981148258862846,-0.13480980389406594,-1.7624296496217562,-0.8910656540491089,-1.3073801128366587,-0.5203266822370168,0.9025458520540325,-1.1104358423017229,-1.381160433629006,0.5308610284823034,-0.877076232139202,2.1407212293898557,-0.5597360001062597,0.6061911573126689,0.7779204281056086,-0.38446099327455574,0.9211310587677042,0.9070273074538868,-0.8272171316169011,0.9754386029274497,-1.7632564443555117,-0.19972709969331615,2.1634452789588856,0.843836855393519,-0.1387387198803848,0.8904524400562936,-0.10981358797449903,0.5559647509708799,-0.817496344016988,0.010978969358877322
-2.68785346188758e-16,0.43202259009291516,-2.165875736775571,1.1944355236833792,-0.9867359134416158,2.11122673186023,0.5525287520522681,2.0929176686572797,0.23023108915919546,1.4371455647986762,-0.518893528720154,-2.689712849888421,1.7945206788154016,-0.3267854603370419,-2.1425062271244917,0.12771785604075447,0.21706175701458869,-0.09732973249264232,0.9948543611587619,0.8475753951316152,-0.7649005375893484,0.7690192462507823,1.2816698454777913,0.15530599088368502,1.1328370071863632,1.4006534040970973,1.19764679907264,-0.276393556486882,-0.82542410958326,-1.1598424970514076,-0.863849916912392,-0.14952981397776238,-1.0436330763171697,-0.32735870764507485,1.0097919209937947,0.10928768109865913,-1.1048355904451155,0.3665008057768768,0.14670149454367898,0.5001330092357099,0.1029387559450029,2.5566694153669878,2.925660062126294,3.7660485887097583,0.34525558615392277,-0.8611420508453145,-0.009733960579303494,1.5962185117997052,-1.480834829311813,-1.1720904857832424,-1.355726466451798,0.7858512322725222,-0.7706091903380996,1.0255915479557673,0.161556357732571,-0.8287222966373401,-0.0996284277568811,1.0465131342748935,-0.766032083766162,1.9392553844376232,-0.5541730191360805,0.7762673266838895,1.17820351864983,-1.1418994716281508,1.2890799439408174,-3.95081268003152,1.2754147973768237,-0.32512094437648387,2.9268712805785793,0.7618897198274017,1.5448865586620872,1.0547176341416276,-0.8143448618998358,-0.02511265353950831,-0.28749410351263394,-0.7470232755234332,1.4931672821711506,2.2525058937556577,2.2992153988556927,-2.082837955590369,-0.9301693623999708,-1.7500463239240274,0.048830427192885335,2.115972677379259,0.7576887100001373,0.13447205355368452,1.4996431887912343,-0.0941160430091369,-0.6320287653813145,1.2199732012068296,-0.8536165200185688,0.23931831840936824,-0.44508870983091836,-1.2012573624871532
-2.68785346188758e-16,0.20021554833913008,0.6115567653416408,1.212349226613114,1.3379810910822811,-1.0816739974367275,0.223228867323271,-0.7881683697472175,-0.542624284032411,-0.40618357925337795,0.01578427149873038,-1.0576984575414872,0.18204335307922398,-0.00790598439875416,0.9872523705965202,-0.07640589131587676,-0.5669087166740022,-0.34066905390318303,0.008565684128267415,0.2704948666658624,-0.8041724935063701,0.9630605123674411,-1.1317521045103904,0.16513213845969277,-0.7743582802271489,-0.06940310863323336,0.33160822344874696,0.17040316579584106,-0.826855030363122,0.01303396637194218,0.18193579038043572,1.6202318008215566,0.6416618607925049,0.6786541305604377,0.20884410226987696,-0.10916203497520988,-1.347705054519387,-0.17800277432086806,-0.3398153071016644,0.2697674162424556,0.5796930749949849,-1.8871725401648503,-0.20489675509267907,-1.6405158921606349,-0.47146478387901225,0.522948717782707,1.0739120927636756,-1.7196604724082258,-0.7163465404483802,-0.003840319473067085,1.4008315500361697,-0.7834252566351331,-0.5671980585570686,-0.5270574759861518,0.7394235329431105,-0.6424996465177406,0.16264562261569157,0.7561929775858747,0.8547454163044639,-0.06182125116446686,-1.691013652584367,0.6370897649487332,0.12863338209261413,-1.6399751580331539,1.1852696151421154,0.7838858877317476,-0.9786887433973916,-1.2865361042333818,-0.16683863511067454,0.00010650687246551123,0.8430514435339796,-0.43128465634617197,0.040131736113032696,1.1808160646217758,-0.7107286149714789,-0.163712516698597,-0.08089759838402626,-0.5204200992874111,0.3758506779379337,-0.6159817983125123,0.2212959030151806,-0.7758542721681225,0.4979711347064493,-0.0847685217888845,0.04222421940754663,0.16209246221262472,-0.4136959072869983,-0.06710806705212867,0.3620609819547655,0.39212406739767236,1.580316442820525,-0.11627446854701112,-0.8689024067134306,-0.4004451358639035
-2.68785346188758e-16,0.207697448913408,-1.4886319096901572,1.269102463640286,-1.2011778486917952,1.5351758477001936,-0.6895991838842285,1.2955338877643319,-0.8296236750837749,0.8080729925305421,0.03377703438829419,-0.6538920792866749,-0.10536668317033693,0.12208687424776524,-0.6421384098928455,-0.40166355027454087,1.158405909885353,0.3499390093903978,1.6756819615586347,0.818805114846985,-0.2085093884618547,-0.39795019192689457,2.0048341485882344,-0.6825916347407152,1.003988581974598,0.575694556637989,0.6608475798458034,-0.9296248419664175,-0.18604636187103063,1.3076228658249218,-1.1863007031317934,-1.0611775292141197,-0.8399649616641032,2.0953921728071725,-0.8791025562773498,0.7435572131907247,1.9138466077935834,0.05922790293882091,-0.9364454914875607,0.2187861872234904,-0.023379884111379146,2.3238639000398407,-0.2751563014992382,-0.8339795909946945,1.155250369968883,0.8247226604477866,-0.06670718828358811,0.7227818785309089,-1.795858825228612,0.25440297546935814,0.4088132837932976,1.2104451581385187,-0.1907922538182863,-0.9508261473862385,-0.8239626118662791,0.3140397221368777,-1.842096145382643,-0.9549027353387605,-1.0224135632053175,-1.8569939094307446,0.34232313358800803,-0.9351774721903292,0.022101420553837237,-1.9100850870782093,-0.6283237191975876,0.8817540461703661,-0.8270194523029165,1.6727600646696623,-0.994102789698064,-0.2964129962281718,-2.2312918568477693,-1.595439439328675,-0.5054798100027269,0.8197935416299111,-0.7413489440851462,0.46844441072887344,1.7224895148032788,-0.23097597702742,-0.585646262841896,1.1064993233099802,-0.7762931855413528,1.420947216255077,0.34439319772535076,2.8109881513664483,0.9806565359921469,0.5317137247503582,1.367487749376303,0.16927349463495603,0.9426046620367773,0.3385454490832524,-1.3679458081447078,1.5203573303477258,0.6291007493364887,1.1088041152505506
-2.68785346188758e-16,0.08107398457205424,-0.5225230339446595,1.4793384136276524,-0.24049939656164093,0.33780069173195604,0.28847152372589624,2.512494292437646,0.17352999273375475,0.1891333738211524,-0.8067948568627463,0.09572373542695062,-1.3897424492038095,-0.07138681290238198,0.33661594593554567,-0.9153315542451893,0.8616469125706385,0.20634471101459567,-0.9032639401406375,-0.1083195856300947,-0.037128440042154764,0.30487130084549335,0.2434485456471988,-0.4428583488361108,-0.3887312151886384,0.29008646445599806,-0.3060653006327503,-0.2154663910959741,-1.0013316354832997,-1.7511244662040673,-0.3376727122397555,1.5469683598717965,-0.8306571691459934,-1.579834987800089,1.016024581613303,-1.9016606265425668,-0.19568345929179431,1.1188888433289366,0.579200043160713,0.25766099522527064,-2.4586024956268897,1.9911158186775055,0.119275050519704,0.9566039551757279,-0.3375977418517101,1.2447841004433222,-1.033301074175286,-0.1831821552303075,-1.1205015389573205,-0.6425876594152318,-0.050439238613270904,-0.084194477554136,0.1820943815172115,0.030207442621599495,-0.3473373977539432,-1.409137291935883,0.35187386027139794,-1.6607202343973815,0.5005507793069504,-1.8731266964542668,0.9903679250235261,-0.10665589793232133,-0.3959253911998867,-0.5869820111641647,-0.35172208896103785,-1.5351138288781034,-0.9602685334788778,1.5101998767095008,-0.9851459666275018,-0.21020120984478272,-0.23538530630979906,-1.373143500382525,0.8882769181332365,-0.45937123149584297,0.8631283794758073,-0.06710085225781426,-0.23259528606495045,0.9482812074128666,0.10956904728354733,0.2303209404613279,0.7222893796687508,0.6423021339126331,-0.17121300178546786,1.0254596395955708,0.051326633993684645,-0.41376634185824573,0.4896416915760001,0.436862322718212,0.36269837114679826,0.48473667712253743,-1.5852264929266977,-0.2299287547073966,-1.9033791080472446,0.6842219882512558
-2.68785346188758e-16,0.8203552998453963,1.3534430738362746,-1.269573450416353,0.11447753370030961,0.04721325054216552,-0.805672655070388,-0.6501997908215009,-1.5462905197072414,-0.1670270810503201,0.7820496250265944,0.15135352871884167,-0.1531707421596962,-1.406681068928778,-1.2506529407837181,-0.7042423608188481,-0.5158205898696535,-0.5141386465289838,0.3555047987681714,0.035806763471852854,-0.024587495213930017,0.06945755312053259,-0.08992537692700435,0.22922916572598073,-0.7877062571684733,-1.2806841714984256,-0.5763383605334487,0.7768844342630619,0.7102797187013332,2.2718775547121757,1.5492319276413475,-1.0607233806567173,1.4996932416969138,0.7132281601772198,1.85288740300857,1.528266363252367,0.5919626081816157,-0.3772491527671764,2.1474942468036344,-0.6937137446539692,0.28713939086467827,-0.014347063765587587,-0.5862193537744904,-0.037836365503377156,-2.636403860523383,-1.5797125985628377,-0.940843763172823,0.016437429827526384,0.15795709174484035,0.18702422668691163,-0.6921259445327583,0.8758654803036197,-0.6954061034734577,-0.39767756609483595,-0.7232455772730231,-1.3023899234593144,0.6876178330309243,-1.3151204039687698,-0.22861989702455773,0.32917277821440827,1.1778148532678707,-3.260871384655872,-0.07939398877351178,-1.46216786642215,0.300253340444255,-2.1564409544419845,-1.8291263213870363,-1.6069006361825195,1.0049155778820291,-0.3567948163308157,0.7663573156660604,-0.31749607915612826,-1.2039665993898085,1.2984368007815894,0.03106915315058694,-0.16817465801108183,0.4101567466742832,1.3039785241275028,2.2710429403568044,-0.18799218496440245,-1.1415312913975482,-0.24663130658108912,0.9600771963061383,1.1092782351139934,0.7701064264877091,0.13114683030089844,-0.27733480103019686,-0.6524602957363744,0.18642129864180867,-1.2073080772027496,-0.9400061563565001,0.8618731467594158,0.8656226519862458,0.017095631930868993
-2.68785346188758e-16,0.22938624468279076,0.5396226728415048,-0.10195709451830137,1.597433375759003,0.9000495844722748,-0.26486736499937563,1.2829142775036666,2.4448649376650655,-0.479416318466875,-0.38148121517848893,0.6332496196761851,-0.04773951730879488,1.2971019000674318,-0.2807327821326594,0.5777760935800433,-0.3855396145549775,0.3649777055409988,0.261866443212498,0.4229516033543621,0.8312880083531177,1.6582230749850317,0.43998848613473995,-0.33554944035570944,-0.6202111222289073,-0.5072361838113486,0.43041047989235803,-0.5293265087434358,1.3211966970219127,-1.3880690993475853,0.6964606341156927,1.0719568111662874,0.62348705488553,1.1374334090764613,0.7126347943968694,0.5097919935226102,0.6587358717946632,0.9468816515925702,0.9339926268813612,0.00027450956241172053,1.0192726372036995,1.2293410338910875,0.19317732962243594,-1.1939968904722758,0.020819848166797217,-0.31084368220000236,0.15240882714884152,0.5701988152573775,0.3695101957469993,0.13486874605156218,0.7140696602919369,-0.8842946336421734,0.36982148494063877,-0.12089356318193491,1.0746722911012552,-0.21972777673163824,1.0132987539862368,-0.03881318523180255,-1.9627306299472882,-1.770933589120244,-0.24522800896855307,-0.528748139103043,-0.5212559709260047,0.02988222138356922,1.2358174959291972,0.05876612938460413,-1.7513190849218738,-0.2161090818955531,-0.34484384969421544,-0.056997751757780914,-1.1166026960820457,-1.3159006825691326,-0.06156542136428833,-0.002232025754701328,-0.4962921638733308,-0.5195644566463363,0.07441320166709564,0.16747069417964383,0.4095016559017919,0.6011567766553789,0.6672258493868778,1.2915922743120527,-0.742007879639399,0.7731409601802599,-0.3482111641396416,0.22346173583184276,-0.5974267822855208,0.8798972405436557,0.5186911937487009,0.13482131083577126,1.0853946237651106,-1.880522722889248,1.3776244399587982,1.4939141541422607
-2.68785346188758e-16,0.7904524781629991,-0.6519736672552454,0.4042886208517202,-0.4290258027311619,1.6621140458395687,0.32356475390693873,2.2370301187285397,-0.75966252851147,-0.03452362797609798,-0.6132928503585522,-0.8028830942968057,-0.4372852615106594,-0.39110819033032823,-1.0922759068496384,-0.2836921391825967,0.31417793405911043,0.46007633693311,-1.3096413274031617,0.37399771770070356,0.7623852251099987,-1.3681634316133398,1.5003312477763968,0.3082175110455441,0.35952838585922975,0.9411265741302678,0.3548209982980899,1.0861509083142182,-0.26535418527686494,1.2902473182583734,-1.0449250905510108,0.42804472184251474,-1.0929619550552045,-0.9187479923371391,-0.43440639880117804,0.5895421188254041,1.1912591367930219,0.5030503732411815,0.5342309926747618,-0.6194367939010245,0.8923743368603008,2.4497338048623476,2.1272330094431493,0.992143636449841,-0.10763680685530397,1.0519882551738164,-0.050277259600103985,1.7043377678502216,-2.015415309666158,-0.4188259733972938,0.4184473157633011,0.25587143189746586,0.04226479431162471,1.911841883421891,0.5279603884448101,0.10661862338377026,-0.5315846602818765,-1.4248696908625753,-1.4457972918443576,1.2137190086989353,0.5446543911620476,-0.8468666531132094,2.4738002640721892,-0.1902755203175126,0.3504168811513862,-0.6788147864089776,-0.3925013712842626,1.399569397212387,1.4753707854096567,1.3012084006773255,0.25935871196204563,-0.10763527017449459,-1.035611718028511,-1.0748455637063659,0.3336599882459605,-0.5019137491273004,2.010046093998872,-0.7225109486209611,0.18411986439959005,2.1437193009749826,-0.6778006422892489,1.7900121028296272,0.2883737242711388,2.9333110367021824,-0.4047326804904193,-0.5373429171912708,-0.12058482268789944,-0.466684548392398,0.04234572529596714,-0.9310705473301631,0.2354013741729989,1.758508674794213,0.8879390514273138,1.0083272935524277
-2.68785346188758e-16,1.8353072551648804,-1.7968228612863026,0.7881378674560774,-0.06750269158760025,-0.533352845581063,1.0353101356569911,0.1871770461102349,0.7261992791641713,-0.5922982413181996,-0.06444726440296322,-0.9565984550777467,0.454399486062389,-0.45517409563240835,-0.48846875916642063,-0.07557422908300798,1.0299366985155358,1.2196047383096746,1.4346568846316377,-0.3637175504905199,-0.6826226599983941,0.5408457533314343,0.4670064706866288,-2.0104661520257547,0.5286196653042927,0.5504459187442589,-1.0515407544360504,0.27851194778603733,-0.7977903424290529,-1.1777138029485665,-1.9329992281734714,0.7869685133760793,-0.42019236289320183,-1.658714108404491,0.13351743268166988,0.7054895801900666,0.08847686576332961,-0.03653684738603857,-0.38117376702071537,-0.4935756970181489,1.4723236947701281,0.006686086031980357,-0.5722991489140039,-0.17996346123985418,-0.7567221016229292,-0.6898703193483304,-0.160039667918339,-1.7228493443191444,0.8354878071655429,-0.47215508324509864,0.6284911516057237,0.6382277998053996,0.4691164643127888,-0.2816461933088076,0.0616383229745856,-0.2497781078538806,0.5692889130574977,-0.5878212907414123,-0.9676554004055844,-1.5046973514579678,0.3257225397029467,-0.8556554299314616,-0.3018332635202146,0.5254343276028087,-1.8266016617568743,0.45439869770826086,-0.5008759534199425,-2.004801465560405,0.5077373491655797,0.6100011834764908,0.40192018252645817,-1.028477064250664,-0.3187689644631177,-0.6094467391472038,0.24291258936086924,-0.15124567133174976,2.451677953148981,-0.8264623270132389,0.5694889848682695,1.5799403073056357,1.2858484195941153,-0.24287856078728404,-0.6652620093215529,-0.130577150208599,-0.9856125392494078,0.09282534867670036,-0.859932273249881,-0.0755321533126958,0.7857882873575723,0.9278554563695465,1.8528368972682987,0.4495548988780169,3.0013150504799104,0.5827494809758965
-2.68785346188758e-16,-0.43915137213401784,-1.7629292125553624,1.000470457976597,-0.8462381801683538,2.049901468438807,-0.19002414777585913,-1.7931404206215693,0.23451830504236632,1.0087555990429473,-0.19103775852060775,-0.14054672510285793,0.6737720777982077,0.8375209242870735,1.1730014959472181,0.67973362473289,1.694550732937547,1.4538640788587947,-0.1776251316612961,1.131487557435062,-0.12063576049096378,2.031960108044788,1.6583582992152193,0.44742900819996856,0.30700887198771887,0.5659621664404055,-0.5448789043536676,0.6282226932729967,0.21540709462510155,-1.6833493058820534,-1.4791396293867785,-1.2493122256738576,0.33284616708002807,-2.7707675150311237,1.0623696286333475,-1.443476875306534,-2.241227254264582,-1.9168747607613197,-0.42613894484917464,-1.2460868088480297,-1.1571198979163593,0.08887911632368847,-1.4109786218686586,-1.2912195109765028,0.4276427560680882,-1.309391232203179,-0.38863622485990634,-1.9605479911796495,0.2560362446887044,1.1849002958322274,1.0084259479639437,1.569646371840281,-0.8631165254024715,0.09067277200276776,0.89337324403812,0.6481394153249205,0.3395398929803177,-0.550774703833324,0.7979337262541829,1.6369495385023676,0.38127534128079826,-0.49826818938249084,-0.32481150024250127,0.5595049571639074,-1.7619027445547109,0.015070768087011827,-1.187152820947532,-0.5921371408245729,-2.389021646282417,-0.27172837081867146,1.3619914743725705,-0.3695738483365951,-0.3913152459677395,1.0531497151903002,-0.25989419135926867,2.2341319361619587,0.5711662917177454,1.1204458226564733,-0.2595844558893098,-1.9765512925554019,0.7557631221040033,-1.1827629391762557,0.44132201006817917,0.8937022199345108,-1.2448895565840543,0.42930743063813714,2.5602809163243343,-1.0331746381855726,0.4146800553416069,1.5291596597431392,-1.2260710926660234,0.2007885354541773,-2.260322266524388,0.004969242388248807
-2.68785346188758e-16,0.024521229597706525,-2.185748193808085,-0.6497127095319203,-1.2742442255237143,1.7326486655886943,1.3629448245952078,-0.41372933465293493,0.9788001354603956,-0.7639826638755287,0.4126067957426372,-1.6486291109323592,1.2669823632904593,1.1337941798132327,-1.577600282449139,1.4001951219536797,0.37334586113646867,-0.25277835729886144,1.118925343195369,0.5697233852284735,-0.5330964061477815,1.5969596085669746,0.7686020813187204,0.11421927023909446,-0.4394256423121662,1.5364116865332482,1.4677305991079779,-0.14744209271671488,1.1014047189233356,-1.4964785925611837,0.47031051848243377,0.7972093843708938,-0.017345850971773186,-3.8330347727799587,-0.36746911949983263,-1.505993816623608,0.20420266450326674,-2.350074143635701,-1.1364981131034977,0.12791130579745877,-0.6184624890804571,-0.9159093386111572,-0.7597448249230345,-1.219699215814729,2.487597557793546,1.2174196272575881,1.4812901237354694,-1.6410200895031692,-1.717560973429833,1.3734443426769396,-0.038568648191872335,0.8268680336569779,1.0048409052289655,0.7359578380490925,0.5543219880127953,1.6678962000782374,-0.38951788882232175,-1.257585957517708,2.142746733117682,2.381549913882025,0.6520992957888236,-2.8712571582300663,0.23352767692265597,0.4152055315480697,-0.40719186890664194,-1.3000522461906348,0.8309762890115439,-1.2676191676717588,1.1576885979455542,-0.08379788810300434,-0.0042996960616177304,0.1602488380189991,-0.12218557877787412,0.538234219104633,0.6155634400249942,1.2085631887015031,2.800504418563643,1.8462138239496628,0.3683951832867331,1.2035499619896046,2.422886863277204,-1.6772632197192054,0.2732297860923943,-0.5340206144516755,-1.4308533805592667,0.3713313697711916,3.1935271912090104,0.7099370157945653,0.009500019580156949,3.7511223234231026,0.2964400697988483,1.1847871048521015,-0.9466164875547343,0.3457783214604324
-2.68785346188758e-16,-0.17925353730927793,-0.4759503729255705,0.2832661920298084,-0.1612623098055354,0.520494467174647,-0.5249216599274912,3.266920860528775,-0.026355826805057436,0.4402045967628423,0.03002084103872051,-0.6244805083081605,0.8275536759606114,-0.6327688561223115,-2.0737207770279555,-0.3453733451189049,-0.07557440605560337,-0.8392862555833964,1.193977061829645,-1.319219428940319,-0.2925137208236255,-0.05618825298855268,0.6715858409007813,0.4751913261601632,0.2592922002048598,-0.16592787545053553,0.797924011017669,0.015367282591066884,0.1769158189217627,2.7243303259384914,1.8677916327911661,1.0789604621814233,-0.6750338437495109,2.2862817233526087,-0.9678242064812692,2.7133530291495433,1.5719117508642,-0.19755854005419993,0.40554013278104845,-0.2606964337078349,0.6962826684888024,1.477485890131858,2.1326139161278244,1.5027368589074424,-0.13171544201488372,1.407563871493462,0.18866175658570072,0.884082550365634,-0.9657849879793586,-0.5536388136541869,-0.777275639277289,0.39765904359127646,0.4537429925470436,1.4749339698028006,0.5177170728627043,-0.31375811830412326,-0.4618661071316547,-0.37933813529057575,-1.5585685954645325,-1.1562657139109644,0.14959617224762495,-0.042052988474238495,-2.4035248339488136,-0.19392786326598577,2.1184729152701327,0.48096554928653595,0.6631733122913047,1.0853865172425199,2.2135020202813385,0.527507825047369,0.28290698553979376,-0.1436556888746374,-1.2863958208250255,-1.2592648860552766,1.1260696394675191,0.29237937714338,1.3763154800190955,0.6839007026322192,1.7805812143967006,-1.1060828566124579,-0.06323187959155813,1.653949544213508,0.23486466903485892,-0.44103290421083474,2.8391398337714833,-0.6759056896280161,-0.05847514595807962,1.2228353214575594,-0.48631434536813,0.8375230714951267,-0.25040139440063736,0.5216290462650387,1.9483513300765853,2.269798133542432
-2.68785346188758e-16,0.2926384586826652,0.3284504692328183,-0.13132359011103084,0.9278011176149776,0.12960832758079,0.20884193061811596,0.5840409170747268,-1.132326331830144,0.2999394210798764,-0.5822225243706508,-1.1146079537840148,-0.9597532452797226,-0.6625785344697521,-1.4025336688374999,0.8447914725195069,-0.5195204162830832,-1.8560694266759632,0.4253574525033315,0.1933518513726591,-0.5621167083568742,0.262412531273336,1.57346813990063,1.276344231927361,0.22935039446959699,-0.662206061561408,-0.3856862190745316,-0.9641633978453283,-0.4472743561030295,0.6936082092844441,0.7248847110553983,1.0918494444672728,0.9657140187430429,2.7553951820163793,0.5180092946697179,1.6964372668859888,1.3556583755766622,-1.81734857189994,0.8516736351178076,-0.12534098194492993,1.984111152036271,0.866186965260603,1.0858240740034772,2.4354203151073808,-0.5486736116127224,-0.22787442425247117,-0.3552143883207888,0.15892173289277234,-0.6956486987326154,-0.17920337352529106,-0.644416609361698,0.6860563390554585,-0.4786446066910427,1.2770922534711133,0.299207687848868,-2.3042411158157714,0.578245205027187,-0.5799048266239234,-2.2196016837612134,0.2142415240726807,0.5519600160327651,-1.7072346298369707,-1.0452233456201496,-0.906925038544205,-0.01274585567913078,-1.0369886335825367,-0.8594462625828369,0.3332403749027488,-0.5219065149919457,-0.8014424042239271,-0.27028397486303635,1.617352412975435,-0.35680662554049913,0.08211496030779786,0.16080571963748724,0.6369042542667226,0.021555714918741413,-1.136581971293473,-0.242392746236674,2.4125500354157055,-0.6437695447494148,0.03680410175128679,0.21182632647516295,1.2744015983465389,0.9129730749517078,0.3251136403397119,-0.6292878436358345,-1.4534670030607866,-0.2724732297925859,-0.8971195408520332,1.0731475090976308,0.025040970166441162,0.13629296496971582,0.6161622134768407
-2.68785346188758e-16,0.7294009629440684,-0.7873908571994126,0.12027728363252449,-1.0734566237691807,0.8899494711965501,-0.9192022382358679,3.0911331190297413,-1.2597039961137135,1.3671772747444169,-0.8110503690043758,-0.6924350556058398,-0.05679732879988858,-0.10876984948117815,-1.4722708386343024,-0.3141006296421136,0.024532901173286104,-0.10617898804503115,0.9619851024576507,0.38356792692549585,-0.2976651348470694,0.1719009887825279,0.9811311072441564,0.04675092947628135,1.1078684412551092,1.718893979392466,2.1983250647389436,0.7302693647173685,-0.4432173188027603,-2.5159948431855854,1.2262215567564718,-1.7840566373262743,-0.21817761169880762,0.14748433381094586,0.25011813598098065,1.000921777763573,0.5195803962863356,1.1216422520787925,-0.5291086912165059,0.9143802104906649,0.5789190807366733,2.1832322341512955,1.8805221766364322,-1.2374051365008487,1.3852493597810212,0.14791937563444882,1.6599015917263973,1.1726997324111315,-0.8171549292883142,0.9716904280773326,-1.1434463045215773,1.3309064162435866,0.192389259210917,-0.7117841326249662,0.3508499771525945,-0.44520244431223044,-0.03810993303257989,0.7439976532310248,-2.42525287370822,1.4708201354576205,-0.5808746807857127,0.3461717492848856,0.7740270598079462,-0.6774732302793951,1.3448906582573692,-0.3618097934281477,-0.06442555816671736,1.3440952146761718,0.6936231437661786,0.7413641026096931,0.34316255770544624,-0.8699234970711837,0.2599669940977313,-1.002897749464923,1.1929564124634435,0.7411611189004248,1.6746889969452623,0.6744937517953906,1.460447640212725,1.0750382909877259,0.13686406028708498,2.9222372945701856,0.21534996864320394,0.7690366408411468,2.0897709931789494,0.12624888338674212,0.5447879959559916,0.28829975955878434,-0.5258122877995919,-1.3747735418641924,0.4186353274243954,0.7287192212084831,0.45692344077493935,2.300287228741081
-2.68785346188758e-16,0.22544316720455693,1.5084135207584177,-0.967448810549598,1.000406596620428,-0.6157598573222791,0.4030243520806465,-1.8109523612367138,1.570734617785147,0.01672446425331256,0.8315722815346664,0.7618496996613867,-0.7419279641682517,-0.5341854934240478,-0.8311796797393783,0.6380885136838143,-0.9427173397774711,0.03979320871616521,-0.2941371184564351,0.3856886690784262,-0.7130846216558825,-1.0160187625368393,-0.4427929297227219,-1.5807193615254032,0.3213469803683179,-0.5484907745867081,-1.2335003870448475,-0.17794131575842478,1.1726823807266662,0.9428436894273826,1.910417024161677,0.9041906387964296,1.0878869927303016,1.312011298264084,2.129924680520087,2.7960000681251307,0.869754585632833,2.244401475700855,1.831481905584511,1.633722754163673,0.06508738177478768,0.3921188669479746,1.956790092001888,-0.6225296626197854,-1.6542435809866665,-0.500950450965561,-0.48710189402236637,2.5382739041640012,0.5094632824785007,0.3196468158614052,-0.5137457552191876,-0.39073913425210927,0.5397214730248441,1.4108457797263725,0.29882320038495813,-1.3335839923427755,-0.2701795717250994,1.0964250269095812,-0.17302124535320995,0.7378983756732034,-1.416717560559097,0.6481364808407991,-2.611417550000512,-1.3078023299593844,1.7246146912379654,0.4247703394718968,2.136946460763326,0.5207753429081099,1.6537523144988584,-0.5057014135950052,1.0602233633374527,-0.19557015779769568,-0.6373622537125312,-0.43592607971398867,0.9695219347414668,0.4834171168886324,-1.1548825041507982,-0.10625538411072227,-0.3256938105910038,0.42002775171172996,-1.6790110179937914,0.4539134718250537,0.6596295957327101,0.7964723995426,0.515641427969301,0.2619150588321454,0.6367351634132713,-0.14719490347277364,-1.4481290055718545,-2.2265062739769625,1.731544188685259,-0.8117243642492485,-0.33757088375650546,0.9409389658720421
-2.68785346188758e-16,0.5817597769951875,0.2509424776499739,1.658828871998184,1.0603386259877643,1.0196774603654575,-0.6540254673718936,0.7067181690796349,1.130640996304572,-0.21577414259566355,-0.7050149772591499,1.505207952273679,-0.841447498706996,0.8171258161271403,-0.1244118778664971,-0.8989111917500467,0.27644019087231075,-1.3541742238553836,-0.2711046677984212,0.4442922768501348,-0.33503108485620686,0.2354403298258106,0.49026523243674885,0.4695522952167206,-0.35323680692151915,-0.4324206734813727,-0.5328681916233555,0.21672447524565633,-0.42002727493950365,-0.18311246495687628,-1.6735170932629988,1.4806060228140723,1.001375174737936,-0.7737223615491592,0.7618651743872182,0.9197092031427611,-0.3238774550247543,2.210350565856149,0.9563078713782489,1.16026845658767,-0.3515145451289796,-0.3967677267420169,-0.42739263953084267,0.8754227485566722,-0.5552418755511087,1.3619492467014194,-0.650405432662686,0.8616298140564972,1.3467051764748572,0.6766767367034872,0.24979807433702816,1.172148741858287,-0.27085309127404655,-0.8931825506123245,0.3513153091811526,0.4378651201654311,0.41897480272156895,1.3362614497476168,0.7628287451869882,2.303407652131268,-2.1169319101570547,2.4645779623390407,0.9704863603675118,2.176295489015941,-1.3627806861196001,-0.7813868498761323,-0.15420081317382622,0.5359552687389887,-0.9840278215873184,0.3976491357894913,0.23700181403285747,0.672223138651295,0.6033370741403906,0.027285440815550954,-0.3325262661210721,-1.3481848091777358,-1.7507212448561942,-2.0467938676193125,-2.2524729401930057,-0.09634719262993621,1.4771269396400837,-1.0203028701291703,-0.5747367945449158,-2.197196931706629,-0.7411169208303424,0.31015848631450826,-0.017396993550864742,-1.0542872974243573,-0.6486897238341429,-0.2550647265268148,0.47287358665512697,-0.6139337712700473,-0.9483190408665525,-1.9471712056066828
-2.68785346188758e-16,0.4833626743111918,0.7245323749721401,-1.2437736654667302,-0.33448210305561626,1.074493177832879,0.9833542704620316,-0.5508569627896157,1.5294318503325215,0.794664146979424,-0.15330099694227214,0.9167246890734886,-0.06059994802451241,-1.0806643716413171,-0.39042849771473975,0.935732808768711,-1.1306208849815806,0.09886749003991013,-0.43252064865878515,0.509479852540425,-0.364474511259628,-0.238935433282502,-0.7901681801490286,-0.9847969463112884,-0.5891547317775716,-0.28808761088970936,0.11815028710599895,-0.9787213680091772,3.043438397030803,0.3218666675162807,-0.7533882769221876,0.05935933987610541,0.5426153268211071,2.2952429437517843,-0.13146778239440904,-0.34717349697376526,0.21713943722157106,-0.6009797999180126,-0.6258978067715385,-1.1757171243365323,0.9545096830510217,-0.052819272111018334,0.3026427017252273,0.5427971655930984,-0.8872395153368575,-0.9411993047867909,0.16240921652936705,1.2045291110194651,0.26749323615926546,-0.5788939812479472,0.7976935945591537,-0.715241585372786,0.3214490434856071,0.03443557211031349,0.6167746284308042,-0.062421401455139136,0.035651787039983555,-1.1892394090785237,-1.4955746854311143,0.30040464435114705,-0.8185323550465818,-0.41492854547936364,-0.1420163892745091,0.9993056098117795,0.9813790431317903,3.049972906581717,1.0053471402459568,0.9647578399494027,1.6027381112879668,-0.513204638507116,-0.9234170447218051,-0.14230009928107248,0.022371268450830983,0.14872155369516002,0.8987228884532615,0.34890110353185544,-0.7239682687136212,-0.12266771701082058,-0.2948567973176333,1.1540695421615565,-1.2513669958598002,-0.5867897905472488,-0.045930356107641984,-1.1613614026981358,-2.01068531071206,-0.3994513291586228,-0.962339707929214,-0.0850778128150829,0.9395114304243637,1.348188919354187,0.018553589260536296,-0.18674812760513962,1.379356106145777,0.4634182123158581
-2.68785346188758e-16,0.6859178084533452,1.4457634232486287,-1.716949912658317,1.0072053286121854,-1.5422368968576508,-0.919148539498099,-0.17073237285476062,0.37479161803996386,-0.14053997114256175,0.29519216732089765,0.3980943612450474,0.7277488423079567,0.031893222499776996,1.0114638433257033,-0.7309754097086126,-1.911244752958079,-0.4124397263222537,-0.24715056459927953,-2.4614016770300884,-0.7392362838785864,-0.9254406728900573,-2.1529703510641474,0.8113910274052389,-2.1978111020990454,-2.7832042157471006,-0.5350728558636105,0.12885449730209234,2.2706135249239137,1.0463014716592192,0.4909094168968269,-1.9805104289122293,-0.41815318049893624,-0.5684450926403477,-0.8115353496881147,-2.2501207844093827,-2.4506129821957328,-1.1023546827389028,0.10039600268731982,0.6058692583424797,1.4608208159201348,-0.5511329816144309,-1.830689308305422,0.7100621026826188,1.1097881455892407,2.0631353959427816,1.517720149951771,2.1986529197146822,1.087799694089829,-1.1419007285963512,1.6070806675209204,-2.696118642532403,0.7705082018847751,0.3904728835050995,0.2091534524557047,1.4062739453925786,0.4038694426654667,0.6090624146723677,0.27789124221991934,0.683268981158752,-1.3777110153806424,1.1399420873965957,1.399403618791471,1.5907789224111288,0.029101551551643456,2.261576321220565,-0.5038574367924309,-0.42210770990239144,-1.3277840073182814,0.21232716890169342,-1.1188574306013799,0.740748398087082,1.1204086917417557,-1.8718279813073577,-0.7625143705919697,-1.5094634290109334,-2.862586715655415,-0.9868971258700622,-1.725231197112536,0.8790910540231243,1.802704245151677,-1.1679173848314717,0.5361776661270711,-1.618581615669254,-2.298888309827447,-0.5235698036430464,-1.7282014903446927,0.420311556932572,-1.949995829324537,-1.1780868757480625,-0.02027219780127973,-0.24638789916956572,-2.0963069132400443,-2.9193095098466406
-2.68785346188758e-16,-0.07471714491845527,0.6348437985670974,-0.8177832993996635,1.8856426955762187,1.0913400814058987,0.37516705688973706,-1.0868239198337561,-0.09354326020775958,0.43683381409813843,-0.028450005375608586,-1.6369259609421538,0.8631339165800143,-1.0296957325519949,1.133579412329746,1.2071112023916564,-0.4642445581478031,-0.9382054707089713,-1.231525972479242,-0.537351138130178,-0.6733550872635029,1.2458359967114798,-0.97164977477272,1.9699132541313706,-0.05918905351825565,-0.3567417185990207,1.5612734573155096,0.19007982106262059,0.8013244794829507,0.3288608727064716,-0.2602561713251614,0.16336652586763567,0.7405053277828191,2.0514179794490817,0.8492072038993742,-0.10868559933703997,-0.2985026200307147,-0.1309282644502062,0.5357392841367667,0.709036334644634,1.313333855026126,-2.141599379270232,-0.9464755392921826,-1.3288914668656977,1.227274256486626,0.007609982701549716,1.4828483331214648,0.20990122159813043,0.4592569783349618,-0.3575025880176107,0.28353672527654705,-1.494930807523151,-0.453306398829305,-0.39022024525843774,0.6406851705216603,0.21441182772292072,0.49093250373176167,-0.2732759529380748,-1.1459116471783548,0.6473748523715358,-0.8750564915860625,1.102072486429718,0.947388072860446,1.616967977991049,0.5874088849357866,-0.12581888987648115,0.39336157187242904,-0.5934327246553112,-0.2347789654170651,0.1691480617348766,-0.7327233584365349,0.5881475991341522,0.6753489315572867,0.19528181174854897,-0.5053511237884084,0.3672250875130142,0.13889611238989866,1.100780155999145,-1.738458858472498,-0.3859601441392929,1.5764132392560009,-0.3381366876315156,0.041272783175373945,-0.8607837639611717,-1.738937102746311,0.5175706308445084,-0.7266346183308584,-0.009244105600089085,-0.30365700376763854,0.7208547136126896,-0.5171741041470176,0.593705530289128,-0.2722388821742528,0.16822834021114158
-2.68785346188758e-16,0.9275675703991371,2.241551038694925,-0.29880028650353235,1.7777723254060658,-1.2442079700220277,-0.12661634643116568,-0.6438041864487681,1.9490493208529645,0.40625784840434565,-0.473495140930859,1.2338708177756421,-0.3350819201396341,-0.41342934534990483,0.5770221369704345,-0.26119423096987615,-1.2784451903588376,-2.093101676184261,-1.2068541470236558,-1.328389480212212,0.0176897283767071,0.13014740742341313,-2.446323972854071,-0.5473908114874083,-0.964456583174382,-1.5152408575250944,-2.2911118635302605,-1.2974450176972478,1.6410775284743262,-0.08628151139338014,0.8224573752480305,-2.027947890674766,0.35407654554624346,-0.4732266882368521,2.5186036305854516,-0.6134474369296108,-2.5702841912379655,0.4514156922399994,0.9190242449893385,-0.664558288729035,0.9778507054415582,-1.6951765068178137,-1.3177666681632259,-2.1476087184524224,0.999468856550406,1.1727026319126752,0.6179980063522444,1.9825578199236489,0.5229565473592981,0.4799378552280217,0.9153465413623121,-0.7620946221474245,0.5180359644375389,0.7553507573687717,0.35774290878431275,0.6672324905443008,-0.10729269895539824,1.291859864066451,2.0927797234602115,1.3712824250848268,-1.8793374322990244,1.6367036754154056,1.0149980165455572,2.5348892059226396,1.111771093276361,-0.806691632872679,1.3521030609747964,2.023993118654539,-1.267550776953557,-1.1916143129474164,1.0230999706887218,0.6128219329035659,1.750687042296589,-1.689166499339783,0.6809213566149294,-1.9312876083449468,-2.9950495445946936,-1.674237502770974,-1.599261286023355,0.1110097354395975,2.902851343002173,-2.434970904030645,0.7975798815670897,-2.038960815937838,-2.2641395291076796,-0.07324388008170386,-1.156574218627343,-0.3756569447321292,1.6781786737820463,0.4108191203461642,0.6306650236507902,0.02326626517113095,-1.2860400640689824,-0.483386686895672
-2.68785346188758e-16,0.7534900040373018,1.1990973985014401,-2.2091660832681588,-0.7070955487919739,0.004691136221741853,0.7691096951228704,1.7334360666109996,-0.14805183768979613,0.57711615896472,-0.6965714299142166,2.315266292748549,2.1353575158723404,-0.9207161975384806,2.546166764624217,-0.06729849594352189,-0.632534417769135,-0.6603461680512026,-1.1129098939379936,-2.0770824489936666,0.6773353112528231,-0.21181256727319409,-1.1478374467750947,-0.10555361522300612,-1.063930222211128,-1.3980545652982237,-2.5691205307835068,-0.6585737237844513,1.5873439433248315,2.081818478985171,2.4945131543185983,-0.39725739821248185,0.696622417678765,0.1956855880516834,0.5114669540143514,-1.2891547714088167,-0.4885854175136244,-1.1583174018287319,1.5157707372976654,-0.900030983437014,0.012351393159371948,0.48697355101603895,-0.9037974451711354,-0.23179282700091935,-0.5333929070456072,2.4739083486510483,2.027828431967706,0.4534638894038563,1.5777638504067206,-0.09370879082731733,-0.003898758831573146,-0.8136532612474281,1.8898869828051224,2.130269730853461,0.24178272002570778,-0.7580410755263489,-0.1496901230974729,-1.550521146968289,1.3348685263920852,0.3149832522970461,-0.42299448344100427,0.49516525748729434,0.916170245376372,1.5550851567279744,-0.4054672358219096,1.9425571679293556,0.6823824682983451,0.6431595864483431,-0.08180328923007874,-0.3823723204872865,0.5761381618899478,-0.13917379682100178,-0.08808773853650864,-0.3062227883362981,-0.08812968370717705,1.3945853352094888,-0.16925904315420537,0.11641168189535897,0.8327895544318584,0.7778225884210631,0.05352606984333963,0.3183566495628621,0.17541979189920745,-0.4253952190687381,-0.7932387817402731,0.11822022259299556,-1.655568893094324,0.07779120194338567,-0.3449506055574878,0.17430334531315006,-1.096931961539984,-0.04086446004383015,-0.6161021791480994,0.4178850215555551
-2.68785346188758e-16,-0.6986466376460128,1.0322506974009715,-0.9685276198334788,-0.8987736221634856,0.6326884212307828,-0.03879174062642822,0.3848950657223962,2.0178547150937085,0.9545437378795923,-0.6171025548912066,0.3781765845786611,0.8073557366879784,0.20818320821884095,-0.8561326785560021,-0.3679025747974028,-1.334208231956843,-1.6377290508895805,-0.008136478512941303,-1.2457424168643343,0.3989151096499335,-1.881457821307587,0.14654448878757054,-0.38725792130211195,-0.8625799435679113,-1.5699429724961287,-0.644383008718742,-0.3795586120745509,0.16973288376126439,1.854120425528698,1.5097993069575775,0.34296031391632065,1.7690446172129342,0.6727695625296928,-0.5602901019942377,1.3525834905652794,-0.4223963781517496,-1.6629780493570037,1.205855072683406,-0.5418825276267841,0.6770506018175889,1.5925698059930773,-0.9534816441747753,0.6281455893700745,0.11894958249417509,1.6584423936796149,1.5731121288136103,0.7554114411663712,-0.8368693225972141,-1.0453721622611565,1.81441982799593,-0.8902023400997539,0.4746297765896585,-1.0673207992549758,0.8955201142154465,-0.14516561810194706,-1.3736026131431567,-1.6922583880325384,-0.37943164692069886,-0.5347011230963042,0.37650227330627867,-0.6046603687341343,-0.5085084007185433,1.1435316173744803,-0.8870350830041718,1.3054517927664904,1.7924606868582131,-0.020714157820012513,0.7356591675982135,-0.3328152126074645,0.08157922540728701,0.3017961521957963,1.830446442420278,1.4975744495477095,0.892510738173238,0.05775465607877073,-0.3254320459238572,-0.08041620848019093,-0.18533491219246123,0.9787955565619447,-1.0688183752445455,-0.6950227051856869,-0.024323404031026622,-1.8612177876070084,-0.9667028228260102,-0.24204062436520513,-2.39264759415399,0.7311973733354888,-0.5899790808680274,-0.9281774042652255,0.2707098501056766,-0.8223043471241037,-0.42652437137422106,-0.9460601851186097
-2.68785346188758e-16,-0.018375449644759897,0.5237874850139819,0.8617431960439974,1.8959804437590095,-1.388847993170642,0.8854095051606686,-2.022756189627588,0.6737685682217742,0.143323895268279,0.42703953770186887,0.4904907463785475,0.11653276800707954,0.29476312615846223,-0.7604800786397992,-1.189097679205017,0.9025912007957484,1.0846267588807974,-1.8917467071858038,0.10555826887001851,0.30137096717143175,0.3759108453980753,0.49734957428803195,-1.8312330046246568,0.013831013622502622,-0.5615902802290363,-0.8046911369907344,-1.5086550377553176,0.2661124465788631,-4.265131903549741,-1.2347730042114473,0.715686058956201,0.08090464606677766,-0.5854735042810629,1.5065639204957655,1.7244119901308315,0.16324992187409232,2.109018716164693,1.0848289356694627,0.8495296193226066,-0.25260355308410687,-1.5455072592554784,-0.5156174062802917,-0.7151267239159059,0.4216597138840587,0.9870392224453834,0.7348735422529977,0.19758242184292937,-1.4094902129570344,-0.29213941896930434,-1.5535091533932566,-0.35156120533916435,-0.30413250221408683,-0.5873279945867158,-0.3051897372289148,1.3006489380887034,0.26762214351348423,1.3479649093929036,-0.3762822065554375,1.2931216693508616,-0.29936678921746523,1.4675054366304532,-1.3782285666915381,-0.03210863676263165,-1.6405803253336715,-0.8667098405104126,-1.3828701632229579,-1.3925494526008881,0.2435997550946833,1.1040216029831542,1.0107781660464035,-0.24287643588115032,0.3778501622765935,0.6745506709235171,-2.0570748263189182,-0.5798912779899168,-0.6991594476250041,-0.6494326121183635,-0.6358612470333349,-1.7241799066016155,-0.055750517829248857,1.90031149507257,0.047918868365848626,2.289079128162789,0.5687299596873698,-0.06679215209803978,0.17255044144708098,0.364278422397899,-0.9133393277745057,-0.7754867562666095,-0.7212034361058188,-0.02046759363290898,0.08916349260484724,0.4123485390666599
-2.68785346188758e-16,0.2284510404429472,0.7979335066785039,-0.929493282021869,-1.1436797943505819,0.2913823918047077,0.3297508538133505,-0.3391969615887486,0.8296638931493125,0.6482157985730447,0.13028394456389533,1.6309890775696982,1.1144663202870098,-0.1757562841681748,1.40519823195409,0.5355174629230229,-1.0211751969630443,-1.8014026437794983,-2.857352795350949,-0.9174713778808907,0.20701541834237785,-0.6439866569690117,-1.458917519396324,0.486734738944302,-1.14420516905022,-1.163347133764224,-1.4725716577755081,-0.15193606781952737,2.87907600923371,1.5825286038792068,-0.4036883208883928,-0.5855789082968306,0.5207958298307975,0.7525886422194471,-1.0567512263171066,-1.8676288535535952,-1.7642192632411104,-1.86770521865236,1.0158625459177997,-0.7040177131574284,1.4737045068265195,-0.5077907551009192,-1.1625949445710817,0.3354194805057425,0.578122953656149,1.8891077329898254,1.874132588961233,1.9011870854566801,1.7116427635917595,-0.08578743667157403,1.3669660351278097,-0.6711004415910814,1.3320620635213969,-0.05063130514472313,-0.15754034054660962,-1.0782685899053825,-0.8484612401607587,-2.1779032494842183,-1.6193447775337877,0.1648748297827221,0.8879495628621643,-1.857906040191224,0.7738737376203056,0.3843104286495014,1.2852403732500621,2.064422565720393,1.4909376665864646,-0.4999903589442498,0.789991228400402,0.3607343112820118,-0.7124405810372386,0.971262931947027,1.3846964492401495,0.6186784991281762,0.6577450778581082,-1.0546877761253044,-0.7809748961864948,0.7645099930571062,0.0694391407277094,-1.3870253136494037,-0.8641587623474768,-0.7264866076853211,0.8127356663546488,-0.8857261118687669,-2.254776769486747,-0.5192315767968269,-0.3833125085819037,-0.3849812960547934,-0.07134421438679295,-0.4916971402747372,0.4798622057476061,-1.3311629366596962,-2.4149238057433147,-1.9279787323799253
-2.68785346188758e-16,-0.878128652719432,-0.41921879754715763,1.9279287722852387,0.8802572712180207,-0.20394660331603448,-0.012671977916447065,-0.45371128160105423,0.9850316219366924,0.2357833204839015,0.39976737396232653,-0.642017376632654,-0.30541622687602893,0.23918726297822995,-1.3645459229960912,2.3337189538094765,0.19635798811589744,0.6361596379938995,-0.37295382451803016,-0.42299300333323453,-0.8927695421221863,-0.021577548532397253,0.03899005829030622,0.5291561376348373,0.5763955786710339,-0.6468188875823502,0.4542518673499499,-0.8606455352320374,1.0654614373064666,-0.6456461483026799,-0.8431829917778839,2.5067115494784282,0.2564886278234315,-0.8484849244008501,-1.270697712036461,2.042400102077564,1.670534769535757,-0.1385531735605844,0.3976828770408004,-0.179315367140697,0.29169139040485104,-0.3970429114453638,0.455174519497912,-0.6546685173192509,0.31436099902980624,-1.2705834886820462,0.07170750246941421,-1.564821879184042,-1.5235930202416532,0.1206892990459805,-0.9608052633010975,-1.0608832073191685,-1.6844000919181354,-1.5852346857271276,0.2797422262109392,1.0044257904650948,-1.8863256930099397,-0.5305434172483405,1.3794194374074413,0.009014932427666378,-2.3831761618001814,1.3516693268332156,-1.2299546968464092,0.29320474799298135,-1.0800054500707512,-0.649021666707943,-0.6479174593974286,-0.5816680023694349,-1.3940950293148213,-0.42933054020638606,1.0590540826584542,-0.24874442592130094,0.4335027519378598,-1.673554374260597,0.22310094017036988,-1.993607218876754,0.7681638350166535,0.8698404995732558,-0.5736515252891834,2.619923944814622,-0.7305955874340486,0.1228977622280798,0.025865530504606157,-1.0603172470829392,-0.284384318349442,0.0753922612277613,-0.37470290943480034,0.6195374850707968,-0.29349683920757474,0.6775597181278027,-1.9883512498328917,-0.6713245333752682,-1.4031197341441115,-1.787305918048237
-2.68785346188758e-16,-0.7861932588225,1.2523595441137383,-0.9123164604426722,-1.9141036639039468,-0.3280726741982947,-1.4553913522387405,2.5691626220063375,0.5322361012284772,-0.6907713559027717,-0.22378991094555903,1.0291266245683919,2.04290278778875,-2.1933057901245387,2.1103859470558763,-0.041499437737423775,-1.7924295109154516,-0.38552300878798873,-0.629268523546997,-2.5950860964014515,-0.6371384698414839,-1.069715335792081,-1.9619313330312076,0.11046420230812343,-0.6805635651537728,-0.5919158914501967,-1.583081966334888,0.7545867644304085,2.85662711216481,0.6472227684135748,2.3316014758975023,-2.9099877647561074,0.1854871536406511,1.9060465338940438,1.3197400182538055,-1.0603524021053425,-1.1151984074574952,-1.3623437662264157,2.4566519356424763,-0.9107082738889731,2.595508920801799,0.9381626955888969,-2.4088387590947127,-1.4378166170252968,1.1620465383919125,1.431357912961992,1.9970158596412655,1.8582384509463639,0.7373443909703048,0.3642609545197281,-0.40643100725983394,-0.974036979285239,-0.33114706973513697,-0.5943956097991726,2.082275399957394,-0.6626002411304717,0.8896928086287319,-0.4610632006329264,0.6413723535807238,0.06040974226577567,-0.2669173704931097,-1.5243126605154576,1.3577631753366184,1.7949771941932982,0.20462813381345124,1.8111132520564892,0.8369296569948393,0.32791857601137364,0.44747290718223376,0.10120602726834642,1.0736359715914872,0.3509330241589018,2.3791494903080173,0.11377660739747347,-0.9550870680164932,-1.2650073714103505,1.107993678912058,0.8936947706765623,-0.4340343314164196,-1.0807877330948437,-0.04817786952824843,-0.43193826645232075,-0.22802574231065967,-0.3045474740836237,-0.864910769289612,-0.35596191355815154,-1.4824183985896475,0.0674963819432524,0.03431647348481659,-1.5155277774610085,-1.7228893515754375,-0.5811001314670767,-2.0829787743620107,0.6302549966202942
-2.68785346188758e-16,0.18379567023800789,1.3112671460192804,-1.5078926961825618,-0.32617998607389426,3.202979490882653,0.13373573201163685,1.860849576204749,1.8376239442730071,0.5188912456636363,-0.036175880254281215,2.089077777100235,0.8031889962787325,-1.6408836411082521,1.7992649079494807,2.13800758031013,-0.8186085425351008,-1.0649655556619115,-1.6123883007308597,-1.2752184834866136,0.6375223497968271,-0.7820631291025226,-1.58953355891033,0.6290214464767976,-1.6454273873025886,-0.6455001024681202,-1.0547246280638876,0.9035276781949815,1.4061291965628167,0.9024986658072689,-0.44842713994896566,0.6128388457187701,1.3408939263632544,0.6891897966709614,1.5035281848035749,-0.9020279541633529,-0.8604734594765562,-0.28261798864478693,0.3169120562348505,-2.539308180121091,1.136001205901405,-0.36712644297469993,-1.606695377903341,-0.19669347778892143,1.3274534884050908,-0.41778562694501575,1.7321666371490505,1.8771574376899796,-0.3935930318841786,0.12466135804102643,0.9759170445050185,-1.4282108565907292,-0.551613429376378,-0.5393485041832159,1.1212742082558869,0.7252671977117418,-0.31186643133886055,-1.797850107223452,-0.8013674273991254,0.2966588309823288,0.11920878360491816,1.0362080948182921,2.475337050149582,-0.21234226237669984,-0.024492962371065102,1.8018911878646873,0.6493806235635275,1.6401703780460972,-1.7293420541987503,1.0569459127424667,1.665062674085835,1.266323423455177,0.5660136159004326,-2.064381760590908,0.5770853172716042,-1.747981620387565,-2.324713684531724,-1.019365232700446,-1.899520647132958,-0.17680595492573514,0.8481956873610246,-1.883072130900809,-0.09374595313884475,-4.855499757096863,-2.1774711927995685,0.32331905962207563,-1.713281938134651,-0.2872137876224841,-0.15618105275322391,-1.3901092691846304,1.0369512047443152,-2.6200917103707493,3.423054553055616,-1.073633998961719
-2.68785346188758e-16,1.466870058721054,0.7502218651835544,-2.432898049309512,-1.974672381600687,-1.380082128636089,0.10763595655860834,3.0180164906344125,-2.4934028432910025,0.39607629347029827,-0.0556054633283809,-0.35631597924713426,0.8400762263465877,0.12325507804592983,1.100577046285874,-0.2566734027821748,-0.6896331385383775,-0.6195819234182205,-1.2189708114236546,1.2371162660775101,-0.02976897286283735,-0.49381118614341313,0.621388316534854,-1.0579741773318814,0.506759473744391,-0.23690131071667853,-1.2607126512090008,1.1899864689767885,2.921983414862905,0.36914993767288085,3.5352835165398426,-0.08852314063505717,1.1641551960412193,0.6956099814561191,1.2706196262831466,0.13949521677937826,-0.24863765243500413,-1.660025260358298,-1.2334252401174022,-0.8224380203068021,0.888369441798867,1.6912360990037942,-1.4029801634726646,-2.665810204941525,0.1643470576390451,1.1407476942873775,1.1195473819295296,1.6312024760824246,-0.06780623361104982,0.9954386817248461,-0.8768956928213704,-0.6942181500056426,-0.7906831799208893,0.11543096360738805,0.35519899490257933,-0.3754623787863231,-1.2864021978501217,-0.9898586038753436,-1.3431052458374384,-0.1391323067350243,0.9289950795159146,-1.6108688462280378,-1.0971048154166572,-1.658793507055338,1.7897880836343694,0.2495306680650234,-0.38961764044626024,-0.15142297512207736,1.0581385433638015,0.4178870928779293,0.65963586576698,1.210771243714427,-0.8883926734225426,-0.24943695657528475,0.39464978441639664,-0.39890601398174297,1.3068521574262153,0.5071414259775153,1.1137493093318374,-0.5662823062533545,-0.4676625878966335,-0.712881907296145,0.6146924098985589,1.9971017688893644,-0.7423739332399724,0.19428184954575956,-1.194207611865207,-0.10585466061560339,0.9459661587354028,0.7510236525910817,1.1300449201865306,0.6021187965106349,-1.6595219748525962,1.5936103406681021
-2.68785346188758e-16,-1.0915774179551345,1.4622974067793135,-0.9023212995460835,-0.04549780943733456,-1.4203140310329607,0.8884113348094382,-1.6513923080654,1.9619924336738512,0.19918680554327817,0.4990365161023778,2.3927386466910257,1.03636653764453,-0.7476555242993494,0.2842174337017196,-0.813741595703774,-1.1713427821434124,-0.6848957502474458,-1.0749204916071582,-1.5956749846743679,-0.4942087385705524,-1.4840339092448396,-1.8289788337949924,-1.0106616105423882,-1.6337491600529779,-1.4502671011124484,-0.3721028697813176,0.12056764933061032,2.136880384708781,0.8570495093046502,1.0838679355875354,-0.18268882710397427,0.4578301916502654,1.2436143635770602,2.7131401536210538,-0.8581625593070035,-2.3123488863056987,-1.2778459964697895,-0.07042944705260495,-1.7375495128900011,0.6161378260763181,0.3760161101758427,-0.6323676236509914,1.471437138246889,0.18003438801326332,0.9024489493864296,2.0300681076840985,3.0112512776826295,-0.2867752769312064,-0.07418652168107057,0.9725659227876846,-0.9884312677067829,0.19405101864380822,0.1272428107229572,0.10971041033941384,-0.49983025035512585,-0.2992986255761986,-0.2218643432751714,0.12175852781462426,-0.5823387505757535,-0.3815310315205712,0.5950573579863278,-0.8420551869669398,0.4015119715397827,1.314033651096222,0.7883042379488532,3.1736744854479584,0.7169371241042812,-0.13068641864664685,-0.8966191689983144,0.6077745879151983,1.1898948359580765,1.0611934415464126,-0.3534375600379213,0.3782043404210455,-0.937134833529315,-1.3680851155574825,-0.6871697174064442,0.6437658778939457,-0.14488096703528897,-0.8259653252231347,-1.1885683672163232,-0.6889483655535558,-1.9027822695098613,-0.09936544202599917,0.2745867368943491,-0.7192551404356156,-0.007091812243798786,-0.0702292387933432,0.03131878393398624,0.6706393148116089,-2.1297341457748837,-1.448784389785124,-0.5232874578073103
-2.68785346188758e-16,0.14409336042039772,-3.683723912449096,1.2281501947248625,-0.7368321046996463,2.5850264959996068,-0.7173848967355769,0.057456015888681045,0.46847644187875914,-0.43593748678419475,0.3771158637550076,-1.9898170404128273,-3.0879729737853863,2.348953111034594,-0.09948150685668011,0.530774607180032,1.4476101683838047,2.068227220278061,0.2038909544325722,0.21866362512091891,-0.553396165419008,1.985894460980828,1.3233636659896106,0.9899999017429647,1.3768217546695014,1.2127204529712738,1.841365917525646,0.8412954809516644,-0.7088050267212896,-2.5836934113508883,-1.4386983857736535,-0.5799097459331664,-3.3846878424491758,0.39968042924276015,-4.181252442460115,0.1592383899613645,-1.3372269718624539,1.8838457464896197,-3.368138127124766,1.2436397186625765,-0.08113139333815664,1.0840506115546118,1.0348123606604718,-0.4732275212710362,3.474036083032023,-0.14996902014566876,-0.16399645480954814,1.1846722128151708,-0.5120556824900733,0.3283658849508485,-1.0484883985852629,0.23067063656231823,0.46201640834570734,0.6242807668930159,-0.06676493398699183,2.2703162539362367,-0.05857637514917729,1.2717411130142584,2.2126161042564445,0.7709797717462429,-3.2845430989331277,0.9963699983787657,0.922941484359518,3.2589553936913154,-2.34542907656705,1.049665560103206,-1.6690037431841342,1.1946291882959565,-1.3762469167810762,0.20975867498544384,1.1059273707068071,-1.1791804430945378,-1.5400721059104194,0.8131289021817271,-0.10909137181281002,0.09452602363519591,1.6607953646357836,-0.40995096074918913,0.6120559562620911,0.6118761328039016,0.3285960914479922,2.3852816983145937,-0.04291494185078037,1.4121392222104157,1.2001081128805973,-0.13684287823520946,0.5564121858560297,0.15145219799701914,-1.5048371030864598,1.1497377207047177,1.964444218933798,2.728630322594923,-0.20912806195808675,2.1636249259126523
-2.68785346188758e-16,-0.3762178443362883,1.8881215351457112,-0.8972058023333801,1.7194042865462542,0.9485903070958761,-0.15019701046827952,0.38785016306601994,-0.0781342217751595,-0.5488809683262293,-0.2400616803380216,1.7623681469176598,0.8027160286469337,-1.1584082817000412,2.7516215393356225,0.20507901771883916,-1.0243998061358073,-0.7398320378117843,-2.933467428689712,-1.4404016719803647,-0.8633402568036239,-0.12800090758428823,-1.5902717116600162,0.1829636578311252,-1.3441941641571602,-1.1996601531550055,-0.031879179706282845,-0.8234733884177673,2.5102249776496484,-0.2244552226141035,-0.41818086667234433,0.11690505701658252,1.0030700631466962,-0.39945004034882314,0.7368229207895884,0.2681372120939712,-1.353688542229716,-2.8202377847015927,0.479661996561642,-1.0215265097394313,0.8417372075917009,0.13645522731729742,-0.9573836116247786,-0.1686687037410653,1.2497598304791664,1.8135740340916295,1.0660354515500292,0.9825622123866418,-0.7793924950886927,-0.5883635548628846,1.4509680741516076,-1.3659259118249292,-1.6705466461699205,0.1767076486761628,0.2312440466407796,0.42712680728009744,-0.5360607847244119,0.44852998942974176,-1.5455383340424322,-0.17935186857844487,1.4958236544517707,-0.7144397950817492,0.4677053519288602,0.5793969624969857,-0.46650534743426153,-0.3133201447758866,1.6004836994886373,1.4416985110004608,-0.03554909430253031,1.5299991933385757,1.2875477050787436,0.6599207954351829,1.2873133064083404,-1.1556429995195479,-0.39456686763980703,1.135548222303226,-1.2948004595538243,0.3526383125164232,-0.7190599506519187,-0.9719675590217363,-0.5825529409254105,-0.8411257343936164,0.38672957477923325,-1.5883745400849505,-0.39475377269118017,0.594037187252982,-0.431317230139918,0.21774673635838332,-1.6520758397390158,-1.1200437234485745,-1.6463912780317325,-0.4531446120457445,-0.24301098516442332,-1.423637570507138
-2.68785346188758e-16,-0.5797638555716634,0.8609890738311697,-2.2435327428024427,-2.0678391142422377,0.3316943962175942,0.3548314224491597,1.0400596005712972,-0.561420377802938,-1.581185544200628,0.12381769778126239,0.9508020445145772,-0.08542629391183576,-0.9315148171558565,0.3159521781341562,0.19130180094331156,-0.912297315977922,-1.8116527876002246,-0.36441103753055815,1.1699457629362056,-0.26859277518540553,-0.24373354021554472,-0.2710562459090873,-0.732515317942387,-0.4776061903844262,-0.24774972336211157,0.9156149612956432,-0.03776097422878493,2.180132118051662,1.6965642996208257,2.210721946215319,-1.6348292409079759,1.3168454230551228,0.6099652700411463,0.31007415358599094,0.9716486171348279,-0.5939681261541874,-3.312073808899558,-0.15424266069999717,-3.1938006176430602,0.5338031230757443,1.0872720458422511,-2.407732406472129,-0.059159731530312565,-0.5644866046663938,1.5847189990935018,0.10503770516746297,0.8095351082485926,1.0621415820001137,-0.18156219040650232,1.5903431786546776,-0.03773957291084294,-0.9430744717992248,1.5555491582938432,0.6327864551767105,-0.885940126986861,1.1515785514409687,-0.06529810135103237,-1.3589904384394291,0.22489341973274857,-0.35581794222323515,-0.39443903665575153,1.8320566856934994,0.16652682855155293,2.1486325478794166,1.0207067062125141,0.5857780515328072,2.6321810083375112,2.204887132501397,0.47930278873123955,0.34803594547884553,0.1475065502829831,0.7338655596995755,1.3100840745074385,-0.35443517600959584,-0.44963751076949726,-0.5622780177225178,1.6022557628977339,0.18200868760849787,-0.18814226265689646,-2.303121376437203,0.17440874322994349,0.1478587448359476,-0.4630360879073894,-1.6391125534335322,0.2310319039955873,-0.3049250234519461,0.41245550986265095,-0.1268400470071953,-1.8678421203576514,0.45874883322081206,-0.5441745810643888,-0.07181401247021008,2.0274670147740173
-2.68785346188758e-16,0.19177094048152135,1.2058579320721787,-1.3508653464462734,-1.2752052093889612,-0.5621589876958015,-0.5498884933531591,1.0450256420367663,0.8601743991005264,1.6253150827262306,0.28128035469822277,0.5692289650783915,2.087349772592354,-1.6312876037941502,4.406531276681264,0.31173876382226984,-1.975761434506561,-1.2287258593287813,-3.5386287389101208,-2.0871259345377524,0.46112948962375,-1.9948996445244167,-2.6283325145164653,-0.39095862625651234,-2.0898402429899545,-3.317936692798051,-1.057855009068553,-0.03669012123378609,3.506662151422512,3.028097063642181,0.37327509404423825,-1.527340064960606,-0.44091071066968224,2.0132335457296717,0.033843281828041416,-1.3866896212024309,-2.3524466248875635,-2.9054600443662677,0.035567077953048976,0.3246360534922559,1.3119821555130402,0.18179172831196927,-1.0852180745692992,-2.380099625291196,1.1262867233976412,2.043588537704642,2.061981791027982,2.829604724561336,-0.47189588227061463,0.8280622011674852,2.2026773832620807,-2.8109784505572892,-0.26521077238784735,0.03890921529946667,-1.060299945111408,1.9986797932287774,0.19873111158036394,1.0989983118544067,0.31724120272104556,2.2109207433254063,-2.326989935056023,2.20947324106028,2.302225373698298,1.9277912955347272,1.315360590802548,0.7426583620766867,2.375720262308368,1.922192980001386,0.07788340330183235,-0.2891059729769563,0.8237917813234247,2.6401492171879672,2.6771079825308925,-1.3929415431713426,1.0634166849375974,0.6061377353804642,-0.41151816210683645,-0.6770475004999539,-2.475675876607624,-0.16229925519804916,-0.7557255507288592,-3.3048025992996513,-0.24234183396908532,-2.6888230772627644,-2.352797159718053,-0.3135992119373481,-0.4119506916975973,0.5631089711049304,-1.2050795276359938,-0.5351912652525641,-1.192353030926642,-1.6424162562313747,-1.406089836753774,-2.163912844655625
-2.68785346188758e-16,-1.755079341194188,0.5112460580757615,0.2169632176629136,0.9669797205625592,0.701400197258196,-0.6274046456907368,-2.1480088547233174,-2.9834306280362526,1.3586451643788868,0.6949944882092786,-0.9577446793844555,0.21125675456403026,0.49002252841950744,1.8046718797562515,-1.110983858487736,0.6759281574910698,0.05072386210139909,-0.8368599988215955,-0.17995096784352416,-0.3875282944314701,1.9799362862554073,1.0498652399004387,-0.052490101494162215,-0.07185568834145084,-0.0121914278529065,1.630102942744213,0.6172418128156588,0.2062419550817704,0.7559393096687432,-1.229481609257132,-0.18785929822452896,1.1452517336469872,-0.09829055120543262,-1.504455127586208,0.35364667538096034,-0.41445236860943296,-0.9300275045561398,2.417801314713568,-0.04393395448573781,1.1092658424127753,0.13498807492397324,0.9965357953837537,1.9146240684507716,-0.5791579408715768,-1.0282905412374708,-1.1319233591442317,0.13192005963581646,0.7973463859828008,-0.22978293894357568,0.8619688694125374,0.264331224383317,1.3124654896341954,-0.13297565085333132,0.7496853260983812,0.6843446576649701,1.6338534806396996,-0.03697029094890081,-0.2930675951221231,0.17106733071822278,1.6579416789256478,1.1880808832465157,-1.933207827238522,-0.1671305527670613,1.5834019825749326,-0.7954163335758431,0.5738010471370107,-0.6770575993562754,0.2755853464665673,0.32354388030415887,-0.786463708877383,-0.370907405270534,-0.2615793513873258,0.15478211877499315,-0.4023314017274181,-0.556010381135328,1.090913668328306,-0.23650209384994952,-0.6272659841873529,1.188986321784896,1.1397036363813704,1.1202811559115036,-0.18225488195258466,1.1538868674979312,1.0218709533940087,0.13516657516976566,-0.7442304108035954,-0.17145507683166852,0.9986721021095782,1.2386419043906494,-0.32153066109769896,0.04299609445397046,-0.34254083797621715,2.0673128011762856
-2.68785346188758e-16,0.8953865006096909,2.114108045467344,-0.7200379694950376,0.3083093973773694,-0.7896906494241275,-0.7831163174714549,-0.6546225147381726,-0.37225075499498594,1.2643269191787168,-0.034196574249284364,1.5483047327389534,2.113637555757845,-0.6491098930394623,1.2828098833920736,0.7505973930152464,-1.7740142612666023,-0.026613448338176582,-3.5806405831645556,-1.8789448024094735,0.022111199640747058,-0.6737574683534004,-2.33852077201522,0.5474874971662798,-1.3740031965569148,-1.6596853908330533,-2.6801331077873023,0.002815312261637053,1.3731514201572805,-0.500126859352706,-0.5199759820983717,-1.3167857695799627,-0.6729584843381439,2.157397946889468,0.24576763871250581,-2.098830586299757,-2.5898691661231386,-0.6106883538568397,-0.5076693291345263,-0.30576955435373904,1.4401672235523104,-1.7797921764297933,-0.7446119317753074,0.6505180221795188,0.20494257726440157,1.5969629224408273,-0.4051509930470403,0.7577299307572968,0.4531607527200406,-0.9727262216742463,2.468500921635034,-2.08231410920717,0.5052985207127009,0.42733627825788956,0.13125999947074418,0.14140647574930992,2.4345300326753643,0.19571079590371626,0.7386602056700755,-0.3545554124189283,-0.6508779104396986,0.7655173309060028,0.30305197323939137,0.6904499238784592,0.5722077132635637,2.3209323969756226,0.577595954749864,-0.4572726262520892,0.054117459791917844,-0.496653015011026,0.1062749135510206,2.0176308722614107,0.7884776539643147,-0.23036292093626215,0.49965159836513423,-1.0147233035655125,-2.531356004524276,0.041284593750004706,-1.7210811951746035,0.3043699761614469,0.3799233093229488,-0.5898947329130446,0.26350874250576367,-2.1375559050851756,-0.7031187162480887,-0.24478379247978888,-1.433101233095843,-0.03428237939129763,-0.3793019946777343,-0.3398186395220707,-0.03341349943096589,-1.1580440581246987,0.011787055334551183,-1.092065863992061
-2.68785346188758e-16,-0.23870863066439685,-0.32692826380124484,-0.9626236346352555,-1.9869834751994997,0.7256111547192903,-0.9471271835643248,-0.3634616739280762,-2.432932388999324,-1.727004618698804,-0.40190887081769383,-1.8003933725703307,1.5041646739520351,-1.5741408663260075,-1.0035075329988605,-0.24953358759222208,-0.6316668104932923,-0.48109870818337663,-0.9137313813804946,0.6644089385854092,0.038783641833944504,-0.41817556348951285,0.6451833539859827,-0.10485038896732651,1.2595845582270793,1.1179917049330466,-0.6011939501064725,0.2903486116329912,-1.7078873820888913,0.036515659704640546,1.276019927021186,-0.8933498006617528,0.28430190958018065,1.5602941172273324,0.3886964361852021,0.451421826568292,-0.2803841571817577,-0.6570218271687788,0.6509558332951179,-0.6123597171645815,0.7827270156121734,-0.058833294118627144,0.11569349600746615,-0.12386856413595843,-1.306480760292767,-0.5872912091719874,-0.4761462340704862,0.3503533542991206,0.8019451236516015,-0.24829624500789724,-1.7519336193503792,1.0352395000832761,1.1981251487811844,0.24833580612246448,-0.2896135797880878,-0.7008443776827077,1.1955498738213577,0.16238619572446966,-2.2640528641269273,1.549723683411688,-0.47321686793678447,-1.320753157166837,-0.34368133197051365,0.6198903292411818,1.1982127179726905,-1.1255631399863126,-0.5042738595920518,-0.35803020319463663,-0.3554849416443496,0.2210387349422232,0.6207579434489461,0.5066162555373083,-0.04044269877009925,-0.5040144481733639,0.0014350903652068673,-1.0855375460317822,0.05005091690298813,-0.26348847140879395,1.4533337864783575,-0.9154080855513098,-0.895488567103958,0.30816481342498436,-0.587713140386745,0.23192827254537673,-1.4138180908313833,-0.08424120109134582,-0.5406917630920658,0.46299718111789784,-0.13579829697100668,-1.562857483611111,-2.094737748165138,2.015502554694158,0.5172456852218206,0.4823050224643767
-2.68785346188758e-16,0.3489739468502271,1.64684748399115,-0.1427963860313821,1.8130451333900688,-1.6738565868163957,-0.6459652736323924,-1.5879241423479589,0.15687332438475482,-0.09864486548625806,0.42867114714253785,-0.7406976089297458,1.2232375508489786,-0.39634480836541086,0.38105959599085965,0.2677455747398265,-0.3619863954467827,-0.5442719464933232,0.00044833268562749495,-0.5386688330030585,0.029983085949984542,2.0400580378035986,-1.8035858058325154,0.23002088538793475,-0.11982349330550657,-1.2258570570748137,0.9154950827945296,-0.8028624189681485,0.6167831936619136,0.22341198494046807,-0.8126827081998005,-0.6837086334438484,1.0759084710040887,-1.8266735449394769,0.6435869961385023,2.616250417564642,-1.2603771249928957,1.4203839510017693,0.07928856640703075,-1.4518328186153744,0.2097722930885094,0.18038305110554892,-1.0807898561518814,-0.5833414012600966,-0.48266458024708203,0.24003419738470005,1.7256149564986722,0.7567638993405327,-0.4890725495433921,0.38981027208828184,1.0141718845830787,-1.0358306308629497,-0.9751869012442543,0.010543466224995766,-0.7432990851944549,2.1646350813332607,-1.270201392197904,0.013755850468096575,0.3918352986744056,0.48297047841845275,-1.560706430642373,1.0789540089065581,-0.25920121826984444,0.5947261614681585,0.8539448472778213,-0.3036124835475321,-0.19713724266216331,0.8930140735559903,1.6110826824467672,-0.8681438726900063,1.8578134387589968,0.07721049919170908,1.3503270521470552,-1.1374589828013386,0.11950796289745211,-2.1972949777547135,-0.8625745928374281,0.5799712112977758,-1.4208972994550932,0.7117667994906935,1.2021281467304485,1.2622010798264758,0.3496798907020587,0.3049257461349892,-0.8292523055349512,0.38433147167914194,0.5821448963982137,-0.13192743410996063,-0.38046739536569396,2.5901938575081704,0.1686070248203318,0.5884450753936341,-0.3394652617980096,0.4125507957563862
-2.68785346188758e-16,-0.9009301564428526,0.3430814062103814,0.13415173355948173,1.840915423788248,-3.0282790846244834,-0.7045545296703593,-2.8859202446716066,-0.6225533507283202,0.41056212328522274,-0.023792068797798063,-0.6968229001915693,0.6205446601483379,0.11720554790075743,-3.0588797510855743,-0.31761931225849155,0.42633485154525125,0.35855911912075045,0.28107670712437727,-0.2894592192396299,0.6848496315223416,-0.8393910494121435,-0.8059509259171802,1.710535838950914,0.6946669831645274,-2.278792369175611,0.1601590380993657,0.15197946432725898,-0.5789767055548781,-1.2463157998193994,-1.9649732538649891,1.9332624536562317,0.9942593118264096,-1.3129303970320856,1.590478458041733,-1.2755953536029212,-0.7283901727584743,1.0429708052860631,0.9238693148104032,0.3068286379659545,-2.1882508436347092,-2.3722648130217556,-0.9865047677503026,-1.6582771350760825,0.25512637092326673,-0.8328870267563797,-0.17199476556728077,-0.17758761864269115,-2.2323982582886996,0.3977261801358339,-0.8156153251364014,0.4807474297094889,0.0037526212871982012,0.1306101462464597,-0.6191118437883497,-0.2686383038514061,1.0063575051808902,1.2611369782726665,0.6116096919660836,-2.832131933145914,2.5305073888965817,0.5138180215936929,-0.125051502010175,1.433965610661342,-2.0323588077170895,-1.1670922785615008,-1.5420350682411412,-3.4591561831511943,0.2331899596526098,-0.4264459345367948,1.7051282373620944,1.679122744021263,0.4322148775171311,-1.2002601125169314,0.2758061026242077,-0.7279402308986933,-1.9555928089886514,-0.19511075887955281,0.30296629734334674,1.857069454341853,-1.01005535701042,-2.1648439875239744,0.6264429514280457,2.0487021291537504,-0.40149636429004637,0.0811175774941031,1.5865713729414805,-0.7536575397752929,-1.0318932772362155,-1.4970288325453633,-1.0719410675596026,0.5933650104652106,-0.5946770988047286,-2.3131311316279906
-2.68785346188758e-16,-0.21275357189982752,-1.3299873557442696,0.4919774992940633,0.08091715488264933,-1.0741804662260894,1.2693982280009375,-1.9604761490302813,-0.28801332100202526,-0.3379267687277894,-0.31550663842982773,-1.3210322985719622,-0.6108094732023799,1.2469297634934342,-1.7231493453951041,0.08409683797888258,0.8129263208998079,1.2405725620295742,0.5530657844207587,-0.7039709330027905,0.5023646292921086,-1.311622709375643,0.46290562605578045,0.07702859965760228,0.5716885246250354,0.39933883679103194,0.4534052591122219,-0.26942301576450656,0.1981442054125715,0.01828591175208505,-1.0857628357907427,0.4590238332066523,-0.6395902027726567,0.17520095729796148,-0.7827157825124283,-0.4594637553573294,1.3018564320432267,-0.5579543251293833,-0.9642706160721912,-0.8021330305850877,-0.17942732623243846,-1.5101974058892589,-0.0628041362151725,1.6852690590786699,-0.39909750128099053,-1.2811634187962326,-1.045937226515674,-1.2580110025989746,0.8813154001487659,0.5412887692884141,-2.1983291197137538,2.2262462664271125,0.6722779155034507,1.3514470789839743,-0.3249124119731219,-2.672516278187299,0.2297099916192851,-0.7272590608266594,-0.8797758538450712,-1.5912492461637213,0.49844092287943886,-0.7327103091294731,0.0004037089628010637,-1.886857152711337,-0.4955249054671232,-1.0007100641836324,-0.9474234659033896,-0.46912331350680725,-0.354449010616607,0.04845251038921785,1.3231792897943395,-1.374179097448129,-1.8818424410469667,0.44039499141958,-0.2911167552309842,-0.711261122472152,-1.3606460748070643,0.4132155605103295,0.6673463535861291,1.8792417965776784,-0.6718653513405146,-1.9503970588286301,0.2568418150817938,-0.6503163414513762,0.24850240410817903,0.06761280134202266,-0.888263647802493,-0.0853130252973107,-0.5153092445332781,-0.47690653059908666,1.3006649853495256,0.011843197366775443,2.2347770420095423,0.21919503048321365
-2.68785346188758e-16,-1.1498159868582616,0.9058760167787461,-0.6711111155973202,1.273847620605584,-2.2765128238728582,-1.2793587901448038,-3.6715308523482406,1.5538879198263624,0.4063144570584009,0.6977120354150187,-0.6098401762343493,0.18066184859212892,-1.052678300237757,-1.1165784111883366,0.4082495015398064,0.9089338952222125,-0.358569357885068,0.03416726172315132,0.0944939637994422,-0.462779432949662,0.4627229057530356,-0.3797675392705,0.579738347051531,-0.09983885020999973,0.5323059568998992,-0.552334077262377,-0.19493870311261788,0.17231434490159486,-0.7249309836562896,1.3936946511563182,-0.32209365466573636,0.6126326813677269,-0.15215525116593553,1.232160607171434,0.7037513046783126,-1.1372393765509803,0.6032034492233727,1.0388469205270319,1.0692281982328793,0.4309183696175879,-0.44911624406155753,-0.7196268142389479,-1.7558006845554615,-0.8894953371931632,-2.238432172385447,-0.1898172784404053,0.411013201391398,0.031198548216496258,-0.5665957075425478,-0.6343326904907602,-0.09857893983038235,-0.5584319244369462,0.6758302663360745,-0.3595175988523617,1.3399339528070513,-1.8951744961561423,0.7525614508424998,1.1208061156650686,-1.4577109537842143,-1.091072403254607,1.3049052750357095,0.7386325672364762,0.7206157441062961,0.12973324233921776,0.17760419072676775,0.28338028403262344,-2.0803923496261127,-0.47789543352556607,-0.6318494125489832,0.584299301690016,0.47518784596488683,-0.5364571846958722,0.8036227107146628,0.9771981323669244,-0.18977625531685938,0.20851316443195844,-0.34716269269883043,0.3065324561448297,-1.2013253097177807,-0.08695476238819465,0.4327225755476494,-0.6944837585161981,0.12240819740818581,-1.8701887564328508,-0.19546823967242394,0.24328191535301882,0.04691712271729511,1.4952291083356457,-0.3378209327930367,0.16079925531791955,1.923123267927221,2.1826027401535897,0.33572164877017424
-2.68785346188758e-16,-0.5695097477065112,-0.8364719150934039,-1.0589487440810006,-0.9414292479510838,1.0883100595218949,0.09054987241894671,1.0453402736651873,1.139358148212848,-0.6329732513047124,0.8976523996046009,2.0512429526317932,0.49761128354443307,-0.4330436367696113,-0.5246722799468326,-0.16337803569322842,-0.2636212997104298,-0.25790136880184367,-0.02488855029609005,0.2743688921617199,-0.6406216842223487,-0.7983966108794788,0.23913141759888482,-0.4861408453747217,-0.7946453799875667,-0.645559521219173,-0.5056590194197027,0.4866724490685736,0.723352269106018,2.549987509642175,1.218640592722931,1.0242763114587319,0.658923294366054,2.5008457705077554,2.542933143587331,0.755121108635699,1.7608276071290576,1.9689933908973072,2.3107866961383126,0.6993130734153323,1.3581756273286119,1.908887968330457,0.3791476814444251,1.731103461979486,-0.2072987752617974,1.3076853326765754,0.5103464855684139,1.2032042437916206,-0.016999169012721027,0.16877922472180795,2.2510164235592423,-1.2465746009503977,0.753843309436123,0.012921391841844002,-0.6717987147444355,-0.36737990755688155,0.17571891948863216,-0.5319621911646946,-0.7892914032374897,-2.823463653574893,2.1491474597178923,0.5052832446961649,-1.5077609421721136,-0.9623428199614645,-0.12222700107812352,0.15995630823217732,0.9191346091897785,-0.05203423304046767,-0.2919810278559707,0.46903241164229065,-0.6747132228279558,0.7820939521404378,0.24022804797186076,-0.13581039719961374,-0.06528650801529909,0.1509888010619923,-2.8856745705651248,-1.2282865366652376,-1.4238346284127963,1.566105909586366,0.6310138677724892,-2.5998117030461594,0.0952253040677282,-2.110844362994739,0.5409156809034887,0.2584004266889578,-1.5825267959538654,-1.1843889557799432,0.03469906133936651,0.00255040116680956,0.9286296893325768,-1.10403590347467,-0.07602065024115692,-0.2785067754752263
-2.68785346188758e-16,-0.3877097216328849,0.09792421490325243,-0.5466697913769667,-0.4580275885277568,2.539675812212493,-0.7327338330873026,-0.48193006903652214,-1.0487518653252985,0.2829373462889072,0.04473368981212913,-1.611238405561234,-0.11840777904238575,0.015707931008500375,-0.8299462436622852,0.834393802576968,0.4990249294130721,0.6721503021432117,-1.4870898197777338,0.8045996949459672,0.1526234375108385,-1.823623241347749,0.40096663964796075,-0.8921681080373897,0.4232541438446689,0.5518441948077556,-0.6611401208690368,0.006294313466257055,0.027971086870679063,1.1413911843189408,0.7850464250146021,-1.062675895755854,0.07818480531023306,0.01959721868184161,0.13052158366998257,3.1964350482147443,-1.3972865355413595,-0.35609360851618277,1.473813132096232,1.4203751623902088,0.8568816031772745,-0.21279436399586604,0.12206566332049362,0.8833205087372986,-1.1417909014480188,1.5676275838254685,0.7442216646151245,-0.504866107442989,0.9044110687869845,1.0410290066510481,-1.5672488508625007,1.3992483405982945,0.5667942703845575,1.1775634549519112,0.3859803334065499,-1.4788997354868259,1.7953593080021053,-0.32630010255636666,-2.3706459129921744,-1.3549031771816369,-0.7365412362880768,-2.0008822110862696,-0.2467455964994828,-1.0687474166785016,0.4025960058664991,2.2185885327031496,0.42424751522468385,-0.9802493015472111,2.106495774432316,1.1486986001337893,-1.4326142537348756,0.4814567677838423,0.24876850665072456,1.009609769456844,0.7032002298303537,-0.12325748442483792,2.5568714166996056,0.9034556866400698,1.4948618938280256,0.10767487827325184,-0.8657259710522096,2.3277187253255054,0.5399051303348347,0.5775326987343609,0.4348279460520852,0.08233111682677365,-1.1241241111081612,0.0713862365092514,-0.9490830145146413,-0.22814695436078442,0.09292072811777874,0.3754419096767435,1.7862366740350955,0.4305150359751726
-1.3046031469419848,0.9223759529982123,-0.03619190579925752,0.8845405620490352,-0.3561198933218217,-1.1155713127572142,-1.3681072381399662,0.5256762428839138,-0.22061235080647423,-0.0025996267932639205,1.3279940736455014,2.038873265708088,-0.8041334392259705,-1.778257250762622,-0.9810350038891541,1.9265154360390937,-0.47200062725055736,0.15857200394446858,-0.9018279306905096,-0.17235881907555906,-0.04306541287650861,-1.3574758182916413,-0.7810771785556121,0.14210552904483476,-0.785582607437642,-2.161324681166577,-0.25725850679383344,2.465064964075946,-0.4194259672127395,1.2857106707342096,0.5769506672580853,0.7555873215933907,0.16537381914734117,0.9594278898516251,2.900041716571967,0.4612207579872212,0.5979012627435649,0.2240122924150989,0.42772181017452116,-1.452187916273211,-0.4322701840695768,0.5248596290827385,-0.5059328791757305,-2.3848086507244144,-0.04330336028781551,0.8989364889728146,0.13184984260442711,0.47839759865300907,-1.3539088495229188,0.4215112264147686,0.04960660496240238,-0.5592224250626078,-1.7263865716178537,-2.779931389351134,-3.162544486929501,-1.089232956927865,-2.197625525957763,-1.462054387722582,-4.079926027092302,-1.2061734893183753,1.451981606933842,-0.8712583216902285,0.8565693116785421,-3.964803527718839,-2.2070854767745547,-0.1414332863244608,-1.4222482667774266,-0.44267983878626954,0.28966205722167515,-0.4340231837332996,0.32432462706619414,-1.63583718320349,-0.8602173867374341,-0.44819459021733343,-1.1003736162821134,0.2841283117196313,-1.917138522223472,1.21419519810392,0.1584790350598209,1.0258021061366294,-0.4575525983640647,0.08263340319656737,0.1085056736259651,0.4136619542051956,-0.28214628402561004,-0.6059303371045995,-1.204496391511153,-2.7146186613049994,-0.08231064237792395,-0.47066268585833815,0.06985179947445114,-0.9562868714200301,0.23767346114079285,-0.11679140937820687
2.9606592312046325,-1.9838789235593766,-2.3729416858745678,1.3438349899828386,-0.9783048112538998,-0.18792106677554102,0.6138834497600831,-1.2190253970510694,0.2664502039832517,0.0028193101932409426,1.0622542262115207,-1.4422223009824555,-1.7539269206008448,1.6452299225509224,-2.508574765950175,-1.2856451120586756,3.1245273468196384,3.090457001525017,0.6999510774071143,2.8370615092033518,1.6221533716723535,1.272580922367621,1.7865292061362683,0.08277279442541746,0.4216962554849045,0.37928938776626553,0.011585332801450215,-2.6244083211065905,-0.9295350035271612,-4.7430149623463045,0.4067657955932802,-0.7616350599622049,-2.0490131706312575,-3.008831434916405,-0.19228439510984985,-1.2967299727931887,0.06014696239493894,0.7004091022695634,-1.5884523028007707,2.587665289609492,-2.936560291491229,-0.13129953618021267,0.6456365103294619,0.1789108096344283,-0.3425947672201718,-0.27365923730952485,-0.6238952879673957,-1.3968239767015858,-0.32368738445360257,-0.26753851793248695,-2.756691641698047,0.5317908050658167,-0.14918317168318715,-0.9942877199753957,-0.12756429139379855,-1.665945782347661,-0.04612072696613745,-0.19816520486662617,0.6570686423769871,-0.7207944700431611,0.8377213000426731,-0.6548017126860288,0.5472904562544317,-0.14991457926253046,-2.363205051621136,-0.26360794581630853,-1.891649166160809,-0.8868097152882973,-3.2543512373075174,-2.5580311656140884,0.3858186838393145,-2.2927173532566707,-1.0041316032958578,0.5203708786753151,2.8278607602455366,-0.05788806090705423,-0.04148397512872892,0.5521233932201117,0.9269436672968344,0.15156835368275978,-0.24088258627305714,0.6522890976260398,0.646070986565069,1.7833163268185885,-0.238025440096149,-0.5092588676281243,1.3236128611423106,0.6987988781092275,0.2386275891109763,1.2315633633771472,0.5084419539036072,-0.2237616643923862,-0.7965363411705041,-0.6780195303821984
-1.9091060524741272,2.1003123940340815,-0.1842676711503882,-1.7375405272155184,-0.5693278888561659,-0.6574998830688532,-2.686097738444437,-0.74272372142488,-0.710931126122183,-1.9695737409082505,0.6361456470674678,1.5679405604995569,1.07141796360527,0.7033563900327144,-0.38675852738293565,2.1013997354537315,-0.695848117850641,0.7953472084756226,0.497262375611365,-0.04567840070456808,-0.36993697115535584,0.003791495032162473,0.49318558617322894,2.9545265547919213,1.1189122261685895,1.156062973273934,-0.4076560281582007,2.2104234242844543,1.3492874663138348,0.4388871725976223,1.8586594071724034,-0.15506412377212475,0.7909605762332477,0.9173325790428097,0.80423721193734,1.0099289774456734,0.407769214731016,-0.4156303079208496,-0.0961083161544036,-0.8043041166905842,-0.3031290589960385,-0.19517655880619855,-1.6922717104058287,0.1399421223840465,0.13229068926626442,0.5450496204032231,1.9001573578894908,0.971032392407376,-0.63706492245247,-1.751788152574635,0.8776800106168645,-0.10250281204127205,-1.5461610238247276,-1.1577599562871368,0.5620807371113087,-1.1671813779828328,1.1042183515695623,0.8581684588630096,-1.5853696058073012,1.56611731820696,-0.5941897725070995,0.024971229910000226,-0.050460602271647226,-0.17376101421714074,0.890104673885384,0.6920518758779297,1.5162582625302732,-0.00802082606930421,1.9775156917091181,0.6701640026047277,-0.88797965789343,-1.2018051380286066,-0.043293488738567615,0.05579518505558567,-1.2114163700415008,-0.35831012328447026,0.18748275769302128,-0.3933413610084021,-0.7127077172942573,0.057493858580786844,-0.2763001905255259,-0.17101699693709804,0.039017215793528834,0.5155543303038542,1.1918738588313287,-1.2272607336974075,-1.2924489950710725,1.6092352436514732,-0.6774588733541993,-0.5077651389602393,-0.048815173409396145,-0.9970396755583619,0.6202595002221665,0.5734802099361387
0.053514471167785,-1.8397111254963476,0.3009268565814422,0.4787428896404853,-0.04526583446388409,-0.45908448140283936,1.3734656827690686,1.4831431520803142,-0.7819979483087087,-0.8942579256454389,0.6920344476690636,2.55443177363294,-0.6716063757829405,0.8804904406231528,-0.7717715602955468,0.8552110871196981,0.4334788172255418,1.107730085656991,0.9772010918802347,1.5460963679118191,0.4886114146615895,-0.9540632517533285,0.2001367453054237,1.6622129469058438,0.694976932322279,1.683047661385709,-0.7222908072998919,-0.3326263073348008,-1.1403870560834455,0.402799731280498,0.6890190794199145,-1.0014383194401324,-1.0993482903338376,-0.5547057813499296,-0.24110653309995747,2.1108964522717675,0.11261216292700249,1.5475273916804257,-0.8232626864272676,0.1840364382245369,-0.36968898279451945,1.2249911646953793,0.18122687167509377,1.7894688977420774,-0.11801804224529111,-1.6812339296082195,-1.2254949678372422,0.6033313627691445,-0.3040742029376523,0.9726377726587789,-0.1200941157870683,1.915501254306079,1.1337051333779227,2.7132108060375755,-0.9536588925294358,-0.3109806933336178,-1.2041918064270463,0.8757592664771345,-0.6913552082774436,-0.2195874397473145,-1.2042477728354681,1.3875048166685784,-0.3122266319294139,0.4138446831888878,1.0392421993710232,-0.4175411903092252,1.2531808883160593,-0.0600610244963552,1.9636624404174094,-1.5691973071997904,-0.03441706272645778,1.2456872794030724,1.1117435081852616,-0.6522535359157068,-1.250654318164016,-0.944353157280614,-0.11319664681032465,-1.1540436944657455,-0.628479257768404,0.4661953922072903,-0.5120737251998775,0.8345115769466026,0.3901328351190122,-0.9368514757906404,-0.10761137567213287,-0.4173106847741624,0.1650256163705961,2.0782266934154934,-0.4059949113872048,-0.6179207102893381,0.26720112354032355,-1.5509088326116656,-0.33350018141193893,-0.5709827429300831
-1.1461082786843886,2.1085479226053754,0.17045042771344188,-0.874686262298294,-0.2942927268199663,2.127881219108276,2.9764242088886155,1.1051294547821675,-1.0686312713149018,-1.422937978832891,0.49789409876158564,1.7610732895080057,1.3739247547641857,0.2947732755877847,0.2754171246844923,-1.988770685598113,-0.9435298932585496,-1.3151709166853178,0.1171585797976146,0.7347384843772847,-0.24424636860014476,-0.9218172358184831,0.2552169325609338,1.768973909023598,0.5101120044845842,1.8449284834536424,-0.6207284535324049,1.2730701546629808,-0.36768659237084655,-0.31663106262074986,-1.1349946786640732,1.536790761696127,0.2134701250364235,0.03396362916363066,1.1441282577009222,1.6169303371849257,1.0950951981756636,-0.4073600422339932,0.8787023343513763,-0.4674850460552784,-1.6142219269491602,-0.5242584244011753,-1.3911180437063608,-0.2044198721605497,0.03966010255671182,0.2994483611757765,1.3380382160630113,1.1869837339619707,-0.6694629918934597,-1.0118521299957701,-1.4068677894557968,-0.7265751631910357,-0.01668173034114262,-0.9863856385610204,0.2568310940460012,-0.7663690287071161,-0.9213571556657767,0.6678319343244953,-1.5262208998881186,-1.8279168787637972,0.9799046265278601,0.8442747839895997,0.4459693502489616,-1.6782901420318166,4.097874928153916,0.9487537092448339,-0.41751441307737147,0.9527267710318751,2.048133622664078,0.5108626798265604,-0.36463610629196064,0.5451310141850163,1.3073120843844594,-0.5866970222568728,0.6247694489882111,-0.7083780702264763,-0.5285827255538458,-0.07737112852550032,0.5327135246379514,-0.14322684594449744,-1.80467947036699,0.05769101650937032,-0.09433525275266835,0.5161194520073649,1.0428598482161404,-1.0390704966638133,-0.7695684794599824,1.2008102054799454,-0.4561970150564201,-0.5229482979757389,0.36776415279129204,-0.5714770764027368,0.8466315640401301,0.28439322928693594
2.7555112061338565,-2.6529527126205927,0.385957979204538,1.50132869225336,-1.4791854346677678,-0.3639979021765716,-0.21229532262869721,-1.5209092037450616,-3.791749146558085,-1.544191435099003,0.01103778514063225,-2.819730992965182,0.8647728687003284,0.7327140599290823,0.47505365694808727,-0.8475128910978883,0.6282890620690501,0.1654661221506306,1.5132678074328858,-1.2792038209268144,-1.4671098002051361,-0.02573988242697911,-0.7776604898005879,-0.4112040211784683,0.3502319924152078,0.23207666464846144,-0.8971594865649728,-1.350188954441442,-2.0652825577344287,1.1746809909721472,-1.0791319949052318,-0.8354347229386557,-1.564867961115758,-2.2350381826031858,-0.33100858225346497,-1.0830333465792552,0.40440676870146464,0.17521120198851692,-1.7874858463686467,-0.10619663387051692,-2.6994159596600467,-1.5685286581456288,0.1726451512430041,-1.0872410847450258,-0.6253589456499652,0.14913444853228042,-0.6803129293477264,-2.2375081234477947,-0.6879843818181448,2.3233969474629963,1.6637641259546339,0.04875597136099308,-0.6903424292176213,-0.8782135640885133,0.06733396824852636,-0.8613910924760118,-0.9392914224739404,-0.20555259253329794,0.36653028554894995,-1.6660152147784166,0.5314689675058879,0.26084958868304187,-0.23638905255346407,0.047140527282073075,-1.5882323274063195,0.13544341013508204,-1.2115916253924983,-0.0670637607177551,0.11766392991364105,-0.6507380332525128,-0.9433987622902283,-0.04020439281130983,-0.5230520430471352,0.6309584401322225,0.9347793003797812,-0.6674041492423802,-1.8392461732747492,0.7302252141044705,0.32678480215399663,-0.43247330034965625,-0.7452300271593036,-0.12230340933357946,-2.5945483005061236,-1.3721186611096525,0.9545262413886185,-2.973018742959675,-1.0876955948240719,-1.6529827579669985,0.1364980126509588,0.13236202117250465,-1.1876831808462465,-0.2768917954060237,1.065195001736123,0.011661921977229484
0.1364598332881906,0.2573612829801284,0.1123763519514155,0.14637137684391127,-1.8757271389870813,1.7573685927807778,2.8245092710591955,1.248572583904783,-1.8866579750272625,0.3195068829480328,2.1115596218103154,-1.5134632978777613,0.712638805995255,0.583261644258193,0.6575775702654256,-0.6142211128426732,0.8850953799343856,0.28272781617769593,3.0129710930483635,-0.09605382793701112,0.0445849594771629,-0.5801757637219198,0.9535155944565774,0.03970284934754453,1.3407146669573404,-1.1445575349503934,0.03908832936881396,-0.45475246884661746,-0.4638939420065983,0.19874875699284233,0.7167150365963594,-0.7637757381062055,-1.9856650906597746,-0.7703202902591202,-2.0871392171129486,0.2580412571826957,1.5857020828856079,0.40580925227530495,-0.42657466965783053,0.7692713790215082,0.03841407887520887,0.4751081151235674,1.0687420595124406,-0.5575117243385179,0.965559944865188,2.940962786706292,0.6101772273142245,-0.5528502877425121,-0.7497893060222739,1.14191498843258,1.3372529187610414,1.1726968986582087,2.2308009525896746,0.5659464366389608,0.20019710970425497,-1.8600456865447588,-1.6201578911766938,-1.5080982913668743,-0.3656737497719257,-0.9419093856088482,-0.7378257374599273,2.58375960710563,-0.9417834547364394,-1.5132754354381295,-0.1926003955398744,-0.4726311425714721,-0.45477667594490906,-0.12015866080358184,2.323364254673257,-1.1694410225115675,0.6002476132491517,-1.461877268523724,-0.8675810769571325,2.6506086670635596,3.484426789469044,0.3395660154542485,0.17619367925411536,0.6857781943080727,1.8612138353403473,0.9784736367296202,-0.004957706059386804,-1.43524437319771,0.8495009879793978,-1.1135715244259548,1.5947888501420304,0.3388329224690701,-0.08085279556820935,1.9706071775501037,0.32422876174815113,-0.9632755471151871,3.3559969369199356,3.4139296759715805,-1.0078744956170682,2.3304368395101585
-0.8414769289222834,0.6363140725750358,0.05288463059162974,2.1819120223994735,-0.13737939640898977,2.3727593203361894,-0.36454242088179256,0.27797042755692813,-1.6530706199378344,-0.0698799518545099,-0.4387976952973993,-0.05452750339690826,0.3600484104729331,-1.0483287768695888,-0.012385830882586383,0.8957835014188262,-0.15064319436551218,0.842273316888399,2.8849482788477117,-0.051583139360739216,0.29786515348601805,1.155726469425573,-1.0801369523489437,1.3825099021832497,0.12968104580814716,-0.6046832213214877,0.9026022838985995,-0.8505608909691966,-0.6682502700934175,0.2816385699829552,-0.6492849240724963,1.601149844490032,-0.5251465621748607,-0.14134335682382315,0.12632614335829784,0.29959461480178073,1.4966777742036521,0.19047883279546357,-0.7858346840378352,-0.3167653044641179,1.7598825693690736,1.535642581658857,0.0050764747878617525,1.5301956227420888,0.35148412369234594,0.8508028288927795,0.6219180402513697,-0.04572591288072225,0.5842129637738545,1.4798180226008544,2.3993032971743484,-1.144995969140028,0.9577215341536998,-1.8854861267391736,4.149850856371867,-3.567894921383744,-1.7196653785556295,-3.1709815704176383,-0.9538722692866771,-3.7897025031444764,2.877069341295374,-1.3295026600481532,-0.8776199970016113,-0.35571680410401973,0.5218667493533102,0.7702188944048183,2.1662047022098196,2.3887113068152033,2.058161942097442,0.21090110759582603,-1.9556811749358902,-0.3997700319431693,-1.6755002264018168,1.0763873950318057,0.2071496663441584,-0.5542177468304343,-0.022216089402369788,-1.5863376853053324,-0.20230803193035085,-0.11455391028592052,-2.3376406830124905,0.5218380471869006,0.8032735455626412,0.08886255390990064,0.2804144800899074,0.31682378429626806,-2.990808613791927,2.4492678043034433,-0.03529911140564964,-1.7762751187093553,0.9000495524225414,-0.849661625910176,0.4661613224403063,2.59478102973088
-0.5087396317433078,-1.6271116768561655,0.007964073125468233,-0.7939378487746044,-0.8575187929908265,-4.233258454512011,0.30744138300692525,-0.24169310443402714,-0.5825360027637692,0.49622877737100957,-4.360522050249548,-2.2541552299363716,-4.391625336120964,0.25862856853098254,-1.0942893458747254,-0.8604738104124325,-1.3043722771710473,-0.4159531113910048,-0.2518252703647914,1.263980571265254,-0.5228131683765844,-1.015507917352859,1.532245665109334,0.8160464825766798,0.6555936110347818,-0.13224204587081423,2.299756134734171,-0.3510340135420285,-0.1980716789188336,1.2335932234858982,-1.1677088822960058,-0.6846178493116513,-0.7173168434168962,-0.5531949882564589,0.1937071305129745,-1.6798051479444374,1.3073349912317007,-0.627316741634468,-1.3098817676064576,-1.3768635835204412,-2.5020739467330815,-0.5863103203726947,-1.1842507414153487,0.1474681231625673,-2.1403089694071413,-3.6751895211151204,-2.7041549121287356,-1.8348616576501264,0.09424060218627983,1.4404907645723068,-0.9982278917311337,1.0744097888367283,0.4354505973618411,0.4327705208528878,-0.5639802688881342,0.5365843426508203,2.6521389749569337,-0.7315943626104933,-0.004658803207272411,-0.974782998694654,-0.5175623369711038,-0.1454903296942627,-0.38706931153724056,0.08221090159238709,0.05108674567778121,0.6593291128844868,-0.03857064305614154,-2.3734590185386217,-0.4414561537231955,1.1327527427772839,-1.0748172809465184,-0.03783063513212592,-0.975666035912033,-1.2641214195630068,-2.260421856282975,0.019147000601938136,-2.3619492837752074,-1.6053221091462377,-0.5201072525239551,-0.11742772881607749,-0.061009379431698485,-0.14821308144455644,-2.5600632954750973,0.146678044438196,-0.11609010277281762,-1.9953777791311618,-0.4129996980984525,-0.19370114816546685,0.13423663510056502,0.9657985953318284,-0.8918782996850706,-0.9239578229702015,2.538710452183409,-0.38685284556790234
0.7483110570633911,-0.4683142713712493,-0.12608655027536367,0.8698979529391433,-0.18869288553882468,1.2082765564009277,0.6231577314963926,0.8358818580280485,-0.8873678377128373,-0.20429291026472055,-0.5988242698024588,-0.6599577076102331,0.8590644340165744,1.0108296628766622,-0.6875863208519897,0.4204095506076335,0.20829071157490942,0.9698097865616672,1.36232597384523,-0.06575683139535848,0.7504460241013093,-0.07040315273376196,-1.1036512391175184,0.20512150505649926,0.19339401377983115,0.15795554214924767,0.9560729047458557,0.017430067455816323,-0.5440037901744867,0.14813237063682044,-2.1120732216198306,-1.2687372076909247,-0.3549376796246213,0.2551449172818432,1.6431885658421042,-1.1452791908704403,0.8702091415260438,-0.03830033528758814,0.7934393564704486,1.134209635766668,-1.9708122721127528,0.0802597198842201,-0.3271935861454033,0.0689797691944044,-0.9934871965292692,-0.074685587750386,0.30637606088953523,1.0232664823914148,1.294029414886635,2.1761371691920757,-0.7173594337557427,-0.9835901202031303,1.1856044217440476,-0.4329047107321319,2.6593097666547973,-3.203031912686119,-1.2033714058396159,-1.396070536736717,0.7348897472182534,-1.6346529271637005,3.185573710094285,-2.098262412930794,0.04396316163318725,-0.7606338619013177,1.553302238657424,0.774261806455905,1.154727617283626,0.15692321892747418,1.4272564417791713,0.22161335797897103,-2.1394698788167172,-0.20506955741992414,1.013013294428804,0.5120717835042096,2.478903998387394,-0.610056803092403,-0.2456645052443225,0.1874699943107075,1.334264662651718,2.0994032478314293,-2.1559065684372,0.26453472170955633,1.685171457608772,-0.4408795132040413,0.9490412990798861,0.43645228110569134,-0.10237621782425438,1.7602244762361379,-0.6549738237540742,0.23003562627253782,0.7222201184691404,0.11049222486800345,-0.16338619384186626,0.4873343011194917
-1.442599977584606,1.7329383501034787,0.6647713901496549,-0.8252769833588128,0.4575365235125599,0.19078286003888267,-3.1931639272115953,-1.477128626427547,0.013088196153162049,0.7437513260273805,0.3568787066684823,0.9055288752993749,-1.3297633506725348,-2.6899911245983628,-0.7082448372086476,1.7299350366625204,-0.60600747090093,-1.6903866235718534,-1.1896293398607694,0.041320240942468,0.2044195403745473,-0.16539734335749745,-0.9440092346104675,-1.0631075752073103,-0.07856557881341308,-0.7708811518686098,-0.6207914205237424,0.005639782918844483,1.0193413200219938,0.5547212760382896,2.3990314267709927,2.0524357371370554,1.7693364372697102,-0.25679278318924625,1.0561139843426146,-0.3219822534104491,1.2011531082242697,0.5780054798894381,1.0478384730444303,-1.195257305111609,0.5858313045488299,-1.0830657080281827,0.20746476422760374,-0.2909826665592073,-0.9059874882157206,-0.15762710631247911,-1.1622335196715716,-0.04904547822569194,0.4038607324932277,-0.7399798217684872,-0.024101647779734003,1.073199194524197,-1.3280799794320157,0.2976483602033966,-0.6572883835716797,-1.806075932085705,-0.8802708777012536,-1.952941666850146,-0.383662023036396,-0.4093659573251097,0.47931251485899695,-1.4870781823516495,-1.7908892909800103,1.2377587263515566,-0.7089810699773563,0.36693950958067695,-3.197571540181448,0.1345661384263969,-0.7164605212347218,-0.7105831186987326,-0.5468137038984514,-0.909115053185144,1.092198893812526,-0.23029765045139208,-0.8897245673437,-1.13434168466889,-0.08619795182803286,-0.45574299412175456,-0.4683231433275899,-0.5122954121382267,0.38487381246358493,0.5486399424460441,-0.06933494595227596,0.8169949403170809,-1.2586132809142196,0.44649353021576776,-0.09230864323532517,-1.014094014979938,0.35655090267443457,-1.5986479976575068,-0.4427224424101258,-0.34179578335430827,0.38906948517290474,0.1890222840053336
-1.121596884217414,-0.175925741214349,-0.18960546109143525,1.2046464868261135,-0.22591879738514314,0.6730557385680502,-0.024355522959611742,0.7378478984385519,1.5531220933283278,1.5145509970414266,-1.7897848943419086,-0.21212393226111456,-0.5292529300432198,0.5293908183873968,0.48899532706677107,-0.7021789269633311,0.11468941580924709,-1.0023240660645327,1.6647639740379052,1.640643400453231,2.0363056538878213,1.2910772409448594,3.0250750272568565,1.81028798279493,0.21999716369970457,0.3675574314821759,0.13153348508143126,1.8932992066841758,1.106138262176703,-1.2110831609373813,-0.8417412747466785,0.5633137888378509,-0.09241269606002162,0.5842703948980329,0.5877219865870311,1.6376034071821466,-0.36003477449287646,-0.500005709822904,0.497541395584796,0.9776358606457408,1.19583550948413,1.1641227743005618,2.004693930169358,3.072743290470673,-1.1783844648831363,-0.7578756331401221,-0.8167880243796398,-0.446186883377218,-0.7412055518764484,1.561870012554413,0.04106139907856708,1.1711449593855627,-0.1339161995113412,2.6209973300500926,0.257463552621223,-0.24220259790675347,-1.5590105121845106,-1.6658755011674655,-0.27231930768819945,-1.110212660580585,0.6611745427373704,-0.12791896282865473,-1.5853097684956714,-0.8270786511424157,-0.966267052578504,-0.8209835655253523,0.642706239372077,-0.7129591347850146,-1.8198548384317772,-0.5283850011161637,-0.025550323792217555,0.33190856310503786,-1.6273923844456273,-0.44539275785836074,0.3475280488507976,-0.5426462210298814,-0.48682339723500323,-0.7713071781002477,-0.21986169610175865,0.20532300632247089,0.7703683151966982,-0.5314705554553782,-0.45199141240079066,2.4388894677579716,0.9165746277149376,-0.9578920538389474,-0.692003008692056,-1.321488973067571,-0.06400047824868577,0.27383748140692343,1.1647630641433033,0.4405372771318513,2.7271036499977206,1.9982928685934453
0.6336809679738544,-1.2072409680467346,0.3970576481783285,-0.4518946475895269,0.4441648241539273,-1.1683654334687992,-0.5409047199813508,-2.9829889352610772,1.4578027302552523,0.9589484418956455,1.8787956088266442,-0.4836123544365988,-0.4402622535469102,0.7145912532477607,2.589737172324685,0.4336168809739015,0.5622187816419942,0.10930418438777972,0.5994097974680864,-0.9149826234980363,0.11583605252075571,1.1044530500125522,-0.760797516685976,-1.332765577283896,-0.22909105753199532,-0.37764052557774097,0.5732601801821139,-1.301831840346421,-0.037851654525670964,0.634202795587276,-1.0460949434349966,-0.46008817990211565,0.2611069212277658,-0.7776018967401525,0.36220589224431754,0.4931393555833053,-0.09455719291346626,0.12887973617459259,1.60507550197892,0.5628037588944582,-0.9566771256914972,0.05983152461761909,-0.23865091932131677,-0.9839543020552148,0.8910308572724206,2.426288308377772,-1.4255639193523195,-1.7757051860619852,0.27509206541133424,2.1426347491792193,0.2262192195812871,1.3063942158694668,0.5558463010752458,-0.48925078066786304,-1.0961941617384676,-0.7930942778056055,0.40017620599255566,-0.5062685430716014,0.07235025157855346,-1.855342545329141,1.4414475957087214,-1.5634171910090235,0.7173909207346443,2.300558701328745,-2.127773858857724,1.6643861985102175,-2.248970440564381,-0.254607968144123,-0.5749865592920309,-0.7487370866127936,-1.6378581137068355,-0.6427236382155883,-1.6149768320445637,-0.49920732762694797,-0.922489176849439,1.079823625855051,0.2663306004515411,-0.07324324043796515,0.59484837974201,-0.5072720846007643,-0.04027256977632021,0.8819233396885153,-0.7938045613671153,0.06356127393112437,1.5911938541620387,-0.1483725250262825,0.3045771841178465,-1.6838751115736492,0.19094796278656803,1.5242534359356432,-0.9661200412371811,0.9044732808235767,-2.2089332500588355,-0.8138357494833138
-0.9933706409522624,-0.6172061963149695,-0.7571745168270313,-0.17546511193925415,1.274841642697711,0.15095146292592698,-0.07642241766584812,-0.452709721897787,1.1591969807794937,-0.8623709817959821,-2.576964952896171,1.3947225489990371,-2.699675184726142,-0.6385427888802461,1.4972450697185606,2.0462622340945806,-2.2513237412000136,-2.0506055768788984,-0.7026933290443217,-0.7295236364743276,-3.264267351547357,-0.8155751848045487,-0.02147660753118652,-1.3816951374854058,-0.5911522078488971,-0.7299058854402906,-0.08450889702365803,-3.643553945811322,0.03131484257101608,0.3837060882049258,-0.6790910494829889,-0.8009296054102683,-0.4392755149081514,0.553002005099638,0.4931977079292814,-0.031575559039257683,-2.0371307539658976,-1.1722972179688929,-0.5218630628407503,-0.7928633605976942,-0.12912589354915927,-1.01907586999952,-2.409493876240337,-0.5588464634058639,0.4936045822038992,-0.42167970800948795,-2.3797738639259407,-0.5250207273495219,-0.39343825436245017,-1.359827931253653,0.21561275280904235,-0.939638614222091,0.39590481554680246,-2.147079469359125,-2.2903345242950914,1.1626866002381286,0.4342534893183887,0.238298849375674,1.888742334537663,0.4892986786296092,-0.8236503556817341,0.01832038027405225,1.4469608321303067,1.003980675015822,-1.3277157197766998,-0.9823917854110403,0.07360258812441556,-0.6510630952211003,0.3654017227213493,2.1758266429047284,0.3339437845208878,0.3875829665671071,1.1266499073554437,0.048596587135319114,-1.623027654613325,-0.23367280344296604,-1.2869287636982116,-1.8068093446183666,-1.0075592426747253,0.2727227002553819,0.3793476224315372,-1.447105841647842,-0.3854604383321615,-0.24668805060902677,-1.4808471405451833,1.9319158447119766,-0.7950263832450781,-1.2477262658050445,0.08799728909622066,0.75302019405345,-0.9958620446810189,-0.6913495647150313,0.776389337069121,-1.130065680640014
0.3337672174760052,-0.1822672087909013,0.03525324212034272,-0.5081485068278961,-1.023058423903456,0.07729444962505133,-0.19595072840722522,-0.05009844749634762,0.47729706243285275,0.746263109450534,0.7078967724849317,-1.7769590746688095,1.086196657085952,1.2910824922039579,0.2931232421918297,1.2196218895684119,-0.42241113124898955,0.7623530164700426,0.31857058763771573,1.0055289734291064,-0.07783067011201528,-1.1930915566517086,0.10732143558761637,1.6308840685478985,0.2166320475880724,0.20759281832693166,0.2930307292108445,1.2812379126767746,0.6402999859673111,0.6185189641200461,0.6916336368904508,0.1596204505475022,0.3298660013432932,-1.6050062042573838,0.9158551488479936,1.1936303491766351,0.5861782483830168,0.9899452531179027,-0.28908611531262407,-2.057409620214426,-1.477732390539132,0.6136213501867963,1.0914166893566821,0.3613142486296197,-0.04402856641189973,0.21157511775359172,0.762721243413718,-1.176619629460523,1.7006515045954371,0.32783049475783455,-0.7118681758027512,0.14107242808791848,-3.1353228327387725,0.2062188607015322,0.8694967497483972,1.723829537821024,-1.3701914993064437,1.0762799086409784,0.5263814033331915,-1.2283196669423506,-0.2713568383246558,1.9976475421792816,-0.24802254047790684,-1.281873307041494,-0.6148488813078616,0.385851704819041,1.8236736601021055,0.47190762920337037,1.619675658142171,-0.017587311064234945,-1.5836877095198936,-0.06470375981223697,0.09799627061040525,0.3920835335856637,-1.2750876243854874,-0.2671355458621424,-1.442629006920841,0.3455751196928245,0.31436682424289586,0.008435860798847512,-0.6744585430872738,0.0012203931788762105,0.4865404784815144,-0.2823233481366275,1.2283089652074102,-0.3906715793657681,-0.20476710037445878,0.7867659127800605,0.12840603373716672,-0.46108307492275397,-0.48102952729749743,-0.7970471076887589,0.8790777016455054,-0.058415704095676105
-1.566311959241626,0.5699251140122761,0.14236151745271353,-0.20060052894724745,0.8509119455595413,-0.9982495472377365,-0.5115269052871227,0.4890726217958894,0.4683684150708597,-0.6560694398634671,-1.358085461422716,-0.25131934316869087,-1.2913146727586409,-1.371813763125369,0.07380303522138405,0.8272531746960377,-0.6655578791363544,-0.8186198727658576,0.17090497063081395,0.6958345495212721,0.04940300515399487,-1.5048214640013586,0.9984885775363558,0.726665225093606,0.04460713551477841,1.60447779222593,-0.4300974372093336,0.5457309636712252,0.9922449663665966,-0.2763587566890093,0.5755786223042036,0.43506447551933175,1.0203697328948769,-0.19336718781216483,-1.6511106025852882,0.8022767587443389,-0.5120011371549197,-0.7920070153257333,0.5079533403202526,-1.4183395721279903,-0.5042130625072337,-0.6626365726950225,-0.29485072044336624,0.2380706759383223,-0.14908314658721245,-1.6898162311033786,-1.0513067008400248,-0.6145053030299858,0.9996719789681638,-1.6822466887564549,0.04023591030650053,0.9408754328756721,-0.10420749459589371,0.2711921681923526,-0.8577830795564911,0.046336881811492925,-0.9982801414349023,-0.5356923658484336,-0.6282431495213496,1.49358786820137,0.5909767821381302,-0.27661359841059663,-0.7547480336830018,-0.25585851578027674,0.5405311575658585,0.6395790606121304,1.1085279150304554,-0.9760736939647915,0.06923789157906957,1.6576335515296066,-0.15135260411638132,0.9913472313924174,-0.23168622743165734,0.8419741791447055,-0.5179345397328994,0.2140424806644884,1.6199015921427247,-1.5864534883678325,-0.17543086509696265,-0.4871498457041258,-0.3113253321294274,0.6713037360011307,0.6435552500874873,0.596397525746645,-1.2642816618007524,1.2911564256398893,-1.6236314242071082,1.4651329861283702,0.6372513771580014,-2.106830145754027,0.27369505142361805,-0.9399477558171725,-0.5388571045798156,0.30930841465489206
0.2396090351086469,0.30974682883373306,0.13935176364582844,1.3894299312106888,0.6047438538457093,0.6210687438828204,0.4748096343806597,0.4209997657331742,0.43630541433608416,1.0931808762021658,-0.12263387055181502,0.4759413104663956,-1.2249947943855508,1.0937741761443776,-0.8423859835021533,0.35172562048441997,0.35577959383508895,0.8993744764295801,-0.9145093166811351,1.6154235563592874,-0.36774903982517115,-0.427773127617309,-0.05333127899061592,0.24189154140189617,0.09367110745365015,-0.3738095974884591,-0.08411805143150275,0.28691414325104014,-0.7212122449001823,-0.1828769273609472,-1.0954223207115166,-0.5399334007090478,0.2077143886370494,-1.5020224584045732,-0.27337772347645034,-1.0908592193527995,0.24905447055338825,0.20879632109302793,0.22649218754602302,0.9185695254627749,-1.3316110912998316,-0.7165038499970549,0.9739742788181391,0.6774051324262744,-0.8139427474022349,1.0028972103909266,-0.8694340191286849,-0.2147348676747956,0.2973921384932761,-0.02397822119774197,0.049052903400638115,0.44637263512294284,-1.7699365567940972,-1.4737126156527725,-0.6164978012527765,0.9386684975160814,0.23917332843179823,2.425052104568552,2.0270048123890114,0.16961454437434148,-1.420659047025968,-0.7692563032212483,-1.0552762128893924,-0.3732882278699329,-0.49483763083935217,-1.8085045013791317,0.8513132439946238,-0.15390449924247243,0.1956642972290139,0.10276013641349532,-1.1897617875679904,0.08884639164774763,-0.0121963938381639,0.15182750590161875,-1.2007962676568606,-1.362246530320652,0.5383597935791602,-0.6171137191526912,-0.49196856000120354,-0.34522579795878017,0.9414078310707364,0.09506148465615384,-0.6816365428106003,1.6423747304470766,-0.03932979167716692,-0.221398246028339,-1.1491453018157527,-0.2969296746301233,0.24219944225072673,1.2146209189658488,-0.34630620591916633,0.25919269654409577,1.5524384024080322,0.4341912339173687
-0.437798627852603,0.12297600083239513,0.45887996479895404,1.0481302104061805,0.8816582455159725,0.5853905395596044,-0.21750231092514127,1.0275057785567394,0.38432545315904093,0.5909983586384899,1.1853086477063017,1.0337417883801785,0.43965709643965784,-0.804008468239213,-0.32034490361788265,-0.7611503301394639,1.2531432873152133,0.05817424574787507,-0.17078101277898938,0.2689578743476494,-0.4345965103491572,-0.32687781040795955,-1.8696973000275006,1.5529102992866064,0.7319409642019052,0.22887443416417674,0.14237420293658076,0.5457383831021148,-1.2337744976699965,0.8747089451165604,0.5889368182833652,1.4192182709178136,0.5688299344011298,0.45317552594386923,0.8372302219678408,0.41368485662377863,1.2997722964610747,-0.08020049112825645,1.0167609910601947,-1.5891111557498039,0.6465670239680283,0.51597139866708,0.12429472197290045,1.2598509899386516,0.7184680984337742,-0.5077245569605787,0.15155588287477884,0.157943492064515,-0.6901712810156333,-0.1415902307722262,-0.5940847212098077,0.7149409342889913,-0.5725461228482224,0.04780831594864671,1.2801928469295383,-1.4162549957924926,-2.4410426384677777,-0.9326418704215333,-2.160313896717489,-0.11453206008287142,0.2740459892150259,-0.6864496356642749,-0.04107518058263171,-0.9459839531948597,-0.13235644697718518,1.789422159219565,-0.2649401184605331,-0.7115444718342434,0.5252777138459971,-0.2627054556456573,-0.7248768031693228,-0.4671899580579365,1.8555549633394388,1.336379667515819,0.6670142583220541,1.3812715739980987,-0.8905081099351786,-0.7434740773318063,-0.3643841520965998,-0.5402854886575427,-2.6550535174271404,-0.22545243849168445,1.1936723514641474,-0.740455845143232,1.185865746423815,0.29824491311201357,-0.41424389084575575,-0.8749067305942158,-0.6955174299672597,-0.3768190244144299,-0.5757276108523612,-0.22493589004713535,-1.2131867632314626,1.8126222194439667
0.7965473564956372,-1.5935879805284063,0.10635879584787432,-0.47205106875055797,1.5295046069423086,-1.3630879884631424,-0.020026322631761462,0.30648341889918934,-0.13792048772478982,1.758872279312964,1.0163058838410661,0.28940966765521037,0.6904967510479917,1.8880518949355043,-1.810839372502013,3.2696294400018178,0.745591366667975,0.18242480169045971,1.0334291782787883,-0.44890035444581267,0.27528883981140495,0.2604168441381157,2.028267128821825,0.29515696735607905,0.06569366807705615,-0.07339430295661559,-2.086730220111071,-0.5960164929963011,0.6613566052771105,0.029334418628303317,-1.2174050080944125,-0.7187713544087215,0.9244175956626014,-0.7461951184939154,-1.3555695170275175,-2.2088960370380546,-0.40117424021741704,1.449936335591458,-0.347685212941435,0.3375822340548335,-1.0048395006784245,0.5153572586766552,0.8580392785568994,0.1533325789950376,-1.5429827750433398,-0.1933073838101002,-2.4754301646185297,0.4243550178107219,-0.642143680860836,-0.157897619807587,-0.8018520892258145,0.7459433997292148,-1.7312015026870176,0.5831132578124537,-0.6299389415067936,-0.38046682004901755,-0.8633250465102871,0.7033667549680652,0.5567096420013791,-0.3280631918206371,0.6266896863716616,0.7978113660634177,-1.7756332793870924,-0.35919154969871314,-2.113022233139316,-0.15290591402627962,-2.1571171821634962,0.5683933846333683,-1.7708628134943958,-1.6380657293094334,-0.008474865507590745,-1.196527471502658,-0.8177813933026895,-1.1688337240890743,0.5409028741054636,-1.2724024773145648,-0.4698937283541954,-0.5368686432199654,0.430600786910054,0.5522539211370574,-1.1231127931427176,-0.28016333240867575,-0.25007446558726965,-0.1964755861957653,-0.08021285150365509,-1.2419235136886755,0.362368308584549,-2.5107276280896675,1.0284313561446292,0.09366557201331505,-2.0774051726694718,0.12327373926462815,0.5183782610156327,-0.8500616922760916
-0.9683835977100828,1.273263680358423,-0.8497681266639556,0.5451300267893981,0.5490223688349529,0.3907171398165817,-0.33172491872696863,-0.8534614944227396,0.36345856208381133,1.6094814538279896,-1.1308279562477463,-2.056664293443852,-1.6993044265316501,0.0021990492351970647,-0.093722388992789,1.0027663455014584,-0.25280259697389595,-0.5336575901320985,0.5932993821396425,0.3359228481176571,0.1484144047871505,-0.47255793614022323,-0.28923304135518835,-0.705838009045329,-0.16537526997142282,0.1688582173839899,-0.3390929663703448,-0.4231197083964935,0.955514120077922,1.108664565422627,0.8071001688300965,-0.4604551214325533,0.49463568526260016,0.4517665070956808,0.2951581949299859,1.4776456857370488,0.054446025778814355,-1.7130759933417024,0.6687676775563544,0.6475215173296873,0.158425963149008,-2.0010816360954427,-0.10959193033479551,-1.24600342959681,-0.3249855203850618,-0.9055916985714823,-2.536050299621549,-1.9235583106852454,0.24526269289845049,-0.46447544896927484,0.9924189355847277,-0.5967308698337017,-0.6324996736518725,1.6346089961176322,-1.885979504461266,0.37156454680594553,0.057013320230409725,0.21406054146115572,1.2915024320135886,-0.2759466006772965,-1.2295207811159168,-0.18121421290259132,1.9019814974688167,2.4642280757953134,0.5911439425694738,0.16461816707919885,-1.379806396927525,-0.3332796207484133,0.37087026238172127,-0.4658969253457612,0.009613351038769119,0.5626843652790764,0.5137976848881288,-0.3776414805778071,-0.211458742168811,0.10285914417992026,1.1473459247347635,-1.1120201934022624,-1.1124116281760366,0.4254689021090407,0.5378519035836136,0.6884264957166055,-2.343882126369698,0.31332155310788207,-0.32074876539314606,-0.3107326113894802,0.026276016510615258,1.2866511476013105,-0.30917691544762943,1.2671050327575961,-0.9442621202423003,0.4753947093714053,-1.2537460397364533,-0.4664232922733956
-0.5882410782149261,0.4275726092767018,0.013267429220437369,0.8221765225659035,0.8365995271704487,-1.0782595095463177,-2.0009238238020775,-1.9668639643387598,0.9549916875028699,-0.3657554933913922,-3.0192393332230387,-0.9190201811210508,-0.01292881742986518,-1.4419352580551001,-0.09981848601315643,0.4818480435664492,1.0410774671087133,-0.07376385889914705,-0.8815182586077481,0.3378716325034751,-0.4544805655429587,-0.80196004606723,-0.16099130564342387,-0.7866593897640077,-0.22610340609407575,0.4599833383771063,0.6759454090064245,1.0557707567509633,-1.035984376714313,-0.19505193210159424,-2.0140553611076992,0.8473823471033477,-0.5936411574619344,-0.8567476476547765,-1.144133351330944,0.275048138385546,-2.325925436734966,0.7901626837033106,-0.9939540370316965,-1.4662635199033713,0.4687141648858686,-0.8036512271360244,0.6414625105902754,-0.6740496879800535,-1.2388842418116033,0.15216869676147815,-0.21328223550316894,-2.168442575713624,-0.1960214292291951,1.4779298915914054,1.6377011670729675,0.18176458333634712,-1.5813275486399956,-0.15926512101279477,-0.07742652946327166,0.6468511742218732,-0.41392128591169386,-0.475857025610114,-1.139546764310544,-0.07537007871341944,0.5690876516569734,1.163284765832393,0.9001932974584965,0.7677556279174835,-1.7999655728582795,-0.9633736590358348,-1.5333487970370978,-0.7349494814023961,-1.6799581219079642,-0.6378487001044584,0.728905437658532,-0.15696916215161852,-0.7954225272653941,0.5393637661822399,-1.2165369908938948,0.04024863012772839,0.27783416954306295,-0.36756893129632917,-0.18956472472610378,-2.1786959564426716,0.38802407365527647,-0.2090177606917202,-1.7311539188099363,-0.753835822049687,-0.021145656388269457,-1.502700947451883,0.1657413208468178,-2.163288955195262,0.7569075417805761,0.19986142110997157,-0.7484481915068493,0.7245440091753725,0.3214094897706419,0.5763062805630467
-0.565497895683117,1.2607407155381272,0.692776981418004,-0.32048895349259626,0.5417258684381099,-0.6038630426741497,1.2420887405808365,0.04298873903541239,3.2304449612868043,2.7569676648694843,-1.093777553361422,-0.22608919969757607,-1.7248649469862256,-0.08278205732717747,0.7125123365095091,1.3948265580360437,-0.41193157486738863,-0.7109109320461823,-0.23826668549612054,-0.38575515245523373,-1.7479880369774445,0.023658549622593172,-0.8837140212295073,-2.688493025974854,-0.41260828204895383,-0.19089765285713545,0.04682691971155423,1.96571509573782,-0.26224833997269253,-0.7710369345208221,-0.8834348555943092,0.20387929446915815,0.9820289194060519,-0.4951044318102171,-0.8159442451051173,0.6352485828811716,0.8272938445233717,-1.0580569540016045,-0.6308723030988865,0.3856764677719309,0.2793741562306352,0.09314521060247358,-1.659544401466187,-0.520007048815433,-0.568827037586644,-0.36021311280964396,-0.3565626435475195,0.1761956236203634,-0.3235958900670782,-3.773136999985327,-1.0316810202748543,0.7838603831453965,-0.7853379747220035,-2.338812851113314,-0.48090248396185664,-0.20640724347908654,0.587760500995554,-0.7277297024982485,0.6129143686165448,0.030523932029058634,-0.17331986394860038,-0.5877139888505029,-0.3640536604702946,0.49223237783303475,0.8044880276960472,-1.947354812370581,0.6641726855963099,-1.4708572267458293,0.19430066042843278,-0.5450673095468034,2.21069768509819,1.0654423336769625,1.871857235169132,0.6592291112909314,-1.193825826778408,-0.265853170900223,-0.4533048382110287,-0.5333511174433128,0.0029461308630572836,0.8178044971544443,-2.771317866121576,0.2250643229929076,2.357366805681349,-1.182022846539614,-1.230623756843493,2.804539801348926,2.430144489129563,-1.6622965539955104,-0.6318002700352503,-1.5381335038368447,-0.6314935434661395,-1.7466475183401537,0.028013413091448225,-0.6411174868251576
