Cells_AreaShape_Compactness,Cells_AreaShape_FormFactor,Cells_AreaShape_Zernike_2_2,Cells_AreaShape_Zernike_3_1,Cells_AreaShape_Zernike_4_2,Cells_Correlation_Correlation_DNA_Mito,Cells_Correlation_Correlation_DNA_RNA,Cells_Correlation_Correlation_Mito_ER,Cells_Correlation_Overlap_DNA_Mito,Cells_Correlation_Overlap_DNA_RNA,Cells_Correlation_Overlap_ER_RNA,Cells_Correlation_Overlap_Mito_RNA,Cells_Correlation_Overlap_RNA_AGP,Cells_Intensity_MassDisplacement_DNA,Cells_Intensity_MaxIntensityEdge_Mito,Cells_Neighbors_AngleBetweenNeighbors_Adjacent,Cells_RadialDistribution_MeanFrac_AGP_3of4,Cells_RadialDistribution_MeanFrac_DNA_3of4,Cells_RadialDistribution_MeanFrac_ER_3of4,Cells_RadialDistribution_RadialCV_AGP_1of4,Cells_RadialDistribution_RadialCV_AGP_3of4,Cells_RadialDistribution_RadialCV_AGP_4of4,Cells_RadialDistribution_RadialCV_DNA_1of4,Cells_RadialDistribution_RadialCV_ER_1of4,Cells_RadialDistribution_RadialCV_Mito_1of4,Cells_RadialDistribution_RadialCV_RNA_1of4,Cells_RadialDistribution_RadialCV_RNA_4of4,Cytoplasm_AreaShape_FormFactor,Cytoplasm_AreaShape_Zernike_3_1,Cytoplasm_AreaShape_Zernike_3_3,Cytoplasm_AreaShape_Zernike_4_0,Cytoplasm_AreaShape_Zernike_4_2,Cytoplasm_AreaShape_Zernike_4_4,Cytoplasm_AreaShape_Zernike_5_5,Cytoplasm_AreaShape_Zernike_6_6,Cytoplasm_AreaShape_Zernike_7_3,Cytoplasm_AreaShape_Zernike_8_2,Cytoplasm_AreaShape_Zernike_8_6,Cytoplasm_AreaShape_Zernike_8_8,Cytoplasm_AreaShape_Zernike_9_5,Cytoplasm_AreaShape_Zernike_9_9,Cytoplasm_Correlation_Correlation_Mito_AGP,Cytoplasm_Correlation_K_DNA_AGP,Cytoplasm_Correlation_K_DNA_RNA,Cytoplasm_Correlation_Overlap_DNA_AGP,Cytoplasm_Correlation_Overlap_DNA_ER,Cytoplasm_Correlation_Overlap_ER_AGP,Cytoplasm_Correlation_Overlap_Mito_AGP,Cytoplasm_Granularity_2_AGP,Cytoplasm_Intensity_IntegratedIntensityEdge_AGP,Cytoplasm_RadialDistribution_MeanFrac_RNA_4of4,Cytoplasm_RadialDistribution_RadialCV_AGP_1of4,Cytoplasm_RadialDistribution_RadialCV_DNA_2of4,Cytoplasm_RadialDistribution_RadialCV_RNA_1of4,Cytoplasm_RadialDistribution_RadialCV_RNA_4of4,Nuclei_AreaShape_Eccentricity,Nuclei_AreaShape_Zernike_1_1,Nuclei_AreaShape_Zernike_2_2,Nuclei_AreaShape_Zernike_4_2,Nuclei_AreaShape_Zernike_5_3,Nuclei_AreaShape_Zernike_6_0,Nuclei_AreaShape_Zernike_6_2,Nuclei_AreaShape_Zernike_7_1,Nuclei_AreaShape_Zernike_9_5,Nuclei_Correlation_Correlation_ER_AGP,Nuclei_Correlation_Correlation_ER_RNA,Nuclei_Correlation_Correlation_Mito_AGP,Nuclei_Correlation_Correlation_Mito_RNA,Nuclei_Correlation_Correlation_RNA_AGP,Nuclei_Correlation_K_AGP_ER,Nuclei_Correlation_Overlap_DNA_RNA,Nuclei_Correlation_Overlap_ER_AGP,Nuclei_Granularity_1_DNA,Nuclei_Granularity_2_ER,Nuclei_Granularity_3_AGP,Nuclei_Granularity_3_DNA,Nuclei_Granularity_3_Mito,Nuclei_Granularity_4_DNA,Nuclei_Granularity_5_DNA,Nuclei_Intensity_IntegratedIntensity_DNA,Nuclei_Intensity_MassDisplacement_DNA,Nuclei_Intensity_MassDisplacement_RNA,Nuclei_RadialDistribution_FracAtD_Mito_3of4,Nuclei_RadialDistribution_FracAtD_RNA_3of4,Nuclei_RadialDistribution_MeanFrac_DNA_3of4,Nuclei_RadialDistribution_MeanFrac_Mito_3of4,Nuclei_RadialDistribution_MeanFrac_RNA_3of4,Nuclei_RadialDistribution_RadialCV_AGP_3of4,Nuclei_RadialDistribution_RadialCV_DNA_1of4,Nuclei_RadialDistribution_RadialCV_DNA_4of4,Nuclei_RadialDistribution_RadialCV_ER_1of4,Nuclei_RadialDistribution_RadialCV_Mito_1of4,Nuclei_RadialDistribution_RadialCV_RNA_1of4,Nuclei_RadialDistribution_RadialCV_RNA_3of4
0.8223759364110835,1.4989697732051037,-0.38938044929752924,0.4354378244503596,1.1550430492821535,-0.4290322633042825,-0.7111847118144559,0.41589967774236464,2.015186479718711,-0.02188486360744185,-0.5569746554808757,1.2795623983742614,-3.279413745357773,0.07959159191852339,0.5024391691976795,0.8303796224929717,-1.5499709919792568,-1.3160071762641814,1.0061596923141551,1.2651181218103613,-0.6843186985070082,0.786611818592056,-0.081163100228975,-0.5499760980108259,0.3409853356149144,-0.5061253017995048,-0.5918859680376037,-0.4402111597512445,-0.06596625459440902,-0.1775201414237868,-1.9143919740796889,-1.3086577585026302,-0.0800807300225492,-0.5946766777817644,1.0798939588195737,-0.32084210856120843,-0.023044858305580007,0.6427302072035275,-0.299225581742947,1.1779706032228232,-0.04907471470995234,-0.4988944685622292,-1.6314638969021678,-0.09188609760355282,-1.3717571336678367,0.12316391457238207,-1.9157639460925124,-0.3494884250692957,0.3139160366226115,-1.8686534272018243,-1.6207941544520552,0.13662314998720138,-0.1635613348438351,-1.4590287142745142,0.8309627143552943,0.6326090995652989,0.7443872618664028,1.6386959853610332,-0.5170254905897941,2.34876962104929,-0.518305275128414,-0.38989364100972024,-2.136619042692401,-0.14305484325561024,-0.05630624120355088,-1.0869476943279834,0.709548496398065,0.7994951172863066,0.3496215357931458,2.9369099791606907,-0.08985604395624226,0.12438269940690205,-0.33095515952182175,1.0911432408496358,-0.7375848293934192,0.3523911957164975,-0.3590667637258035,-0.4212311489067367,0.14678202523045986,1.3254648374732214,-0.5918365338385059,0.3577199299498282,0.07975299122092287,0.40820165776684686,0.5553578619074222,-0.18770318024022908,-1.402592161739903,2.500467275684417,0.20652922438871768,0.09068389516483912,0.6828657950879511,-0.023302075856029208,-1.5200857917578492,0.5170894032070721
-0.5087120183330938,-0.050024191805867646,-0.7807917178640966,1.0650473459331464,0.5476466796342402,-0.5523729695455876,0.5628605938382588,-0.921746956714542,-0.9334599797429594,0.27945668660653245,1.602797809619935,-1.612104113802878,1.3510103292686586,-0.49097732185016674,0.3819263225738077,-1.3690367179813223,1.116369291357793,0.40812551078966586,0.6845771931668552,-0.3066932668282723,-1.3816336229724875,0.6025812899595397,0.6201365182616683,0.20564948125152765,0.0853831059472419,0.8801385728431398,0.15711720000451967,0.053476452246728146,1.1509099983983087,-0.0516253635905608,-0.15274657576515868,0.809527099471831,1.0182581836413132,0.10572910267204191,1.7549664240165963,0.2973781555891055,-0.6610471701205625,1.8662528322989331,1.6568111810925537,-0.8379612374744654,-0.5192837240422834,0.8926930956009393,0.7625827169414158,1.7588794344736942,0.44301813158743175,0.7304264029369814,0.6540545915635452,1.4323001236386685,-0.542961720148606,0.18950671715721068,-0.08517122047607173,-0.8151250539480821,-0.12136547146031135,0.884812765659633,0.09960222124982587,0.07285344839423752,-0.7037190149287553,0.15518897993819591,-0.3184388200279648,0.2759886448449764,0.7304347308151092,-0.061793077892779436,1.1244017006800076,-0.8538093435806656,-0.429426225306364,-1.0820966596515014,-1.1022643046478804,-0.5241271594272467,1.319515127010941,-2.809899073943072,-0.930237606027415,-1.2226054101795358,-0.8413233053777741,0.8894201950579146,-0.6962344208835818,-0.07336341897765372,0.09371591454499939,-0.8714345325174178,-0.614144102517922,-0.1110994730613225,-0.22507054170366247,1.0568994212258667,-0.38667420385359386,0.8102889643731637,1.5005862833302337,-0.782352896848773,-0.8247935083767937,-0.6313904857806061,0.590678252086182,-1.0946220630419874,0.2808638202898607,0.029318744175710842,1.2945357635300827,0.14847052122370194
-0.5148274434251079,0.6439612193636413,-0.5047877528341218,1.0057181682897047,-0.18715170153215116,1.7628936974688991,1.512582726204283,0.662941431268378,0.12386843383397206,-2.6581366066390246,-0.08825511292997903,1.0232615677685986,1.0132998990629827,-1.2692365794868667,-0.8788107259146932,-0.662038262333595,-0.1853414334923315,0.9741780202393051,-0.07788388150069953,0.08853940698078877,-1.189248994120594,-0.921834348223535,-0.36230589038057914,1.9584155796095177,-0.16139320531345555,0.585397411776178,-1.6321045090344983,0.5966644711414157,-0.6593504940349557,-0.7109184048643421,-0.14641420276505301,-0.3820117961057495,-0.04882410487001623,1.3202941753654107,-0.8372690784921699,0.9193684811822203,0.3727722535286423,0.532574155232301,-1.093254113278252,0.0558504317589013,-0.47325608174187395,0.22199670402560717,-1.3948503452008416,-2.2597127162208523,-1.6174066402013256,-0.7501913981832299,0.2046959045115493,-0.12076659633766615,-0.09520727367870752,-2.330573198399127,-0.5687927916023532,-0.17045101047638422,-1.040089390412494,0.6112858793200251,0.21224709836051922,-0.1494698874379859,0.11786709798976144,-0.44920415484215626,-1.1462882909351575,0.48894993946696885,0.514742913471221,-0.1815871024690471,-0.24055006114151944,-1.2819654760839918,0.5721782973931709,0.824309255963294,0.9396112790774147,1.5674092765528023,1.8524639771101346,2.2466217346572757,0.43967817958702393,1.380053864873672,1.5217360194614415,-0.04693921631692409,-0.1994929022714913,-1.4646554077716138,0.4208891767808536,-1.3003845689214018,-0.8323786309160669,0.38902864632469875,-0.514292567150227,0.2558964966684456,0.5179049501836986,0.9138364689888104,-0.9374533095519426,0.2572435142706189,-0.8913250791226686,0.14682333958026966,0.6509506428002853,-0.9717974250837507,-0.8097196397431341,-1.485791990473663,-1.067630489313189,0.039806699075407403
0.3931708819745235,-0.593931661892205,0.03636014647786096,0.6663315232059883,0.2953737362240442,0.321326137033396,0.6753832453685562,-1.3682927039172408,-2.5031122150667766,-2.569466140417409,-0.40568435270588993,-0.731202054045111,0.3687081491065498,0.7325457345304139,0.47508088941694426,0.7917743285821371,-0.11103725234707135,0.6225477156415649,-1.0182688750817213,1.8310183215562734,0.8185070670567814,-1.521202938495591,-0.31607818162163176,-0.02701057607249019,-0.24324492950619483,0.11852746843459994,-0.8844536883868818,-0.3320168526714121,-1.0684790640090434,0.053020753613211714,-0.550443588976364,0.43488695084752715,-1.1148665486288456,0.8587429239680471,-1.2729833998582811,0.41348995664397903,1.0141031863484335,0.12320657568840931,-1.2480304492818446,-0.7817023989844397,0.7306471368838545,-0.8065047927792478,-0.3851165094883431,-1.49597142430575,-2.1958497588685333,-0.8113840011770472,-1.4690230016680215,-1.0667237240966019,1.1159539115923904,-2.137973980552213,0.5046531876169045,0.85767195806513,1.612111398372792,1.3333190341445986,0.5114227275535685,0.7443160018212536,2.7174120984733987,1.47704902474907,-0.7655984415119998,0.8056774970310012,-3.2658586235883664,1.2935460323973942,0.16073765297334924,0.439606864931949,-0.20896231743223814,-0.33946728035072865,1.6970379383676466,1.6711277577999626,-0.03980688088264739,1.347445549955242,-0.6711905867321604,0.021063236398463525,-0.7170871839230736,-1.2918639770394065,-0.09467182626215116,-0.8154654879174,-0.8067007079844419,-0.8726539939287956,-0.7928892384156853,0.5159678365068271,-0.6716510182072357,1.2859223268233193,-0.47850746364530383,-0.798479059957944,-1.3691906281216724,0.2813102466874334,-0.7961102890269356,-0.2509901217043623,-0.21830585275842648,0.04733837777768135,-1.3369216164954505,-0.14213010233982215,-0.4225213499747449,-1.9072127899124163
3.277288117648684,-2.513472343771672,-0.12252853467372495,1.7580721705820088,1.9173210137145462,-0.9581813477238653,-0.42286014059304694,-0.0641334522062682,-0.6764313284994535,-1.11261356849309,2.161666099170241,-2.0491253541570393,2.7204486530909473,1.0808369368777822,-0.14695662531896833,-2.618024514211907,2.030723913494235,0.49148659031393005,3.287354700553693,0.12232294691410564,1.8981237516386495,2.3008329260953824,-0.7160351652517746,-1.458261841559902,-0.14638508959360483,-0.5882893429980953,-0.12942180894382482,-3.6041903026606272,-2.799343563993601,0.3198899162357945,-1.4465992656272288,-0.5790784569970233,-1.8310576418027233,-1.7881891693651943,-2.35646505374325,-1.2945887490837822,-1.2899881442076429,1.2837790619982756,-0.8895612553766274,0.7456008255256266,-1.0763620304459145,-1.213164893000919,1.5865044999450095,-1.3345042703980081,-0.3592115770319119,1.8963188173415002,-0.6548071509094848,-0.32952973468830354,0.5053185433000803,1.9667156031702215,-0.6262692524516259,-0.5379763850168073,-0.18981244648724394,-0.5394707572188451,0.6159136957348686,0.5794893037597472,1.340793372410909,1.824620135526388,1.17392310215845,0.29755398720373,0.01080308331511656,1.2531001639044574,0.2901140816069231,-0.06520820469764421,-1.264111414607164,2.009322175018505,-1.4034695993179016,1.5950920968900952,1.3911409372770824,-2.88394675388288,-2.0265019667763378,-2.441201186574016,-2.5214449358405835,1.2189020159059558,1.1241954200714397,1.6254653308659452,0.19899404587025155,1.8757771630076423,1.5217803750476566,-1.187497985777071,1.4885824080277696,-0.4531941673294151,-1.5943760511424228,-1.8908298859093198,3.437554638686092,-0.9695486237341753,-1.1069653141580962,1.3499740109273697,0.6278252258457587,2.698730979736334,1.2594862322165654,1.174439206915335,-1.6688884362952665,-0.17622101536019824
-0.8429442634430968,-0.4355715669362924,0.1855948150703848,0.08325542169642292,-0.2935849255601143,0.5668148391154472,-0.14941751177235796,1.0821811052402432,1.503527641160158,-0.3268023980434693,1.3486617668180285,2.2795996554429836,0.08446680327164313,-1.0269449025715118,-0.763040573284711,-0.33816809549754,-0.2517437889347385,-0.25093316182890224,-0.11988969138291125,0.5244023574169993,0.41100019234013907,-0.19829592131015192,0.6386080452457958,0.5531620692243542,0.920085464899786,1.39714423423264,-0.6755359194089463,0.7879469464916153,0.447686576891691,1.149573037032759,-0.6902770826177146,0.73689471067028,0.21969527231734537,-0.09189193699213657,-0.7364614617994905,0.3134440680191694,2.320813836429705,-0.7257887384524481,-0.601510964085463,-0.005730076202515977,-0.4404232587603679,0.23293631853731972,-0.7071060718328417,-2.863939292308123,0.37936966225720076,0.3878636462016555,-0.02755291853919678,-0.16290407077076619,-0.8261622477962112,-1.0381885634157586,0.5262571090832358,-0.06743178140523431,0.34792518752624124,-0.03638772577258531,-2.4967435996794247,-1.0094934525160029,-0.9229444647328011,1.0848724008036683,0.7835229715255625,0.7659981694943402,0.641623203919174,-0.20542419802168,-0.8337263312022257,-1.7368456120904734,0.14506741937519663,-0.14279094931976843,-0.7038174959317065,0.0592001409174594,0.07843086662432054,-0.9909750000253986,-0.25476834230208123,0.00896298861759337,0.21247675245305642,-0.7023007913337058,-0.40778039068866767,0.26637971600126753,-0.36144029456384924,1.6592781413689082,-0.15848754674888188,0.14638704492895735,-1.6940202165020597,1.6493370055172565,1.1092059929613565,-0.013406210522931465,0.23531504911797174,2.0008170548815767,-0.38464475565002854,-0.4506503023459837,-0.3257331848357972,-1.7502949962804917,-0.22799382058794207,0.5904900958338895,-1.0978037604055,-1.208301301312166
-1.490104683612115,1.780868010236118,-0.2715750514869178,-0.9182042033364226,-0.6629809573055517,0.14327131177031885,0.08753050783630033,1.8333972837412849,-1.2240357902067176,0.6233872207508648,2.4958708800650395,-0.6009333282877644,0.8075868567363271,-0.25282769243229625,-0.77139495513836,-0.18653264413638268,0.2328750242962977,0.12773481677433007,-1.563204983166532,1.245327046115778,1.443768394433358,-2.34836600541716,1.3939477184628641,2.0663148453837974,0.8524224255774917,1.3285463404755915,-0.733079646494512,1.7772156255548952,0.5654221984699449,-0.44112549658941813,2.3178554108116667,-2.03854732771315,-0.05542457943767504,0.46086634057997,-2.277782857967538,-0.7551420642377078,1.7331873740779007,-0.4230241159678796,-0.47587504755138477,-0.28021226768228613,-2.1753608392743593,-1.0086419551248664,0.19151539522364103,0.27784213547351233,-1.7874301078222201,-0.6967095393403531,-0.6454068754003056,-1.0092543789087312,0.018906290929062486,-1.3078332032847946,-2.4944433113284665,2.6876947277467567,0.4294425398124634,2.695406488476146,-0.508742747798453,-1.3227079347958723,-0.18223358875845974,-1.597311755625802,-2.04218614803368,-0.6679137079066133,1.3750482752291338,-2.456010361006797,-1.627118569344747,-0.4857227586958167,-1.1489465198169524,0.015347994675155463,-1.2386413996847585,0.440029051344491,-0.032442220881588435,-0.15587599100022476,-0.9060250052155043,0.415346268692784,-0.6093030066108643,0.45464265649823166,1.4613981668442577,1.5550514355617098,1.3494853471701167,0.8720391335130577,-0.3536789697649272,-0.8782565362037935,-2.4104393639348807,-1.2988476488413325,0.5386212244484143,0.15924349723623682,-0.9746267579412774,0.392825667048533,-1.174223004797964,-0.6482126162858757,-0.7600897433691072,-0.9791854515263845,-1.6351745244784621,2.140694718116873,-2.469911204756965,0.1746310383330483
0.7249782808588632,-0.6209074360998408,0.23385925618087308,0.4979924401932957,1.3240424396073331,0.26164914652669,-0.20258683681023038,0.013003473937052479,-0.4021982108180401,-0.5001011376095787,0.8776737405824946,0.19887155764282982,0.4900212521128253,-1.3130140735994318,0.27954310541510663,-1.2519548855329368,1.2438040520111346,0.9407357035440234,1.5789546088143491,-0.3839244331603322,1.2999263744346163,1.4319220464930142,0.05368964631721687,-0.22265584691286577,0.47761666874407643,0.8305471259553203,-0.13022651101067217,-0.6013508664161038,-0.7993196343327241,1.4734213050639342,-1.8830852188527962,0.875600907595578,-0.09389105814157278,-0.41783367487758527,-1.1363629139824953,0.9103017804843683,0.6295582650598585,1.0931803231918513,-0.0882903202133648,0.4883362697271377,0.2692930920731526,-0.9803644317489061,-0.18693499121608614,-0.04809263878548925,0.8483740809288182,0.7806033994565122,0.7604891735735615,-0.3763901499117338,-1.5747152543492593,1.450669364530122,-0.381046930818447,0.8448013794141619,1.6540983602690646,0.6638302709322991,-0.46888189420797727,-0.25532609165636977,-0.5028823113627625,-1.3156141012542566,0.27105171372106096,-0.3021354145838808,0.4458171523719668,1.084241207286877,-2.4324905667826373,0.5994340814561739,-1.646038832564102,1.4490739722518469,-1.3670438520705719,-0.7443004297336622,-0.08148247484982774,-0.08191324684393209,-2.854617402732088,-0.7785647209195357,-1.326951886604228,0.33931068967465944,1.973989389357574,0.47256011976330514,0.14288093369838345,1.3114143584184519,0.5131453373003549,0.05481919077185234,2.0560666076447354,0.15330557121095692,-0.778169655953672,1.2372340402357382,1.4214819437530681,-1.2660081347076941,0.5768641474013758,-0.8511033123600718,-0.5321286259886385,2.130130122238034,1.146675011248201,1.4292895143947941,-1.2940370403381698,-0.009727878864470324
-0.7803177058955049,-0.9460969781289854,0.6673580755961456,0.35524347786714033,0.360428716466338,-1.0036049495437123,-1.6704557324447298,0.49214427682113626,-2.5901944220013013,-2.5737189787336607,-1.9540502573468124,-1.2587656231349773,-3.708189144141572,0.5607573164001396,-1.5569452330441547,-1.906565154822372,-0.5520721742601201,-1.9909551999512964,0.9532309942503165,1.5880073413485265,2.2491555932445904,0.586599844312909,1.007791447998559,0.8913688137318705,1.1512683341854506,2.8163912950807255,-0.6867005836569576,-0.03638432634306199,-1.5161088096689253,0.6023672649074694,0.754416714278056,0.10795068988588502,-1.0157216856861855,0.31372678935122034,-3.1009403650466005,-9.607189805203864e-05,1.0397047995049087,0.8220881202367329,-2.6778404360070027,0.34711868741344576,0.19058757967234574,-0.8902251661267255,-1.0584943211676705,-2.0479236830261387,-2.409030924082587,-1.8968668212749753,-2.763050757892029,-1.3323114736715127,1.931354393648146,-0.6355156519744549,-1.1727758519992535,1.450576460214016,1.8228045633225165,2.55944635480654,1.7514019063246113,0.3338188183115701,2.301897840603882,0.6198907748104117,0.23251791618272677,2.093082694582684,-2.7383532464598703,0.2334833727934722,0.27470632186857735,2.2761714192049975,3.132471517228904,1.133991590045996,1.2426130733726526,0.5617306951589287,0.04957346935393703,-0.17789831660942723,0.8245024558626405,0.14443416130287579,-0.13867585180005115,-0.45059246266641917,-0.440739701152918,-0.5798982731635514,-0.08854011818486442,-2.303602951918192,-1.4219403619519977,1.6647554733932213,0.46744152554957985,-0.8547358663453223,-2.5184883208679745,-1.6435358005482519,-0.5880940414217801,-0.6472005985082222,0.0922837157728007,1.2888126149988313,-0.5479031393496774,1.8408366165331254,-0.2967748300951062,-0.6104959335295852,-0.9297385517602854,-0.18550021443279185
-0.3676112018970305,1.5269645684189717,-1.0046688314155077,0.49602012567286397,0.2118609794294757,-0.02914894912476762,0.8181957340071051,1.666468230354514,2.2240611954264797,5.2355622434876254,-2.543215306575645,-2.7334164306226225,-2.7929006860003933,1.479547997208035,0.22954059721532794,0.7407474163948263,-0.11168018329502064,-0.7598699148481002,-0.19287682715312476,0.3712187111895612,-0.5207150055500264,-0.6379479223655308,1.451144787954726,-1.0318227093277446,1.0282127952651434,0.4140584267684308,1.507263816376434,3.74128396052793,-1.9414981022735234,1.4722100186171534,-0.8580517614976351,-0.10251751141960097,1.0530715928691345,1.522115126429619,0.7565896454759744,1.9788358976557487,0.5641245979373646,0.7116883515345964,0.7199408614758784,-0.532776252447605,0.38757189232043,1.0876847410464117,1.4377894561985265,2.688894452113974,-2.0270516206643254,-2.3072884173626473,-1.1522548581471184,-1.1507883169009032,1.2247615415846154,-0.8199225798932103,-1.0210839612907494,-0.6945688033559396,-3.2840857557148952,1.132845836737733,0.44161006989518015,0.017742973784659777,0.34212804700001964,0.580903067057396,-0.32806082205002196,0.006692783459914864,-0.5259917978724861,0.18945606951258398,-2.6839641012943547,-1.0649571800826831,2.2994164146312026,-3.112073927238629,1.9144547650600716,-4.263156910017816,-0.4821343060175983,1.1578078647273744,2.988076082708411,1.6461752147919533,0.30745846347645583,-1.2183732434841081,-1.6286971295892207,-0.06557087442297774,0.3235935388361214,-0.13794449023158745,-0.05138906464116082,-0.2562606496682768,-1.9715375362315044,-0.809732266833994,0.3222908830613681,-0.6615328210480692,-1.5332749590351218,1.011617008062863,2.40147025710752,-1.264601083780152,0.2665029604455722,-0.3748121019979469,-0.23460800672798526,-0.9767604251695238,4.197138217541546,0.904574002625864
1.061922076567792,-0.7745894287191448,-0.3448856533511122,1.167614796101988,1.0872260213670164,1.1245259255270053,-1.8623994726023945,0.46714094628612923,-1.8095700421148715,-2.272016646166991,-1.0025742046156587,1.2424487265409367,-1.2947469811703896,0.013272114033256982,0.16018120710560924,-1.0516927095329522,0.9502767360504747,1.4312623927641828,-0.09163429695912961,-0.25856345215295473,0.42991335141836207,1.2122862267041263,-0.0756848949261969,-0.20055365295046484,0.5416646559393401,-0.17715634633658514,2.91113953216263,-1.230446747395812,-1.8551255169192815,0.06713933305181699,-0.320338040409736,2.72224681193175,0.37711693389450407,-0.9820443573527035,2.0396706295801064,-0.42645731134888304,-0.8295364605671725,1.7302011266294495,1.4844923130178445,1.5697696255475848,0.9868799607231,0.9438415157245181,0.2973781856609619,-1.4739993874832749,0.9801524132259275,-0.5383765728458105,-1.4971041765977406,-0.5143925050689258,-0.6837325445252633,2.305253010930861,2.3731022215248703,-1.6300347107307822,0.5249212186858588,-0.5214471554010536,0.23104132761252605,1.8322251967604464,1.4000003342581837,0.6599593863891658,2.6573315709739584,0.2166056201537715,0.018717791047688448,2.948331071134149,0.9240214891544823,0.4624978982607591,0.5392110724624574,0.28765351323264593,0.6443788498928797,-0.13518695389911606,-0.1846802674213755,-1.2367342219160764,-0.697635502012889,-0.7518101023056538,-0.49737534302689995,1.1509663782959954,0.003273975521568273,-0.8905030946377339,0.5024706147226223,-1.2324072600039864,0.6238734207443958,-0.7858840556805432,0.8373089047209048,0.20485300630644201,-0.14343429620828785,-0.4320095808322857,0.43570398651438497,-0.3539279844527117,-2.149190379087238,1.8142043872287066,-0.3955712205662887,1.5419538304235707,1.5243814599256353,-0.3677834637165085,0.14529025051973823,-0.07900310108001751
1.245270333764266,-1.4999532086359229,0.03807045547694717,-0.2862506556688523,1.4438893210914394,-1.9816559359406485,-0.24342645360316506,-1.2734469781779514,-0.6776506444197473,1.9808446684995311,1.0721021532252868,0.21051885901410622,0.5930629554929728,2.0871698711440794,-0.7802951199206627,-0.06690722634646253,-0.12338508030022854,1.080712255084884,0.22514596852358473,0.4882269081119496,1.4191182539376714,0.28082684203633124,1.6012772503787922,1.5168050362524914,0.9999281994275773,0.10586990672292762,-0.24268772901141578,-1.0421353390684482,0.10817597193304024,-0.5393616172817274,-3.085700043286262,-0.30899093628795526,-0.8327526062662136,-2.0158280034622567,-0.485335890341784,-0.7873915141228189,0.04689919221018707,0.7600792784616579,0.11270447660251406,0.7908018376552853,-1.7620155442370076,-0.8049838633211532,0.26166749773347403,-0.19405722766202818,0.880611487402076,-1.1880142843015493,1.3958751295782688,1.1858352441712392,0.06293580720732805,-0.0487829194277299,-2.0806373614059828,-1.3243408176667004,0.4993222788749513,1.2232639798814144,0.08806624674661012,0.26362020910249406,-1.7425840280763998,0.8255372738719556,-1.3622663009164562,-0.4555829357652485,0.08509886855693058,0.8857510085931057,-1.7897050642413217,0.46784879438068666,-2.239472067254717,-0.41273142348015324,-3.1430818285747035,-1.6716102500384835,-0.7500972406465078,-1.4430483791353512,-1.7774132939510419,-0.8510146632330137,0.18238584819919013,-0.5509935095677408,0.7963485049581069,1.4496951688846624,-0.14035926564241424,2.4961344606981855,2.0092219701787206,-0.241644213702236,0.6676083176215406,-0.7475235755037254,0.3682252226469682,0.25991371150310816,-0.19311272677107194,-0.28279239995823957,-0.10693668601380635,-2.600915897278232,0.7178582378554275,0.394358970902654,-0.7065014898083067,-0.9858651532837011,0.3154856397043656,-1.0521324812504065
-0.4452045047136437,1.1836445665333621,-0.10319593602004937,-0.11911668776082099,-0.38395528951713015,-1.0714870700334276,2.645368470905782,0.20405485047829314,-0.002643790772196064,3.034409988211525,-0.006077550006016952,0.1719324588899453,-1.335223257429196,0.16548840801062842,0.7983821141059162,1.2785355529345033,0.3646617582577105,0.07016460445106243,-0.3979703378776034,0.23895548059616445,1.3180323894638344,0.20197675558748435,2.2277781967709562,2.0430423546268255,1.0518425404125182,-0.16886152744387262,0.5775893254200312,-0.45344838477161975,-0.8308206152507625,1.1623251162006063,-0.321324951210302,0.5949900802437325,0.5623980594163804,-0.5110742556866182,-0.2232492627838835,0.3338528445058673,-1.3215066824082702,-0.2689430863441696,0.4884804613128587,-0.9343052624781247,0.557031208208624,-0.9108581521178962,0.4121363096211139,-0.32313234794130885,-0.7885398178627161,-1.0038102467813603,-0.06296831374084423,-0.21377098684610682,-0.39041888196864427,0.0976537194935112,0.11887915678672895,0.40545989467413135,0.7398505155147659,1.9399864497183286,0.555607619197734,-2.211513141202813,0.18973894546632578,-0.652253055272111,-0.3733393344945516,-0.0007140031105740685,-0.5006284350820334,-0.18159287831218252,-0.9221368202273752,0.31299035509540546,-1.3797099505735086,-2.162191317583865,-0.8605856887419241,-1.6363239486666896,-0.38500864639640076,-2.6162966091476427,0.46067573098042935,-0.3574460158266912,-1.6265403668630793,-0.5879645561283499,0.6365931595597089,-0.46176377563345683,0.10434432766277793,1.053998759155996,0.30876220032563884,0.9420361363104958,1.4919643357225152,-0.4181961666006155,-0.5146544903747068,-0.4539793011056644,-1.3198122967270824,-1.0982957233882842,0.5443238926429603,-1.7290015968960146,0.7913463634215474,1.3644892685217318,-0.9117061277475557,0.18818921635186908,0.04879873722537509,0.07919603901917902
-0.4882492450832161,-0.6408372525022823,0.11663209654075954,1.1974727239177065,0.8929628690746456,0.529966056167935,-0.05679557042912087,0.51725861666456,0.9761349255800302,-0.7771009184230275,1.3161254233357378,0.6106877096445646,0.8243096284523563,-0.6031381244537206,-0.20826067337133602,0.006387171846109818,0.06025257364767825,-1.0538829095015787,0.45588236441704255,0.42612514269993484,0.8571292920512115,-0.5265273242664639,0.8703966241557346,0.2314991987694286,-0.30094047492132514,0.46121036307594576,0.3992019899366241,1.3844083581376276,-1.2486827031230041,1.1067878000323617,-0.3178528138426615,2.4211518691697407,0.5022038554707665,-0.0655003484260971,0.4599860531744461,-0.04868535732527441,1.0605783568778797,0.40999789861594066,-0.33664788932300477,-0.23780031136412977,0.1835125472517033,-0.21099789849052292,-0.5304033367391665,-0.5960762343626319,-1.6698034265144648,-0.009893070657728941,0.24916061822716806,-1.3093276179508335,0.35356588368304365,0.03796725797935058,1.8707809677723461,0.8284085332589382,2.6723326625635675,2.1996995560412027,0.19916746697609938,-0.98683617548299,1.3969356821625847,-1.5465652991361045,-0.36706187205534496,0.366135739559699,0.8385849700251115,-1.6528094496641863,1.0302866231924903,0.3924816217490004,-1.8693500242126087,-1.0750737985030026,-0.003966311571289183,-1.0303780818655852,-1.2943646119652836,-0.3452244031784784,0.24823186200255654,0.09502949429683727,0.9194024037155952,2.0245227475896854,0.481939989086572,-0.25019590349993115,0.5900131690502546,0.49881908306614564,-0.67607084755288,-0.27433317083229186,0.42043279551502827,0.41011460809623784,0.4829825749235994,-0.9873575212963992,0.8280200467083336,1.1841800800657878,0.5818953784461259,0.12593921387551676,0.03948898320020103,-0.6034988489050173,0.39401346272507703,0.039342678582010626,-0.9770791035761568,-0.6327847269074143
-0.5631605395149258,-0.34968686978879504,-0.21846587636095016,0.060285093923640565,-0.47980401906488246,-2.2933148857464984,0.09308967629972524,-2.0620759783261473,-4.883189200127949,-3.2242530595270127,0.09749713508824859,-3.030752989807893,0.5008779566884043,-0.07464423795297331,1.3004089012209648,-2.3521282660297675,-1.2165036321964846,0.22034235153082402,0.054743708761157056,3.0697366264647084,0.23132317307526265,-0.02055018450668844,0.7720442775938827,3.3471702782208146,1.7253281534258387,0.7140999443009549,0.7694685467545053,0.5800202274586632,-0.39794186038259544,-2.3537792240663906,-0.4966170723977449,-0.7131841009927427,-1.9112537115903547,-1.757755729003988,-1.831239180362519,2.1507181788087397,1.5248182267990935,-0.38549971509751846,-0.5778972557963272,-0.8075434634701408,0.07966155365252331,-2.6726794537628398,-1.705877191320394,-2.740387082296909,-2.0247279963372353,0.2741154375589877,-1.949276412201752,-1.114634302176381,0.5332008487499764,0.3158263747393182,-1.5180297331492385,-0.15732096046132987,1.069077543993759,-0.04093664375076686,2.1737207667073917,1.1895470913088875,3.875501722557977,2.4990336065208743,-0.09151092766935458,2.8210552995954155,-1.6976215317142005,1.9151018156569435,1.1564998084413962,2.148493107670681,1.7369909387046867,0.4771070738790445,0.6010296077921964,0.22209524144180698,2.470812360209476,1.2631086559448612,0.1165366235722709,0.049364988056609715,-0.7058018041287909,0.3741507104124284,-0.02694402799296236,-0.4831699559474031,-0.23064392489247518,-2.386026481098452,-1.6558509081764323,-0.02768146672915957,2.2706395165210442,0.5479880661888532,-4.309809800307563,0.07026584109341291,-0.16832738651200171,-3.2252366674652255,0.43253034267916046,3.2405579233208774,0.4439948668922493,0.5299324631559406,0.9604841574492536,1.568105105388675,-3.7415254806104876,-1.1028468193126035
-0.6087397745340567,-0.7292949141694568,-0.41344792385287,-1.875418388247655,0.5838412517658724,-0.09100960511795353,-4.422421130775342,1.0632554484334493,-0.15290686245656837,-2.357431015707505,-1.909043874180823,0.08560793457529903,-0.7008138025752852,-0.764582405864423,0.8264633029867439,1.7944394988448369,-1.3002584990176016,-0.8875664474256391,-0.07422234723740079,-0.8597741738886078,-3.136960295898062,-0.521595762660724,0.2158458095050818,-1.5750199936867484,-1.7811477579605457,-0.8234040494005851,-0.7874606670236267,-0.5382398855153765,-0.5498522603809594,-0.5882381476371288,0.40617571278032194,0.5753613604468413,0.3599929870066284,0.4349353625237182,1.0991351198554207,0.39344696498979137,-0.4059382839444513,0.7606538155823446,0.5204879179988948,-0.6214734794698022,0.5732157409100587,-0.6925858787091395,-2.0655173553944826,0.44134935690937105,0.09077944884237826,0.5035960126288858,-2.3021299155175305,0.5304408251163393,0.31107981009806707,-1.808561108789417,-0.15454857993775917,-0.512371719323569,-1.9757742149955675,-0.1124563809687773,-1.8351198010480663,-0.6842121443431161,0.1860116787275058,1.140470837798737,-0.4243957094540862,0.7354097199181615,-0.6450748286556763,1.0019835794200052,1.0807432119590645,1.1692939231116266,1.3966945242330824,-0.40138528103084004,3.121676688167475,-1.4356488976749568,-0.42019582915900255,2.3553931904534258,-0.064180792050619,0.8166326299511295,0.8555367366018465,-1.0094968888226523,-3.693523870448385,0.5680569061892949,0.37918990896216803,-0.22542290206160343,-1.3996221190134406,0.2690243609557721,-1.5259788244689725,-0.6898139559948276,2.341366205161404,-0.18813549814663566,0.19104519957248267,2.7883516844615803,-0.12799748760257657,0.1310100494509816,-0.3719837041423508,-1.1069813525721344,-1.0543733295158928,-2.342489695085174,-0.9392468908197087,-1.5374321295883908
1.3534006365367026,-0.8262275761040683,-0.3474105145823768,1.245819159114947,1.52107092348248,-0.2006991392242441,0.17145586233091215,-0.5258666919931022,0.15144953599340716,-1.3837388507447008,-2.6978335994703446,-0.4256388799532751,-0.5044210274019651,0.8131611546941679,-0.815121687404301,-1.6418138249431786,0.6525200125836433,1.7912439688400312,3.300446719772474,1.0435699523527964,0.15167726935181958,1.7761636081827867,0.40094200744752895,0.150009712127954,0.4552024098243455,0.24999592049069763,2.4987162439867774,-1.1079789852901423,-1.4085384381740709,-0.19543511994380847,-1.6358446832208304,1.9118645724294538,-0.6201941273117382,-0.62059391671766,1.0133668530818603,-0.4275594089594227,0.7286943648829963,2.062565115510333,0.8341868203372815,-0.7677042800897838,-0.23164578987506967,1.8955938139260389,1.3426234418919674,0.5463940520385161,-1.2269474091318855,-0.7217398679365533,-1.5432700687262235,-0.8884107350681592,0.586641291847181,1.8374752398671468,1.0341711888538052,-0.3044440118540521,1.5937058813404281,-0.5084227031415463,4.117872418305752,0.3553401430726083,-1.5145666884744076,-1.1175134458114704,1.4533400408932375,0.02259144747547115,0.33587839291543353,-1.0960366695493167,-0.18293398830413393,0.004119681821488919,2.5416501271905685,1.7009637142868212,1.2592803250676818,-1.6604912130410636,0.19097772407521488,-0.4784124203738237,-0.7674309846496438,0.10021039111434177,-1.202700072865516,1.08668717823475,1.0928352112857382,0.580819629026965,-0.3235793828955528,2.137041249225423,0.402626552362224,0.5904896742433539,-0.5222130160354688,-0.08327115240502807,-0.5030052478541991,0.08600208655316603,1.2820893907390318,0.3456173569532122,-0.9940199862253559,1.0848197235012478,-0.055443651327106824,1.1362774368070783,-0.13543390454506476,-0.24211564330256546,1.0026781440226693,1.4179592340212277
4.368480994559428,-4.419665413128599,-0.5652275877144428,1.4026226683968117,1.2928342107771107,0.8103063429160463,0.36994626460985014,-2.05254438796991,-0.4828247334316727,-0.0034009326114851704,0.27593887498595776,-1.4974234269899669,0.362679418001316,3.2484262596295217,-0.15335475595737658,-2.8443247017881768,0.9617300255189489,2.3261647076997956,1.2109258287278715,-1.5252893924269886,0.2261643706206063,1.2721759757006532,-0.29085930232187135,-1.8116683345206641,0.16481289390850215,-1.6172930135020858,1.6520837002537716,-2.137538973505928,-0.6647313681770183,-0.06451047667552405,-1.3693507783546477,1.6966949103450744,-2.2568384731335125,-2.8682934936641953,-2.3990076461669796,-2.7628859041424176,-0.5766768954285888,2.8079996146364126,-0.7116316406404555,0.9516906112543458,-1.6077334751909431,-1.229622291687036,1.2994391735374773,-0.503834892623037,0.31384022763618713,3.0765409585244257,-0.07688915081437372,-1.105372585271849,0.04355396187203808,1.9613384543347085,-0.7336804952572571,-1.3577507353322074,-0.11744803775030066,-1.0287287704109336,-0.1456247229723977,0.8187147911198118,-3.7017337183059165,0.5096699941418035,2.0487741517584226,-0.9847306403887992,-0.0868616279335275,1.6868415673104913,-1.2558097857209265,-2.625586133544015,-1.8402576867906073,-0.47564076266948774,-0.6699611985812088,0.20513237257786454,-1.2826804233346796,-1.7758744518439504,-1.8821126439319804,0.7727495362627743,-0.3898188780743588,-0.9771876065328964,-1.4316961232940664,-1.630560829325001,0.03699836981706251,1.8213727993004762,0.3108108781011949,0.45462942902212355,0.8633058700299556,-0.12067110232283627,0.031634068323189435,0.33501637118689914,3.285326362424132,-0.852831717203919,-0.4495467064084574,-1.5271042361054747,-0.22710149585950382,0.45427388965151133,-0.5957532099706214,0.4719305492634089,-0.0785717894085094,-1.3531976653071482
-2.1050749560120083,3.443277723750851,-0.3057158051930565,-1.7417828314331456,-3.1704676514405348,-0.6282482957831383,-1.8289057329798282,2.5117144477666864,1.5566577952848448,-0.4547214554570831,1.8968196085135935,2.06053142194028,2.0863945324184945,-1.4351514472409193,-0.255193262630911,2.7343499330480747,-0.40722943489972985,-0.33182852909851945,0.4424084069479219,0.023331936342185167,-2.2079785687691027,-0.4551894919296872,-0.36607675692267344,0.7957277464173981,-0.4923692718480213,-0.026194446858364917,-1.7392807909495527,-0.6973279628068114,1.0339286894837503,-0.2251451274992742,2.7674770953307384,-1.6806548718746603,1.2699898239165823,0.08666120240579356,1.2915378910451314,1.345287056875763,-1.1810402052976763,-2.0662230224069695,-0.30259501723831933,-0.912382178645518,0.9659638451637927,2.0530741305422824,-0.22514688186850584,1.4567047893051948,-0.15712498368113542,1.328320123100192,1.155326004636173,0.9086620952623929,0.14905106017517789,-3.3101793072898182,1.31300919121169,0.46331749079972095,-3.0863458732690052,0.34209218751019543,-2.0232332210613713,-0.16100838751085483,0.38664010056049647,-1.459578556642847,-2.454500199837299,0.47718154019157333,-1.731157133125893,0.026793880068445075,-1.0029060748182088,-0.5872291564264034,1.2404225580819888,-0.7453233229787264,0.634339615699319,1.718432728268442,2.004645310828666,-0.1011734345699189,-0.5481119303086346,0.656258981691647,0.6804119721617454,0.8309625368276686,0.06776190828093444,-0.533995128516122,-0.5789972584417847,-0.34859610662214535,0.27778690944604467,-0.09029765887312267,-1.8595836250005982,1.221855110034655,1.278537841550473,-0.6329950048650601,-0.7380992200379866,1.2234649527586168,0.058054374188676205,2.4410447623628206,0.3773274340931534,-0.7028566184638521,0.780165421908606,0.6549636422408422,0.46114674794858,1.5787766144551605
0.3245259905306072,-0.5903579586353628,-0.2986156881492272,0.14777104716228373,0.8642557269351507,-0.7603610643029506,-0.3103353186533082,-2.7397124066945935,-3.0932088130963904,0.15115128951825946,-0.5436699255157935,-1.4216717231376708,0.7856161649810685,-0.10680217121354449,-1.2206030323241834,-1.9842571413146115,0.08475635309161392,0.8553050169761185,0.3024474699480167,1.6915507192296766,1.255946085417526,1.5475307883678107,1.2468641907389884,0.6550398489184542,1.48871904817433,-0.09186473431861553,0.602643433713462,0.9468545912445716,-0.1832547143188629,0.2770991866172343,-0.13744512743896015,0.7371327266027734,0.14491364952885613,-1.0927785475098184,-0.6558659374789223,-0.3623333614024313,0.20270677719844923,0.5286110875114218,0.09137476663673527,-1.1029440355424631,-2.1639602275771335,-1.449345879656716,1.2616993877963252,0.010950906264117544,-0.7857363219271258,-0.3112450406671422,-0.8323280086405245,-2.007109282912259,-0.0669912297913347,2.4895205725850156,-1.8199053041320876,1.1271877856882238,1.9334458348099273,1.014314740198128,1.591560286533467,0.8609656567393522,-0.026777118405685973,1.4581922432219074,0.028561279423507613,-0.3345103182414435,-1.400176009745362,1.5238858013274421,0.11823114366997184,0.015257097221059918,-0.5765656025398612,-0.5799470340370826,-0.4032604958356232,-1.4732566710619968,-0.1978167480723647,-0.9416307236708463,-1.0016590560103507,-0.5208776342851578,0.1551672555258803,0.7018003068198813,0.5404306998358472,1.3011088991233184,-0.8292339638997559,2.077058930981333,1.2550505015776665,0.5154378717882275,-1.876509391695548,-0.8949875593462895,-2.2895609542923325,0.4411112265288219,0.10920729569556904,-2.653215168797325,-0.7818577528748729,0.18521220252968196,-0.912051266955568,0.19410283097067157,-0.5741475804055436,0.8532380520620503,0.884843695372963,0.6469701182392107
-1.2132982152446896,1.9374077595966717,-0.3674533291345771,-0.8780651546204961,-1.5025108448411368,1.8919971429073132,-0.538226246018582,-0.8841916311047369,1.0652329931813393,-0.7536579766086644,-0.3439998058838236,0.5281992544688149,-0.06645068477812371,-0.7891587146212572,0.3113078057557408,1.4710019105015568,-0.30995394770811324,-1.7365629271131766,-0.7640411354768631,-0.8874905427305819,-2.5684241001678467,-0.5118375760005786,-0.5449480379701735,0.40952713762116255,-0.27282052508227705,-0.02296509405490658,0.45751293609731947,1.7796303272362708,0.5815040065352725,-0.5280206670319105,1.8925605368264828,-1.8205116060137692,1.2673042652773459,-1.3056247496921654,1.49762802501261,-0.531375952145758,0.7983706464760658,-0.28130229478702085,1.2661865519845479,0.3019336650722484,0.1944540285203976,0.09653909504521829,0.8237469861908957,-0.6850175928405147,0.45963962668912417,-0.17486171583638693,0.7418826283776754,1.3015973726096175,0.5837127402262968,-1.2487961453193712,0.17023963219651603,0.0023149574815835017,0.6831903138241864,-1.8726016031716406,-0.40280955784076644,0.40104800551945274,0.6108877688764253,-0.3145485914182041,-0.4126481783600108,-0.09398071805464447,1.194809082382142,0.9821829853497448,2.3748964527027496,0.6758579265527209,1.0450289331260894,-0.6555417557602292,-0.3827317000736382,-0.34683422093911087,0.2868330071002893,0.9735241548434646,0.44906506960217557,-0.47264667468842086,0.3026732816865675,0.7330668807313303,-0.33012837655626764,0.0026832508332937377,-0.9188570139637562,-0.5576436727595124,0.8939626845740338,-0.12568058721995673,0.17549218930338495,-0.0331511231408977,1.6438634868628978,-0.5776949107835482,-1.3563239708320134,2.0450520999929047,0.3094236865583241,-0.01366761620211071,0.71828751189057,-0.13746603241229383,-0.16803411709886906,-0.5635720136455618,1.7130617958721024,-0.15235441300028835
-0.8716899309782794,2.678634194033328,0.318975438962931,-0.1393755673214852,-0.8881368663595447,-2.294698154095893,0.5441717149638888,-0.3569340964035376,-1.5742136700541551,0.8759627092609534,1.4830273941005543,-1.2110880790672547,-1.1097505993951118,0.17266772310492962,0.5068259619825946,-1.1991339406557904,-0.17561388145039503,-0.46697206072892417,-0.49595924869242153,1.9817618544095252,1.3937109100169787,0.4076152740196385,0.09967203273016889,1.2139732387087523,1.305379672582319,0.8849740593250464,-0.22779803678433244,0.9919393575327942,-1.493890241806962,0.5646014358244185,-0.44171869338893566,-0.02385340326301738,0.44599358414961254,0.02824139885703769,-0.3500017546956651,-0.3603734922405531,0.035182189381099266,-0.8847693127418308,-1.7190217486722263,-1.6860979076571652,-0.1560626861780326,-0.15885924735930784,0.8751034166651872,1.3006149648343792,-1.5217864453950616,-0.7062903502283049,-0.914140805141516,-1.119584577573412,0.8740973134967476,-1.6399777173310235,-2.358717252058988,1.65692694925612,2.3259912008104857,1.4530043028954103,-0.7172233359345138,-0.9134124508896833,0.012719096452401268,-0.8463869605744399,-1.5304644516195687,-1.0224351743140725,2.3240582312122324,-0.631497635822249,0.28439478234114696,0.4944907415957277,0.7020987681163569,-0.8723477819863883,0.24042672903778836,-1.2068101494736507,-1.678708671024483,0.28327818582524594,1.6165666592062902,0.22547953152052064,-0.8043866306142858,0.17144320648337394,1.1409729266541617,-0.963358466607528,-0.23571416154886404,1.2225286111006484,0.35909217848343233,-0.4287216994148916,-0.8540264659957464,-0.2615299391624225,-1.1803033943665873,-1.3762522485238673,-0.06353540020908616,-1.1634445329049137,1.2228223884933729,1.2712873932954036,-0.13115967502600775,-0.9433019028075321,-0.2540884988449348,1.7461717237872652,-1.1867277570012802,0.39812799705321456
-0.4611971534578232,-0.8432213746298484,-0.014110861176359686,0.08744134323645278,-0.2285588150754558,-1.1674858381044622,1.6301193934846678,0.8801006917497084,1.8443052614037825,1.391176816921444,-0.1134497649884546,-1.4756964566753377,0.5912497889286314,-0.20348608615473895,0.42962256651293407,0.10309525935504366,-0.12488379541498319,-0.32522439918757146,0.06076676431627687,1.6559394312733036,0.29224503570806765,-0.7941595223076301,2.308123542520524,-0.4455652027148205,1.1982255852363344,1.1504840675143153,-0.16773299844983997,1.1363935384743062,-0.32197398725666704,0.6817578127879234,0.9031758928496751,-0.5519189701341572,-0.33102950480844534,-0.13429117395731494,-1.0778634911699747,1.120320140137701,0.11832418402737,1.5459665171367596,0.5694454248611956,-0.7941780748504393,0.9040364118999992,-1.5056914866997042,0.5854565217645851,-1.885262831973187,-0.8609897975140715,0.6825873567299964,-1.7671538790199284,-1.3299326348123541,-1.01709936482968,1.2135498051036748,0.21627890397947735,-0.08607299398469337,2.002658745219476,2.695871963528589,-0.9641583212075737,0.6591953350342207,1.0077698502653485,-0.38823636878211193,-1.2704353392171706,-0.10278789131358257,-0.43523735391516505,0.007498711682455639,0.2015992815004665,0.006415112533962336,-0.05954509594584012,-0.5720585709717886,-0.7494488286242902,-0.5501482711694208,-0.8555247429577014,-0.773094662797281,-0.32034048789184344,0.36075122802681836,0.4910078717879319,-0.42332849262830713,1.0639042809135768,-0.4484151496186463,1.2280127634858424,-0.45443960315819165,0.08199068113473185,0.27825959134610273,1.83829787338174,0.6523125528178424,-0.4560412729427849,1.8963472378977,-0.19148265809858606,0.06156467508552646,0.1647367708834021,-1.3498928212843047,0.1846925102026447,-0.15891074069479483,-1.386782422598448,-0.13364203495807284,0.9978611056073176,0.03854112254680736
-0.066202885377753,0.2800731159365851,0.3611498361757826,-0.6577108978027081,0.28979439801111145,1.485981117580835,-0.3418546271148845,1.2635559688588236,0.3150692893519961,-1.0838667911031594,-1.0603924736704802,-0.6659084179923488,0.023702861487199245,0.33177873799480934,-0.7314356015395207,-1.4882002057121695,-0.5853682252514888,0.17428316298141835,0.5534455328238745,0.7231415041094413,-0.10637318279785465,-1.1632370680876662,0.3167871918301295,-0.6142815162090155,-0.4637084997345073,0.3507430228826971,-1.0400729612114727,1.388469319619944,0.1035497432813054,-0.6310671553893505,0.30373394443413576,0.9874478408705332,1.2748036344845934,-1.1512937119398028,0.8957903996308013,0.5697359377966937,0.18055242645333036,-0.7030706685862037,-0.08976604741524047,-0.14208254454756442,-0.49692939696683747,0.17781410537996617,-0.590086634241113,0.04537815507663892,-0.4971337166715525,-0.13826936670934953,1.85163782486917,0.15803853837868623,0.5661255869177381,-0.6834765558381055,-1.2190684203672708,-0.5253018552283067,-0.8013353761247707,0.36123250727146017,0.6128299477941642,1.355616748637169,0.19659468381376222,1.7946654403937905,-2.160942604495454,0.5859211257971332,-0.887368259842664,1.3153909804416506,0.5801533750623871,0.40153100098202776,0.29404815356444347,0.7969335185364933,1.830767275856214,-1.0337567821342224,0.9945152263219557,0.5186395120759645,-1.0988363864365391,0.3387079284150033,-0.6049683024647485,0.16427963681646993,0.4478106968212172,-1.1802191138934404,-0.011570071313889606,-0.021896261481448853,-0.5609407174037602,-0.2901226299255093,1.2166648207699744,0.37461829250133466,0.5033773596644151,-0.9411565861405109,-0.5249425656729209,0.6870852366716822,0.25502479658318733,0.2921020820972541,0.26600427792531883,-0.32212713528134,0.2342860151563093,-0.6716690810571473,1.8617242771942708,-0.6016669091322189
-1.194052819967963,0.2375245389043404,-0.06539981326790702,-0.34868961739856597,-0.21096619612105807,-1.0821973450397893,-6.987557371995101,0.25910301621374726,1.5864770166931592,-1.844708784696378,1.2375168984224776,1.5108472969621582,0.7907230416679067,-1.6987362919039435,0.01911193530823358,0.7982596314502395,-1.2403255992326994,-0.6902132044241253,-0.8656914716831419,-3.224196600276482,-5.969573444091252,-0.9031381976198076,-3.1057139980375252,-5.4463739315612285,-3.688340988660676,-2.4839179759800984,0.051132770117625514,-4.337442734719216,0.4549351941126505,-1.3597287847048871,-1.1307369726874463,-1.1154585306725786,-0.7060371774867884,1.12353924034296,-0.12632103041234188,-2.4076281484933792,-2.051483426964001,-0.9040410685243074,1.5989212077970492,0.6891865146291374,1.8026644980394764,-0.6786354266481178,-0.4240576405986718,0.14367386087663292,2.9271499521192346,3.270120234245052,0.14825435089519923,1.890825541543892,-1.872114575208522,1.8176476048506842,2.4097594927339046,-2.272553813921051,-4.095142466499616,-5.351884067557103,-5.183512211642761,0.704456106092652,1.2821087055427154,-1.6313136260060705,-0.8291036275702744,2.9067635841292487,-0.9785532936680295,0.12912167580237133,0.9137145999485945,1.312238844018102,0.32136241268618926,-0.6565479200459491,2.0822417232620016,-1.0772068761560543,0.07048176259311989,3.4238064342574512,-0.10165869602737443,0.8849544586350337,1.510773484924832,0.9650442653559994,-4.544033667462904,-1.258429576061509,-0.15732901805116262,0.670433245556837,-1.081742844304409,-0.6743057349531364,-0.7301350271597649,0.1932067139784441,2.8439677597614583,-1.1203352408905922,-0.05920552625899167,3.340662308660403,-0.833601286646628,-1.42301302783257,-0.7347152071156066,0.9058272348618982,1.048993879584676,-1.7669353625797548,-1.1536526783046852,-1.4252184190346324
2.239580664082616,-1.5972522761875196,-0.7290064897192559,0.31317396486707083,1.5178784573582653,1.8815570553800502,0.9665102097964785,-0.9734895839761937,0.3092017571725641,2.308085461773559,-0.7601164184376492,-1.0802854730180422,-0.7173347108133687,1.8773081201021622,0.43055495559219814,-0.8211961123530064,1.2291705576673109,1.0599524067162704,0.0183205924302831,-0.24930800208413395,-0.9902351261963813,0.6599061071764663,-1.753341215094364,-2.4615759205248446,-0.7230623839041772,0.014229182382191008,0.2565463389603844,-1.2815059946556926,-1.0486596668303516,1.0721118159724148,-2.853708532827512,0.9434510946986846,-1.5852854719124894,0.5452758106309117,-0.15072627314396528,1.0906996708546688,1.1586363389625,1.4401936332209844,-1.3418255966263988,0.5067933751254732,-1.005565966603419,-1.289095695809337,0.7789286162031713,2.6258493460775183,0.3495807320529868,0.039723812271775405,-0.8977131893398416,1.205928475109657,0.12255055602173992,2.2284146946097407,1.4643418410969762,-1.0061968885461443,-1.4928456658342955,-1.3267744883304442,-0.5278668956186208,0.38678749360813575,-2.624129006741378,0.8217594434967026,-0.28605626044689336,-1.9268400914842856,-0.46912743272757995,1.4536891613728862,-0.4827529087361512,-0.6403160756204467,-0.4241912153397869,-2.1257515936068154,-1.240836045050112,-2.1228236732973613,-2.48872291855385,-0.3044302902048448,1.105454746735691,-0.8719872063576712,0.9811493229059622,-0.8126727243682942,0.9174782958048024,0.45390762785013256,1.0453004451754153,-1.0825142217453363,-0.0474864045290323,-0.9991357384485472,0.42908052444712397,0.35291921733719206,1.1671428385230993,0.8991182863204534,0.087923754256792,1.810872877501828,0.9061606156445404,-3.4104580029496456,-0.13348672045641796,-0.912272069982557,-0.751143063570351,-1.7100532697522657,1.0280442940915298,-1.6533653027531872
-0.4447575586490345,0.3271780055486048,0.32826030893810476,0.7709038613154046,1.0211049343239633,0.20431015917764297,-0.8951659337986011,1.2697100995275696,-1.8879776015079142,-0.3047576898710622,0.8706288685201935,1.4716786708642968,-1.5864157613555991,-0.6300482829152401,0.2794823590694479,1.236450870010518,0.14841044697520298,0.8854833700119584,1.2935503698812716,3.197224620212904,1.121663080207522,0.20490101826506055,1.1573188415736482,2.436812046896673,1.8585752806515128,0.28023296785407764,-0.6963570892347208,1.2060924612630848,-0.5903848269345184,0.659391273298854,-0.14618576269704675,0.21044459824350137,0.287179603335166,-0.3359351828523932,-0.7607856142063827,1.2976280230986215,0.2384078243607475,1.3931958796776724,-0.6392438173995187,1.305113429293856,0.11690109995421027,0.25718869543738454,1.776693735949613,0.45841036425017845,-1.6403860420723937,-0.712310923375509,0.5887848583350819,-0.07672455517890586,1.1747222993913706,-2.401288037814277,-1.3022766410674755,1.781204418322009,2.177854474998288,2.7031189054744886,0.8801829676063346,-1.9712178915374539,-1.9922650991341233,-1.7017769094584931,-1.3530608314622838,-2.365534732820279,4.365249998894226,-3.6400296669837777,-0.8818380229109675,-2.830101388710675,1.300613633947952,-0.36904898465242975,0.7893124393899977,-0.3101223171354788,1.0591290222810554,3.1579675178668056,-1.3650805365282201,1.489513439268621,1.2494179065349562,-0.11402665054825012,2.546606881323185,-0.9199103924096108,2.1060124145694843,0.5242958331629074,1.176928167272117,0.212174283392349,-2.3282412222517967,0.5759957898535217,0.3866092338142471,-0.4106781326743772,-0.8127906932481616,-0.978674161600094,-1.0068326180134721,1.1405902866850202,0.0014047973235221326,-0.8950728880287426,-1.1138290683986156,0.1385827271855769,-0.16934405549405063,-0.7408252898738297
-1.5270925364182537,0.1890850961512931,-0.3199265229994638,-0.9709095902015625,-1.2274421530977413,-2.3405842455306916,-1.8316385213295032,0.36331495765103894,-0.23855680185750205,-0.028170212084588808,-2.54814689122467,-0.9032504409256367,-1.6880360309679232,-0.5004060710240733,0.7064625469229898,3.8219114498255005,-0.46539812864313734,-0.8490026219347159,-1.0436319176652054,-1.1958043910410185,-2.516394576682287,0.7004343513165995,-0.2748646819081415,-1.3433514855544306,-0.8182578355080314,-0.48411438186206934,-1.0315649404073788,0.7248977042750699,0.6707129560405999,0.9928310281221153,0.03247686369164049,-1.055950835434344,1.187724643855593,1.2337942418011978,-0.4381597341329979,1.5121323190229627,0.6836633358201343,-0.4323324015323721,-1.1726267472069098,-1.8249284486791768,-0.14936355141780688,0.41054993754699726,-1.87033483772031,-0.19092012108683254,1.2188076190877093,-2.8841643855712586,-0.5798211081095201,0.1726281204188073,-1.1993293220541856,-0.7420032447608554,-0.40897748135158096,-0.2706099387417856,0.9597758905877605,-1.0531662987356087,-2.3890399762678363,1.4106877107551279,1.5326102669980082,-0.785342625893792,1.6736993159009306,-0.3153851730397321,-2.4257720841282246,0.49021867496733185,0.3628944108253733,2.2323647306396914,1.9161688924421794,-2.6334663854637976,-0.7156394517491711,-0.10985492177901168,-0.27306001083984877,0.4017996234812784,2.864957737136102,1.7908566647150885,0.47555382845512706,0.022129999306320813,1.4504373035635494,0.39750341156544455,0.12375218982272702,1.6449236365639204,-1.3974092948531713,-0.3549658746053231,-0.18718556473685322,-0.27551565574260756,1.3703450338811347,-0.844767667484674,0.007947950776221235,2.8251050460199973,2.611857786836302,-0.9489201492659438,0.2245803120324156,0.2546736336688592,0.9017043139038584,-0.9892725106526168,1.289992681339795,0.9219932515379372
-2.68785346188758e-16,-0.15870264446144167,-0.35479161589877334,-5.104036814309941,-2.5569550138592927,2.530283957307043,-0.5860532431628128,-2.24528479207725,0.8424848650806506,-0.3116399746872494,0.767212500601975,1.6294192563969432,-1.1430437225190335,-1.681731609057036,-4.4070827481636075,-0.0154482394315715,2.0616316720319334,3.365439579001162,-2.2046764961191303,-1.0382236149835777,-0.04639681928678166,-3.0560214508671173,-1.209153519698475,0.059479443700076046,-1.8805380694125118,-2.67162018069195,-3.316156386340721,-0.36888439837555204,-1.067940876076131,-0.15600084552942273,0.49630245165602216,-3.8024827617691974,4.530626885716125,0.9411234499734342,-0.1348729365692501,-5.949390670753692,2.779197243070437,1.355672997055002,-0.9584631723736862,7.530232843674797,-1.6259709724804148,0.444782436115558,0.1547024951161881,-2.567388614662775,1.415098463950047,-0.6025348770795314,0.7533232117521925,2.996236136025634,6.88541063979146,0.4813179066802465,0.8325477259019324,-1.2898305066230031,0.24422083717653773,1.3643909925874855,0.1262858984691536,4.6013529734982095,1.0261971951577125,4.504653192518125,3.9247522940776967,-1.4516530251081392,-1.9826664521898727,-0.9022484326798086,-4.187953891816318,0.10323001380433394,1.173342253962434,-1.631167554282505,3.622345860997426,3.2570088171890945,3.5333258559767193,-0.5311944290881357,-3.6622986157952813,-1.6294586095163646,6.992292130560337,7.253234543710449,0.28872028111323017,6.1080376576145285,6.850988707912432,1.5858233701840945,-0.6882213811198971,-8.478570716888573,0.17928234764009654,-2.224277705447231,-0.46434770416330406,-1.4700474601604208,-0.7137562958083876,0.13924352320587538,4.714018181193464,0.34855820234623575,8.11838365250275,2.7144771392904996,5.567139538747651,1.4205443594479732,-0.39067748365839083,2.8819734516721986
-2.68785346188758e-16,-1.191584626281296,-2.053781326602462,0.14979587062043484,-0.7882435495520556,1.982044972761317,-0.7526312098037219,-0.500088893631673,1.036676019272584,-0.7211672015574013,0.15514579146089502,-1.467678146443202,-0.7063427943969607,3.196983926396367,-0.10847845484621293,-0.5931124402652204,0.3696417912295016,-0.46441164491006315,0.9017371863407466,1.9049268400902504,-0.28240868521729684,1.553326252272352,0.567028863360852,0.30373695760795527,1.3360190252639197,3.3852053614193127,-0.230473700698825,-1.0001264750381047,1.1577259173066718,-0.7053956701820621,-1.106042414945509,-0.72518554967402,-1.2255118166472183,-1.108075857285367,-0.2151964198352041,-2.741754937018086,-0.3551020192018385,-3.2192905587926695,-2.568308888704859,2.161042326112569,1.8509329450822913,0.7777617701232825,1.6146848473592716,-0.6048238103746681,-0.10119381148563733,-0.3028330461481442,0.02628482198638709,-0.8984301770950995,-1.1387429234761561,0.44016484340745965,1.2499466981726899,0.6847344349239151,0.3825290123943251,-0.046979958140738166,1.1024410968172196,0.9050895571982407,0.2140530490227901,-0.1456052024566168,1.7048142360147285,-1.5000255615254008,1.8679429360719748,-2.2811395984016754,2.6114149279352765,-1.380352049042461,-2.108418026599931,-0.06977613334550611,0.0029289492547255325,0.4221180067977065,-1.6179252280648715,0.19877601666671565,-0.7244668612155201,-2.916474668925765,-0.37145823347820983,0.47600758501538876,1.3351915803783876,2.1437212922671494,1.4996057200676414,1.508103863198028,-0.2918294454780627,1.6798057096647745,1.8653505452831491,3.228552653651187,-0.009185864476488559,1.063001423408684,1.6621005241787112,0.0447078227476536,0.9203593936585542,-0.5773251862537851,0.14687079459759844,0.7252022423912721,1.229491907595211,0.19536195888119912,2.1659837766101497,0.3253874701686026
-2.68785346188758e-16,-1.4204136505068177,-0.919014489610678,0.2469374556310796,-0.8409353356260221,1.7363378975128239,-1.380982732676717,0.2345445505195607,-1.2537992922095964,-0.10241095373388787,-0.8350319151136005,0.13070445005257264,-0.8575254324708512,1.9428452413530963,0.267925482908022,-0.8013411332791894,0.2559263445538759,-0.12102580857326302,0.7862016999068562,0.7259109002218656,-0.6191490398854886,0.6907234551045776,0.4885198233602238,-0.960895617313855,0.6143586467125107,0.2200362062714497,0.20544110180193148,0.6554920665180087,-1.2386332520667762,-3.6014117544053956,0.33963477685126525,-0.5932387520859176,-0.673968791916828,0.07588914733516716,-0.9464569706888286,1.3517707121058755,2.458923256443245,-0.39991649993353473,-0.049513453007855646,0.2797438547265953,0.10497546098711402,2.1440781860361655,-0.3958445061747624,0.7390633686914384,-0.7776121478598587,-1.3293081269661151,0.07501000355697032,-0.4840932516801534,-0.9214295733279472,0.33280186596425826,-2.5468854551735807,0.8662883603617614,-0.5855711899904522,1.3458394191655476,-0.8688675549226276,-1.331455362003469,-1.092184545478453,-1.1660355886987672,-1.5852571121523187,0.08303505668559513,0.2578429432866201,-0.09291734601199153,0.2762354528944062,-0.4955685505533054,0.24491183428233104,1.3362704062370045,1.2205997048616526,0.47169974509861123,0.8740136447905626,-0.14886361638323875,1.962289465940136,-1.1008700777224378,-1.971367943042339,-1.0512615219304997,-0.8726253385204614,0.6185827344288247,0.2550478162546038,0.9661261538853179,-0.279381163708877,0.6797321976635671,-0.8772085211483922,1.7119963658889399,0.3082384783844307,1.583295311889518,-0.2610719497659073,0.28827704284373634,-0.6596695833173972,-0.012291956049329917,-0.6008168130360554,-0.5301427982858922,-0.8119018255773922,0.6348872466617743,-0.12784194528970072,0.9438661668378595
-2.68785346188758e-16,-0.5278897591624931,-0.1427747731071235,-1.2697702633563297,0.6358390806166965,-1.1378824077405338,0.0248748395825003,0.3548176097874699,1.1218898979301253,-0.5836771657394424,0.10046276712568242,0.11471881124182337,2.1320207320920117,1.3788052967074593,0.37548234818006965,0.2712409354770347,-0.9739322393492997,0.7700017491677815,0.596645422912941,0.7549523476991338,-0.3572784260095295,0.3113126726214802,-0.448582107173329,-0.09287367196043068,-0.15548743384132507,0.8153467988141878,-0.8267717562047214,-0.3221978133236752,-0.3999088705313497,-2.7466472448867285,-0.2913440891423586,-0.3298075924982973,-0.8776058539246142,-0.23542965560834878,0.8062962013617528,-1.5825418378200071,-0.27564178355291513,-0.5758298703788696,0.5336171083489214,-0.5956826689929247,-1.3288684216911943,-0.6442554535516914,-2.252975785792961,-0.3652849592259384,-1.5838775624661074,0.08926307657463059,0.7913856187247592,-1.0419649973178466,0.931759666997381,0.8789148668742945,-0.10944178777618768,-0.6000749321594536,0.834174312962523,-0.017789747860442674,0.4263134347776547,0.4725701766779419,0.7251643918204541,-0.06859261424083729,2.2407166150435955,-1.037100167001963,0.547725340696797,1.1728033969840819,-1.5491670277865202,0.8466315445446183,0.8669604631047437,1.5631194943393556,1.0453030291957075,-0.22726587751083313,-0.42012070796440865,-0.06956990154673903,-0.9389859636694483,0.7000492768469853,-0.6795487047969183,0.26469251221380374,-0.1623745771482813,-0.5162066720256451,-0.08538241033136748,-0.6410688417045995,0.1224891982293761,1.4696556804796743,0.5219510552125501,2.1130086146490896,1.0978724261729198,-0.730972524344135,1.022436020751448,-0.2731659590967643,-0.4896759379567187,-0.6248152730170344,0.670603697016037,-0.15299911832203217,-0.34097085493106233,0.6028932750809934,-0.6203115401851644,0.38749990916830446
-2.68785346188758e-16,-0.5201605837444971,-0.8808558054806856,0.19372650891666493,-0.3527835759582225,0.5504501160673275,0.8405887275355739,-1.919708546865629,-0.6610695116366503,-0.8482138495261522,0.12267335894683508,-2.386869430750611,-0.8125883880023543,1.106360259136637,1.7456206169891542,-0.5869825888513621,0.901863113633951,0.4247878978536309,-1.347172936642836,1.7551193828622391,0.26937370292318447,0.2966431992721374,1.0559404318641967,1.1416458919955244,0.6249753841432637,2.6026961817580214,0.2017014505109218,-0.5531999389145617,-1.129465820070709,-2.537143550839527,0.032946871802111755,0.07565754855424073,-0.22446161416012542,-0.7367186469804952,-0.20729192843610672,-0.2631751699504623,-1.2372453641312422,0.9851046249027771,0.07410342321814922,0.5211626863173183,-1.0596003099561144,-0.6185463766377477,-1.2190837071437002,-1.8669940360388568,-0.22374375636883054,-0.04094011191304103,0.12547778261036524,-0.31706859488785877,-0.02197463470423605,-0.9789133864267721,-0.04792466965888781,0.6539673883260151,-0.18971256473655188,-1.3778883994116973,-0.907360278661788,0.936233826748933,-0.5224172471573292,0.2575664708271057,1.7091509744146343,0.19804314780609067,0.3638033203861599,1.1204582889894807,-0.18343349567004186,-1.022366731717402,-0.9988374462922169,-0.14049785331275028,-0.8905349779437286,0.6036282364643129,-1.4153581323471565,0.08086101757799238,0.1693519955957346,0.38847430746556544,-0.020480881809253337,0.6346953180449393,-0.47727077577725624,1.0966735424350498,-0.33654203014053796,0.2177209356023157,0.3000425132971694,-0.6530126257916171,0.04215187971017542,0.6755459352364683,-0.7246461569929677,0.307509901234662,-0.987525114828151,0.2064184715725265,-1.4129001050092165,-0.2544900686358431,-0.4658807460428458,-0.5408319897631807,0.5831953985318783,0.43072798789051003,0.9199934440692519,0.5970612899371596
-2.68785346188758e-16,-0.9108315798881379,0.8598306133865534,0.30955765616279407,0.9745775066682425,-1.629871804225912,-1.0271129153201572,-1.8744220382086687,2.918534257824848,0.5701741238487695,-0.2193090120511653,1.2017753308295671,1.3383077566346036,-0.9512271699637902,2.34850424200544,-0.5609699031744202,-1.8241270993158667,-1.1992865661656236,-1.725805870209429,-1.617116602769682,0.2719897180407665,-1.050875331585281,-1.9985016748091753,-0.27370385602828046,-1.5059500924954028,-1.7233645013434502,-1.3946050114241704,-0.8101017986924018,1.332346796944127,1.7994865222563114,1.1682374498625143,0.5993902318760777,0.07557283616127586,0.527221772883983,1.9184251910001637,-0.6554576396538162,-1.6658406210060501,-0.0704758940780951,-0.5368918747768151,-0.3959960073442875,1.2467945345380917,-3.2548447289267455,-2.1647913858349512,-1.9431716251043694,1.7893351553582115,0.15219434522652664,1.3253045591352404,0.03256795495506651,-0.9983315662189061,0.5964527633598905,2.921440191124607,-1.2000163923963598,-1.1048523663242318,-1.271079370820403,-0.7091554813108689,2.570975764949475,-0.274339599016485,1.516735973085892,2.4006669335528428,2.6229422754007934,-2.2052528615711244,1.1289681934538973,1.536828924101151,2.8747236588266505,1.1921041350827437,-0.9277109728428244,0.8388393594040583,-0.35711035555201615,-1.3768072999005172,0.09306366412522353,2.467157609209856,1.5427257767729348,2.5120952022830476,-0.4731163072746061,0.7582520657310508,-0.5806268078896097,-2.004614639303603,-2.9571754331771367,-2.7537024700629713,-2.72703072745285,1.4310574666693228,-4.182582705052442,-0.39091892658254024,-3.035738805029692,-2.4010242358723186,0.19693668815988988,-0.903813504834085,-0.04835033470900665,-1.0501243605364083,1.929950765087403,-2.4469281405573726,-1.9628551689146116,-1.3249950779897595,-2.302239672520617
-2.68785346188758e-16,0.47865971362421045,-0.6781221353727419,0.17603239554422617,-0.2863588671148203,0.724379981560637,-0.5073742896630054,0.09671875378217587,-0.616068542768008,1.1486682257602758,0.6916911412691045,-0.3392266995016292,1.829807517650995,-0.6119928705425547,-0.35108016825030813,0.608120000437705,-0.25279020432711874,0.4190220048576342,0.9228978396918184,0.49223620669782203,-0.9289190822651867,0.4901790568024284,-0.32410822833730557,1.4090995680300116,0.4819058753971249,0.6955195194922201,-0.24541322146004718,1.0421550906506718,-1.5612657510665378,-0.5294346554428209,0.12063390724688625,0.35967711945001996,0.09542929737685119,-0.7705192580800158,-0.40846993553644934,1.258132608998801,0.5796898502335551,-0.4487175072428665,-0.6261413528571497,2.3584076598986186,1.2543160046722595,1.2313856838850064,-0.2586831563094456,-1.6838766765178068,-0.969529033861419,-1.239118078865929,-0.5305514952410405,-0.6599378782752088,1.5891348860119745,-0.8699112539874693,-1.4693509329065502,-0.6169031113468746,-1.165564404686623,0.17266171212595396,-0.023088303566905912,-0.8675259412833358,-0.04381106073466396,-1.3392645651614898,-0.00599755458393135,-0.9496823421144638,-0.013020394314473327,-1.2273687355187817,-1.5244017364143372,0.8073165141043472,-1.864348765714933,2.5814479399059804,0.33741548332288546,1.445941991749741,2.0874068568487596,0.027197398521189884,-0.7348083458963518,0.18872488258504921,-0.16270949913420307,0.19005471791141243,0.12238132430757273,0.10068254259078507,1.2588308515116202,0.3988376354231529,0.9241548383348679,0.22708370466866667,-1.02247709458939,2.4068617799310323,-0.16310762176140584,1.0200402690198482,-0.05184003263716433,0.5206560009601512,-0.11687513768785847,-0.6205576901364128,0.41219885152039626,-1.6586784587833114,0.46615105106728866,0.07676606606878639,2.421484558279879,2.192014461440509
-2.68785346188758e-16,1.1898893842003917,-1.8269434083372527,1.7202713739081497,-0.18438107469275095,0.7325055813486909,0.7278142051348909,0.5975670925882475,0.44641394543756024,-0.5126603616011854,-0.9703045442464121,-1.0611271386976955,-1.1067786583514965,1.4488028863694868,-1.0365157576646091,-1.1305487181181875,2.012974837692733,2.470521242584553,0.6732809735074179,1.0484744141562519,0.21386205917172493,-0.3007196744402106,1.4576088218642362,0.9149575191528875,1.1969997892246855,-0.04573798887190439,-0.9830889895441153,-0.9242438457507248,0.3116643125882468,0.4989291394606754,-0.7041689992094451,0.24015805874607038,-0.5982402343361408,-1.6878800067122766,-0.8753567999561842,-0.6847551262743539,-0.16550590237376375,0.06516239561599724,-1.3263425610718447,-0.20193235796589482,-1.2616684227807795,-1.5710379410052597,-1.243582641174006,1.6524239516268726,-0.056688991676458245,-0.941266381177441,-1.4748067479486249,-2.3149361679701856,0.5193494182713077,1.6655478865695055,0.15112110498486162,1.0195171563074235,-0.018597039826344922,-0.05870188924986641,0.6214509165390975,0.8306277900851536,0.7910512647958697,1.0691232394285632,-0.08857266140943626,-1.4325526616507056,0.04884901951958352,0.06959518924454089,-1.7014841516366603,-1.32256271861393,-1.8022398235599977,-0.6584934844331966,-0.30502058371249485,-1.4941185391760603,-1.4863157422005226,0.842471709969088,0.8028264755123796,-0.6115436110833521,-0.3752225208068778,0.4920272422496576,-0.5833457646824508,0.36160869011196417,1.3108453034025445,1.1188916650513887,-0.0143270731261963,-0.9234661982415879,-0.5225202181740598,0.9054510065554842,-0.584974762166104,-0.5852056658304343,1.3420940627220586,0.21463495861431547,-0.489146502597793,0.21872978321145475,0.32196834936415,-1.267605064238814,-0.43203098211288715,-1.1385502656935376,0.26215227068603375,0.4936098289411061
-2.68785346188758e-16,-0.8043748848057966,-0.7560872277879448,-1.2740940482910552,-0.012273507558424539,1.6456496386086126,1.3207410560021837,0.16290835406471982,-0.39820422427114516,-0.1283538859909553,0.3827822116234436,-1.1426150244374988,-2.1591185813426685,0.6831461283784588,0.332127268932776,0.4572501047812478,1.930495607191544,2.7554384644919514,-0.3785932378083968,1.3310510429129847,-0.2590148571107973,0.847455186038367,-0.21693565654633606,1.0712507585002329,0.36182218145583156,0.7798818189150434,1.5116352733958542,-0.8668225687311145,-2.345038307502798,-0.7303981543992143,-0.4064413497107571,-0.8546408505707364,-1.2170026016474902,1.061823266638109,-1.581349366201315,-2.49193624390072,0.6760215015781254,0.41333576468796435,-0.9351776051961589,0.3474833348672709,0.416458514537014,0.31784763066559396,0.10916689912351263,-0.3326413964725346,1.10247017293234,-0.4157625123981107,-2.260697384937708,-1.4752770122349979,-0.7436000597619142,0.25364301613087464,0.38437078769628974,2.1299320968208537,0.4810725586597909,1.163393794741242,-0.9747165313658389,2.63983264097117,-0.6836476347117105,0.8822880253351589,0.7667340158159438,3.8035482854821927,-1.2305877188968732,0.02091748657111961,0.2887894244695799,-0.25627660494690496,-0.9318938681518685,-0.8278726723855625,-1.5918384055173473,-0.4602277668973083,-0.21107453859969066,-1.2341361455647946,-0.3052262288873583,-2.477456769444185,-2.231530240453083,-0.9072215406733269,-0.4141330649443599,0.45813724801668104,1.895003074528948,2.588738619791818,0.9033140365828847,1.0282503777528087,1.4743318444874198,1.1956409430310144,-0.939666033315471,-0.2790407947878548,-1.0710528211737684,-0.30488930031639644,1.3255573421028901,-0.41592016309676905,-0.02559131574273596,2.0370035201866177,-0.04035731130063136,0.08743904333671315,-0.7863350565754466,-1.143214245227001
-2.68785346188758e-16,0.6841793959135972,-2.168844017830736,1.7904709936318222,-0.8219296870466093,1.0540497227919046,1.341100310307535,1.9153026410694223,0.2643364225001059,0.3767814217614323,-0.06290523144608866,-2.3856943523805003,2.421535639794864,-0.5259038553609968,-1.9335821115204046,0.04876226883659702,0.47364024740513355,-0.7938945101454611,0.23893077443516142,-1.1879033032325055,0.6605086197250966,0.1441302503461267,1.8996293686866614,-0.20288372526411158,1.4783040960497935,1.6275137314619212,0.7927133973063503,-1.076011110187856,-1.0166189295709755,0.08162755157507107,-1.5547483634691597,-0.21212401281619797,-0.44120051815260763,-0.8234125495794841,-1.3988526710971856,2.0012269047611033,2.924482370396274,-1.0757430878282765,0.6333823121382407,0.015746624552280486,0.11886950950340097,1.2605410762795375,2.5050127562450872,3.971684392299153,0.35530591490091357,-1.0798831843135461,0.25146485906524035,1.298084504949711,-2.6744634366899223,0.6225998172726158,-1.1860146643434668,-0.06130482813510141,0.4943810470071921,1.1144401024637378,-1.3760925874584102,-0.3108848214871923,-1.172181728166363,1.3316869532380642,-2.3952756668591646,0.7772768003478974,0.28258900394479664,-0.8968970622734749,0.8365526260068356,-1.7430607060038108,1.2543655201210804,-6.249396753892082,0.2387111209119953,-1.6406041606333732,2.9413869496391265,0.4951361026135741,0.6777587548848247,1.3781458725059677,0.597202737906169,-1.5946977575005783,0.6380214780576247,1.9444591953714656,0.25031973991694567,2.98972330056586,2.8408284040696237,-3.0256457005494286,-1.454402814905969,-2.234005429981919,0.5447897702765543,3.800072445043691,0.19694023777870795,-0.1419691760239459,3.5862338164689693,1.1523479494717983,-0.30489155098518955,0.5436488313244636,-1.4110681775026204,0.8143022725571114,-0.029434564571508393,-0.7829066238038676
-2.68785346188758e-16,0.898039884404215,0.4911951035288651,0.5490116466353817,0.9167599712944335,0.5283068129108597,-0.20382156931165374,-1.9610729626577288,-1.1022188879270192,0.1849914400462824,-1.0225561755639685,-1.5797658978995188,1.0582242907837542,0.4318722962391667,1.0274621318184187,-0.5434407065584094,0.6130864212707758,1.5199463727592561,0.011775325818474486,0.8236986137429719,0.17028047730695978,0.16474055868886767,0.35973856188420605,-0.6020222485576621,-0.043166859649548056,0.17123372470515125,-0.6227742300008781,-0.24587089871219875,0.5303882413731597,-0.5843839896325288,0.1407046277007854,1.7129703275429775,0.30760933790195777,-0.3906777247363939,0.8671309038829225,-0.826428498446502,-0.04023987614310651,-1.8261730593241143,-0.2984019769285029,-0.4263589137039196,0.39084050199094966,-2.1999467938609607,0.7217222943625703,0.5896717752080386,-0.5346843205952876,-1.2312676913248672,2.0146396792774235,-0.7372142444168781,0.9842319987683958,0.5368930743476619,0.4753394749075962,-0.4374917370049808,-0.7413086735606651,-0.5055948203451348,1.4033739175644766,1.038660656146668,-0.06462760907474316,-0.13796972738978497,-1.113628626391423,-1.3351979371469516,0.140849147950606,0.5375127195842774,1.525780054519882,-2.219396940100849,-1.143854378290039,1.4464888294251372,-2.5076252255617915,0.7448826799062244,0.6221761889973746,0.914299704138799,0.22876140498350228,-0.274204712258565,-1.4607007970244756,-0.4408516157161544,0.6487630994751239,-0.4252402082089603,0.6059890155853377,-1.7646485424889464,-0.48727144497775454,0.9208095700308069,1.020351828029766,-0.3890104965939594,-0.01806743140305057,0.011029302033925048,-0.19025631332532397,-0.011606220436201535,0.23488555459571778,-0.3810634289253456,0.27039126755621895,-0.23021759061434416,1.7143293891592297,1.0000860323378655,-0.07873483859253005,-1.3587620599135128
-2.68785346188758e-16,-0.6087036452856356,-1.7294408970871176,0.2964912828799927,-1.693137876084128,0.7341188649730311,0.53438419945673,0.39096011635683997,-0.518799429543417,-0.1765020629769691,-0.6951500518018972,1.5500606282111893,0.41558142048954916,0.9309126870465796,1.1703926019106223,0.1613933010371492,1.0404070627917785,0.2545608922687599,1.8895815800901659,-0.03531534912369849,0.10135016903414017,-0.21311865545165454,1.7357145072582971,-0.9230419046384775,1.4813630846870611,0.04732750455479251,1.3679050560397086,0.1370150651925036,-1.1540662422454846,-0.09267101762211012,-0.5051981320099102,-1.8975997576970514,-0.4174477763744613,0.8506591090828155,-1.0153453674982797,2.4324460909559438,-0.12062368131785695,0.5142683916739468,-0.9986113733370643,-1.7058472645012535,-0.6927631108683878,1.5314801630113224,1.3114908834857464,-1.1911050088625892,1.6275013781519239,0.7868186316250019,-0.08769660806866932,-0.010582171875342404,-0.2747105286315898,0.2389075175805271,0.1496839093320087,0.7308159848242337,0.09993739704075952,0.6277086068086523,-0.12203791743708968,-0.8643466426799451,1.0733631270790438,0.21350562299939674,-0.9998680983551451,-0.0011968751443205417,-0.24945859171017332,-0.9173831071968818,0.8946616189078047,-2.0413172742977985,0.17121670297987324,-0.22355046832909825,-1.1470778883126531,0.6608958506139171,-0.36304063863720043,0.6911981328369596,-1.2916258910534648,-1.8643871740199367,0.06244288067981024,0.8384222630155163,0.5073752245848858,-0.2990381779548134,2.147227271038786,0.5660271752769215,1.711122612539317,-0.9654677195366916,1.5724044487043274,1.7548568863644034,-0.4402389199539191,2.1412733195791507,1.0502517878649278,0.25916007922544104,1.3319493026872864,0.7848054829506634,-0.12806314468226143,0.4909969825089424,1.5286283389555162,0.07082137999178739,0.4009706436753205,2.035491348102311
-2.68785346188758e-16,-0.3129290597129453,-1.6180611625969545,1.1187828238496582,-0.4962281567468622,0.2221779343073607,-0.10878503427597495,1.970074271989256,-0.22770303236967165,0.6778288612661577,0.9676087797556298,0.06341600649047374,-0.3925389315410919,0.24277471379548232,-0.5140512852089052,-0.07082513349338156,0.5791987279614237,0.965826786875468,1.0313400822169738,0.8132195797056689,-0.3621888534283564,-0.2729462625430249,0.16951097988805805,1.6435041155187275,0.48415005158654123,0.7332003484124872,-0.5385304276103832,0.42611789118769994,-1.8052784434002234,-2.7138508837153,0.1722612041357596,1.1635984391288703,-0.5472285967832123,-1.5291972802824185,0.13470013493725005,-1.5465253357133846,-0.08720843385976917,1.404955635254498,0.026092100306937677,1.4654971815080169,-2.704837408539859,0.9319806590793178,0.8212816971001885,-0.4656184754379899,0.4521804243118952,0.17059946992374458,-1.1205720165561726,-0.4737341778162959,0.6440979829313408,2.015846797466348,-0.5827614052544698,-0.9305242222149903,0.5774395693853379,0.4449738458808454,0.16195981391736944,-1.938231567140011,1.49483791328521,-1.4712980380355674,-1.0039683778677422,-2.3318721662538837,1.5966524050749693,-0.3106039077370403,-0.5284178737350658,-1.1645614808674531,-2.0186987120978426,-0.38315409804928124,-0.4214133698778695,2.938902857896183,0.28942290614391136,0.7765823105951567,-0.07289319323402406,-1.223162831320061,-1.1631595436815658,-0.5276735257397256,-0.7393195147624909,-0.6943652936014117,-0.06746572739715545,1.442022178250642,0.3151472271924466,0.4158892520006947,-0.5771053386433429,1.0350061697338988,0.190814137651479,0.41414089430643586,1.4300269913394044,0.4488863129370063,0.12334314137951513,0.5900271409142103,0.1038643526490903,-1.4088120103234865,-0.4156788606388989,-0.604076462453756,1.0098984496039871,1.1367033406754157
-2.68785346188758e-16,0.7493811326336662,1.0880462068957857,-0.7385910442966618,-0.1798270913112234,-2.4637080175875736,0.910740094848774,-2.6426501153523136,-0.5883574917458495,-0.3138640765259994,-0.05441676784331082,0.0612214755277658,0.608042947412535,-2.132444276568105,-2.4228790702129257,2.29703396397534,0.22985450077038022,-1.449074650632522,-0.4809013695818668,-1.332397315881054,0.6855024361541097,-1.3437600015519708,1.161914049099309,-0.3224818887704747,-0.630430094161886,-0.19971878950608296,-0.9262787285848388,-2.0263645985882737,-0.3899307995173692,2.4059592097368183,1.1036831232535227,0.7724722830655648,1.1056089494388286,1.3569029119374942,1.2823315650565879,1.7149588918855447,-0.34324893961673564,-1.015268947301319,0.9644231032001934,-0.21390268597565476,0.14008656659328417,0.2423386640864269,-1.0501270330024803,0.28362927296671736,-1.8541787666248464,-0.1918668550278908,-0.5848029098659486,-0.03863325926623884,0.3519084372982766,1.6274292198943103,0.21275204601313358,1.2363977016376198,0.3096682080311358,0.806137424466761,0.276134816081217,-1.1468023521381676,0.8338746275164924,-3.687059372463032,-0.14349796568824227,-2.0195713376941344,1.70296369368837,-1.9456802092136405,-0.11888885876590305,-1.221871969994493,-1.1359028674578768,-0.5385600650658129,-0.6483705216727403,-0.8287768696826613,0.20002938724150643,0.8132358508228016,0.7377009468124318,0.34608503022026477,0.17933311729198487,-1.7910442087176133,0.31603814657778595,-0.8175378740455639,-0.18002620133690783,0.7782863016584091,1.7180258883436745,-0.7374464530821419,-2.04686677357267,-0.1818707171146745,0.33237280241631645,0.554258691610745,0.8208272526056777,0.00418271937918619,0.7506207066419226,0.9442152440612456,0.7522410456050121,-1.9465038028649404,-1.1544745667517589,-1.3908054412569544,0.6134759004295702,1.2431416984754904
-2.68785346188758e-16,0.830166682324444,0.351027936961687,1.5866372316070598,1.6985371830014664,-0.09128957438463481,0.2558979459461017,-0.2042600347384944,-0.3602938142037362,1.5187918335913142,0.4057738486961301,1.7127651873870975,-0.10789350570449474,1.4761424756793304,0.7148204754942129,0.7098190045846915,-0.31268436962552615,-0.8165558745915592,-0.22564822259369127,0.6329316735889117,1.4767462697825162,1.9051555189017062,0.06343089857396822,0.39698524034786237,-1.083847186463513,-0.32360008098431475,0.08583009163722877,1.1905904926478241,0.5679448430500142,-0.38212194092182633,-0.7040055191045176,-0.4302684601251433,0.2343104800260813,0.752445312117219,0.8382027874162485,-0.11095134007378411,-2.6160511028552147,1.5628698620612451,0.3071177643509675,-0.21596311843023608,1.3177457614828456,1.4591468218975339,1.3229396743056947,-0.17401886951020373,1.7134862251624,0.5370740019561746,-0.4261079717882609,0.07932899899145052,-1.5089509194525488,-0.6712026708370842,0.6364791629874692,0.8645055503611052,0.33562840718771664,0.21608819462808576,-1.5501704292142815,-1.1973102954946695,-0.7571338212773984,0.044342620327714966,0.9162213303543641,-1.7781718112656821,-0.7401425498421381,-1.6651015263261058,2.209663356585617,-1.2691242542164454,-2.25924793586891,-0.24225390830370275,-0.532813241412886,1.8847777170667692,-0.2382462254502012,0.7513273444482474,-1.9822931479386454,-1.2496930929590393,-1.2226173707912196,0.640105456422032,1.4999771808246152,-0.012418199755657,-3.2647631886379624,-1.198386846968319,0.9823383974765858,2.20314642994968,2.2598386913729516,-0.4582236360700531,-0.3058223130546749,0.45608082167272845,1.9931763683316828,0.18972328941251443,-0.3916939892069339,-0.8545261612206295,-0.5257004266353645,0.15843896607707222,-0.02760557144636222,-0.9811216355167623,0.5486809480946875,1.6999572195740167
-2.68785346188758e-16,-0.7541414560139575,-1.8039546786004779,-0.9063014492980468,-0.564071694322532,1.3460583967436341,0.0471042838117958,3.803120186787596,-0.731145632496138,-0.3246058590728726,-0.12903537690423178,1.3175077072132466,-1.1750056343028379,-1.384759228648532,-0.37730347269989073,-0.9351786422713263,-0.17983921950434587,-0.8564039464584168,0.900968596710467,-0.12499853130772487,0.44857742521482286,0.27360265210892265,-0.20343699015753125,-0.49548288618128655,1.0947492884275691,-0.5197518687697682,-0.22703877468086367,0.5831142114605803,-0.45794244297481634,0.06699475473871275,-0.2929737489618769,0.6854279394019321,-0.9877717504314376,-0.1702826753455257,-1.5004414325594748,-1.297293810051964,1.9907686899295827,0.3752419251457055,-0.37795288178281433,-0.43873856328447475,-0.1221223105128682,1.8734960577172972,-0.16810680632547248,-0.09933803196034352,0.12263404346611012,-0.4294594475274748,1.292537247791714,0.7116937695725225,-1.46879815513301,-0.5931855229393032,1.2045768442810136,-0.4765220372443102,0.5054173464668107,0.2079842953608164,-0.9977752470972846,-0.20424897223544608,1.4266077250333973,0.31257419113793294,-0.582649343523925,1.3287692534205222,-0.5449323872195307,0.28128468130375134,-0.6232756197493181,-0.7064639036514135,-0.18976187413390627,0.8261969324563362,1.5127497324675336,0.48428633656273423,1.4914355235558672,0.6733601301655849,0.026786797369659554,-0.9166373210005712,0.6825926254209361,-0.8962822396838552,0.5827987217357259,1.0030570883841963,1.3677722379757145,0.5110373232922167,0.3131016815857898,-0.16715631287298482,-0.4586478283075036,0.9580098134625462,0.1962350690927312,0.88935050280793,0.3524948795933678,0.441402501726979,-0.4969270230044131,-0.2728722746976927,-1.6338078048980444,-1.13276226243721,1.7268317805912836,0.38305530228029205,2.872495814730418,2.5604204733293168
-2.68785346188758e-16,-0.3167394375076702,-1.4242817629757458,0.19470368136532995,0.3079333984678029,-0.2597851050696779,0.06490221037295923,-0.2915280478282887,1.1079952032728484,0.18889699893084014,-0.32611114349213977,-0.6366139818914278,-1.2311198116193252,-0.2823875450474223,-0.3982688355042229,-0.603852967293541,0.21033501960739742,2.1367392417756776,-1.5519508181617008,-0.7529134800560664,-0.06723784805492147,0.08736473702130199,0.05133873119764931,-0.274068576698404,0.9250156004497919,1.7575435427870745,0.5689815436030101,1.0014045562315756,-0.8803722659118183,-0.6951152771319129,-0.0262249416324834,-0.43859841855267523,-0.10512901386053014,-1.4592255787697206,0.34179528326580244,0.41365932298782276,1.8669395278290115,-0.04691045745680705,-0.5369964267732563,-1.866955632843844,-1.023515330044155,-0.022488549831873237,-0.13828317295717352,-0.790013107863721,-1.696014241335708,-1.9815744012388374,-2.184099746937285,-0.9734296411601573,0.2692380844203687,0.1800567526788844,-1.3189476983489927,1.1797643969039304,0.17754671299693384,-0.24035111488470842,-0.5558585232702675,-0.763364004439701,-1.8402727314297405,-1.1375238665974985,0.735804666345034,-1.7195022343997968,1.1629060274614824,-0.6549695865746175,-0.831639149217066,-1.920805016500815,-0.484514358423896,-1.2520954769381307,-2.3829372110044273,-0.7974573856845811,0.24339556627505388,0.7154571142893694,0.09776477573672027,-0.5885626587893157,1.0928867932664024,-0.09713082721267113,0.26662465189908696,-0.03910719429893672,0.732445390312545,0.7347293611170774,0.2061841678808401,2.190665562179734,0.19092439927893667,1.3912434883700742,-0.1956355726788031,-0.35554372993064315,-1.171976722872453,-0.5373208039314108,-0.2195437616512934,-0.1462671850847184,0.09849190668659358,0.11180554242171808,1.6931232607737927,0.4970852482294187,1.3159859171066293,0.9932409291065887
-2.68785346188758e-16,-0.7191744295729008,-0.3758447785630673,0.873875253453388,-0.3412256780958291,1.8946741267176206,0.3109336793929656,-0.28615802541741087,-1.0761314787294853,-0.256520049220076,0.030792599252895386,0.17499482641416575,0.7579341960320365,-0.21411491961006002,0.9269960280973087,-0.28257328607891175,0.8044593221862922,1.0436485253396417,0.3765545555408406,0.7612246802989532,-0.031207272090048636,-0.35598048584566433,0.9837911879173634,0.3507309356423719,0.9914425438289658,0.19786934619330573,0.09136611078947843,-0.07159157889385215,-1.2460152785234435,-0.6287450872648421,-0.17575239289841882,-0.23849505002378074,-0.4953907016578028,-1.4780423280670485,1.2246614882316387,-1.4767332369085875,0.4918654573320233,-1.8711355056996735,-1.242861536621919,-1.1106738093146606,-0.9295650643285842,1.5284220514082363,-1.913810309298305,-1.8241947595686159,1.9769307685142428,0.16315055062542827,-2.0984985166798746,-0.4378236825735845,0.0744554374815357,0.19266126146581572,-0.580622781899258,0.15500891751635026,-0.053033933784890575,-1.0774153444875298,0.9909493650347103,1.6262754189108408,0.43721162889829096,-0.86588900795128,1.3303675196937021,1.1301405016040527,0.7619547508352266,-1.28055768555136,0.8932541163529581,0.29955829332785733,0.3379838616404186,-0.04173406681553335,-0.8751444901160539,-0.11449610734484439,-1.2843009954637126,-0.3999181712978258,-0.6379770435392517,1.2073291204545438,-0.24157769677322813,-0.47271726621404164,-0.9354629564584892,0.8470538966274833,0.7681192676363635,0.92864012413804,0.4813969390557732,-0.9219352113610252,0.36239142663233037,-1.3408053490399945,0.5792783038694986,-1.1720300655968052,-0.4041181787538257,0.23872400352331208,1.426784565077139,-0.4024583843169192,0.18203508728207085,1.2866092816256063,-1.0026295369713125,1.5275997804506494,-1.487297412195944,-0.1798261401893645
-2.68785346188758e-16,0.45012159070884283,-0.5995542438863495,-0.5112927869193903,-1.3501204793986772,0.9620645069313666,1.045901104767201,0.7713492489124791,1.906872859067044,-0.28333016504557984,0.5113435133968665,-1.7449362324580426,0.12643354112374494,1.449890762226602,-0.8861844797417422,0.5169691250019744,0.23025859465453644,0.10196335981570426,0.19000742496144185,-0.9089511372845334,-0.20918595721932884,1.709091966616326,-2.262038110039329,0.2867950287092238,-0.5139971225254656,0.057297859051033906,0.5179591254056733,-0.7638853791186104,0.8152319628856765,-0.09303380981330878,0.13829197535856047,-0.6177571929462595,0.544590515054668,-2.507811952216389,-1.105596687514198,-1.2676708198133209,-1.2477878372368132,-4.325927786249618,0.23941427964428041,-0.1014271562948848,0.42384931955964067,-0.4774173369084296,-0.5211004397975759,-1.6270238897909994,1.3049598749209752,0.4669507709630656,1.9408282201469376,-2.1206915802900834,-1.3788651872159265,-0.34989455110669315,1.8202372751775597,0.9562976918158845,0.3254948387567944,0.39738422456659667,1.2096867601242736,1.2885143906473044,-1.554448171647871,-0.058948018006256354,1.226342171490367,1.4710887117081846,1.4837332188997976,-1.6505532998099852,0.43097093356350125,-0.12661622945521,0.7926377852391566,-0.838278833649861,1.2544625341856654,0.2647299233269854,1.3744009374536654,0.4403258333975804,0.7784094357866971,-0.1797009495641459,-0.4444797953209197,1.041045531328683,0.5151321789921964,2.082002447872642,2.6883955690270915,0.9231479312212929,-0.7201554636281717,-0.31984359189164113,2.259778319710696,-1.2409109141165806,0.04549649465124046,-1.0273422531920346,0.07829549595931962,-0.32233889179863257,2.178845602878712,-1.2617218684669842,-1.0485666837007601,3.1249824720079724,0.0028063179704674868,0.8785176878391252,-1.6576800015727735,-0.2896781290688379
-2.68785346188758e-16,-0.40986930302787977,0.044331290411089054,-0.3493588573133247,-0.3359450896724587,-0.4471496960182592,0.8706314943951675,2.7368733712463653,-1.1010185117806737,0.9310529118634217,0.4358001926654203,-0.3460304208600391,-0.5434110947029696,-0.24462401805051937,-0.41167963895791815,0.25261174101911826,-0.46251404161901055,-0.5050624585646797,-0.480471087418006,0.05504842101950678,0.5402331899458584,1.313635905353299,0.6118674700948048,-0.7687807934569003,0.2963615068494202,-1.0088840616096035,0.43258112326931514,1.1227729148550785,-1.326707040215755,0.4387310137134697,1.8694746268901752,1.3481545457940949,-0.1607832888391439,1.866748344213685,0.6136511369809998,2.0251117942432493,1.9610226202916543,-0.6856956792102151,-1.0137996031916077,-0.5559446455308128,0.9573854950013734,1.44764105844743,0.9782014059356859,3.5173625872158745,0.30460786500395454,1.136132314377193,0.2331213131231087,0.6971317472058778,-1.5772739531798954,-0.7624548405572436,0.21410313813383852,-0.036588499758880816,0.6835466963398648,-1.0613297916962365,0.14657097825569237,0.059632018666470055,0.74630784592664,-0.023765207656443355,-1.7478505165351002,-1.0696947312659164,1.4566702245783425,-0.914424203638962,0.03011405953947044,-0.6412530066040858,1.6168939742095352,-1.2261080002040987,0.17144123059768876,0.17716135132697947,1.278368029798662,0.8409727272356206,-0.036686748394064606,-0.1919658938992503,-0.41927724707355135,-0.33235277683644854,-1.1314783360890763,-1.5807631735388985,-0.22785252124697852,1.1031168078858713,-0.22439196537719353,-0.6706215250101883,-0.934935936925998,1.857766909642815,0.6480090099568491,1.7915547858117096,1.0315068775409246,0.18758053075003575,0.4404800083287471,0.5957211632057576,-0.9000670978958722,0.3596232654335292,0.3874739201259657,0.5252589363820594,0.9550680707890777,-0.19763390468358621
-2.68785346188758e-16,0.454403574338796,0.7974244610540544,0.11345146021762206,0.23995880247891108,0.7711627701867274,-0.24725993073909489,2.242052442815174,-0.46906011220871224,0.7888209197657058,0.6853274426314762,-0.4799503959389795,0.5544675516995675,-0.13269997521619892,-0.3576474161231445,0.9209979294010012,-0.5187390486079396,-0.4609424484973532,-0.11711923220222693,-0.4753084216131238,0.9587781658170805,-0.14055624227891775,1.1739609633353658,-0.6504138877347938,0.11281939129008953,-0.21407221842838187,-0.3379232567226441,0.11342759157464352,0.5469184112256702,1.6040890373999281,3.8843048211306295,0.32678142753020384,0.47928347107702146,1.7420320274575618,1.1089363101717211,2.1338472638776107,0.7483203860069609,0.2845951838910291,0.4214995089370969,-0.5476318143195996,0.7044011184073556,0.3161783345394579,0.40269615860081664,0.9776200353284858,0.04811385992645978,0.15009164331179137,-0.33001748647496565,0.8255510290058206,-1.4642281801299442,0.4799612215505828,0.3655017549639053,0.23165572361083553,-0.2995621440232513,0.09753934660451516,-0.05291268990056824,-1.0062349097828167,-0.5947077858296329,-0.4653882349126106,-1.0019881681554237,-0.9526330532526797,0.779741544409704,-1.9993246168980316,1.1063762363181078,-1.4383445735793368,0.6933938636068929,-3.2692089103482798,0.8100381364321793,-0.7820364906722528,1.0684475360250452,-0.23626756986387104,0.04074898989812198,0.3605658941412292,-1.9444355062167955,0.3057371356288049,-0.08152845092416564,-0.6373876801704011,-0.3138581863874557,0.35417888014807186,0.316036075607177,3.569490577143619,-0.8636433180367714,-0.30107740784608183,-0.5599969662757991,-0.2580931914805247,0.42004964285526564,-0.24646421581727493,0.4426380692032559,-0.3365520257179195,-0.5167519706750034,-1.4727403097579874,0.0922197557726051,-0.7152728138950576,-1.0011296237473553,-0.20305665988182492
-2.68785346188758e-16,-0.16724836323869052,-0.11541996932978327,0.10453064329981115,-0.7033626946495009,-1.3974281611709156,0.8267993272614105,1.2006834264270136,-2.4590707251106494,0.2504634382234367,-0.4643728579819634,-0.7954142899369981,-0.9967138766716839,0.24793240077337766,0.014070932610620396,1.275152900058736,0.3344375584219803,-0.19633236610578347,-0.4638332979170914,-0.46770813407220063,-0.24962795945851854,0.4195611099489216,0.37903748948587035,0.48409185961420376,1.240922647508778,0.12352211202621388,-0.14156059214990968,0.7126158343294032,0.8145774480204127,-2.0280231165683738,0.0359953141874646,-1.600193345345862,-0.7014412696010746,1.4967935038140758,0.9547472643630975,0.9355169727419761,-0.2803812565948002,-0.841616309447935,0.37687777482327767,0.2910037153275964,0.8860632186228361,0.39879106045224555,2.415587936490553,-0.5390609679061404,1.1945519273563998,0.48352382266275096,0.042173893782763816,1.9464788197442724,-1.125077099634719,0.06874688125862469,0.10613529891926166,0.4833511559100476,-0.8397293434584406,-0.08941233119287721,0.21697484870428757,-0.3977012420575674,-0.021999002642285503,0.6980939056150659,-1.3577371293274056,-0.02830641195264788,-0.4332430763251597,0.3536588253581132,1.0564552416627095,0.9071862635289936,-0.7588077825639394,1.833480586733676,-0.9609416567872482,1.4059912519320064,-0.05021734119543786,-0.2330363686822442,-1.9633146985776955,-0.09132186127335518,-1.5156302154731023,-1.355028688429374,0.2907574641220447,0.5050299872581315,1.4832894643316967,0.1543023349936778,1.8366669498615542,1.299922665448767,0.4512940495576119,1.9935493901634067,0.12940031444371225,-0.6339000553478513,1.5804958398134896,-0.120449695854778,0.406097320326127,0.7500954300161562,-1.1932854622171631,0.9178437364000077,1.0988109238051627,1.4068397694299137,1.8146644128267668,2.8652854905005527
-2.68785346188758e-16,-0.1111454444806208,1.8948975810843076,-0.8708918326558984,0.9467795284916622,-0.4917819692099339,-0.6349051151295204,-2.5668955245683107,0.030542147930152766,-0.09923712525791453,0.9227607539682693,1.1269189083188733,1.6314408303083734,-0.5464119969491564,-1.863567153591347,1.7222137289147417,-0.261273837681617,-1.221746574262802,-0.503386555976306,0.3522828722118708,0.24957244568163814,-1.1632749435776095,-0.354611467907225,-0.07502681014721009,0.43582718877264526,-1.1875465335719322,-1.9659353057623141,0.6520177630040185,-0.6272460083466471,1.7397725975543998,0.37127299469271047,1.105417908644706,1.3290311636804377,3.1746009095078502,0.8131921946063077,0.2400829356010481,0.2698578701086596,1.6901973084309838,0.9167791371454173,0.2793276107476528,1.2827950209477192,0.4105668227484408,0.03689540746575287,1.231710000223828,-1.8605037973108494,-1.1722691846089262,-0.4829600627454925,1.8081362054546364,1.3966115388319236,0.1296192625296267,-0.33488733583734287,0.4785731050387554,-0.776831821345043,-0.28788498528310236,-0.19020590313009006,-0.7323190120598475,-0.2383623626077893,1.5021533809327514,-0.4233939683027805,0.9624811286355608,-0.4094659452920298,-1.0713151145880402,-0.7807327641840396,-0.34295918699598266,-0.1263249172574099,-1.0989646082021243,1.6772958686663604,0.40834170319973945,1.9562256132870197,0.09319811188244086,0.8742175731473341,0.18930500436006037,0.15003940633736235,0.25051553337376997,-0.4263156123919566,-0.9881647694458187,-1.0326179288189345,-0.8084365633859492,0.7179235806086536,-0.019331313152880475,0.09524763359648081,0.39969788974277937,-0.8400545314385448,1.392302401089268,0.8068741929284462,0.26222129692075014,-0.9712175052421709,-0.4744951755678812,-0.06978095352803171,-0.48123397371995547,1.1727140991029668,-0.31859196470083817,1.143033505918559,0.2620965447201604
-2.68785346188758e-16,-1.0965390610411112,0.41645614938176617,0.2149865014923091,0.4882586645179109,0.6044497672167147,1.1732684508402205,0.5385862997477845,2.3185611206542776,0.4877690996148851,-0.7901498290643102,-0.00634660737675119,-1.1469950177351442,1.1211767308126048,-0.9769181516931782,-0.10487607505618324,0.014931206154687671,-0.16645138913068436,-0.7823972149727967,0.7862840755462133,0.0033934147400462135,1.0708814465617582,1.5223248472766318,0.1651908373641699,-0.4093096011863826,0.9204915841471015,0.3592341555250018,0.6419887634063703,0.47739421989919784,0.5261850831603628,-1.6129758849756861,1.7884385140998575,-0.18522456267924076,-1.4015924704530047,1.2667129419378425,1.444230453770082,0.586386379652073,0.6674412112800072,1.9652225534719254,-0.09007949855781533,0.2576915601705348,-0.9370090947147509,0.4946776233005207,-1.1627634013604833,0.08754260482386615,0.49520806780989673,-1.4031344052236157,0.4192015873104496,-0.09906984214115536,-1.7579854073961285,1.60757797300165,1.2862281230780974,1.1067368495206353,-1.07525120361055,-0.4578991967655073,1.1771554589813789,-1.0888207489091557,1.204552279423019,-0.8040724310598764,2.441834849374938,0.12565834978635482,1.3628172875716429,1.1587494893059707,1.9252052885660942,-0.5960924340894327,0.5839675859575162,-0.3458762736273357,0.33197672116923715,-2.4400418845156433,-0.6814015731343174,-1.8667026643952187,-0.38450959179799804,-0.5317642315942599,-0.3069334196379566,-0.36747746067990394,-0.6452881474208014,-3.0061010783852176,-2.586557088110506,-1.0183094840883082,-1.004041848162774,0.797011996060698,-1.9806940796107937,0.03960633958321156,-2.7021696584380885,-0.4209553955600419,0.1591153853502269,-1.6893273162128315,-1.1022266375407155,-0.7561150688524347,-0.7394415491345507,-0.13669998431243424,-0.2349781924543516,-0.470564984140629,-0.4500380497050288
-2.68785346188758e-16,0.8060036401844295,0.6138004057951632,-1.6066750899299223,0.02944225307569026,1.3772825416505508,-0.8570326638889936,1.0848393005558745,1.113551660861365,0.5857380711012987,-0.7685179460385588,1.798854856695517,0.42460287416299025,-2.2125919157350737,1.4855444458045048,-0.4535780241500288,-0.0422836045702375,-0.47130534198451035,-0.30343042961127675,0.3053940741287163,-0.13870507903907373,-0.3630369658568263,-0.38356160418622953,-0.7329034577406337,-0.6461435844981828,0.218091595465792,0.3052602511039266,-0.5761256390615979,0.9342663502473146,1.9280392802046882,0.32271087028061607,-2.0274347565548525,0.381796497711398,1.6825854160187124,0.21210658191133475,1.8267912889416447,-0.4775317881894907,-1.0411808292114475,1.073766322915899,-0.3402927576667333,0.5235648194116236,0.9113904499129126,-0.20570754295674384,0.8314284203197359,-0.813882431952883,0.2099713506402895,-0.6066588974574714,2.8724270957496474,0.056647231703243484,-0.44830242494720723,0.42856142953046,-0.2520436655561384,-1.1878656744301306,-0.5403852117449738,1.4544148023171142,0.3416428370578747,-0.08516645796147324,0.10204369846062755,-1.1195039630231591,0.9061843618404393,-1.300260342921502,-0.3237046556875542,1.095671274817997,1.1576169764046855,-0.3611058058711122,1.7629503193024223,1.2353896923314038,0.5459835335648742,0.5684504832303287,-0.01729492378751938,-0.4913778510828363,-0.5436709397166023,-0.4432529073183613,0.15639266875491264,-0.2992255923820013,-0.11243853280200629,-1.5748129657763215,-0.04552626426443965,-0.22193943007835634,-0.35377851630614315,-0.5672967887700099,0.9994522136171722,-0.006680800036653812,-0.8072140542307376,-0.26940808134850175,-0.8309749625643211,-0.28017179219573,-0.4576295601283777,1.2580244688857112,-0.6261488995824422,2.014962229099392,-0.10023032450043565,-0.31125846500613374,0.9582241805404368
-2.68785346188758e-16,-1.7950147826601266,2.0972308560957553,-0.7375302015578454,0.4225820981803984,-2.3099474989542834,-0.011125291301985418,-0.17047931974872088,-0.03377648171655179,-0.045918902826135054,0.085435463492656,0.7214360798325863,2.107017812107398,-1.3802010119726262,2.230342876100572,-0.7267923999989915,-1.7464046255744863,-0.5163544633589942,-0.9086139195846896,-2.6339191854342805,-0.5017842185747166,-1.268588723922342,-3.7068494671392083,0.06240288325039227,-2.632697843651459,-2.978790811603463,-2.827562026810136,-0.5576861569194794,1.7957016752938357,1.7240600701820803,0.04039741393007232,-2.3666158122690772,-0.16829941723754882,-0.05422725706833975,-0.3117085107587724,-1.2290518695598567,-2.9353076965444256,-0.8985032924428504,0.43549186715342214,-0.5645762488376835,0.8182398456062528,-1.4879614794114333,-0.9145194459708275,-1.48613328481611,0.8848251773985447,1.1150232815370167,3.6121642486280487,2.35426987961069,-1.7079465676074221,-0.4930046259611313,0.39116267773323865,-2.270406355418251,0.29126305753104725,-0.9029657641409791,-0.8714105550689293,0.8567087019671296,0.38176024692712646,1.49888270676366,-0.3171838462589918,1.4964006390814972,-2.567726262321726,1.1441766333296597,0.834344575949782,0.46535952462701613,1.1719659118741217,1.384291879964426,0.8248406605937932,0.5845703590594862,-0.24423874853229716,-0.13198975342078112,2.07533078210166,1.8417888846948327,1.688543304585827,-0.9886536068308727,0.07876510894644531,-1.0371909743429473,-3.071133569073746,0.854271858893835,-1.1842660654300516,0.6181036798497231,0.6857490849345372,-0.5397997864821207,0.4382732985983356,-2.2542407589926743,-2.217384149179665,0.453214602439393,-3.1968174043410045,-0.6776826662403044,-1.1744090505432854,0.4162828662419736,-1.150530966428316,-0.45295754766840396,-3.6233570779141058,-1.1247567682189727
-2.68785346188758e-16,-0.04134258001241675,0.8837572719562083,0.08981017001228081,1.033635641573398,0.3244264355879238,0.10944949152911947,0.3916518996459697,-0.671221528907264,-1.1585554314784348,0.40583329657547446,1.469664654880853,0.528275236532282,-0.5883090775945801,3.0163709243240615,1.748504465725987,-0.7705653279302397,-1.50603198820449,-0.293921417673912,-1.5941931174237023,-1.326246412501992,0.5501713933901118,-1.0311211527464965,0.20988032363729026,-0.6582341341495829,-0.0785628836291799,1.5253455978046735,-0.5891165046871112,0.4614947752059505,-0.5875717816349931,0.9287542295803435,1.383348199363245,0.7618024574974745,-0.2695775069869022,0.012328092130065804,-0.279808786600775,-0.6745492230375553,1.187529130727649,0.6718457281990428,-0.5225324294304945,-0.18813463809337827,-0.7290426570203838,-1.8791202659519262,-2.464395455348605,1.1664188046544282,1.0931781230058948,0.1340345013219003,-0.45904165745420145,1.0054348014503043,-0.6950967373562982,1.5152308209339431,-1.4212683712550276,1.5468403765755012,-1.0634062045525823,-1.0842840837587826,0.9808447034810984,-1.4963205837154634,-0.0031065378759395773,0.05117093097829323,0.3020209933000385,-0.9937119756502946,0.03495252179953495,0.539375597500598,-0.27945021782245205,0.49641853067330105,-0.11578401833290253,-0.6597452299621595,0.2566140608295281,0.08059176921650579,-1.0163412045651572,1.3456105732592847,0.9290734303913469,0.31674866287165643,-0.8692306177545295,-0.47149584526720767,0.441918088177344,-0.6736444580410301,-0.5373699281872829,0.36432784689434694,0.7068604898761335,1.6294573654934323,-0.17514328460452885,0.12899800322890304,-0.7531801473285127,-1.662207098485809,-0.2756255474434678,0.4815367557920002,-0.5170363025098914,-0.27010201779632054,-0.8588013800835105,-1.2377072493993064,0.3188833053333481,-1.9945190991152861,0.30244431692936263
-2.68785346188758e-16,-0.17386985569953042,2.730544189933344,-0.3551215682564088,1.8463478519046512,-3.034770603759302,-0.18693284486530803,0.4898908126146318,0.513796587401501,-0.49960406424853365,-0.7201765151471512,1.5328531627569055,0.4214273180304664,-0.03398460943776993,0.46892073547455415,1.1390925000694385,-1.1943533407980262,-1.4025779239876135,-2.577660193572935,-2.0431193798570773,-0.3146491354894564,-0.25652162148974644,-2.306707567575829,-0.07552899350568551,-1.0322926904864564,-1.6061550428476183,-2.2240158738197895,0.9105983697237817,3.279185650962246,-0.5907083730904821,1.725261535019226,-1.7637727966399361,-0.4506725574161719,-0.39813340219542015,1.5401770689909378,-0.13216890289668526,-2.3268853897518182,0.2530685925829374,1.0167266086285909,-0.013523206607345906,0.47862389082262863,-2.328818542144765,-2.092863609459305,-3.1797261431283834,0.8584254630277078,1.545969787397971,1.6105649518721257,0.7540035072474355,-0.2501979556228581,0.3616985356402885,0.18719286372270016,-2.2503375626379505,-0.9356150637168451,0.40258081805055423,-0.32879546252325664,1.8151094979319748,0.4470664285828501,2.3442476260895653,1.0842221721351293,1.6933003813164844,-2.3857896432759444,1.4801115557564923,2.373511193989302,3.262924845983517,1.5763105795952257,2.0829576136197065,-0.11621981333503884,1.7049362557807297,-1.0135289146904034,-0.00730686908245739,2.160606382047887,0.48943020250521163,1.4233002407997863,-0.558214583853107,0.3174211934065188,0.8071485297283332,-1.877216209314791,-1.0867532984973252,-2.7147068380157595,-0.17075865053153555,2.5257232511557857,-1.2976375189442106,0.6316645025504996,-4.440139589476978,-1.3901076863459767,0.24302657063299468,-0.7419692464648859,0.2712586161026302,0.4156409248301015,0.788757091593558,-0.4882532661632208,-0.18349930518687563,-0.16958315787790854,-1.9847509532213654
-2.68785346188758e-16,0.6848661664970802,1.578582956398214,-0.6950795302059523,-0.3546355701585659,-2.172090665992815,0.4013417757337048,-0.1164517578164872,1.0460626321505404,0.9175286388029302,-0.8298927421792823,0.7271298775723356,1.1102988351964507,0.5125006953814071,2.5133883489264397,-0.7904420283677549,-0.0743261329620859,-0.8729222893711576,-1.5706826420382591,-2.5720301912066876,-0.15769646483781932,-0.22706501417853353,-1.6002002590948576,0.6665112826781397,-1.2516544085506338,-1.3905517713404072,0.23578354523835143,-0.14234716206045128,3.4019411964731527,-0.5860142475204431,0.44850498119016485,-0.25300381819481643,0.7799941873963159,-0.8424836782260113,0.04915984080881164,-1.9535461792566169,-0.28846410423046676,-3.0002676061314153,0.8443060080183751,-1.1161292403690135,1.1284093715511936,1.651484984437912,-0.7132908039497229,0.8245280205135355,0.5508064063107839,1.904570458326104,1.7410160892577442,1.571377463389056,0.5031152238745276,0.31412482950968784,-0.7125126024269053,-0.10464841492267446,0.4376077783918639,0.31800101848496864,-0.005890354455809011,-0.7538644586740291,-0.9543175751688272,-0.5827140521878516,-2.052950416643843,0.7298986626872203,-0.8782972945731995,0.20762971468843136,0.2930108567656184,2.216687582079272,0.4115123551864845,0.634394250559362,0.9441516165037536,0.9790831364056678,-0.4946828602251866,0.39292203265135467,-0.7023926099155686,-0.017012685035401265,0.07837073106398007,-0.8999655483925653,0.13374107541684604,0.7750361208148966,-1.2163309368620203,-0.003046073939647731,-0.11534289469593303,-1.1004097757970832,-1.0805214422384137,-0.26314900347928893,-0.4437645025477728,-1.2714649422934392,-0.5695304920764351,-0.181703491359404,-0.43631963799675316,0.2221522631543202,-0.2724268019605314,-0.7279950053702463,-0.15336640649710376,-0.07385734760518015,-0.405378372590299,0.18721701931727452
-2.68785346188758e-16,0.8344832133734206,0.8495945300109764,-1.2013766216461224,-1.0735907368775819,1.6311177964315264,0.27637129773878744,0.12468613614188229,0.7890255907744201,0.2093775535139574,0.466375743894301,2.552825081106059,0.11095252915153386,-1.7133997735711985,-0.053883725420433765,0.11592077338378848,-0.772888631982512,-1.1404212743849504,-0.6782953264469262,-1.9147133652734112,-0.020605971003020914,-0.015020868663001785,-1.6447838208977301,-0.45604997099548883,-1.2822191404918217,-0.8444718613833971,-0.9140091661642906,-0.4196882660884023,0.6763096508233123,1.587022126900858,3.125424492098845,0.3873063670942053,0.8852748238728996,2.172324946434577,0.5221219679148145,1.1498276331185726,-2.096704264121263,-1.4549628677560695,-0.7072319282963645,-0.5041274935114989,-0.454571996888937,0.491102336343907,-0.22226705539608832,0.5704019048733524,1.9243487880261751,2.0171066293916917,-0.5849557073223511,2.9764813882224677,0.8082944942590347,0.18504957339969869,1.8396827620093401,-1.127715874325573,-1.5954619538193755,0.19733206769357628,0.8176827028750846,-1.4118650237067583,1.4760218609187834,-2.597763357808262,-0.6898317558609057,0.020957883451122983,0.2763505431338886,-0.371985541516084,-0.12294836568416939,-0.7812528820992559,-0.8772671914412109,-0.31742287923945167,1.6186734464843364,0.905641677023214,0.5460801031553357,0.2185079040343754,0.641523966745695,0.1448982478718835,-1.085536568026023,0.10491428729070928,-0.012660021718277254,-1.2703394350297748,-2.312635626107824,-0.861228675759483,-0.1816384726228697,0.462634609066745,-1.7594499179328298,-0.7630025073730713,-0.046315397745727314,-1.1007729867771612,-0.69142708325712,-0.15010131795712273,-1.0227431295409006,0.08606091318260006,-0.021267403591303413,-1.117013941364017,1.7229869837534872,-1.0688113247333413,0.04127773525243594,0.013239591375080018
-2.68785346188758e-16,-0.14586718131302132,0.46056297317115313,1.3076073090588598,2.5538663735081393,-1.7327279932160868,0.891194421879663,-0.8396892936079083,0.634594601482417,-0.7535223401238249,-0.7387622619945615,-0.3907468989699308,1.3088394397594478,1.7247026761557689,-1.6672374981455211,0.955924891493087,0.4554858713795201,-0.20277121573316326,0.2065104203356319,-1.0842904347650024,0.3978136620302931,0.4466560125038158,0.5725654500536137,1.0579519023044817,0.10527191360252384,-2.4777769358848163,-0.026189985743514596,0.2581301744531352,-0.7257202809544314,0.03314022797284011,-0.8506895195789111,0.48372387961342395,0.16037661326640945,0.4152030500635884,1.8623464654855968,0.3416095028620604,-0.9137661774151015,2.0408498514564934,1.0991505751907602,-0.5381671315160588,-2.07274185115413,-1.7348744445432975,1.6207370922311926,1.652480520108997,0.2671606695994906,-0.4186517241716772,-0.20201127641931488,-0.39453001504265195,-0.349894516340519,0.3463650546434979,-3.0998976114695993,-0.5174695190419492,-1.1938804285242681,-1.0992923321449544,-1.4910273748691165,1.4115370054856236,2.2423896666378407,0.9264613014176581,-0.30661475355843426,-0.7528929594105315,-1.003210877380585,2.090427540576598,-1.0689499502001978,0.6375832709455639,-3.344087354621947,-1.6109267083010712,-1.9374340790294342,-0.537533371148795,-0.4160693260749778,0.4086124846553796,0.6132996833386222,0.45191976077409546,1.3338912788575783,-1.5222038680319452,0.5705304957865951,0.22882850109376401,0.7031515881589173,0.44694854015318664,0.5982713877610699,0.18324223433053577,-0.19360228776387806,-0.019870601403123245,-0.08867338868574398,0.9330198649897529,0.659250570076303,0.2859548862670692,1.6504591039975933,-0.03155455498753167,-0.5903995838449332,0.6283262109536938,0.5938696403217995,-0.2446524021266323,-0.7304457688563879,-0.8928821349035598
-2.68785346188758e-16,0.27449615365706337,0.8971258423850276,-1.1839625748439087,-1.328803557843252,-2.090091941612788,-0.03586336415730544,-0.5039262257410915,-0.5715920464110047,0.15583923999982865,-0.43821366957736946,2.668115332749206,1.015232883560148,-1.3727921228181958,2.007527501185314,-0.2895349405481465,-0.5184799428568243,-1.8216906000542852,-1.9247816002117666,-1.1706933640999901,-0.7167218872466655,-1.502593213798121,-1.9234397541118993,0.09113513462783232,-1.2511562928669577,-1.0858507313080281,-0.4662176372590652,0.2808347630711619,3.6999177449442997,2.960523978438647,2.052071114149803,-0.8282698688096339,0.014677707314948007,1.8942402216011112,0.8537398889462738,-0.29833637196807694,-1.3855486463318494,-1.7345293746260537,0.9469922931774273,-0.8220106903799944,0.04368480935354846,0.3161081553867787,-0.595013339903892,-1.0151041185808232,0.6545027118225786,3.123293860821776,2.08294298881345,1.4942497893449287,0.44413884057954645,1.1955882366124335,1.5490707467363194,-0.38182305774684355,0.06506145016454014,-1.693162429003234,-0.20568278691372355,-1.03559620197055,-1.5028736517209695,-0.11239804026596434,-1.6723516587732377,1.158850332299304,1.3352231743102427,0.5906837007593642,0.07684388867218134,-1.7798568683413043,1.7999468415735753,1.6854633370524048,1.3857311398153564,0.01912968530106185,0.17016413108841427,-0.6155568318245594,1.3402538274812272,0.6205185567079224,0.4069405983559725,-0.1944394114007763,-0.5752754384610508,-1.2029837537583559,-1.6742032195216816,-0.644057867487965,-0.07846129843755312,-0.8964066881666861,-1.0780408792839837,-2.2551838843801315,-0.11786218854002241,0.43066850398205503,-1.3140718154003093,0.315898978062917,-1.7550944952922225,-0.49387778543137023,-0.021518989625250617,-0.8847874487433277,-0.01811232116664746,-0.9676457448570269,-2.3853405153774263,-0.6523924271597189
-2.68785346188758e-16,-0.09795501177429804,-0.8208190652853716,1.9676050967379028,0.7190099309049217,-1.5743861343382868,-0.7050063142722783,-0.1682816989525942,-0.46195454432699334,-0.480743551785825,0.3046717427852489,-1.1678600240786823,0.04179521895642313,-0.025650173319802294,-1.3625509280474346,-0.31331085626743843,0.8125052866396094,-0.34581532560793515,2.2418647412177375,-1.4788004153133656,-0.1877794120498201,0.6549144192223142,0.1749180271024289,0.9351568370260437,0.6938643830691693,-0.6040984739262457,-0.7048912337136303,-0.5184164760170419,-0.6634708887117133,0.32157790210375337,-0.426457300321616,1.268813007083734,-0.4412545318857395,-0.28837645499819065,-0.42885631770988,2.074671444477403,0.09517494253473568,1.0229388651046716,0.5122137459866389,0.06104540939881639,-0.7255554156705426,-0.4371770088329908,0.43608879429045944,0.8831974645605474,-0.15196205819375663,-0.9243260672178835,-0.5094811795518747,-0.4950624221361907,-1.3551993506650137,0.2474978193168558,-0.2615625408408985,-0.0017805080691311037,0.13405158809555678,0.17201857378612306,-0.3582439463071933,-0.43815359025203643,-1.5757231890115562,0.18681970789693847,0.22337499918223663,-0.4619282361095193,-0.033401767081845946,-0.6185028707971494,0.4048260288068661,0.1682469108987204,-1.398861814924362,-0.18996887579575383,-1.638443224658587,-0.8077056212535929,-1.9210111817009783,0.13454025220248653,0.4032130276578644,0.19008890903071735,0.30560998839756015,0.13207379465890878,-0.4480703084712049,-0.9387215197974963,-0.4337103554218342,-0.6765150844595353,-0.14092055116451602,1.380451246267242,0.39263356766466434,0.6279397824338003,0.13424910545103635,-1.0364231165980033,1.8388929379218817,0.6996611650846069,2.094338414910868,0.4492352312304061,0.15302389683079404,0.03838611454264404,-0.43098422998405117,-0.5007660762772884,-0.7020316368952844,-2.797178717661354
-2.68785346188758e-16,0.8694791615777899,1.4360552276691647,-2.6280754013473833,-0.9725285663458803,0.6509070843615405,-2.3306666435191006,1.5664603377810666,0.17411032439253032,-0.465316675015986,0.2552727713518231,1.3068404332112673,1.730562180544832,-1.3872311377820694,3.1658172904457773,-0.07948267514304362,-0.26774438839372905,-1.7929697830020421,-2.5641482171284626,-1.7087274776728927,0.372593145823384,-0.8721106806476288,-2.5415014391315953,-0.8706049185939688,-0.8460973846324056,-0.5906623764625373,-1.4484179853710342,-0.0686781091897782,2.9843130458186033,1.0343919258788548,1.7483412106545848,-1.0884204582881554,0.6633850936165793,2.0876840950150224,-0.4305416142722036,-1.0497925740727931,-2.2147393090220975,-1.4753438320324856,1.6631511130790355,-1.50402708975271,2.2757476524594797,1.3669053537229983,-1.0171283180456234,-0.898020218810115,0.9294528216283964,0.5431812674832179,4.011983897265326,2.1705157623940483,0.7129895321732533,0.8292028174143671,-1.160882956887139,-2.5745149349085956,0.40271893506714446,0.1106775332666967,1.092324913063402,-0.9429520021489388,0.631120753299096,-0.365999842043218,-1.7246093579271125,0.2803835764787588,-0.5136882432412669,-1.202614995328078,1.347367372225173,-1.2885024906035927,0.7150385519741875,1.2498357933688742,0.5452772517877187,1.832759098827386,0.6423854204698489,0.0019972893310056497,-0.43375652801371406,1.090261793053094,1.5459737526555322,-0.7958528811627332,-1.2227168952523357,0.8637244769923389,1.218638179774708,-0.05100136202822669,1.0585410444904522,-1.039633132244485,-0.9851464993793043,0.3012424268074526,-0.1827948816878921,-0.9306855582795045,-1.7188709202954948,0.47133734221790313,-0.07758475064870896,0.013546297827419973,-0.8420328260679377,-0.19280799027662465,-0.3191400232508468,-0.6668797859462547,-1.3211338500162286,0.7669118325728594
-2.68785346188758e-16,0.48314412551516955,2.0103611220269904,-0.8255710904090902,-0.43838971951864425,-0.026955263189340384,0.04596351936110745,1.7803463559103996,3.4167862551548165,0.6158914459704041,-0.05051021721175673,0.4985544819383536,2.5999383999752017,-1.2215692951806953,1.1374811791624149,-0.42591862119095225,-0.8316338641444133,-0.8054653117006323,-2.1096865605084254,-1.935168750204872,0.2836029861056981,0.1979018127780606,-1.4191383533759607,0.4063355273957795,-2.2384907353261956,-0.4060934924582976,-1.9956113758791743,-1.2107344321701643,-0.21187598676091468,1.5972651192252014,3.0372069202012217,-0.8906728439582468,1.0320737238710522,-0.5640154909369982,1.6459603878849816,-2.6475438858430924,-2.1684458477005086,-0.9641727624999596,-0.5655716220467124,-1.887075325197138,0.24120586686298967,-0.5417545071533929,-0.26188302243175743,-0.692583784982001,0.7667415447872223,1.8183901445195836,1.5788571585152873,3.0094445056969397,-0.37947520312175687,1.0479813932731514,2.1586426580264018,-1.1094029951096123,1.0217660049894326,1.4531431641257186,-0.5444975783961717,0.27012846245352795,-0.2996701310210374,-1.213928359708969,-3.1470294352185126,-0.171588413543737,-2.1485107835138497,-1.6845451694687625,0.38982982892772977,-0.9709307013631513,-0.0551482887014039,0.5004883502977705,0.5354031254435465,-0.08538061505595607,-2.78186516536942,0.13998059678165425,0.6053409589823141,0.774742878682701,-0.536602770835506,-1.0176679170918028,-0.31441400719107915,-1.5820152909121967,-3.434880829012136,-1.7414559604966258,-3.0923508919899496,0.3116237387298353,-0.7914599108269863,-2.438963510743753,-0.34195567490886697,-3.134964920910094,-2.7511634257077695,-0.3189492981613348,-0.8760363725146267,0.7573791459954304,-0.4233301421417658,-2.21915145567192,-1.1529958524468942,-1.0290454741827015,2.251045500697155,0.2006138716951208
-2.68785346188758e-16,-0.7982744302805206,1.1721449127658972,-1.7123838541173255,-1.657624302148215,2.1149916153376873,-0.7073893575979641,0.9531763427464964,-0.5598366661090468,-0.38008928412902143,0.11112924896163164,-0.23434439069320276,0.5290154357116964,-1.6854049578146515,-1.6279806560655579,1.2073352448487653,-0.4634272266183487,-1.6027600733874485,-2.263463239439729,-1.0904837534048446,0.07699328805404133,-1.1779775979009846,0.2763708348415944,-0.03267906824899668,1.047207915180567,-0.34822139559432996,-1.0316002280772056,0.2547166900043846,0.21922697168593797,1.329094460116803,2.783668405931742,-0.6543939101305578,0.9219102351539331,0.694313642775496,1.7905056624343398,2.438094896627716,1.418541758866654,-2.0012989965277557,-0.8918368645608734,-1.6678283019114533,1.8701753672249564,1.4446623727892751,-1.3913041451521553,-0.5542084028259727,0.2889214207514814,-0.1649807775415303,0.7595753252133071,-1.1645969748644331,0.06871393826733244,-0.2032655963369262,0.435776240419371,-0.8625579337861808,0.8279914884576542,0.47917429921671345,0.9292268504584045,-1.9328067680561394,-0.6839488547426124,-0.7708295696752423,-0.7743295861446639,1.2837000525672957,0.32760468785833496,-0.4869275250689309,0.948029483346455,-0.2884532225317438,2.244269220884208,0.17433784793232543,1.6776951719962978,0.9693488861673352,0.9752076734104772,1.351128550182166,0.09641973747886468,0.17862752495762846,0.5854238522333843,0.5343307001841812,-1.2968938434983264,0.2847242953895138,0.6311250708845928,1.266430311480688,1.511330300983647,0.5483597940876772,-1.472063715189023,0.21983119686021632,-0.23847304197286787,0.40896918019742334,0.26898524819231384,-0.05043257840693917,0.6325297861051722,-0.6153662697110759,0.38844701235219503,0.03398783404378791,-1.1332487381791148,1.1303313426473989,1.6252407505391089,1.5318221472096667
-2.68785346188758e-16,-0.8125762243445303,1.7914185408537466,-0.791674768526861,0.18023933406075965,-0.4313144798266443,-0.6890365739922213,0.1657545865245395,3.1038210435980824,0.09420004033173077,-0.8354827871953517,1.731966681185672,1.8911599873219416,-1.4892249112491007,1.5745276041529577,0.9685553746641409,-1.5177509344481155,-2.0563395483423563,-0.3233551487123163,-1.5790842301505585,0.3309441383990957,0.20898229621660402,-1.119645086289684,-1.9177763564442099,-2.030763534139067,-1.3327712406423364,-0.8556676077004688,0.2125736646099776,2.383027594282609,1.750074531435489,0.8736047229341146,-1.9154819444645763,0.39689401905132826,2.329268229821808,1.0084573713945932,-0.912160690775242,-1.634738735683257,-1.2129514678135502,0.7194480405959587,-0.19677052519098714,1.285365427556417,1.494460621454885,-1.3052710110070702,0.6709394323074169,-0.6943798405031166,0.13939098880380252,0.8601199997497238,2.5863882793557122,0.3694002278048001,0.23774142581852392,1.1468668198445253,-0.9882537523605347,0.4190704633415957,-0.688417732557337,0.3602240495281696,-0.9207031955755319,-0.826948506327103,0.25388947816346413,-1.3198665981127395,-1.337759591472399,-0.5532705997825197,1.1155151620875214,-1.0565854847728162,-0.1428614692090875,0.7498370676494381,1.6037975012180852,1.0276280482796878,1.3339172537364572,1.119609933027964,-0.5182103094141979,-0.730047452193344,1.0053655814253772,1.3821692144336235,-0.5064008203429204,-0.8008876169460191,0.1641033695397589,-1.9355776172860755,-1.0429658621108788,-0.09530945151565251,1.802478661059816,-0.10077161744323154,-0.705472698269531,0.33966041208356945,-1.256549668751307,-2.0408724205324487,-0.0037580610145679567,-1.8382147119623116,-0.19266538446143536,-0.7837586837521437,-0.7248854469391185,-0.5113126397124932,-1.5856221510309285,-2.1821309703571465,-0.2840609240937319
-2.68785346188758e-16,-0.3044537525924552,-3.208923820102794,1.7344066527452724,-1.2702067933727772,1.1558008049031903,1.0090700638624541,-1.0774475508929964,-1.9486814135249602,0.12701137248640812,-0.0808898788554125,-1.1174224845544596,-1.622098496564352,1.7378001531111262,-0.8978015773861779,-0.887034108368648,1.806758142273027,-0.6921003855949894,2.225856458092161,0.52969222677882,-0.78598373207905,1.2403799293777034,-0.48519333464702497,-0.5745287709642876,1.0803317799226047,0.2925822655337739,2.9257243873760164,0.7154819600366865,-0.10288901829137886,-0.39559315778679693,0.5160803773250235,-1.1177387373033372,-3.2981937418986003,0.7064699894563038,-4.577222002827055,0.26991593612719167,0.5359090439748451,0.07171348362123597,-3.0840416346668733,-0.02375583740353515,0.0491426893300462,2.0759592408174985,2.667264787790061,0.40848554693662736,2.6140610976489436,-1.6605384794492797,1.632927018935762,0.7464004754641953,-0.9415441288239159,-0.16506656337560874,-0.7442982211900497,0.1912061540079023,-1.1504731318479196,0.48042502042212415,-0.5639302693960718,0.9396513786510021,-1.035172441760255,1.6150391198492589,2.201549083191509,3.674320161215954,-2.523055947650142,0.571742956012534,0.7846175527707404,2.2105291725233407,0.27074623005979204,1.0675914437457295,0.473070853851951,-0.7264883651888158,-1.2602089079157677,-1.1279186146191684,0.9725625091382171,-2.187779402325563,-0.8555514408659652,-0.990859662250258,0.6025018194601076,0.23915552268987306,1.6625630890328107,-0.30072065384019264,-1.0878427841406855,1.2765979663960731,1.4968264850039836,2.1723493098839173,0.3067923361776246,1.3079364106443023,-0.9614645307480251,0.1824832670169893,2.140439992725441,0.21092386822771791,-1.855491089059056,2.2514910780924717,0.584420093626923,1.5520793782186901,0.5923437097560833,1.042134052791361
-2.68785346188758e-16,0.8982200144297069,1.9026384153251255,-0.7523531605561795,1.125784338682954,1.0487887635166888,-0.735581106026734,-0.43619328877929076,1.5306669046772434,0.24156231558206434,0.053436635270558926,0.49265036310314037,0.5665894752928352,-0.18072869459205165,1.0760586715089477,-1.0940103999111785,-2.118076001692299,-1.157851510136583,-0.3718421350410057,-1.686550175755321,0.22268239464205042,-0.2071324177146991,-2.9137972516853763,-0.676999729661937,-0.8921637606202375,-2.39154084574115,0.1738251878159387,-0.2806637701073896,0.9094694612264731,0.7259979790024026,0.9333356941633894,-0.9083790536855824,0.900118582059074,-0.06628421865598555,0.14309726862202005,-0.09588002239833898,-0.46895427940343115,-2.301385936036638,0.02341867307877117,-0.5520692190458751,-0.00024722327250681353,0.456202884283639,-0.7624437911620889,-1.2986785471970426,-0.25336343541943707,2.5217464829360567,2.5439413135220246,0.4979771151399257,0.35751802935418264,0.231059626805654,0.7235451525604755,-2.0390772318658748,1.4313015228035764,0.5327537425812158,-0.3823821565948733,-0.36754764403163753,-0.24458839301777432,-0.6818764132013039,-0.18454924003108292,1.4089758596151531,1.3778633894476613,0.8037465986492188,-0.2285140272111481,1.1501581446312374,0.3933076043699433,0.20362314824772065,-0.481371726576182,-0.2343100475341695,-0.10178449498419835,-0.567103331609639,0.6093678688716092,0.5505243240723322,0.7771295884689761,-0.5496953554463044,-1.2640319451537836,-1.305203613174207,-2.510166028142463,-0.0686231386437704,-0.5171204711581558,-0.11803751968606774,-0.9930782541240937,-0.4464742874684857,0.3648804126251813,-0.32386537456385667,-1.832406417535967,-0.24142156561615752,0.41838316297512945,1.1560139775442857,-2.114503540366392,-2.2204790903116622,-0.15526573615370687,-2.4445360516637287,-0.19012678341501493,-0.6813323808748055
-2.68785346188758e-16,-0.46162502824395724,1.321158451065542,-2.5931761607718453,-2.147744125661083,0.9334517843497179,0.5589354216663407,0.6882248830105738,0.7029057997298497,0.2413442976666407,-0.662237306215827,0.8693171157008901,0.9285685378937061,-1.0773209354385003,0.6678353064229842,-0.5520782075805608,-1.1137161313948445,-1.1432583034611576,0.20362623898191112,-0.04600012410051102,0.6395939442484764,-0.6723720378066416,-0.7235444091130667,-1.3201859999726797,-1.2739377048544809,-0.9129997870014113,-2.8980491505631463,-0.4096699620389289,1.6232578632517447,0.8210980922443184,2.197615667846112,-1.394557738897674,1.2685556977184955,1.8707856149142958,0.5475497475993696,0.13426532863418095,-0.5585310910796258,-2.0407099569871243,0.07096015348473053,-1.2202901116580938,1.3214453707701346,0.6448233830290948,-1.9888039388880827,-0.7114627291371738,-0.3083889667935934,1.8777979975171117,-0.7358938626895766,0.9210723298920037,-0.10979612912797543,0.0012310336918689479,-0.10801457895687006,-0.154326870407248,-0.6884316305837871,0.40432355259641833,0.8480328542839842,-1.4990963714931316,1.109397973134953,-1.3025155721845263,0.2797497885021173,0.9275621071825544,1.2401839178917244,-0.8633863944333964,0.5165135022751917,0.22436306214586604,2.4780430554228303,1.0833948297434517,1.4387753170628839,1.2568118400121613,0.8236185510035858,1.0519020482103034,-0.3370590403372181,0.3138212515137214,1.0704643214284875,1.1537787158682136,1.5126506292810156,-0.7062816399951222,-0.6851933354302775,1.1612975198791817,0.30756059422036564,-1.3246017869306352,-1.1429453356391572,0.15135127304235096,-0.3735036974327824,-0.3928839482505421,-0.34849233725515516,-0.15328510581225954,0.3170537341127895,0.0731080648094156,0.5335628161665671,0.7845027868403932,0.6891514272292281,-0.33247988755563374,0.6947129788104557,1.1961158200139717
-2.68785346188758e-16,-0.05611645230882345,2.006221780734832,-1.8440319338736797,-1.307548965431246,-3.5836699882860352,0.6172073468641848,-0.5827622320857684,2.125797654056876,-0.3188349659804606,-0.7231400251121728,0.9836675133398071,0.6063123525377041,-2.586442145548772,3.3737990015235013,-1.1692016076512042,-1.3889511996599395,-2.0510154947129293,-2.12967419402359,-2.856192781034528,-0.9751557905808234,-2.6363078261889585,-2.316705898051568,-0.17264111284819572,-2.370223119484812,-2.5324476828493148,-0.9539338834110633,0.23945969939569905,3.625389636638225,0.4592417788584775,0.13178871878896636,-3.5056451650537093,-1.1952730644236127,1.4521645792359847,0.020899457946827904,0.11540299905221385,-2.1325691537214606,-2.2582416513564447,-0.6670644201084426,0.04958474470385488,1.5399914445955414,0.2690757538466275,-0.6398438090103797,-1.9013070171216129,1.2415256055326676,1.1604442904350605,3.543903050613995,3.5553154969197243,1.4472785906135928,0.29412400290009044,1.319065220809379,-2.49207857843181,0.5540484818598106,-0.547663042114138,-0.15696274794219486,-0.18202198251895596,0.6143257086590485,1.331969296933675,1.1217755088791603,2.1133562000682673,-2.721272852263208,0.5740253374992216,3.931378452074629,1.5240596311710042,1.0096689830801295,0.9392595898655113,0.7259915729306282,2.7218842867775193,0.7117538128505672,0.11432589690282041,1.8333219939220808,0.8398693246289286,1.5351642211794942,0.21254834654192756,-0.8083357128682694,0.686298496016938,-2.167349787110353,-0.6699506405562498,-1.0603668923775014,-0.8664856064026207,-0.7182347672845537,-3.519209086041196,-0.18942623972757813,-0.7727402846718227,-3.0702802188692244,-0.1220766529194434,-1.3606142069110707,-0.2404802650232547,-1.5224771554192151,-1.125305991209384,-0.09258904181053262,-1.0925069487257983,-2.4820721060348316,-0.7892982987171808
-2.68785346188758e-16,0.06700977019370669,0.051164783907322556,1.0139337175183365,0.9919709311182249,-0.1056553856677786,2.085040666554396,0.6147899336445324,-1.3036537203893679,0.681099273727207,0.4632194022308384,0.823040575903891,0.8407354425844701,0.13193510139190784,2.6607326031088467,0.10548674250934288,0.4778844854581325,0.3619821731529268,1.6355092502358903,1.2621456050849291,0.4721158123963557,2.0225385188682674,1.2706751868590591,-0.435235755096199,0.8357570959465921,-0.41869804109849496,2.2466377360571546,-1.2198018469670204,1.0689493484112065,-0.5143635133942591,1.4233526159768006,0.3584034929244808,0.47599553069816547,1.5080101238163923,-2.2495318328902325,1.5288740535834717,0.2919397249538033,-0.2591355323823308,2.604182679346427,-0.7516186705643988,0.1946793603732544,1.5610621990293956,2.1745980314812865,-0.17848219625311879,-0.5670093896056092,0.6622970196359491,-0.24444771694536518,0.14164112732168785,-0.02363088721416029,0.04487311356562385,0.1721298441903446,0.44313871672079774,0.2830837233523587,-0.6529207339073091,-0.15606257418172767,0.7911545066259718,-1.5623069867901622,-1.4268549517337843,0.138896514981033,0.8400677476392654,0.04775572957203433,0.25447014125313816,-0.9931782049777612,0.6589345078434194,0.8361931725864421,-0.5839764285613183,-0.15442909452849354,-0.29908203046900594,-0.324304430691406,1.343729249672292,-1.2519672113749674,0.5094309878193969,-0.16025321163206058,-0.2939959860579349,-0.0321344451118272,0.7143403644887175,0.954985247844732,0.181378769461288,0.1830906879239538,-0.8468620832500804,1.2299912992458435,1.0752685097682613,-0.37343398595227945,0.14662931102988724,1.35764638162578,-0.6966697988445798,0.21211305921058615,-0.05658830276740794,0.428896245410437,2.4928308586158994,-0.9684125838730577,0.3808038440502066,-0.03944663800398385,0.046612597561211055
-2.68785346188758e-16,-1.0703279421775442,1.5980177284167578,-0.6950382765352923,0.16531251450844978,-2.194460648133235,1.0301237718667127,-0.6934247414817948,0.6682922568640604,-0.8142061992325363,0.25476799657953053,1.3244050744745357,0.4709593255940049,-1.8944457692542975,0.9118670702944751,0.1446744568197639,-1.1955738510445784,-1.4661140947046674,-2.915102527576376,-2.2526293338560914,-0.297661537482467,0.11743341854100342,-1.611949285032201,0.24564050371652554,-2.4720722976021774,-1.1469682284084985,-1.139357745099055,0.602938734740261,1.7218526877452438,0.8063615483856617,1.3557891938283442,-1.8090495535096949,0.36380933616376754,2.2767336543301058,-0.45484603632625403,-2.2853495604086413,-2.170872772650225,-1.4702815350438536,1.0859813742836852,-0.32987672234789145,1.3681094857124723,-0.6803060176702156,-0.8694938286773092,-0.5436482113805408,1.0649112062888442,1.8792314998530453,1.6481796044293529,1.7697139816422898,-0.35878058105907706,1.201093044988451,1.6229321270728831,-1.1433529314459219,-0.8133637218999556,-0.31062729892415597,0.9383590021028005,0.3013856699653318,-0.9047359140113465,0.9175947488193927,-0.7799579311578224,1.6098299914702472,-0.3967507369217528,1.6342135073166333,2.209083818014191,-0.5416134820635458,-0.048950827702647026,1.8780730254094253,0.8235862221244762,0.9811982645764399,-1.4253011475061628,-0.18885253177292002,-0.26796003540116264,1.133578439386672,0.31330097951214386,-1.1863292950413018,0.0852126713279756,-1.2393479166621413,-0.7125007395694318,-0.9579127808200729,-0.36567887649726094,0.31911924233415734,-0.5743868740775543,-1.3587451141181455,-0.21934219015830475,-1.8656525680716274,-2.1592998942570034,-0.22681514985572823,-1.0322024510956203,-0.4591590858726052,-1.6305280910637716,0.21273625783873626,-0.9900399115922167,-1.7057961381068587,0.8050643175423741,0.7644150468068125
-2.68785346188758e-16,1.6456965518964433,0.2686243182682056,-0.4918395986337565,-0.7733545379595232,-0.23001009392034616,-0.18927203031411713,0.7980407895993991,-0.8924088022749734,-0.24289567831236525,0.6901360965320198,-2.3432203374522373,1.0322230648898998,-0.6183317268814656,-0.7314390026694796,-0.1863384449611971,-0.2897673796019554,0.5076847496981759,-2.3381391530879285,-0.1620814509458849,0.17241052357515962,-0.18758004677962625,0.7196015847808883,2.146395152755727,0.6540169581015793,0.7217806639208071,-0.554262422797605,0.12344238501249982,1.5045920118196097,2.8867615994029165,0.6778085378128846,-0.3209193013559237,0.7240392427287097,2.9437546550913285,-0.7151620685686624,0.5295675722460699,-0.43652476939619866,0.2720585348954323,-0.635169188953303,-0.7382977323243225,1.0261657699332067,0.9886852227814215,-0.7259374795183754,-0.6660507486296738,-0.4702832003105021,-0.49012244434739727,-1.8095050803066117,-0.47558220303106985,1.083965630600073,1.4426391227211706,1.7877220358474357,0.623300517577234,-1.0818843486530423,0.12153306085069998,-1.361268112745342,-1.638486167690744,2.098715875956196,-1.5416143698975606,0.8970098296735268,0.8110855205871664,1.0455603803959896,-2.4457397042706948,1.2149936552994447,-1.1576674972493295,0.016861714054497767,-1.083879531618057,0.7177075526006984,0.15299098636717734,0.63191286409312,0.8333885423327444,1.5763260739354414,2.601889464503973,1.8935676900592684,-0.21975406955343973,-0.24017385722376353,0.1819102980254126,1.7141073112647158,-2.0058842108368258,-0.3476558137450613,-2.486695436142256,-0.9613083354170695,0.4680222018962962,-0.6167809963705335,0.6290894874393029,-2.01119736973424,0.24052953062227553,-0.22777079563583533,0.30427566832391945,-0.07987735043817071,-0.8390377675625058,-0.7624164544358571,0.7242329587962739,1.416264196572588,-0.23076213512780508
-2.68785346188758e-16,-0.5079332953744279,1.041809897068577,-0.2906825109765556,1.2061661636514367,-2.4050166436660803,-0.34604076937351197,0.21417336039039706,-0.5935508742103984,-0.013499053931942263,0.027392480639491998,-0.740609740392189,1.0166550166372599,-0.827229880804629,-1.3320850514287226,-0.10343164131389558,-0.14197372007354658,0.15844868461245892,-0.7447237649804876,-1.450444590891846,0.018469290626735687,0.4586936214139491,-0.23144808383614834,-1.022054899556007,-0.8324724377242915,-2.261599300269742,1.475415659161749,-0.20266439764351177,-0.18952501843245328,-0.5938013421686924,-0.7742369512734264,0.15819214238883578,1.2542721781121327,-0.5855732039741707,0.5311008583508813,0.6788104720297345,-0.04802985634314583,0.11527256374975799,1.6601705706549978,-0.7354023308676625,-0.46611400890958354,-0.4882492504037761,-0.8724998604755554,1.2334026433005114,1.1322938084305023,1.8203497637371187,0.9416674523539568,1.7517183989146714,0.4145784573874942,-0.6009746024053843,1.0618359165014317,-0.7465758395673987,-1.165096739352652,0.7757760843388601,-0.18939670956896876,0.9561357250639797,0.5707419412814684,-0.2556633024902073,2.081947590732536,2.223884944694314,-2.2098532834216167,1.625722181693091,1.6918764423853543,2.0629401536912844,1.5268805983863514,0.6944745658516753,-0.8858651193786218,-1.4129320694806642,-0.08683545685967708,-0.6573534431990274,0.3272593683345161,1.7233893176728907,0.2542040010597976,-0.15201844100516515,1.5652841658368035,-2.401745860350869,-2.0315441312856355,0.8974960620306792,-0.5160919513651456,-0.9855883880912748,1.1613960698603731,-0.06474456965939313,0.31147227487652157,0.8977445997137394,-1.6011042366519415,-0.8603945607094526,-0.9460424851018117,-0.3947286463951872,-1.6566057418239781,2.042541311292067,-0.08140038270362929,-0.43615644333014614,-0.25842853537597166,-2.272495371999122
-2.68785346188758e-16,-0.04718151929607854,0.6571421622430702,0.7156792307779551,2.3508903094222275,-2.5796636647679687,-1.1495032144103852,-2.610901594694817,1.5051686978245657,0.5563655830454959,0.1267119440902897,-2.660570585426596,0.563745556061061,0.8079266492668709,-3.6074367391955167,1.4445774946696717,0.6098350240221218,-0.0837702917317944,-0.9252966453560018,0.09832035316185639,0.2040598185353129,-1.0724882633826687,0.7552649616040765,0.16794037929078875,0.08379912625515777,-1.1913331778529175,0.5536949475816747,0.07882162606792749,1.0246381397745892,-1.4600752534490518,-0.9617006573259538,1.0696398795442361,0.9137674177760347,-0.7649017819545146,1.3730433159916309,-1.9031570785416456,-0.7371846182542423,2.1398112870013675,0.6908343861112928,0.22545872056773347,-1.6635905890398721,-1.3929125612647766,-0.3315469650704357,0.8169174282520808,1.4225398706460932,-0.23202571154857382,-0.7143889253291528,-1.2365969617025998,-1.4703113559645753,-0.11023225354543052,-1.8606762670501382,0.04025659650274244,-0.34249657487914215,-0.3380341633392027,0.6591230326934377,1.298018441938563,-1.3195964489850103,1.1247842347947739,1.168413914243383,0.4079762522546093,1.9510022377896767,1.4178146943321335,-1.3187809255119898,-0.9682118935233341,-1.7332194460518981,-1.691238084755875,-1.6611178557177468,-1.6635114254505536,-0.3880604207129127,-0.5044244895465474,3.1040287071100416,-0.022687943348052853,-0.8438347737785392,-0.7174486988947417,0.5616950122712716,0.29153271409039694,0.7284332230073185,2.304434579802535,-0.0964308113558609,0.4286073809290549,-0.2506413323173158,-2.336850396696138,0.6206927392087117,2.1316372484166433,-0.13140072325742994,-0.022783025599565878,2.1695967110620176,1.0169196901142923,-0.5307014378533607,-1.6010497233144383,-1.2469530199278878,-0.64864258906041,-1.0041249834738726,-1.9650099118112059
-2.68785346188758e-16,0.6698750460058167,-1.3317275411046137,0.5996844270398841,-0.1061085966200398,-1.7922813225649077,0.058223827556713396,0.5155272649832784,-0.6305871107642855,0.6932233918587315,1.0833274153731327,-1.8024558166775018,0.426869399134326,1.3522783779597316,-2.6771048583797294,-0.8985913758976275,1.1152098746327161,2.043154799612209,1.2578022385958585,-0.07413668948419422,-1.277596092746335,-0.11855142103274097,2.8220898230448475,-0.14997001573355498,1.4809547197630848,0.2696991836632869,0.34192647679123755,1.0032297933300351,-0.968282986781869,-2.875470148307478,-1.700808882212557,1.0032917813917854,-0.39775351976569945,0.7262021683306017,-0.2464014260620852,0.6934732991689533,0.4149928610112007,-0.6959149656490371,-1.501115085351719,-1.9979240815574286,0.16434954646716998,-0.9730241959574839,0.3815636234442298,0.9123483567617416,-1.1302096263358192,-0.3481102001217711,0.13625584651671363,-0.46766072280234194,0.7341628138697226,-0.4166434502193311,-0.7570635017301575,1.9736994833958035,0.9977122551783726,0.9064344423688491,0.11100675496069953,-1.7646386892469783,0.5483807196636142,-3.217240368131483,-1.2425155117873707,-1.0620351228131932,0.5430797992549381,-1.2608053655963143,-0.7437508486386198,-0.33450214612825,-1.0427976019837066,-3.143422374466576,-0.935621695581937,-0.8378972528560293,-0.11201368942793649,0.03430964389817733,1.1007983367359826,-0.46638906895923526,0.07408059816082962,-0.1729098106816308,-0.19582079105515632,0.5199427730577797,0.42876081260867666,-1.718167014807197,-0.5932791472134001,2.067564566446551,-0.08348364041178563,-0.4467797698775231,-0.42287869393603783,-0.15683143120280313,-0.4688764091021828,-0.6073330033084302,0.003591504268546139,-0.12121293958072199,-0.648158078814165,1.4385011903948486,1.4796435782418684,-0.9860673132538234,0.6053420551299948,-0.18858523229893068
-2.68785346188758e-16,0.988660101565315,0.4020028196940138,-0.553351143816648,1.13377721299562,-2.5959443247459126,-0.09530865240663497,0.4686839227077446,0.534651247491459,-0.2716221817024713,-0.6617019416049268,0.2867748788433727,0.8057103837018251,0.42707356096125093,-0.3679355707923164,0.2973000631420862,-0.16434258632098464,0.6207348220166806,1.0818690776351645,-0.541307251718581,0.1879721082941129,0.719871155564018,-0.11195082086774,0.007524205211837659,-0.1263072365800757,-0.585877166879092,0.15818625005608494,-0.10395327609792504,0.41203974070374805,-0.31203178612305005,0.41681060419038546,-0.2768816801861992,0.132959614927589,0.2289871079546829,1.5009747113353167,-0.4485846622120063,-0.3501493418006022,1.0216358430777102,-0.03604809793505437,0.28487338163191583,1.0786897906661363,-1.4729270121871672,-0.44445806332639043,-1.2268202546400542,-1.7398532962264932,-0.9528058543246513,-0.0932030720159053,0.1388527079634477,1.162847764100432,0.22368730199629333,-0.8451420302825288,0.3721608221097001,0.6937904947792378,-1.7787753957657926,-1.9354405038728533,1.4801058856337794,-1.15593735754542,1.6063119055802169,-1.2083927905805056,1.8956704498166583,1.251344031936634,1.3404411216341705,0.3002597148272882,-0.15073675874715653,-0.12631945141552964,0.478482036449675,-0.6450156840496399,-0.8007175562029247,0.6293751198497567,0.8492808523908353,-0.02990071211327372,0.5319744711921162,-0.02119223649944005,-0.010373260622295911,0.32773763743834883,0.9539181718144284,-1.6156383257032452,1.057719984095044,0.07698527090181326,0.5723417592797381,-0.21513660427222403,0.5713699924131407,1.2542960660449494,0.00883067080561517,-0.11063681609919929,-0.1575740134187682,-0.16111586182381588,-0.1845175084462436,0.0063491220827258665,-1.074747396771313,0.5665377125304757,0.6948711527574818,0.986169132979257,0.4741188002987846
-2.68785346188758e-16,-0.20357286687142198,-0.7015558295191281,0.2877960013953266,-0.9081610455305393,2.3255019172979505,0.485839904504384,-0.2774737674016008,3.7736770944514557,0.9911415971413718,-0.6751561289521593,0.6517860310149375,-0.028414447294381806,0.03774176409785898,-1.1629189515637801,-0.5121100932184289,0.14523163975858194,-0.5569379457320942,-0.46123529530921836,-1.217473664787104,0.04198866616221043,-0.26939917743803654,-0.04929795623733443,0.4534015292779226,-0.8795150498645179,-1.930516415263557,-0.3471741665281635,-0.4619058216946959,-1.3026167023192692,2.5559555902840776,1.3879147597102253,0.7683431699067984,0.6443575094559598,0.8337411213876476,1.180095929670971,1.4464533786339064,1.2939278786460908,-0.36762937638105864,1.2584749345571546,-0.7825811825961174,0.8835414994100079,1.8076768190307801,-0.42559031483168375,3.5504808642308983,0.9128893340186094,1.3125422818862735,0.026889755230425687,0.2057587145765063,-1.1290450927460018,0.07875153169245803,0.5112919244671417,0.477233200965293,-0.9505057701350805,0.5030183773341136,-0.4352930503171595,-0.38463312191978105,-1.4108726990474394,-2.68906995867377,-1.2578314007128766,-1.5297126294262022,3.005283037503238,-1.2575156517580997,-0.2837866360722081,-1.603647283942864,-0.17664116353084275,-1.357138605302825,1.1733895274635988,0.19064515980541386,0.2539889726711151,-0.39891656188366365,0.13123684599435412,-0.09021546560699423,-0.6025177238259478,0.5455361188567238,-1.053169035579345,-2.1484773436208786,-1.4115950945044569,-1.9157037651804047,-1.2937438767572318,2.548430729029157,0.16991481700282385,-0.9741863227368506,0.26949440475187797,-1.2689000936284656,0.5092936420298162,0.16441118514594794,-2.0728432038591187,0.12623008410768724,-0.9874961423098098,0.17276542113915622,-0.29675335167987893,-1.113633524144496,1.04126290091753,-0.20545005693968243
-2.68785346188758e-16,1.533358659638001,0.6835471758629106,-1.8281708223752404,-1.3407274326992324,2.434420965837403,1.005465216456658,-0.4108498825245248,-0.014217514075367532,-1.245103648908814,1.5098867653959296,-0.8355522521186575,2.127644382342767,-0.5979746583972023,-0.9083363240265085,-0.17158333123860486,-0.2625801034994907,-0.7451348182952415,1.2142262092609022,0.5952903571463644,0.3360792880296416,-1.8350588405531028,0.7094216455951368,-0.6012838851144947,0.5715597443081133,1.4310148388925201,0.3529110820115807,0.1362305219785932,-0.6713533135200085,1.1683083093590982,1.6340231907632012,0.044181846036008415,0.8346262048746498,0.48475364526369313,-0.25688341307564844,2.1462267374225146,1.578935989214259,-0.2790620735313439,0.3032481457846332,-0.6568277959196587,0.31669437963243185,0.16980338231188563,-0.8035643808196228,1.2886423595878083,-0.6637140763011407,1.4306446013287768,-0.6917228548695875,-1.4728428918318397,0.8892130918604229,0.6032281099977514,-0.06968964422787816,1.8664227332291492,0.1881383781412427,0.3365365375166948,0.029506181729628028,-2.4679932924552834,0.457249742841325,-0.48493375535754546,-1.3106516580826002,-1.3116043153386676,1.0889290406067653,-1.368650589322843,2.018037840373532,-1.2830998423238755,1.8152128364717885,0.2601012176511744,0.4964839487869618,-0.18880006268823318,1.1836447744031984,-0.08514515997764573,-0.36589530663252734,0.03799526253661068,-0.08027856169833571,0.9239145496848734,0.5606898398824167,0.027196021432000395,2.4253042753274903,-0.6510353041952135,0.5169634208272953,-0.21364238305292074,-0.5126906550779978,2.2606338125715797,0.005578973391212152,0.547428235984864,-0.7264356668226755,-0.6320857994864033,1.447146292349401,-0.17151458855094065,-0.7518406488725135,-1.7287669600236724,-0.12705212939060206,0.29600973393122276,-0.022766402500984495,1.2476105080832953
-1.3046031469419848,0.5793976385173903,0.5356871422505363,-0.38453421500171264,0.16572869066702972,-0.26759068892948706,-0.19279886617534692,0.4734613718521896,1.3692761232218875,0.673994068586516,0.6334824886490961,-0.14853194988034435,-0.133717377526255,-0.11185077955231465,0.16345427788973,2.6362900695124125,0.006545494911433386,-0.6379068805756124,-0.7032592663407604,-0.0932500828564905,-0.8466717578115563,-0.5895104734925523,1.3202154422553896,-0.12357325893901816,-1.2136368525693904,-0.4500790547847706,1.2044262340121605,0.9423182067276382,0.6435898851119254,1.6836483303567746,-0.10657627116319579,2.1661253188487826,0.6094559998321234,0.062441021607423985,2.2378276231357663,-1.3916294401962208,-0.44100863736059115,1.0983579183664327,0.23447388000552394,-0.44839762783746184,0.44741009759135353,0.7768010014008903,0.28014662168259913,-0.963443795428212,-0.9422651633424501,0.8487098284882115,0.8440681532667671,1.05937972412922,-1.3286890851401865,0.4087250410610113,-1.5342344940895765,-0.5206198426277926,-1.4025077689917393,-1.9021282035328881,-1.5024912022450254,-0.9116665805306204,-1.3355393828391335,-1.35754635729789,-1.8481410442287927,-1.2274117593538876,1.6813369222993377,-0.1629196647077147,-0.5228404795816779,-1.1647671478289745,-2.8946487572625355,0.703972974361833,-2.3823669581819233,-1.410618132141582,0.4636185938386431,-0.8023760604497273,-0.3271469303322151,-0.23212003922202495,-2.3384163834752876,-1.3808343004709684,-0.2527870952518443,-0.1674403769003289,-2.2631618740942763,-0.28868837819295556,-0.4066221945457845,-0.04021902407142475,-0.47302666992931464,0.22185197605304985,0.4621861148928861,-0.008581032693188967,1.3629121473336954,-0.32114648796956,-1.2079771848784526,-0.9155661545979598,0.4366258556921804,-1.280727556178185,0.035268392891488254,-1.781689727966076,0.3926315087709386,-1.2023211673897718
2.9606592312046325,-1.6229333673563595,-2.780563664660486,1.2279481883752899,-1.077926306482011,-0.7177544124110283,0.6445412905221968,-1.0848800306835498,0.154275967782592,1.1436350797927464,0.5998740263202533,0.11370563448899884,-1.6491791640758247,1.8920098913946493,-1.3884867578043603,0.09968275030919926,2.881160806986307,2.893726489090678,3.7500173807532673,0.3747152204796733,2.64948808354207,0.7897393132685986,0.30417198132121187,-0.2880758067750063,0.244936951680924,-0.6941177699042738,-0.09537317385848043,-3.069004132984374,-1.843706641558831,-3.919730552639356,-2.1373023803468088,-2.1871029959753745,-1.1199619647251509,-3.0375895387468863,-0.2445773391088778,-2.5780370187050483,-0.3118416127159655,0.003654423321295952,-0.8131520401736148,2.2093669574193173,-1.59814754766464,0.426660742101182,0.15493580596234496,-1.635859972355476,-0.7660756217579775,-0.1539714637032246,1.0197114765927082,-1.446927629479246,0.07518291511022757,1.0505836045334276,-2.5373771197801944,0.7360935954057838,1.2866659360493342,-1.4052948123878541,0.5188785496814484,0.6792656032645048,0.6018204783885698,1.4022762103560749,-0.20751677150664402,-0.6008661063947203,-0.4074172179917071,-0.02227521536051852,0.07954004970723244,-0.502557183288534,-3.0306352723280847,-0.06992965139934128,-2.34221147682188,-2.353701209905055,-2.0618390054910476,-3.7636371207295998,0.23231684555466225,-1.5184387556828918,-0.8876377649700768,0.1314543467109094,3.7143614800759877,0.9182048574081234,0.18496111440868207,0.09769888480082412,1.16321806082703,0.43816493457767686,1.5107357449121634,-0.06472771203020433,0.47047393035093965,1.7920217891880452,0.9933082983693025,-0.321198857464392,0.5749847239385764,-0.1868835860944573,1.0345050494132542,1.2675334130734681,0.5429914025461089,-0.01349377158810039,-0.04010455527545165,0.3954419653322748
-1.9091060524741272,1.9831575640095938,0.5793749516976388,-0.42445055708349333,-1.2382530179231794,-0.981259641647716,-2.4368333838566887,0.19090134536833087,-0.8721525335800463,0.29095216444825067,1.0506070586774812,-0.6801736265038755,1.6987315183870206,-0.8819848982000751,-0.34185618279562013,3.8701336128650907,-0.7846699192576471,-0.5536745037222216,0.12552818782822686,0.6014913694041197,1.1238094740376279,-0.17648670507862885,1.0647335554619641,1.1071350425429982,0.2282113591510111,1.226572132396223,-1.2771398246480539,2.14277899566576,2.021770063940701,0.5844314967202108,0.9106824431046378,-0.32961224617252216,1.0401126879866986,1.3647017191168707,-0.41233897218534926,0.8632624142352324,-0.09339286515474221,-1.644047177628902,0.09692758484514372,-1.9864494766578504,0.5825214584302427,0.8013419047991658,-0.22016166053502062,0.881285736681362,-0.20273560467669255,0.742483773770341,1.4986883249592777,0.6368670673994061,0.16843213608986385,-1.154091687830325,-0.51403037288444,0.30571646810462155,-1.5022820775547179,-0.9687336463291994,-0.39531991628705276,0.17808216173395297,0.5271124491815504,0.24027179358096679,-2.189962079980287,0.5993960707753575,0.1210077445326404,-0.2606826561402974,-0.5226440654449003,-0.6871898685577315,-0.04066761534051749,0.6312105255755724,0.5144370050241871,1.1302288770591458,1.8641890472655005,1.3276291645847111,-1.03582225744643,0.6337168512354735,0.8965786257559265,0.06518924811538593,0.4743228040624602,-1.1472964092460045,0.5753023271366622,-1.856148686125508,-0.25470049657980876,-1.5304681050500182,-0.5314359039093082,0.19602690189084612,0.23736342599116844,-0.2610795432065673,-0.6014791229644921,-0.3338130608220129,-2.1382797215763465,0.6040720280510118,-0.016193076543016386,-0.3231017340634684,-1.1604024256905374,-0.9986690431775684,-1.4365087523216697,1.2599275496843823
0.053514471167785,0.1806436300854508,-0.18590219801099447,1.0584621517848594,-0.06121480631740722,-0.5704317702445945,0.7504661646501802,-0.08966492268612125,0.09816110919767024,-1.3754410870093747,-0.36466440361559893,2.028479925113086,-1.1698966018174235,1.6609932748099185,0.16089721336591073,0.7646318871969066,0.9197084445743444,1.5307639771581956,1.0913635536596693,1.5309269729211812,1.391499644582264,-0.8311080749624798,0.35433248083978786,2.402121856439459,0.6966181184940946,1.2317287357813813,-0.34205659310051073,1.4107353288866495,-0.03635688819092919,-1.3706595053774369,0.1670666434759246,2.0923421167334135,-0.35593545210200184,0.265673320423989,0.18046872511937784,0.1546069337757719,2.1671764310525994,0.2629952524622663,0.4515189878115653,-0.014965954683402193,-1.0248868309236603,1.3257767627231596,0.22425812152000718,0.812565364579582,-1.7878490127507174,-0.7922198268611433,-1.029456708322882,0.17542162427789315,0.9840169832461847,-1.1023990359723568,-1.9675061190264804,1.2419142881304182,-0.43870999880723155,0.8128864049551556,-0.43740100779995994,-1.7214400378823378,-1.1650784117411106,-1.0559992641778744,-2.0261106645991025,0.7556438574266104,0.05517227855249322,1.069595288781895,-0.26760223439732195,-0.09162977619467683,0.4656203853520203,-0.486275681335991,1.1014698706869646,1.0357636245813315,1.2904635282855839,1.5406258766264067,-0.19485650242672975,0.4826238661118293,0.117151396704046,-0.5225195302102836,0.6166608130716612,-1.7407824311009301,0.3768671146870574,-1.7053540150633335,-0.8141570939788297,-0.415135529718775,-0.16311757460039822,0.3661150132882411,0.36402196824438116,-0.1454012755728055,0.2798785082455929,-0.5427635399966696,-1.1431915858980588,1.7684092032589316,-0.2685006796537388,-1.2858324748971293,0.09904798211771108,-1.1063325244390125,-0.5742708283602403,-1.3482446162049344
-1.1461082786843886,1.4773896779396232,0.31518460658563546,-0.880206232729871,-0.6087541699080891,0.7835778335908832,0.7585685852309151,0.5043184938144551,-0.24481524603736593,-0.6552942797326627,0.956098414654547,0.6292877450832546,0.3090544058195634,0.5303862639755749,0.3661052485521054,-0.9026642493076507,-0.9081880320387049,-0.00927861050352495,0.9253004667713857,0.2430423008560666,0.346771364069893,-1.5392573869619839,0.7912516711519816,0.7284068465966693,0.7398206163039138,0.6623297550881886,0.18323126427188474,1.985561721622854,-0.37287767836874486,0.10948931981519124,0.8707525147203405,0.03086299724071806,0.3128150611565723,-0.5140855406012994,0.815750495498504,0.8449571476839737,2.1048239422529047,-2.5204510079654407,-0.36172725593803196,-0.2708612766083497,-1.0988119671024315,2.2799263395827167,-0.44157182663924077,0.5655017342664121,1.08142760360469,1.2155177231753944,1.5649176636329587,0.5145932878960571,-0.1750781887592563,0.240545315340458,0.7721626254817182,-1.1012083921340063,0.41987897548894376,-0.32421527124329963,-0.5997530397330506,0.323816870101972,-0.11363928352284947,-0.10939198905725056,-3.4116292039518106,0.9722999221716029,1.4328717374587427,0.34877384395877764,-0.20683352797996013,-0.3613447545366512,0.04429596638064204,-1.0117983055584625,-0.16909722007102623,0.5542390995534725,2.0432814114788043,1.74184137310816,-1.217652347908964,0.8053350839005189,-1.9636177773074346,-0.9565766745890141,0.4233498328948887,-0.5683094288004475,-0.32726010294878805,-1.3061708411493362,1.0800781313693955,0.11164592461395675,-1.6184636099332605,0.185985409016256,0.2945628076300076,-0.39857688924572476,1.387986580591312,-1.0409302770255466,-1.4662000345926665,1.4761236227546668,-1.012681790784127,-1.3349024494166535,-0.20475297985029584,-0.23129952954513053,1.3480407937875365,1.4741670092997392
2.7555112061338565,-3.877093791853154,0.22537066281538015,0.9921148753242662,-1.943493499976694,-0.049238509830557775,0.5851666715653938,0.30683630726533195,-2.345923266673478,-0.0073177233949580645,-1.4812243362038455,-0.817078950430415,-0.22868100526459048,2.6634065934235536,-0.9202988832407952,-1.4318038445255459,0.8984695133396187,1.9455803711830448,1.8789973280733108,-1.4343108037496446,-0.013290926144449378,0.605830999177992,-1.7135457814519648,-0.3666463374502007,-0.310359216005396,-0.5413770273984906,-0.8473127665002911,-1.8315008397106836,-0.6379888261819615,-0.9933951366326847,-2.254558803754768,-0.5647701600675663,-1.5598109810143765,-2.1805763339154502,-2.2599352556178625,-1.4699759967879702,-2.32423652826295,2.007167031991034,-2.976572654525363,1.6240519056886462,-3.0541699749897138,-0.8055721654830295,-0.754406401543222,-0.3425900083553593,0.027750361082734376,-1.169718446424381,-0.21248657515094085,-0.7605917813568309,-0.5393424833914993,0.11163603610711831,-0.5023331437240515,-0.6021366697433067,-0.2218718016635015,-1.5158394061740057,0.13199527626200788,-1.133483928771097,-0.8961639167855537,-0.16991652231426038,1.3074774255733592,0.13478156427540644,1.2145976327056496,-0.17346908051041404,-0.9634961753944729,-1.1191052015737069,-0.7246385002957513,0.5076473333499748,-2.4409288535163784,1.6321638469238717,-1.7643163716813648,0.45101200844496525,0.17487223919223616,-0.9329111944944194,0.35340506142646033,0.7523247940233655,-0.1302647128662034,0.12022469890225848,-1.837887781969995,0.6631284992325074,0.7734951120859243,-1.2403626160022612,-1.5067332394869133,-0.2719564021101428,-1.4574795291130407,-0.04694108417711989,1.2566526630771855,-3.3738530169762884,-1.0821161817502496,-3.0771218020722775,0.2655844182923468,1.1629992437476706,-0.026393640260693046,0.09984194432179216,-0.39547769470001365,0.1092674763781607
0.1364598332881906,-1.6917912777293251,-0.23833242567464988,0.17513357175719768,-1.7313059824719061,4.195580033736562,3.1344155929207678,2.0920943580580356,-0.7455414283109141,1.3012994197229588,1.3145208378247033,0.38943566433416893,-0.055507959378916505,0.042509599117081076,0.4934614269494528,-2.188892978590615,1.3628925111088535,1.035893256541565,2.1716754958947817,-0.4933519001245305,0.8555911005288539,-0.48074188384904826,0.4271772152651349,0.9693104129426147,1.0232055006128713,-1.4577596727417692,-0.13943372996201014,0.6004292687450394,-2.302307961033801,-0.5253985474252861,-2.478257647704696,-1.2054657591106208,-1.1973705736787355,-0.36980838826274887,-2.2805581322290895,1.3953228835010232,0.40704821278712433,-1.492105560446086,1.4171825298962375,0.05699588946084366,-0.8040505821026317,1.1326582580839082,0.04056647293177906,-0.22638030017333716,2.965475701874147,2.6301033352373384,1.0856318850394817,-0.2675330198436388,-1.4517099152529824,0.954440124364812,0.2229740848564565,0.3487138915071504,2.252750641539243,-1.349846523457956,0.3800314780109852,0.03403128415934975,-1.2966927988916488,1.0044538340537679,-0.308489544606621,-0.9281991213606234,1.2781162947997122,-1.0121903626067565,-2.5400375564238296,-0.5051214080089531,-0.9864156424441379,0.7832260841275002,-1.12753691416175,2.0885531574526146,0.023127679650324584,-1.0898765655506006,-1.5957434086305602,-1.0075854697875077,-0.08405655760446928,2.9676479679907506,1.4334400967544831,-1.2165154768356592,1.6502428862849547,1.1118800213908941,1.6107665363071018,-0.9377103981208157,0.7716029082864876,0.9349818819942152,1.4579345277868467,0.9802812110592706,0.7679778854311331,0.30347472626809585,0.8836110733554271,2.1775225324909475,0.6425161151576865,1.5232163805585421,1.7674938502692532,2.9877199431845014,-0.9947871161441568,1.12713742846204
-0.8414769289222834,-0.13831258792371556,0.33721571377288984,1.6264997063365292,-1.0747329211543608,2.103936341914901,-0.6765679856825269,1.9379405714576248,-1.4319543147198925,-1.2332036006315559,1.7362223771136764,1.243345078446362,-0.24716107481402838,-0.6746655820851668,-0.11820480556534743,-0.6566124166767211,0.09449689009175499,0.522427625898688,1.4475779155868334,0.11635015544277838,0.11435803914809572,0.8368478991095207,-0.2803787739401318,1.3807319699239167,-0.15713293110532556,-0.41975298342243206,0.48573130333867864,-0.790736880473136,-0.5975214925842711,0.9696028925632785,0.582755242251325,1.1558723820105201,-0.9600256222002452,0.9614972937903312,-1.1726187644503014,2.2917787625625783,-0.018934362431793916,1.1660356220594492,-0.01944833779361599,0.9330783229858047,1.9649939312180948,1.9807697137354374,-1.3265015402047802,-0.9263852891524008,-0.634577365693047,0.2355299290228794,2.1916139314359313,-0.5768016956186861,-0.052544833166721046,1.0587185317166812,0.2385467848345556,-1.5633932364720473,1.1023024690194947,-1.0786242178005694,1.126317332367367,-4.288602488685121,-3.03136589779237,-2.9420193697397155,0.5295185488549964,-0.7113351763500022,3.4889777449253314,-3.1050740111319146,0.04129204444842638,-1.3669756751072766,-0.8069387170997646,0.2662663286650158,1.979240768486429,1.823311568653884,1.9909066303911416,1.9144006547264496,-0.7350475527901612,-0.5818967837163269,-0.09722947010702132,1.2006232131331929,0.9067861171442109,0.42086115039358596,-0.7846746723631434,-0.7373144522239465,0.6694056070587037,0.3326679819442722,-1.5463941652466573,0.07076341731730591,0.813009390249371,-0.7164016453640424,0.11572680031748778,0.2497583010954807,-1.03102716614184,3.1126779253055235,0.31549476430789475,-0.9306559928129043,0.24127359077391042,-0.41472794203449204,0.44433791778409726,2.196966257437477
-0.5087396317433078,0.15294449280240985,-0.37739906854739574,-0.056072505562762553,-1.0695054789096239,-2.044597594992528,-0.7709835734354036,0.5034709668050716,-1.743212552200379,-1.2174916730343477,-5.145048187346173,-2.3092840073340892,-2.875766489198969,-0.1842290672383984,-0.1819078031531807,-1.1126571177148976,-0.9201322856994657,0.31434056501383834,-0.02904356612998632,1.7943578089684964,-0.6670833369201772,0.5456210483531951,0.14001550056374168,-0.45438495237754206,0.49052041038464556,1.1602616593942843,-0.8035700946208082,-0.11370734225138296,-0.5936193604678712,0.585977827327006,-1.003728362970901,-0.9910828096738008,-0.6266472992227106,-1.5405028050784133,-1.5194180453890964,-1.885323932715195,0.20774341250553346,0.009831471578107626,-2.489168595741526,-0.41163493803142504,-1.5260043948297004,-0.784267598251418,0.42369864377116206,-1.2132904935713067,-2.7211043680011406,-2.238577630978272,-2.438642238688947,-2.1751401092472564,1.4295875519403978,0.4546117505806081,-1.4312432000587947,0.3870371572630359,-0.43519289345920686,-0.3032628275045729,0.1505063031486623,-1.195029939736312,3.4055743509514054,-1.128788666877323,0.1927593003061866,1.9425648811596594,-1.1128354791515107,-0.2582107423725315,1.8665774966722386,-0.0005933537570335101,-0.6237300758471167,-1.1469410314062347,0.5696768306919027,-0.550496444593791,0.1998149547035803,-0.08341180493050582,0.4193238170370908,1.454993281053616,-0.4211249665530069,0.09315972374268583,-1.9756828686357835,-0.5382127768168049,0.5650907160843942,-0.874153229521381,-2.0226141663624886,0.549750222325671,-0.7648212666123204,0.37476204118628353,-2.432789087675162,0.8385644231528956,-1.390057312160493,-2.090201372700524,-1.8702772966383614,-1.220032462375344,0.0015149584293789311,-1.6206635772574014,-0.8072458100557764,-1.1556807909110942,-0.674911731265143,-1.0203414960819976
0.7483110570633911,-0.8956562786630187,0.5836222096310295,0.5424078889130175,-0.6305194868348842,2.3115369993529207,2.1313520423675643,1.3978722599324493,0.4769678237378987,-0.16903732543503444,0.07682768447970578,0.9141367428937457,0.5189773962418059,1.7616354569936377,0.1342425153960091,-0.8187710722120866,0.8710082532366126,1.1812348477039847,1.446452510752438,0.265283660892495,0.86250420604938,0.44300073841938636,-0.19260477635956963,0.933799051513641,0.6129649588278514,-0.2396848810094813,1.0418023735546544,-0.012938719956168077,-0.9766368481046606,0.6382046542920152,-0.7516256491819127,0.9591934934007753,-0.4490612283529384,0.035494932008371255,3.1439681225527067,1.5487744759172528,0.32411249154698973,0.4790505511137493,-0.7272235818371598,0.0035375833453604177,-0.9578109212485618,-0.18734025873654958,0.2898672900138684,0.44845386789078245,-0.1281737903761544,-1.138453852414577,0.7610001621490796,-0.07016092729131024,0.9121720670512015,-0.6964648276924104,0.586346659519297,-0.09348784764648033,2.3276590719406305,0.23782091677795375,2.313868283362542,-2.654217507731454,-1.4408541578167569,-1.091652717309456,-1.0609665284485887,-1.2006420756561396,1.8966422915450512,-2.398389157274207,-1.4938705564706254,-0.5150845702145543,-0.7060995285847064,-0.10475632350763298,0.6920888621281684,0.24077976620027175,1.5896491088740254,0.572659266775944,0.20164117242185542,-0.18259008970883034,-1.0407786858669725,0.794996894102974,1.067339384604017,-0.24216544876006435,-0.4711822602458737,-0.2897754667805248,0.6825843079939666,0.5920718615603283,-0.6965696371776624,-0.18027878476431128,1.7782057948233339,0.016552918689080355,0.8175045748794334,0.8699894222477176,-1.3611715846701467,1.6810531720311905,0.7444251612242967,-0.5510528523577175,-0.5561016213010572,1.3023628998419616,0.9542609402532859,1.7163505198484161
-1.442599977584606,2.6814762003658257,0.39835527549377725,-0.9931742964166367,-0.24521935252410598,0.4900248732368724,-2.118081834313678,-1.011464136374288,0.3811957944640457,-0.8006860733650728,0.8130389528638067,0.8213353602251703,0.3110125114020256,-2.037312816461542,-1.6362467226671915,0.2953144573844946,-0.11681198057654374,-0.40622672149793726,-1.3348655631377622,-1.0707438662407998,-0.04386325070717001,0.3480976665371667,-0.15331164733996572,-1.3023595388818736,-0.8965315402821257,0.3108718873312866,0.8467088226816089,-0.4269858364080742,-0.02625556679097263,-1.2061972053201857,1.01370036257673,-0.1281166161255476,1.3618272091940056,1.7662021399871852,2.0850152976316414,0.4794267794022209,-0.19357953486543733,-0.9684603389948905,1.4524655153828328,-0.855092414458414,0.4891299732050126,-0.3987396425966965,-0.6301774778956086,0.17193679065575762,-0.31227796641254213,-0.1953502332734337,-0.3557079024252141,-2.0675972258155464,0.21159322447000736,-2.4717174243122946,1.2881296833680458,0.6550777375678943,-1.2215819799074985,-1.223300135535125,-0.9978662751901846,-1.440332611552806,0.1270100805222183,-0.37714933816459906,-1.3757377729798501,-0.852945100097451,0.8405872126687415,-2.0109798655463273,1.1666055968757805,1.4214541348703635,-0.7854470504239983,-0.9983964425137724,-1.6249161906701421,0.0456085195036999,0.15276645168969383,-0.9223058154519617,0.948471685113764,-0.18556185211976384,0.6717816139770438,-0.8963392453519555,-1.1528382006163351,0.8562635458636797,-0.18612732546695382,-0.16156379252181158,-0.9175174521358168,-0.7393645193333033,-0.1319620844095099,-0.5322674855115289,-1.2414967794179765,0.019349632061606153,-0.2366787118018654,0.3506249243251731,-0.2724457244377791,-1.7409104982297108,0.7991599425779424,1.3567670148203979,-2.3512091122964205,-0.3652303861859165,0.39085559293346317,-0.8222316992818467
-1.121596884217414,0.9561828015990798,0.43569000882201175,0.9364184872568958,-0.6879016581578365,-0.430886538710051,1.2318982931034779,0.21975638605112524,1.778169936954197,1.2301419739482018,-0.9680866426933001,-0.8672252754066248,-1.2220178908079555,0.23631886308292172,0.42172789183236026,-0.5139915325979525,-0.13273873126237362,-0.2781131978762431,1.3563832055964196,0.5435480832379511,2.2746963625359173,0.6356702715809813,3.0021861442518896,1.262173591210782,0.691342354918385,0.6237796435392116,0.6597536346295264,2.134290391786528,1.0864029883880473,-2.0064340904189764,-0.5735183029234855,-1.2833531752996392,0.5181923800208669,-0.39247238553099983,0.37009642725551223,0.5539028017449296,0.2779168869234128,1.0797723261579442,1.328759708388918,1.0138159865426168,0.45591375552562563,0.4227480822907831,1.8024846142138051,3.5481052443789434,-0.3766447951643027,-1.931117945165641,0.024756708405755886,-0.5092391358304132,-1.0247197103259906,2.661449903207179,-0.7591022501993558,0.7327085225588001,0.004268570184073228,2.771016263217409,1.85814136862989,-2.3260190501570124,-1.06477270456383,-1.2467415661025163,-1.193420211593418,-1.9356941057531625,1.1720256021171669,-0.2600518270572812,-2.4062607605730166,-1.632934344622864,0.4011400999522115,-1.2866943905774195,-0.11377756441659873,-0.3148121998116636,0.1410840713550061,-1.8461899512359705,0.08328496611039714,-0.22842061052008933,-0.5126852937638428,-0.6790162953921793,-1.0886506792509565,0.11315888656986037,-0.07591798560068833,-0.7504801261778188,1.4517934445902951,-0.7951445738330996,-1.2193850789176404,-0.5418391211635221,0.6339071745568401,1.780693347756849,-0.1040906553821902,-0.3102334074145559,-0.3824410267879993,-0.6832591770399395,0.15505929060821674,0.6776785817465886,0.005789125667310047,-0.402178824076275,1.3471465886439633,0.3442352512937502
0.6336809679738544,-1.691706339475099,0.12718016688003908,-0.2794765056256766,0.7366100753496658,-1.4121278156855461,2.041430460126917,-1.3459827074459865,1.3165831282217022,1.5229449913466326,1.487824849965961,-0.5350283990727486,0.31583637170233214,-0.024779874927739032,-2.409725071426748,0.5109801228247376,0.8115846608287276,0.3874641351911998,-0.6648087312743192,-0.7758673778165731,0.23896487434063307,0.48994202766627093,-2.1544243168784356,-1.7392041176899269,-0.12616441287117988,-2.493893992804181,0.5018724689566375,-1.692222381909969,-1.464037963382129,-0.41755576270792294,-0.6205644366905259,-1.3087232483229214,-0.1958005621478202,-0.2871973284262769,-1.1242787497282385,0.9493715813941421,-0.40177579969774196,1.426527479773361,0.5392112174864673,0.9766178011027096,-0.3487495386241674,-1.8220381674906756,0.05130133429180833,-1.5728328085498382,-0.07459137155818754,1.3750932318557973,-0.14144355248343188,-1.3144030076604811,0.0803807739575047,-0.9504258597338191,0.9268591706877404,1.2057289475103676,0.7457330927667158,-0.48384184576787737,0.8228199091489553,-0.22322862231135077,-0.5352226690515592,-1.9132698731758446,2.4081319494443525,-0.4675114660737703,1.356427531982071,-1.676929260984999,1.669377248252632,1.4620438699437202,-0.3143616647231019,0.045320188070875456,-3.0238678933753436,-1.8202062220024835,-1.6788216334738575,-0.7815788366587725,-0.022900747611158845,-0.8680568001539473,0.4212228310728262,0.4273180426230765,-0.4800573852694703,-0.9207314562023333,-0.026433001957462964,0.9621740860428806,0.47279832119760634,-1.0052071071789455,2.7158492315728004,-0.8130866701361882,-0.5323510144644434,1.1386573347915652,0.994711385676136,-0.18212543035164847,-1.1385297710140274,-0.3580577721951733,-0.6274972157012643,0.3581419605279431,0.6330101108963968,1.433957705988006,-2.1169862400709016,0.663445369711665
-0.9933706409522624,-0.5020289168908345,-0.7054495967214343,0.7357303175225524,0.9979232445984949,-0.299336780729585,-2.174422114792484,-0.2215114221431922,2.119704334167622,-1.3630983129500378,-3.9544789632056663,-0.739922493216284,-1.6009368160033959,0.22613534705690977,0.6761636158216453,0.6448170203362324,-2.136517295140915,-0.7378430197265764,-2.074733997258324,-0.15203754155937943,-3.34464463201632,-0.9466566893043182,-2.0098310486419697,-2.95562342021097,-1.8006601819638883,-2.113000475280753,0.5117359045263143,-3.379701163409226,0.2875763882844943,1.3241881015435535,-1.130710955110634,0.07159303801425522,-0.8077024360975408,1.8703352244628892,-1.9989183715208771,0.2643915435374344,-1.9906482300459314,0.5261059595644618,-0.6078962055893612,0.0978621430633983,1.4038433937646366,-1.2124278360282874,-1.9593838506760757,-0.4713862038015917,0.6771408587979604,-2.3033965674042376,-1.4210097792875147,0.11109411479842743,-0.454219687336455,-0.8588958918547167,0.5184438655443628,-1.6481840435699127,0.12666727479129886,-1.1044013912386395,-1.041648923245413,1.3387118063078296,1.5718422479385856,0.8320368712716191,1.0577628834871171,3.6659204121745677,-1.0250727776202049,2.1202782737596046,-0.3632647194171229,1.2790905643631325,-1.3765922036888305,-1.1633217282965278,1.610390298559212,-1.0782315430307348,-0.01699216185661956,2.679565031709238,-0.3257247283519026,0.5985203027684068,-0.4463071722198154,-1.3370305738747854,-3.016949813872806,-1.5588943837340694,1.5915126232843664,-0.5039043219423627,-1.270830710256523,0.9005831818746858,-0.2540262690849222,-0.0267639210614567,-1.1122674968473563,1.1600907649954466,-1.9953923331470587,1.829501474913986,-0.37326687630708855,-1.0269958796058907,0.07133344498155572,-1.615936445266336,-0.8225110622118902,-1.2880765939139747,-0.6564029499957418,-0.9617302094103792
0.3337672174760052,1.3864720833490796,-0.025063454252607077,-0.6226492983547343,0.4780457774226451,0.22705683310031627,0.3261234429972186,0.9290972475997896,1.3485353944219587,0.06396814759653596,0.8047593493274259,0.1578162008264541,0.22457558046155957,0.6124287106808392,-1.0525478106542985,0.4739223854181835,-1.1677849983842796,1.2790916991442585,0.7399345040132612,1.2588621982168615,-0.05802897768448545,-1.6802617002387121,-0.4320111845604897,-0.4112085463035531,-0.06960292694808184,-0.9886047281073365,-0.7146185372370065,0.3589020777835844,-1.4938120282455194,-0.853222374128117,-1.0377515639098702,-0.20590471560648532,0.37871293405646517,-0.37242801445100787,2.3019961208826283,-0.21946248211753938,0.29094840015375495,0.6115250081931377,2.1005560547414066,-0.10555879403926882,0.6399962369587554,0.3209386249834735,0.7585316343094137,2.019331235553139,-0.889773820959403,-0.7002743963863953,0.9615037888909295,0.49950156535828094,0.29061123119049037,0.49634876154428037,-1.6589357833218998,-0.537162468189617,-2.9601205193472127,0.41731540798789024,0.8029171829953599,1.0306687769267833,-0.49484445833527974,1.4830410897774746,0.3571633378907611,-1.3231915772677274,-1.3300872173487015,1.4433477873873777,-2.361500039320684,0.7964143936979513,0.5532866728514992,0.10433674342725562,1.2361618898528486,0.8546751753048519,0.8007106453043582,1.505167582780948,-0.43020296988508416,1.067823799428931,0.34941421937136485,0.7796104465141037,-0.3567435240854555,-0.2853834614102788,-0.09164249817072048,0.18325208475391552,-0.06184777813740666,-0.045006446775454394,0.551127615749998,-0.2606447563502905,0.7186784831846307,0.13823321112389264,-0.2811571037056678,0.1671571157674067,0.4977887805186473,0.1306890897642432,-0.4368929152658148,-0.07605575107601126,-1.0844330515245546,-0.9998468931341469,0.5826647879283112,-0.43697747332486425
-1.566311959241626,1.0124199879558327,0.5921123195804608,-1.0250407535924468,0.7351869686809601,0.6505291272202542,-0.1977530133491026,-0.0859207162487419,1.7084832875092124,-2.3293243252141407,-1.036185205324046,-0.3901961672141967,-0.9254395876292847,0.7002700461237186,-1.0535167323006316,1.1848750593376987,-0.8782377378385318,-0.24620460258659432,-0.23251911163662087,0.7246444042099688,-0.8266536560682004,-0.5210675911890159,-0.8015221695971748,0.48748913509171554,-0.5300270812733271,0.613243673695706,-0.894163591176615,0.812924545767233,0.2660158620377255,-0.6090719669204262,2.1301673996241894,-0.09164199536497575,1.2442282059519525,-0.25510130315036134,0.9619862773290151,1.4156215282072002,-0.49248976146713064,-1.0685919879285815,0.02112000790673907,-0.9496042007260486,-0.4631151400723727,-0.15875989781136482,-0.651077841815449,-0.8618773673993411,-0.039966401439223365,-1.3275099345980672,0.40296446227957144,-0.33950471601995147,-0.4451940256113517,-1.4205370777780908,0.9694056668790151,0.05730139835715897,0.33314165542513796,0.29393146194317166,-0.3875838291861081,-1.4358675213119991,-0.8561311551173694,-0.974453819406753,0.8514991421630123,0.2220916400464516,0.004410628609334888,-0.477144798635507,-1.0837646592577324,0.47955992091986793,0.3947736295826012,1.2000006565323156,-0.021507356515544584,-0.3616941543032063,-0.31092631328909637,1.2185764601283773,0.4961596600535037,-0.01389519961745933,0.007211731949988226,-0.432077382050021,-0.8118112317053429,0.4359747919679773,1.076544923110676,-1.670556027379307,0.48544924475120993,0.11470084503477401,-0.6166273595599809,0.733199171798914,0.4502594279304348,-0.2766688922350853,-0.7936329819281851,1.5007081811924061,-0.350444860364005,0.37237179513478913,0.5468670674150898,-0.5362537997257191,0.12236981447317499,-0.8141531757373192,1.445477456278918,1.1054300792515837
0.2396090351086469,-0.34898896562086335,0.16763370145775988,1.8565683623243558,1.2623079013700087,-0.5076771957190649,-1.4124880375091253,0.5866995011476607,0.5222290274018953,0.8291999043303615,0.3069499619825949,-0.5509453382962387,-1.1363688422299616,1.0315310044161523,-0.8179379495736221,1.0262879558382563,0.20318185533182492,0.8204024671268243,-1.2581660795578746,0.057913467028785415,-0.40243228308839873,0.06474209807041639,-1.4398107359358499,-1.169691753356777,-0.24957095621239547,-0.19794889780606628,0.04080873359016374,-1.6443570559401168,-1.0514325330626555,-0.13192977505080383,-1.3424577641496889,0.027375859328890112,0.6331156757295182,-0.9940079015106771,-0.24183064859710296,1.8652823549949278,-0.8512939956845185,0.2573045182565942,-0.4022511417364776,1.191937845862017,-0.5060083004005735,0.9939727441350573,-0.014535587347218826,0.22497267289671546,-0.3992438110418428,0.6232029264650061,-1.7529483964667443,-0.8799340111307936,0.7775036729596894,-1.416773414761331,-0.09941742307305468,0.5514168825701092,-0.11013575759584615,-0.7632858839643514,0.9516022909325301,1.3966819385655733,1.1515920644101643,1.3831932635871733,-0.7838955689227485,-0.8989087469731196,0.34016183023581703,2.5491116210740232,0.7497442168605258,-0.4739350244484858,-0.12535021872780458,-0.8286455681104092,0.5861098971124925,-0.3469422388552643,0.2927490951687325,-0.6703769758454153,0.3610978313022329,0.30454555284633156,-0.2866358579986221,-0.5906393316973716,-0.5011610525350262,-0.782546095908129,0.3904584570904722,-1.0013076729249624,-0.2770118401797998,0.2287737796410533,0.4404109492078474,-0.764289824371388,-0.6419176138441244,-1.2479651694782528,0.2329533397815685,-0.18541332054732365,-1.6951175412121746,1.5251221487849778,0.30978213253397374,-0.01006790216522313,-0.48361527668505905,0.2628943855274253,-0.4590256062261727,0.010776200376113723
-0.437798627852603,1.0078937258450895,-0.320556756058101,2.0038175285692015,-0.48194200852807334,-1.3355348619564789,-0.8474515521469476,1.8945392205914668,-0.35298673584325474,0.9307655708981615,1.1443143560293063,-0.7337957835302418,0.843080899734265,-0.8017710411258004,1.0710087822452965,-0.2477155567528011,0.6673339150982651,-0.10939563549640521,-1.2755473567351912,0.10039162735402521,0.8989927417878134,0.705162518424698,1.0102342533229092,1.3367251626011065,0.5663143155553705,0.06053959474463755,1.0196317494808498,-0.4145048486446373,-0.09959852631779774,0.8368427168927515,-0.433661238289043,-1.0012323163828298,0.5609831516585341,0.02597025664951974,-0.5353974737542706,-0.5964553711823074,0.6219343615005822,-0.1364666656713044,1.5947596196475633,-1.1930756514193699,0.055785593482615,1.417133767437981,-0.06258111627794066,0.9071421482404072,-0.6395156170721609,0.16893826454172597,0.09140115490226303,-0.6316692470574053,-0.2884729997618085,-0.515546549598615,-0.2276040298918759,1.0677947899709772,-1.7287857714140964,0.580483827721508,-0.07636419577864315,-1.7817049977965045,0.028019384433410455,-0.4843072260413652,-0.14366145930689034,-1.4735138322662282,1.875268957382397,-0.4933697969483316,-1.3684338539166014,-1.8268144976763188,-2.058503698430884,-0.10359115760501715,0.07761560195517819,1.4671115877454302,0.2868513709163545,-1.4466328740114363,-0.4395818849298988,-0.9059269268279709,-0.11213940835196962,0.7165101070999573,0.4826355197580192,-0.09042975033295231,-0.2847308965557993,1.2181572005617125,2.084707068120661,0.6175777418318896,-1.136297560961253,0.6302411801374516,2.002087457488491,1.0327432442408775,0.8688482501715998,0.5110728990463855,0.5818661959815322,-0.6065233819720064,0.4870680517464431,0.46013247994458595,0.10126077567564518,0.3314623645797178,1.5817327194164008,0.802588716265054
0.7965473564956372,-1.7256866659508459,0.012968360835549994,-0.3245461408311004,0.878201850396298,0.6684732714307071,-0.9744229370095348,-0.5434803455255959,0.945482285209379,1.6009163207101587,1.259804273115833,1.0704501678638838,1.256981313820188,0.7804395258993864,1.5578972378499438,2.478483851838955,1.2102858054363135,1.5259897314766802,0.44647362309500893,0.83363180185473,1.0103884028263248,-0.48789508837688655,1.444482087894502,-1.0121502902958452,0.1847592891830692,1.193904141745051,-2.2786886832569015,0.7757190684669433,0.19850155996717972,-0.9566277699743829,-0.28981267245055364,-0.05715710796570728,0.004319269896928879,-0.8053038373067227,0.768729729566213,-3.344944993712932,0.3861258311354385,1.6900116470195465,0.12005636314922596,0.019836007500722563,-1.5749585862743194,0.11933756104983131,0.48707670026455196,-0.8461678834114261,-1.1632656127968117,-2.4358138977250117,0.47935458062689973,0.3430883020156158,1.094578189046668,0.24536533826623963,0.24269475365706117,1.0213846752380689,-1.4811341182837612,2.344752776719868,-1.4753163038070054,0.25859489329662455,-1.8799124021952784,-0.03284016872232465,-0.7343129822399517,-0.0930111896529977,0.23195256813381482,0.06262483304264066,-1.255819730118392,0.053170353505100465,0.004082436860493033,-0.7725914260744662,-0.20134196610628896,-0.9131219935427165,-1.3629615259339236,-2.3254974997990217,1.2530236170735845,-1.2155280494024054,0.9661402251072184,-0.1278786680829383,0.7351397779779876,-0.8733243068813623,0.7281184382885038,0.5082662473952133,1.3109076280030165,0.6322748099837542,0.5597099976949449,0.586199894101947,-1.2015234180221837,0.713186984155417,0.25379623967325626,-1.4126966944021806,1.46905916535462,-2.716937082597444,-0.7424363042407396,0.5497850196066455,-2.1691090928340206,-1.10914231660468,0.9126782120410095,-0.5057658006790042
-0.9683835977100828,1.1169604297045648,-0.16257536744377687,0.24600873925396363,0.7890596093187559,0.27234627892856206,1.1775310628230933,-0.4974708262130694,1.8402688994332828,0.9375394306961459,-1.7276566339952137,0.4705871640653583,-1.3602107316721592,0.6270922958051139,0.6350744389550922,0.8373258690529912,-0.23537979754792615,-1.1595551453710113,-0.5448710665722698,0.8081292009773402,-1.684229774167021,-0.47458528653963594,0.18069238220400086,-0.5040234760011618,0.25739940022216135,0.22664932957094186,-0.07822120665949717,1.0946850003478183,-0.8556615487041154,-0.31472185709332096,0.37592951238795985,1.403806528370001,0.5928558189412416,1.9329522856070867,-0.5269519975836745,0.4307859085320902,-0.3899554267371751,-0.5684440542063227,-0.5938689073021677,0.44146556840566853,-1.0461272525358276,-2.1437802711825653,0.6572943823192545,-0.6541182878370289,-0.5448778229112247,-0.5606236480934831,-1.3724164512328711,-2.1937207658231106,0.16172757952304156,-0.9643345823769434,1.9990336440488021,0.509930470308212,-0.360227232899325,-0.3889901843915096,-0.6058952523263785,1.0126585040345921,2.0684950277659118,-0.33389454200831087,1.1689794990943763,2.08313364149588,-0.18223025674155102,0.13941521480979369,0.11455041332377247,2.7641250399434734,-0.029368559028652486,1.28876722306654,-0.5667105890261693,-0.4009727487416801,0.007007783537790413,0.6554945596140396,-0.10694200898781428,0.3060092437029897,-0.10883554854921675,0.2158501351052215,-0.48054270819762834,-1.8762029345959543,0.2172005980025384,-0.8328641182334027,-2.1652178650041445,-0.011701734515087877,1.9286320012519593,0.26889327374158434,-2.2300705819821403,-0.5640476217887329,0.27952932938725283,-0.5127445545486422,-0.7365133201685568,0.9719459690388285,0.11115127307878671,-0.4110019082910714,-0.8098646264482994,-0.3165930606173563,-0.22563653183467192,-0.8499727164385089
-0.5882410782149261,0.26671290985290425,-0.5743629407452662,0.42519276476738965,0.976092999108116,-1.2468628401978281,1.2620332930421765,-2.1017484604171233,0.6411501540072697,0.5077776349265609,-2.6600373075142194,-1.9049494346412392,-1.2614923999950887,0.09725142279740151,-0.8555994024822177,-0.6245036549409311,-0.5051767999963048,-0.6826139831580305,0.1473472167394203,-0.6419354526889558,0.43833530585841646,0.5393072665619281,-1.07029740833227,-1.0095164398251917,-0.9873353499032396,-0.3316064721694944,0.44513549425934806,0.2907011516588316,0.21788632212377623,0.7202909896263389,-0.6359222716055175,0.06852745217425094,-0.4665218604465655,1.236309917666155,0.33371638193093534,1.560231407085587,0.32458021843486456,-0.6088882811461526,0.03970896339058938,-0.3311286565851292,-1.3117994559663484,-1.742312440902138,-0.962432225480395,-0.1960892374866508,0.2955063431602947,-0.6589966242083684,-0.431136012474271,-0.7006914099410864,-0.8924508316599223,0.4820133058837248,-0.46178701324786725,0.904481214413718,-1.8109555623284173,-1.5749088733106105,-0.6428004645674161,-0.7877699902614319,-1.3091340510631666,-1.0959687399736908,-0.7350371895775292,1.0785431281736537,-0.8318557914073037,-0.977512269112963,1.3704840960801565,0.9966592294979262,-0.735241483632901,-2.743116898537238,-1.4824909825362083,-1.0901942582749635,-1.4335034358881482,-1.978430245384287,-1.2991106009977504,-0.05807864398753337,-0.2893438418025628,-1.2803163446429124,-1.8127854384013748,0.597074878324966,1.0693946482274463,0.14848462109822497,0.6837050532888505,0.8804340904097504,-0.7229658626813109,-0.09951369321454025,-1.447826901473219,-0.9372661517577534,0.1603653708131396,-1.4707536485936044,-0.08260872186432461,-1.7155296708457395,-0.1923152378828963,-0.5128000992860271,-1.44493631810289,-0.10684192894375055,0.8669010012204583,0.9385850261236305
-0.565497895683117,0.09913835195167953,0.07734300564365171,0.0409080710743861,0.7146149079540751,-1.5405913024687736,1.6452829818926604,2.2978594292914214,1.400754807582138,2.9700983659178717,-0.6391723397934144,-0.8272606299710005,-0.8965276185813744,-0.15224262677899825,0.4639015542710553,1.5047984958822447,-0.772944885072764,-0.6091172520638706,-0.31207243461804934,-0.6350258348976319,-2.3427629348342043,-0.007024995082572372,-0.5948355060669419,-2.2957687235468294,-0.6535359113126349,-0.23196055897562018,-0.793224035235911,1.4217260976463255,1.1670735606806877,-0.5969901532149464,0.7083052808730621,1.0088932076188406,1.3050318449823108,1.329759096503306,-0.57219138273779,-0.7988748809536684,0.5626556458220388,-0.3633108567441161,-0.15129465614855045,0.40356086834647276,0.7911481222642962,1.4914201589193883,-0.5864177317046088,-0.37585075903418114,0.31345303155404136,-0.8893230016401987,-0.9855157093664408,1.2384927860493227,-0.35756470797130935,-2.8150053645165074,0.9057056247976372,0.6137077090235399,-0.493796935316131,-2.5391056890637422,-1.0375439445882688,0.5586797598953933,-0.8790891757452187,0.07009065777871185,-0.5145788251581584,-1.3506002775003583,-0.40276524209690096,0.8022831466574706,-2.2116486311351315,0.18011558236246272,-0.9395834340875657,-0.9586144347254724,1.260491063127573,-3.262479524865014,0.9508625199379344,0.5282666970339464,0.6504389714143675,1.9278471231513352,0.31258406272896694,-0.6083969937805009,-2.3298583676666507,-0.8421594634258969,-0.845469271354056,0.9470468743789262,-0.034051362511738126,-1.2479502545608427,-1.09202222566413,0.7439995302875623,1.9095546479600576,-0.8302232027625948,-1.423049028760033,2.812300034115078,1.7978199515583249,-0.8050270687988892,0.16252880175772852,-0.5810782969577242,-1.6965299339703,-1.571081027703666,0.8323182815056502,-0.5180390713213984
