Cells_AreaShape_Compactness,Cells_AreaShape_FormFactor,Cells_AreaShape_Zernike_2_2,Cells_AreaShape_Zernike_3_1,Cells_AreaShape_Zernike_4_2,Cells_Correlation_Correlation_DNA_Mito,Cells_Correlation_Correlation_DNA_RNA,Cells_Correlation_Correlation_Mito_ER,Cells_Correlation_Overlap_DNA_Mito,Cells_Correlation_Overlap_DNA_RNA,Cells_Correlation_Overlap_ER_RNA,Cells_Correlation_Overlap_Mito_RNA,Cells_Correlation_Overlap_RNA_AGP,Cells_Intensity_MassDisplacement_DNA,Cells_Intensity_MaxIntensityEdge_Mito,Cells_Neighbors_AngleBetweenNeighbors_Adjacent,Cells_RadialDistribution_MeanFrac_AGP_3of4,Cells_RadialDistribution_MeanFrac_DNA_3of4,Cells_RadialDistribution_MeanFrac_ER_3of4,Cells_RadialDistribution_RadialCV_AGP_1of4,Cells_RadialDistribution_RadialCV_AGP_3of4,Cells_RadialDistribution_RadialCV_AGP_4of4,Cells_RadialDistribution_RadialCV_DNA_1of4,Cells_RadialDistribution_RadialCV_ER_1of4,Cells_RadialDistribution_RadialCV_Mito_1of4,Cells_RadialDistribution_RadialCV_RNA_1of4,Cells_RadialDistribution_RadialCV_RNA_4of4,Cytoplasm_AreaShape_FormFactor,Cytoplasm_AreaShape_Zernike_3_1,Cytoplasm_AreaShape_Zernike_3_3,Cytoplasm_AreaShape_Zernike_4_0,Cytoplasm_AreaShape_Zernike_4_2,Cytoplasm_AreaShape_Zernike_4_4,Cytoplasm_AreaShape_Zernike_5_5,Cytoplasm_AreaShape_Zernike_6_6,Cytoplasm_AreaShape_Zernike_7_3,Cytoplasm_AreaShape_Zernike_8_2,Cytoplasm_AreaShape_Zernike_8_6,Cytoplasm_AreaShape_Zernike_8_8,Cytoplasm_AreaShape_Zernike_9_5,Cytoplasm_AreaShape_Zernike_9_9,Cytoplasm_Correlation_Correlation_Mito_AGP,Cytoplasm_Correlation_K_DNA_AGP,Cytoplasm_Correlation_K_DNA_RNA,Cytoplasm_Correlation_Overlap_DNA_AGP,Cytoplasm_Correlation_Overlap_DNA_ER,Cytoplasm_Correlation_Overlap_ER_AGP,Cytoplasm_Correlation_Overlap_Mito_AGP,Cytoplasm_Granularity_2_AGP,Cytoplasm_Intensity_IntegratedIntensityEdge_AGP,Cytoplasm_RadialDistribution_MeanFrac_RNA_4of4,Cytoplasm_RadialDistribution_RadialCV_AGP_1of4,Cytoplasm_RadialDistribution_RadialCV_DNA_2of4,Cytoplasm_RadialDistribution_RadialCV_RNA_1of4,Cytoplasm_RadialDistribution_RadialCV_RNA_4of4,Nuclei_AreaShape_Eccentricity,Nuclei_AreaShape_Zernike_1_1,Nuclei_AreaShape_Zernike_2_2,Nuclei_AreaShape_Zernike_4_2,Nuclei_AreaShape_Zernike_5_3,Nuclei_AreaShape_Zernike_6_0,Nuclei_AreaShape_Zernike_6_2,Nuclei_AreaShape_Zernike_7_1,Nuclei_AreaShape_Zernike_9_5,Nuclei_Correlation_Correlation_ER_AGP,Nuclei_Correlation_Correlation_ER_RNA,Nuclei_Correlation_Correlation_Mito_AGP,Nuclei_Correlation_Correlation_Mito_RNA,Nuclei_Correlation_Correlation_RNA_AGP,Nuclei_Correlation_K_AGP_ER,Nuclei_Correlation_Overlap_DNA_RNA,Nuclei_Correlation_Overlap_ER_AGP,Nuclei_Granularity_1_DNA,Nuclei_Granularity_2_ER,Nuclei_Granularity_3_AGP,Nuclei_Granularity_3_DNA,Nuclei_Granularity_3_Mito,Nuclei_Granularity_4_DNA,Nuclei_Granularity_5_DNA,Nuclei_Intensity_IntegratedIntensity_DNA,Nuclei_Intensity_MassDisplacement_DNA,Nuclei_Intensity_MassDisplacement_RNA,Nuclei_RadialDistribution_FracAtD_Mito_3of4,Nuclei_RadialDistribution_FracAtD_RNA_3of4,Nuclei_RadialDistribution_MeanFrac_DNA_3of4,Nuclei_RadialDistribution_MeanFrac_Mito_3of4,Nuclei_RadialDistribution_MeanFrac_RNA_3of4,Nuclei_RadialDistribution_RadialCV_AGP_3of4,Nuclei_RadialDistribution_RadialCV_DNA_1of4,Nuclei_RadialDistribution_RadialCV_DNA_4of4,Nuclei_RadialDistribution_RadialCV_ER_1of4,Nuclei_RadialDistribution_RadialCV_Mito_1of4,Nuclei_RadialDistribution_RadialCV_RNA_1of4,Nuclei_RadialDistribution_RadialCV_RNA_3of4
0.8223759364110835,0.044264806467372464,-0.24439505706609954,0.3857381432440301,0.48834050706297827,-1.7618330911923739,-1.4426360102215865,-0.2660784034178476,-0.6029361802894533,-0.45743791475407125,-1.5456331245433672,-1.1177845687890453,-1.3360322848727897,0.9238558541917159,1.247490029812476,0.9598949862949049,-0.836093481989771,0.825377484155553,1.3128798989665331,0.15903917633138026,-1.0985403223629464,0.10485505171546447,-0.9331698803374578,0.3906173802247892,0.6483869219032029,-1.0969683268994712,1.0207220513864699,-1.4381737136274224,-0.2719493930221968,0.842894850370455,-2.0787666113492262,-1.0823294661937533,-0.16759640491797176,-0.7165236206034769,-0.924076787634867,-0.12072670488490864,-0.733578187906381,0.13333907044894786,-0.7964867350132849,0.3663614671717308,0.7764170240088809,-1.1282635729582922,-0.35037270598908116,0.1754021384439457,-1.6496301122618047,-1.9735409614261732,-1.1377842045865894,-1.0266227992234565,0.39911789048351803,-1.3041010928376933,-2.086181074509205,-1.5163869399104275,1.5844637494421168,-0.5643251552994742,0.41704125710215106,-0.3508643542563221,1.0822686717433634,0.9125500776729666,-0.02670097765780155,0.05772629923860395,-0.5233144979350571,1.5702508989599906,-1.1447221510101417,-0.573399443615692,2.3106237209097396,0.24423020317250055,0.18695760401458272,-0.13708250708927944,1.487994223446312,2.8091618580770854,-0.683466367854016,1.329015533494256,-0.5166576713735541,1.385901626885765,-0.5851498672690979,-0.758085684040831,-0.09947936532906032,1.1600884419848565,-0.676818500276341,0.004237184322358201,-0.29072067713754385,-0.3158105109134019,0.19614084312828584,-0.40939870802071576,-0.558110199101688,-0.12354781074167659,-0.6837648320303535,2.7573497796164,-0.8770011902354509,1.3194199414623626,1.6670546280689311,-0.5072910985730859,1.1396958557419474,0.19836256188323964
-0.5087120183330938,-0.9386004591630114,-0.2495694947318133,1.221336145914682,0.5671188128731697,-0.38510811644326814,-0.5454236477654907,-1.0540251319288028,-0.31282651056698335,0.9407104034028084,1.324865164562647,0.6885234170354444,0.4947695739593197,-0.5853142405103612,0.11291768850014193,-0.13349092249772376,-0.6343806204129498,0.17632183451833075,1.0362639307118737,-0.3674612088250166,-0.7686485576178184,0.1299020069164098,-1.1101188709316308,0.1442510469058389,-0.01468890795681102,0.10812963593513414,0.2534163824752481,-0.3907644022254835,-1.8539733361612234,-0.7763583014394296,-1.0977228927466918,2.4572067670434103,0.8633430651080176,-0.09483769605956587,2.680355399954853,1.1784848361974514,-0.12768535192726832,1.130160693340106,2.943200549031105,0.37297292818774785,-0.8025925349298751,0.8006409220577051,2.0590456872235605,-0.08703054199079341,-0.49697617465801924,1.1003852800863376,-0.9928987725808816,-0.3189274871334743,-0.24261095979198224,1.2946718486276798,0.9531095874721647,-0.0634200743369901,-0.6498210147875422,0.7176878146532979,-0.37461692308384825,-0.847711601603195,-0.3843291568302198,0.528817781026411,-1.017109788514454,0.009711551739230329,0.6291136055646506,0.027113288709015804,0.37565760103678086,1.128622927553786,0.5248996658359648,0.7462840017049924,-1.046585404039404,0.15410305996862889,-0.7902272430721973,-0.9465037487468629,-0.2446817887895935,-0.19196192666351103,-0.36825954977496145,-0.11046431710950899,-0.23573356240051857,0.38620468439742894,1.5381195709358644,-1.2196828550270498,-0.3304892112290519,-0.23973101508957462,0.3381506596210069,0.7792302750182806,-0.773790730465133,-0.11995355362765098,0.5255969702802963,-0.4202192631276611,1.2619137996916752,-0.46411618987150255,0.9973370636969361,-0.3976404209012979,-0.8462292800913133,-0.3222650687164792,1.6258902696773985,0.4919361611793214
-0.5148274434251079,0.9891186410240078,0.06594092415846993,-0.8026505171801251,-0.38804066829862766,2.8984943490601367,0.35345690493815984,-1.6959125178080086,1.1583245492024974,-3.961306179464305,-0.4909519116076105,1.4517228160152074,0.7536044570000512,0.3688170436218724,0.12216451525238944,1.510087524083434,0.6500858679291855,-0.6199581368939898,0.20178943741805289,-0.1536534587708719,-0.6349977241235946,-1.3949268008875995,0.8357729370026797,2.556608417862745,-0.3803397675191098,1.471854433459025,-0.09673650946028681,0.8191579025082184,-0.8684269266920135,0.8179949979674508,-0.78851246623346,0.797327171707811,-0.8314649892633991,1.7076845924256916,-1.4745663248202967,-0.4694611100701338,0.36461786577234684,0.5380327788174737,-1.098738719753231,-1.7122237799216335,-1.240103468188578,0.001331842228601915,-2.6725140766430697,-0.5880137408949033,-1.7587612206635563,-1.3272709251026695,-1.1173051186938368,0.5406122777194657,0.45547419367041947,-3.669450657789962,1.0065951960842054,1.3286999218363011,-0.5239569140636101,-0.3924777618653308,-0.6726847246080463,-1.4229911231993309,-0.5364812780980752,0.28274406714589484,0.05900129254177866,-0.5209269802529244,-0.13421207871552665,-0.6984447003208756,0.2697870174257799,-0.17278139821940838,1.5694187610808361,0.5617994459409463,0.37680778539928395,0.4630087204144124,2.0149808342397457,2.0720389472725023,-0.6345608971882322,0.8817851290409675,-0.44657633425609894,1.4194722549447034,-0.5378891147465751,-1.7469639134855806,-0.5941962184685983,-0.7498234410013028,-1.2798297445734352,-1.025228870719886,-1.8321603676472065,-0.06527692509000582,0.3323528986876922,-0.9965584302954045,-0.6620860124832239,0.413939023904032,-0.18095874872890394,-0.7107985411546616,-0.33477517137259916,-1.3025479217809708,0.5148184744431468,-1.2029511602238123,0.5891670947649716,-0.22694613389520324
0.3931708819745235,-1.6873793289971029,-0.4357268942339783,1.3493909138540003,0.47382701085112267,-0.9584590867174032,-0.38129773794858857,-0.8134074991785109,-1.1185645064301442,-2.239561455261136,-0.3560883358194327,-0.15380470537145194,-1.0959655810269116,-0.8640988468457842,1.0859849591709672,1.0341677043248185,-1.0759603983460444,-0.3165593978461703,0.922931298164596,1.1051255985130697,1.1108305845166477,-1.1579230397497693,-1.0121094626456744,0.16991738573788706,-0.10294421647652072,0.6516153844507122,0.2989771716821336,1.095927601820723,-1.6103927259870696,0.041274290783449706,-1.3283846090039186,0.7067902025261642,-0.4708189290166698,-0.30589076968590745,-1.888156025261091,2.721909333292396,2.528258999448206,0.47484717015549444,-2.0836042333155556,0.4327325638326381,1.1252727156669904,-1.801609235307343,-1.8861061622518167,-1.8976364401830041,-0.6792533866387388,0.841436161524671,-2.116218427433838,-1.3199376123947677,1.882305654185746,-0.134119045605416,-1.7215807708895032,0.3432472449437327,-0.3289905569176519,2.8761384432803236,-1.0006183504742445,1.414572093803708,2.872873928016282,1.2528151514007062,-1.763990021384708,-1.026489125827244,-2.5913314252438946,1.8953147116138789,1.1850483519435113,-0.043929724934353986,0.3548155987278303,-0.936889132942825,1.150050212754345,0.8524452961675429,0.08121102423142579,1.2724494475307764,-0.08015691413940462,0.9031282521744054,-1.4988865072140178,0.48536460443624196,-0.17702090151952887,0.5267933862319342,1.9712815382958808,0.19328835007191403,-0.4394787518057078,1.6048740285192222,1.24171696974437,-0.22577622405319223,-0.02597076023079775,-0.4136790116684079,0.10220097009348411,-0.14379230787263828,-1.117360635412761,1.697292763320725,-0.4828169228753624,0.4222743366969552,-1.7674907016343528,0.020766222583880112,-0.204491696897168,-0.7647639609738656
3.277288117648684,-1.2909723471315773,-0.43500457761388883,1.207208613298874,1.8017311409033754,-0.3288734538300279,0.3752381069433573,-0.5117959399529631,-0.8663318624315262,-2.147551843905479,1.260561631624006,-0.9062823136202592,2.3033642214413557,1.5556495260429681,-0.10339141140654004,-2.5479126018746836,2.3767812799472243,2.3290520935117693,2.1006665071831474,-0.21351213700167854,1.5224745198089848,2.8574382373544966,-1.0917886094153457,-1.4852360355639262,-0.43855886946668016,-1.4706305145550411,1.2758796732771338,-3.442019878026394,-0.6840301327159886,0.7179649211871189,-1.3370412733621007,2.0683877261401173,-1.577456091237003,-1.8285131458353536,-0.9369242923131273,0.15887099622117407,0.9374578299230375,0.5850545898550824,-0.7027514941427535,1.9447141493811064,-1.3986186393018154,-0.8543361798488676,2.0032863952010675,-0.1218719025064171,0.584461985776274,0.5768823997708615,-0.5355865330606219,-0.4509537948731701,0.13978346825949736,2.6044366470063616,-0.6635243685463487,-0.4480769214217871,1.717889875255124,-0.9355543896685319,0.9236236654995147,1.427709006802379,-0.987508720735067,1.1116199149489039,-0.7625616535643878,0.4516767575745924,-1.086039484617051,1.388147614155176,-0.6059216543111828,-0.009232006745865773,-0.22569115294114897,1.324621683912569,-0.2578468222276148,0.9013505773042563,0.7582692738199173,-1.4320331976836003,-1.6177502488993893,-2.5359346561135263,-2.4316948585833735,1.747118245432298,1.9055227534615589,0.9705448893590569,0.5232018795960539,1.6712236504860722,2.239242314392324,1.0002344781919383,0.98529790954997,-0.12444273817039364,-1.2367052872707007,-0.8853081242595495,4.232594750000901,-1.288522579998542,0.17192004565507557,2.491410809581358,-0.586364011868172,3.2101879883571707,0.47400219812601174,0.6099284724003436,-2.31001522128431,0.6399208790981591
-0.8429442634430968,-0.4405696648241132,0.33367120147541635,-0.7761520015460288,0.29371465986629874,-0.437248009631108,-0.5577637300924227,-0.4237670643847882,-0.9705969548760554,-0.14410018858404172,2.4579382441098616,0.5087475920147475,1.0384376762553362,-0.511581458339744,0.5548809051473291,1.2292778134414206,-0.027434153309621283,0.510389150692971,0.6158856405888071,0.4794438422281785,1.2915150356487173,-0.36503922077238643,2.1309776199098636,0.6687809932588424,-0.2840384346381913,0.2025377502964743,0.05760334525313293,1.2133431799600523,1.031529264886684,0.96730959881709,-0.3398789199310407,-0.8177951455134419,0.03345284054240233,-1.8312121423268888,0.057382721765791206,2.270541756414921,-0.3340351864486827,-1.624939529149123,-0.8182053977739369,0.7561627845606325,-0.40402773813714604,0.04885523804356595,-0.560040376032357,-1.4180290892602887,0.4062107273524751,0.17316931012277448,1.283821816894822,-0.15157275944148862,-0.9184381809228293,-0.1544793002067476,0.03201560163640094,0.8843248070198284,0.16610223588618006,1.659804536406693,-2.731633901641464,-0.6416656459046342,-1.628571704902023,-2.2401486326174807,-0.7959556281991038,-0.7163627692201173,-0.2879155984205717,0.7561033976407124,0.8225149675308787,-3.0728251600104035,-0.7350023682862727,-0.16674131124214753,-0.15884390560401612,0.4387153847831162,1.41931453146311,-1.3324532291063287,0.3974727137818259,-0.19604488007086512,-0.2763122201844646,1.5248322115467525,0.26598240369669013,-0.3269072885848281,2.0990847550413045,2.486690803754133,0.9011439581303728,-0.059365026145584206,-1.1720908431169057,0.630414089010549,1.1816367087468134,0.18640043651403815,1.187181404166931,0.9452983549359071,1.7024985414655012,-1.598011135428449,0.6904116647271961,-2.0296518041366207,0.19228082441765204,0.7192944555422929,0.10557535340743363,-0.855957254285394
-1.490104683612115,2.0595568170384304,-0.28597313826366394,0.059919415343428595,-1.404154797244195,1.383496859579163,1.3061047472448042,1.8241087618582825,-2.1785257932528035,-0.1789736526190304,1.7670734809362216,-0.9840116697262584,0.30819411835486515,-0.28942033047099747,-0.303087057868748,-0.4385373186230924,0.7206621133295716,-1.2663540558741584,-0.15332709186323373,1.876269579813225,1.3419276575411678,-0.388884216382551,0.5743110055401076,3.2095186843467536,1.2509280329470223,1.472523365862358,-0.7949550120255726,0.9732547025312301,1.7828858831202279,1.059801898317465,1.0456949656366408,-1.9363230499193673,0.33306883495127415,1.2983646002207472,-1.1628174735868848,-0.2890143716580145,-0.2085737939170489,-2.482658053234048,-2.1296513905525423,-0.5708102982833241,0.32618205155924884,0.758409639754292,0.2611274666596476,-0.27613566128638095,-1.8687044800440595,-1.0822588712820453,-0.32034580537496254,0.17096484256014133,0.035559053265035945,-2.7052393626785403,-1.4099031270622506,1.909945142062194,2.484519294668305,3.000977295997502,-0.4293130506045375,-0.8881211052868726,-0.4999921993798672,-2.9110831861395434,0.6614817482570954,-0.32938979520468803,0.6617234081506491,-0.5979346651527884,-1.1067275269691859,0.08979456441300782,-0.4508206436701844,-0.8995293350176975,0.34692848996768355,0.6530324017384175,0.10352915873256086,-2.063532256673209,-0.26326938241920966,0.018921917172632696,-1.5477322355015715,0.7095732268032281,2.6022868448298464,1.0689660680322675,0.8926876352218781,1.8935961712782448,0.6433905391069777,0.6343880493369408,-1.320830713522733,0.7135633149825072,0.4115143282133158,-1.019177569656995,-0.5382402643932138,0.5385783914606922,0.877778556319398,1.2803342177245995,-0.17568510311136115,-0.23282912826374377,-1.7050903494269156,2.614732475904708,-2.2466402216605066,-0.5540541109771626
0.7249782808588632,-0.8622644209977239,-0.7397404354627506,1.7654693750456334,2.0745747086554616,-0.662585037535339,0.7450383331097636,-0.030466569293798096,-0.3588789577282741,-0.2060300970763256,0.4239647668098431,-0.14135522303546613,-0.07401071065285,-0.11279552445469526,-0.35182361805448836,-1.200449256227088,0.8046724451986137,0.32912024607072715,0.734110334428175,1.9009251922320107,1.5464265019216281,0.8544302180343734,0.12379375905774043,0.15203205898237093,-0.29076706987779866,0.056512575950401156,1.4760620443421113,-0.23589089643944017,0.8392510628760717,0.5247708818743427,-0.13758895257078552,1.4603112397869877,-0.6030047083909503,-0.8339058050001384,-0.9672062842026725,1.0708137022972841,0.23371801656750157,1.7907208645882577,0.9369869218375693,-0.5176556798270244,0.33134307351145137,-1.9990607248702106,0.026671883857626533,0.13945660409481597,0.9822080228846278,0.5574926453104057,1.1591230515614948,0.44473532315505093,-1.3607575973345911,0.6479676757197914,1.0493085753911693,1.4034388558718776,2.223241050549195,0.9051252767812513,-0.2848314229796071,0.17812273418972716,-0.3158844306368036,-0.11234868465251846,0.6356293126344164,-0.8134824214381337,0.8728027994810592,-0.422501375090725,-1.1406053355183285,0.42344508747987775,-2.0498384953982387,1.6840060909306702,-1.8167387199640643,0.48683219243123077,-1.3548625323520835,-2.0841457277560305,-1.3128893173390914,-1.7742119723984844,-0.362431757309161,0.023752886618384372,2.939733434406831,1.702767398697595,-0.8118166255070114,1.3648712088037391,0.27901153747501506,-0.13852481193910174,1.452076429346595,-0.3963795540849932,-0.4038116806394639,-0.7902387396047522,-0.00188471029138082,-1.2262745490597673,-1.4539485755411259,0.4187665420937057,0.20239581444172489,0.9629972897209053,0.32357646805523876,1.3697991094120625,-0.31599935136831375,0.845972028263154
-0.7803177058955049,0.035094886268075665,0.31212068902458084,-0.04063865313068965,-0.9181042977111998,1.7830768268864607,-0.4538059418483586,0.5469178655334399,-1.8269050036840926,-3.3918374180761335,-2.427437642352034,-1.230081842939007,-2.1871276920019636,0.7769636456977937,0.6786000145456552,0.04702873543066599,-0.02809464297473485,-0.4050586816469194,0.0049982886574233415,2.4106094432518628,0.9696301786688976,-1.2433871974162654,1.9803182127855279,2.0909596102505676,1.383604199790601,1.0822776854982568,-0.30645622004970124,-0.28351962191456337,-0.5919997812846785,-0.7783141948115382,-1.7434771263990456,0.0904938799841884,-0.3049246746558699,-0.020938143987792313,-3.384329107407228,-1.5908187082011138,2.2647908787760715,-0.054445132026440954,-2.3530734579789465,0.7923233684972646,0.6853528879970906,-0.7937156329428386,-0.3501523578382306,-0.5959971135202318,-3.09442127771187,-2.013295473677527,-3.323552853521355,-1.6365638586621196,2.621293627057842,-1.790254641456102,-2.2798984241945774,1.3453139616728769,1.4448452549967712,0.8095825016219659,-0.014600109494245866,0.6010480092866894,2.4087857606223917,1.4386411998974253,2.115263652952773,1.53000468096993,-0.8598746531464986,1.7444532923180205,1.919104325964685,-0.9869182231932667,1.1977861032941077,-1.0952424199909365,0.8652827067731803,-0.25159069470826456,-0.1764642649431134,0.5212847843522945,-2.179860264819123,1.8399030782379946,0.4242990271417391,-0.9778162345461879,-0.8245969177247432,-0.6030474443587708,-0.47660263758799737,-1.1544393828030175,-0.27646499831138294,0.3170560551013842,0.6932386064496876,-0.956780363742083,-1.2814372352347845,-0.21124836025642002,0.18495756160390164,-0.5350880989544404,-0.5212848833042215,1.0831837692880917,-0.3203123653497284,0.553847551654516,-1.0781679861684377,-0.099029578002722,-1.7940936111749917,-1.4548385095202112
-0.3676112018970305,1.2189567539207125,0.07500348802000506,0.9813238376342477,-0.45219257539698454,0.8133959158037987,2.5062005652393506,0.69372960039934,2.412919790805478,3.299484627305321,-1.780320164498141,-2.219761538672342,-3.961547767297664,1.2466046148981191,-0.6746495337289904,-0.2001805963715033,0.06234729989207516,1.2012446312295697,-0.28924315343951795,2.1060920940074377,-0.11052254746001539,-1.5055170545814964,0.9690248945991474,0.5740839280515563,0.6002504785812427,0.36204890536771916,0.27614853489069,3.057416362459236,-0.6064207950311065,0.47553346365405874,-0.17135801942853007,0.3132916295032748,1.6667790352668734,0.48852344583150187,0.8950128596151699,1.0410300710473268,-0.9248519380810208,-0.7046562397247145,0.7812818299956652,-0.18317820905086807,-0.3199690915136788,0.9533140792652529,0.17738852552919504,2.9523364332268214,-2.150497391777571,-2.346752236433868,-1.4067877860962266,-0.8864972714814855,-0.0553154153514952,0.006317295989052507,-1.1337002453291625,0.7520805143822837,-3.4168789867048783,0.5928295691572564,2.260853669716952,-0.3138084478489932,-1.4149997020198422,1.408156342668534,0.9255294381910132,-0.02351749359087149,-0.17204279437398173,0.2070665666738245,-1.5683872850456508,-0.6875311421266862,3.5853680396538863,-3.4376072260977883,0.6264204251593862,-4.028457752930684,0.9994286046544704,1.6662695934330385,4.253007620694697,2.5838121238649663,-0.5902910689799736,0.0538242147506961,-1.4599954048231911,0.5145760908675094,-1.4168187384052222,-0.3771879645520994,0.9797061869818189,-0.28651892609619334,-1.9121840608350036,0.016263924183215935,1.0075802988079605,-0.30265675933889485,-0.6954202045073398,0.7940147722589934,4.018140364753,-1.726281652657896,0.6175992617640936,-1.6526976454705504,0.41886106905604825,-0.9155930071291476,3.5990982883662466,0.6748277338816552
1.061922076567792,-1.3514862746644516,0.29458106614537966,0.41013140453156116,1.188209469943632,0.801841492817585,0.9279391829223201,0.7568504858693279,-3.305209503176666,-1.9094304446749613,-0.797791322636942,0.4089806043519967,-1.290389815682479,-1.8946449774975227,0.6172670692132336,-0.8497276738271965,0.6913926073522151,-0.06931148318987168,1.376796544275367,-0.24896955891946976,1.1660937683113985,2.0221838683944147,-0.007746703997680848,0.836069490722335,-0.023630908954491804,0.34103821694752834,3.301222956439265,-1.1822335286691004,-0.8040607246202047,-0.44544814657435156,-0.31289562984518715,-0.034572851680808814,0.1990320830491713,-0.7234099993575747,1.5201467046484842,-0.4492604851171267,0.3106739596072336,1.1589014679731455,0.8679044384052864,0.9400544620884912,0.8516880571558254,0.356437303089319,-0.4872733543797999,-0.8696064906094256,0.001486813186137248,1.037911528111864,-0.8713869917421886,-0.3150581908174364,-0.07502502661430505,0.7798771423986,0.029468333673946412,-0.38251068911497366,1.04708265029182,-0.5147669116591156,1.549363726185754,0.11160006526274369,1.135053019016354,2.8434614240281406,1.668872644026401,0.5691334078398466,-0.23612355411941022,0.576416165466198,0.2670614242372511,0.973176392148918,2.749937020253588,-0.35533009408535066,-0.2938598461776776,0.2744528607228249,-1.1243403094327433,0.2588826148117477,-0.8342724829215749,-0.814700013105461,-0.40000626373856807,-0.0881188339237024,-2.1396644098371222,-0.49885013566803627,1.0649038603445888,-0.8744630393284434,0.19200832398124734,0.9784178141205288,0.7060779887370086,-0.819879831300522,-0.26936568507561515,0.04040994197170415,0.375323595682839,-0.19454845972191148,-1.8268573962539598,1.233197517808764,-0.017318586040882464,2.5671324857998474,1.010356272978894,-0.06737793376826628,0.8944299211860459,-0.017215592694865278
1.245270333764266,-1.1412947571987615,0.5245324464915405,-0.1270050630401364,0.8219451125830102,-0.24741535778738,1.5636387882340423,-4.021994693439679,1.2332405730804834,2.757430279781692,0.5242655088312855,-1.7528901776807604,0.7422218099692414,1.9944724920586392,-0.11997414195935698,0.2846076323889214,0.28480438426721266,-0.0289072615207151,0.3277750934344824,-1.5742940136826757,0.2571536982562547,-0.5378751969146778,0.2428546834167924,0.6856866717221634,0.472245699528815,0.1376393520328047,-0.07189502175312214,-0.16003191671152373,-1.0060580639100714,0.75073399812905,-1.1683223352675711,0.43671527391758613,-0.8702009092986215,-1.446268880987089,-0.8350695244980352,-0.1785615347335346,0.31887138361622924,1.1818419963846871,-0.38561538001774487,0.7981351347147527,-2.278942099082638,-1.4613527907107207,0.6318486794224061,-0.26716640208026937,0.6442379456909256,1.0736737301337982,1.2711407356793063,0.690899911687219,-2.036268332426586,-1.4016320998047118,-2.9784540097076624,0.27081610168705306,1.5758279653778482,1.5625240547522339,-0.28742866572432463,-0.5180015330482854,0.2399092458509069,2.4014451246478483,-0.3103035151084874,0.8154902288177243,-0.5278059955704867,0.8738550255042089,-2.310518860696291,-0.7780988327972808,-1.6660509909141847,1.1031368447165515,-1.482114542554973,-0.19291147193142555,-0.865312905488788,-0.5794268279513338,-0.3315324251449817,-1.9885029088352706,-0.3591173966067213,-1.1499976628963071,1.0826577438255494,-0.962011042763427,0.0718897500424339,1.3775998373654064,0.5386048236573301,0.014949726039114899,-0.14048067902637965,-0.32268871773056573,0.7108581654120933,-0.14076386470581104,0.0017650401436102303,-0.9696051944273913,-0.4004287514080782,-2.8809491656296893,0.23785008050287954,0.6388296213716462,-1.0035836187537734,-0.607521181706143,0.2776705170495727,-0.8225667156630491
-0.4452045047136437,1.6282343299899247,0.7198194968966289,1.230622102915719,0.5838432527567432,0.09670243224860797,1.0832458289904812,-1.3644747966046038,-0.12448928220918415,1.603443359012696,0.0788184625010108,-0.09553108025074147,0.18622630689747846,1.32753621657705,-1.7364526426563136,2.730179218115057,0.5677429404871376,0.43430588360077194,-1.5597612830872007,0.2953151337414025,0.4908634850921918,1.0490560186251785,1.9830648141776397,1.566947649257618,0.24243385755374158,0.6980665938582822,0.9190158798016602,1.1653739623576358,0.328031129442586,0.39651381195324636,-1.0757280794022328,0.5988290392262945,0.4494250791061527,-1.3189450346222238,0.24901376231395633,3.9509846655292833,0.6611231634373396,1.5315155049927895,0.8606121484120629,-0.7972265356596488,1.0977062577479357,-0.23151992234142232,0.9180583283345827,1.1439726789385385,-1.2823132117813016,-0.563847643026266,-0.43008525736733333,-0.646024477519206,-0.6288336186939498,0.4476431090567121,0.7601832051505388,1.1472210653059227,0.2281483480238664,2.230321373696457,0.7327888214060926,-0.056570914384477075,-0.7268801986372178,0.37986581452990487,-0.8708490542778669,-1.1736594370857372,-0.35815097337777313,0.936263325230096,-0.04053867657095972,-0.06837090409464708,-0.5425931652746134,-1.1255976328426036,-1.9634275759123185,0.12154707535135367,-0.8423293967079274,-2.5959467891466383,-0.6735099136658811,0.5644399087338494,-1.9709340751262463,-0.4170300849727102,0.1838770048388443,0.23282880707508946,0.606290113562207,-0.2660494866045476,-0.15694541641575516,-0.3196475695406304,0.944583091255333,0.6301198722051745,-0.7487255976080733,0.7093194496708379,0.16450216507055232,-1.4762920300243918,1.0659414874062585,-1.230590313861548,0.014948195527441675,-0.23067369984067254,0.8721080661780657,-0.655285585799902,0.24832159708075385,-0.19785854161921126
-0.4882492450832161,0.5842018967465001,-0.9020385550770956,-0.7125891407383118,-0.253110613908511,2.5885508649118663,0.6810914459636725,-0.6868681518196806,1.9429992631689235,0.2516165430612765,1.0104282482732354,1.3908774331578952,0.7325505343474057,-0.5287113501274845,0.3930921522645371,-0.7464070984246785,0.23300680165359336,-0.002193485729037742,0.3560172790748218,0.7584567361954845,1.9547058274331568,0.01899463147287478,1.2449252870573246,1.9105286754265363,-0.08963464687809611,0.5522434814012216,1.1067534789678106,0.5522813892986256,-0.2676959146227906,-0.5763190959255907,2.009864544527081,1.5150113433305148,0.19185081518747427,-0.9550688719311672,1.9389091163962635,0.4662130027880627,-0.3653378611092617,0.8951265207686866,0.005335458847640195,-0.0987497637641185,0.19925741985225692,-0.9857109789191174,-0.45621968506268745,0.716402657650359,1.0116527756270335,0.4333668800423716,-0.2661640755963565,-0.8282798426854003,-0.26233712652955266,0.2987309787959716,1.3234423600836394,0.36920349864061663,2.03211939177224,1.1252171839973755,-0.826423656576619,-1.2715169805987623,-0.40691554073618164,-0.13174789106528947,-0.42116686237754536,-2.087481457660411,0.5523854767701143,-1.5185091840212712,-1.0426332077786347,-0.7611463711189819,-0.4641868851501372,-1.372739068596701,-1.5686748563812514,0.6031395305578116,0.6954494808828914,-1.762249462892373,-0.11622445891593165,0.2877322227725939,-0.29469181037279807,0.6241549557293273,1.1263963165168764,0.8004815497081906,1.1754737679825684,-0.058066474182872474,0.40201563209139646,0.790110639454983,0.24749586959632464,-0.4835788302403139,-0.027391627920494432,-0.6317897402536465,-1.6871930718948633,1.4934962705219066,1.1055363352862793,0.41520970535357044,-0.08558187457723826,1.0544795986745374,-0.6335275865730433,-0.5010382539917582,0.233349835487552,-0.8321548595822064
-0.5631605395149258,-0.4038870701308707,-0.5889478173865031,0.8484748982231538,-0.35002140667294457,0.02324187655898946,0.9620789981651602,-2.7855562632155237,-3.5096435798192323,-3.205914956102017,-0.4505431587615786,-2.1435499805947225,-0.53891722233565,1.3674653262753322,-0.09341340605294794,-1.2683799336777493,-0.9326666455301951,0.4088123987538588,1.044830383014022,2.007309208186733,-0.26114667694902133,-0.6617742373978255,1.0259087487983403,2.5552499683744854,2.1397833121859815,0.41995834563094414,-0.019649110245692603,0.41401822234773605,0.3265849402836732,-1.1017472773920527,-0.5082224136813147,-1.8360168397556202,-1.6048997531980735,-0.24751266438733516,-1.7000550578700968,3.110729242639202,-0.6721057873963654,-0.8899032239753559,-0.060307073506051134,0.8195828482806715,-0.4801919107163362,-3.1842351853499595,0.13489189592255035,-0.9290761413108941,-0.7239439339547995,0.09144818011896658,-1.3155992176896603,-1.0226595856838308,0.4032542657897885,-0.11373914649038105,-1.8776520956543172,0.11515173693245534,0.8021623572952246,0.8096058042585875,0.019261124445520084,2.29853960517345,3.706687198797569,2.2716922417711736,-0.974099446165644,1.112936222865851,-2.5279146459772397,2.7148589702382018,2.5886995241110493,3.8697818817693777,2.762433142762851,-0.6658894307979584,1.1432254163262738,1.3500844205998803,2.433746699522164,1.30033177643751,-0.5743017861528321,0.09082140378690096,-0.38459984276756704,0.7801877466577607,-0.38757262893065003,-0.7999534095773249,1.9429304732489585,-2.4673673789417947,-2.0833324025383186,-0.03341050985043838,2.7070670195762454,-0.7477169428175452,-5.15837832342847,0.11061779741079576,-0.43239402506657515,-3.8528177675531583,-0.782480062205711,4.265348109824043,0.23772512660842088,0.7520892119922266,0.8693913495121321,1.8090456279419795,-2.176098524895446,-0.21394590682321624
-0.6087397745340567,-0.7009503191247546,-0.2593928700258093,0.23071627843046355,0.15792703344728765,0.34432615141363077,-1.9146671957093129,-1.1204400076966858,-0.11016965837415316,-3.047053689819652,-1.7245371729060508,0.15302206692006526,-0.4562172152942299,-0.6866023925263656,-1.4945218306541757,1.6420157843856793,-1.3683410540000334,0.05062630146113417,-0.4559831387970939,-0.7161726741458451,-3.169656349868642,0.23960869806247312,0.4775540189567441,-2.032155655099213,-2.236178702782392,-1.6150712551901911,-1.0556056919709402,-0.8763907541096851,-0.798420633156473,0.8189153699188213,-0.5057760947987288,0.5780335107703687,-0.16667454085362926,0.9773517043415348,1.0888278120900203,-2.2039513043773606,0.2783828288075564,1.0097096393789333,1.0173911785692453,1.2264619891935244,0.317948916113428,-0.05707759022124827,-1.2534567543240822,-0.28276833223998704,-0.041460395974700415,0.08159049504093822,0.005843741566409988,1.3182954756785068,-0.5333970328773173,-1.005618698133696,0.5617564716017318,-0.16941928334157247,-3.193771628192673,-1.4973652918995008,-1.3798801864708206,-0.2741982163145912,0.8755574258470198,0.5996114222896286,-0.24245230630693987,0.7872694303039369,-1.01840443990996,0.28662403906590583,0.18357783275517522,0.31688277516228525,1.533256705347485,0.11084578211697702,1.1739596937829362,0.6102390488306898,-0.8108647483367,2.0801761164527157,-0.11403132478710948,0.8946265943432942,1.178814559071733,-0.25423004733767796,-2.3686455824370256,0.45885036849091965,-0.12703971154967847,0.1981800564634304,-1.814003230194414,-1.1978493979417715,0.29228981918472896,-0.6549129751236475,2.161571843226641,-0.4471991677746164,-0.6532740272313146,3.360726697473339,-1.0853927259303453,-0.8450406244778286,-1.3175929333771867,-0.3184270940149784,-0.33527437996158294,-1.3891757702194119,-1.0742076290510147,-1.5789768517135718
1.3534006365367026,-2.0675400216367374,-0.04169278267163388,1.8737376991813481,0.4231223504435876,0.6748073435637475,0.9158612479457936,1.002766781800071,0.6955055267373589,0.7170081070224259,-1.8170488317327762,0.721886695635515,-1.5958686908604989,-0.6349778031171496,-0.6845984311703994,-2.526313854181272,0.9635412265955858,1.484856768945671,1.3705530340868821,-0.559374284353311,0.1143240420621846,2.5970348310524187,-0.8906473886665855,-0.48623342072703657,0.08369861787394317,0.8249043045218806,3.7177793309068763,-0.7533527275466516,-1.5480591276476194,-0.9980410725291278,-0.40174208324501126,2.51050751265469,-1.190286531288431,-0.8547029893340842,2.4170238069098766,0.8154450183945723,0.05569857420402091,0.7040618547182558,1.131699070759626,-0.26114090494735154,-1.0952396217231288,0.5345335487101205,0.3987420991498968,1.0139266113088832,-0.3930139059242276,-1.653428041379687,-1.8014207604650276,-0.5433855948946309,-0.1253875668682407,3.1608967566393673,1.2196606161151613,-0.6106004945855019,1.928067324054491,1.12695233000499,3.914765636970371,-0.29436867660397487,-0.49269816040658176,0.4650029693083429,0.6079381690663151,0.9254206447964674,0.7828814483260157,-0.2060051036677053,-2.051229564806873,-0.8313610573708008,2.3183252935685594,-1.4307577707652768,-0.03778361889446635,-1.0200909089972716,0.901023045098676,-0.24973371266320699,-1.6157612357916966,-0.17825687997304063,-0.016292654658988215,1.4129525927453457,1.5711225579232748,0.9949954267894212,0.12186670645673277,0.34578659040710447,1.3845409446481667,-0.3415337537931513,1.0597521801719798,0.5374789597468863,-0.06860649173550945,0.018646119014732083,0.9175281241153205,0.42230112911364326,1.074523922440763,1.2986912181905672,-0.37412300972491214,0.8034805800670479,1.9536258404183044,-0.2142109646282248,2.0068125776587964,1.6673224041779426
4.368480994559428,-3.9200413968733034,-0.8158318863845431,1.117617785770689,1.448363954176759,-1.5976258239060195,1.350074802085488,-0.6113209112644179,-1.9103791298765136,0.595388473989416,0.188150410972174,-0.7093924879032849,0.2259325221063872,2.6249515396957626,0.5148849680444098,-0.8046248489124879,1.2371068609540574,3.4707619138612333,2.273771554660599,-0.7554784224268359,-0.6575956462537238,1.7854692000303802,0.6086540381623144,-2.165437158820465,0.0612637600078689,-0.7875197685716697,1.868330354252487,-2.6771997709816144,-2.2561952243683354,0.3585174211414584,-3.523358378941115,-0.08148359746214381,-2.7435434507161074,-1.6796725218355915,-1.2288320244854087,-1.956432405244188,-1.3628742943646615,1.9196354530023452,0.42951113425932363,1.5102180524585025,-2.4136121912554995,-0.02470301498625327,1.8598335846274232,-0.545629608285536,-0.9649492389779616,1.1748908202323318,0.13316192531727838,-0.6180419621526378,-0.7603626132104847,2.382523673849472,0.39965783397320925,0.10057234625459432,0.898291942726761,-0.7516339122063602,1.3071363538799257,1.7682554366416854,-2.9114541308626554,2.6110892044456095,2.056609614891447,-0.49023928995499255,-1.192328446027005,1.051221050837645,-2.532458153933121,-1.7917916090331154,-2.2866635086793403,0.08622873369561335,-1.8305072601693866,-0.4878989041955056,-0.9009126986846419,-1.0098728979866722,-2.1783511977515513,-1.876866393990437,-1.0848145855078435,0.3886836453699502,-1.2158607705023188,-0.5111047646495435,0.2074958125382797,0.4793510988132882,2.051684890218285,1.1327614381726976,-0.06390118552783633,0.3560971734038881,-0.5767039690926914,0.7241548864999939,2.26877004448138,-0.7342713367022662,0.5508022308814428,-1.033030027095814,1.4291029744754618,1.2990814075011399,-0.8965455966648218,0.15448852129207108,-2.303820976470148,-0.8712650971862135
-2.1050749560120083,3.312730101275674,-0.3450133137521044,-1.5111438720807395,-2.6566086629271894,-0.0009858796619903742,-2.2673521190454635,2.736943725604,1.860966010604069,1.261842055058042,1.6204292387140746,2.9238192472828457,1.416861130976927,-1.9057748723477743,-0.7685370771976507,3.29981122139195,0.023089750602803827,-2.1186600640155113,-1.663052913776073,-0.003936666795078869,-2.1447397178623233,-0.09294827602551015,-0.44865210477700207,-0.18796220561630844,-0.11372012981293755,-0.7560445938921846,-2.352539032941581,-1.064218886402962,0.6235486872144029,-0.1403602607232412,0.9748384664478335,-3.411619653096121,1.260727986229536,0.2643214196691364,1.177740987578328,0.4811066952227113,0.5440240264944554,-2.563781543598413,0.06451715815978072,0.4520706301972953,-0.322731730319575,2.966191761191864,0.19742300396612672,1.5292217150378615,0.5088731093152735,-0.2162498238942635,1.020709695989614,1.8642037346224773,0.7151547551807813,-1.216713616398356,-0.07941574406255636,0.5258587011354734,-2.926204183702257,-2.192987036657094,-1.5883405379955016,-1.435315279034973,0.5535232401748449,0.9507138232905085,-2.277287113103698,1.1034305832375408,-0.6013232832521679,-1.0146472816794145,-0.8486510255478885,1.9078613545200407,0.8444712426580884,0.12928287380701003,1.3290759464059871,0.9468720465226829,1.011144284100064,0.4017084930654087,-2.452299054506663,-0.27856238946959155,-1.2781791799191287,0.9820908008152598,0.7999360283579119,-0.278087117983713,0.541820165755512,-0.058410636308379435,1.1646171471111146,-0.4143831505443315,-1.5698202385960556,0.8369505019193875,1.7258428054175874,-1.0158111670806003,0.06978539293240074,1.9708985505816718,0.7939212755291664,1.7274531186560311,0.2551340643270845,-0.9594741170662258,-0.667617918049998,0.0715681975974356,0.5979012751369697,0.8792411657076968
0.3245259905306072,-0.7918366388078325,0.0035407564442406143,-0.6381129883061808,0.6288198314193794,-2.5385969575782545,-0.8542149898457412,-1.1851561485599154,-3.3043175317660447,0.4374134098472607,-0.03363756590051082,-3.103452584480948,-0.9195997641021888,0.6121018278400268,0.5197250719375736,-1.8429897760569134,0.05155778432079508,0.10530116097026349,2.2242623386351132,2.328953476969926,0.8647619818597928,1.3763003814054127,0.21568618216800228,0.6529803602328274,1.5939310801102216,0.9274730268392806,0.24455687359214218,1.214613620049473,-0.33420147319833093,0.8333038608436265,-0.4361521113309644,0.148664310018934,0.3390401383346487,-2.0743547778909717,-0.5766499847909589,-0.15625029667872392,0.06378361710077946,-1.5542003363757506,-0.1923990287541307,0.49888162234759903,-1.6597778308747053,-1.6346319484937595,1.0477293957046718,1.4415267456050482,-0.862247083951349,-0.9561068991265721,0.5314836351865488,-1.779727894889595,-0.20570914205751828,1.6649724011868117,-1.8156948046031531,2.002305285439738,1.7150924527261848,1.0689192739405877,0.034212517579795376,0.538143573983888,0.059543271991373214,-0.709860984778864,0.4124180339724779,-1.0024798993560848,-0.649308201633996,1.9842926703393777,0.7876175643929473,-0.18315816438708654,-1.2319186893452536,-0.24763103871768788,-0.31803414295143584,-0.17168736783167504,0.4234351098678955,-0.8645389902320363,-0.3232341142443059,0.1448677536388581,-1.0776422461698383,-1.1902052649490227,0.5122358248083855,0.007364793414270269,0.020994336555725697,0.3268946292907224,0.25876147276038924,-1.2754739762507799,0.20988277391227717,0.10551032146168848,-2.800355816366509,0.4987721119814823,0.7011669381705695,-3.415362276377272,-1.1402075273990282,0.7480451332381557,0.2904796038999177,-0.5358008889143,-0.38754901919410023,1.0197660070565029,0.39734318749229824,0.028114445606179317
-1.2132982152446896,2.618680661241814,-0.4662844837581122,-1.2479478652120124,-1.5365021341247025,-1.4440038816491882,-0.3981808689597054,0.0522032919714093,0.1280834374309306,-0.29290875677140915,0.4177417289053632,0.7373433480903959,-0.33911436570298603,-1.050221981658831,0.5143016012413496,0.22260873986581853,-0.9012873918389721,-0.9564728901328117,-0.977020606484228,0.2185933180799709,-1.7000307484467752,-1.0381582657891781,0.2745874740983933,0.1507080318832134,0.06215797373294499,0.5912002145672994,-0.9231969931879845,-0.09723207672942102,1.2092098160618847,-0.028043768052730254,1.7040609492650614,-0.8852894542670955,0.05057921750960537,-0.12605363249461124,0.0006282083071187383,0.05435542437717317,-0.2952060448842432,-0.4452620985042677,-0.016920904160192835,-0.2863997185249213,-0.48211320336064956,-0.17146533373062406,-0.9243636897153155,0.6838560776932852,1.0729863988918313,-0.36799481058150185,1.5062408894565464,0.8664193360060434,0.04597695629349435,-1.4355683935410672,0.7072569704655466,0.3413797086048518,0.2588366108197475,-0.8741512547499217,-0.6161109095126747,0.6259765872510435,1.459912742154116,-1.3834543594939952,-0.5029666099372638,-1.3778949320609408,0.016311888740317,-0.7133817383172659,-0.17951736115442452,0.7464492017114686,0.7288851565439756,-0.4994066494185794,1.6203499250789282,-0.18962489061121904,-0.0713638391226307,1.2331835427754334,0.33594820172576584,0.7963896555209067,0.665445740980052,0.046392954065377495,1.6209752868316214,-0.0721665776397325,-2.091901064260491,1.8380684895526949,-0.15895979657597673,0.8766862100822204,1.173270120481628,-0.152659266685154,1.8672999051927406,1.0077128608381727,0.38989275835470183,1.5175132884438038,0.26612216721302845,-1.296202142337674,0.5211833057819014,-0.8682633522592724,-0.3256508680788107,0.32386721930230433,0.716128329998993,0.29632654808488035
-0.8716899309782794,1.8774098809181172,-0.0034253922406019513,-0.4761196781978268,-0.8865915720389816,-0.9067003934208002,-0.14872931347413404,0.30615295737179,0.20690247816121232,1.7614515516951756,-0.09313675018508491,-2.2254104451903167,-0.6383455292507887,-0.2034442777927009,0.6178307888193593,0.23638251297011892,-0.358031239500755,-0.7808269812471211,-0.13090761220182778,1.5256973855483478,-0.267227075194021,-0.23828294782125733,0.4613665024671243,0.8552122533761332,2.301640155365835,2.128736954218943,-0.8007194397344547,0.7611085314283967,0.3385717750129701,-1.0244770079950756,0.04290477480655036,0.3764120164281162,-0.20272080972455692,0.7380252097461266,-0.22909813457907158,0.9192534284615531,0.2382583547086819,0.12341663965572203,-0.029683225932170987,-0.852438139184265,1.5307129036745657,0.6953049477642714,1.8239483071224298,1.786326441175946,-0.46003562109698937,-0.803806204969928,-1.8783920468843784,-0.8557719060389386,0.47709889274285994,-1.7710202258242425,-1.8917814977255607,2.3430895219341896,0.7860355041120047,2.0966836119619536,1.7191947608817515,-1.2694633101963193,0.3433560095390271,-0.8805151040388725,0.8458866334517384,-1.1235383749944798,0.1759423297505891,-1.1298837395674108,0.12361743382390958,-0.0490260220855951,-0.707420192499918,-0.3129431966363933,-0.9531647799557924,0.4267308918201096,0.6019183232665817,-1.0651827068622979,2.0193341650291985,0.11091991404722591,0.03536215432077283,0.07485390420915858,1.8470961166588022,-0.3631146773526706,1.1944256596537526,-0.6528722396293718,-0.25580065778651134,0.6104757274942488,-0.39399075686297025,0.07219212108796143,-1.210217732015369,0.5307878962122198,-1.0526186605372794,-1.8330119417539437,1.8527139037622922,1.7812229217195537,0.2583609563737884,-1.175672139114865,-0.6875806996735934,2.011798968406154,0.8127190355750524,-0.6000837458468332
-0.4611971534578232,0.1843220660063071,0.4560398170695071,0.418011149293826,-0.7452750305416564,0.07014777771524847,1.9827887493721836,-1.2460075350004893,0.026541649127535732,1.105642983503057,1.1049227990396169,0.6215311984094803,0.365657565977014,0.5002655600778212,-0.21569808944128477,-1.245329370087386,0.3796944681595478,-1.0699432026649671,-0.5946974613121403,1.7706817401221484,0.4953439756580727,-0.6162015773365246,1.1493614478982441,1.2668830807874072,1.394739170180867,2.635555212264755,0.8529963757258064,1.1009904480955646,-0.7884901800939703,-1.7506804288357616,1.293114601486153,0.09682093173916972,-0.6059782005998512,0.0597957451538053,-1.4365034767330394,1.148013128414238,0.42100046299807253,0.11411469743122418,0.13202107170259758,-0.6865276076046298,-0.9050309649105198,-0.14277551996777482,0.028033613167132765,-0.1792118061006588,-1.78897165143204,0.3841751465675206,-0.8863358690834243,-1.2369700141295155,-0.21586618656961132,-0.9731914566796218,0.24689980389072602,0.979954309020708,0.7107814054405122,1.0029275196095715,-2.290941452767275,-0.058163526999089374,-0.09925117684347584,0.3959353144019991,1.0440752574393122,1.7287114018218213,-1.5918026105595007,-0.713289109527046,-0.9026864741838958,0.924178636987136,0.6201934429905224,-2.624094353760153,-1.1287197919863168,-1.0510078188089325,-1.4504127193313214,-0.43410148474659127,0.08625208832695186,-1.421697159577985,0.789579206489423,-0.05772483296346498,0.045125345321299526,-0.27605475535133384,-0.4633082826056479,-0.3076431129083812,0.5475395409549889,-0.30466335186105753,-0.6045044248088722,-0.5668746431400699,-0.0762429504219026,0.05756198165487232,-0.32976107006554506,-0.0724290288532198,-0.27888871416049454,-2.0885935128957076,-1.1582499203468386,0.863900664894593,-0.9441375716534879,-0.3104464805975393,1.527758604440004,0.5608723214198792
-0.066202885377753,1.2160006216734824,0.22235187522607364,0.7346575317040299,0.1029647537222056,2.3588840909754945,-0.1472007703438229,2.193042532855503,-0.12316249913919408,0.11712123821255616,0.38040245316779975,1.0509673134902555,0.09067152020050662,0.1269250448988577,0.5008220432569839,-0.6237156711517065,-0.2519951169410957,-0.19789294763448992,1.0712227775670744,0.9023705297249561,-0.39696988399572286,-0.6731860157814538,0.5988534472775006,1.7393004082065993,-0.7203254782656574,1.2889895221438852,1.723667377817772,0.6340589926507383,-0.20425781198162318,-0.03082588670729653,-1.5014913714727096,0.7628162901456315,0.9069096580390986,0.4525161257900706,1.0075156898740674,0.0025145618116712565,1.3651196196497164,0.8108649645817647,-0.8161026839627563,-0.29966743788970973,0.06279572678807183,-0.05988595766154023,0.20102763242825356,1.8361885580388977,-0.38888653342697377,1.1241772985851375,0.620731487103527,-1.2354973037555692,0.7805601012712071,-0.799061287540674,0.21942924079867776,0.6681587115090177,-0.22965289362166755,0.6473884153979271,-0.6079561958053296,0.8229560978798891,-0.3457255801072249,1.3876330767668368,-1.0103305546611663,-0.044972478045332,-1.935988142044005,0.8791398610975473,-0.27722783830253533,-1.1483232623744357,1.474740864371014,1.0891521055136821,-0.1589462775125191,0.35792164469003035,1.2384781400580511,-0.04980704556144294,-0.36816067711910344,0.371823749673608,1.5113636737969756,0.04293800817336208,-0.4429217183732534,-0.5307356424952249,-1.3164601585731883,-0.3607348657770518,0.778576181331271,0.14075004828758975,-0.4197642793415385,-1.7533655447671743,-0.35647933167704815,-0.04875956798435802,1.3114569564146699,0.9384549051329045,-1.236100759735127,0.43275066109666616,0.32517735167726963,-0.3010808013555434,-0.5630542990431813,-1.7849007063653013,0.38837850418322695,-1.1446891036417157
-1.194052819967963,0.34303489024278166,0.37502715614034365,-0.3238025745461144,-0.5923418260932466,-1.1359035646808087,-6.6163240492177735,-0.39629350467117674,2.1624807773228727,-1.6922135730213457,1.5540054886391113,2.712705027215309,-0.12081391282625431,-1.9636850295551267,-1.7366141356297695,2.5108977424408403,-1.256146420240226,-1.2852989703596247,-1.476171224349914,-3.015293332284338,-6.073446650497256,-1.1718558586481582,-2.5687926746386696,-4.827745720254688,-3.201691570360251,-1.3902232116161544,-0.9918811993781117,-4.137131350622497,1.828292462115729,-1.326585402610366,-0.39832647605202526,1.5821198426200764,-0.562721310213562,-0.25180837189539407,1.239338517947051,-2.492126691564202,-1.0221817400530422,-0.2520497586441396,0.788787400730776,-0.2604417387083023,2.0651379434976427,0.3592534943563446,-2.7600047034794946,0.19167545874371628,3.673835900696975,2.8635642281633595,0.7142719688189479,2.6299009949200784,-0.5780495613164403,0.9540436413636395,2.67746056110964,-4.015563518692969,-3.9929521885683723,-3.739459694853465,-4.03621589840631,0.7432214407224076,1.9814953606189625,0.2378786405958606,-1.1781040051622051,0.25553141941562185,-1.335418506976618,1.7489303156230949,1.6001109667477358,1.1195670395189437,2.0662146430550394,0.8775842506571847,1.4766186802977266,1.520924139803221,-0.3047886594674403,3.063494885185787,0.7813978429962514,0.2989881294727306,0.813795722904594,-0.30508758878045844,-3.8096157100917094,-1.0715056650966273,-0.35248633801102996,-1.842215526086827,-0.2870276030840959,-0.23622949507307758,0.5402480240405756,0.06631657933811357,2.579020094798564,0.7974933453428034,-2.3499440724524745,4.391043137240068,-1.5858940372608792,-0.20288565644023304,-0.045857581327394224,0.158570241518575,0.9368220605211317,-2.8353815395225306,-1.2925878241460573,-2.1309944579195026
2.239580664082616,-2.043950253678019,-0.05318782876093339,1.6535678593620895,1.360136582332124,2.5705994941079813,1.5570564097472095,-1.1739370986439177,1.1706104537899185,1.6691949449833763,0.1294457888913358,0.5286580983673907,-1.1849627920640025,2.5083431156494793,0.4240418936251049,-2.3621813114640697,1.0060782537641166,0.011165870930266442,0.1604295778712232,-2.278295078847191,0.6449680232012256,0.6904153974714897,-1.2974387501576043,-2.3642049344654485,-0.3007653743262917,0.3044051854846419,-1.2124265855216974,-0.15350924760933682,0.24989540075233374,-0.01493008843383092,-1.4953606954334377,0.5927646489622296,-1.3248476566883214,0.05402544697189238,-0.15176393706377045,1.480985692693427,1.9341159282445672,1.2365598673069067,1.7875238435781702,0.6828093077014445,-0.7140329697382989,-0.005651805075464589,1.3724667153594488,2.3837266151453926,-0.1136501235415801,1.0652580316457991,0.43102854295594734,-0.1255136783616017,-0.8172064623425327,3.4976832019041746,0.42785536542080116,-0.8770893833963735,1.6596135681489417,-1.38713584055397,-0.4677967474277076,1.343568949786979,-2.2331928591623633,-0.08287511794980851,1.2207335544357072,-2.5673691920098785,-1.29841873990627,0.9601463064536825,-0.6441985479114228,-1.0682998071960763,-2.5821638927471566,-1.9824843944374304,-0.6141328630295341,-1.8600334286678337,-2.1915513008782264,0.19148091915402232,-1.9306562948954937,-0.22671033303539406,0.019631161312244072,-0.8919388717657344,0.8838648630640489,-0.5211950877675582,0.5083876996084626,0.09759338437794163,0.6087389197813184,-0.6498255235260476,-0.14171188666633905,-0.6330741795201342,0.5546111340771981,-0.6567222907678913,0.2214635844214628,1.2147657365253732,2.742557526926423,-2.989990353455336,0.21484895575082014,0.45450659813102096,-1.1349363461338315,-0.4439210224146777,1.9310942640073088,-1.108163781785364
-0.4447575586490345,0.22237929282366237,-0.1339252391327189,-0.44634902437115187,-0.024352287296043884,0.791597044137936,-0.3585299445433321,-0.18532280242835386,0.20663300633465465,-0.031929944059293114,0.3316649124294296,-0.9552383350918237,-1.3632253824557792,0.057462238512991815,1.5312865919114467,0.5297231695384307,-0.07590324077646804,1.3588042536008045,0.5730278323121656,2.7732426017095575,1.2617364396818032,-1.100261850881835,0.08447995777336603,1.0834449654313032,1.0636512352959473,0.2586187078307138,1.3908809513033842,0.2825416300650658,-0.33245607610245065,1.757846488463668,0.7954943326993,1.2149788706054432,1.1980427157933544,-0.7775427584966778,1.5540485020939385,1.6581550299807861,1.2450290974917564,0.1600273059377928,-0.18409258055341154,0.5044698861105876,-0.2671753289098048,0.050585361230669965,0.5904538265360237,-0.2392378254424531,-2.2918349689234954,-0.36905977951583935,-1.023873679374624,0.23162032185972037,3.211639084280492,-2.0079127195951925,-2.508627695435056,1.6016013282691326,1.2923438973044186,2.2181136599504865,0.7125898266091197,-1.9426314295224554,-4.177583612551338,-2.895798740239618,2.6437270628323875,-1.1525849866299593,2.1348485481601633,-3.6038077698607913,0.07218658256750182,-1.8029744164382173,4.171561495243528,0.852754824629592,0.801562484422165,3.0050875057637376,1.2318437822893704,0.7345896724625782,-1.9761697304198371,0.7710093154227495,1.8186730974374365,-0.10157170890255585,0.9310731026271784,0.39539421359728905,0.18703748181951194,-0.7599067875876645,1.1724080035797326,0.5891114722772827,-2.4557090588513173,0.14817352953614996,1.3074672030375236,0.20060459618784535,-0.66067313902754,-0.34268424477399695,0.8906082736301034,2.0165435628568686,0.30941247673783134,-1.6058207968204097,-1.9482292432496526,0.23569651879964149,-2.128197057793186,0.014319118669126274
-1.5270925364182537,2.8915218648572676,-0.13424429762943865,-0.8803983050583307,-1.6285720879693972,-0.702395394354715,-0.9775255286921654,-1.0810570188801123,-0.7376663834560043,1.1275389369614235,-2.7124566418537754,1.825236041864196,-1.6699319786301736,-0.72885227542101,0.7771610788276666,1.9319751068251358,0.24391864183895196,-0.12253128055733542,0.1250530009891928,-0.507775636340648,-1.9719960420009728,-1.155867283185039,-1.120399265527586,-2.3891335868413934,-0.6730038931509956,0.24886450546637895,1.137227616868348,1.5380764898040664,-0.18210483270726804,0.8382939486495783,1.0637927571070909,-1.601869777243115,0.7739288993152333,-0.079110345664679,-0.038981280899367025,3.781885101399478,0.365166483426335,-0.6419966206501322,-1.0929462508486882,1.093891668568392,1.3273321834026366,0.44427894589880634,-1.9446862745675184,0.1395460753003679,1.441957654695254,-2.864338488157287,-0.1932726408056868,1.2304555182908412,-1.1088067617835762,0.08898164605569647,0.020544661777556372,-0.05739639400019467,-0.5695542774117489,-0.6159068122127068,-0.7906913234625346,-0.4536475713544854,1.2219820976111897,-0.8011513042487954,-0.05592146652485569,2.7982988970683174,0.41530231466349155,0.44976632835505725,1.5475546770947661,3.1720418657870675,-0.32538238036995726,-1.7761690909439452,0.6152641973303178,-1.7814516481346527,-0.004149414740170276,1.4403758109027751,2.1979696835433913,0.7189363902855959,-0.21083958409029502,0.3642177675033585,1.0387893346313852,0.47476124121119123,-0.7341367817103931,-0.15709739322593522,-0.8567745369993537,-0.6941543265050383,0.3001752638952285,0.6143047428558974,1.3075305887679887,1.2650410638130034,-1.821726844143038,2.540946754893322,4.196290481919719,-1.8032780906200168,-0.7752597432754742,0.9676533203882852,-0.029656227334785012,0.19799106839318803,1.3114952367604906,-0.17105458772538462
-2.68785346188758e-16,-0.8383138681077094,-0.266402042914061,-4.470700075275823,-2.9309342943483734,1.9094148999991818,0.1809402980728547,-1.6122167725835328,2.382284602709058,-0.5937945183747794,0.07847421030128576,3.36693272491444,-1.919156859744001,-1.0422691772887207,-2.908374948927106,-0.17718865289884633,2.293194374709438,4.168541760515186,-1.7970033877231493,-1.2467383057429207,0.2897562078500448,-3.7747845917676752,0.37336336714488405,-0.4815647668325479,-2.124071398617629,-2.5663782354673086,-4.42966304197491,-0.7849019087655766,-0.25136923474810713,-0.44769750521516843,2.3229538352328154,-3.356052782955322,4.5514897191111645,0.2533970828655008,-1.85969837767409,-4.124165218897306,0.9116582220403895,1.5153930232122397,-2.4563821831598496,8.716778006399354,-2.3164686045299785,-0.6315922239260923,0.7917415775379717,-3.087469113729902,-0.04436987978442941,-0.09136885094239211,0.6458703772478037,2.201462704981208,8.704621226764075,-0.05096652556733247,0.1679404602488671,-1.886570095734691,0.19271429994634345,0.6441591592241209,-0.5708806133286778,3.9726546693056117,-0.9353553232130613,2.9605436055827683,2.868341884392693,-2.1046149861349592,-1.8569545363912092,-1.342517554563031,-3.566719970695093,1.4328766816511838,1.234231238847925,-0.6374550934511553,4.063689135349006,4.200555186659635,2.919643521825598,-0.6982819064448534,-4.92803333710301,-0.9833770293752785,5.581209729625,7.83671618183543,0.3933784316419124,7.451538376094377,5.438042845768466,1.6144283034038225,-1.133697187455694,-9.0238867092516,1.0906757769496531,-1.849050339595123,-0.36581963640859777,0.22363525156788608,-0.8227276658695102,-0.00895178504750772,3.823635697683563,0.9178001450848021,8.40691297425495,3.2838148594271366,6.102058486066898,2.5038641225325504,-0.6866987684473819,1.5699449772682272
-2.68785346188758e-16,1.927892766617037,-2.146952190556392,-0.5088539951549848,-0.5817662535405411,2.9714741415624335,0.22769266420580173,-1.6984770558301312,0.584693327940936,0.15953603526772228,0.275607962059032,0.34893144884520777,-0.6483524249251562,2.650096077985587,-0.6975046355438812,-0.5218216091749477,0.75295045933955,-0.5582572045078726,0.059304256408119316,2.129745222013398,0.40903821724196593,0.3774233295845264,1.4571017001035769,-1.1233451757807966,1.026550129417321,2.7539256830688683,-0.9704157800400651,0.7101721622661633,0.4255284668254226,0.7126520076934143,-1.5730345960943781,-0.012925738194987803,-0.4525081457235902,-1.6907625962324475,-2.46364362314795,-1.6520894826537518,0.5435347036737352,-3.854637295427291,-3.0643772488501533,-0.6719278353187704,0.920283909408082,0.09757062641244058,1.1253442816603134,-0.1924596875751368,2.222575931105488,-0.45445397033779655,-0.23298617489875237,0.28704185798790216,-0.9258800212326113,1.0004304122125063,0.251023124788593,0.841101549797731,0.2881482320707529,0.6606505444877863,-0.1926997644469652,0.4475948323486518,1.4516302752558823,-1.517006550114165,1.2721799187683145,0.5012557295943543,2.080187913529146,-2.0043953041856866,2.15208335268659,-0.10329891144961384,-2.7281318266435797,0.05932716535747068,-0.4481368149931657,-0.6602337637328707,-1.5940353312076867,0.11345994964990405,-2.4242928776516948,-3.051575839256117,0.62685904588531,0.6927415355291372,0.7805700702862807,-0.33740068936926404,1.3585750999199373,2.0047785334913693,-0.21099318372137696,1.9833678175590017,2.6848196684687644,2.614615484508395,-0.16371659404167024,0.32099536814830376,2.245994468295914,0.3513077939870691,1.7132230495602911,-0.38111643703357706,0.48725631198380337,1.9478341145460258,0.09567835816861847,0.41461479248828437,4.902894319293281,-0.7356809438134565
-2.68785346188758e-16,0.009871668059854918,-0.8499588462385282,-0.36666644776658963,-0.9718219250405511,0.9933019207418275,0.0002901559551607301,0.7981445593048022,0.8557102077221177,-0.7939916968087394,-0.32412151039859943,-0.10843261443755625,0.06208408682168229,0.8928582159842179,-1.8709255224284242,-0.48718796845838863,0.7555429509927158,-0.4240057842028288,1.502638410488538,0.26838392236316466,-0.5131334727931702,-0.46984522639211085,-0.15397028844476535,-0.30423473342292934,0.5214928246086299,0.4777420815987715,0.7265075221490285,-0.10911247970900431,-0.021200191976535332,-1.762347190166356,-0.5851319611128927,0.3543408675394861,-0.9297147482925188,-1.2220507142058812,-1.1951766819789658,0.7685497379912241,2.1796044717687515,0.3564586780095347,0.1807257562299091,-0.07162176274375193,-0.7961054070163811,1.673558177638949,-0.014251899284593583,-0.023888191162670713,0.2582398710213447,-1.176969881748318,-1.4180176456051528,0.2675131485903104,-0.42918206438383427,0.17429189671967987,-1.980990104278926,0.77568074746644,-1.0559546322671989,0.2236791967626104,-1.3406993053385028,-0.9475973728594747,-0.19926895141043358,-0.7544966525662322,-1.2615612353499968,1.436985463005193,1.6149560672360868,-1.767137450214837,1.0754867460186754,0.3017460137726964,-0.0705923508527689,0.5408328259909794,-0.5938319560501732,1.8145618976635047,-0.47070751366020497,-0.11786823886594934,0.18019060537116482,0.902481814029286,-1.2419550351968862,-0.5586628833991959,0.2666977947331182,1.7559102717983464,0.7329509152872656,0.661387881004436,2.197983196822385,1.151454207712245,-2.4005386386239773,1.6746820836385687,-0.3175437530373771,1.4024466038528427,-0.21384769932311679,-0.021845099497336436,0.5821873491510684,0.23734379962986293,-0.44259703896652003,-0.1974181502875727,0.43992627398489415,0.5596500252006672,-0.3823084137813929,1.343380526526824
-2.68785346188758e-16,0.09931006867125731,-0.48501777006171226,-1.5509303554732636,0.7144910009960502,-0.4817487757487,1.4178654963236832,-1.052058033948849,-0.3672061591906194,-1.0611419754313516,0.5545295108067735,-0.9305712322821884,1.4588002252955898,2.143689839255648,1.8984335705139415,-0.6857371462886191,-1.1790784071565228,-0.8925674966607972,-0.14746883792452797,0.31602144603593524,0.9442670493083326,-0.4488759936955411,0.39065430193174455,-1.0234389526282188,0.7125829127452393,1.7151488683316423,-1.577081305159606,-0.49304757551857303,-0.7563318641293657,-1.702239367419761,-2.5328309098971307,0.6923779997034004,-0.7351885656106036,-0.38992507954656414,-1.0671566855014307,-0.7875358984631966,-0.45235408734971916,0.5815251691686807,1.3707353578561923,1.3248951887215228,-1.8767886563254337,-0.021249131473063843,-2.147698859297584,-0.3634496942515989,-1.4904842923666417,-0.5262536555367695,1.8598922570306735,-0.810528168188626,0.7367172581828477,0.023031777250920146,0.16157752627106173,0.39563263633799417,0.1282322103133839,0.05275374770451591,0.012694637586167082,-0.15814118355500673,-1.3684129554180469,1.8900541931542971,1.5289639550385812,-0.5917721546024544,0.49647026421795276,1.3666771764809786,0.17595343223317128,-0.21271334203473302,1.3828874889225706,1.2401453146052281,1.7547264483883658,-0.8952587479542714,0.6761378662861126,-1.097532397841179,-1.145381247854595,2.5199664185058936,-0.22408351679046873,0.2841536122132797,0.09306524179070116,0.4785465278130636,0.047622681316456944,-0.8628968451412489,-0.9230875419830846,0.9387130793438532,0.8650372906296852,1.6689434740318014,-0.5447009990355534,-0.6454917605256334,-0.5977147876735914,0.20198516940720998,-0.10621971864546521,0.47328919339407227,0.18807427730541343,0.12429116710394873,0.17579834066306121,1.7563961165344217,-1.2498886902023232,-0.6236044171059287
-2.68785346188758e-16,-0.48943770592189395,-1.2667116974729236,0.7723514962043674,-0.0866291812318471,2.492786828888862,-1.2501171021730073,-0.5603337871098585,0.5038039364439921,1.1675177289068785,-0.09370165201325664,-1.3449633589792958,-0.0626816814863187,1.7792724491053562,-1.1303807739448108,-0.589587032019557,0.7812966782403231,2.1887262681636392,0.0007156597962578171,0.9859409697332732,0.6626647855281309,-0.9856426813605984,1.090217063651949,-0.3484171250543786,0.38065542794084123,-0.3698077700048832,-0.7768731374286106,-0.9905031495119452,-0.47874367586114525,-2.8079044814084155,-2.187334726537905,-1.8702326107412317,-0.7168072898513681,-3.0535308547453273,0.33561059638179846,-0.16739898604673528,-0.06399967951743488,2.1222065701886437,0.22558964658374392,0.3669843720325774,-1.5461595220607014,-0.06260745803645612,-0.13800108662768068,0.32107521797812955,0.5487272152986254,-0.674678806436972,-1.8659368636538631,-1.24083828854956,-0.2781629207472802,-1.4078656008822437,-0.10130537530845476,-0.0744640950763279,0.09299223224125876,0.5058604365595634,-0.06541708258175168,-0.2803151474053855,1.0308416487444307,1.072534527203186,0.2938550489073913,-0.17726606980381204,0.8455102722557979,1.589012159866146,0.9271318094560099,0.13185676028467777,-0.25660123640769694,-0.4847550922238273,-0.813853311903399,-0.8905000094786177,-0.8997404568719258,-1.48970361258545,0.7568487382314522,-0.48235888598079646,-1.0152776325524004,0.5571634735937212,0.5473001857900566,-1.330801517045855,0.6825634273877829,0.6878446800044907,-0.07713258546469857,-1.5203376123312804,0.3141629841080141,0.42698390782905027,0.10380143585227719,-1.5377446185055692,-1.1545440881730926,0.3109636158912457,0.3319536994019926,-0.6117770152866321,-0.23480821657823733,-0.6364066112829828,2.0375435396827033,0.48534645094525125,0.16882763715456417,-1.2240560994655005
-2.68785346188758e-16,-0.40889980414916516,2.674278769183881,-0.37940616896959006,0.8650183529429445,-1.2009010225090768,-0.1711426563244043,-1.0991099733545955,1.488258806268795,0.043739743877803404,-0.1277139952644505,-0.17603274459514862,2.197848974915053,-0.9982686955760525,1.4008101742682824,-0.4035108858948696,-1.3824553386234102,-1.5462875437266836,-1.90454462288921,-1.3542186438468338,0.25122144565119314,-0.38911052263355084,-2.0015482409331247,-0.28012937217629563,-1.604481351509422,-1.0824933258664677,-1.72238622664659,-0.36257314321265144,2.403482094582291,1.331268619680052,1.6732697334106548,0.6703850981983217,0.9847645347788044,0.5299648812160369,1.764558030386449,-0.47878110913479616,-0.18102839608354704,-0.318706705098332,0.7198105097991341,0.4778861352924173,1.7134498799648719,-4.432559092822915,-1.372262790662329,-2.752001833803453,0.9652280020005806,1.9288959097925027,2.096243967839875,0.26603212427332645,-1.1979389693495002,0.3839313563242274,2.813871557748474,-2.6523012557497596,0.10220135500626881,0.6253938939805037,1.0630633201625812,1.4043959480162496,1.1521348160724079,1.445879207571871,1.5795155362189333,2.1523397041939676,-2.257267613316944,0.5420247913068404,0.8394718320893806,3.0020544330399095,-0.48984259401567004,0.27598927557654496,0.18819953792387606,-2.544422590448966,-3.1434394825485623,-0.7393636712318518,1.6623682942618019,2.3817478305948487,2.77344196479064,-0.756993490417454,0.39012950412022157,0.854472124756241,-2.3313446935899393,-2.0814038181723333,-2.2893043697187596,-1.9596922956569256,0.3909472986881779,-3.0158550768242436,0.49699485871753796,-4.105247225823375,-3.34229223835627,-0.010807421610720035,-0.7992735410130911,-0.6943107029447461,0.01158470613834088,1.7119680921255933,-1.978259125218473,-1.2436189569957596,-0.07418666326161927,-1.615619691064114
-2.68785346188758e-16,0.6364106300704276,-0.36060705219278594,0.13688104833894363,-0.2592340500869678,-0.4515098251965841,0.27533175677149935,0.8505857202960705,0.4251846558280803,-0.9387333972743479,-1.6854660246903068,0.013907676109452899,1.5217587064993876,1.7318092008825547,-1.222655376890159,-0.7098316841822324,0.23893391432932584,0.8319364327683404,0.5280944251933046,-1.1943673901471092,0.5411110363157564,0.4718064013432015,-0.11869967197836037,0.040764542069995476,0.3102040007203488,0.21773847928083317,-1.1614654906397015,0.45299817054520186,-2.2346799652993523,-0.5671543578998002,0.15331849368825426,0.6341813592955698,-0.056468101855123076,0.9160699701286268,1.66739694386141,0.3162518761364046,-0.06689345522233381,-1.2591447978678683,-0.892805384825945,1.1852177722247945,1.3941782976318982,0.8410711562973703,-0.7883710490709871,-0.5911537243364298,-0.7836661967950527,0.19030553382598284,0.15406162730011835,-0.8617260933613268,2.126126463898724,-0.40336596836585725,-0.03801131853060191,-0.0021809789906761523,-0.9768264264111104,-0.7050501845109349,0.5421639400273509,-1.2765961024004269,-0.1524624894268886,-0.6133729932715593,-0.38879855896909704,-1.2216986013578879,1.3346559754398497,-1.3956074895073,-0.5033616786786981,-0.042442721491990076,2.3275399513170427,2.0093964368229313,1.7075772469942665,-0.666983793049706,0.9641191326816464,-0.6660732470094,-1.8375980823288287,-0.3749450417685773,0.4579339392194902,0.2786154383308472,1.1855033901632999,-0.950807424460673,0.5494072130471789,-0.4827822426793615,0.7196828275169578,0.6415751380058309,-0.34005738072617364,1.940584144306395,0.5545329522990187,-1.1289823244026385,1.0053792178688932,0.08828915813188092,-0.4308914388281914,-0.48867128690676015,-0.6016813262275755,-0.456067557838993,-0.04987014829162417,1.6439430608178935,-0.8029923076389854,2.0648958935701858
-2.68785346188758e-16,1.5286763716585419,-1.902618472509025,2.413761233844722,-0.5148734087585953,0.8199900614697657,-0.8383796289479578,-2.6197237309802013,-1.2944282365124693,0.2364863473910117,0.08056381606405956,-1.651941203815156,-0.2506982227184379,1.0634325062366639,-0.98885301572669,-0.39179188291464023,1.2458359098307854,2.4328440611098716,1.4347517352439974,-0.04269458469918713,-0.6114746998008004,0.04276020725927471,0.1670035872913518,1.3858547519923379,1.1320148636829557,1.0669412019924502,-1.1923637609372983,2.045331186914822,0.8891005149443577,-0.2270622276090875,-0.13921248101557815,-0.0572840595584731,-1.3635238883100034,-0.901356264418031,-0.9128948826871753,-2.007501314904564,-0.6383148123345683,-1.0329045837383874,-1.6513583883568106,0.6630113839505023,-0.2298355669455341,-1.2004156458833244,-0.9060607822420368,-0.1317485123767863,-0.7814156949593468,-0.7576425817814277,-2.4017903823687528,-1.6532339186289253,1.9753040414305598,-0.665141794118155,0.10947926970659261,2.5182157589570187,-0.8581545237330305,1.6198292970332573,-0.18233881771939853,-0.3175033479145831,0.7956559831345035,1.1965818049060526,0.21778456554082903,-1.579167508497842,-0.9307826694441369,0.7773702215572185,-0.4282840795862475,0.1894675539916798,-2.3381150040089813,0.11281792574522043,-2.4865935105118924,0.16168763285351312,0.07039275076784646,0.4913774617319326,-0.8603157082130664,-1.112198855183062,-0.08282797718244317,-0.31097027656561543,-0.27477060855576974,-0.3573965271766707,1.4734669740647253,1.827540346297769,0.7350414885197426,1.248857773787476,-0.8799501587223448,0.36391934466922826,-0.6874964450416792,0.21013614801286748,0.45224484041954377,0.10815356119894752,0.10374544994185647,-0.2880139602919938,0.19165343344946761,-1.1287943995366994,-1.0587992580992898,-0.4839247556843231,1.081580471260516,0.601524947802627
-2.68785346188758e-16,-1.236890683003559,-1.513022483334679,-2.5076491903298592,-0.1385698996225772,0.8559630393835304,1.3951725273927746,-0.823093277754107,0.0966086346731708,0.13153302340312398,-0.48316939520299645,-1.3047770718091074,-0.43532700324326756,0.645693368617817,1.2188237109513638,-1.0318919920440301,2.2236200004631517,1.6021695049496734,0.748434688622291,1.267603225224793,0.9156512234666064,1.1924936510737538,1.3442442848876353,1.0890022313185435,0.1733585264176768,0.01743125947777502,0.9924022067776798,-0.8506014401100902,-1.8059077952282645,-1.1546409237485724,-0.5500882474990754,0.9296725117602489,-0.5404151865293473,0.05794909376851502,0.15595041690952205,-2.217103674188138,0.09236619873948387,0.9430631642311299,-0.72358994274288,0.7263158315859963,0.6609960416787732,-0.42208561619648804,0.6709561425779734,-0.11592042452278306,1.2446591181480253,-0.010234203529747243,-1.703884321121643,-1.6458004628111034,0.29386480756021977,0.7939949422702032,0.22870622702576437,0.8231365094208791,0.49753282938785864,-0.16804109427375413,0.5327046027842534,0.3232658983914636,-2.9591721940817908,1.935452011134272,1.0486534909916085,-0.4414044769617109,-1.4795963102375769,0.4272701931179268,2.8565632841374207,0.19509012710255014,-2.4722428585631295,0.2164277285848849,-2.293823426755228,-0.54197758378203,0.034240745923840854,0.5020142530329637,-0.008066919084035562,-1.6807893254019497,-0.9285885221879202,0.8393717383211717,-0.36480061578910933,0.8838167296344629,0.11869702833874318,1.1536589235203794,1.111115499449191,-1.2730364342713516,-0.9967570235260645,1.4720703549926117,0.264523433494807,0.9067260531704193,0.7730588397990623,0.04346846819814389,0.8967142570344433,0.055635252006442454,0.306470842668077,2.4626884590489277,1.8252817893418776,0.6187988149056507,0.022798423655719352,1.2538635510152238
-2.68785346188758e-16,-0.5866727716972356,-1.9339378871875417,1.161521117089927,-1.1060914316381434,0.7572482194747546,-0.32167698495449226,-0.1740651146744796,0.4044353306720322,0.9804529405600333,-0.4086902094167472,-2.810187943149714,1.4760444606506733,1.2072871603825286,-0.6142918937260161,-0.5578766778494293,-0.27837687899834834,-0.6525823719367206,-0.6949661766696471,0.6175106470390255,0.08737505500731693,-0.6279207890183941,1.2147120039007495,-0.9104435032118766,1.662504117431813,2.2864974654563945,0.054521328628181154,-0.14157346455368636,0.09439142335330339,1.3080189288240935,-2.0965010193989206,-1.6838273622404536,-0.9654661651526049,-0.20519767052136081,-1.395289887878402,1.4634518419518665,0.7130948422871046,-0.35532752450716565,0.676809733739267,-0.8688617129374275,0.517636491147923,3.103638630829562,4.221665505228966,1.8152056337196156,0.8052481019619409,-0.7593798898305639,1.0640078452859536,2.584921053360773,-2.3321793989694273,0.7005770454983311,-1.811027515542179,0.9654037899340061,0.7153667188019914,-0.49829513160640454,0.026547119424029285,-0.7636229571537836,-1.3694025088174242,-0.6543935573156673,-2.512945817606229,2.137734415909735,-0.30106166253686717,-0.644352848005782,0.47417651825488727,-0.4253496165138801,1.4448659162549427,-2.500000278032352,1.8667206864611163,-1.1008004662665631,2.4089687363996153,0.9427608120684384,1.8790829926206398,0.1119442319243582,-0.18036106158160936,-0.5155645909763495,0.6060226292765164,2.062246736248826,2.562301756877916,3.181926151352955,2.1844077736487386,-3.6256856256568346,-1.5885740242075974,-2.429998052469349,-0.5878011172757532,4.866251532961625,0.4560380468010663,0.1247903648189807,2.823519121072955,-0.5131169836519368,-0.2880475906637458,0.6591324794932375,-1.0043527121071918,0.6879348148204426,-1.7915575708465648,-0.9210627494062007
-2.68785346188758e-16,0.7086589771982686,0.4527554731528987,0.3950613952331855,0.3752789814523265,-0.030932557610276135,-0.20127502044673734,-1.718100704643399,0.8125937079670067,-0.6702162847241329,0.13250649818501026,-3.002704183124096,0.7010536296358754,0.3788283666432901,1.1372629129642773,1.163711611441916,0.5774810359074433,0.4955135873843294,0.7963924903281766,-0.2696335316617302,0.3133725340801838,0.3949377635426566,0.046509608663065916,-0.9323726762589607,0.0728542110540017,-0.33384782062762963,0.8385382303353854,-0.2806984403579901,-0.7941366045724659,1.368102115839269,-0.8713588311469118,0.010713575964362398,0.44940841532908077,0.26904906805247136,0.6701421760613735,-1.535708172695445,0.3667785455925099,-1.5977547671741914,-0.03432819494643674,-0.06155812414271433,-0.1578715428216899,-1.0717603996685097,-0.9277521547200966,1.871294431964956,0.863522940989987,0.7106453504527213,-0.8404401224314879,-0.17773344198577912,-0.5838074228900145,-0.3141447795744788,0.43978694947040176,-0.08952544193919693,-0.7991143400572547,0.2535213382880883,-0.910356937293494,-0.8346230963589218,1.3219241668836819,0.3021685432406065,-0.7575939851378554,-0.6903828232766129,-0.7419408938618639,0.5459762461548595,-0.20603041866789257,-1.3118698149523067,0.5580401583251768,-0.06767811810572039,-2.461200093116448,-1.4389894005794088,0.2992415931571991,0.4961855320933454,-0.5116761792904481,-1.1134668832829582,0.9541243297533026,0.7051652197639456,-0.05481068949886222,-0.9271915302713096,-0.45718854497961103,1.2103525175300045,0.09840773966537306,0.6178898097258013,-0.21063128701606745,0.7039080177261337,-0.6963088531561491,1.6102856525849,-0.3076257385621335,-0.281785183878406,1.2527747739651334,-0.15574888347294963,0.3941477409895683,-0.5086717682016035,0.8514314291448797,-0.09925425320765553,-0.8534869020177759,-1.2448745952281088
-2.68785346188758e-16,0.4331004792034814,-1.9025501203093287,0.5823109976636283,-1.0270045670396084,0.38829261405293386,1.5094927602098334,0.31948142617325087,-0.7249949492044941,-0.9483152721002094,-0.280500729710507,-0.7701466227787294,-0.892924138742047,-0.8891467965884471,-0.19379586696966974,-1.0253217406873991,0.8954488305815693,0.4695246231505662,0.09626675032649323,0.09103961633486818,0.3429730943178459,-0.2871454853287264,1.1146979138651865,-0.22688176841682758,0.8719345945109197,1.1709148480917535,0.9753447016976718,-0.4389755427398518,-1.1705709496971077,0.4067506022129427,-0.43172858481271964,-1.5075129919452634,-0.7610864966646202,0.4055837236507726,-1.2201990209229354,-1.092968131944298,0.34377034607014134,-0.2505364031996311,-2.546644231313061,-0.5423999398011827,-0.37943164473085905,2.727407860789363,1.4763059745471139,1.1135137005507851,0.39441655134450515,1.4370201353684418,1.0993240778141444,0.32249577867357254,-0.49101208618506675,-0.20224266260677876,-0.7571702279692887,-1.0176409468815133,0.8731625332783504,-1.2618594259654177,-0.07181182927406787,-0.5412330669318676,0.7566566997867848,-0.3485780569456195,-2.8997409832716814,-0.56256117073856,0.5800556143020134,-1.9001697217703157,0.7767662242791007,-0.4465617097722534,-0.28828530065658853,-0.540166867848811,-1.5585361108103875,0.8118648459817529,-1.5692218082328653,-0.9702643362011333,-1.2610393021123578,-1.7202085664556204,-1.2153292590654756,1.3964541320469226,-1.022996115467452,-0.299645318886027,1.8394862809733197,-0.24872534143259672,0.5628692035851679,-1.0695356730001273,-0.8157722242236563,0.2457715366149178,0.5726668253215698,1.3038494166899746,1.2941455278309084,0.06098399595876265,0.2675542728346276,0.45306878089435215,1.2266123572525005,1.5400278616074772,0.3977027830645258,0.9186972195802573,0.29564502827399614,0.2673712322052296
-2.68785346188758e-16,0.1610007121761743,-0.6587819090553744,0.8032669566320277,0.34680723524699764,2.119035030261357,-2.755585711915422,0.9510581071955826,1.12202287902976,0.09481425844660583,0.8176290971216085,0.6768606680216803,-1.2264662033101672,-0.0489831937652689,0.06613910027688763,1.0864003279164645,0.70373168871902,-0.10867861342853508,1.9391968122238552,0.21795180375739018,0.01753064252084657,1.0328818864159013,-1.1904969545368362,1.176457120662339,-0.17248178450192558,0.033648877029276936,-0.03884646899896982,-0.3569217701598609,-1.0967213698036418,-2.8103510752980494,-0.20660456831139062,0.9061401745744067,-0.19283122870848718,-2.1988537440640687,-0.44050411450425087,-1.6825580289915565,1.2067371339429926,1.5719795619085082,-0.1619334008881057,-0.6691714819910288,-1.9154069459849885,2.4246256131523807,1.3930268230678196,0.2815279383091073,0.21948409833547397,1.2203452783838191,0.4146141796781848,0.015645129402244377,0.07163915019816725,1.2267417651084962,-0.7963451769994414,0.8089475117047349,0.7176902525963379,-0.606848038051206,0.41901853097929304,-0.7664780655102171,-0.47469436880675536,-1.355877400682251,-1.6003405459970037,-1.580655941498055,2.311506784093253,-0.06528864761513331,-0.8427719224838006,-1.0937086108301792,0.7172317507406534,-1.477211654603343,-1.8793012143279442,0.07022444037243614,-1.4384261220860215,-0.9954760309206091,-0.10734611620894775,-1.8124198332145598,0.6816940647740192,-1.0533859508840924,-0.583199219062347,-0.060205164751038154,-0.707968389883473,0.15113223852368543,0.23037939148322184,1.0049117285352016,-1.2245998868128467,1.8952766208369156,0.09208733099422957,1.5797120141583243,0.4482609810988433,0.4046057449966402,0.7022912703213168,-0.3922227864528192,-0.9831490314498107,-1.0340522251123594,0.5592768855048511,-0.28639208614248535,1.1322389669440613,1.6284146575966547
-2.68785346188758e-16,-0.6660611213133114,0.3236867612711867,-0.9130196113502964,-0.5444979690191687,-1.678006731175374,1.6433711070920345,-0.6390574396282673,-0.21540851082369372,1.0926754075351501,0.1595138391688877,-0.8319932729830506,0.11942446719514405,-0.2529991255834465,-1.7007488509853874,0.3211064475191223,0.028633892247507065,-0.6597138062341511,-0.20610692256394397,-0.2733210069874023,0.8962564429022757,-0.5163497310240406,-0.26382923050509355,2.303122805739015,0.1408462366534608,0.3083434470422445,-0.7615430355785582,-1.1800554704418968,1.510301330142303,1.434646338775468,0.08332961989684007,1.2334554087483447,0.6581272853443585,-0.2501811377186156,-0.7653443148061183,1.0594271084023303,1.8774517314975667,0.46009178681365664,1.4738589959939477,-0.3462161385554531,-0.44130272093429657,-0.969691874723718,0.21616003424377217,-0.028680575974890543,-1.6912032758657891,-0.07899464786167953,-2.927658116351826,-1.0257708934114103,0.4675774301525114,-0.502149324530844,-0.3778838880939299,1.0091135278240304,0.9659183875932692,-1.471970130018869,0.303470327342818,-2.1486854531473023,0.931592736877033,-2.4725690310233417,-2.369670313110583,-3.379563951325519,0.9813927012951721,-1.8154453987502683,1.6463644963432635,-0.17338483975869845,-0.27112597459040133,-1.8004994268903731,-2.3158360311919926,-1.496516130654633,0.6900155017898787,0.6302772816914606,0.9570369007951072,1.2719135917757456,0.7341609532889092,0.21535703240489495,1.3349066076670553,0.19062288689234108,-0.1892323656820225,-0.039482747458303546,2.076819797643812,0.2980360708856769,-1.75215038169924,-1.8035317248907772,0.015750716082772034,0.7913005521815849,0.5879360071848316,-0.2902257733650288,0.13533111179331814,0.5153121977115537,0.26120928545196653,-0.5266031097475032,-1.192917338491146,-0.6496851358958955,0.9145781913985553,0.7190008233046249
-2.68785346188758e-16,0.15257412710139806,1.0672233040155161,1.3557159831226406,1.2128117769514586,0.23476285731206925,-0.3771982806011536,-0.39236366310480875,1.2372660491445178,-0.2635171003718964,-0.8316797157007061,0.7521278005255914,-1.3346173127700358,-0.5614371337832359,1.7527491453587525,0.49690505724164336,0.5432042207725285,-0.3672943839312347,0.7962859785135545,-0.0650537209460777,0.45326500525327346,0.8377020808322122,-0.07098122784135219,-0.19997562450008202,0.013571666739762955,-0.729489114410232,1.4585721880428253,0.31789736815496167,-0.3753408613108236,0.43037013380451694,-0.7819969946204954,1.0901908828222886,0.24908742189345684,-0.279485715520489,1.4145351524250616,0.9455052348009643,-0.15222733382723608,2.086629625800086,-0.4643846280262829,-0.30788542481296666,0.9758898167226872,2.3432106174660117,0.4165036038074525,1.3172004525137597,0.3482105130660334,0.16377926327228592,-1.294173397733132,0.06109986954121438,-2.775426418437236,1.7638706689888284,-0.12340087880235345,-0.3016909166760972,0.5646950696713988,-1.3093441084911321,0.035147822711220085,0.02083862314539875,-1.1537601870941139,-0.6419500609459249,-0.7942721153280756,-1.775128887001552,1.0962045814003663,-0.00977981358869992,-1.244259448341421,-0.2987409447526429,-0.628341118206226,0.5147861362993608,1.4142909060742732,0.7059082622828798,-0.6607697565185959,0.5118674018542851,0.9326123402616825,-1.0426980582986742,-0.7809609307835911,-1.13864181141184,0.03306095273091862,0.6775763235031709,-0.25686725814435873,-0.38755036193968695,0.24758387724542905,-0.5413229162817721,1.1257680934989358,1.055411798345074,-0.10403609452704525,-0.5662398233114301,1.2055651371023552,-0.2591937656613981,-0.0749422612042856,-0.26492322218800013,0.37631395655481503,0.5206833413421786,1.7450502217027455,-0.5966950079031285,1.0539481916424256,-0.48454534716854325
-2.68785346188758e-16,-0.17164459354057543,-0.5300427738168086,0.7887855500391804,-0.3567814935720757,0.3963467466351463,0.3507815250346111,1.887721112921815,-1.4022740186978269,0.19902579656325084,0.24567866892053736,0.09341973827543315,-1.0252281936123935,0.796244522922365,-2.6048571194645174,0.14001319517852515,0.03051162460616992,-0.6527751078315749,0.14306186399870519,0.3150236219581101,-0.5906205738093477,0.15267461272960656,0.8427900769224353,-0.054337162664726296,0.1701806158988578,-0.79409775951017,1.2852396375981778,-0.0602250909616996,-0.5371904480957608,0.8675246493740016,-0.4522699151830961,-0.13508221951153293,-1.0143120576648739,1.3944926373481183,-0.3477107697312479,-0.7722335381327994,1.75354156134991,-0.3864379651730821,0.26175784710146455,-0.6128052688068839,1.4352315231636175,2.303615633765973,0.8141800250020017,1.0307842986967946,0.8038263943568453,-1.0684177550193006,0.870856855479712,1.6001192873303212,-1.4086878853246518,0.339169364716243,-0.11539973662273029,0.2664582609213052,-0.7604660410144495,0.1419626383889821,-0.3430549335315781,-0.7720539595510669,-0.5632981379417256,1.6207262976589956,0.2731652035976455,-2.0079137994849043,-1.2607361598659708,-1.3188431576539623,0.3733492985250011,1.0217019302821266,1.4003667043222776,-0.006295969920800282,0.4409182573339925,1.7200377945909677,0.4773841362156925,-0.2832974739601331,-0.38545714698580547,-0.5592506873302601,0.615608034244208,-0.9498421711379242,0.5000961589142834,-0.08967883008630187,2.2707566643314805,-0.455910568999912,1.2435949243742677,0.34503620846110516,-0.7989429661675319,2.16192641785138,0.11212985904792944,2.515197009007282,-0.10265282533731501,-0.05677836652810653,0.618719407483255,-0.02105564357398334,-0.4877850878905534,0.0304835173239636,-0.7673527780434855,0.3562447828668833,0.3940822380213167,0.704693615542193
-2.68785346188758e-16,1.484663250925238,-1.0124237783429326,0.5126432573395867,-0.7690176965863513,1.3281587135937767,2.0947003352634614,-0.4928982375154859,0.016510976515294262,0.9682655903359382,0.284089209315137,-0.9197544573896315,-0.06220595036370992,0.1285314965488974,-0.3176800876379826,-0.14238286805701386,0.4483765368280205,1.2924611706681266,-1.4253811718867997,-0.12401065359422714,0.9697570127080603,0.1264218844765329,1.064088254830666,-0.045672660613875864,0.6958379835432874,0.9732293449111471,0.15544394784159304,0.15975874235663476,-0.1924323987668458,-0.6881171248276485,-0.6664655241078463,-1.0239149809745964,-0.2382591267932279,-1.4637655114627568,-0.2533228261205793,0.04709845889095843,0.4289837384366956,0.9572259435265751,0.5996976015800038,-0.2416726483760997,-0.4912843077218308,-0.12646740952032914,-0.16627906609970028,-1.8188897292037485,-1.672679623529975,-0.39797692520645733,1.086687101848365,-0.20888608089191618,-0.15532701595500042,-0.006067305015592844,0.1575394653810311,0.8196079346380089,0.6671066550600195,-0.31331106004321224,-1.2412805872231418,-1.2750721522546895,0.8367371092910775,-1.073979784174851,0.36080869884468664,-0.5926904398308266,0.1153991497255148,-0.9163574026686772,-0.7323283113822172,-0.8908892017659671,1.1794875249772345,-1.4015934893306878,-1.7012643052884164,-1.0333398222817562,-0.4262370722259872,0.19497373360991227,-0.592529745879163,-0.7284709864094987,-0.44174379925283697,0.8728819857108895,0.13335568820045968,-1.72002153101214,0.4234930830923858,-0.23809409151793434,0.3538221399923475,1.237318509691061,-0.019843669857301943,-0.2385536993141787,-0.4005613403981869,-0.8909748547401803,-0.8014268009718541,0.3718961292516509,0.5163717542087116,-0.6051218106702734,1.034769616789754,0.0047500978186409415,1.2011370382811934,1.0941283741879742,3.1461748280855164,0.8531267501402229
-2.68785346188758e-16,0.2413800434971411,-0.7383324903696422,0.044768992282945896,-0.5368537897804515,1.750619808877696,-1.2718705840759028,0.9429061139401819,0.536374414061268,0.32755639659631375,-0.09225928424206675,0.798565517323821,-0.21273821141999325,0.6282846367038958,0.8474774769937683,-0.7555595961689365,1.2728464612519135,0.9017928407226887,0.8069690531928827,0.6320263633751323,-0.38072091582095746,0.8437203253643555,1.5306843302681195,1.1361305913919704,0.9583786643405419,-1.0555008555555339,0.9321415775777588,-0.3057800813765671,0.08245024922698063,-1.7410189684102777,-0.8521671598150878,-0.7967068800444936,-0.931370159829608,-1.0849602851836246,-0.7207396127382417,-1.5917810625326771,0.12871350776284401,-1.6167547024350744,-1.1768574580601459,-0.5530813010755877,-0.8011502832299315,-1.0489361330671632,-0.989218804783982,-1.7277852436979602,0.14377550938435135,-0.8493953113981538,-1.2779607589322823,-1.5366901241301263,-0.10062023443505647,0.6287569779100731,-1.1712266750053042,0.4845225193227431,0.36713754065973325,-0.1539073829997714,-1.3372416481863703,-0.7944106961641124,-0.9243121574628544,-1.9187510854405285,0.7162258381832257,1.6503086079408538,-1.9679007117493659,-2.767473937753711,2.064152413952751,-0.08864640031412097,-2.6537793453788265,0.18100242158169488,-0.994829482320253,-0.9718289508863771,-2.151718739826147,0.34118753311247707,-0.3505901368930956,-0.8326839366918158,0.2279801098875286,0.3123664564096923,-0.40703956112937134,1.4231343109901344,0.49470586736981115,0.9071410049153019,1.2343436278185824,-1.6616021683636204,1.3146779157822954,-3.040351965005656,0.08117361627810563,-0.18105553258676102,0.1350188544959101,0.26149574802174136,0.6802130534086999,-0.13687585682558873,-0.36832608771737174,3.1396339845765215,-0.5841731977734097,1.1508232360418533,-1.2400734103813227,-0.8967180188192233
-2.68785346188758e-16,-0.29664018969065714,-0.7396872919529776,-0.4035930783433475,-1.2586479782046056,2.2055433830087674,0.2612085029034789,-0.002362619174807512,2.0917922015933588,1.1310064649030638,-0.5622889739146109,-1.2046941501577146,-0.018376307867689512,0.2247800856523371,-0.5607630209242678,0.43590691153010197,0.44480211378080425,-1.0648905226974126,-0.290480138804249,0.43217006417753395,-0.42279478937084986,2.371195705853946,0.3200241798910843,0.44094280470158204,-0.3749728480686959,0.6920384154925616,-0.13493647630406258,-0.30487562246657346,1.1012165857551128,-2.5861701093667175,0.9516866839961692,0.6051635777763742,0.27515399718880973,-1.4812506827826066,-1.5312770502503563,-1.6245969127600257,-0.52807092586109,-2.7583354689948796,-1.1898827465114197,-1.3917533974185081,0.43390808314685764,0.3839043724419838,-1.784496336608019,-2.3890482050252526,1.8054659590569253,1.8470028803754097,-0.49105148858881487,-1.182751486704562,-1.1585735935745638,-0.12128096117031825,0.7736441303690036,0.8424052295065745,-1.9394115924431896,0.7043326571422326,1.3090111781165465,1.4519474306682616,-0.3731590930987668,1.4372229746315608,3.1035271006288054,-0.40389358914809126,0.1407270269887293,-0.8117792671832815,1.9711685021167733,1.1560595105564764,0.37307493293151994,-1.047033394300786,-0.3519701192760253,-0.7179591186557341,1.1865984073859601,-0.047735444846692454,1.1584068142824226,0.5492901576107143,0.22544499425667014,0.4666695205859476,0.22524863618345473,1.4634140080944378,2.4673101052612436,0.9767850638090831,-1.077003977049343,1.3959246303260908,3.3134952455743925,-0.9375098886223072,0.05488455780362138,-1.1395758642272593,0.7799665165282479,-0.09983283957451114,3.5997839623519754,-0.9409926467767984,-0.3721175246912519,1.6365817578905721,0.2562066639601255,1.1585577073584583,-1.2616010023339623,-0.6439554735732431
-2.68785346188758e-16,0.2667657675575921,0.19578520183167814,-0.18021008066945965,0.48931297687201203,0.15388703919843277,-0.48057763151602323,4.481030502389785,-0.053103642241000615,-0.21954809375529152,-1.02909767454682,1.2717667505712982,-0.24903326236518353,-0.6940161621146956,-1.4121654585980736,1.2054937449082317,-0.5850084230220309,-0.9566871203155387,-0.26237789322578525,0.26595008570198486,-0.05419579617335575,-0.4820546341798382,0.24445085369473357,1.1175215925326532,0.37229685036158755,-1.1204897680916783,0.5151594097792598,-0.4192687615810754,1.4417947885147,2.617483991811103,2.307008253752852,1.0163321113123025,0.21062061919046515,1.2673767040439412,-1.0315331642107248,-0.7864448063601677,1.180146913356819,-1.1785838996200868,-0.1061451448751354,-2.031587224646813,0.13760012120515236,0.7429914006603064,2.642738307377414,-0.20554184080328297,-0.6575527212563143,1.7977901521539275,0.4547994210155948,1.17308482072589,-0.9131489400144086,-1.7132189888574858,-0.45989880029062047,-0.39642290112935813,0.9982465922301722,0.574159008396421,-0.18106192728110632,-1.0344143186153114,0.8687825007680636,1.2515740642884685,0.09262963330847263,0.083270279093627,2.1586096072254817,-1.5960475199716073,0.21629343849909582,-0.4455323197650323,1.4993089672314905,-0.7312313677735419,0.17873220883257346,0.11956880134410697,0.7507062365543803,0.32358330995726825,-1.4808687004683183,-0.33762039887374723,-0.0018070622465346242,-0.5718463699185761,-0.3507519767950104,-0.544313505124689,-0.25357703909238494,1.1615699705584328,-0.43688993028952305,-0.17468009140927168,0.42584141448214013,1.602203179424261,-0.5639181861380109,1.3356462891938528,1.499656998968231,-0.1776122869703239,0.23697646574836106,-0.15283742002468598,-0.4477892244000557,0.6100697344618263,-0.4919517786101004,0.5019698609358185,1.7455022075679996,1.71558524381405
-2.68785346188758e-16,0.11442322722659698,0.7906389893298876,-0.10383394498118555,0.7775300952773074,0.4404143015540035,-0.6549700720194941,0.6185069677253113,-1.1138342912389008,-0.6796835610078803,0.2979053029151114,0.6527973039252074,0.6567969575125508,-1.7894140301399486,0.4263983729986758,-1.582174543147811,-0.42601110757104405,-0.20269878291372156,1.0318218277909648,-0.07188718054398574,0.1660080445131776,-0.9728742666370241,1.614565723417718,-0.23919830455092359,-0.013789784836972852,-0.7974749576592006,1.2304445411501987,-0.1901654133142765,2.040563547745395,1.3150334977526386,2.209607731011213,-0.01374885044225993,0.3661469732297313,1.5051563255143827,1.1149762291984027,-0.7294541522896263,0.963024877790913,-0.5571733048660911,-0.115408634834755,-0.2867401385773032,2.3775245902466486,1.2997481393333141,0.9945545087209327,1.7808883436068705,-0.13791994639347824,-0.29684609291489794,0.4487298521132428,1.244669172013814,-0.07752795787888522,0.5281787355077043,0.21339800836184497,-0.8188807053371593,1.294340752995376,0.9907080098030755,0.3282420448768923,-0.49233160446058866,-0.32195777298732653,0.30257822698295844,-1.0078473249194262,-0.024167086890599654,0.4375159369825737,-0.7247268400316532,-0.5670464112207481,-0.4931107394010668,-0.055927754584154776,-1.3960639057402293,-0.7331592126335752,-0.9566429635036893,1.937248426138917,0.07681552943150041,-0.09535477557813773,1.182196487113706,0.8885406181322252,-0.8750736220764452,-1.357437359543432,-0.4462237342542475,-0.016023933804061957,0.03421211349398362,0.2018633696412828,2.2183465435722596,-0.4550880010833353,0.3401135703200412,0.612679443635759,1.0486350701096159,0.5524204826433692,0.10101060757937562,0.6091320922859293,-0.5639674188444215,-0.27589265832496235,-0.49791104779366163,-0.682633976979085,-0.29246912823921223,-1.029105126220092,0.420001894354672
-2.68785346188758e-16,0.5345476205519389,-0.6644069753542357,0.5777507938333135,-1.5856285420025613,-0.14677856553931157,0.7952200006306459,1.9237558601609914,-0.43603953486675096,-1.0316386925107879,1.5453920280597178,0.14477380289214667,0.9222681046352703,0.38138862667668083,-0.9364110658818545,0.8452703223955614,0.9031533087312615,0.5568475416002572,-1.1220574821638805,-0.3610488889820408,-0.3262930340426786,0.6194165396353625,0.8547485183278678,0.23595222968628893,2.1497037443258487,0.473034957482464,0.7728911322516808,-0.1623743690939866,-1.4351694625868605,0.043310848749191666,1.7656080482435694,0.3808270909941252,-0.16211599612762145,-0.31299226793083024,0.4441157259170061,1.6147766969000628,1.593812939983942,-0.7242597121014156,0.5339171464566473,0.24568002245712672,1.5730107509648144,1.540579509581031,1.5055446237123344,-0.2518327074741116,-0.5844809325031551,-0.17345596678671532,1.2695701326621336,-0.19524741928657308,-0.9624304030873708,1.0379799541340131,-0.45703016116897244,0.37248365664737904,-0.467850686116745,0.3861141703989517,-0.45702305882705835,0.5934727493464138,1.0328131057966496,0.9326699635626582,0.1865726588712402,0.31036955830977275,0.387738555872813,0.025769788017749873,1.0316899431602296,-0.47379474597562915,0.055527551158028765,1.6116525853305268,-1.385777613711699,1.128280249989122,0.8106526965402773,-1.0122299842404847,-0.09178602248608903,-1.0813664462407546,-0.8836434597457009,-0.8480048331625165,-0.04093296545992802,-0.6309265613179827,1.8495440294221148,0.48088690786900185,1.6283373279185689,1.2364190644515514,-0.9041797349920224,2.742629689144702,-0.20765651615812492,1.4188821873768824,0.6406791551396999,-0.5860105510703075,0.06961177459066867,0.4853404556129638,-0.8422299836947036,-0.8191638819808451,0.0038164699066247088,0.7681935899542895,0.28640751221731275,1.3424081760912034
-2.68785346188758e-16,0.10824469028950348,2.3577161019429167,-1.106786038207025,1.9497579924381454,-2.5636207659967414,0.4316922493274111,-1.669606328269497,0.973320455963088,1.8330019163852918,0.7848473126433407,-0.971897106380081,1.0460151770355788,-0.3418402012362085,-2.090971253008904,-0.26320356292994707,-0.8050051120235813,1.1486845428049977,-0.1165012854753611,-0.07817151843585358,0.15215783140062655,-2.4352817083213125,0.128577752764743,-0.23104753223414648,0.04113426308111809,0.17793380942096815,-1.7515311412245147,-0.01743230283770075,0.5570646825286487,2.1394992425278727,0.9241194437925454,0.2844773960955336,1.247163562868665,1.2181540081867914,3.063153150631159,1.7951488220399523,1.296368526445863,0.9658275187226832,1.297409522082048,-0.13953900082865117,0.27317343111676906,0.15640283533926452,0.7663943035157756,0.7888212927276176,-1.3499327462225401,-0.7790176792256382,-0.6262772862020274,0.2744769015922341,0.07600369241216322,-0.2841463793396583,-1.0382013816192655,-0.09961305108693733,-0.32575730262504726,-0.9219119052340087,-0.8564717958974416,-0.46889397890815626,-0.3127076934126005,-0.08571339444560844,-1.1594474886862316,-0.7253251879921021,0.05323623326318254,0.7406208423749652,-1.1400205647065906,-0.5025613085204227,2.127769056498772,-1.4638048061023468,1.550017000552597,1.2851554165879113,0.7900532326825469,0.9233269752475445,0.21893510506649347,0.07257239744566385,1.7080329528134452,1.2317029117027147,-0.9968238089663055,-0.8970721936440954,-0.4916131973533215,0.4313385083040615,-0.3166606593098411,-0.017396072066621776,-0.13808250756974738,-0.026443835453231146,-0.10907844653357784,0.5050126751495413,0.8486136117403196,-0.706214010949973,-1.5307161581026785,0.7925267788762228,-1.8346847425166193,-0.9043354314739422,1.557350297330083,-0.6606217931459872,-1.150853427156331,0.04306346510362333
-2.68785346188758e-16,-0.7843515300567953,0.04501620497186201,1.1584705014341283,0.8246744196788521,0.5117117080875716,-1.2574909429459085,-0.8462486833734146,0.6883177709106403,-0.8593158347915087,0.24601488542293176,1.0702091636816555,0.7446542877198823,0.3802889234697667,0.8623330425868285,-0.40717411770165907,-0.41688105504630857,-0.6617255414916415,-1.426223723074928,-0.28381980194218215,0.3248382685496125,0.6088723277223392,-0.455606379917739,-0.706421095441672,-1.3230885599937174,0.7180555446040093,0.4279195713045674,-0.32091839436258984,1.0882173408029632,-1.5641552605424154,-0.4385238551945658,0.9076042607342428,0.6328785317283219,-0.714953228920625,1.5841566919739902,1.1913587292600374,0.05293843002866211,1.563244020096708,2.658258948752205,0.8488866614757715,-0.09682078670862881,0.8023539614625732,-0.39391889336783675,-1.1648027726616346,-0.14582734708334522,-0.09668271477378831,-3.2455597668219016,-0.48096348321941207,1.1471849458635208,0.02486378416199372,0.275293587297781,0.16936199796307028,-1.7409629795759243,-0.49374079881753696,-0.7248725197874835,0.11023433477372357,1.1185874176971202,1.9388941238025292,-0.5341385356216304,2.239184630713496,-0.7223375396731836,0.11203416171719627,0.7805632044284507,2.544118099053265,-0.24923625494923937,-0.08684604855582057,0.7192461126806473,1.866337823752606,-1.4875229591978043,-0.6413225287151068,1.8113246283825544,-0.19205706038038406,-0.505241327837195,-1.3250503978400499,0.11420659900939381,-1.5189236939503648,-1.4165421128948212,-1.3173221666922585,-1.748074030208592,-1.0167934908689271,1.163904378674253,-1.6011963896369557,-0.029708986435946667,-1.7855672336765824,0.20038284430967568,-0.38149341486742583,0.7679490367107686,0.9686805878011395,-0.6923241312833688,-0.37250956921988476,-0.5643052347835279,-1.721923147151534,1.0870436010730715,-0.7963446608680104
-2.68785346188758e-16,-1.5634091085554758,0.3517057013470595,-1.6085399018587159,-0.7370513501306457,-0.5002173008825002,0.2255540656869019,0.6986573138459907,0.09177219456506258,-0.6624172294819255,0.5102784511399435,-0.02164775935323382,1.0977270302365074,-1.712663051471656,2.0267520081070205,-1.8893122962346456,-0.7551268711051815,-0.9163660841630172,-2.2925949265080665,-0.818617246799558,-0.2567467319213963,-0.3397064692970386,-1.4524676925795703,-0.7190422659167048,-0.7256700404668058,-0.5708786904570389,0.925327053708453,-0.42042283170030575,0.597658047741198,4.045117978209005,2.7941087559915783,0.291682937867651,0.4147761413449761,1.4761242181449208,0.03967138397889802,1.1459856389693925,-0.7554464028351769,-1.2382356267455763,0.7706350917063184,-0.6846692493190346,1.5996008328473739,1.216241015597452,0.3796613364006867,0.02605887437934687,-0.8178103439349114,0.707771949477082,0.04442524146176566,-0.1537939461765947,0.3979716085304803,-0.2876202994084455,-0.8617641541924614,0.4274959202080926,0.6623278645729769,-1.1618084277069418,1.3461267952645246,0.02316187970852479,0.8005446904012445,0.15709835755051188,-1.5085237507688833,0.19650844610723733,0.3062862196820234,0.22389624024678378,-0.19239306134485035,1.6649235846116417,1.3946326668676672,1.4989244042502772,0.7219351451021471,1.4620896212501528,1.7713158426734106,0.27594545007219057,-0.17772832323658205,0.14380586463644537,1.1326160653707311,0.7574544071223999,0.051116512893701525,-1.5130781952369246,-0.7487156012628198,0.6264860527149092,-0.4516151239643724,0.08151213696494326,-0.09022378740070292,0.3284227273522783,-0.3148920561016396,-0.7984269376461275,0.3772351428227535,-0.15577842054426144,-0.01788713190866409,0.3589879664054245,1.4594728026590107,-0.22005075099394247,1.2610726659884635,-0.4822282637141194,0.842196825548641,1.0929543035145672
-2.68785346188758e-16,0.8913419105603321,2.9340385091644867,-0.5808580189129836,0.47451426859025586,-2.0373129591979002,0.9407155457829594,0.2354018378366135,1.5334761856006083,0.21188092208089854,-0.16412242559540918,1.7768730643050143,1.4719151091487772,-0.6666294023132744,1.7796107963862444,-1.7733828054891685,-1.677909010075305,-1.2374085500600733,-1.8524820517107827,-3.3208599935756453,-0.06836001862631703,-1.291073450360296,-3.8162002691710786,0.5004867817184867,-1.559489214229101,-1.8042061261198563,-1.0821492468817278,-0.18662480713403862,3.4529382675641385,1.4067881550939731,0.4083958080465274,-1.1241501953336153,-0.10841829514738469,0.8818672651629658,-0.16300329979358635,-2.5660230752797504,-3.2030019993687087,-1.2127419685794187,-0.14164851013854923,-0.8927510011234636,0.48677951467841385,-1.3257180449934238,-2.2868843717628344,-1.0531966148534442,1.0623452176312207,1.5034870383023526,2.203708790632068,1.8812631222175145,-0.8979510936370961,0.30007467205323285,0.3499133561240394,-2.522042820175486,-0.4986886744412471,-1.3699260780386953,-0.5440493288403141,0.675846601346875,-0.046748267927890344,-0.38450959906119886,1.222942436478306,0.0541330844940584,-1.378329590144842,0.9670247392429836,-0.12243450844512371,1.2439864647026622,-0.20638322468919812,1.6152970807510298,0.573436502647788,-0.39362901332475075,-0.3530078221428922,0.39669429928501704,0.9648712901360558,0.5828642307009102,0.544242846209007,-1.695584345029384,-0.8269481659000311,-1.4408498754856018,-0.887438608971993,-1.5741751675664153,-2.924159794729467,2.001297330360559,0.6999513951670594,-0.05806042556667812,-0.37476427946609386,-0.8715923661689433,0.3472721603775293,-0.36654021120857816,-0.45523347560855265,-1.1522399250257829,-1.504160967313668,-0.6841053659394543,0.7599629438606951,-0.5725498812501477,-3.046000244865829,-0.5346995745570464
-2.68785346188758e-16,-0.0698446267777702,0.8677482911276737,0.08573334048424103,1.032262423160352,-0.39228329399419903,-1.3277469439357805,-0.7538270942122126,-0.14281457656117447,-0.4249400964056796,0.3627275924337249,-1.054801928378482,0.05971292234490422,-1.1735293375854656,0.9128574430079521,0.5637560910285957,-0.8905550812534364,-0.7160300382930618,-0.4820509626899354,-1.10247187042627,0.47466469977799153,0.009401098421867427,0.02928020420788613,-1.0686810546263183,-0.9208846536651907,-0.18283104202307737,0.5121793930653569,0.7741629481555556,1.9295123860027334,-0.39066262997497403,-0.2751662566318445,1.7375031710833824,0.9986577707288631,0.13594351313819408,0.08933913502297053,-1.8291780436833505,-1.9337158131346661,0.21790653127489706,-0.31292630641529096,-0.28194925170702256,0.8964839701624439,-2.0782754385384177,-1.2529949460871244,-2.118623517520516,0.02698940956629725,0.09517587517677258,1.155724683921766,1.0191282092720808,0.8197988131569086,-0.02428425155687613,0.6262667297317522,-1.520997921504702,-0.1698774570765823,0.18203673697354633,0.4357318341180724,0.5655632541766167,0.6080523443803634,-0.3181375188785622,2.321441047399036,-0.26450570508698645,-1.335252289252049,-0.73318731136443,0.612814167210347,0.4187762762366443,-0.03265591044046009,0.5667196179929553,-0.11919302410740731,0.061045611228758845,0.03651148728864512,0.31205873953180135,-0.590925485337003,0.9380066067751676,0.4689442578986298,-0.2614351062644881,0.2874334484701588,0.3445002019424565,0.06197716222135877,0.9255432402563541,-0.28341883064226525,-0.673394379277892,2.170687894714014,-0.3946367270494753,-0.34012635600417834,-0.4508035752657299,-1.210106686949447,0.11080112780265391,-0.7518150812168981,-0.6721753056217582,0.32705465565421404,0.5853613793627626,-0.4823536639796434,0.6496449341728403,1.1021103996960773,-0.07575249879158971
-2.68785346188758e-16,-0.3985245952841905,2.0429906081631324,-1.22648809724909,1.5046214158318398,-2.0253289039899327,-0.6793308219684678,-0.19525480290968267,1.1029342380298413,-1.2421271164891834,-0.37859602427448213,2.8192715915964053,1.8594970633503887,-1.3889975792223186,0.8921604628490829,0.04528930306818168,-1.4558242079573938,-0.3310774866950288,-2.377595893131862,-0.8431041984407898,-0.5414401631184571,-1.5332424633377513,-2.096418533069916,-0.19490433804029764,-2.029094186171512,-1.0965479832639091,0.589167918737074,0.016842713705253795,1.566512720201023,-0.7318335590545109,-0.5311321501215271,-2.2620934143793128,0.5222720508082808,0.08437165006298572,0.7268527643041769,-0.7374553856052899,-1.6259248344420545,-1.2635523421716068,1.0006627577847236,-0.5315819626432066,1.1630673738410577,-1.2464189107572412,-1.8546358331280026,-0.3995706754767745,1.1249306665650982,0.8185659842403763,0.2112085464613136,0.9669122535277946,-0.15638602209597896,-0.3694680230660485,0.43537140391121987,-0.07048682963257624,0.6509097086837695,-0.8324863948618267,-0.1622013140665643,2.3267626995949975,-1.2626296600065106,1.2011794475586068,2.9796071904502472,3.246345024525424,-0.8959488471314911,1.399529002330821,1.0668126843645027,2.418497949444455,0.20140778615753036,0.9991566703649988,0.6882310679817433,2.3189319223396714,-2.106797665066716,1.333132481948196,1.885609711368304,1.0201459371578758,1.5911525622464906,-1.7394877380998737,0.00560163818509367,0.5739377256521474,-2.6092340191094046,-1.3002430251342696,-3.298668421836405,0.591375041976806,3.5017769796798714,-1.6050102237271413,-0.20758210096805632,-1.8641807444346816,-0.8779832690387258,-0.006951714422052823,1.3308351596237737,0.027695601332829237,1.2257253470631393,0.6516085582339782,-0.7301967079568716,-0.22241764227657265,0.1550638219934607,-2.578977902909023
-2.68785346188758e-16,-0.4390640713206404,1.4702002401112704,-0.6372902117587267,-0.14372768527849675,0.15794774349018717,1.5445509126652166,0.9448122562756962,1.142884361809529,-0.7867274278672604,0.8304557624632788,2.547940195357803,1.2643804074306229,-2.0463784489572086,1.8412322185878023,-0.313495971740216,-0.3646253175181362,-1.1820448450205308,-0.35036915611608543,-1.5843525048965323,0.31729399774269196,-1.2011652628651597,-1.3979581724021886,-0.033817976052815175,-1.451979672633596,-1.8453280142158675,-1.0455646175510231,-0.5696661278332642,2.2641380309507144,0.5328777263631217,1.0781488641399388,-1.059403591370236,0.9052095908566983,1.3420665979558892,0.6243326502421775,0.5966803078342031,-0.59440972295777,-0.8581078017369798,-0.04804936209437649,-1.0720843380932723,-0.20620816848260004,0.605150932431163,-0.19649663853623112,0.2303619166643383,0.07038169692030907,-1.15177195482679,0.07859248707465993,0.8556526674111977,0.2696054241617005,-0.8210880782502236,-0.1586233207320214,-0.4323984537591564,-0.0008882726908020413,-0.29444444120330515,-1.2535601673332244,0.31886651559498713,0.7726291908942171,1.1817677502769173,-0.29251979526088245,1.3440636646987236,-0.6061325872006738,-0.4522038544688487,1.3428262560907644,0.23231184976567143,-0.089144740984757,2.4239239999041056,1.4111092252028614,0.9464619472438136,1.0202754668169487,0.3149414031969246,1.0115345832259952,-0.1482208189620315,1.3199453696373076,-1.7145927560914767,0.15219498935889975,0.664874244804928,0.1757362029948425,-0.7656625080995033,-1.5968733088152387,0.0441528892934602,-0.7144974509416736,-0.22551673563595664,-0.1520835521855007,0.15491650185197375,0.04301007571171758,0.04585920467034203,-0.8308070270645932,0.5586785427498617,-0.34201894039008085,-0.8045107933489113,-1.7658957354498384,-0.04837554392487253,-0.4710183097783754,-0.661549666549895
-2.68785346188758e-16,-1.2118417252336064,1.7034852511438061,-0.6743105420501143,-1.447365527205519,0.08881703421492171,-0.0503106270777849,0.15851944476918578,1.897333575588509,0.5314990526039363,0.5881450948902036,1.6808582889514654,0.6608159004379531,-1.1222341294088403,-0.7653727480013212,0.003945180172206615,-1.2044114336419778,-0.8026891690154301,-1.0523868450617497,-0.8245840715155999,0.25632117523199,-0.6786615799525936,-0.43634508704569414,0.510565056714228,-1.061780892545151,-0.9402181620460832,-1.221306243708796,0.03937378674437712,0.6375583429820733,0.8141511809838404,0.6693519382903261,0.039281138285705536,1.5961027740621097,0.9407243448923369,0.4834345021709194,-0.08309129733529719,-0.713562610560555,-1.0199164202376592,0.9384165566527236,0.831030446324412,0.008394575588079267,-0.2274443372083127,-0.6275277656239804,0.5949457246991876,-0.17309750195609896,1.288943617948934,1.4621756369874856,1.139581928476901,-0.49928464272321266,0.11591243126677137,0.2194012881591435,-0.45081055421277455,0.8692020681614602,-0.19958537213755062,0.45570402920717784,0.13189190558121133,0.09924009184507097,-0.6557539662847931,-2.044486981406733,-0.5504093689692517,0.708966019386991,-0.8680262873854194,0.804542693700058,-0.930885358176189,1.2889401604230941,1.8959911511340617,0.5741640739747111,1.6503381956185224,0.48928230354390617,0.928664240286343,-0.3939035391120989,1.3057013911425546,0.24076920695667842,-0.13767755432324807,1.5168876992837281,-0.9600824461314199,-0.5614530317334818,-0.370308481808865,-0.7137414952763483,-0.21030654313176023,-1.80125430954807,-1.6660592852116003,-0.3100830410143545,-0.2801595226045762,0.07184539166270326,0.20633274946346253,-1.7409440299178465,0.3158672890675778,-0.622364256586327,-1.2932677657856424,1.0573042536835493,-0.36632582599202534,-0.12425406085511992,-1.8328494376792939
-2.68785346188758e-16,0.10955855683647193,-0.002457804196329502,1.1588333766291536,1.671615045250567,-0.09420936230759203,1.3841487017227476,-2.873044963177353,-0.10405975895730918,-0.25639431385162964,-0.462924864278728,0.2556332262030157,0.20214486244722865,0.5387478617764837,-0.02655133315271052,-0.0500048637063507,0.4341406760497373,1.4807055272190222,0.8150043158516522,0.0009640543316659089,0.009188784797159177,-0.49982543581628736,0.3686095771199149,-1.0060061587810865,0.20036118443291295,-0.918276154959748,1.4440391840302762,0.07627993948346558,-0.6822170635856544,-3.1075595559594773,-2.425645610057497,-1.1683591315147037,0.5253608082477429,-1.5440610552622074,1.94389475321899,-0.1771023842495256,-2.404519112460691,1.3579781398560127,1.7872441164623245,-1.054865405230481,-1.6533472042640245,-1.0565373576528514,0.24497703635999904,0.8209010068903195,0.3686259447493119,0.12204844645270735,-1.0407880652234276,-0.046546731096342886,-2.084203706364271,1.8508253211364936,-3.1825049969426242,-0.5215834195176046,0.47528392004633474,-0.7244293743392882,0.19054362672256653,0.11707340130581356,-0.35630230749926745,1.7704906882005964,-0.751409873393813,-1.41253397665914,-0.6486524937745115,2.7775695514291656,-1.5713728898680954,-1.0348916766963794,-1.7256908479110216,-2.0901731380690793,-0.4900078530691039,-0.42774732496900836,0.050676082704457726,-0.27110413892159474,0.5742663347006042,-0.23364345580709295,0.4755333068100014,-0.14755594843337588,-0.23472171363009414,0.43791834823917997,-0.1748105245004229,-0.39921766461957847,0.1768727730647196,-2.4775226698876773,-0.7348572131292661,0.08315462359485504,-0.4130328696289576,1.0642104978305666,-0.43624958878264203,-0.4731960034620092,0.9578458894818889,-0.031578075019591687,-0.2355477068081653,0.7620114148662809,-0.38151230775089817,1.4049560405635761,-2.2218545057624555,-2.295891886815474
-2.68785346188758e-16,0.414165306461653,0.7096773482587959,-1.0491621074619675,-1.5029037921511348,-0.19611666789582494,-0.49600340754470834,-0.7878372346813936,0.5663076997777949,0.6751708218190876,-0.06601624187948489,2.6255831898820894,2.201544741278248,-1.634101532275523,-0.17463801568022586,0.6969388395727534,-1.8962934570695484,-3.2531328877210877,-1.7781265311236503,-0.4097007099068801,1.2593108681056644,-0.94476616457263,-0.9806123520440322,0.06116494695765972,-1.3258393428348922,-2.275306223374984,-1.4885146213630227,0.7613925072402208,2.9630670204793033,2.170797489039056,0.6438771207455872,-0.9636014461627538,0.012700858770406737,1.593007210215218,-1.022368404265741,-0.4641409380172163,-1.8400567927390552,-2.143968602668316,0.816948318229476,-0.8282677061657239,1.9914539517783865,1.103638788153147,-0.33446490344151447,-0.40358305999866095,0.29145406409739355,3.0838062486460194,0.11302058255234859,1.6331282541276766,0.8226839110520302,-0.7084407192823595,1.851380733725589,0.0900305432648778,-0.30897210788167095,0.10100875051984588,-0.8460947423820881,-1.146850380994776,-1.1662858090051886,-3.0209458875223754,0.7089114477995928,0.5378074050549003,-0.15950892923333337,-0.7050774194118706,1.56457862272924,-0.26749809021026766,1.1012516073983172,3.3578685507683623,1.2715566945107981,1.3370751147631614,1.4207162079895022,-0.25326378956452694,0.5556651284726056,1.2337286458853267,1.6894362460524106,-0.5542306372139106,0.7133813137399244,-0.4854423093046596,-0.6251077950463262,-0.764772063150391,-1.579235789543453,-0.18617716045543908,-0.08212312462905236,-1.5487096231199575,-0.02945826157335676,-1.2789325262282945,-2.1596835980607105,0.22052511101559075,-1.38370245826903,-0.18937641600415647,-0.5348626479528704,-0.11933321979522904,0.723496118887699,-1.012910294506166,-0.7576030461475138,-2.806591338962356
-2.68785346188758e-16,0.5040927317131192,-0.33992634276958533,-0.048979216877229614,0.15525064531831445,0.8430984364066184,-0.9045467739969154,-0.39169558059528237,-1.3162589266079638,-0.9106129845784625,-0.13301603887718239,-1.5093860329615498,-0.8551816291432692,0.6091737376865578,-1.3919308759033657,0.8940031489414731,0.7687545559572402,1.0754138872217436,-0.6876683274653683,-0.16549144025951076,-0.8360510208544388,0.5289276836830342,0.9151530643909702,-0.22516791517234,0.26708769790689113,0.1127679068905908,-0.5865470252372861,1.1565381118709528,0.008629152495526426,0.27613073053551396,0.33418448112642396,1.7267679827412479,-0.4098704637604415,-0.6312930474866325,0.651840073782311,-0.5680454745619594,1.1053706877826595,-0.11855243180323305,-0.5346924296869726,-1.025595619214994,-0.5499721418436917,-1.3452128660637217,0.015625532281719923,-0.06756714912901304,1.0698229557516643,-0.753938445287238,1.299093317252586,-1.2675669416472632,-0.579070535535186,0.7171605271801706,-0.4270600891632992,0.18222250943838472,-0.1321212887560648,-0.25705385172984396,-0.3421719041506882,-0.2952718870616828,-1.2388391961461833,1.1055617862042864,0.5540784173078197,-0.18613832968333172,-1.3098760002169236,1.8631617969820173,0.3209779037891524,0.9340111160897515,-1.778969345409966,-2.0979823610501773,-0.950936707572932,-2.401919312264721,-0.8656265808035545,-0.17491366890357637,0.8790432798941771,0.5350036592474345,-0.45827207773571116,-0.7630971593520322,-0.1368233699317395,0.3466812688796534,-0.8902326253609025,-1.2998939563552263,-0.06666360456663639,1.0729823535821335,0.19166887989422682,-0.03353386399523084,0.787130097197352,0.18982592593461645,1.064510100560852,-0.5904447790094245,-0.2602445560766758,0.31909212883111115,-0.19475177706630206,-0.050153523937644176,-0.6955625650208239,0.17523403049088582,-1.3474976977766056,-0.7754620079857005
-2.68785346188758e-16,-1.1763725932461808,1.1565456691173397,-1.010352456335955,-1.3798292271980694,-0.6953489236671297,0.1397058729257624,2.677567955728609,0.38235484002693193,1.1001923187063931,0.24628890139388926,1.2002175709809715,1.0224552806455058,-2.0875609500835757,2.134658795126106,-1.3918340792351658,-1.3392599715447868,-2.2281021612474143,-2.1452439797468834,-1.6103128032273535,0.07679626622203421,-1.7421267074244704,-2.5615419032569378,-0.44151733409432703,-0.9232263314820532,-1.656050997177798,0.9852023226088583,-0.9503449877614426,1.8379684224814072,1.9021413224990122,0.5331614357915199,-1.3286380530290511,0.32921532958878197,0.23781398730793968,1.7329734753544992,-2.070972060687931,-2.989650325260323,-2.1413975011890027,0.11273207122418283,-0.052885055527696956,2.5361085699410837,1.6059344270297362,-2.73314054726909,-0.3741261133158047,0.2462683911652881,-0.5693617717225004,3.4244074968030787,2.9957454208835523,0.42992958517944446,-1.464806521203341,-0.7993902314334029,-2.3434772908204486,-0.4286169003999122,0.8747689583623048,0.409481476535231,-1.6022011052290994,0.09072377029072788,-1.827599109450094,-0.8403320387630664,-0.12705134482721886,0.7573081833418998,-1.316901602744322,1.2005805617362688,-1.1223154078347675,1.2816720581916738,2.2928035846384116,2.1464793702298723,0.821129321951125,0.29940454652036574,0.6707560706129053,0.9808327157152217,0.8766705807576816,-0.01029433279125369,-1.2043765096227101,0.24167510644259882,0.4778866558186567,0.9244627640122842,-0.13034082744053543,-0.043023920520839865,-0.7281592348471077,-1.6154386086801091,-0.6399473455463912,0.46800960788242824,-1.157951173849027,-0.04257594293874245,-0.5988451173782553,-0.7531919959487939,-0.6941809892347764,0.2732643224171674,-0.6432881687906548,-1.2959185982545778,0.09711040000884819,0.5743297269524333,0.15752211041879982
-2.68785346188758e-16,-0.1063490924819496,1.6630715439812533,-0.8831768998371278,-0.5070526138326024,1.5842078558152122,0.032560833960181015,1.2381896271161743,2.093617765706737,1.279363483891814,1.1716196222272344,1.2581733758128952,0.08532306281319535,-0.46158446799520125,1.6108580559721386,0.45144282116688444,-1.734071963597271,-1.5174644567303384,-1.7362763603796179,-1.7334011573017245,-0.7643637397996201,-0.8409740255567716,-1.6990109722271511,-1.36456878578064,-2.0306666029577483,-0.09895152438931742,0.0870170698010806,-0.16491640898176366,1.3221730888988368,1.7059664043131733,0.5487346922984371,0.9248900495452039,1.216409658075277,0.7918936852270467,-1.0489926618704448,-0.8280946979505156,-1.9326311347101464,-1.9269894584151426,1.4984745481486157,-1.7136284607523482,0.737783250170284,0.8132090161400021,-0.7037348355915226,1.0013964895129992,0.7097851159214806,1.7620082068357381,1.3272238957273648,1.2443686677294743,-1.8386159943734186,-0.16787520604476913,2.268426937539654,-1.8163565288710308,-0.1601418608632369,-1.9029008350418963,-0.3990792626067082,-0.6497880486632849,-0.022194344015446264,-1.228203642439538,0.41715438958871465,0.4160289839399298,-1.062343100316403,-0.29901278553755306,2.552732171974002,1.5834007296674413,-1.1967043739983425,1.0145332840662005,1.3415447883921596,-0.4444689174432227,-2.2586766676550303,1.1146498315900728,1.3384894169783057,1.0421675614821755,-0.012137358522160024,-1.0277408903413323,0.15809205614094113,-1.9803792217282559,-2.347439422849972,-2.47357974290095,-2.3853479861177784,0.12576975952644653,-0.6292894085154905,-1.8733785484050012,0.16476907132838015,-2.0287619298586406,-2.72199686664304,0.6520976712752198,-2.384394862693221,-0.17088704964401497,-0.511721913704914,-0.4800511236012337,0.9321520846787732,-1.0619778968482347,3.243245744854833,0.9273861995126734
-2.68785346188758e-16,0.07040878936720212,1.8574847642637553,-1.7467825191232902,-2.3286320546765813,1.1304696170056836,-1.5136942582434134,1.290154140533946,-0.5827422499580102,-0.7904497154884564,0.2980303465740731,-0.9334895144867918,1.1853217734070634,-1.220080600143251,-1.0881571050268632,-0.4002541310827023,-0.582675363226756,-0.28678844131904957,-0.0936271338902524,-0.37344061216072366,-0.43118144333329617,-1.4314038093377077,0.30242981797501084,0.09237643869750858,0.2672434334252324,-1.3280016795442722,-0.6090291904423023,-0.21279774742786528,1.748805262806206,0.30120698021106895,2.7129958178912643,-2.040991089359108,0.6188661228498769,0.20840933521043237,-0.4671712755189069,1.1754839161410147,0.7125401361819858,-1.3485338158401665,-0.24674837094311153,-0.6863602325676276,0.6417018104047737,1.9510239414563193,-0.5899897299842212,-0.1559448943599101,-0.3469369089250932,0.2866238757336233,1.6563357867507198,0.47364118588202186,-0.5180123169886712,0.8927845993737702,-0.20101523521704628,0.8675923831016746,-0.3594894621106213,0.373596951378042,-1.3098075156619544,-1.9935126794090592,0.582094757274829,-0.775837309877161,-1.9777731439993538,-0.6658023834582081,-0.7240193419962762,-0.8990296532496687,-1.9981649795017393,-2.5517480963980566,1.3728929164764794,0.4611064296726451,0.9638796991257228,-0.08279004126297862,1.9259574514083884,0.12984488339579517,0.36126527874237147,0.11436290811093108,0.5140303941274943,-0.8563062966108206,-1.93763659293184,1.124981556771389,0.5731150648219265,1.6848244069587641,1.2706669766101883,0.3187244690636259,-0.8230816257118052,0.9351116212849847,0.943648766192231,2.27436330293902,-0.5514253797793026,-0.11262511209771957,0.3647990210674368,-0.4720359327296224,0.07160142223213853,0.6291044703440408,-1.7875073281820497,1.2119045844192546,-1.8231855370841195,1.2493321015160286
-2.68785346188758e-16,0.31010814274739296,1.1320912654500845,-1.346660902035709,-0.11003149413463478,-0.07739952351878529,0.8249395551160464,0.18346609587120494,0.9018920387960329,0.09201582481607506,0.303833810715273,1.7031147193804943,-1.021354219410018,-0.5873413228657591,2.03871855685559,-0.6941420545612325,-1.5012186634076452,-1.3727616367429107,-1.8241593156238431,-2.1981995038804483,-0.38317785488795314,-0.6578483938238944,-2.92149153330245,0.19920317621870617,-1.2473103596896546,-1.1335770192450232,-1.213397614928141,0.3084618363129553,3.316844854344682,-0.3951368360774483,-0.07222714177346212,-2.4120043764293713,1.2250773269142177,2.9216810307694185,0.48071105727844576,0.9171347130276594,-1.8893041599341678,-0.24613870863400444,1.0757789270187845,-1.3473939653948703,1.2372393701298032,0.4275995453080965,-0.8678455629252134,-1.6110330010326288,0.3740046679393746,1.2187911295360823,3.8720826701712077,2.7887627935422263,-0.26834043818545805,-0.5331043588192413,2.7485024468530552,-1.88368282929039,-0.5318732594394677,0.2822434621198191,0.9183024225198118,-1.6096266249944426,1.0642830800440983,-0.7732749612072256,-1.1549737112749632,0.43356691639550277,-0.3899563717483746,-0.08688977062419423,0.8748861566771566,0.9517431698325379,-0.4597534066694484,1.6364867604793052,1.7621910896650999,2.3061564041150495,0.9851585919361491,0.4002219868688974,0.3934561709580141,0.37363084838163974,1.2572063834698124,-0.9857761283022246,1.5414779398403569,-0.2919962613627692,-1.2198762262720912,-2.3147307846175753,-1.235668134367138,1.1965690608687716,-2.118197159792315,-0.8647143415760126,-0.5392022531370987,-0.1380713300794687,-0.2794787249933926,0.6849938221383012,-2.183813525213334,-0.15224898001949794,0.3193301744252428,-0.4202890116695806,0.9047046510504517,-1.4247520578418458,-2.5445610066154933,-1.5275186848067488
-2.68785346188758e-16,0.24739006474705633,-3.490419205511491,1.0443482703979416,-1.1045021487891677,0.9552294651059486,1.0594205158410899,-1.1451514033857937,-1.3884019270766363,0.05200364266770279,-0.14012472512047852,-1.0607828407657356,-1.152539729582689,2.019559335713737,-1.3711939204058123,0.2751383912059286,1.9291822528786267,0.686257289810749,2.1477350275373928,-0.9920894589065011,0.827133298341078,2.7557342168121175,-0.3435720399818579,0.20507386825494928,1.2913249807622436,0.975781130974587,2.2118390332130975,-0.1697985140796232,-1.2330407363965468,-2.382894110711774,-1.6747098073925852,-0.4935353063072555,-3.804095557600948,-0.7316975813014057,-2.9303407706412044,-0.559666740521686,1.3003405483660455,-0.023258493350379328,-3.7692907864499055,0.5877210582482159,-0.2313815837018459,1.8279140840717714,0.19485432779911838,0.09794155755011225,2.6385020584541232,-1.026295573533367,0.9098463494150755,-1.1998893981202854,-2.037116558485576,0.9201322640086946,-1.4878264880622594,-0.25538303545601176,0.22632221314475007,0.09271852064026002,0.08775591466608695,2.8061908633955484,-0.45315273069567025,3.1092036994531433,2.838937751639254,2.379355920537619,-1.9627863941174901,1.3377133634932776,2.5012314983852413,3.240335797037819,-1.9969332385942833,0.36285347987472827,-1.9473210606237101,-0.5461068400132638,-0.3703519701688641,-0.06437155984877903,0.21715298286332407,-0.9896437203395676,-1.6779287657995985,-1.4321695577282143,0.7965349556408277,-0.5157671140140561,2.513985519220019,-1.1055035238173756,0.4553167233958955,-0.22126201379963828,0.22053575228527977,2.828070923223015,-0.43389466059153603,0.19795673036246575,0.8640920761185529,0.23876059882523631,2.2083206311611905,-0.09186131319890996,-1.6107872725163763,0.5065796489684713,1.645514915194735,1.7772939050533227,-1.2857915389646046,1.538215872945649
-2.68785346188758e-16,-1.0041432987252985,2.4904127107747573,-0.2988700907115188,0.6224792837562363,1.3103375428953195,-0.029533725159509708,1.8285449615895928,0.9960505924026026,-0.10123483269961014,-0.096538614755825,0.6071340985108089,0.8618090037054458,-1.4784862551785751,1.2056417697995143,-0.9897419463732411,-0.37840967983942997,-1.0329266261595789,-1.1376638173188616,-0.9153067837973015,-0.22839187604292907,0.1466866446266918,-1.2873641379924092,-0.3527732681550082,-0.6212039929978772,-0.4382811513841446,-0.256552175431936,0.4345022117693278,1.947164594489091,1.5271293076977597,2.275324506901435,0.25386212655698703,0.7886679249826389,0.33455393208567585,-0.12252965876607302,-1.0537296010176533,-1.1690423861567576,-1.742552990333876,-0.4717072549768845,0.10426482349755561,-0.15564421796349215,-0.30076262826939326,-0.6409258586249031,0.09743092517983687,0.44400441830500453,0.6575991829881905,2.1091983203826175,1.3565751954616032,0.8647672164532169,0.204386333072169,1.5689104100294275,-0.9736641660917961,0.35383567870441895,1.070124339796178,0.18584904332257618,0.08657907652873631,-0.7195350436465777,-1.2042880748965175,-0.7316671117375391,-0.03786930222239232,-0.8230642842694177,-1.7701686929907265,1.851062739535824,-0.04487427193996929,0.16500304509600205,0.11001494769688791,-0.5446593358619137,1.673187869342509,0.5145023700724825,0.5128041752883913,1.0398987843339378,1.6862214130195885,-0.1832774886845564,-0.8964731140137203,-0.00880822356445202,-0.47486669899612055,-0.7114441238020035,1.0202981232010666,-0.11839082583807992,-0.8179489963482953,-0.2126874910207893,-1.4208870111348002,0.5057127029165147,-1.0962069380812733,-2.178070330808605,0.10525303561563987,-0.5372121810356447,0.7113633830564257,-2.0382251892398866,-2.299314018927396,0.6039394494680302,0.08320932424319849,1.9450715812713901,-1.72626857198013
-2.68785346188758e-16,-0.2151270242857569,1.5989850645825903,-3.9146494880806753,-1.6401257155332087,0.8032005972307825,0.6305744005630421,0.43764960556056165,0.9033417461702097,-0.1425779013532339,0.915956936661231,2.166808165197481,0.1576908378966707,-2.4487138389111136,0.16568593748899874,0.4804863941776697,-1.6156298311269564,-1.0006247008789628,0.17220681155927486,0.9542364034716118,-0.06770402310800368,0.6476148522520357,-1.5361403316532836,0.5543803454783542,-0.7572769292946732,-1.0288276895289268,-0.7606030788441431,-0.9223197395652848,2.444716433982382,1.713359457023398,0.9618566370051025,-1.2851436006200467,1.1852088091018596,2.2074105413020972,-0.8484141811229486,1.4791002407909533,-2.530730574783336,-3.234633630237943,0.79607728245031,-0.9615636107800912,2.437618793212021,0.6082983635609798,-0.482896099662075,-1.0751640368217101,-0.6687546934783126,0.28418311547103586,0.38978303147186977,0.9602879812707463,1.5541390070076657,0.005152862997949797,0.3824857878367752,1.1826933148719647,-0.9252426840352319,-0.7735169514988142,-0.9947452657677339,-0.6854252367920773,0.1013416272271887,-0.5535648539247204,-1.3122448902984156,-0.31151690840586843,-0.9204994913222824,-1.6057845410168499,1.859163464749337,1.3479435254340866,1.4262855695102514,1.4534709023690007,0.9218606463613401,-0.26635515406593346,1.3453213675783715,-0.6257725062554219,-0.17591066301330333,-0.11949845141076931,1.0110645865846528,0.3140860207230096,0.12399674988727732,0.4291608416776848,0.11600521688668732,-0.40834041144757927,0.8779215461653133,1.3723264155187784,-0.3334223053527581,-0.642446872870723,0.32626455962647527,-0.38866292056542384,-1.1025607757860043,-0.4804201665658102,0.5011905934791943,-1.005991379962031,0.14905668753410561,-0.7343358271794589,-0.005461099649482826,-0.23316865282507077,1.2234822578079807,0.6588311649709332
-2.68785346188758e-16,-1.4476894149277313,1.458926552441159,-1.7366146007728316,-0.6923976897504129,-1.4484385352032638,-1.7183075876644092,2.32594073744037,2.9659272487743316,-0.1566252260226796,-0.7300297719678267,0.10536359290699182,0.6390456196554957,-2.5547791257276913,3.3450321527601057,0.12693922735413235,-1.7150152650827428,-1.9177613370955893,-1.4382521498900982,-2.6080067524479436,-0.6729762188561915,-1.7421625012170048,-3.226354577990299,-1.2139620226316514,-2.1590721849959214,-2.407327293453222,-3.085180035729432,-0.5325657861443367,3.744053784245379,2.1786537186909554,1.3822714655020159,-4.371799687804602,-1.1431018504896209,1.2043609694368287,-1.2263777403254723,-2.6819227081588406,-2.2033080536355603,-2.32056606936396,-0.6588468763357777,-0.06219087477963137,2.266407209346327,-0.3641839566217959,-1.0190220584958571,0.8354307197094983,1.4248671690881085,1.8620969423405884,2.470268770857229,1.382348355742837,1.1035584463608508,0.35522738887390837,2.761748196210607,-2.1926250169202803,-0.616194156226282,0.22697366848937364,1.7684647421930584,0.9735167570178787,1.3459326976461419,-0.576615876631036,-0.6376173729025094,0.8832838787372947,-2.3812038442558774,-0.8657903867922199,2.715737870865686,2.013296225945538,1.996008680389254,1.583885941508683,1.5130382760978454,0.44063323104400565,0.4679661111884658,-0.20514649827095513,1.175543835777712,1.2974335684282803,1.5904775921038536,-0.7940062862576925,-0.8909804261211112,-0.2621015738244693,-2.170948632356723,0.07028933804753898,-1.79799514809185,-0.8976091328941866,1.1435239964151156,-2.3358222690520787,0.7732748493637259,-3.441137657045619,-0.973248350140649,-0.03580247337340503,-1.4821147034621824,0.16543156433750272,-1.1285273153414757,1.0564268014298328,-1.446364725739585,-2.528426962077165,-0.29793991258346963,-1.9828519716365145
-2.68785346188758e-16,0.36410384789653527,0.3355560545490897,0.18587528968265005,0.886371339091828,0.8531451587283787,1.0871975638701792,-0.5500312272010563,-0.8951455985219581,-0.38520585045945027,1.323200992635577,-0.6480613379259483,1.0606433893230316,0.6459683939375618,1.2073251547352335,-0.9189432528334402,0.40066598444248724,-0.8412277551710408,-0.5513635376966469,0.11766594501449779,-0.37525442570383133,2.080377942825474,1.927064690563013,0.6386768316833864,0.2990488457800383,0.6018511574875606,1.14916962267915,0.7303989847203775,-0.32602264598014774,0.3624328434391047,-0.28131995496296947,1.2928240604737897,0.6460456848472724,0.02120107375450203,-0.45724757844146136,-0.07640409173618222,-1.269273038237451,0.252940795405184,0.4560508807701522,-0.8282326244982651,0.4112607868300358,0.02717373205582102,1.171050364001493,1.962562983536463,-0.691918228581224,0.3253476384485289,-0.6452731231054447,-1.5456038090349393,0.24447355838109913,0.9137414795645558,0.947117510299726,-0.700851508889005,1.1286101439621006,0.7076683428606942,0.5275672907234473,-1.071582185500781,-0.27475717409927036,-1.5028120219625924,-1.5150207787699568,0.4513506049296594,-0.2405960724647389,-1.215901384046969,0.016698671474274673,-1.1143838102263999,-1.2663055963423524,0.3408106360446083,-1.5262460809369718,-0.30064176939524045,0.38991391842541756,-0.430736586767198,-1.0056172787203046,-1.2110461069785132,-0.013037827323368834,0.25084381467419714,-0.06161096935179906,0.9525725718894346,0.32121065738740917,-1.052645401090594,0.4423781530784838,-0.16080395370618922,1.03393177321336,0.704474057988979,-0.5646202997221831,0.3554854742404499,-0.8204868282515653,0.10696758260141816,-1.0459685524979643,0.7087471853016192,0.9154067972963282,0.7147431998275526,0.14096150375688393,0.6821396160050983,0.18055549248521502,1.7619861914007333
-2.68785346188758e-16,-0.5247282888925504,2.052522412889212,-1.0007091569754778,0.25965783514138197,-2.19049463909855,0.6426889918410273,-1.666887238735237,0.3805603748154258,-0.33605502254142533,-0.630158236654021,1.0497181396209765,-0.15903809286470638,-0.6592383174516977,2.154892548472862,0.9584875413731283,-1.5815154881585634,-2.1717076910508717,-3.122051667928079,-2.0181267118737503,0.04578804220179228,-0.6970768470475255,-2.701440123008127,0.8097491705212847,-1.203025427145743,-2.2483914360911155,-0.5181017081615017,-0.23220813634192194,1.3467731679795065,1.6937395212062643,1.4316049458583846,-2.782382145518225,0.044061529249319525,1.132514782555031,-1.2684151351253825,-1.1233123705902957,-2.8852891296406686,0.1797185871241347,0.7141801482611044,-1.201581539153348,0.8578424474736551,-1.7508066367337374,-1.0959213061774093,0.6856130884110103,0.33923938001157194,2.65320382594901,2.2340625648479215,1.1608703731481886,-0.0950433554792095,0.08929438512072621,3.106769330035392,-2.5771129043810386,-0.38888246525561565,0.08234264035066317,-0.926743913375982,0.448461875955757,-0.21817645400972194,0.029352901358378425,1.641906533006035,1.2034418946913064,-0.12134772947616668,0.7640276785246897,2.327791281970386,1.66506738730033,0.08143904726148399,0.45393943263596226,0.936983004323992,0.358775282485301,-0.8249307256288023,1.1637874284328384,-0.30564194223481256,1.446537324259067,0.13721280892506038,-1.6774397720328105,0.29348636689554064,-3.4206471898679096,-1.2566081895440402,-0.009567993543837416,-0.996654769064869,0.6977227742504162,0.45236756297185654,-0.3416036845830739,-0.039226016039005794,-3.5625919358185563,-0.48664875934361285,-0.12853637284854844,-0.8380329744897101,0.28512907372043717,-1.0193054824868866,-1.04612476523644,-0.9162637719304354,-1.4363621120472456,1.993349232912626,-2.004133800286154
-2.68785346188758e-16,-0.55817450219172,0.6581534344408487,-2.109778715211906,-0.9517659072018161,-0.1416693869743989,0.19399903000230836,2.256978657431189,-1.8737426381934554,-0.6089887308219167,0.9134869084419683,0.7990262972042704,-0.37215545504339054,-0.8746897862042629,-1.3957973988890213,-0.5559837741627829,-0.5101460568662222,-1.384753037287513,-0.22937214320691013,1.6314312868604313,-0.30046851147581466,-0.6158581339837562,0.2216484681486055,-0.24380592186687508,1.2113565426051611,1.3573326825487073,-1.3220878942891057,1.3847911013941088,-0.21350654125148177,2.9437928061662393,1.728500215815149,-0.7056248407760812,0.39233588108684836,2.7625629347108376,0.12701366143129197,1.564151278779454,0.04635170272930511,-0.3925715567778204,0.4881744647164858,-1.1055929248378642,0.21330358370405744,1.3853904523811016,-1.7366091115020144,-1.0249187972094709,-1.2459065212860785,-0.9896983916346489,0.5704103788210472,0.018893400362258755,1.1616813834796913,-0.5816310325027618,0.2550363722986824,0.9745440515152097,-0.2707868470253597,0.07006049634471079,0.4693921142313603,-0.1948050663260894,1.3317045128036564,-2.186279084443923,-1.1257931848713285,-0.08274975959169016,-0.4206060840881149,-3.3514956994308536,2.4251792163449086,-0.4090350933839523,0.8703398849766135,1.2266814975481377,0.7884170079002841,-0.44337931285625,-0.337639075657083,0.4390616808602605,1.890322460348575,1.2440161421548952,0.8279167869546665,0.10677110374261135,-0.9314803049297468,-0.5930785631822605,2.0387452681253846,0.6449505366947583,0.5020897369197779,-1.6047377396765583,-1.6935120066888159,-0.9808581437752073,-0.6827707243883019,-0.3518953781894902,-2.0076358798817706,-0.6385273369084025,0.046151828370892836,-0.8036355494252496,0.16097715613004632,-1.649028180692296,-0.8120517589410311,1.150013984753721,-0.10089609998904958,0.7727528132735284
-2.68785346188758e-16,-0.1632509893184383,1.1028244778833296,0.18578798328676066,1.4594293291203322,-2.647625905350969,0.2992271034380918,-0.15823395835049608,-0.1785467563886493,-0.11376599479512746,1.3008533270859566,1.277379569144247,2.0850917957400252,-0.29681306210069397,0.5886648165007939,-1.0466135302563335,-0.4109533065638312,1.4047480103695917,-1.5155213101426526,-0.0789244837064822,-1.065669998898058,0.559732934291699,-0.8613914253070165,-0.1932545699390371,-0.48691693117608764,-1.4820686543966697,0.9991988388917938,-0.30844877423787215,-0.39738080231518724,-1.6200138950709613,-0.30447178060128244,-0.06768187543454013,1.2444376614612735,-0.7939916127327743,0.98726650773148,0.9642824140484503,-0.4122605233250607,-1.4917626037344913,0.3791921883091633,0.0059725904919856534,-0.5255293682960521,-0.34143821752448356,-0.13280544374148961,1.4673505335443284,-0.15526376593480995,0.12772992685211415,0.0925858313452117,-0.4379213699821005,-0.3254641250159471,-0.16578395914366784,0.9487311859791003,-1.4446561151701072,-0.20040931911895649,-0.2258746975902663,1.4579710149991991,0.6496365203076548,1.277412333666396,2.2371670003119517,0.20919963705408845,0.541430130683058,-1.4702023204467514,0.46495470996494837,-0.2775028885045038,1.8231741564523007,0.21905078724259675,0.2735550926573807,-0.20402709022455034,-1.4520614352315266,-0.04667246684255899,0.6529038397330058,-0.7414691565586533,1.1875652650638395,-0.27907118412010323,-1.439479643793094,0.6570327415704791,0.1667510593261781,-0.9579037261071881,-0.19660840518923764,-1.1210787699318625,1.4288826959544019,3.0122590059887075,1.0141682189175603,0.3148220635210532,0.29823395860344115,0.05466155323780897,-0.6778622716185974,0.994102269370017,-0.22183564289337276,0.09905287484385941,-1.366188031677237,-0.022572589124599765,-0.2085002837177874,-2.7028762792631973,0.7540664269569484
-2.68785346188758e-16,0.9798153460504322,0.4532190457484705,0.26104891002883557,2.0612882324106807,-0.8472683240604535,-0.5889660375139828,-0.6690311911684094,-1.4658840460358473,0.5107701185016321,-0.3793028375494939,-0.14279964339561135,0.5051150649230596,0.7497308253199585,-1.867345857474199,-0.2198522729487154,0.45383857925966875,0.39563614893514043,-0.6326000098609341,-0.11302141492825374,-0.6428427785967498,-0.03734213350741045,0.664704730265945,-0.8908247874291962,-0.5947033775205983,-1.746608231374685,-0.65986032890482,0.6669456222188692,0.02730776172146232,-2.115863970512916,-1.1479821954806302,0.9525563287503169,0.24907724625226935,-0.7642317785433961,0.7568950291178667,0.8731624641978599,-0.7711687335750175,0.5416235668452889,1.0058905110556078,0.9545977668598311,-3.2188311132868384,-0.908882683215329,-0.8278502758425044,0.316922531742795,0.051692163403398106,0.840929566445156,2.0459504366056045,-1.698747549092237,-0.747408424831622,1.3215451489827892,-1.7598136284933323,-0.10859441897738709,-1.1142292992379474,-0.5998814723041901,-0.7051991710556289,0.411394665430046,-1.4975235840637866,0.47566932217083313,1.1767330497539694,-1.1192017535810015,1.6717818610541846,1.480861189080799,-0.8357086011614488,-1.5162438929815822,-0.5852019397881938,-2.479271522773056,-2.018857302854466,-1.795044259821817,-1.7913116175829717,1.6709701968110702,1.0912418437949298,-0.06820124490575313,1.3806340566763526,-2.0627337785658,-0.7418289068466625,-0.7104753709359615,-0.4070717170355415,0.014825385519735751,-0.47010576198696313,-0.0401394513979642,-1.7286059789305412,-2.230971308274498,-0.11849163768894803,3.151651437494968,1.1558977845399006,-0.3448325692528995,0.7698132745165136,0.05494165532631408,-0.36949752320624346,-0.8473103108766544,-2.6735645800440477,0.27981095904292075,-2.4988496991464704,-2.7432988949625585
-2.68785346188758e-16,0.33740914540598677,-1.250596350392811,1.0030053726673207,0.18131031363833355,-1.7164015040690943,0.5971105979368714,0.18429249222505972,1.5578424449037944,0.2506691124565195,-1.0434384084027541,-1.4303150626933372,-0.629489891217188,0.9454105723513018,-1.5127643912115185,-0.24647996546711576,1.0947125234371229,-0.06821749962222057,-0.38185098900289527,0.6200840849438956,0.49823752249273334,-1.2227384278975184,2.0419542875568806,0.7927870457286472,0.9377577398305029,0.4080736245007565,0.7987476893354809,0.9547631949324111,-1.113916758186251,-1.8258768159545193,0.4524604112622361,0.08378600141358211,-1.3363018050143523,-1.0496066003853617,0.14241215795909445,-0.5393482177354877,1.9150598471406988,0.9040640357438936,-0.2853739355127888,-1.4715863812854229,-0.8658046882199331,-0.13855390332990203,0.5895163624833396,1.5554930888125125,-2.2813887774635067,-2.069997631520734,-1.048216631163694,-1.2509023649475473,-0.04684234177664942,-0.5993726847527959,-0.47590513911304533,2.331268302083096,1.008997737226942,0.30563878447412046,0.20915905664751294,-1.1216769488350047,0.7816151843295843,-1.1453134541738252,-1.6826703410459887,-1.4856534906724452,1.570707222797809,0.004650257833277993,-1.209935366483808,-2.9042306313345954,0.42542508384287414,-0.7662622729788642,-0.3408435407128678,-1.8681520023336309,-0.6540036202145474,0.2119299087903201,0.6936435785283226,0.4378450412193719,-0.7818207598290317,-0.9750376636258009,0.21663611124171006,-0.28776703584529156,1.2077973970060154,-0.3035299865295219,1.0311519707760948,3.2273788094565736,-0.8903691909515814,-1.7392670267291752,0.40936542025005634,-0.5531928819411154,-0.36632186636807834,0.09149947598845312,0.8638275239154249,-0.016245102502234064,-0.09608179741738862,-0.12973389141800157,0.22371867747464425,0.5429296084670743,0.32962503776090346,-0.5080356406872216
-2.68785346188758e-16,0.3258836104574588,0.18169528447262018,-0.570790515845241,0.4088314098192515,-1.8649009382497934,0.04058114219530559,-1.8773022631532952,-0.3298790927659251,0.4281701728637809,0.42620443951439374,0.6403571671848252,1.5768412262502856,0.695179304081473,-0.7222329553862473,-0.5048103821413981,-0.5047755118464559,-0.17222244639477557,1.0075010006583438,-0.2726025452546026,0.9791666656923319,0.853107390493474,-0.7034718282285106,-1.2890127108020715,-0.33399004576313435,0.17879591942339984,-0.46811242464632946,0.08286279389454038,-0.6147425672606358,-2.5941133043318754,0.42998285015169546,1.1605083754737628,0.5955894903010533,-0.41545643006363714,1.996108600590011,-1.473240102481155,-1.208085914790279,0.6556731987989108,0.643031936217766,-0.9259815503371669,-0.8269587584677384,-0.8499728888448908,0.45177417374155937,-1.5645925007972536,1.15035638615276,-1.0416697578735723,0.7949513666408101,0.22121202680632016,-0.6726521399437335,1.2413539647447436,-0.17379763522225622,-0.7616875649773921,0.7374934420379764,1.6209406213030628,-0.6990299015136051,1.8932451221552877,-0.19581811496182364,2.3893569564405266,1.4211421667394144,0.40892571237792863,-0.8643848470056039,-0.1733930921504936,1.2166855067970914,0.8875738338946559,1.1222263435684319,-0.24392613078105974,-1.316340586810779,-1.0935360691484517,-0.7697848147454697,0.12492061130530346,1.2389738481486081,0.048402786205857695,-0.2364693323963267,1.6672819181246854,0.5256445639764616,0.390987831345751,-0.019226174890871563,1.2379750654751613,0.052541594249502055,-0.45431121743363456,0.07397258815335098,0.11939190489745623,-0.03183213063930029,-0.1338568710746733,-0.1329862494298789,-0.3352072614457433,1.150875870683414,0.36616648030769344,0.34254856285720003,-1.258770717462014,-0.14439623739148627,1.696017567425081,-0.3971986907602406,0.03568722517220741
-2.68785346188758e-16,0.07394526479365866,-0.923679220685081,-0.39565268621335403,-1.3548794378744742,-0.10185190277142309,2.028571001934961,0.8877426934942123,1.288173035754761,-0.45985289045308964,0.5249191606234422,1.3438266088685977,0.03501488970250266,0.11113763695962586,0.4316501037964269,-2.0565527566364357,-0.48763973333902755,-1.0605221608402067,-1.4756241200346691,-0.5166978445543895,0.8384563973659824,-0.7090932827226238,-0.27905916636806394,0.1553252967775048,-0.49481118976661176,-2.120608256484636,0.7073706745096795,-0.12139982602367135,-0.5098857814010271,0.7610278661565997,1.5682090480729993,0.7419527857559097,0.5723644189805295,0.6107991851689012,1.2695855424225098,1.3349439614894478,0.6732868716405386,-0.4252104806436735,0.8901492450026688,-0.8610361137378555,1.4165810749742234,1.5531035397989974,-0.30817697146243095,2.1798417800724903,0.08231069023727831,0.2716574138675415,1.9779335463624175,1.3191131583570148,-1.297681396959907,-0.18964030928937933,2.415040504944937,0.4969209285686469,0.3665554900424638,-0.3749994925898356,-1.4723862797012346,-0.07527530943091465,-0.7252051651120216,-0.7758944141635977,-0.016029185719129924,-1.5757617940349706,0.10837174731197641,0.010739026630805087,-2.823464177004614,-1.4237938636848464,-0.0979309361818352,-2.4256757153388957,0.9934934645370554,-0.4713374777435721,-0.7776068346835563,0.5869011608811013,-0.05903996761885549,0.9070060918596663,-0.8115075398718699,-0.7474181401911597,1.0541551342282247,-0.6775481424402918,-1.1128063354596858,-1.5908155115770228,-1.3505698505042603,2.311556334150107,-0.32473675788548045,-1.7585203460752288,0.2154579405729332,-1.4890598779303184,1.3212600652333881,-0.08483620978590553,-0.20536599578304013,0.40178307682239534,0.34287484283139946,1.7406790830326477,-0.32288317050023474,-1.7845712380664709,-0.9212041692905334,-2.1228746975537636
-2.68785346188758e-16,0.8011813947747193,0.8541786261064809,-0.8349088180465489,-0.4676031697537274,2.014063943305677,0.26178931784003334,-0.5767455977569345,-0.4218180908987589,0.17637027323151666,-0.689487098206008,-0.2379341369511484,1.3742856464621567,-0.25485476612082786,-1.568180851058536,-1.0738301447168264,-0.32253636228894605,-0.5850662298616713,-0.09715921618608875,-0.19845248816793326,-0.41623256763630173,-1.45793996464347,-0.08811069928626303,0.4924727385801855,1.1725390112763157,0.5164409211249592,-0.8541253901984864,-1.2824322118422655,0.9299263930998614,0.5274928546778317,1.1027296202937786,-0.5222489078928666,0.41746444807494903,1.3878839117209818,0.556320990598602,2.405543493151167,0.5145909284126271,-0.32002819132264243,1.224277959284757,0.8868616430047966,1.6072031505056552,0.5346411491262167,-0.0838583840029383,0.4982480924681363,-0.7150022493345537,-0.4716900933303905,-0.2986328402928054,-0.27296599102314467,1.4320892887483163,-0.777856889105104,-1.2106395889889192,1.1671655104028449,-0.9205519756886221,0.3594043523511666,0.545847831936177,-1.3179900924294925,0.0754132680988506,-0.19173121157786466,0.170107039602986,-0.3368606960472242,0.4116718690153359,-1.413622268618602,0.3952703400388864,-1.5107244585531538,0.11690353548059085,1.0271157442090628,-0.7821690952911469,1.2660058456699537,0.8608749932817976,-1.162345767443101,0.16618267534525427,0.4533837535379054,0.5759707524270666,-0.3741366283123204,0.7338192082966598,-1.1173198727393296,2.635088060140397,-0.1851489012538466,1.1219705657660628,-0.019753526130016602,-0.11153705199516084,2.301052095137467,-0.25003324465933635,-0.564781645317643,0.28186681458624646,-0.024284416431557307,-0.6087703775178396,-0.3984590825536169,-0.5690738168506618,-2.171505358475968,0.10432574602194633,-0.5035217349513492,1.8488122424734792,1.7131151982629302
-1.3046031469419848,0.85196243080987,-0.127019900942983,-0.9062424246744625,-0.08613553566491797,-0.16624985633327538,0.16613873909753352,-0.23002009607872112,0.5430063734995612,-0.8308646236934594,2.663723948506542,0.34626582798211714,-0.08465828073763323,0.7791613207076555,-1.665887141174757,2.378738007533076,-0.44747128865473595,-1.041737766978417,-0.20484964002751171,-1.19071805211165,-0.10810761960363346,-0.7646872182575658,-0.33035959561640543,1.1594560850353344,-0.5020165567502552,-1.141925492488882,-0.47260651967908973,2.1725877613220597,1.2216781276679125,-0.12029380817280644,1.5686996633867776,-0.5370044540914977,0.41694217949259704,-0.4034531109644507,0.7682547409761113,0.33119161630804606,0.6330525641217375,0.828188884889699,0.13025278529806833,-0.27202486987670194,1.0946406113438663,-0.501863579588943,-0.5703796134002392,-1.198817656146209,0.5178825569235725,-0.05451768526183631,-0.10929703381805489,0.18538955049330566,-1.6799623281226603,-0.35274247707573275,0.6383122366345383,-0.7620661970417835,-1.1350230562533523,-1.298775668435503,-0.2057956898191884,-0.5049896696925364,-3.5230392659540337,-1.7174596591133438,-0.005842151369267912,-1.2254477822561973,0.4032444217827654,-0.5324059157795843,-0.14967298644100957,-0.12878940958074536,-1.5060022451997994,-0.3537371284699996,-1.9439712547517396,0.4510095760362825,-1.4969909817765088,-0.8153144244896802,1.65918250828084,-1.0162781426107919,-0.5293940160449555,0.014918817587177946,-0.6787850420244702,0.3974743643751017,-2.900924743984543,-0.5013940046600607,0.7681094220178538,0.9766134097698761,-1.052478664161213,-0.8059636132424957,0.23366685089052275,-0.7159494473045471,-0.05280469049059772,0.03224722979678235,-1.2325552911875854,-0.7306742687482154,-0.212341119247703,-2.059043659772434,-0.35523038324038003,-0.2747439248740687,0.3647129069465636,-0.5932892329224788
2.9606592312046325,-1.340383143152122,-2.6672211069955125,0.4573989265925106,-0.6189473651709279,1.7537879615025294,1.2625196012396351,0.004605270495308678,0.30647974448291,0.36536693607069926,1.135512407295944,-0.43215708898936983,-1.6454501422971202,2.3503367316945867,-1.4863729016728873,-0.5578964854469531,2.181235335605871,3.4771500940052795,0.667975519758838,1.89341918047774,0.9630052859143153,0.7573191567686042,0.9960096196875377,0.8909377043139274,0.3714448461772231,0.11564684222085106,0.10451383897700829,-2.329236207222329,-2.829984117633666,-3.6860559456795623,0.3478587142772911,-2.679460802021125,-1.315434303682258,-0.9283764449136027,-0.32308875301188367,-2.4207065946315947,-0.13321463068430067,0.38259495598775634,-0.2087530909646768,2.3820039951201317,-2.9245383013625017,0.46470919858052495,0.09576948701122079,-0.7111419134907244,1.9539329031408514,-0.27418895485105566,0.06939648150972566,-1.7485178335872646,0.625850194375675,2.281876447072991,-1.3611704400385283,0.713087664685622,-0.2603237453740717,-1.5677866284917523,-1.4295146181941711,1.8149899973813142,-1.0932326210266667,0.28613574146106086,-0.6836799882201011,1.677739655866433,-0.03400774082086799,0.40308051380595933,-0.6139076675102482,0.7182743472639794,-1.058929987475144,0.05918974141984362,-3.061595257657099,-1.2968921314266453,-1.4903951350874713,-2.9337628216277944,-0.35424772990212383,-0.7765789488012861,-0.8114498567538447,0.5973290758533405,3.2044324371609334,2.1115757049974047,1.0676848031430897,0.7656246656273913,1.7665179007386937,1.9860612246842253,1.6026774140171711,-0.9983533279600345,0.047910457487366845,3.2541508193418203,0.4310707095794951,-0.628576474313535,1.3703125419618207,-0.46483054507387256,0.5003529836555766,-0.0041285456478680205,-0.9365568784379804,0.3109885913117415,0.2988262372031401,0.5441977589198643
-1.9091060524741272,2.26493888798813,-0.21776164204316623,-0.5537004448275682,-1.1069980704134117,0.4803718142302794,-1.1365713314552224,-0.10072551653542827,-0.6708514750254576,-1.3873168772977558,1.0703557061911115,1.0741765935166538,1.0485920967163547,-0.990295180867516,-0.041317568030802054,1.3258563325103374,0.31914805345356884,-0.8662664789050538,-1.257043706630927,0.24630377163447692,0.2705836146492535,-1.3901613716509278,2.455403130070073,3.211004443420579,0.3815103732722036,1.1217187073610004,0.2518268407975516,0.8252774502501159,1.3737330894240511,0.6092113267303071,2.1078492507337194,-0.3297634034804261,0.9970255459353752,-0.1932427165354602,-0.6625022134923397,1.0322224577328343,1.331561063949666,-0.9048003098219048,-0.9552950330507701,-0.015123657093927378,-0.21279483788566078,0.5437221887440224,-1.6995153021351332,0.971585097156501,-1.5725245053493024,-0.14657585464248463,1.5543661953955932,-0.32839823853482436,-0.4354581442851846,-1.768162399528227,0.14576503519254863,-0.48375058310735736,-0.4901312560759852,-0.30254612658769714,-2.4630104472175223,-0.0871898345102784,0.8982845034199156,-0.18309444305374384,-1.4127038826021965,-0.5473405244626504,-2.2604973574426195,0.7527449694111882,-0.004941567374312061,-2.1491283260196337,-0.09553722128547665,-0.02516907453502676,0.85366049002895,1.2009552108315282,0.8759500913612682,0.9783760426059871,-0.9941184211579839,0.1490059333536629,0.8814415910971616,0.8395338978596543,-0.8856902792672767,-1.8118577667360523,0.2048316703066469,-0.35162794844056977,-0.5694188835813466,-0.423797183000523,-0.4417114547395071,-0.80432726052043,-0.7772033401285554,0.23885315072885813,-0.3312004186104678,-1.0577373112041415,-0.6662698028257472,0.5822866886964111,0.37663643475089426,-0.8218119225247329,-0.40134006522023813,-1.1362208989181246,0.14982179334366857,0.6492068280460259
0.053514471167785,-0.14327386223662975,0.28838121621452856,0.8829822566768497,0.1564880627666773,-0.4745999455173549,-0.43811460179016604,-0.98763949354908,1.4013699207089385,-0.23925223667588785,-0.2485975682326509,0.13155963755901978,-0.420794022292649,0.9654018498768431,-0.6925523629969954,2.273050589785486,-0.4232701561340479,1.3934187645816132,1.820090509031017,1.5310526235731594,-0.08663989419501517,-0.41534347287838713,0.8814402353369857,2.249573480429865,0.6690920228537418,1.3139138418735734,0.9345185651808234,1.3483869089611464,0.22573258539227908,-1.2119883641148053,-1.7738502372288178,0.8798007573747726,-0.9981069973666223,-1.1802104280273333,-1.2298956292152419,0.45991212273405124,-0.2758744570231364,1.329287358422227,0.6935784152507697,0.030725580166854574,-0.3124100520050982,0.24801412609354806,-0.6230527193575206,-0.06434076771324493,-0.6427475934560436,-0.5181488448823152,-0.8445139646678597,0.3425633003045367,0.014700796443645303,0.991208213667629,-0.7615970142956181,0.453072305530299,1.0788263839577839,3.7975112928632675,-0.275077806665167,-0.11565871044879317,-0.8818828500699116,0.012851958487924586,-0.32390285388851525,-1.3340930819342727,0.5512477611106553,1.4897186514665575,-1.566459355338051,-1.9404700490244302,1.5268957720160263,-0.728886842530927,1.431892248419092,0.604441017491059,1.6489590782057668,0.7687055739294187,-0.8895969603245053,-1.0352794350068546,0.8292778285315225,-0.14403755032880416,-0.014477067728453252,1.1103932338844982,0.22203618588125476,-1.3027244189019496,0.024007174181682855,1.3289384744065664,-0.6694478055435192,-0.21202046160658894,-0.6248939981303094,0.009883908096494127,-0.7546118975713131,-0.5324525743645064,-1.9749451198838317,0.8408258778600223,-0.02277236903106296,-1.5503784291110805,0.9014284547006484,-1.557525209616035,0.6699730017135399,0.10888522401059687
-1.1461082786843886,2.7204491067997254,0.5408965337193636,-0.12416093000903561,0.20534352737611716,1.6124606638068373,-0.049783586995703455,0.8844411581172187,0.28850086705474653,-0.5807002805037486,0.5506895866915915,0.9006071887667227,1.0685587191776795,1.3692993049097697,0.42551057933517944,-1.5674650374803147,-0.6678031051801391,-0.03617783851355917,-0.8312792190403494,0.1498708094052451,0.30777024878762876,-0.865580522049388,0.6542197975371516,1.7274251369949376,0.3150443001965409,1.389236139680785,-0.318925847140725,2.9177112376582546,-0.31913586433675756,0.6559370592232311,1.7483181792240696,-0.009661854336657894,0.6877700911492581,-1.9316151095991416,0.5220045659550047,-0.38885342623947583,0.6559121255059881,-1.0602506874696749,-0.32958967025770264,0.8504693806376725,-0.4569757785456776,0.4238040096639965,0.7955353905675293,1.83364077659003,-0.087160075041162,0.28825059254484847,0.6902597837010064,1.4804594406483624,-0.9338322505469357,-0.5459506591464535,-0.7096921141303784,0.962121144890869,0.39555782747531276,0.6372752077486902,-0.6180840530912587,-0.9958037411435217,-0.27389366333477266,-0.030767812383627108,-1.3825512034181568,0.15093171357711643,-0.09781686187959748,0.1903139456426029,-1.159394575471797,-1.05520418024689,1.6634787155248825,-0.7173465366316947,0.914325921131051,0.7074045711648789,0.761032327435523,-0.48879105760945396,-2.4412266088339165,-0.6886788755973408,-1.4752594471008462,0.1589518787244104,-1.0617409439732395,0.0867857660347322,-0.9337368694163729,0.18199627458117817,-0.01238628311762488,-0.6697111661404996,-1.3727362781051602,0.8911158150318845,0.8448970188593448,-0.8159366957614269,-0.7397488241965325,-0.3713061354070119,-1.6410995766908978,0.7806048328768331,1.1101874985154778,-0.3389649794360572,0.4208042203000485,-0.9504056209986771,-0.7357266349992362,-0.7845119317430373
2.7555112061338565,-2.850503293794547,0.24577442156597773,1.3642781958928765,-1.3576574448200758,-1.3326101742645111,0.30728775861118185,-1.5529627853825891,-1.1011266719063655,-1.2364570976259586,-1.8084084718376414,-1.8602376008079207,-0.24753631496433237,0.8062917557886703,0.3442935297519816,-3.0096439676828144,1.6632871522115813,1.5309694362775486,1.7326289054545465,-1.5881849123276308,-0.3245400265396423,-0.07059240189765742,-1.1320569431292502,-0.22943194403231437,-0.2973757229757231,-1.408478816818885,-0.39100440716611895,-2.477129293085188,-2.3217905304482267,0.5851868931757512,-2.1098856385237728,-1.7219928487179446,-1.6690770540867348,-1.9871765778207573,-2.5960039381439435,0.7882876856313854,-1.122515729873354,1.3410096650281658,-1.834499524920854,1.1492772972592848,-2.5015716144701883,-0.5629601545041252,0.31677759324306093,0.5780650078153855,-0.05090845314260749,0.6661048919148469,0.12130435358462383,-1.8534772628615854,-0.34502074694603496,-0.5925539821443453,-1.0276245845360723,-1.5602382922422624,1.1522927715160125,-2.631872572426109,-0.6061813465981539,0.9222728418604977,-1.7431449928557092,0.8865594499245524,0.7538916751271216,-1.8775848788516318,-0.918189914968551,-0.49317731213235627,0.12638754157978443,0.47829417077318637,0.35500904148080026,-0.08368200959039968,-1.0527450423274867,-0.6500348769125208,-1.5457455188921077,-1.13941057259759,-2.0807012857126645,-0.6889430366862831,0.041478709869303576,-0.790063232774107,0.6722229138260344,0.8312485689163148,-0.5329901004468537,0.2726253442156803,0.9244658313013765,-1.1500797119601647,-0.7609939256325421,-0.2757421424225243,-1.8337814846662515,-1.7457490614702245,2.0181463294258526,-3.0067260988324787,0.2846684390767664,-0.9863714393385242,-1.1458483359945264,-0.7265243776590463,1.5714512353075891,-0.9060664645434081,1.1587862257829713,0.04854147612409476
0.1364598332881906,-1.7996382433333011,0.3093422259493486,-0.03100116344502532,-2.227656155977108,2.3872287737216986,2.6240430170553584,0.3150482444206017,-1.0030733517038055,0.5951539661426791,1.4862831827018081,1.4459447345544136,1.8823346674044323,-0.2734532199297017,0.509830852822493,-3.017761516318696,1.2120033139030402,0.5885669295891136,3.2266380687317637,-0.36225137119235856,0.2814688421603467,0.19233089330512587,0.15499550476590135,-0.20951825208758101,1.0208308883778816,-1.7762548981733377,-1.7724495668929041,-1.7004267820295191,-0.7767327887601975,-0.010690888304486732,1.2811188846671708,-1.8192310229714563,-1.5314950606616728,-0.7131672658331414,-1.9706963182869084,0.4422286363615088,-0.8244305972479762,-1.975472005251661,-0.52048741777327,1.708481068761314,-1.483051798748789,0.000638656318672548,1.2821471475518522,-1.447979188816161,0.8980198307382017,2.8344710983946633,1.7108319428858858,0.08471060167699021,-2.4314628347130434,1.9854739853456258,-0.26971656667862853,0.39461471612678484,1.7552780219597621,-1.3555528601261098,0.7432113833263168,-1.0505563603665249,0.0052241150635464195,-0.5796539020353066,-0.8960114257330666,-1.2093980825663577,3.178260711098534,0.9664354404873275,-0.5425073146973418,-1.4380405569758925,1.6114826258584811,-0.4728928895360923,-0.7180703314974533,-0.33999892903217777,1.4778468740783275,-1.3882044272174636,-1.1165594622427173,-0.48934419161299186,-0.3160188669291022,1.7667191111091858,3.2025883274101656,0.17310404136468624,-1.078796943234303,0.2858751568771183,0.2083649111369107,0.047947076864228735,1.1001602137775568,-0.9394259849287228,1.116400672217648,-2.5357022501819864,1.8893986108096799,0.4409973863046599,0.29368146947424056,1.2761095937936062,-0.06137174521176615,0.9163998315427452,2.3601501370668325,2.431554458713175,0.6584822894974087,0.14005155789744372
-0.8414769289222834,-0.2881353330333436,-0.13918533907468067,2.5727429202378063,-0.9941428638151856,1.0149982250387006,0.04636944058544373,1.1939346497395975,-0.6668258998035422,-0.8315704258052079,0.6759372672055308,0.07979933122905458,-0.7591172840279924,-1.060743857233934,0.44365136201069244,-0.7306254599578133,-0.1139531070578999,0.7234346599957826,2.3421117746521674,0.306444158947713,0.8681040951915457,-0.13757951110013217,-0.43444770261208604,0.7689197124692444,-0.6953785401032115,-0.2629401972776116,1.749436174752394,0.14126571472548116,-0.8459834097735128,-1.111394855576522,0.023242391552610625,-0.6224665536101798,-0.9610831404838992,1.1286558076665183,-0.6196436469876112,0.5106771560294048,1.6090116328180462,0.05125782830191483,-0.21839858924525646,1.193730295079252,1.5528486361999156,0.9831840574408801,-0.18090521916967542,0.6977026953418347,0.7982972625759992,0.05606038835835503,0.6664719592032322,-0.06766006739063235,0.7293178703214188,2.5507902403374465,-0.3135985870343323,-1.7097305667631448,2.2155103024880862,-0.41399703877534755,1.4982720564617442,-3.1950238293062014,-1.5411236811565798,-3.074831905398318,-1.2170228962881973,-2.879527226379199,3.7594819044576333,-0.947097313680492,-1.6573580059533857,-2.1370650159860287,0.5140095729151073,-0.5828245466106656,2.2025276585797933,0.6248380064717106,2.166571879074578,1.2288468085076116,-1.1235470331146087,0.2241174846253294,-0.5503604724570652,0.7758527432270697,-1.1840163208040737,-0.9963760736810685,-1.0341821334179562,1.073684487928845,0.1870505083911877,-0.271961019400334,-1.7522405711758633,-0.5678509654107734,1.2766129354211084,0.7539159945463051,0.7003964568251991,0.3066869532309425,-1.8448145340823356,2.4597107154301856,0.30386387129282627,-1.6060548720382668,0.8101528942858016,-0.12061917356542284,1.0290797922082757,1.4249135257010934
-0.5087396317433078,-0.7013639088862758,-0.03492077681577081,-0.20511152097661722,-0.8432918186576267,-2.2123170761184556,-1.520372824245862,-1.8021267601131874,0.9769160128800513,-0.8018033306004291,-4.331548560005414,-2.095928001002892,-3.496779850047126,0.30941513796996106,-0.37108004420769597,-1.1545434005372168,-1.02540744124599,-0.057423016666232285,-0.452559926680753,0.5549435238507819,0.005401858681161276,-0.20441631351639217,-0.5767100159472781,-0.18587147754651714,0.20012919882546884,1.187637687537362,-0.19001101148298605,0.33053450181117916,-1.8409261411256228,-0.5217046092811565,0.00797608822088558,-0.16293129978735266,-0.8769815138846841,-0.10076646525230548,-1.7709796238648012,-0.34473345413242606,1.1054194745765917,0.9825002159035068,-1.0864417063216796,-0.24606906046128896,-1.46762228144633,-2.0337864022961556,-0.3054993086578591,-0.9947196227012527,-1.4679875954037842,-3.468364685807054,-3.8084862641050488,-3.5144594355881837,0.22446835901235018,0.13870860681009406,1.0081324800876912,0.888551762567136,0.7490574381408998,-0.7663262706312846,-0.5337065778536316,0.8917845707314332,1.0016356234974984,1.167834790865295,-0.3848569622208376,0.9742162129355941,-1.2114271155025786,1.1620667987159667,0.3739433796718056,0.9926509940922534,-0.2666976846513463,0.9179645003721307,0.5892628159759055,-2.161523035670131,0.0828587736500247,0.9795184137154456,0.03811703566292768,-0.52800820116679,-0.002813906328495819,-0.44487205428243415,-0.61345102439192,0.08100562800202965,-0.16476994115837465,-2.245565895503964,-0.8577764722366745,-1.0238735031494068,0.28517960354195915,0.6978559569336757,-2.541719698385262,-0.8951757886019376,-1.6937227842489082,-1.5956399033874251,-0.4889107927862674,-0.01954543403023279,0.4077169552044591,-0.9809794169318979,-0.5671748066374289,0.29940114645143967,1.613863091435366,-0.8663677638138851
0.7483110570633911,-1.0384540396601165,0.03363244712658055,1.0605175553962984,0.10963151938800486,1.3434275291903632,1.0484033812402944,1.578657159465993,-0.32084354028264617,1.4530756084044683,1.459565963573937,0.47992824368967535,0.8943474148368908,1.1295230160348535,-1.396518733560853,-1.3061777256129592,0.6649084721287398,1.220642824684205,2.457422981597433,0.18697530161783227,-0.19229897710294935,0.7740942193378175,-1.1458689055949012,0.8532116325310524,0.5977793855820913,0.1378437717296236,-0.10494600924580566,-1.3373019078550248,-0.24505834207483312,-1.0150028330739298,-0.04272946657299326,0.38994900566132484,-0.3096774459523682,0.4450677142925451,0.09412128354324567,-0.34310241533923247,1.1106960563374362,1.470354082702615,0.5283091667084031,0.8055403993424683,-0.35435043970173064,-0.28937568807675307,1.0612628063994438,0.4078593115085235,-0.062135434927490546,-0.5577687787330546,-0.2902651877782283,-0.30367578749645996,-0.5001583251455674,0.4745953344661784,-0.3612057673873174,-0.4776470553307609,2.014484716331469,1.093190346761022,2.012847263419884,-2.24536851458906,-1.5187892418332756,-2.693343369969552,-0.07885368979598806,-2.2361191979349995,2.6892254608951918,-1.8136258662039535,-0.4428339556309808,-0.7989593069511842,1.6411638273845566,0.08211553767827917,-0.12507537562144766,-0.28909328238445775,1.873124685122907,0.36890780787589744,-1.7870849229476857,-1.2462643664368585,-0.42491124171375455,0.2590324115774818,0.9167826030260543,-0.157355889322409,-0.14105453144697852,0.5495837236371603,1.3158514753872157,0.8310330022248277,-0.5267922922407613,-0.6139386274127817,1.7839123473750023,-0.7690463334531724,-0.2168515112374526,0.2658854471120948,0.5567065952861006,1.8214101733850914,-0.7442144304516297,-1.374241608511904,0.5534960650146572,-0.1946306853564496,0.6095708079861174,0.27390708303868994
-1.442599977584606,1.5202475419483445,0.4826807830827867,-0.9722143575718478,0.14523556732284515,-0.5974689049067452,-1.287505198651719,0.7430698910186708,1.2198619612991166,0.48744482399810146,0.5145529587919037,-1.1248101261435708,-0.4385015962332857,-0.8295621468148717,0.22627628133886243,0.7331691459706727,-0.07035728559786186,0.01018601951021647,-2.173791403919213,-0.797169320437433,-1.392457150705374,1.3298998911431896,-1.251606364331991,-2.50412473892963,-0.7283708150876935,1.1261827278117218,0.3754509275508413,0.6529692982219462,0.1986277431557433,-0.7037535435381436,0.296683853533118,0.06839132176955315,1.201654086118859,0.43824547348403897,1.7411795387508617,-0.6336534560271015,0.5457786357666607,0.33673187496143203,1.6427520398708566,0.13635804949395391,0.6883958545326155,-0.7822366714705521,-0.04695084375925346,1.526325796759457,0.30965276479317727,1.1789658224222352,-1.5942129354192813,-0.32506850443238744,-0.04273192014486138,-0.6259946044546787,0.13004036271299213,0.20266843802130152,-1.9375376967025852,-1.4199782468203743,-0.9084082605272527,-0.8689009122251383,-0.37445661548956444,-2.007011873899505,-1.3243460211120814,0.709777557096023,0.5653841757203101,-0.8857156987615925,1.2481285153371184,2.2802447119158176,-0.16912760310666375,0.5012883407845374,-0.3226496498325659,1.307567892757828,-2.019748675968089,-0.18299614739907108,0.2793599157715352,0.01101562098532119,0.32583105248909683,-0.06436791816071133,-1.858592323885556,-0.4939603418940013,1.7162539472436271,0.13024715154062816,-0.4521796782345176,-0.8430254998677478,-1.442616452921239,-0.9184917980993499,-0.37749914742553803,0.5884216397330158,-1.583248990619714,-0.5100009626866112,-0.8186850188769788,-1.3030203610649058,-0.1909209646335649,-1.3461262032147583,-0.838080709760467,0.048891182395451094,-0.8323971563114778,-1.1493341338338827
-1.121596884217414,0.7233814777857226,-0.017464718581719916,-0.15239521000236322,-0.5393041512480629,-0.006424765482468342,0.9440491353751399,2.1735921427019003,0.7016113792806772,2.1116772137054567,-1.079327650965562,-1.790494183074782,0.1292472667783633,0.46689257888567903,0.1706795552472481,-0.8021680007202089,0.28880955072904657,0.4597384190921382,0.5189516550219373,0.5553602703550878,2.1474294681097756,1.0671939343706534,1.559055559358849,0.7485842435501049,0.0449080909793762,0.44683126318312616,0.3836985918419144,0.539381792126582,-0.6810712218258212,1.2311265045425008,0.0441788629759282,0.8447165790594453,0.3510547900559541,0.3802894463502682,1.1856304113403031,-0.21858075207626226,1.5166190924890084,0.0734620190884786,1.2543867538773417,0.8834837345720408,0.8874024197747693,1.1656290700092722,1.740725970085002,2.194209366055904,-1.6547876271783237,-1.7199092948951853,-0.755137270179518,-1.1125978315373628,0.3341716902426789,1.8475655313303898,-0.8211122481464699,2.2156099467830526,-1.5211762541956666,2.383145845425133,0.9423943697250494,-1.2813890811488007,-1.0997428101924596,-2.467097650226865,-0.4034683866050299,-2.0251677689946437,1.202303139045772,-0.5409940761172003,-1.0927026630703944,-1.0150373472154601,-1.922710276090125,-0.7728659646187193,-1.4266499997907955,-0.1902186110178592,0.469593557853896,-0.4748889697113222,0.6084902159962702,-0.8562005831010311,1.0927826871537611,-0.4073583913677257,-0.2833200220769312,-1.1650482192579112,-0.3488492645013746,2.078565139885566,1.7183014817376185,1.2114821817957557,0.46874812155311957,1.1774380667661364,-0.11823862710753097,-0.8053737345558157,0.5902281417206994,-0.301611955211253,-0.2796094437555263,-0.38133671507475164,-0.5780849192958198,-1.0317919955734485,0.005787015294949405,0.6263317025374283,2.657307836163416,1.0525919196699638
0.6336809679738544,-2.0689851551149636,0.05188576020049567,0.8395283851566093,0.7783817352538528,-1.6235432585681187,0.5016008329476151,-2.48091706951599,-0.5952447637891649,1.7135986855186662,0.7359311225254783,-1.8758241441746397,0.7785661154481361,-1.1333143645091355,-1.4239025232626619,-1.142757581516806,0.38556912965601464,0.9972826254443905,0.6429340814545457,-0.42027594152701014,0.6277760569234503,0.7483026788422963,-0.22512143525881373,-3.585214900360876,-0.4809278568122704,-0.948203477924041,0.7648680276235511,-2.823578823135032,0.3298023989672715,1.7228420654569065,0.2761537813132564,-0.8555243947573657,-0.1622278462950733,-0.6563653401807181,0.952671298683848,0.08294916299712732,-0.6470708676086511,2.049924496372644,0.5033553989710916,1.2568628199205982,-1.2778303628996328,-1.5749308281922634,0.7925097037045339,0.15527194511524556,0.5955344787764941,-0.11345698131175108,0.30255917340431737,-2.0481991597236613,0.48860785394844747,0.14293709255923975,1.3909810813180834,-0.15845962042326134,0.06993149604047577,-0.8145105030970783,1.3282152728785055,-0.6596816638486177,-0.7860837930660892,-0.25504631894865437,0.5495776961979966,-0.6844204479199845,1.587862128125431,-1.7759732422131005,-0.03807545015967301,1.060321875369493,-2.3302294723438672,-1.690886772417571,-0.5448565428732073,-0.17096276041363878,-2.0036157223902817,-0.8577071049888205,-0.27478699741683865,-0.963702878836185,-0.2866240136560858,0.3667274875956846,-0.2585427619791605,0.9541812464718046,-0.7007244949387437,1.3464628066211564,1.3720261787090577,1.5260502046775457,0.8847999464743626,-0.10342984070806609,-0.8813033765136105,-0.4025977358172589,0.9011836460948816,-0.653726731248353,-0.7929047123708718,-1.0512881891670243,-0.507609083717593,1.1472929859379917,-0.11412674336045747,0.46563790877556877,1.5842150351793594,-0.5867081801007472
-0.9933706409522624,-0.9739390904937948,0.06497222209769096,0.17996455226382935,1.2563792898381647,-0.1508570904029839,-2.965071199002128,-2.214399353656468,3.487061109065686,0.78984471740475,-2.3966302719198724,-0.5181718854195841,-0.4961212599838587,-1.3103106577490422,-0.1835221520959078,1.1578996164510846,-1.7642824711002685,-0.652824150818677,-2.2269212845201016,-0.7237424807449888,-1.7307134119903633,-0.6816093773971517,0.054669031687502034,-2.4166514414787343,-2.383203352175005,-0.5455289222483073,0.6544662935648909,-1.9888813744794356,1.352137940565046,0.043118111269574703,-0.8433285795501576,0.5858819765186053,-0.42336719519235944,1.0656606428819206,-0.12825720251574085,-1.851447277486701,-0.5980307851634734,-0.71701193132666,-1.102331107913219,-0.7790064087618196,0.8436297924400689,-0.13914315286745316,-1.155088237164998,-1.4302253472795206,0.36964795750356566,-1.275367324825117,-2.625873419850186,-0.41725897737612927,-0.7736333882492872,-0.08940600482256944,2.338850988894658,-2.4852882732721104,0.408143715472821,-1.2226622674993626,-1.1481559611237662,1.5887958328517717,2.11375069781161,0.5406873876119204,1.3344131054144026,0.4105503979725196,-1.2612511688109325,0.7098867682201458,-0.26703864768340657,1.054204756402969,1.2454330081036944,-0.01867699775073195,-0.1400802158930938,-1.9488679161927098,0.19720290621334602,1.7187647463951383,1.0686029246969628,1.0410443990606355,1.225393452387868,-1.67284721125354,-3.429770933182189,-0.5685429693456426,-0.7133123906725412,-1.7617416353498587,-2.0608367688362232,-1.0463421930685692,-1.26564576989311,0.27737320938240734,-0.9569868334282202,-0.3098592521737754,0.008943853117082123,2.1189699418948993,-1.2682603916508848,-0.49345024706334695,0.8151345046417825,0.7856483177375322,0.2589759800707283,-1.072035639603778,-0.7341400011661866,-0.43503703378119174
0.3337672174760052,0.8664302695801922,-0.5515924199870554,-0.24761456399492265,0.41476948531138536,0.5785291722513337,-0.6760855386970309,-1.015848096473889,0.29116197918886383,1.149836388425728,0.833436141219216,2.18710488529901,0.2136536898839736,2.478808529610431,0.8944027519455205,0.2703052065925796,-0.160264784944392,-0.05451441711862909,1.2390837004455175,1.771723253024513,-0.21592978256779538,-1.843172872716506,-0.5734668937971128,0.337426377181271,0.8022625685692033,0.3393903222525994,0.41078510354836023,0.027060703988427526,-0.2975764990252401,-0.12106122365700017,0.6134444640560464,-0.01580933059808763,-0.11001887720694259,-0.6541274788517366,1.1571046729720957,-1.6900637529046316,1.2181313940951632,0.5060035906558384,1.654149741449703,-1.5496328953597018,-1.1136030300024986,0.7133073923988025,0.5459735219606893,-0.39456953449483745,-0.39723076251528233,-0.45279016889515494,0.47370469008101146,0.9329079882832486,0.8772561192736288,-0.5323762949469807,-1.4058720320374054,1.1998065763092163,-0.8670222502381049,-0.06420072545068198,0.82241743403822,1.0547929672669314,0.4290452836507155,0.7721103297918548,-2.661414051519249,0.4602839061531966,-1.0042874994572075,1.7661822367869284,-2.5525382998944313,-0.5962052947168368,0.6227942234240914,-0.5414916844797899,1.3883724976664475,-0.13696281089589252,0.45658523593064804,-0.36025527283927283,0.7102285163186652,1.1540334420377034,0.8332561691316519,-1.0167520796300253,-1.2998267504673693,0.35308234512259934,-0.3717241057899747,-0.023393109064839768,0.31829927044020523,1.0025900679283355,-0.6894141296480225,0.2803255149598996,0.37717296260411953,-0.5483645748402566,0.48657110796741043,0.9351793140810241,-1.1600430633445926,-0.004524793907381475,0.7728725888431393,-0.5230766656664607,-0.5583085979450346,-0.7174965384891628,0.35490567847438514,0.4466958081263388
-1.566311959241626,1.7188892699766172,-0.03968508885787924,-1.4455333778994168,-0.4074870649626216,1.2760063394250003,1.2767553792582045,1.4080817820205007,1.292378852376506,-1.0934344899805346,-1.253158350433923,-1.5302471102748494,-1.368930895554473,0.45981806379127854,0.5050711926543456,1.0566121210299724,-0.6283339982050646,-1.1416785059381713,-2.5560165310722383,-0.09023418778456094,-0.5141110930363467,0.23738483331237792,0.33564099580699985,1.9379838357772368,0.00031233171038225205,1.7588537268444977,-0.831548882493439,0.39781278305404266,-0.6198555417766993,0.664319117461526,0.09076042458594069,-0.6585627166111147,0.6302874024904142,0.825591630921587,1.4201459097331974,1.1118451800834148,0.2857051931388351,0.7859608213941329,0.5422669515704327,-2.099710004338056,0.7265075512904144,0.4837461183352978,-0.6384261134111943,0.03225839428694635,-0.650945277211695,-1.4111131237219683,-0.06824276684208291,0.2803933876968686,0.643659229303698,0.4100107313303114,-0.3285138158263117,-1.5248570352038275,-0.47802894469248286,-0.19579064583349354,0.3403347845826445,0.4278593676668145,-0.1209798411903035,0.44090609883416265,0.437277583998595,0.7300354057902866,-0.07349993631590317,0.8690873195846438,-1.4163071837977272,0.02295572095475296,1.5850775724548072,-1.0330881663401486,0.9559721201921181,0.6915589117717618,0.8653579737567092,1.340307923038965,-0.021056874497830773,1.5019170936331085,0.088489575950265,-0.3668130428980284,-1.3031990231736323,-2.1184791439878405,-0.3755529626023642,0.02358479770680022,-0.016471937820789262,0.3771436608656453,-0.4175170032036957,0.20206797885456226,1.2365001880948132,0.9782525262476189,-1.2424308932052914,1.3804281016761002,-1.543274161650384,-0.17603646242596105,0.5004352906424042,-1.2041357174557488,-1.6048362476529128,-0.25464061819079975,-0.4263225584854837,-0.1589737871723977
0.2396090351086469,-1.2721218764045976,-0.2659560852681101,0.4231625786752906,0.9150165011590174,-0.0021567470924677146,-0.8954877456617004,0.45203613130094433,1.3524798411208636,0.4463148161647794,0.41187230725419954,-0.5351472426170825,-0.7411435329029872,1.4679992496831649,-0.16897779896104376,1.0894496022762368,0.18307724700901093,1.3123364616456477,-0.45448624444980135,0.2432871925435603,-0.2846669380237373,0.48319911121648706,-0.6641791424072239,0.3000534432650065,-0.34157599642785275,0.4545580526242209,-0.14741686601400206,0.005134312873692315,0.01543511137272835,-0.016927992011058865,-0.8523922402824543,-0.5429230517901278,0.014536871977541416,-1.1606656304163256,-0.18289392457716758,0.7953624271676858,-1.0527835214593726,0.1392936939374152,-0.9903877952535536,0.2988150611484227,-0.8237182137002937,-0.39638929887585633,-0.3470069040846417,-0.8797599292167437,-0.1141361825908074,0.16258671220075796,-1.027718892516837,-0.7617344811463442,-0.05728295750503133,0.9463748505820561,0.22232081865451142,-0.18591349399079235,-0.8416960351450962,-2.9044821176284965,-0.4705254263711465,0.9231087179150608,-0.6923511709151091,2.3104935369730724,-0.054239640694797364,-0.9074929117312157,-0.28128373569737364,-0.4710350847111524,1.0701779688086108,-0.21664789452065053,1.594307849932208,-0.24977438789076337,-0.3179155301564866,-1.5980698799730377,-0.8411399961687306,1.3951970661811042,-0.11252601221341543,0.6490038742941946,0.76235732537127,0.8074084781439977,-0.4774022665976146,-0.7802300039495174,1.679579771057765,0.6127076995000847,-0.22036338661931704,1.3397276445854875,-0.20078364215740124,0.06194948098582419,-1.2968296718365817,0.585127097203435,-0.11680222397798279,-0.4481672260450843,0.5723519096534873,1.1966142508611028,-0.0024128231850807196,0.8923077117582999,-0.1004354273087671,0.00824514947452532,1.5590062199918073,-0.7508103075801458
-0.437798627852603,0.9437162814958676,-0.136666660002519,0.5654067280330792,0.546487103531951,0.688376316751037,-0.7013932229308829,-0.24152813116161231,0.647171433861377,0.5713604298157295,3.0948259296126763,0.3135659575723625,0.026572039909730116,-1.8824351260179615,0.7578142692813714,0.30194742346103837,0.5549397856383694,-0.08514299893296062,1.4788438351197617,0.37907667372359755,0.8353828367905458,-0.40242531601167414,0.23214240433741326,1.1792329900117338,0.9064999372268989,0.13078073591232675,0.141203759608438,0.7427317344669416,-2.0535729772521982,1.3731907081135288,0.41055197253985404,1.7305729361884732,0.8376174488536372,-0.1080427694605991,1.7512707815743673,-0.32506519943643764,0.18617475146326778,0.7147494241782688,1.2102815203044588,0.3223897924922003,-0.29295628185921696,1.18636772746513,0.06519181190086087,0.6613447553744934,0.018369788638818274,0.2122925054734768,0.24387747906032947,-0.4057049666034784,0.7008124552970568,-0.2823607242981215,0.6377766727816045,1.2443970401772098,-0.5466717572639458,-0.1253623590637507,0.7723020254319167,-1.5354479691600929,-1.2275542266734705,-0.4392645674245762,-0.8475464400935139,-0.7361287408086713,0.5183789115748879,0.3680570931306979,-3.130940840104472,-0.9923248288703456,-0.09538719297165921,0.8735274930791165,-0.7829422509488768,1.722454232138733,1.0741880994831836,-1.0387387389912444,-1.4006024664174852,-1.5423334897367529,-0.7392508459531768,0.6606265709815439,0.2634254145956866,0.050214111327717914,-1.2469820097519777,1.3965813661341693,0.9804505585978243,-0.2643538977762847,-0.4518278601791921,0.49935430484960963,0.8660351442151565,0.39403809941637435,0.7452899412474923,0.8410710095757816,0.9711308280135237,-1.204628112542559,0.25751754601665133,-0.7610444046759894,0.1786485635280417,0.08233566415381281,0.3878372907522923,-0.328277119968569
0.7965473564956372,-1.6391753014487838,0.16793305462871627,0.7102299472342206,0.7296765254263781,0.13142001471441778,0.01815205179226964,0.15056321989340493,0.032807587643125524,2.100900527094675,1.2099757836663825,0.6164681410941556,1.1294623231643572,1.4052133297483498,-1.0114145312135108,1.6800572719544968,0.937169637197078,1.4718343854294296,0.5679977990929852,0.754782317718405,1.5934632183532602,-0.7973761586489372,0.7751328891813495,1.0210728388419377,0.5570415921693732,-0.05081436722384747,-1.29619726125499,0.15997873294474735,0.5654806973537245,-1.2479029161970774,-1.7507395714864917,0.5113703192114485,0.4705358888554241,-1.197964289407258,-0.41861449716466914,-2.025055749650643,1.1249581367711547,2.56947198670913,0.5165567868989496,-1.4874429731769416,-1.1511683302800897,0.03554123332032601,-0.5452007960596446,-0.5551572710665551,0.12243822144856625,0.26022243913431,-0.06296111081799596,-0.8137675682719252,1.0935333361596702,-1.0924048848999153,-0.6192061761090025,1.9206083930270916,-1.0122046410414907,0.39428048269998284,-0.6670903919047936,-0.17823582949434694,-0.6898694198021204,-1.169538442205067,-0.2116092809468893,-0.8398982838030744,0.22240719731199926,0.07148642211766015,-2.4171510668002174,-1.960389366937302,-0.437041919830913,-0.3866721661831841,-0.3604870178820323,-0.9092798952597982,-1.359429791620786,-1.9341880564120415,-0.5876231141659805,-0.7165874607619255,0.07943692661726354,0.9884404182675572,-0.6761730705265488,-0.022555630616240704,0.865281570635936,-0.06887215270862314,-0.21842545382709255,1.0040107796430324,-0.9299899195131724,-0.3100817336665837,0.43322835870600734,-0.13107768314791995,0.14184003130719583,-1.210544228116526,1.1250963016433964,-2.416002032418365,0.35587447448447435,0.5111284857712817,-1.6720526486863436,-0.4232698994854987,0.1123191490907937,-2.0291274584662986
-0.9683835977100828,1.660148387790717,0.027713490055723128,-0.8620060895662848,0.8373773130862512,-0.9394936234782738,-1.6698924129861337,-1.3890151632883223,-0.1947205491662689,1.1385069780446668,-1.2967281085470672,-1.6810279503529353,-1.8692733951905671,0.5629796589110917,0.8134072407857911,0.13277714191317147,-0.6172736671425371,-1.4847895441931032,-0.5327788525927684,0.7991996196866786,-0.27286536637988446,-0.7946065584169172,0.5208173593993483,0.6046997786885339,0.18116882093501957,0.048987749982443624,-1.3309728288185885,0.42265756045005176,-0.49778105574961956,-0.41372322081891105,0.508677660286271,0.26665263705179054,0.32509527381361847,0.1533218599073462,-0.7482624281824599,1.3101743837993678,-0.7212033235041027,-0.25249394783852985,-0.7553062258270152,0.711957570170558,-0.7659284736868361,-2.323538884976016,1.3131683574336468,0.17171293569139945,-0.16291512033680827,-0.1236115715955961,-1.6035803578074517,-1.1403863397846947,-0.20525112846853544,-0.400845408553526,0.2949757589753624,-0.4169886947018711,0.2495932124125713,-0.8583967215732105,-0.5273059611797053,2.164009193756621,2.9318139211823073,0.08685842198567706,0.04253762023397023,1.3756938551483127,-0.585478452515921,-0.532809869776798,0.10010545245289848,1.3968250133468672,-0.501818100889251,-0.8593861880963435,1.5114755328544753,-1.3792899390987137,0.1828776426304141,0.29850651870242084,0.5200819706511952,-0.023099364501917668,1.0683361859872176,-0.5573328868415864,-1.1950003459999303,-0.3260989309371582,-1.1059803471510945,-1.1696457334796588,-0.7514181963515967,-1.8593036756060697,0.11129755102716254,-1.3494814890885034,-2.790244546519379,-0.8797661251205727,0.1562526898545202,-0.18665508268083408,-0.40730618501243504,1.0475950134222165,-0.351277290476936,1.162842200561938,0.5245987143059189,0.9225455873397257,1.194143822409443,0.8960676339681535
-0.5882410782149261,-0.5975108371326234,0.03378632695548745,0.4305209302138836,0.8787864355114294,-1.1496640812170529,-1.4635577205056696,-1.4553200916524736,0.27539172127202455,1.2546522164356977,-1.9213239755840836,-1.8008652966606338,-2.1453290930640865,-1.0065120555758698,-0.2584900479585878,-1.166107871034179,0.04568011223897042,-0.213023983935687,0.04155923826245078,-0.5721827573041933,-0.21915201462852366,0.5148455951325437,0.0644246356250214,-1.265885155979348,-0.2052512089298652,1.1253622704420778,-0.17384742722015042,0.37940828943982685,-2.0515528943566954,-0.11845650360279923,1.6109977748712867,1.8465226100350114,-0.14180322260132822,0.21044345743740667,-0.5797715901758167,0.15520312349353277,0.6109828407724817,-0.5618940921738076,0.2801784982761407,0.743501770475676,0.6329631160205496,-2.136703496536426,0.6332957595938401,0.2598586242761852,-0.4742417572116173,-0.3896597919293203,-0.7586233552477577,-2.4061411987134624,-0.39431876435877,1.2141972958988714,0.9485983382397453,0.6440863070817205,-2.398359929946487,-0.22334285355451117,0.05442789958293481,-0.18194333863535395,0.6880424934581464,-0.4787609486263105,-0.5261260250934694,-0.16216293706305174,-0.8395129610356173,-0.994322741886615,1.0538005462552544,0.24388827864781562,0.3275323615734054,-1.4896535338290626,-0.7535269575052328,-0.2674935247198631,-0.9865344262262754,-1.0816039727458802,-0.45155237967863393,-0.0893973729274965,-0.8413241207961492,0.029716452134447235,-0.4077349410625002,0.7764221319768414,-0.5554458171700936,-0.19278719486027074,0.11568167785369382,0.33686360595833076,1.3061550654378309,0.5232640330642354,-1.7347808967414753,0.5927654499687145,-0.1545270584573958,-1.3049318651952273,0.5311179080771864,-1.7493613028831327,0.3592481025343617,-0.2067020237545596,-0.6462991937513924,0.5303527578953866,1.139843838152983,0.8782834606998574
-0.565497895683117,2.8565011879555984,0.20766809519050827,0.4489749097923059,1.1142602269604582,-1.6071721802097612,0.6546149979471012,-0.22273584699812457,1.4548004208704184,2.45051422000402,-1.7822141723142626,0.20623206461034882,-1.3991359308841398,1.489306940318186,-0.6108329030100605,3.051606366277608,-0.36132489394891926,-0.4209886319690188,0.3832544075645225,-0.3275617354967298,-1.715744965222135,-0.8061252576527311,0.45099136655686745,-1.2186223249027335,-0.5982932798561232,-1.9330785724180732,-0.7602397327241954,4.061935097074559,0.7450497718908964,0.6235299905122261,0.7363251114221719,-0.3805653452143462,1.3692307455729704,-1.222598971001924,1.213161252829239,1.1244706023473052,2.022368596689826,-0.4934780322878559,0.7666181682196782,1.9225738003748303,0.8897097599075299,0.06296970240214181,-0.4944812871886253,-0.9498345308333435,0.2745263476705579,-0.5049627215220767,-0.6416796891873677,0.9859008347499437,-0.623855219343613,-3.0491985547691027,0.837923911218931,-0.7361832814162302,-2.1799206027472615,-2.47459040331069,-0.8893456199759493,1.0649369373080229,-0.36339664601951427,0.35928748048784404,0.918422658758156,-0.2823153779676467,1.5944957765588468,1.5442947530443512,-1.3851133160443705,-0.33371264803636524,0.7399880031761589,-2.059516229446193,-0.1905981080707574,-1.484132513277332,0.44835508627972426,0.6941396957468082,3.4147273812429404,2.2465806703550295,0.1208695032111593,0.25930234708924194,-2.8762379554599207,0.8122198162309668,0.5172969223943252,0.5907738388951096,0.6707822118398914,-0.1768155366635247,-1.5622051494023186,-0.7685919013156252,1.944348375478538,-1.2684325462002546,-0.4627275383324396,2.5380974473782145,1.8148935043209782,-1.497852759879487,-0.3252937792609421,-2.0140295880929133,-1.2593899678689215,-1.3013070745487698,0.9986641263951777,0.19656737239164618
