Cells_AreaShape_Compactness,Cells_AreaShape_FormFactor,Cells_AreaShape_Zernike_2_2,Cells_AreaShape_Zernike_3_1,Cells_AreaShape_Zernike_4_2,Cells_Correlation_Correlation_DNA_Mito,Cells_Correlation_Correlation_DNA_RNA,Cells_Correlation_Correlation_Mito_ER,Cells_Correlation_Overlap_DNA_Mito,Cells_Correlation_Overlap_DNA_RNA,Cells_Correlation_Overlap_ER_RNA,Cells_Correlation_Overlap_Mito_RNA,Cells_Correlation_Overlap_RNA_AGP,Cells_Intensity_MassDisplacement_DNA,Cells_Intensity_MaxIntensityEdge_Mito,Cells_Neighbors_AngleBetweenNeighbors_Adjacent,Cells_RadialDistribution_MeanFrac_AGP_3of4,Cells_RadialDistribution_MeanFrac_DNA_3of4,Cells_RadialDistribution_MeanFrac_ER_3of4,Cells_RadialDistribution_RadialCV_AGP_1of4,Cells_RadialDistribution_RadialCV_AGP_3of4,Cells_RadialDistribution_RadialCV_AGP_4of4,Cells_RadialDistribution_RadialCV_DNA_1of4,Cells_RadialDistribution_RadialCV_ER_1of4,Cells_RadialDistribution_RadialCV_Mito_1of4,Cells_RadialDistribution_RadialCV_RNA_1of4,Cells_RadialDistribution_RadialCV_RNA_4of4,Cytoplasm_AreaShape_FormFactor,Cytoplasm_AreaShape_Zernike_3_1,Cytoplasm_AreaShape_Zernike_3_3,Cytoplasm_AreaShape_Zernike_4_0,Cytoplasm_AreaShape_Zernike_4_2,Cytoplasm_AreaShape_Zernike_4_4,Cytoplasm_AreaShape_Zernike_5_5,Cytoplasm_AreaShape_Zernike_6_6,Cytoplasm_AreaShape_Zernike_7_3,Cytoplasm_AreaShape_Zernike_8_2,Cytoplasm_AreaShape_Zernike_8_6,Cytoplasm_AreaShape_Zernike_8_8,Cytoplasm_AreaShape_Zernike_9_5,Cytoplasm_AreaShape_Zernike_9_9,Cytoplasm_Correlation_Correlation_Mito_AGP,Cytoplasm_Correlation_K_DNA_AGP,Cytoplasm_Correlation_K_DNA_RNA,Cytoplasm_Correlation_Overlap_DNA_AGP,Cytoplasm_Correlation_Overlap_DNA_ER,Cytoplasm_Correlation_Overlap_ER_AGP,Cytoplasm_Correlation_Overlap_Mito_AGP,Cytoplasm_Granularity_2_AGP,Cytoplasm_Intensity_IntegratedIntensityEdge_AGP,Cytoplasm_RadialDistribution_MeanFrac_RNA_4of4,Cytoplasm_RadialDistribution_RadialCV_AGP_1of4,Cytoplasm_RadialDistribution_RadialCV_DNA_2of4,Cytoplasm_RadialDistribution_RadialCV_RNA_1of4,Cytoplasm_RadialDistribution_RadialCV_RNA_4of4,Nuclei_AreaShape_Eccentricity,Nuclei_AreaShape_Zernike_1_1,Nuclei_AreaShape_Zernike_2_2,Nuclei_AreaShape_Zernike_4_2,Nuclei_AreaShape_Zernike_5_3,Nuclei_AreaShape_Zernike_6_0,Nuclei_AreaShape_Zernike_6_2,Nuclei_AreaShape_Zernike_7_1,Nuclei_AreaShape_Zernike_9_5,Nuclei_Correlation_Correlation_ER_AGP,Nuclei_Correlation_Correlation_ER_RNA,Nuclei_Correlation_Correlation_Mito_AGP,Nuclei_Correlation_Correlation_Mito_RNA,Nuclei_Correlation_Correlation_RNA_AGP,Nuclei_Correlation_K_AGP_ER,Nuclei_Correlation_Overlap_DNA_RNA,Nuclei_Correlation_Overlap_ER_AGP,Nuclei_Granularity_1_DNA,Nuclei_Granularity_2_ER,Nuclei_Granularity_3_AGP,Nuclei_Granularity_3_DNA,Nuclei_Granularity_3_Mito,Nuclei_Granularity_4_DNA,Nuclei_Granularity_5_DNA,Nuclei_Intensity_IntegratedIntensity_DNA,Nuclei_Intensity_MassDisplacement_DNA,Nuclei_Intensity_MassDisplacement_RNA,Nuclei_RadialDistribution_FracAtD_Mito_3of4,Nuclei_RadialDistribution_FracAtD_RNA_3of4,Nuclei_RadialDistribution_MeanFrac_DNA_3of4,Nuclei_RadialDistribution_MeanFrac_Mito_3of4,Nuclei_RadialDistribution_MeanFrac_RNA_3of4,Nuclei_RadialDistribution_RadialCV_AGP_3of4,Nuclei_RadialDistribution_RadialCV_DNA_1of4,Nuclei_RadialDistribution_RadialCV_DNA_4of4,Nuclei_RadialDistribution_RadialCV_ER_1of4,Nuclei_RadialDistribution_RadialCV_Mito_1of4,Nuclei_RadialDistribution_RadialCV_RNA_1of4,Nuclei_RadialDistribution_RadialCV_RNA_3of4
0.8223759364110835,1.3544030966523717,-0.32566827746603566,-0.24924448119061193,0.12704099625573456,-2.660651730345666,-0.697758836612752,-2.833103536474547,-1.0614020777150543,0.6836517045296003,-0.2883015963948692,-0.5420115708815176,-2.2833794857281,1.174509646976017,0.4009246078947537,-1.2710483510527006,-2.41834795624899,0.13753803118000313,0.7609420929618764,0.4808086687162662,-1.1385395632124904,0.1498982720796259,0.4927639275300456,0.6933553582455103,0.057562425957771904,-0.07054101489330467,1.771873247285522,-0.8603362352313725,0.23755333321489663,-1.8722084804588213,-1.4319540506269859,1.0150482455006915,-0.06995565799218668,-2.369229804567657,2.6809469209688332,-0.637998995868352,-1.4923114103531219,0.2504457865680297,-0.8385819543121649,-0.38307478122880895,-0.42383988878707524,0.04510266711505384,-0.1279111384243118,1.3104519235096248,-0.3187336068290581,-0.7620243985952974,-0.49926044508633716,-1.7569225842853304,0.5117974886745777,-1.1099325175861146,-0.85717931991275,-0.7560515334247976,0.18011208322200495,-0.3352689903577716,0.20086984113458273,-0.03248948256821771,0.7363920705707645,0.5919665535156173,-1.3313956758526073,1.6013617381313674,1.1827073543759443,1.8844459963868474,-2.4072198485721197,0.6109550124467098,-0.14084318970894127,-1.623759911947538,0.7488357747537504,1.3758300601392388,0.7411710516809442,2.2144996461355837,0.31677347079510476,0.15048679104304052,-0.2390588180037013,1.5847117725115063,-0.6481688720326436,0.30736966888087364,0.7105191155286124,0.46401439516980936,-0.08109597440637523,2.0868517123829786,-1.267182729037581,1.0345187275950518,0.2364181570687742,0.231688631637524,1.6425166666988977,0.14781779376220525,-0.08684104449713528,2.3001717569510802,-1.0879533548045084,-0.10087699907740669,1.7825268161816044,-0.21107722099079948,-0.39997487580648916,0.24685991247910616
-0.5087120183330938,0.0685321256177227,-0.7511628646542395,0.12342546694246448,1.0192564338093129,-1.1758351644962715,0.3651174406817866,-0.5933314754574446,-0.0514807668703704,0.7038136597005475,1.2325239938962855,-0.12337070936303851,1.9122701406182996,-1.4827705592409761,-0.02363619232150366,0.027428192125854067,0.1003324330489055,0.07337284385385968,-1.5934705627836852,-0.20297021920502034,0.5867603278807116,2.157414964752649,0.5867263669388926,-0.5057223686764767,0.11524878382358668,-1.7259774237345364,0.6506513003550336,-0.3006306586528906,1.5484814944942344,-0.7641427916482466,-1.5171719234957977,0.8985552294293969,0.5280950477056785,0.2941675327872699,1.0488430109141897,0.5892210973573002,1.3498498426927807,1.1807022380155539,1.3370953579858338,-0.4923146968350084,-0.5297583339953448,-0.2665309692927725,1.759548692438577,-0.4678507570604864,-0.02348945598280311,0.38670961740683507,0.3970913362590091,1.0550008893732101,0.3701840509699361,0.9653598763269611,-1.8492725435905868,-0.11911193401621609,1.5400032929233891,1.6290692538998814,-0.015246456767588068,0.3468638332270993,0.7185306824228311,0.8656726105580363,0.12047706504620467,-0.3273886092265011,1.181561605562526,0.5269476588381885,1.289394354124075,0.3390550933268461,-0.11078302379728228,-1.4687272447464697,-0.6470233755614709,0.14043069744565884,-0.901014654649622,-1.0846236823802877,0.052632329812733636,-0.9661264746124287,0.09151797741811968,0.7860774254783596,0.407101201660626,-0.3158285561239023,0.8198057407071218,-0.42742390726397883,-0.1422039638717506,-1.72050474229748,-2.055251065147585,1.2469635972943733,-0.45374734811786727,1.5658676080622935,0.504732052704925,-0.39998597690050286,-0.27937050161412724,-0.4604821048799687,1.4749235918054555,0.6343518080269743,0.2795454461693444,-0.011224539117420884,0.47351629081541763,0.33388801423817627
-0.5148274434251079,-1.029700492103446,0.08534147368576958,0.5312446458580113,-0.46654163234441276,1.5044836092762208,0.10767413731654307,0.1399639757121235,-0.9790663452993698,-0.7440175566359299,0.7962195426388083,1.6683173630742334,1.2088117467088348,-0.23924441895983636,-1.126236537112459,0.08217127642521671,-0.38359845277866506,-0.40460930333716494,-0.5301419952285957,1.0217387769071862,-0.3278596813590646,-1.441000467488451,-0.27254524088395343,3.3470764808651197,-0.8888042147878288,1.166650063518041,0.8435585031427453,1.0346647827263546,-1.580530052701365,1.224529089327144,0.35254462018831484,-0.6042106606924795,-0.460048560946528,-1.0224607822325036,-1.4196957845954334,1.096172026644405,-0.0814502119592857,0.11119212111878257,-1.54552458229252,-0.6283048828150096,-0.2238747308414619,0.6323328045318897,-2.573937975294541,-2.3075907126160367,-0.4770428630902822,-0.885871049264973,-1.1655530978357544,-0.020141606526458466,2.2572771335929094,-2.3766671437720777,-1.4194442706871118,0.29888416195048934,-0.40729723961923103,2.6565103742701512,-0.33184769426166827,-0.7821417079452508,1.417139774636503,0.5818372215813277,0.3902970386743516,-0.0889716110003722,1.1857673467718826,-0.477186259317707,-0.32602494525738657,-1.2422819744808615,0.19019696022400545,-0.2524666194578515,0.693209253182617,0.4278224553297565,0.4338238653021277,1.5435716956797467,-0.142705375536508,1.074910478574891,-0.7151880279066782,-0.6729276670508677,-1.8269691327225996,-1.2966572915854373,-1.1656350153930486,-1.1775320519846886,-0.6411497732745703,-0.4723410202446847,-1.1428548319840441,0.20693629189627688,-0.025946578111202656,1.4161219091730488,-1.891801636710146,0.5606209542284198,-0.9591282877026355,0.75738296152926,0.18611450697919218,-0.743086086563729,-0.6439165257554054,-1.6292282707653205,-0.8503538938581594,0.45662895607771
0.3931708819745235,-0.5797440707554256,0.2303962805660615,0.7615345323567492,1.216460138671502,-0.8135805800453868,-0.7709043512462643,0.5448722347631124,-0.7698619005065492,-2.8666517785290244,-0.2936325220153248,-0.49343053242129603,0.38968028121708687,-0.06090758718549405,-1.2386323996423139,-0.7222586351879896,-0.5437534012486527,0.17171991646777895,0.3893769748925812,0.9094938091235722,1.60624285933402,-0.7120739745879827,0.2051210619658658,0.013978114876496084,0.5232205440151845,1.1064868656280515,0.8746564730579212,0.35549001364198046,-0.47086227326478985,-1.1300903117864307,-1.6961109333979607,1.7204587693707833,-1.4350787912829477,0.8332664591966026,-2.835904617444771,1.5692962757586815,1.965670720341584,0.4747620586018838,-0.8470872211195495,1.075773445419845,0.7297726740354838,-0.4858272291212782,-1.940120240461153,-1.1373294560680844,-0.9253241642583458,-0.3458121830647948,-1.0494106096339832,-1.7219215535457986,1.2065996499867946,-0.34615614294970165,0.7587434190223028,1.1411486657034766,0.6821128680925618,0.6081773160121368,-0.20191961780416218,0.8811889793360209,1.761162097384183,0.6221852702748453,-1.2814380938521273,0.9523239203692822,-0.8537907273024734,2.088714659836998,1.350781247323631,1.2321184397815017,0.9131681335982458,0.15500237034867856,0.8268298820963147,0.9527009335505452,0.19332014115899632,1.4444799435908036,-0.08464288936471542,1.2954209239601338,-1.530549332431932,-0.015955255782071055,-0.4494732128706772,-0.6040230864121724,0.4173110583537342,0.33971446369451486,-0.535694897053552,-0.7352593739597622,-0.03711949767471369,-0.5252175829560204,-0.36106100081811376,-0.389248888126341,-1.2214331028341898,-0.0958863578790455,-1.295427494050676,0.22836216188772748,-0.3570766312980217,-0.9138287558464924,-0.4068451078568967,-0.16908657794361381,0.47140643124460135,-1.8046263325049736
3.277288117648684,-2.167574946016189,0.7869078955089231,2.294707757594132,1.571626524289322,-0.7613944140387052,0.02665866857896876,-0.031201339964278985,-1.4316994848516076,-2.772543520904275,1.776640191179772,-0.44477969877853296,0.7202085593272721,0.6040286837675032,0.8715909492822526,-2.6543152817299407,2.061731392963247,1.9329989579534126,1.9383941407039194,-0.6331817316694861,0.7277992995375037,2.8432981171887683,-0.46122179011596476,-1.8868816841698994,-0.30123025223460254,-2.539432739009878,1.8356803492216895,-1.8774116370884255,-1.9462596605381397,-0.4187448345240257,-2.557583507772109,1.0698993510369756,-1.5967749006583327,-1.8748837706030277,0.11043106848857553,-0.8391605819926018,-1.029733261256471,0.9436488732885857,-0.09525439724846374,-0.29426961842268096,-1.7908714397809746,-0.28026342236771784,1.6623184949784746,-2.0999264506553694,0.48487755353766226,1.2419950541327656,-0.9069047174626761,-0.19595107007645973,-0.09161751871311108,2.434459181476003,-0.15439962604996105,-0.154788278213441,1.6149351042669318,-1.437837523935758,1.134687568512439,0.7833615684584718,0.08915754346200688,1.3255504907580085,0.1569850038418647,0.09983391978119577,-1.0213250636594886,2.389026828188432,-0.9982194682864,-0.9857733361899148,0.07930741292706961,1.8046726579432253,-2.222078242687225,1.291472229188825,-0.308370947440548,-3.1953526181400838,-3.1768645421409083,-1.8462831320239617,-1.7852597205127982,0.7606082276116359,0.5013560531564754,1.1222470411813834,-1.6802784696322435,1.1169108877687086,0.6868877877613665,-0.3924507262845091,0.9676996561640292,-0.0997152435455362,-0.5259716739477374,0.871089938874626,3.435438154591768,-1.483192740087943,0.6680966419100088,1.733807896983296,-0.11267395993888593,3.6420282758137925,-0.893659255084885,0.9458439331276672,-1.942235790983424,1.5224126961848208
-0.8429442634430968,-0.4513332347890717,0.29540062853368976,-0.4519836693602355,-0.26515640273156665,2.2032627066601957,-1.8461415547515065,1.0470500123422912,1.142600613061893,-1.3291356026454244,0.11688956217372626,1.1334903723623957,1.3549901215458302,-0.5967184798457026,-0.1960345494143881,0.3843359908834405,-0.3830074264561675,0.28908584009456756,1.5458869401491038,0.5299274189522425,1.2829437533547423,0.7326151675284892,0.21746306367713375,0.3026114816628799,0.08899256189856461,0.5409832978154385,-0.8126130292375124,0.6203694538304974,-1.2712496261976267,1.3008319381252147,0.9724594650547155,-0.608525434237698,-0.09322015068664685,-0.5831557919904539,1.2848870213417494,0.8951431324578591,-0.14793321866752052,-0.45655786508788443,-0.19276572268701575,0.05462794708695129,-0.3286559642619442,0.29908856796854527,-0.8086124415531062,0.1704795442527799,-1.1918270261886255,-1.0797792343014943,0.10730823361735797,-0.25574744232839575,0.10763066161684054,-0.5954570788439668,-0.92968604647414,-0.508269102270746,-1.2496826566016013,2.1034153102083204,-0.22356028425607222,-0.5554970543215166,-2.9155893791059517,1.0948462591898687,-0.1846598788583122,0.04436660344770835,-0.28943807026214774,-1.542587293565986,-0.5781432818708899,0.9630602727884507,-1.4592745470694313,-0.19711081065922564,0.28417917417173655,0.3860592684312706,-0.4242673162539319,-1.7057170991067347,0.27218110087526476,-1.7041833742684331,-0.3776088556796311,-0.07568945887784724,0.3331181429716348,0.04463711424665921,1.5126404022628515,0.4057351668342107,1.2648896403289318,1.125035540866318,-0.5578188853056836,1.0983584992708295,1.3527579675416046,-1.1570672685764085,0.30019778534904445,0.44748623070312377,-0.36068383136471405,-2.0726892228004123,-0.2091582710371638,-0.7108127489925328,-1.4548464927665496,-0.16492755075947213,-1.9985241913015384,-1.4019008411875158
-1.490104683612115,1.4666969751034034,0.6223656284499812,-0.08266721704850655,-1.9946570350242971,0.897721202444338,-0.299774289144301,1.6727800314311034,-2.4376521757794167,0.021833630428627834,0.9481741997573849,-0.7336989637847686,1.4961919564967312,0.07242207777184567,-0.708000222214539,0.678127095482917,-0.5689992783756794,-0.06465170507374685,-0.5100040084314723,1.6875978772820923,1.3628462599936364,-0.4306048856160139,1.9032989599801797,2.8979275023795608,1.6192369655136394,1.700838905596607,-1.890306068004754,1.4286245929082222,0.5914439736268648,0.6179833968825666,1.4136030991209947,-1.9270193150514894,0.4355834132330998,-0.10440521993206486,-1.1887264090299898,-0.8346851206553436,-0.3735398497205409,-1.4802665264732022,-1.9875729348449545,-1.504585143678775,-0.22663918063341282,-0.007747074760827852,-0.2850463197395076,0.17799829055141236,-0.7478868129585187,-1.5569308491907798,0.5602506558674071,0.5572850929695048,-0.6168115125200871,-0.738277983638647,-1.2253324046404508,2.263361879067254,1.2279135279196378,2.2395399784309977,-0.2271303656571857,-1.5377061538798995,-1.9607701219232627,-1.8398723302775697,0.04679906651581883,-0.6023206142841022,0.8612169593237159,-1.1661641643240546,-1.2917986328220215,-0.30946655971709136,1.429601744665827,1.435557529493857,0.14582137160665884,-0.3758485863949841,1.0489474226123872,-0.1937712196006851,0.0369833118861308,-0.2685251879507776,-0.7549297250393636,0.9015628183706861,0.7394093875464613,-0.11502856386626481,-0.05699129676693853,-1.065092469348668,0.9104324350890605,0.03661010716736497,-1.7132520205720128,0.19864876200694545,0.9190186682163902,-0.7597558246654075,0.358513027537088,0.2481306303966615,-1.6231719932658732,1.5516547168605075,-0.30889279682241727,-0.37188592468320075,0.5144774846483575,2.563606229492743,-1.756688109665275,0.5672503575682866
0.7249782808588632,-1.7504693766815114,0.8180358541738904,1.1438389885960836,1.1959839392306848,-0.45589159769086374,-0.49587136526206055,-1.2496156274148147,-0.893798450620082,0.3676536130139119,0.7737875045747221,0.329050381006776,-0.5356134406075297,0.6710718924045032,1.3830110147854007,-2.746974039531342,0.817325711012758,1.4073916617307791,0.33580279867846247,0.9662675384127797,2.5028017724642755,0.9246543473151508,1.2754230016759194,0.5173532742095572,0.4775689423037657,0.4017332568081182,0.6901760722706896,0.437272264824791,-0.1266160598481284,0.12647129099187598,-0.8388745591949492,2.4954976834453193,-0.4848751949114983,0.1693083363654385,1.233324298050585,1.1294775415572178,1.3824150754302358,2.132665097065656,-0.28700859793706124,0.8840652542334912,-0.09412184903150767,-2.3717424435379355,0.7457421528460566,-0.790127531003732,0.8164209467063208,-0.4531879367243949,-1.1165985696227794,-0.80703866937277,-1.6366209476091937,0.03105654929966864,0.35219213943621364,0.5238278050182578,1.8601445361247635,1.0246615333590878,-1.1971299721537094,0.1090899103188274,-1.7678172397536587,1.3659418495712248,-0.2336688503539554,-1.5256142424483734,1.3538048562217315,0.3570760462961023,0.4170660830344224,1.436688907630856,-2.1618107311403194,0.9490604707504038,-2.5245126153533346,0.21804627123230638,-0.4319895418916505,-1.4345563710076683,-1.0125874981356182,-1.8984782695510565,-0.969761119355675,0.6778183686302819,2.7301461262339357,0.19263475357198284,-0.569206760817473,1.6334698733988788,0.9020632985585514,-0.21255924135336896,1.501412893101286,0.7372007660689781,-0.8585803268617042,-0.21134177431740314,1.5999105976217363,-0.9682061656753893,-1.4045355680383684,-1.6326833163776193,-0.0893312992533498,1.00727167409302,1.1952857115038489,0.7618267342615787,-1.9234211067620013,-0.5730232410235958
-0.7803177058955049,0.937706021104946,-0.4886824009965398,0.9869450694562121,-0.0336396458630521,0.09629842560812277,-1.2641415486522958,1.129008388405564,-0.8060235509874305,-2.619328566070292,-2.7524764567100224,-1.0208159697939543,-3.1207455904726107,0.28313091423140047,0.850379484126911,-0.5752678761986169,0.10311783627227189,0.5945422208468517,0.4973295337525493,1.6621900179749813,2.360431409648595,-0.17800168475779649,1.1815733248753653,2.1687216170120633,1.6812321656143983,1.3180571205369072,0.8468405843071757,0.18709735049065845,-0.9609096419995958,0.7543709957909758,-0.20816882655205582,0.9527665870976523,-0.9107627205156228,0.36977193478166753,-1.9936213889931502,0.017136885437128116,1.4133676162906705,1.566937089187196,-1.4165641651943301,-0.06659683875074185,1.2596097050501476,-1.852028880335311,-1.5131310658312402,-1.4925221392180228,-2.156833933215807,-1.4425042309154572,-2.71375721973929,-1.1643183087059632,1.8449184991922911,-1.9555764293380575,-1.8500566978202782,1.2015334809356624,0.3550386060188788,2.052421754195787,0.9420265660805477,1.2285019925641325,4.243162715620945,0.37397321613775725,0.33024037293053154,1.0863810935606666,-2.498163559020747,2.0170463285167273,0.659518531539724,2.294195576579081,1.1677173677518378,0.470798862967867,0.8117520016933311,-0.22973166224843433,0.7609330070118123,1.1868532824656306,-0.4935455869215619,1.0957391302355186,-0.40160348514491817,-0.3888520751373918,-0.8467906728565588,-0.9426297821137448,-0.27868727851516223,-0.8230429838775862,-1.4139903915214855,0.11515935464007573,-0.03723312077811125,0.37088360853399105,-2.44677951243175,-0.6781378174908976,-1.206959328375137,-0.2688746695543909,-0.4604455352482169,0.4820339488686447,-0.9200188624547588,0.130564676820158,-0.4758651792487678,-0.35456960730073744,-1.8413249097620987,-0.2517354319170714
-0.3676112018970305,0.7340791397179085,-0.3856891004432513,-0.927448124887161,0.19153216605236784,0.6754292795006483,1.511988620198875,1.0815562419457652,1.2290581744504898,4.979952675183289,-1.9512088358456596,-1.1972241619688382,-2.6830898112069135,0.35978038329900996,-0.3619117755320997,-0.2053052827544984,-0.07945161510945198,-0.4617459411280324,-0.16832650029347535,0.6540798353336705,-0.3754892558162646,0.017552699340099176,3.545215896768823,-1.508569749492118,0.3077395580293331,0.0016901026259906748,-0.3461859975476659,2.4227351450596313,-0.28201236927525464,0.21833868438725298,1.4574770259589374,1.1829774971979772,0.7456437292577511,-0.08824544528527034,1.0688508400183827,1.1195097616221599,1.1710586134361167,-1.2266009246539158,0.14510529598722882,1.5270705834995624,0.5424505680034928,1.280151104746857,-0.018377384210896075,3.228628148618001,-1.243088634722541,-2.0972607630154143,-1.2608732735676733,-0.49367798571450594,-0.21079270013226048,0.08819066099451811,0.2014668400634213,-0.3319781864243983,-1.937157431361927,0.8071583283839223,1.7907570191123645,0.9977085797435997,-0.8429022335129087,0.40204396617283517,-0.1670705721995293,-0.29286099782098474,0.2525862234180435,-0.5224700578330516,-1.255397498766655,-1.2673682965841033,-0.09256432057390285,-4.305868994320125,2.1360679638487055,-3.482277617722257,-0.664659804503526,0.19715094875043626,4.310544923335862,2.7768340576457637,0.39261148637816534,-0.1564496982194511,-2.4725019723392294,0.29645445609972065,-0.9666946683309221,-0.9651785940641402,0.800385326966823,0.6977976562475596,-2.412168359384953,-0.4425154006484516,0.9993382285520142,0.26353007447798277,-1.8111242868417472,1.1087437793969535,3.0768040702641355,-1.3374907452094955,-0.8153259233930026,-2.7899770342781895,-0.9967906724314087,-1.6171874828159292,0.4473547990996267,-0.022834089692069126
1.061922076567792,-1.6327453486440073,0.4445255864831987,1.4264185366851256,0.7791489705486028,0.20940215416197924,-2.0049003140366617,-0.07717867577384507,0.3355558043614353,-1.3134291496460193,-0.1364582609108117,-0.11510542770049337,-0.11833555434625148,0.5547036574382931,-0.361828024040535,-2.0710887124571,-0.6432883821735453,1.7071698451948492,0.15193927143211117,0.017113122133464498,0.9730846304057179,0.9234757313411901,0.03891886147849499,-0.3590539833410923,0.6837770848196534,-1.318817687347464,2.3094317424709265,-0.22581104754810644,-1.4309171103131955,0.06345400073865311,-2.7924798033687352,0.5717966802667518,0.1097350924133566,-1.047986654707557,-0.28913737154065955,0.30322355435532444,0.3238386436225422,0.9738443808293499,2.0736165234581456,1.370237479991916,0.6741852398298162,0.025535318621446174,0.6886118529898726,-0.16207320409690626,1.613622795020207,0.6682670970298416,-0.9985740976892831,0.7927548273016432,0.23257494885978164,2.0847011443759778,0.720930661748789,-0.9984895816846078,0.5998371192898466,-1.5845563380094476,1.4704115026848803,1.5804152778748841,-0.4812000742376682,1.990741780327241,2.2243781105081517,0.4012333042986168,0.48393682050512266,0.9186631705990811,-1.325532089557738,0.5203929108128776,-0.679845154255496,0.2471906613158658,-0.07753773290745175,0.6985332671508185,-0.16295411361841408,-1.3700199933087878,-1.4817544350562573,-0.03414791468013845,-0.8389163392369368,1.2487430680989346,-1.7476512596592886,-0.6920384734145417,0.9774306542236039,-0.28675704830779813,-0.3668570630583119,-0.9571353334110035,1.2812251341279919,-0.500841108501591,-0.7123467024027408,-0.6300236208529589,0.26593557951517427,-0.3800751351188739,-1.078308327838635,1.0687944698492873,-0.08329623028055705,2.794606745722998,1.1158121878946818,0.9977684022743721,0.5083198335791392,-0.22396842551818463
1.245270333764266,-1.9107499437874442,0.34620498281799883,0.028523058130027257,1.028567166041665,-1.6289839675177178,1.6050008411263317,-1.0117215448367916,-1.7100381255887207,1.8622105518239158,0.5147845412920556,-1.4809531239104978,0.7711304005809679,2.3912515669918024,-0.42952059249672053,0.18865491393532519,0.7177867257259041,0.17350089318950146,-0.29409687823787256,-1.3730556083712249,-0.07804553132458658,-0.1165142484027967,2.08440674575458,1.5285587189468952,1.1160578696738428,1.6699522959744302,-0.6742210049571988,-0.4478520173458506,-0.9411184304605151,-0.2857240991727283,-1.1911560651728264,0.27215494065934537,-0.6099851125239054,-1.0743928007054566,-0.9375670110579296,-0.03719078684411106,0.6752921081869123,0.06492649234359771,-0.30964268640538395,0.026937224737284042,-1.1419911330587602,-2.781130038739504,1.0855196283074435,0.028018503930837012,1.0598104177123475,0.9075397956782336,1.4810037164832897,-0.953866628741229,-1.584188383812374,1.2142306253812944,-1.7828866629544868,1.675412947670551,-0.4689599041641834,1.2405506940127418,-1.0590965292118215,0.7920654138723873,-1.5918158829268152,0.2620601395247233,1.0129289078159724,-1.2907576521344586,-0.6728063536954022,-0.1591669111109737,0.9249140471225114,-1.0862513304412107,-2.675032897750995,-1.6872122226950181,-2.151302660299482,-0.49705803048759106,-1.09688887924628,-2.2297616291884115,-0.2620736812147711,-0.8757000940945048,-0.16793356618460215,-1.5366884250623598,-0.24568106007294027,2.5293281793233553,0.26830873964696933,0.12677341214562277,1.9984736071630618,0.28628839112618665,-0.061996763178055414,-0.620294331908138,-0.45875653460701166,0.8832323197946099,1.3095782202041046,-0.9459063858970815,0.26156031830900944,-2.185622884512913,0.025665285805484623,0.8696838127200539,-0.3637957238673426,0.9463287278767796,-0.9788363236332548,-0.558875702550792
-0.4452045047136437,0.5310880739268368,-0.389541954184454,-0.4556443299133462,0.6310001473052584,-2.209948119123846,3.5668424156091296,-0.7219899476000895,-0.27448477629818985,2.400632288533258,0.6761076430932702,-1.6164215227706384,0.4113676721054569,0.8879424365084805,-1.1483231953264021,0.7415927949535192,0.8830677472902133,-0.5596064669492098,-0.7556444216045942,-0.19410430856000016,2.2054775632837207,-0.07520291245719599,1.7988390570883952,-0.9541571906693549,1.029690052026941,1.1020621235396146,0.038856675901565274,1.6323138751612545,-0.3737073919153571,0.46829176990519483,-0.07821304903366613,-0.27289105427367705,0.40590845862042035,-1.292974230229939,0.5935264752251384,1.7980827000268151,-0.5461935873976466,0.20098572762030648,0.009262091542948103,-0.5126890061278564,-0.2888814318566206,-0.4968655295819454,1.1969749573179564,2.154129562669767,1.4659641371584424,-0.177085603130957,0.5036316479037192,-1.2398224715316801,-1.9607670370373902,2.1522873099372215,0.3939767029399023,1.0630084583237833,0.10144196424645091,0.949747352439258,-0.211231321742283,0.28772880981353904,0.9133562847284504,-0.7866431578287217,-0.35508682229670374,0.3196734434110037,0.26537023373573854,-0.5245531405634352,0.13930411066451046,0.7880531851675211,-1.0054333384700922,0.1294645976918808,-1.130245798234539,-0.053365180763791376,-0.8917609356658017,-2.0987562652563136,0.2692671487149212,-0.29935138191954913,0.5968278095041208,-0.32688332314038354,0.8735190287160537,-0.21309320615848498,-0.47660871360704515,-1.1291238734085491,-0.15857041908011354,1.3334613572849752,-0.10264627808777249,0.5677498230296384,-0.9900809949948282,1.0045522266805478,0.8031127018845294,-1.1754290822601081,1.8851416494310778,-1.4580915595812702,0.8610675320857092,1.5394201360556732,0.1359993138494842,0.27443386529154395,0.45608296380040614,1.2071592216287008
-0.4882492450832161,0.5493544238670869,0.011956769614890995,-0.19419613553627083,0.1581496815906351,0.04131727009312747,1.7894034212131014,0.28437252589547185,0.3660055880992827,1.5443075557585884,1.8227885818852425,1.3351335082203257,-0.26865384926983166,-0.9284348997415598,0.8110517819683669,2.446718805681423,-0.15415705878041405,0.22198508524895003,-1.131324347677421,-0.09502914599640244,1.0031870391923654,-0.05201399522705147,0.6248302297250949,0.1775908548268499,0.5714517700546979,0.04019855000025807,-0.2504465371119795,0.046102167443869524,-1.1151925085969998,-0.4878570368885093,-0.7152928046209438,1.1292028641210008,0.5629873016127411,-0.9602552800550024,1.8911162334635137,0.8819852672578854,1.4432997965628345,-0.14289466859536376,-0.2705387440786446,0.606634419446438,-0.8694285913966354,-0.5332472520339017,0.6169072428059402,-0.37937600476192324,-1.3205560625573411,0.1628623963254717,1.3849520225578118,-0.11595622710108872,0.2248548994426645,-0.6797193674364799,1.5793546281914908,1.5684266908496616,1.9148624372443797,1.6715697186564478,1.5445041441411176,-0.7210533921529447,-0.176839541588232,0.677100188120872,0.9989652877953863,-0.09390363435589748,-0.6563852216642615,-1.6234593236095227,-3.26365852846913,-1.4488304711471467,-0.37852512390073106,-0.7127748065835093,0.7301735862508664,0.38833228078662,-1.4316706758621254,0.6034574705089735,1.2705029464913962,-1.6473990196578205,0.21075143620642084,0.9706288908823877,0.9234990734751983,0.13481395315341085,0.2655625443712695,0.44986870631207976,1.052703312302906,1.167428150342517,0.4492307204346289,-1.2006697249907579,0.07274701801815608,0.7136440532854623,0.38942576811316143,1.3419329321634266,1.873659060591161,0.5080678777709843,-0.0015002249367246489,0.47707941635710466,0.376366419106631,1.0530723264918296,-0.4202647876811127,-0.5012451953915382
-0.5631605395149258,-0.7007735655757112,0.2816344088720523,0.9306457498446099,-0.31051202940752787,-0.4307628076643326,0.27519619179779437,-3.9976009913860873,-3.461887083448734,-1.9851238358598136,-0.3243589083670536,-2.42182922763027,0.8382545706596749,-0.038542289468456836,0.020032153787224047,-2.687569867879658,-0.3874599245649586,0.6846615381871443,1.4956254756799048,3.2554220348577556,0.6765380580195645,-0.9352753553570681,0.2060455530716917,1.057346445829916,2.5968420866900646,1.0544821638367554,1.356079571112533,1.1231850630455695,0.49311524427854986,0.16483753070091425,0.057403761313732427,-1.191633891913763,-1.7385741815845173,-1.069091492536055,-2.325262555379477,1.6001921255403342,1.240519328833872,0.6963524648118937,-0.7490481252392912,0.8073248466113305,0.38678203595511373,-4.972632355605395,-1.3890190314928732,-0.026566244184074383,-0.5283928896747586,2.0069497081294236,-0.13041820281954353,0.3742241895466911,0.3688539101225052,0.025294041273675183,-1.7213976611404682,1.2184286267824769,1.650336172657849,0.9483976106085844,1.2435885204816888,1.2349293126357797,4.052561940598738,1.2916554717974456,-0.6237474041850458,3.0924543412589345,-1.6309868382885284,1.0947287808746728,3.3600375179474917,2.6272900558968817,2.002627625079073,1.9709460187878114,0.952165687311056,-1.1984174980169022,2.4305721007856604,0.5139456630996284,-1.4388274407739519,1.2138117924789278,-2.4322252044153636,0.3666475539367522,-1.8542980045869264,-1.2968642914506359,-1.3354546357940331,-0.9870892222988393,-2.637754560183314,0.39327606092258127,0.43127044966675543,-0.24872763988524446,-5.4904959272252345,-0.12983725344558883,-0.8547660472719885,-3.571743551914146,-0.47943692280295036,3.811293542990605,-0.08874155177230046,0.762596995382081,-0.294915250463022,2.6001191953102882,-2.753172945812736,-0.09560615735448678
-0.6087397745340567,-0.05523139456956644,-0.0917268436523642,0.503522773336924,0.4237389666461582,-0.10348447791121007,-4.074177380642436,-1.195356148766375,1.8407010180418844,-3.4892280591876506,-1.5170036113959926,0.12747025168806625,-0.41320378689925397,-0.7322193687906577,0.18433766587055989,2.346474399359293,-1.6616387829485733,-1.2010532729457104,-1.155600745738288,-0.253807182483253,-2.830311315309116,-0.7079385608360903,-1.6717114819509988,-1.7000250580912097,-2.0388332736845745,-1.0380373722348912,-1.0872223546793225,-1.4092434227644586,0.7951162006482224,0.9785971396361883,-1.1695752859546054,0.6973611249998399,0.5731681744376651,0.3122478511931374,0.12603384788468974,-1.797940842777479,-1.302914654242268,0.5775607439317683,0.6769627862106591,1.2860180194318933,1.1236503628240628,0.1794582730258069,-2.2251831391556975,-0.5636911385011812,0.21618298733116348,0.37674617298817165,0.8314702174820563,1.8328039750574046,0.42260920067658686,-1.2810136863972232,0.031083895629579153,-0.5649651789656802,-1.7506433913615453,-2.107243013298832,-1.658699459559557,-0.5423679802492513,1.9135070791067599,-1.0655065767224379,-0.3014224089381092,2.6482693860612745,-0.39630552734977653,1.0968704924125134,-0.05918333096791539,0.20143131046065887,1.216749905151378,-1.0558238299043199,2.4441056403462325,-0.4009466684270083,0.34240372106115213,3.0820101735693854,-0.449652026868788,1.6949636348493986,1.2702992013874597,-0.6872109884664337,-3.13313673917375,-0.7273638750255065,-0.9150645868071461,-2.668220415739116,-1.9758934885830128,1.4225090181533109,0.41512431547734374,0.8212314370521461,2.3850877905938153,-0.03477645545596976,-1.43445249795727,2.9031441664998545,-1.704266403575026,-0.01907451811894567,0.07069084953661982,0.3952967664281398,-0.25819493977300395,-2.234829590583072,-0.6503148098161049,-0.9926620653266103
1.3534006365367026,-0.2616538791700449,0.14484315886133173,0.9249098121463684,1.525014253768298,0.2187612899161342,-0.5047884321190995,-0.11271225118160277,-0.3173509363338242,0.10098591344233587,-1.1635969463401092,0.3206470658418238,0.12256018508264266,0.04407873546580624,1.4784305138752019,-2.3786419469501436,0.7395335084455139,0.65242020770869,2.261100675727868,-0.19699196992188805,0.6196839625870331,2.213781782168638,-1.2114900718989037,-1.1568479082863568,-0.22990495370369987,0.2659499789447189,2.8434298135304603,0.06243657435287653,-1.9731849851754864,-1.4989086747122464,0.051490658575089165,2.326084038354001,-0.7093853503355342,0.047964061790093826,-0.16526850517875824,0.7138894879982232,0.8714224468169249,1.186007906386123,0.597278143066185,-0.08048286648721628,-1.0701478665612696,1.6608073764367086,1.102728130879251,0.606762988054305,0.6875601859339647,-0.90356797825846,-0.9841797787687473,0.1258231334045425,0.49179932771345164,1.5901454651654394,0.6712726540135011,-1.2459450745649612,0.7955759924129948,0.2173397653814415,3.1917917258143884,-1.1447555023205591,-0.9435391296088081,-0.45780529804556025,1.0448550622437334,0.26736843559386847,0.9182066564341311,0.5648733307979712,-0.05933575638705879,-0.4821760644529211,-0.6862250960030045,-1.5603157558005734,0.875276664678253,-1.105796210199032,-0.18501301003748336,-0.7741683899629539,-1.0267076754711133,0.47886562054880905,0.3571663534205203,0.6533592614036504,-0.5674074844822561,0.6927533530417276,0.22023679145049405,2.0003448177351624,1.0705939368656794,0.09721217353823987,0.6471077853192184,0.1671653261431358,0.5823543741424202,1.2125689650947393,1.085243738215967,-0.023260676829706783,-0.12089073586067219,0.8258304741987225,0.2741426753444518,1.3978414907232355,1.4188893979421136,-0.8272096186742282,0.8450971869009832,1.2357786734162797
4.368480994559428,-2.6505929783676905,-0.14747211474716398,1.194935107415389,1.292137062923104,-0.8338090463957445,1.4375540839971033,-0.10368276264118292,-0.5233781133526504,-0.14920202458421458,-2.6166321119983373,0.48901385823168664,0.539654371323468,2.363803132188926,-1.6542068472157891,-1.0115650915332834,1.7164217623072529,1.9067369478880916,2.349716534038268,-0.16367975391783712,1.2262787992515247,1.6561995452009817,0.2769190622827192,-2.1616897378982056,0.09833202697104576,-0.9889960041671187,0.9155431816558992,-1.3091972592422871,-0.07994724688834598,0.5692228956199532,-2.127854570519028,-0.7678292706965937,-1.5752194097217336,-1.1878232230041934,-0.7760285963246047,-1.7642403593475349,-0.4726981537438836,2.1874116552659415,-0.9280154237161797,1.5173341921584351,-2.8440753066446596,-0.6208899775384942,1.2044195307883085,0.9227835635196662,0.8521280825035458,1.9251307904771804,-0.7385356505452603,0.5509340646870217,-1.2249474398086906,2.917233996032757,-0.5688380216581286,0.04435142611909637,1.9018029391669216,-0.339775809086744,0.9583957452006628,0.4455610097587026,-3.1509268050268733,2.332697769568835,1.3502120833864728,0.20736386623301195,0.6049795303165504,1.9701173136836556,-2.8844142424113723,-2.9567972137569143,-1.0979224600441588,0.7731521750354132,-1.5310220538235493,-1.5060654747306197,-2.104348550369776,-1.5696948272307334,-2.0429846396070186,0.19103269959359404,-0.24250289720235763,0.33713396610775637,-0.244395702516308,0.8659288481691358,0.6910859704580827,1.4870809075021107,1.1439651548145222,0.4753061245501495,-0.5752515227773041,-0.13553528608378568,0.05893771852906182,-0.32998879976842144,3.2978675212720487,-0.9589494263197225,-0.4547860733202589,-1.4442537647686104,-0.5064019010342844,0.48410764167722786,-0.1574348923374362,0.25729665816689445,-2.187860673976739,-0.7685604423632003
-2.1050749560120083,4.124319731798977,0.08244834746324023,-1.1981077569422705,-2.7043262873355904,0.30370290006468936,-0.375252773045031,3.4252927477258726,2.241932096865221,1.3968050099233498,0.9365780533235607,3.024585002444797,1.8576219942664967,-1.3743157672195871,-0.6633691820893781,3.8646903663710663,-1.1979730469791412,0.08196661711857867,-2.072729077148709,0.22427656184567696,-1.891391638792126,-0.3170254154647476,-1.2698554796359247,0.8044243349462271,-0.9710150517202774,-1.0102119724505456,-1.4377759855118222,-0.8799417818357509,2.642946684359504,1.4539964646593693,4.22840471062187,-2.861726064421725,0.619545512197478,1.9148977440820525,0.52499340022562,-1.306373620332907,-0.8961809164307559,-1.5723574515199021,-0.4035386521322649,0.1342540274554297,1.1454214074580533,1.7483497241474142,0.20589034971464115,-0.625705933017735,0.22510961519402256,0.10052064517964276,-0.516890435689547,1.563808056250319,-0.09407416347211656,-1.6890290275385245,0.6083555654527428,-0.7942785631063676,-2.409591706761961,-1.4412295905169745,-2.4555540512013403,0.13017458734086573,2.0404005668920333,0.0464175525870022,0.2860941473793781,0.667093731279391,-0.8603756889216462,-1.499952146150821,0.8824956868600766,-1.4682466035156976,1.6656883319515337,-1.5100383320836315,0.06433825157656003,0.6518145645156608,0.9381846831995694,0.9320073838594828,-0.025764990598442828,0.06627500373936854,0.32334340747813284,-0.1110070286698146,0.7162584973100983,-0.21339842348139915,0.29613663302687715,-1.2223579186196265,0.8837124005325669,0.21684408030332858,-0.951702842031008,-0.339346963672422,1.9192894799883975,1.1395470399283758,0.9821596725135846,1.4451143473871362,0.242065159750801,2.094871364177887,-0.7126670685165469,-1.0826674792485602,0.07976956057250686,0.3626317128987245,-0.17851563958287905,-0.2622462762010178
0.3245259905306072,1.210451804690556,0.00144394225036382,0.07427447456197518,0.18937379490107986,-3.13900582451896,0.7520558882087032,-2.389072125921131,-3.9844314031245016,0.08832844831480222,0.10424332808808578,-3.370124927314225,0.5954047246816879,0.7524919516455113,0.4314634111297226,-2.651178465160262,0.06363594744362483,0.043940832721542755,0.4469220660926199,2.146037116493341,-0.4708429126419206,1.8833102528807075,0.9517090759648766,0.15564207485066595,1.2269449683311562,2.112694609933363,1.6607079453731453,0.3577530981472703,0.5172409563721804,0.900843021186997,1.10599097892311,2.151024065846869,0.4003117516807691,-1.1571069657415842,0.06919216423723173,1.0527404939121225,0.2070282777010597,0.08484119714352799,-0.8980167247133879,-0.1885133715689642,-1.5961084821369265,-2.378091333082082,0.6806825538491182,1.2608893641745427,-0.6441376752891188,-1.450588576578884,-1.3665771797648185,-0.3165084882183371,0.7996769299766637,0.7877724697822481,-1.7175367573051479,1.8386869726032118,0.1988602431263673,1.5877689596970737,-0.04760279830483549,1.2704223586601484,-0.5752631090876948,-0.13310195056988838,0.6351755465254997,1.021679624114824,0.160891151625019,2.373003038478118,0.5536785594617606,0.8119932641575484,0.3626006193574687,0.14457773482481254,-1.5024765303074177,-0.7159749093326768,0.19139931459661158,-0.29361468346712016,-0.4830030368281709,-0.13964619668861256,-0.9436261473648397,-2.3267597202157875,0.8205304303007519,-0.9512039997687007,-0.2483322922491812,-0.35746026470679215,0.673742742524557,0.2774577830327163,-1.728409675925066,0.22157962320782193,-2.584348354060208,-0.14514450850338412,-1.3705133763477528,-3.3127100986881803,-0.8164285879624267,0.27542275354500556,0.08484578882847815,0.18612982016596552,-0.6285662679620597,0.6929495739503199,0.44494616715176616,0.3278607885985487
-1.2132982152446896,2.5958841737032854,-0.01599102716693,-0.6720795797561598,-1.0889541178006947,-0.19231220471683225,-0.5765581370519826,-0.3897741965475922,0.5263278774001802,-0.13355197414289963,-0.7464078965875386,-0.06716304089722852,0.12802122736030896,-1.5575543788238737,0.2556056221150366,1.4436174849289185,-0.13886120114357897,-0.9220601586430188,-0.4550566961343825,0.5427523267487797,-1.9368293268472125,-0.7479143851621635,1.3459338889587413,-0.6796881605948597,0.0582555087868849,-0.5860421563217821,-0.7365990830100703,1.737451692146959,0.36044880703023835,0.09792538650749244,0.9464958493229889,-0.3766229553610747,1.071661934059681,-0.07827706732006051,0.5523856116893411,0.6338258214557008,0.955816909889546,-1.4091223244287017,0.053905715490089684,0.29168220831086455,-1.1378724695195601,-0.09526593911932241,-0.3460282175711382,-0.6144892703969831,0.414142738156512,0.023918884463934448,-0.9220022921766673,0.4576438641012145,-0.8947133130159315,-2.1861138359824075,-0.5063725118141296,0.07060018489931791,0.9322091664893815,-1.1455090912466361,-0.9922246339730535,-1.132515268909955,-0.5409685515672347,-0.9751723908965618,-1.3053424498370552,0.09140637353585102,-0.8152179868594882,0.5795014224160833,-0.23541150202343442,-0.21673258724544645,-1.229670274162306,-2.295164121256631,0.5986517913975308,-0.07526238230010891,-1.5049438003048792,1.849880645725646,-0.42355831200706073,1.2026853453226103,0.4507565749625977,0.775061241529966,-0.34379879354587345,0.4292566726651785,0.8721399383529115,-1.4643611502471516,0.2354737524601624,-0.8324955567141957,-0.43874149701278703,0.9108495221127751,1.6153055744349405,-0.06018030895991302,0.7689279319802709,0.8596026356828734,0.9530663003573565,0.1706217816439255,0.3212833087407164,0.13316239550253967,-0.23850639297874626,-0.14567418090220458,-0.22262528052384561,0.6780348507486458
-0.8716899309782794,1.9502809796865652,0.6826654081019536,-0.11176104193654952,-0.6794961982215137,-2.403664094140803,-0.7888484367162094,1.0028697564775662,-1.155166963481126,0.7386999245906264,-0.3052040240838524,0.4960321018826288,-0.22709580575347404,-1.5000137785819563,0.9754887197907086,-0.4951121698421259,0.06068777809725212,-0.40042035423278016,0.36252235931041443,2.4911767028988856,0.06868904399377818,0.3411659814933154,1.9138028199192751,1.0056731051137726,2.0735950648959944,0.6419786798636843,-0.3761947089345328,0.7872787547827098,-0.16159122732238154,-0.3494906573388565,0.6449401689345219,0.3255819041308166,0.22258276464222415,0.09856438356295598,-0.9259408583483673,0.7642917324509254,-0.22732027484793754,-1.67365497008239,-0.6390506271587744,-0.46315202695118074,0.2590685348156237,-0.19313990458865704,1.3237676571898906,1.546382719299125,-2.814249597791064,-0.8758328540810698,-0.320202852956465,-1.7771217666856352,1.5636542342049946,-0.7807849033230694,-3.262569633699192,0.5466970114111485,2.057580283361534,1.534468120360767,-1.0008733034739494,-1.6263804406688462,-0.5785775888461882,-1.511220295657182,-0.5797643384032183,-1.8538598865886378,0.7250147873804225,-1.6452486159679276,-1.060218388279524,-1.7391174085149348,0.15161169542922667,0.17650673358677083,-0.5898404128350595,-1.3346132185617559,0.17127345665674062,1.1983565591448229,0.1970531234301101,-0.40594820238069584,1.197347437848025,0.01451504096875593,2.0735471415385653,0.9306101101705602,-0.3712293008101534,0.49507893299944544,1.0604090427821922,-1.1359308753502417,-1.1293956004310406,0.017207056914534526,-1.2965900866543745,0.4168248306186406,1.1167556258888354,-1.2181173127340967,0.8159886129910341,1.2060269604456297,-0.6399077099247148,0.026021223315466357,-1.9166207463741873,2.280742292782089,0.9308891081464649,0.34795196601652345
-0.4611971534578232,0.24197341068598396,0.5917196923429179,1.1562164371591541,0.19678255090058172,-0.8585257476735081,0.17605320341376807,-1.931723080209414,-0.39758169697525164,2.497705596552316,-0.2659126867800157,-1.6292034838500649,-0.24698701524492925,2.0758213125216605,0.4452177622273174,0.2901870434964425,-0.2007147067290564,-0.2382475162608238,-0.9045322889547015,1.3758342321494903,0.8072766108282385,-1.217639019511728,2.9241802109135366,1.6609638260738728,0.8780257757580328,0.008911572877255525,-1.2664515065548207,1.0065879131940605,0.00573651455696772,0.6305408055265846,-1.612620625746378,0.28401102884916835,-0.11602381440653033,0.8047403065906954,-0.49106259936125723,1.3343515311592602,0.6026708679674263,-0.05458164353681777,-0.03624131398505026,0.6865964347072395,0.8328613074443315,-1.1049098409891687,0.7143345192196052,1.2934287711995114,0.03670977515445717,0.19871510134292314,-0.6263910306749186,-1.2286753721618657,-0.13914887258628694,-0.5468471233137496,-1.6267215014382617,1.4294147478421957,1.5906968856907833,1.141723644681428,-0.29406070893687936,-0.5292052540536377,-0.2325642294783462,-0.06194875932447471,-1.497070714029862,0.822206146092443,-0.16653268156260492,-1.258958694831995,-1.0951604816215113,0.39203547028122804,-0.2764178886661704,-0.028346801176665215,0.2973637669764376,-1.6646556289674532,-0.38870348673924665,-0.43044101103168564,1.3626831831387252,0.6832814466442603,-1.0352470702142007,-0.15510072277593867,1.1810655432190933,-0.7672319824222249,0.18734365584565255,0.1515831370715047,0.49462277837648116,-0.03330804335431247,-0.23660502519159388,-0.7988562950965514,-0.3112458964036162,1.249351609401644,-1.0717840823833504,-0.6844528736695388,0.36989891207342046,-0.8387343315613908,-0.3163798980897836,0.01996023346222553,-0.7449177255926738,0.028456860444211224,-0.44592302588330146,0.3118432783923665
-0.066202885377753,-0.7499680326559383,0.9934411354227994,-0.7994433140808287,0.15176934391798763,-0.03325532846079815,-0.5639791580072457,0.18582717739038213,1.772963012047866,-0.7759143619362703,0.011419711011340358,-1.361807553379141,0.02042226471492381,0.11859425612973135,-0.7480734979208185,-0.9522702404868655,-0.15145140575883803,0.10315265202500626,-0.2647443768776737,1.3646329870571334,0.20200282433546723,-0.24451259226747613,0.36176670031633434,1.8932577198026492,-0.0973550031006133,0.36817345278150126,-1.245879310336754,0.9112174360726033,0.4291958117878305,-0.8569846764587806,0.6584661822705171,0.5950218256836991,0.8225088156922195,-0.39996157294349555,0.1853327856211897,0.40378824879218167,1.2274725419147146,0.5899764531928954,0.10641580653150473,-1.0165755502965765,-0.3153305385518261,0.48227601524014674,0.5370917697913631,0.6397496485024762,-1.2560017123918912,0.1966627293265612,0.4791785393060037,-0.14733691172475674,0.08349549209168744,-1.0389373024836037,-0.5672341054024695,-0.029551781391501025,0.7896683146753604,1.3944185636601878,0.8177076417843973,0.6939376456224582,0.5900936027070713,0.20661513325982583,0.17180386567275874,1.689632322271317,0.6261676502812643,1.1413353539778834,0.2518577456045917,1.1961116605087845,2.2705884399022276,-0.7528415313452007,1.0684479925688575,0.052839240411173535,0.09437816214587091,1.6707967340448289,-1.0025485198709456,0.8626551655517027,-0.827504195728586,0.42466032955770106,-0.9067400865319297,0.8625539684450529,-0.63683374723757,-0.8334234985959855,0.0185022402101665,-1.0545900222800992,1.1495162231973304,-0.046394793766172705,0.22160267322689,-0.964484786533957,0.5133792477142362,0.732042201792479,-0.4219123331293173,0.7654714587282987,0.22111475092689997,-1.0401654478566456,-0.9443149709190213,-0.6899425418791943,-0.21434076958200265,0.04996017353584664
-1.194052819967963,0.5123717270143432,-0.16588655443514128,-0.015053066891686957,-0.8036230447616821,-0.4175779092896401,-7.695849171024506,0.31314719237827887,3.029407414390108,-2.2403482440642297,-0.40986527622100033,1.4574143353804898,1.8285801450284525,-3.4122431114003566,1.084594935113628,2.1396898234373176,-1.5545144003052638,-0.6450745176639351,-2.9231005186239774,-3.730778328274816,-6.1017761146171745,0.6038241915747068,-2.6836414353582567,-4.522892833472832,-3.2561556393563063,-2.4577762685529656,-0.6024446903336474,-4.2189333869672065,0.40162443981987045,-2.2735437955961615,-0.32691703232178154,-0.30589650802995777,-0.661175101879013,0.9056350426350583,1.1737000474867094,-0.7545585854989847,-0.8641786806201985,-0.605983417986134,1.2329363540107081,-0.3415471160145164,1.740967463577344,-0.991410437925559,-1.8750886045716504,-0.08988515715870293,3.1188986095480216,1.8900737807817212,2.072640185167208,3.09336816189138,-0.5256612391107962,0.9153523786422408,3.4942295695903542,-2.1971505000356943,-5.493847536785712,-5.51046488652852,-5.442038044734186,1.486108115316397,4.259795973358933,-0.15771989419328913,0.025280707298476535,-0.391691957389686,-0.4508705934075333,0.3675361845535933,0.2200717203304441,1.9322883959798385,-0.21186497913836383,-0.5143704495327941,1.1921423836589367,1.4165872878680146,0.37613985316725906,2.237926030097409,0.1716074836371425,1.5185074548101511,1.1318104562340425,-0.16598946313740615,-3.3076255744589877,0.4486856393772187,-0.8133462508794143,-1.0843104617935184,-1.3651264516474164,0.21870820864198637,0.7731602153951986,0.4694313756365238,2.356960883171834,-0.7613028028673254,-1.5125430716882846,4.027334530936391,-1.9828786779471992,-0.8620828206982415,-0.7181346602245782,0.13276379254701848,1.1964843931473461,-2.50013485562429,-0.43959747362075663,-1.1021398910450322
2.239580664082616,-2.2716088947447903,-0.04657359117467617,1.81785911627825,1.32958372943153,1.4192419702803325,1.9252085441851208,-0.23974255247771026,0.2943967628145014,2.041716924001392,-0.18395392815627415,-1.3918060857391725,-1.3079457513105135,1.3487000310831334,-0.004124723092672932,-1.3001993262881653,1.449915676724047,1.812230541627947,0.9241918303401895,-0.08903416708238449,0.4276819627242225,-0.11418309653577752,1.0321789395454666,-2.467892511786117,-0.8416378148542196,-0.502635491365821,-0.3476726855978296,0.5051032286485826,-1.2452406948547787,-0.9155477136597752,-2.240880763208867,0.4292674046880428,-0.7120931903820648,-2.432528079841115,-0.6973008528712458,1.5307813340518508,2.3042597644168232,1.5231759912052867,0.9242476946538829,0.19381221135457372,-0.8521789264077567,-1.2707882068258738,0.6718632676937897,2.252277572799408,0.5844205334549284,-0.38293110512567213,-0.8905958944516297,-0.2855787838838487,-1.0312559603068832,2.539317283406155,-0.27914851939650664,-0.47569013950302586,-1.3163030045664526,-1.9604199404439961,-1.6616342148442653,-0.16225758468810336,-1.71282912916236,0.4912850312213618,0.04094903810691197,-1.0835642612338747,1.0974762133591554,1.1203990975665534,-1.432453776897103,-0.2753058421599881,-0.7844962796223125,-2.801971381512547,-0.6744105652604457,-1.4078217183678987,-3.039478537405814,-0.8371238151470733,0.727898488828032,0.4752492609219155,-1.1363235583930775,-0.1566893136698239,1.6549744390472472,-0.7639820299149445,0.8897926627162352,-0.569242471128642,0.1235110061418156,0.4226587111438189,-0.4968349078748874,-0.35299675123735275,0.5217066442270895,-0.3403933825942611,0.20645690998794636,1.189714844751375,0.7014795264155289,-2.9380139246065116,-0.6720192491344267,-0.2283998346739861,-1.2129880201699819,-1.7165908701327177,2.973528282621669,-1.628663956149331
-0.4447575586490345,1.8098019713978997,-0.15259935529294985,0.5037448789881209,0.06467897454593402,-0.39941024509415834,-0.9898010275179501,-0.7625759662642092,-0.3127170728776081,-0.8942309340535209,0.8584095093566746,0.24738094911221592,-0.9405435213703567,-2.479852908312097,-0.5442155936231977,-0.6568815075785217,-0.711547749961867,0.39494023698938835,1.349908113400161,2.0345271050841194,1.8650169678264876,-0.5142482637180009,1.6944998930363178,1.311157583710751,1.4327668288184319,0.9461178208834801,0.8695567515191859,0.9100578241563467,-0.8026727465701102,0.7522977787417464,-0.270501935893158,1.030563675094394,0.8479219360759921,-0.8893825097096085,0.34449498844604237,-0.7340348226595387,0.10074369222497384,0.24173843581203946,-0.052355071142919124,-1.0138032357265034,0.6812965767361525,-0.42536599420553783,0.6032579888771029,-0.6260435851197809,-3.571085782888316,-0.29319051556771436,-1.3432005429548868,0.11964079705998887,2.682738664124135,-2.65826780207067,-1.8103651358269763,2.1839692856941975,0.10988472899120771,1.673237118173151,0.6321377844357592,-2.8483590897238535,-2.270866203653143,-3.0395542024194757,-0.07888411409108831,-1.833642217067974,3.0193331037678752,-3.072793471621708,0.0601373542147306,-2.9082767588519824,1.555664008222104,-0.34302522849177164,0.4823852846395682,0.07830960943139836,1.0499206565249513,2.2554044012905403,-0.17232754253582577,-0.24726485886150218,-0.188152921961594,1.8030744312580995,0.9863585878226442,-0.16666571250364295,0.16818470654096224,-0.017086985351790207,0.9407571884657185,-1.25797702837821,-0.537070956059259,-0.09058272113553793,0.11977527167473886,-1.7259243095624526,0.29025451981776135,-0.25018536357290266,-2.2756674212174053,1.8394327479942856,-0.39301037324227944,-1.1956473082629884,-0.38281415661792817,0.3018762569128063,-2.8816862869642255,-0.3372267165868855
-1.5270925364182537,1.2325289341805508,0.5664519117835636,-0.5781093648131375,-1.488931756442246,-0.3605925445805257,-0.784987182200553,0.6152026291508553,0.2677542499501348,2.5192470829188527,-2.693674413659523,0.5724666820054536,-1.4050706666201584,-2.03286086708325,-0.48699156482164807,1.9523441258957006,-0.09080138453214565,-0.4482473133095211,-0.921362515660606,-0.7149502816112017,-2.336675209210783,-0.9185005162283655,-0.45603375734614854,-1.3036577134273302,-1.244759995575104,-1.0848449605034636,-0.7929483035735401,0.12184224337601735,-0.17072951387698507,-1.1265838012354543,1.3948961772964734,-1.8458177219327931,0.6228891358995626,2.272670037622498,-0.584122906691704,0.7158578547226335,-0.17375724351435382,-0.613096662161343,-0.9617312782681817,-0.36486828041461716,0.19659153988311945,0.1209005715868923,-2.017993485718934,-0.8208612121202625,1.3020353255509256,-3.0447985474839996,0.904668211767144,1.6482131258451704,-0.4841644290228377,0.03371356116056101,0.08189209016199533,0.28459888905847014,-0.8474742727349736,-1.056282628512583,-1.2099869626097295,0.09472712502335544,2.1796109974555242,-0.9627370799231283,-0.8353398477605389,3.4408579097957244,0.1485590485514342,-1.4380888527891105,0.20694713445782476,2.230699248017278,-1.2663903042341897,-2.8716209156549053,0.8344128771088413,-1.3154610317703952,-0.8487939197718165,0.4194438198106131,0.1692800432463466,0.8967188442157368,0.4701425962501517,-1.2054830733342643,0.7161439452005287,2.9472261183765385,-0.7278149463474947,-0.7156856702428623,0.22083483687387018,1.2018493315094165,1.272333885099262,-0.6813764706463606,2.842571885899417,0.5452952159905567,-2.781360048847305,2.3264873861287363,2.2716176129116086,-1.0601740688967671,0.7543940326128759,-0.20762566805320903,1.6791137540317966,1.0576391952611268,0.96413535663014,0.2216441118313095
-2.68785346188758e-16,-1.9870931650727692,-0.04002342584224533,-4.213280146367578,-3.480175527715177,0.8691137319390769,0.10278399924679436,-2.452907995354885,0.6800995728638102,-0.27482509628254076,-0.07745175807839633,3.1334236509618387,-0.33611901890761287,-0.2594523691651962,-4.941634342678539,0.40591046340686315,1.828488072301681,4.793076730841296,-2.6851040537147117,0.2584912283668164,-0.5381582434622023,-3.9292588999033793,-0.7941757266441322,0.5606754168750512,-2.5440021220587496,-2.669432013694796,-4.6001918150669585,-0.248339336130145,0.8508108552142587,-1.1908192556321622,3.0646087795170738,-4.786386902497203,3.8811627926821926,0.42717043095472407,-0.14863892757501157,-4.322291424403994,2.1189257634637606,2.1340678073443993,-1.3357362758629352,8.78124828748006,-2.4494243485803007,0.6021057154834362,-0.658666332348033,-0.31463400144943154,1.6739530750546536,-0.8909172595740824,-0.8550338521475765,1.7210582727089063,5.648375435347174,0.38962328850172134,2.566223844426062,-1.1019114629403979,0.6491547116991523,0.6260643383532699,0.23672699209260947,4.470052658186276,-0.8902709672290713,1.4326135478087016,3.6997267919495744,-3.1076827496320614,0.40507535575901055,-1.1178808179927024,-1.8863554064335748,0.028203551029898133,1.3421023137222858,-2.673153532855082,4.72492501387255,2.981152059461906,2.6426327491221153,0.4419094337388946,-4.86786788012502,-1.5924401500410224,7.104784344413395,8.608696099444174,0.3014289710943314,6.214549679413772,4.37628794833537,1.3585051358384304,-0.8081625980671396,-7.738813947849059,0.8537580811012129,-1.8227113213623853,-0.3354116953532318,0.26426115136832196,-0.15322782310438177,-0.4345193701167576,4.592710035569012,0.4824340655405233,9.299334170976158,1.5780456004289614,5.234844928379432,1.0362079176547268,-0.8053358926496159,2.4910169594509264
-2.68785346188758e-16,0.18434215022593017,-2.2816637024060196,0.4090464369234082,-0.3550383738266153,0.787742557603442,-0.6647301737642618,-0.6317833654763636,-0.7095237213704138,-0.3819575558102754,0.603099070061189,-0.7915143188682632,-1.8952691239696002,3.1484301740409393,-1.0078615767463845,0.26705740462916344,0.5865379238895384,-0.22409491748832117,-0.4109345849023618,3.7404020276795635,-0.7849125940128454,0.23625440046483642,1.3337938616267455,0.41784049866059075,0.4203711388217801,3.3357102147165953,-0.10089043627602834,-1.0614466622253382,-1.680713360104954,0.5245941200617421,-2.3859023249557505,-1.1038611079892864,-0.3544429161576634,-1.7717785821958523,-1.1848517921416264,-0.46617960830033245,-0.8298049126267323,-3.377748244005282,-2.5891155710801534,-0.7467713983836644,1.3213982185785162,0.7889171393531494,2.3777928474529855,-0.6815621377940415,1.9532454562825636,1.1050963304124057,-0.80247430763426,0.6602848361796753,-1.3555825403225648,-0.32876697424509504,2.23711701701382,-0.4179964624385065,-0.6062703707316374,-0.24273551453616093,-0.9111542580663523,-0.2302531389173904,0.08067086061252338,-1.1263607321057167,1.4143369742842902,0.9353703474560263,3.5178102228654202,-1.616383687156413,2.5435676201343447,-0.11127485629540318,-2.5757711585468845,1.518442898045263,-0.4858834494820595,-1.1229877409055424,-1.5961030552887978,0.13497090127841938,-0.6487348983364158,-3.157895468263739,-0.7465303455299641,-0.49772508105230984,-0.6739999066219796,0.8086359493056984,1.7890340654168329,1.3878476040563614,-0.4301395685530162,1.3584965200668115,3.22193349906435,2.246955264643398,0.09399493508312001,1.81996210523821,0.42452607721606095,-0.1479272248929153,1.5527001813766903,0.35133195167184933,0.6812116841775315,0.9373451222340748,2.1561028586889894,0.9599850341441707,1.3274448499844336,0.6432549750480372
-2.68785346188758e-16,-0.3941562498806737,-1.2329976842382535,0.4672238399720193,-0.2587644411209795,0.818058607191352,-0.8185830330163695,1.260389193166064,0.5305814781451242,0.440933167775853,-0.11608107045990755,1.4397954269535755,0.6931296936675572,0.8558235551556851,-0.38826812855413717,0.26385987527249777,0.5635056808378472,-0.7971397109231146,0.6462035373625782,-0.07969239484916862,1.0591612403326498,0.5470608055625947,2.157019434405715,0.292444957447406,1.0668334774875068,1.1553623265125597,-0.37727543475190384,0.45201905849405893,-1.5777173620265554,-2.792442099430155,1.2982959790160697,-0.49706902139859377,-1.1618505797121785,-0.14373975057583038,0.3147902623085761,-0.09132711662669873,0.9576477541622455,0.961390607229198,0.5950956925917711,-0.7816470982904049,-0.5716786877975202,1.787733529742908,-1.4062878939223253,-0.21473140343174346,0.9827154863703916,-0.25299986353991477,0.30123034701633855,-0.10301928128795135,0.24164984015925395,-0.6086622024216912,-0.7993084677809498,2.342463808592056,-1.6797667002696257,-0.4522456797018473,0.3236900929537072,-0.6219699534469079,-0.6630674862475336,-0.8832761736691342,-2.7251467873640016,0.36840872195657737,-0.006925115433622148,0.5068375089832345,1.3706246650436422,0.3215752348167483,0.5888327037724477,-0.22625128020004545,-0.1201424928935022,-0.22236059776234396,-0.5580275985136176,-0.23610757258963266,0.6556820166854098,0.24933838496638033,-2.0556903104772832,-1.8530290504875355,0.12354172937350563,0.927835207371668,0.31814496962459454,2.0469068587907597,1.2546364985371274,0.6945360668595372,-0.7596075806661247,1.697311647669277,0.12472017767392664,1.254313446178004,-0.8534662189143065,-0.06220135869979333,1.1532833374431508,0.7662485322645542,-0.3943152590045393,-0.45407652231778245,0.4789823558697237,0.891104266565825,0.08878961225418991,1.505867946229499
-2.68785346188758e-16,-0.4076588450474415,-0.5547287105958907,-1.8226755433033346,0.491158939966006,-0.5217745733105942,-1.0003947783168374,0.017648187229686585,0.05011917261857013,-0.9861513743788329,0.8111520834275366,-1.686143261340841,1.5349206498532146,0.9791868740871589,0.07973616065436351,-0.149360639487602,-0.12626273853275544,-1.1426735349843313,1.2991228828684427,0.3696913792408582,-0.6322759969990464,-0.48265442579871687,0.06978889191817048,-0.3841879855421968,0.6839698050793965,1.311421331065717,-1.6538743376251768,1.0341461988933442,-1.1550635862767862,-2.8525688771527324,0.3061969714640662,0.8145547978794175,-0.4113922370659058,0.06058755018878614,0.04307332780434674,-2.548150628392782,-1.8224725433961266,-0.9124217585185304,0.772032079098453,-0.08903937458678307,-1.458319225896984,-1.1340363687247002,-1.408820806722745,-0.6918895163903673,-0.19377212493845314,-0.5428215503625713,0.9719557574897946,-0.5939062069994638,0.04271464621763077,1.1099831640606566,0.2327068781433924,-1.320269563486303,-0.7893813032730798,-1.1052750439204488,-0.07051214148158388,0.6812799563767399,1.7604155384191538,1.7712160218399635,1.0598959671509902,0.012243027859613786,-1.1401303240962104,1.3887836504285969,-1.2028746270155943,0.11889692547954274,0.13053196208916096,0.6255131346490101,0.5076965054534166,-0.6893411386124562,0.7205016811527564,-0.1555148376500248,0.16495130173340278,2.6552721174886913,-0.2404575559510848,0.013582098298974776,0.8684147381710171,-0.22454616438409164,0.7048115787409361,-0.47539529121398083,-0.7987758609131269,0.28658876647105913,1.1082519606972974,0.4736645277800545,-0.26217597679089566,-0.3573688758654504,-1.7246476972809486,0.14310991383115246,-0.15718348311698876,-0.30023184703021044,-0.07927538172366111,1.0466939550674725,-0.95040663324634,0.45645260622153017,-2.032461789193403,0.237600950854375
-2.68785346188758e-16,-0.5141324190976819,-1.563974429885422,1.0685277159159083,-0.5850760970763369,-1.0565357605229875,-0.6235219246670304,-0.4664897107308006,-0.2616144754903074,0.8181698573239958,-0.869749722069957,-0.9204035496456202,-1.5310545953242525,1.1967234224340877,0.06583982023785047,-0.554204506396399,0.8507624316881213,1.3931021085530044,0.8069362531129829,1.6462403040616351,-0.40074668819644366,0.34193967793364005,0.29386054676808426,-0.4297487836598445,0.7878438429674856,1.126724606725482,-1.291489978956069,-0.13106867329739588,-1.6717962956821597,-2.8323807137059576,-1.0174110037408188,-0.9010995261313608,-0.6183686863738884,-0.49752048754580236,-1.0970027635204218,0.57682504732633,0.09002040241008771,0.8367221726048849,-0.7161488362294353,0.7571899835063457,-0.5105198827267581,-0.23991974776599406,-0.9559678924545995,-1.5451431215561904,-0.36456768632278524,-0.9225657392370481,-0.3800454935625811,-0.3277120482907882,0.27498208790229933,1.5700441681748623,-1.2131480527912242,0.13180639705151087,-0.14133283020550652,-0.614884344925141,-0.11990071074902017,1.4269503768465588,-0.20797199186254103,1.4369864322592558,0.05687444026936743,-1.6985058645118962,1.0734277221201236,1.7395998993747166,-0.45696361371435723,-1.3719855107212329,-1.1315948575787012,1.178446759962226,-2.3990204596355156,-0.4281266647838532,-0.8006222311985107,0.08992906450003567,1.2964947692797366,0.1470536327299652,-0.658201353497307,-0.6000370896647367,-1.7645702504281155,-1.4014952783868204,0.8534410297702084,1.0855252386997405,-0.2585500315620318,-0.8674221327908275,-0.22953930529187966,-0.0048367993606482085,-0.4038164469483433,0.9939672191567245,-0.1341938534347855,-0.4053205119559518,0.46173613280129744,-0.07674415079126812,-0.04540272218603436,-1.5957811639724913,-0.5367686726686959,1.328700446608957,1.6631639238495712,0.2585059139100207
-2.68785346188758e-16,0.33099348978746074,2.067631497250314,-0.38554131242065215,1.1037350169503193,0.8592341512143191,0.06046729960643322,1.0382915098011984,1.6307056373882252,-0.7776679873267417,1.139516605170793,0.9710903072721773,1.3674756757663122,-0.9716969082471956,1.5308562422021117,1.1110450028415852,-1.9747104141011984,-1.9515796865595312,-1.6022419816383016,-2.1537513601286173,-0.7006477107365572,-0.1415575859978645,-1.0110213403331738,-1.0324189427622852,-1.764679598394281,-0.6504567791361695,-1.4969325966901916,1.2901165958352745,1.7956045989778682,1.7473179825216896,1.5792613316396338,0.060013121274426706,0.5899800839584287,1.506087435112978,1.2426488669936069,-2.1867358683043894,-1.1564980181141389,-0.005211513113485361,1.9887196257590838,0.29574624696288665,-1.3651878787510157,-3.9905554901777767,-3.0878745387334834,-0.6872173012129434,1.1921979983044477,-0.48661782177446433,1.5739942446619108,0.06778564981069057,-0.26966716783604205,-0.4087851328615538,4.2622583280287,-3.115398563239456,-0.7223248295024403,-0.22461950866886254,-0.9730923333389017,3.497755336711232,0.2654258513908233,0.2750788249124804,4.8915361783629425,3.993825600254527,-4.259535886282498,0.6195790435176907,3.2402335904733484,1.6542966066845968,-0.07364258218996275,-1.1603751109991358,-0.753085309074195,-0.27949283881467346,-1.8887769984161,0.835954821282163,3.590723156451155,1.7077117923817917,2.8072207732758114,-0.056690683207924364,0.20363703818368126,-0.6869772494823537,-1.413250191237837,-2.3711572768298157,-2.3287269335650818,-1.2235371110039444,1.1703820503984166,-2.1410388596176206,0.6992561651018683,-3.5700159902082707,-2.762377657942954,-0.002304319609310062,0.805924611793061,-0.23144305342479432,-0.3444823758967788,0.21293245561323226,-1.4167004258819793,-0.30954459263864076,-0.28583817296937175,-2.9481951827591573
-2.68785346188758e-16,-1.209981069875315,-0.017499674105422303,-0.5728310064724137,-0.7639400871777022,-0.615074094622793,-1.3845092678336632,0.6291190090718716,0.11377625598149566,-0.21652108025882877,-0.19830194046776556,-0.08687583349383521,0.7454390256574277,0.8984413492767916,0.984081185671378,-0.35745370930782433,0.8707718863077034,0.8042693075017355,0.7285392370095186,-0.18527263558585266,0.3578906684560082,0.5932308257530672,-1.0196211367427537,-0.8177134364093808,0.34903449374043893,0.07459933640048287,1.01279447411531,0.6717146450418925,-0.8363601248564674,-0.9281332021337456,-0.5207162395815155,-1.2026137187311396,-0.8747397574261551,1.2078424601339166,-1.2179851158954433,-0.842459674331332,1.0017846197138152,0.11163672568931804,-1.0455289760128061,2.586898467105314,0.6497027729434036,1.3739399179673952,0.7322350381029562,-0.5160816611271464,-1.4853914073858645,-0.3329520198247285,1.5198623369883462,-0.9594117266857124,-0.25325760886750026,-0.30812341154253126,-1.0772585183078474,0.4933121528273453,1.2672402524618487,0.07058464323859055,-0.8849289882580924,-0.9492963623657041,0.35035594583435725,-1.4645589769543323,0.5108476204831462,-2.0339017875599747,2.1273229012220383,-0.5069841115322772,-0.2749238581642553,-2.1992561224623213,0.6427003257211181,1.889660189325531,0.5670927973940605,-0.7633294262464791,-0.8725158769351445,0.23810073452646976,-1.8935576140903994,0.1355776922256794,-0.4216080168141606,0.7822609837259933,-0.8662649449791009,-0.5909918151365825,1.484135832956386,0.21591530336332954,0.1260111438526268,1.3933829246612675,-0.4205334636955335,2.474513780255478,0.0812892850132029,0.16587329000757756,0.17904256664388662,-0.3302504580643477,0.3891785021145043,-0.382086447602009,-0.5998134191227221,-1.6178365373913126,0.5279396643824646,0.8257291331660643,0.710874804969678,1.8917939547400835
-2.68785346188758e-16,-0.06213563076936566,-1.0565537376991794,1.255562232408857,-0.41990124378322063,0.5813274478883586,1.5071770921156085,-1.5558626018757507,-1.0158780091659538,-0.1137993412285593,0.7633347186301046,-1.038583757114058,-0.5127474014525808,1.2175550565574178,0.11390356315889927,0.2772826626934748,1.7683667243491228,2.0998843739642847,-0.7430296843613685,0.5289023989073363,-0.5758641626099262,-0.507368645442522,0.8890557582179324,-1.2336051027761326,0.14448278779392243,0.3888226233954333,-0.7114702841211097,-0.3685015277480634,-0.5237253523679749,-0.26541887973857686,-2.6620017221732075,-0.09246237316598552,-1.2165584134737424,-1.0574882506607122,-2.1229874823955353,0.5373404506999832,-0.8361890060439632,-0.9885356009962488,-3.4259872688460433,1.059775177322604,-0.095887820648205,-1.0082122042265733,-0.6207863469712736,1.001764648101548,-0.40371938277693536,-0.18220715232747042,-0.7930369265740205,-1.7318332835902979,2.1495635807675075,1.1642657643249033,0.4307983983069431,0.2738070478864304,-0.08652190242802962,-0.4906941700946964,0.32521751330669246,1.3412520642511747,0.1292584682115007,0.033249682382396395,0.8125321707692603,-1.719447606024846,0.6154035394733466,1.7046176652271354,-0.7855513481655765,0.6114426422006349,-0.9767551110321182,-0.2190367332607444,-2.7579204800575075,-2.325500203771015,-0.589100547592803,1.7515287461551077,2.034673651712319,-0.5814323248659631,-1.3473639001931201,1.0539750491795343,-0.9600624933739845,-0.1685824364786399,1.8704482658318562,0.864310913953289,0.29369161771663127,1.0392884267867046,0.30451234175230374,-0.1316787122114837,0.1482855139846321,1.0808068185129704,0.4381846010079798,-0.034668434955133144,0.5822147871867478,-0.849549405777601,-0.8403913571919627,-1.0104857609899627,-1.5440336893339373,-0.5733864645644761,-0.8786155623687015,0.5287993493752509
-2.68785346188758e-16,0.2801371570569067,-1.1572157651298116,-0.9833173045236727,-0.46072195596980936,1.1916780041464983,-0.33980673758934593,-1.8246516052827986,-0.1349524648265702,0.003634807067394319,-0.16047643357020014,0.4892395677790068,-0.9789427289142585,0.8347570639198671,0.19043118265705825,-0.12331787527172397,2.0691003676242445,2.364483261401949,-0.8956944297253399,0.9568932882268484,-0.03392515713516056,1.6507934802303117,1.6692757446050797,-1.1851930240295432,0.8572738802079523,0.48829109764856615,0.438837529083808,1.6475435042588409,-0.7081031941021076,-0.30269505249928114,-1.0423043124630296,-0.24109329663782442,-1.1271548140364187,0.34474816052354884,-0.11359732972019554,-0.6863760223390196,0.4187417648812798,0.5679891712292555,-0.3035611103109051,0.5594832935158145,-0.6716294181423712,-0.5523614477296104,0.6345103011412091,-1.9396927104369788,1.938282180372424,-1.319651050074977,1.031454759671727,-0.3789435405245467,1.1825584947471424,-0.8320756579061988,0.005460357356400658,1.530263191499005,0.5124583271775393,1.1765361635985765,-0.6750297674984718,2.1686498351816152,-0.45987845111992876,1.3898646338365985,2.8121211944537494,-1.6459998177577435,-0.4956063829857802,-0.028117683318887407,0.8984651028504247,1.648365260769847,0.332373671403569,0.12471827788849554,-0.2891243392229875,1.1678013520914046,-1.1384050732549857,-0.35692492610239357,1.8269577851328092,-1.2111335360501383,-0.8242249265172997,-0.40361055909191756,1.271676088760991,0.23750895649509207,2.206716872825074,0.46727625969374487,1.2665508726252488,-0.16323977697371872,1.0442084244647212,-0.12935781555316672,-0.09492765563807154,1.4814719891386932,0.7221702089951966,0.237736422778415,0.18213092625722016,0.12255958415580964,0.37311520844673407,2.8905980352149063,2.0354134592329562,0.6074213777015278,1.0178013250160314,0.21373454443961443
-2.68785346188758e-16,-0.2226091038908053,-1.9990590518851636,2.6426508796809145,-1.727260060504772,1.5092504662474688,0.19727640182334866,0.6417686108118259,-0.8714479398315584,1.1210812668598056,0.085132903908379,-2.603259940175318,1.208603135624731,0.5220492830359112,-0.41105707096055744,-0.5450872839931405,0.1339546073674226,-1.1140674348619648,0.16865007290129763,0.48112545871080925,0.27383592875871227,0.7041170642413989,1.5839466104756283,0.22799349191948554,2.1943161066988264,0.6917461250244153,1.6463318565994618,0.4241165458742855,-1.2784096304908894,1.019466756238785,0.22094182305727644,0.8182145324293029,-1.0989369192995255,-0.33238450369997846,0.4489459986857314,0.8403461249733747,1.6736931536633612,0.40022068965475144,-0.2734775583907382,0.42070326301755473,-0.054709106314477673,2.5036705264749393,2.3208626998350024,3.14129154177672,0.0823430800605772,-1.6003491458823962,0.12751411091440756,0.8526397548221942,-0.913155325583404,0.3729436623073916,-2.1379564507880757,-0.32460982857395904,0.3363930741448497,0.6763857289935596,-1.1455225817671382,-0.5205950311810492,-0.17764372803381762,1.4379358422490451,-0.4913570042087811,0.34015226327769466,0.7419309210577694,1.1665909542446065,-0.009593987178198704,-1.0052956898997265,1.8439646639662433,-3.8965998285175774,-0.13619227856970806,-1.9466687176293274,2.2690663008442495,-0.065968572939156,-0.29879872289128784,1.2988620690760353,-2.3897514146300587,-0.6634274927205353,-0.2177283976503911,0.11053991691089782,0.37884789093169324,2.1378849741692503,2.0955500828326814,-2.6220619694135294,-0.6565120693094466,-1.6909191029275252,0.07931463694365401,3.6716053106732325,2.3063726981540267,0.008280876986720828,3.098471474715618,-0.8678248255808136,-0.8032295043676706,0.8291475658111948,-0.6242351261171755,0.8940663073191621,0.02244828239938379,-0.8876729157499061
-2.68785346188758e-16,0.20133989525301374,0.11003885775044331,0.7540022034280971,1.1670417546532725,-0.4047493113156474,0.06878695188636522,-1.7610875112200317,0.4120839580108202,0.19466704121426812,-0.48016736346320876,-1.2244622952436013,2.030850764518279,-0.9505545067174489,-0.5084268057059849,0.9495664583288378,0.05004929112564817,-0.5921264004616221,-0.38049551238927726,-1.465220498304911,-0.03162267270436821,-0.3892050543294594,-0.878980725466804,0.12214602840635608,-0.133990803075612,0.2107164011777739,1.2062359366052258,0.12342255380369528,-1.372109213168529,0.01805706792462039,-0.8473949678374807,0.5425729247670958,0.2317070521497309,-1.870715629070953,0.6220407173779157,0.16086511533366676,0.5532272844176918,0.08739845916664608,0.31703706277352955,0.9192279965202703,-0.4824604603436712,-1.3548967589302328,1.4479239991229111,0.7381636911715054,0.632054878612454,-0.8453450314963501,-0.9069538849141532,-0.2648529949803571,-0.36285378519458267,-0.629651471718072,0.05405506224242773,0.1796578034971259,-0.155559405938709,0.36002728792953687,-1.788123375616584,0.5453972138106093,1.8419710566161784,0.6594234784864725,-1.6964458350276321,0.2752999298609438,-0.06176046697666315,0.6734222689716501,1.597354138237285,-1.6428480002413273,-1.7520219110730915,0.08089709249286964,-0.9137756265625432,-1.318152549661074,-0.5087299802218215,-0.7110546875010565,0.4217542166880243,-0.4129682760364119,1.533557039160628,-0.32094768486606484,0.8491591555635396,-1.1677091836615154,0.4680941492552639,-1.1596597826722679,0.13041977316980888,0.18519171092460773,0.6750037292545275,-0.3047878628835983,-0.9017588203111427,0.014349034188057552,-0.26175263582140895,-0.33389615638841985,0.31269246240871706,0.11064682009694361,0.20719287056498115,-0.2760875675124503,0.4639572135466814,-0.07375625651362644,-1.4257713801943166,-1.0887544104931346
-2.68785346188758e-16,-0.696576352811107,-1.9908682493042302,1.1605500686708772,-0.5731239209515833,1.8014467244779808,1.162514899548809,0.5635004712436633,-0.7257611549469617,0.30888561349341115,0.5429327433091027,-2.667090316310551,-0.8811425102630537,-0.4972083263313336,-0.40109428656141943,-0.735721488527644,1.3269150841534596,0.9448231809042604,1.2439171586395057,1.101753445813741,0.2578277738800421,-0.0033839154170444974,1.3724429996774858,1.0469713169373698,1.0910463947359323,1.4513836181589164,-0.9439507564547515,0.7446769267647223,-2.573669425453784,-0.209629850837922,-0.46080854880859534,-1.144840939514105,-0.9081286832794256,0.16948972210186353,-1.4346714128113365,-0.21911112792610227,2.2491289852068643,0.4903453381328704,-1.460466995551024,0.20537025204554338,0.03763005829876884,0.2801191196308852,1.4670958454995642,1.2612313748874309,0.6812697488390081,1.085730163953769,1.2404030081040898,0.04903089348956308,-1.4953163819343214,0.4434601582155688,0.2867695627803064,-0.47007422446240177,0.7809225055168963,0.29276176649495117,-0.2654225718605869,-0.48537170149757,1.6155169431346064,-0.28810113018111555,-1.5260340206364083,-1.3577017047897504,-0.865234982990982,-0.2386470637603476,-1.6169258064534786,-1.4170926603491647,0.24424259057514885,-0.7390947072016638,-3.068439964294477,1.6503773833195194,0.215093224617391,-0.7872343066488807,-0.5833316541326279,-1.8317025263137767,-0.5756979297958205,-0.13356116742338278,-0.7710343188147424,-0.011146073401489001,2.2823447775157777,-0.8392046895036703,0.6701184581359947,-0.693139124249889,0.05035365948075274,1.7893082435047694,1.077391713373427,1.9836186880798636,2.263331849450214,0.32710663194368533,-0.07965266912746494,-0.010495491692185756,1.2274099375567207,2.599592509610161,-0.3326494899616774,1.0993309709122319,0.6064540442361107,1.2318943347538625
-2.68785346188758e-16,0.988454864900919,-0.8636522275629634,0.025118186468816472,0.6594095435750051,-0.3372897005912874,0.7687706821304059,1.56311033596178,0.23727009464842247,-0.5366438031338286,-0.4309320765780039,1.717854187599714,-1.9867819611468813,-0.8415177725567663,-1.1102375826984434,0.11881118932165192,0.5276017310988482,0.9690042002114204,0.14178074172288962,-0.4694485596417885,-0.6875106773383093,0.4616603532878609,-1.088129999482485,-0.5197795159899007,-0.09281193828121954,-0.025409283610659084,1.264836487750749,-1.1314534910513265,-1.388841539318073,-1.5135140623875867,0.3808217079218187,-0.5314269329558619,-0.7655248571741884,-1.0943708587479104,-1.6382087045907954,-3.014544894476734,0.7251355406606945,1.7508533467503833,0.5650193654089478,-0.4212550703899831,-1.5441290681433075,2.043388686782132,1.17276097778127,-0.9399691535247334,0.5190692112909174,-0.0026110879165174294,-1.2163610095042932,0.5962357353006267,-1.221438519044037,0.5912183571168605,-1.3544478905707233,0.01319773806262925,0.8304450444827669,0.7968746402548991,0.18678832422487446,-2.319342967452462,0.5695797997395707,-1.9640203562480179,-2.569522410172575,-1.6615120736694904,0.7976981046867654,-1.6300238496881094,0.02006598479046945,0.357376121670963,0.18963716914215634,0.412928199215149,-0.6764578939020529,1.8329205697236697,0.3831367582767527,0.0510074470117851,-0.1529225392265273,-1.67013570195589,0.2511654036909805,0.24696867643767206,-0.6588962760787836,0.6155536498080469,-1.710679916477586,0.31248365550603274,0.5134920144792964,0.8514505100710604,-0.5575793589754778,0.4977130628104086,-0.44468176128503356,0.9974027854169629,0.0009277755321024372,0.21999761432886122,0.6653137013130531,0.4421501406762327,0.15714171405877256,-1.1086572631037925,-0.8590527856413535,1.1867552920587312,0.7242438159060276,0.565264563487736
-2.68785346188758e-16,0.7996612268897724,0.915607535053462,-0.4854805872754795,-0.32188748434401815,-2.5501305525843714,-0.8959309499268049,-1.8094667149021988,-0.6074583261710699,0.22289008163309976,-0.2878522997641526,0.07751294017129595,-0.5822023142147033,-0.7498787278972905,-2.558693862942597,-0.7888716264106874,-0.6110490067499419,-0.2911411933200983,0.14140473666739872,-0.08481064279566075,-0.25773815257398014,-0.4596843769442074,0.3651374200998928,0.2377418661010325,-0.08479463047682596,-0.8490785124385518,0.04942618267773624,-0.6503700832114276,-0.35014960912651094,2.7583593643755626,2.3446908101929633,-1.7511767089631223,1.1026110656126273,0.44052385202161193,0.9784617986727618,0.026551870860776483,0.39427638932056963,-0.28686241370102683,0.4603332475555043,1.0874961045739098,-0.08792747729576461,-1.5087804268146017,-1.9514263281138082,-1.7062864863216882,-1.130512117295944,-0.5930074006595234,-1.1225361776306766,-1.46480156464921,0.773010425767388,-0.7853690968318187,-0.8294475701489582,0.9074276835006817,2.0576291664308615,0.1588976255742784,0.3447531200017858,-1.9661096378082599,1.9571757990564256,-3.3780985535251884,-1.197210973262661,-1.0568794193636217,3.3876105571944084,-3.7070696585178364,-0.17963784635844438,-1.911626172511141,-0.6776351611372243,-0.7932799333707475,-0.4664928333074359,-0.8665507952048057,1.5689764962374086,-1.44128885209384,0.07812963215176655,0.09212444461671337,-0.016299437191510696,0.9227321144038461,-0.474132476126391,0.7669266216906092,2.182922193557234,0.6540838684610245,1.6593874340265806,-0.4540594114815595,-0.036704160452563306,-0.9639577845700981,0.834896240896229,0.4976511889155018,0.6651038782373543,0.29514723445395036,0.0978625978822808,0.23882081572780547,-0.031083439739195584,-0.991742109012081,-0.20197186285228402,-1.0460480619190502,-1.4461953007607127,-0.522235749908436
-2.68785346188758e-16,-0.005698057466055329,0.1789158726447695,-0.4709635330030574,1.1522161022577437,0.6125458674494961,-0.0265888948383528,0.6430171432153087,2.334317944341589,0.4059200980237606,0.020605624937341912,-0.7934751608181347,-0.22229568761981475,0.7107410844942602,0.524796176239726,0.6918094849447455,0.5693433048353488,-0.788591295858704,-0.3933368253539527,1.118490061459221,-0.7248935824464444,2.081892337314581,-0.21989855465340302,0.4911557050930687,-0.11467500242397588,-0.5824458461473183,0.4903288345416106,-0.14364543927797685,-0.5957463756771566,0.39459511217066434,-0.020287540142167437,-0.11818554584825336,0.3865301682259334,-0.15093256010573114,1.140084625380753,-0.8386019194625425,0.6556849122851724,1.3146326031479623,0.13371833578326897,1.073481050274005,-0.5151502607672552,0.06410777839902804,0.6624866145246222,1.564162841522077,0.008208488413836923,-0.9872467233760303,-1.197975885312399,0.1834986316561625,-1.9452302326395359,0.023192741753370865,0.6452720716695541,0.9087000239577327,-1.0340667036891258,-0.3227144682011298,-0.6075959915695333,-1.0327925196084995,-0.2119805726029904,-1.0112869334047885,-2.3180478202541837,-0.17631037106766895,-0.7310361670887772,-0.8087782366373022,-0.4421732383949255,-1.881862843549834,-1.752173223705107,0.4385321884553458,-0.24099582763564356,1.4765015289248162,-0.046351242037689935,-0.2288246916500462,-0.5968833461987514,-0.9660734088819721,-1.2535167885841034,-0.12699625937080167,0.5829410739216679,0.3518376923958865,-1.0942100986830878,0.2552870936849571,-0.15894018895160394,0.5060684298036051,-0.053440459105789206,2.5819564904398815,0.6376619983637034,2.0207509212609027,1.4103195308866114,-0.16491677549460998,0.8193703376248648,0.05024852788237622,0.1950844025820089,-0.6406275908888304,1.1855164271642966,-0.8077328822216845,0.6233646125994112,1.7040235273872026
-2.68785346188758e-16,0.755020349389335,-1.3497488896901673,0.5400668344940032,-0.7219151957748047,0.24804214414417913,0.07834065004737677,1.7551651431236264,-1.367819502069184,0.6272021544679017,0.3555426260875384,0.45423042040244677,-1.1226962936576057,-1.5849074859640302,-1.9328737659796502,0.9327879965638649,0.7009769021505936,-1.0657180964324837,0.5403819440638938,0.46310888043305165,-0.19296360279215724,-0.3882664371858442,-0.2685319813791769,0.07869657563252369,0.9287825222019644,0.6249857097092772,1.0311632605148537,-0.7643822496049062,-1.0904894486779266,0.07344146629219583,-0.24066133559779915,-1.061814748514792,-1.5657175680926416,-0.05789437571333206,-1.865424357115499,-0.7349966346705136,0.9358944078266312,0.39104429992239403,0.5953358158292643,-1.026412554831736,1.4718991268238404,2.5217369321301737,2.184851370332504,-0.1867570769261051,0.38220638365237625,0.5605081740357571,0.5878987184776063,0.3688658714353171,-1.5481238860949003,0.7968498270218694,0.04927913088457203,0.30277316692473455,-0.19682199986225848,0.10045717376902856,0.1405414879949562,-0.17894796876556301,-0.4180457634241056,0.7987526044790771,-0.798482231342516,0.4484528358737107,-0.14854155215945752,-1.3234976472419988,0.5328395522162508,0.8863090610332015,1.7402922704287467,-0.24534966668297642,-0.5450659300562921,1.3840079632574627,-0.3236525155987504,0.5535384658880766,-0.10422236397476575,-0.4422068301098204,0.5077275388909056,-0.9666310099211021,-0.4006897245462538,-0.24495830894744702,1.2762553047347174,1.3591574968798499,0.745778354711313,-0.5562526790003439,-0.5453301039450371,1.5121341542594688,0.2534783869415924,0.3945204160572391,1.0643433204801829,0.11562123525252704,1.6769513769057807,-0.733670702970286,-1.7302767525897718,0.7390420196326111,-0.198424813198944,0.8806128781947635,-0.4503280412900686,1.886826320003819
-2.68785346188758e-16,-0.14796477665231172,-1.993826265968529,0.7157275931503272,-0.9610447363618327,-0.6182677283964185,0.6401017416103403,-0.6771896785696447,-0.568505255337737,-0.26689080017765565,-0.2063420650152213,-1.037579298674786,-0.5555516371355764,-0.2738246509980597,0.09348240856531309,-0.15548938010942104,1.0986733284350372,1.9420729925260614,-0.4823652950930048,0.5468412456005065,0.28661800330219617,0.4223240472283494,0.3812989875896139,-0.15966902858803117,1.1275263245198144,1.198864291024984,0.28309266496768043,-0.9902542287836761,-1.5841293004817492,-2.2192843848114743,0.4816554578430613,-0.5362095021016128,-0.2094724944797385,-1.642147145938167,-0.3769242843657042,-0.33070213412144045,-1.047610726432021,0.42989991168727937,-0.5981389748273555,-0.8619108949439698,0.16948244243501703,0.43853037589577853,0.12584755763669625,-1.4760756910959785,-1.0031567784932118,-0.476499070200999,-1.6119244001360173,-1.6586239099810458,0.914994064438014,-0.19394631274008597,-0.31975813660476327,1.7069122395508016,0.2799228387462445,0.47572455984808615,0.13107833749807557,-0.7047719450371341,-0.9376450282732558,-0.6308181674215593,1.4119483815423697,-0.457909523918986,1.5104723229419326,-0.24268843890293318,-0.013865236780800705,-1.8291958395636616,-1.0352248786488754,-0.19986522313809385,-0.3341014769826942,-1.1694402527424947,-0.21176236526548362,0.5232626683093576,1.3422372020478153,-0.026333395203268162,-1.7123589263558359,-0.020688278700921492,-1.1606920091969921,-0.37996840360614637,0.5191099860705162,0.5710448026673768,0.918733521555188,1.3130412130277238,0.3575866974804278,-0.47013807526276447,-0.16647647418664122,-0.7831752968117822,-1.5300979782992337,0.6822803814328129,0.8326252277820124,0.26782327749921586,0.845207550840255,0.3955605083235442,1.2494934822366013,0.19337876578005742,2.9124669659000513,1.2099028236707317
-2.68785346188758e-16,0.6207142269150928,-1.3412521296329947,0.8685022830213125,-0.24797132098080898,-0.09751563001706964,-1.3362234076141188,0.03863233045134118,0.5688115630705907,0.07242204243664588,0.3409969134789564,-1.1741918998431995,0.3138991447514053,1.425300031061553,0.4256510739134978,0.15462189087260111,0.3784703470803781,0.23283295490133327,0.2845700729202032,0.10170287200333436,-0.3350127165988175,1.0305117179708783,1.559725643195489,-0.2032248481130315,0.7382681764383521,1.594567407156279,1.2736761273575983,0.5322887848680001,0.4118986839178036,-0.4668044557126109,-2.1023448303889825,-1.5867144874001617,-0.27648092978137906,0.3303947389616342,0.6340476314829259,-0.7389210622187956,-0.9748638783523655,-1.089876732048443,-0.47690322840260807,-0.7569371743656721,0.039862194191182865,-0.25806408814408993,-0.1199375360194136,-2.4151909764037223,1.5656355709853405,-0.21292989969790221,-1.91579661887783,-1.748554559171175,-0.6127105078425832,1.0752919889507362,1.3143478104350153,-0.8179349304157859,-1.1651649935669313,-0.1529272741601217,-0.3412689527001866,2.213197837427407,0.139411026737968,-1.2927486674420576,0.7571081203024482,-0.7929686934675463,-1.2653941601438847,-1.019582589479358,0.8233959468845924,1.0476068628222472,-2.4592801046358748,-0.14112019822194688,-1.5703532729240748,-1.2666802715841212,-0.616695949202253,-0.9165757391462929,0.6332200817068975,-0.04636839086633078,0.5084333923170649,1.4008290282657176,0.4821854659191769,1.9318532860023887,0.34217577336333016,2.4349549684636824,0.0034132317498368203,-1.7279107266163443,1.000638490852261,-1.932863642615914,0.5063776003197265,1.1050315856909596,0.08530784167104433,-0.21662592838971906,1.319269194206207,-0.38587367510136594,0.6082610395595525,0.6839947812777901,-0.533246517779429,1.367767549712842,-2.228605300543296,-1.2618002485442465
-2.68785346188758e-16,-0.2693499851941188,-1.7864719783168321,-0.5942814569556435,-1.0459986368522096,0.788207721647134,-0.5798228154297063,0.6180367885920399,2.7107481019431283,-0.3611525184539473,-0.1740418059200256,-1.289505423717268,0.6970826995142074,1.1502874986424743,-1.7339542216241455,-1.6178984634830755,-0.23819205561750256,-0.430779308625275,-0.5225868823841305,0.7749183820470904,0.647874409313343,1.450399071981258,-0.3547644751356119,1.8208509049359556,0.3689809168463994,1.831702471541785,-0.5059815172179557,0.4971486228174729,0.4638150407991733,-1.9618473810707506,1.42309091915934,0.3334167506473682,0.35525041597178,-2.7891323436039515,-0.48439822084069284,1.6208456581320114,-0.3845358861663788,-2.2085433241814103,-0.5803467474632387,0.04578031493506335,1.3709577181959027,-0.7476069427693768,-0.4103037333602084,0.7552247345895107,0.38696624477937736,1.6903092730174845,-1.1669796690698473,-1.3299006737376162,-0.23383122321348726,0.5135663007076803,0.8680107969528192,1.8444767455158386,-0.27348529106395314,-1.2548684067936866,0.4685737713010945,1.6330529381161822,-0.5470830122082202,1.991666725905177,3.255149933821007,0.6877698576380653,1.7991494177525165,-0.9249832160591762,0.2744444267438957,0.9653670966388866,2.0064688408769973,-2.433275075356672,1.1248310445385283,0.9609008794849615,0.10535882350052228,-0.010524060968352837,1.469707970208797,0.5353010651739059,-0.5244801062634232,0.36156929619486367,-0.5370426723601578,2.9891264641738955,2.2083175876612247,2.799690858127008,-0.39405054241780585,-0.3669799128537614,2.4880961596568603,-1.9290108104494315,0.04037982082291941,0.2148300766223571,0.4068845546275831,-0.07784191437771379,2.8263455279285106,0.8642065098799577,-0.5839726280377122,1.5058023631787099,0.5401446560023421,0.8361536112910894,-0.8809310377090791,0.020677718328099615
-2.68785346188758e-16,0.2907558839750222,-0.09730896724972846,0.9687101022956561,-0.4301955162160975,0.11755482792132096,0.9867604046117981,5.823870639532039,-1.058172514457107,0.21765347361521964,0.6058161047329614,1.0838335718990866,-0.6175103807365692,-1.065792635231377,-1.7460794408154956,0.22947483987068668,-0.2601950048463735,0.42106862391725197,0.42559579179216744,-0.3861450494017679,-0.3006062495607979,-0.7194023808407397,0.33884001886681553,0.1496679712792858,-0.009334680982453936,-0.3527983243113737,-0.8890478132375474,-0.8246157291204977,-0.6885252613339461,1.5087632402223152,1.9248559627096746,1.9501875434524476,0.10901714027731679,0.47090417277396657,0.649932348077348,0.699212164768429,-0.6102734750132894,0.42243778301579726,0.06930058396461096,-0.3666593741414513,1.0026188652942496,2.1954715543462484,1.0231932522529963,0.40365218452463325,0.10056422991193445,1.811398288600747,0.7762333800888048,-0.014304343809913467,-0.9199069624340415,0.027286504209305826,-1.179993660300438,-0.4807488830747372,-1.084369623096117,-0.6550131974600653,0.9708412344908341,-0.2657275685901409,-0.7825905807340601,-0.8738567166754994,-2.257108675605606,1.5464245400954466,0.30097689465589245,1.0971090788762068,0.6226763469893914,-2.063121220063098,0.9394931927581939,0.7078707746819821,0.5753823175216571,0.5433344589576212,0.32120366637754805,0.7918871525011938,-1.3545479183744606,-0.8225474123572813,-0.7816038465771705,-0.728558056847393,0.2933982069951959,-1.432520246732525,1.2917848070985625,1.411174757887787,1.9433796546559654,3.0133999924576664,-0.9436157674259895,2.1726811041046354,0.6795794163809803,1.3750444598997702,1.6280175024876202,0.13760403504093183,0.1259664111829923,0.14686175252735076,-0.9539950280590601,0.7424737349865649,-0.3145412620399192,0.8737485083498568,-0.11253473107961542,1.638586956715412
-2.68785346188758e-16,-0.10933030149806024,0.796412850242808,0.303691765127042,0.42713148094847103,-1.794260173575322,-0.8076317856844778,0.17457427321391883,-0.01605042511451557,0.528825001777711,0.8233143437608365,0.896196309487369,1.9940319141011236,0.47441102044264616,-1.2658697734730526,1.1249918994342594,-1.0312572900553154,-0.7245203811090584,-1.9453444820907557,0.24898659500072617,-0.853121901165468,-0.5532734788856334,0.874300941382813,1.8093378951323318,-0.3523988370763194,-0.986423577346083,0.428854594873098,-0.9653930848092781,-0.42379406067218056,0.7031013190612968,1.026959687819563,0.7443035365651984,0.6455853531278087,2.7243308123667447,0.6369570251022368,1.906760155802463,1.586353508357696,0.25349594420926536,0.2744530142730275,0.002382420612106695,0.9362270624537532,1.30502825080618,0.6088869655476372,2.0916811545149754,-1.51212994349873,-0.4156296700995846,1.9401494183342176,0.5747265932659237,-0.3870659638326974,1.533748022005711,0.3884692188856264,-0.26370600011262424,0.5255892913471676,0.2693496746481238,0.6407099008003687,-2.3159820051078532,-0.38509719962833006,-2.122817114779239,-0.9269984749852243,-0.9509545246590001,0.4863132080297733,-0.8539775787388976,-0.5770577807927793,-1.0075397203958965,1.9751877650540868,-1.5799715838172457,0.6711096830687774,0.8411034782322586,2.030511501550171,0.5558627583148759,-1.0363504265252206,0.9656938471064243,0.3246399454690971,-1.180089667254371,0.14067534423644104,0.5292197735703338,1.1276590371071415,0.5301650406601984,1.122657233880577,1.2052623250185064,-1.954724725798921,-1.0837155564932197,0.5994323916891308,1.4108675891432947,1.0960376770818723,-0.05265069791758439,0.7632721918747364,0.2737227816309445,-1.0386190297789317,0.020676899008018335,-2.101441800261609,0.5075600880816149,1.8471212729136672,-0.45583023172061643
-2.68785346188758e-16,0.5266527608323769,-1.097610954636765,0.509000847737939,-0.8286510705630572,-0.34545855682182913,-1.5021935185533808,1.4355174604339125,-0.7587469750053225,0.4022602966001215,-0.9491088815185725,-0.5639041779696863,0.5839816545212092,-0.3883474989483823,0.13919957378998854,0.1466385639654428,0.0267127307713792,0.035216901699985786,1.095864524036923,0.17806256604001958,0.1830143231102883,1.422497354521045,1.1494325600632562,-0.020829781863625642,1.1939252863204883,0.5362351984760234,0.5950858760762617,0.11686479103034694,0.1494393657617853,-2.8629584456358117,2.140022909314828,-1.8129813704791,-0.45344479138921,0.06515957278213914,1.134015662293721,0.7839988450307511,-0.16028708057037466,-0.005264708058421719,0.25565236434820593,0.03605233652027734,0.920399827042201,2.205941496352663,1.761392828798411,0.7823726476628128,0.6697307025951037,0.4925081495779752,1.2888057842423224,0.9304377709630678,-0.26936349169181517,-1.009380762543985,-1.0506333070692164,0.7143263613712344,0.5672694549526938,-0.9516113578942348,-0.2343064936253122,0.6861855779746149,0.619688543593873,1.1937914256192446,-1.801516007398447,-1.2394913547535904,-0.3469100516985744,1.0645681597086363,0.7371707072877476,-0.5798128431579108,-0.24529389630444404,1.970956242431853,-1.814065731598821,1.8362018599945547,0.8223646139175459,-0.5983292203396073,0.12732951915719393,0.011838411077478073,0.16293014127857497,-1.2419287039297335,0.7869582517231959,0.121932731753822,2.99142762738195,1.288487080477663,1.661108582127417,0.434944083639598,-0.7889246251294849,3.5110494176542373,-0.1465661714928587,2.2755866761536896,1.797867574475393,0.23732796035501558,1.0672420295564256,-0.28708456504235197,-0.7028125947618081,0.2566779721295916,-0.30865950103503115,0.3014086991471562,1.3793024249876855,0.4073024738765918
-2.68785346188758e-16,0.4766835688666729,1.1562006724285985,-0.7170269671331844,0.6674510466903735,-0.982071927927308,0.7013144297201768,0.00291029617115246,0.9073075933469776,-0.29721871426321855,-0.7700192845852548,0.7812882491966276,1.1740047819530772,-0.5486537069682396,-1.636354864587562,-0.020250937627408816,-0.4685453350775061,0.4371773167561143,-1.6423344988044803,0.03816531350135502,-0.6827222161295845,-1.1478931937289742,-0.16541324609666827,0.21924647067717362,0.0014274550466203961,-0.7887543256000311,-1.217064132815769,0.7021322988320046,1.3963066497085093,0.5070349961523795,1.936712190533428,-0.15430612529751064,1.2268666748564745,1.418193886846564,1.1537831669626493,2.182651031902428,-0.0682426329621666,-0.3594776211685059,3.088374857857695,0.4474172097785802,1.2443987421799214,0.5703281036445044,1.0265264225895379,0.6360074245343407,-0.6171431624269265,-1.1291036734192113,-1.1904285707501034,-0.2178035767682177,-0.18365429714784798,0.48183060802191024,0.036739164141075364,-0.43198228798020055,1.3740576469807575,0.7955366494874004,-1.1910114445215665,-0.053921857917646476,-0.7950795540316845,0.7770692060345111,-1.5606003461622482,-0.45798210872893985,-0.2510565483506426,0.19685732261099576,-2.424115896907923,-0.06309987062856182,1.4851613322098207,-1.5666638587269168,0.8144637795566685,-0.23855044231318479,0.8470457125369778,0.13255349379774947,-0.4559992988876405,0.15858064364429603,-0.3599648471004215,0.5268473366532507,0.25987565809507934,-0.825384690557299,-0.2855817935238187,-0.7357129538120819,0.09631134639841255,0.5091097605921647,-0.7313522647198364,0.01997871924437583,0.5865594029794879,-0.47831233399137946,0.4238272238449074,0.034374982143522644,-0.9763920751818624,0.1202228228369973,-1.0931461408269696,-0.04498722871239613,0.7626781524181323,-0.16523926293338675,0.978449281163992,-0.6307367196110384
-2.68785346188758e-16,-0.9170381577238669,0.5860099491735619,-0.062095591270254935,1.3359890665196412,0.547761266161495,-1.0518581609984383,-1.8673874706138192,2.234004028462275,-0.849885183309236,0.8608533242781021,-0.14335120896948472,0.324900223471511,0.7077663891815831,-1.0842098896053702,0.150050676769165,-0.412642736549138,0.11157398484610029,0.22013721536923025,-0.5589247790881794,0.954509589590208,0.6107904424582624,0.7947740738827365,1.1242375572046315,-0.5685155351441891,0.11974476244947163,-0.6928859688890694,-0.13502461631021648,-1.3864684853965081,-0.007010336962242417,-0.5408864397248697,0.30444025310793243,0.6013239632389473,1.0904117290843047,0.20921383537597604,2.1460298496844468,1.3377762082707423,0.20205984200537508,1.980884473473766,0.09034212746824022,-0.06699566258492046,0.6288938077209978,-0.20554521305770218,0.6760168042607755,1.6705008077170436,0.10930594513415981,-1.5604511007944037,0.6676063049269352,0.8677424953663033,-0.8725913262483633,0.20578067844958325,0.6681339959625807,-0.14507861201607047,0.7706490717378913,-0.5391260146354245,1.273796486068935,-0.5430875664511986,-0.02448374468167369,2.113142763267555,1.7903811031277508,-0.5227576279832817,1.9867383457222323,-0.8787046876983424,1.3534178243267398,0.013580089540311313,-0.09747952974845159,0.20451177405736531,1.120335933020306,-2.722737970657219,-1.1488963380364823,-0.26505561381626475,0.827089614423025,-1.2129608144777961,-0.7718837837252037,0.04504343416312818,-0.5972011037888999,-1.1743849918166367,-0.6018641984031463,-1.2839149263234058,-0.9005915121018886,1.35567914617085,-1.1948406384086234,0.27945013744204567,-1.3649165306086521,-0.9951292140762763,0.002569931142360116,-2.407810974203603,1.257005318453348,-1.0397500938309059,0.39531878338053755,-0.46432352777942537,-1.4856288056991889,0.5693171399873946,-0.3514554756497167
-2.68785346188758e-16,0.3782979882764829,1.306770308643439,-0.30177944346298113,-1.1208738033360506,1.6299912593883816,-0.8203933535763734,-0.12448307682864501,2.281555844249982,0.8744995717620935,0.5577989549832579,0.6585139547422635,-0.7986897563697113,-1.5007524853526415,0.30926061604237476,-0.46433051572344897,-0.22655995663778594,0.2741069889742589,-0.6124096429849204,-0.033792702410455976,-0.8077508312077472,0.03683078798097389,-0.048990823911946146,0.5911510791245957,-0.8865746907507771,-0.10667235409892259,-0.5868515925433979,0.0804381512485321,0.6822630360580259,1.1139754332444582,2.5871004536242044,0.09359060267986499,0.41899587251687653,1.5737143899038397,1.2672399632386315,0.9294203275608716,0.5845556721394852,-1.4928957824676736,0.9010724129432769,-0.589488211065668,0.6394258335184243,1.5042512891582671,-0.48046557889188124,0.2949073244357112,-0.2150913996355331,0.36816752402433406,0.14122232429137085,1.123063508131689,0.963556629519889,-0.3806618118292168,-0.06415215491681464,0.0017540925628977133,-0.09719645433846268,1.219850082471207,-0.09893041637678929,0.11357341670099685,-2.066424515313523,-0.044013807602075225,-1.4222305148241006,1.0191024685714773,-1.0409526262675501,1.2085064499334295,1.9528504779533342,-0.46516380639897914,1.0055005303596234,1.923303196801578,0.6565398664782164,1.1117147803741334,0.594532641440952,-0.5886604065857552,-1.6226439301222098,-0.4971647248718315,1.2828189857895074,-0.15056461312341357,0.7417476759441596,0.1676597478436599,-1.4428728335278596,-0.20175472672977718,0.870273370425475,-1.4011967555364067,0.3043297582749037,0.8275078451441057,-0.7577257871210673,0.01739867135449491,0.2503371150189495,-0.037320560852612004,-0.3320852550447168,0.7907504588808756,1.2007304115690471,-0.7643659030222785,1.0689374551238096,0.09256618296425795,0.6502354132169067,2.4247796043245495
-2.68785346188758e-16,0.90855605754374,1.7805835189887758,-0.871042530274554,1.094910370659323,-3.885657877561102,1.9197070292860892,-0.27685408140046375,-0.3185062813977444,0.7854772497201646,-0.051394049441511915,2.045671345766238,2.032376697995531,-1.1495673834742763,2.7723050757070506,0.7159405815700901,-1.860866658020877,-1.7013058593548844,-3.4657270909330835,-1.8465524875060948,1.3343519290398513,-1.1444146761867713,-2.644888825698842,-0.05041615028310794,-2.685430784220301,-2.6635174958154426,-2.2533996386158552,0.009652575255428975,2.4569166130157662,-0.30154314800008086,0.4447077461738479,-1.388688593034849,-0.6182096960750643,0.8613149058772909,1.1486127504430332,-2.608656711657961,-3.394121185930823,-0.8960783229478744,-0.5563931404871305,-1.6829574611730314,0.6064455949968888,-1.7758398921155174,-2.5749632589538343,-1.5705954417134613,0.3394574508919651,1.5677874594440813,0.9922261990483623,2.264770173292968,0.064186690620745,-0.17921226443773744,1.1529122221509531,-3.9764242030959562,0.8282668237405237,0.26753377899764547,-1.0809490891022315,2.0882242629785437,1.1935742099052897,-0.21354492124837143,0.6601115870469357,1.171007421294609,-0.23836274260466794,0.8665693293400765,2.2908091045813617,1.9045894346335412,1.8157273104615348,1.630789326376843,-0.9880137558119444,1.231332088278335,-0.9263877015441715,-0.8322080265380323,1.9573329396900605,0.9203852086698174,0.34630435688081973,-0.17145792615019406,0.08695936499827306,-0.691078687363592,-2.8287436275577926,-2.994909044147934,-1.637934132831588,0.6418446428075218,1.587975928080935,-0.4101083150526617,0.18541707650460296,-2.5650199282929638,-2.082194773495581,-0.24028711173932263,-1.5046161676331073,0.4395621176521519,-0.7476519858638315,-1.017379160936441,1.2226381700264308,-0.8839943759246254,-2.272540128755083,-1.4848640575817467
-2.68785346188758e-16,-0.3185649280310976,0.818934832813624,-0.9962612075670819,0.7625614640816265,-1.1313981273818872,-0.5788990521428765,-0.23896885398068024,-1.0797370342215449,0.1767946404190456,-0.03534683634964941,-0.32150361052411097,0.22146486412164879,0.020722191894291253,1.4361004519946823,-0.1902176896972237,-0.5528529399493493,-0.5068750130777225,-0.12475318856160711,-1.2826944145238195,0.341740952681099,1.472680484429326,-1.1118444569023143,-0.24162477813932057,-0.7572504762447981,-0.4447423243430898,0.07446869651020732,0.022074933677294635,1.5694586982014371,-0.8036171521455459,-0.5621291692036208,2.5560435023408856,0.5556553965226649,-0.5173936298322661,1.7468276537017042,-0.9103420562354716,-1.2439759227130505,0.4406495565326816,0.7311594888146629,-1.5783379999068157,0.7302490784890877,-1.9485792518030114,-1.915091339253587,-1.5001916708250016,0.5510624242428381,-2.0019369416585957,0.61958865222555,-0.5735482882171096,1.1658069686554755,-0.4728549712859935,0.8200436932612314,-1.59023260965624,-1.6758884196691948,0.40908604188863196,1.6018888033070995,0.10062831500768951,0.9093570527870808,-1.3398397105305575,0.870317871958986,-0.6727952829932003,0.18929201759761172,-0.35461919024641975,1.2673914016313061,2.461745842847927,1.2752593167843116,-0.1028477289998283,-0.7916630006276231,-0.1813960597092281,-1.3115601572989715,-0.0020143000306320825,0.23081229779499968,1.3545707592846794,1.3161774677463116,-0.9670395578014439,0.8842096172429263,-0.4390245451060812,-0.526215484636912,-1.2952164335591454,-0.4706472571616419,-2.071266574518057,0.4630759962737686,0.15906606649313093,-0.04038546542045557,-1.479457260209752,-0.5239027017812781,-0.2348106476384764,0.302286741702454,-0.07283111667903013,-0.28488585827208274,0.4754123879854923,-0.28930437684794297,0.48122683680345324,-1.369338019370813,0.7304438593345954
-2.68785346188758e-16,0.5782388628605389,1.607756929495212,0.2285120477478344,1.7211496276071827,-0.07476470581433436,0.5328833117436532,0.2388002583390345,1.276773263165527,-0.10961776633186869,0.7296360850240448,1.0398359403970998,0.5844948740178276,-0.14027875275582835,1.7152744916150033,1.0436575941232744,-1.606732336193665,-1.159619748374718,-1.9147036695353448,-1.0217611984392736,0.6140254122481336,-1.0195277524371276,-1.187573904618989,0.619610821961504,-1.6992098595375908,0.18106350252641135,-2.6863064298635937,0.15677944544477343,-0.460406798005063,-2.7917891570279467,-0.17806988977130123,-0.6055255906839832,0.1710508415453017,0.7447800514797545,0.0422272079291946,-1.0162783735049021,-2.4836218987081584,-0.27208631063909205,1.1168420510582375,0.3280588843259411,-0.32511424312792464,-1.1817177371490222,-2.1574878998082383,-1.9813339580275962,0.789377001562171,1.445576708580206,2.384911532186279,2.4849672753329948,0.04068896351978918,-0.14430332423487477,1.3235652369936783,-1.8582478732663947,0.0561990461231588,-0.45028781910829685,1.5442022403155704,2.0322467295144984,-0.12497774360857473,2.0239108084775794,2.8992842457217014,1.2381056901233178,-1.2629721664242963,1.4647014665446745,1.7623816753483286,2.4282388720937,0.6995401140530793,1.0549648656915624,0.008791273920359832,0.2505487476868851,-0.530842532255563,1.446258205127084,-0.5673649813468629,2.0679381263361414,1.1669576993726798,-0.474651866352773,0.11443041843002756,-0.4536498213979045,-2.25454201804432,-2.327144762547875,-2.456743823387616,0.0464168977939189,1.7314117312269413,-1.658577501529539,0.646093139384231,-2.6886565194473904,-0.9683261279236831,-0.16566948592373862,-0.7526580684457825,0.07538888253780453,0.1751421375974479,0.2512877793567145,-0.346053752999208,-1.017774510452577,0.4944785115141175,-0.9828628826701585
-2.68785346188758e-16,0.6857077742578574,1.8017900960069377,-1.6228434348278369,-0.49461413622489403,-0.7859257539216691,-0.020485485557110484,0.37576127448868424,0.7282526005533438,-0.7420269062788807,-0.5352777925197004,1.032574246546661,0.6471346346142647,-1.7858285695181078,2.7769419701827447,1.1434426649959537,-0.3906520599184185,-1.0562411344834177,-1.5357822549011713,-0.9351899026110916,0.6311790816744403,-1.2391169149147636,-2.430858555728074,-1.076192814953337,-0.8089779418133932,-0.9999515568702985,-0.8778472083498002,-0.38081306838407003,2.6526493138035265,0.3353808758301522,0.3882404402786698,-0.3630573310319637,0.6913561233818497,-0.6765830301525403,1.9649679385122962,-1.6806160112642234,-1.5010116233704882,-1.6580852492050262,1.4803108164441805,-0.9589199552836676,0.19595100407107913,0.47336381528492366,-0.7717103886939742,0.29348569180321665,1.5174093510154374,1.9664498695881387,2.7443924350862767,1.552664527827317,0.5739850301126447,2.831182346964122,1.2003852796789898,0.0488729216750558,1.8190034611531518,-1.0369464552439365,0.9825033177107917,-0.3032931451785642,0.4173860610814514,0.4127196843288332,-1.5095880779052373,0.09059306664369221,0.4601250224244496,-0.2013207839463301,-0.6667693123957138,0.22487033379066623,0.2566333390221074,1.5348307532047802,2.494931095671536,0.754232538688851,1.1279971134229465,-0.7134328279828118,1.3387453167927021,1.2095394678597746,0.15508016960947035,-0.4409253576848352,0.0006900762057811045,0.4028201543294342,-0.27833372862408823,-0.3705159346067224,-0.3195730064976105,-0.31889649526536407,0.35838212077694087,0.6050208863936923,0.2484543578697934,0.40471318671172407,-0.3738063972745105,-0.4155854547597218,-0.8878305212411367,-0.34542919499536845,-0.8455543326877014,0.6399090499950723,-0.5063404735242603,-1.4531934102830995,-0.9331092963229952,-0.47243949335300034
-2.68785346188758e-16,0.3651002343611335,1.4513941891217494,-1.4271686062296778,-1.7157224739803145,1.070665547430199,0.8998085895942497,-0.3784225378673213,0.06802576141856309,0.40285731315500345,0.20387510402417683,2.442894042794255,-0.9587432021882929,-1.4411726574311077,0.15673238214860225,1.3870592275136573,-0.8306670469616542,-2.718976281597736,-0.8421850560955766,-0.776831839515917,0.05598143433662339,-1.0473860426325758,-0.34698551572806546,0.922768393009178,-1.2885680002828646,-1.5845016857309107,-1.2760226486254953,-0.9015109552347972,0.2900792299968641,2.4410174516916907,2.5897389950017105,0.45891397251724153,1.603886355073699,0.38622812239507465,0.668019925047697,1.5349124379977845,-0.8314288075837235,-2.681388714276206,0.1739355145980832,-1.701604818553507,0.08002998795694927,-0.8550995917488009,-0.5172519422811266,1.210762158097036,-0.3607862914273776,2.0697398657879598,0.5182924932439709,2.261639514628821,-0.2379537626573734,1.3579185972559857,1.2207183237521813,-0.14704567719197809,-0.8504672429337171,0.5276666204974809,-0.36550500465019226,-0.011313153303434298,0.5959332912665863,-2.0277288959098305,-1.1860979863846053,-0.8990175930644674,-0.9148512050655784,-0.5086583430126455,-1.067971133478917,-0.986890107441511,-0.03903144239960399,-0.3316692229677828,1.0949937251417936,0.6076532153911162,-1.2115822190450791,0.2934211504707531,-0.16831378846969153,1.63896052594209,0.3874991693647861,0.21608574793291485,-0.00496732741833333,-0.2817437989329018,-2.9080226261023583,-1.4927789497746522,-1.1329565720609933,-0.17078506755111578,-1.15772675427541,-0.27049354910625234,0.14363159501071135,0.7222556406764888,-0.5876422546548556,-0.10112759411032807,-0.36336647640295616,0.15425563815290752,-0.42743654346891574,-0.6244306275197898,1.372759445975338,-0.44335197611711696,-0.535183026272843,-0.5466617159057962
-2.68785346188758e-16,-0.9197551882086757,-0.6098170746699952,0.3778166901591302,2.6285278588339533,-1.1533666545760863,0.31749340713656876,-2.2610401298729563,1.3875649741486864,-0.577532439196634,0.3924596636151136,0.47817057606417945,-0.48141562303398683,0.6460292060538373,0.1588075806109518,-0.3834124969762041,0.08102709042595146,0.7290254552479656,-0.40324561844907303,-0.7710200990654413,-0.09641805228935998,0.5928033435354918,0.6491447237079658,-0.7626465735606086,0.4602343401528467,-1.154430679461874,0.02847912439357119,1.3591964144430664,0.47755359512048423,-1.9811598572782942,0.2848501837306787,1.3387653579170573,0.48899352379792554,-1.8172940791094958,0.18369961329961382,0.47185375361181364,0.038494542801415954,2.2107596502116937,1.7065685313313812,1.269134686780086,-1.2218944443930821,-1.4997227417364787,-1.2370767084970669,1.949958408360748,1.063555601340687,1.575191207787957,1.331220234591828,0.5842504299303688,-0.7177235839746732,1.2560177295494501,0.7050972199971006,-0.6085009788992021,0.6798356946540599,-1.3743132172077284,-1.9581250542760253,0.9671702670954555,1.0666039088347716,1.1969026647867635,0.11742850666830704,0.9826801273389502,-0.12369028899207885,2.874291395632663,0.2951921918768772,0.5265360496412799,0.4168453024653296,-0.4718766679684076,-0.3746723311160519,-0.3180516109721091,-1.0203173058977497,-0.17601190155792454,-0.23521804150632708,0.19803192094273975,1.3681043482967803,-0.14810496609746782,-0.3122503407069541,-0.8395013816254293,-0.3857344190039541,0.7740144448269354,-1.105479459046597,-0.8189243592799291,-1.101762757725799,1.2273438839725566,0.2791736727357239,0.04733837022908727,1.7127643397473644,-0.00026403610999455713,0.8947926457602224,-0.511598074686553,0.3103585201099156,-0.25917093338227143,-0.3835457665790549,0.16888415742979443,-1.6646166337828436,-1.5879898464488047
-2.68785346188758e-16,0.26375772140631526,1.0086152203168293,-1.8028579656648014,-1.6334139565422403,0.15333765505881536,0.5608001495420983,-0.49349807333755935,-0.6105330083233858,-0.6779358552080933,-0.0572613371756174,0.5748965163557459,1.618497422745285,-0.6409853585451858,1.1416402942608626,0.468702681461872,-1.1844690063611536,-1.1854845287669886,-1.8657225263256199,-1.6560884035157812,-0.42130993503830083,-0.32280409826639606,-2.8231199160024394,-0.9052717669172585,-1.4491690738261487,-1.3492480422428064,-0.5114663410187185,0.3776505048236876,2.579919362550278,1.4733214651801647,-0.06183801587415938,-0.6916103953424004,0.2190242557518592,0.9571519555518515,-0.12588103525966102,-0.9648110584954722,-1.2972533208633992,-1.9527066391189805,1.4445100560601067,-0.7890334101123887,1.5914626891225436,1.4361762862738967,-1.1561288078571836,0.3274293325871104,0.39258187031509006,2.6138798659074203,0.8445177135003745,1.565310310129248,0.49156513059582585,-0.4832961592170607,2.0836725633414233,-1.8517348600074626,0.4931398627581962,-1.264791869710634,0.9067196657511122,-0.9011396885447935,1.1258222486120424,0.44346549901030263,-0.2701137067580147,0.19716138152329754,0.6373126443034011,-2.0955143350150687,-0.48915171093387116,0.7443279808742852,1.5206611939150776,2.4209907300012845,0.443820783750954,1.6819631982672538,1.0018438724589258,-0.041989081410740106,-0.053556259412026325,0.48918800963503284,1.1090827971157593,-0.6031112034247431,-0.5455154183463181,-0.5464743258036661,-0.6569575902433353,-1.325414395191407,-1.2664363959137077,-0.6418894323823908,-2.6804996985522638,-0.4014135324416901,0.3075573890834581,-0.1651548530340749,-1.6196997108577653,-0.31778906940929347,-1.2332530489901803,0.01866750929749105,-0.6743945127925215,-0.9523804368532168,-0.6014737952162479,-0.6962876691454322,-1.865055912253659,-0.4390444337684102
-2.68785346188758e-16,1.0095960462260876,-0.2909369476458681,0.8477695308281764,1.5301307515956077,0.29751770825155066,-0.2246948756547163,-0.6260334204236488,-0.8230729461610014,-0.10273594336552365,-0.9443246567207491,-1.644187832775326,0.2991489598239115,-0.24313478652352927,0.6995818704855095,0.13632961640646585,0.5379076919137175,1.031157784172321,0.9062786666244697,0.4488217006378103,0.5867034970092404,0.7302094840942415,1.4844813443118516,-0.5070104736514991,0.31726025359297394,-0.5417876915644033,0.8855533767620907,-0.6356895515785997,0.07706961584000649,-1.1820375294377101,-2.0947266555097066,1.0102497591003794,-0.5079939807740814,-0.23028301775462734,0.18060169172568957,0.9902213364426247,-0.8152973401340635,2.7433140834161014,0.9591624564805066,-1.205056484249903,-0.3280634186218635,-1.2642839422183565,-0.1582301069062904,0.7010104396772153,1.035214081172862,0.39181976817141123,-0.3871938923428805,-0.5461618705107525,-1.1145034379485368,-0.15570778610602473,-0.5649313922227915,-0.7688682211789551,-0.10244324917246228,0.9963742542855025,1.73258933860739,-0.40469802165732977,-1.09952495102664,0.23456608299484466,1.1872782258567067,-0.6383211165016132,-0.11996716073472075,-0.0053436361984145475,-1.2795386947549279,-0.2460159763560763,-2.1355178648344224,-1.3966339041431368,-0.614805139139504,-1.5390478709331905,-0.5601850083403259,1.0746531864363658,-0.06883920866203705,-1.1347908510135558,-0.46675353353329746,-1.4563694872403041,-0.655275707951991,0.7116434844005208,-0.2848954773443225,-0.14848563651029884,-0.16953945221745498,0.04314273297018456,0.6566040169698502,0.027045049432300017,-0.7666675574090016,0.26540334247693786,0.11039975386765602,0.34302681862345163,0.5751903057356049,0.6462521708666276,-1.1083370883752537,-0.3526056595959104,-1.2492476822052374,0.3284086330874302,-2.0378741784469545,-0.6796962491268379
-2.68785346188758e-16,0.16663636524666312,1.879580915799823,-1.7273722910799147,-0.3986942615865635,-1.06211076384993,-0.7185332894372712,1.3529599297436932,2.209921910338913,1.420657219364973,-0.05038273710393005,2.365664373056596,1.8021991145535994,-0.9085316477950536,2.3394731176981556,0.04037606764355071,-1.6322314240811622,-1.0894526207345077,1.2168618340576707,-0.7673757271926571,0.40692368204388885,-1.3341292868577115,-2.2633156406059407,0.9726113148352261,-0.44363907430839367,-0.6199458008867451,-1.3042824125723929,-0.8316126977543628,2.991973964056391,2.727609859337621,2.1521988371443284,-2.9450676201469355,0.29340120837957917,1.7591360938254936,1.6126793963851211,-0.9524287956206142,-0.30675385277804135,-0.29711668897850263,0.006107942024305757,0.13553955089544,2.3318280327745025,1.5268267560956048,-0.8858088128726691,-0.1565228977038016,1.6981837947234317,1.4474139433195163,4.642676453275753,1.575418129051115,1.6014596487967125,-1.0701275347986259,1.4555099927940307,-1.4967987828905738,-0.3050554875196674,0.4320450558747438,-0.6413664534260152,-1.8639647777063437,0.3687674098969139,-0.5406800683783402,-0.8425657814017843,-1.135542024296535,1.6582191176584429,-0.8553286339760282,1.2796930916692386,0.009909757463194165,0.9902787721352322,2.6871951292014713,1.696477466563477,2.3095087888490613,0.7203974676049416,0.4997237727636864,0.8600829786322743,0.01655061808210312,1.8350309848712287,-0.4905537678440568,-1.2345060981042122,1.1782291761340762,0.2795730388062448,-0.11821592491123656,0.7249191027707076,-1.1766602574761391,-1.560878339415905,0.03941864247316322,-0.1975739008432969,-0.8551174479253711,-0.388771813886045,0.9468398370107072,-0.19078219750804692,-0.330281880402814,-0.3860268568693951,-0.44493607556066267,-1.030187301147508,-0.5262601635210585,-1.1744001143943374,0.46845019765246665
-2.68785346188758e-16,-0.19009942590544524,1.2252452087217187,-2.0399710765208794,-0.5719319233259673,1.707012424957368,-0.5065491570295226,1.3925789530992319,2.604008735247083,-0.6471209118395254,-0.18394111270880673,2.8592435559995732,1.833452599407162,-1.1689007257443809,0.8145735373077523,-0.29451361435955725,-1.5293419347582806,-1.4634705363307594,-2.0478000738139284,-1.8999093068446202,0.24067690546357098,-0.20007298823380024,-1.622350941818296,-0.6825511343244778,-2.3736488526263364,-0.8704646676856798,-0.8801885193076783,-0.7799110407405225,0.1510835529558493,0.2891203911644854,0.7726552281548571,0.5767803652384276,1.4003439025487348,1.3826028301118978,0.38362230971607336,-1.2255018074834085,-0.6026216536568001,-0.2917996220858321,1.6019229900892107,-0.5420546852216691,0.9144074749988166,-0.004630912209209137,-1.9431833681486674,-0.5221601803942079,0.5171301776863697,1.1864580069054396,1.7800310796704155,1.7636446547394895,0.40822881771326425,-0.1924365758701448,2.4438903761522806,-3.2037238310945417,-0.15217655702962493,-0.9308442207617206,0.7369539254350528,0.7424119934162875,-0.5125703739491216,-1.567686890576435,0.2680980994928206,0.15040138892769206,-0.8729856271288337,-0.3678784259201636,1.9472213111004906,1.8616436224804542,1.0701256347647028,1.0803650260420863,1.6175113421080076,-0.15403135127248346,-2.399300789939566,1.4489906600145115,1.195691355964509,-0.4538310951796629,3.018073564389095,-2.222710289848136,1.3203880816943547,-0.4413796455685006,-0.835566998450918,-1.457173904232808,-3.329475514563571,0.12059123531545823,0.12168490204232936,-1.4430952046388281,-0.2910259979714755,-4.303971034725512,-2.3289015838136446,-0.10662864710629295,-2.5199018526439168,-0.7742849343206912,-0.8092110449762306,-0.9057322587929104,0.5911190640786452,-0.033549623628756686,3.9277199500054003,-1.6948613943569115
-2.68785346188758e-16,-0.5432451677958435,1.260940383977706,-2.350459540181945,-2.266351861279804,0.7459078318162123,-0.40794814604263896,2.306175791577097,-2.0632010811690056,-0.8452953835373724,0.881315166691871,-0.031471850590819084,1.8280408137204525,-0.8160368955725098,-0.7349191689759339,-1.0105695568985373,-0.7144024438987208,-1.5609823538700915,0.417944353424341,-0.7710897243977005,0.16172216154251748,-0.8046780638366433,-0.2329491040521046,-0.6179144420913274,0.9428588560134792,-0.10548688519293836,-2.5613257079324065,-0.32683309065700644,-0.3130295311916127,1.2561496437429955,2.0131432838285788,-0.9138619447939904,1.1731506907555374,1.087740746253106,2.2432253174169063,2.005326333082064,-0.42450022479853877,-1.167161844978376,-0.997781308208515,-0.5531739244568512,2.0820882234182734,0.6453784578342481,0.07464729528542902,-2.3666749632574975,-1.0371993026269972,-0.8671765066145729,0.1111136957027643,0.611253387013717,0.5337900235569559,-0.11184071024870122,0.6473749229836949,0.20486686143253124,-0.013762246223121425,-0.7952963590205065,0.9482637292583126,-1.5912793720413483,-0.4314869084497663,-1.012653730727377,-0.921528650113419,-0.3851169043693266,-0.49961009295978454,-2.07634107250089,-0.3387771597869791,-1.1167233997453354,2.054332916798053,0.5676283585340647,0.7853133003474426,-1.2117696272851677,0.42338919786223994,-1.0203717466567346,-0.28286226914472934,1.6140275041088026,-0.27374020098963514,0.05015327635131297,-1.20997145669693,0.5458625763190468,0.9895280335460789,1.47737672864282,1.1018539513830476,0.030163517828417197,-1.0389047703254213,0.6642379831945582,0.34230932267063746,0.9891527557219523,-0.987637976013245,-0.15463487006291293,0.5815023873742966,-0.45632676482548623,0.0034184475854465435,0.5500078626012994,0.7850557259490654,0.47207867617452065,-0.16834137109838332,0.04253426112409975
-2.68785346188758e-16,0.3065997815339301,2.4337720851055744,-1.729536179106901,0.08794611262245888,-2.792274319026148,-0.32674660081241,0.09185693148302015,2.536796504134028,-0.6031516329443607,-0.009130851532860805,2.0416432654338457,1.3811742740632433,-1.7736969280362018,2.3330920341895256,-0.30645481410778264,-1.2621344610187948,-0.6078667144301702,-0.7354501622179166,-2.5458410086916006,-0.5988326623932747,0.4073495229860713,-1.6074905952091467,-0.35352718873540384,-1.0305187575210897,-2.149691327242169,-0.13131736121865928,0.6645421313934162,1.796265732642093,0.5406164693405368,2.192287096371559,-1.6664972048763302,0.4600033579383018,1.2067167029908017,0.2232896036249723,0.08497561226274875,-4.03124280044098,-1.9078550538215229,0.14710467068575156,-0.7885006505520481,0.5988411419248257,0.5742226774892913,-0.9991013750177828,-0.16529687908217522,0.4098655026393805,2.5518919442192907,1.8206562903175332,1.374021812852963,0.6967051928410082,0.42740300417772753,1.0702179979366921,-1.4065991974922116,0.22058168050847327,-0.3781460422192693,0.7056218924215711,-0.2209694449906523,-0.4908478387340665,-0.40791411353848844,-0.5754336785654133,-1.2409845014287195,-0.0714577467803882,0.9743864811999465,0.06280124367311347,0.7777218016244222,-0.7056196840846964,0.7956318395539688,1.1340523086396348,1.0830981902026242,-0.043260569295434426,0.37105800964542524,-0.4823958434580721,0.3654238777862795,0.23166530615505232,-2.4806351887617675,0.3170017234336721,-1.6111239659752945,-2.260619575552448,-0.04374386564079058,-1.6540918372888676,1.1870811952224432,-0.5274580638648746,-1.442636962102183,0.3205265921892848,-1.1359512839906882,1.2650466051969196,0.11123949340537664,-1.7012585174299009,-0.2606419499715805,0.53241762689781,0.33947001392707865,0.38470033274434645,-1.3471385274986951,-1.3757119545473242,-0.847036198692266
-2.68785346188758e-16,1.643838583084406,-3.738044832699828,0.5648321463603703,-1.2772498047683363,1.1923608029699477,0.366886186564252,0.7823224268115749,0.23626623250554857,0.9280319347758629,-0.43622134873276813,-0.13271049946241514,-1.264222910259125,1.2821558948553937,0.768852545878091,0.2744018768103238,1.951634284950809,0.7419499839155546,3.3600476966519452,-0.5278812633180298,-0.1833307857711089,1.8235377592388133,-1.584319320465254,-0.4224876213337803,1.1142686053659538,1.282230755408776,2.1097253467040407,0.16508156314161368,-0.9095742529758243,0.18371504107252012,-0.6677435918860225,-0.4457953758354286,-3.1839627985824306,-0.49121768374816743,-3.5548540989669597,1.7181527587817595,0.09067669679707296,0.5780114715639963,-3.0378861308929466,0.2732696094062329,0.2612692969275852,0.8249272856705273,0.9464931916955754,0.5022697104179958,2.2287516495286748,-1.2082908322773322,-0.8404113753044496,0.05583481681516822,-3.1422674397987365,-1.6962314383999089,-1.5513186393685732,0.18029562893473106,0.24017861371717883,-0.2514250517546346,-0.6601057902299926,3.1899899225257458,-0.5521702664533018,2.6682790466996043,1.4857788451162872,2.1061820048802873,-1.2493989122381541,2.7504963745576703,1.3984121757847578,2.2213546053247115,-1.1871232437618042,1.151425913021207,-0.9270149224088174,-0.9398092186756478,-1.0620750746420209,-1.1997242217921493,0.5167736253601367,-0.8850763942112505,-0.36752649675604987,0.7321491137890815,-0.2871255355414452,0.23804942533836454,1.7023936752956565,0.7863870601798779,0.34754737646171263,-0.6192849849776153,1.3763884383763894,1.6948957496887964,0.15507262752988224,2.0707499055652314,0.10567209330035421,-0.20799284756409417,1.4947128265273077,-0.5374596069154433,-2.3228395462775957,0.4347893405456156,2.2125587392659685,1.1097015243618744,0.22794447736488138,1.6020593933008722
-2.68785346188758e-16,-0.4968736431690679,2.096323904408852,-1.3593368042154197,0.6283513433623487,0.8381969661636114,-0.7271725063686634,1.8606243625390892,0.16512558679101375,-0.6758327590690932,0.533603222141064,0.07198333948472002,0.4336302212616894,-1.4581614124985278,-0.19414764113573635,0.17467870269332386,-1.1476898042099857,-1.4726885925959834,-0.5083275754373996,-1.3767816356549474,-0.3399464396941891,-1.1806582898429283,-1.7513066665278725,0.35987117920352646,-0.8944842157219515,-1.2102051636650333,-1.8627449290390394,-0.8054627099569289,1.4664213731350726,1.2981094740351562,1.77775198111962,0.5543150431384327,1.2927968289990925,0.773500446215239,-0.20682475075000384,0.6677876023316283,-1.5460656491794293,-1.0420823378471842,0.5356321330570815,-1.8009087227557132,0.40375700706308915,-0.4592137900755048,-1.5001799635578517,-0.6954883797500065,0.7590847134776311,2.0191867260737637,2.3061711479602796,0.9545588029073719,1.1083420928960235,0.4798016044029545,1.4775534101266388,-1.958590248459846,-0.6830275760537493,-0.2974323666130502,-0.9775660015970287,-0.7131837048232632,-0.07346195567594979,0.9725509014895416,-0.9671730080312599,0.1363687951403039,-1.3493219517518567,-1.6542373953336829,1.9013805528205219,0.9627124423095126,0.529846885345268,0.9789139500637449,0.7121146359737143,0.40318220472494526,0.3552066689530224,1.0901207682505103,2.408002443369935,0.696313452665597,1.9413193134385294,-1.6576437362649648,-0.1398294753538371,-1.0725679172328983,-1.3721063507773628,-1.1845964507511306,-0.7839888667968085,0.4533534054535987,0.07041711089985336,-2.0566225507423077,0.21803938208977464,-0.3845168903383147,-1.8283509171201966,0.5903420259032675,-0.7174396201255032,-0.05236623771493068,-1.5627065504779492,-2.026707830340334,-0.038887415023819205,-0.1179237415206521,0.2514147084379784,-0.575659651023142
-2.68785346188758e-16,0.4087630777614281,1.92218774009069,-2.1467586121862112,-2.417225710601039,1.5174187157656944,-0.02583803962730209,0.7345457706000736,0.8303451042168735,0.4583821452927125,0.5419013582797707,0.35830038144483667,0.8986108329841166,-0.302813542082792,0.8073147464154452,0.6902396976441725,-1.5021355751565764,-1.391713713929548,-0.9230832752676341,0.6985147456634759,0.3860504346898629,-0.5293111710051753,-0.9100936035955327,0.03591691446816059,-0.8036009041395014,0.13876937270371043,-0.23600429286902444,-0.6572530991923524,1.436384183652451,1.1614094414270981,4.797338867753392,-1.681707361194166,1.4586825360163522,1.3386930510287525,0.25782908570204266,0.2266353688332674,-0.5053043394972441,-3.596225588330398,0.3756256970070817,-2.1158962233230554,2.2689634176864297,0.9753327540806379,-1.320365855324336,-1.0847668385633025,-0.9290560902736487,0.7799000642990435,-1.0957173018500468,0.47561719523866386,1.8507044434829396,-1.4941056072045278,0.871796816855348,0.49746773240682995,-0.810024248345437,-0.18805483945523602,-0.3038964815551169,-0.3831837080911614,1.1154018982404241,-1.3323546418858647,0.018909071925226617,0.7710475007486323,-0.2909733528597105,-3.0740767416155417,2.615118712218335,1.4533574111373049,1.4169720443206812,1.2160244316161333,1.5055805777241045,0.9687734884674379,0.4369880074430931,-0.11895219450041747,0.4079974115731849,-0.2219005548517924,-0.18200106699331764,1.0357380967265535,0.5817758642777465,1.0853740627161008,0.46585388690820373,-0.0414897983744148,-0.018475135036735923,0.40604041599312135,-1.2559878589467566,0.14579328534203378,-0.5797196854541102,-0.22543540563634115,-1.8818670515915328,0.013183058630768072,0.01565457128793213,0.21725853492591868,0.6590745445425634,-0.7469792710640208,0.8410662158188551,-0.8015407714075038,1.9765182615666834,1.242730534593466
-2.68785346188758e-16,0.09493602846275598,1.2620328153337474,-0.8912686820808283,-1.0273127988909527,-1.9808180102691235,-0.7151606022391792,1.002850527889495,2.75967473146779,0.7044623837344427,0.4913972734895236,1.5155692107934806,2.601753145817378,-1.7513682514645748,5.07747355513633,0.8718313518268889,-1.8975609178730573,-3.0592288247314343,-3.572808239810385,-1.73371447473957,0.5640952119821447,-1.9376947198844863,-2.511273243391052,-0.1852370215318672,-2.502977584248032,-1.839176054105268,-2.417790846757359,-0.1329180849421369,3.6791890326550827,1.6707160439432207,1.1303163431679886,-4.82911400627748,-1.2911294362272345,1.2884066291841707,-0.3953384607264799,-2.1854331606099096,-3.088156733739929,-1.635603158844569,-1.3382606663944276,-0.8440783756151437,1.874005345766622,0.47972336517270386,-1.1747353094663768,0.6149467904067498,1.1032570696411368,2.065995137959314,3.6922351571888568,1.3171220088383502,0.513053088155692,0.5779635171742913,1.790244693734167,-2.142790560352943,0.1260795642671933,0.6309889905751727,0.7506207776978464,1.4138175173560728,1.1388973390261568,0.3996963793980225,1.9457548895445258,3.6727829249698667,-1.7322836514109328,1.0533852799066161,2.5813622335849966,2.4913284646484635,0.28596297537398063,1.2421009845149473,0.8604375804796611,2.2981936292752065,-0.16040891383204137,0.6351394853963106,1.3815254727760333,1.170711210674006,1.557125645474167,-0.642866962650097,0.30086148269687424,-0.9121301915246309,-0.7772460953619524,-1.5564120027705184,-1.008986299091782,-1.0170126073176742,0.05948366750008148,-1.3355758834092484,-0.5249783636958828,-1.69771092854307,-0.859562889329176,-0.1634246908612641,-0.8907461433049385,0.07910676586076362,-1.4340571124317403,0.4500890137630402,-1.21976038750133,-2.0897727821031093,-0.38965267946435345,-1.8932629505459686
-2.68785346188758e-16,-1.027964763370014,-0.20537944974084538,0.3041250315009297,0.6529840641070759,-0.613822950222876,-2.1306636627914473,-0.40172991759392757,0.776068013530293,-0.04457942873789068,0.49816438343400193,0.5701104783542725,1.6867063591883598,-0.01412052934773933,0.8715953844531091,1.6755528616315971,0.27009532753083454,-0.4220255325109403,-1.0755827229649684,1.2630923027992587,0.29422129037607964,1.1911741689839617,1.1184734922825887,-0.8110094903354014,0.9017874443490222,1.094586844322607,0.3950011372978742,-0.6094026521953284,0.5750952025718787,-1.6713019146365835,1.1831496378223993,0.41327969994335234,1.1214988865315068,0.1550084372314689,-2.9451144766998594,0.0039010073357590644,-0.2772010197541261,0.07371685206346734,1.3521652753413016,1.1249656248087017,-0.5445361090819968,0.7344134759011715,1.0152416300928484,-0.4789769579608548,-1.580710392589602,0.15751649015407676,-0.44358900253087363,-0.4141753097179016,1.48192041006115,0.2798448541049676,0.25925703197641475,1.0396267336971674,-0.20009685728252802,-0.3554856172774958,-0.07888434482570529,-1.1376012348498876,-0.27657863207966316,-1.3216371049641653,0.036585729301404635,0.874166933863428,0.2792423502746075,-0.1258771039638404,1.2486134641907867,0.6373587349543428,0.5231437603918662,0.3993637332844389,0.042935332686211775,-0.3900726515973741,0.8051529396814461,-0.042810195537146815,0.1427879088488755,-0.8322857205618908,-0.885208891169367,0.1859697426611141,-0.6024543891696802,-0.004356748567493518,1.309438691442527,0.2455059943901401,0.8283562738586299,-0.3347722471950572,1.8242698607070376,1.369802680886046,-0.09923234456564538,0.10936124147690801,2.3485278746500846,0.07842283727476988,-0.4175263869931231,1.4994207471221703,0.5303480582842278,1.5978959041744327,0.8375821138635938,1.0291337605399429,1.9907947689033416,1.823245692752348
-2.68785346188758e-16,-0.4640495179803187,1.989334401451567,0.05414138633248655,-0.18114738063179794,-0.5210311509868935,-0.6709108408269074,0.9902421442694673,2.710498419075582,0.5241899642360394,-0.5152710367565053,3.3307508393185494,0.9422477864906437,-0.9783572102995044,0.4962196698218344,-0.5360286762490217,-1.335898922167543,-1.4645045382832749,-2.146554549506546,-2.0278984470253443,0.39288259932361813,-0.719594724352683,-1.6821830155618334,-1.0547279610653075,-1.553824340177107,-1.3823666915589308,-0.4971221054199445,-0.10706670337830881,0.9332215686552838,1.6227716976885374,1.3524549808729276,-0.37665684693855983,-0.2046517389406629,0.427127696198192,1.1380378648955243,-1.649071513496196,-2.7680602850392604,-2.6094356514044206,-0.7153531494216018,0.3737428736696893,1.2413717483160298,-1.2640105483845858,0.2529460567871422,0.13380570727244023,-0.06905069060785529,1.1116905893921432,2.1668732312270502,1.3338323370106993,0.9335638174344865,-0.23440024766369352,2.358796022370204,-1.623179753843216,-0.07461389434103106,0.198768160603027,-0.28651364735368745,1.1307420741085366,0.574150217263536,1.0239938836718387,0.30246945212309795,1.9920723858065552,-1.2748809532294163,0.4096097188552622,1.5694943224905868,1.8510996344956645,-0.40141384510291245,2.524573076609987,1.155843616626377,0.714951204929979,-0.8214384865421089,-0.1323510900982225,0.2612127022001577,0.650319445835461,2.3599546683033377,-1.3388506298301337,-0.2082757189169559,-0.22340487212161214,-0.9950926368863185,-1.803954940730784,-2.305580007537368,-0.3015476134806089,0.24885155910207524,-1.0894536417943832,-0.11173588803210686,-1.2132767891194531,-0.48688607347451135,0.0009576108538425874,-0.4055467394370009,-0.9211903133835065,-0.8970558569775422,-0.4431846968217046,-0.259556265329282,-1.0631502896576854,-0.6026083748587507,-1.318863748768687
-2.68785346188758e-16,0.6227831014863208,-0.21221291284726648,-0.5670747622999244,-1.3457248028241116,-0.4758120830671118,0.025117810307976204,0.7482248182756188,0.09263033181151381,0.6017225325941254,0.05217225119314972,0.017366426944928293,0.8495713474453598,-1.4878638353152962,-0.16402248940208397,0.21301823075351206,0.06558321292314417,-0.4054467887396003,0.44710424929031745,1.346856931913962,0.706782518811484,-0.21675840631470644,0.3299850258791774,0.4570384681864766,1.2316645908290014,-0.21128841212015848,-1.5396278683418516,-1.2204785873093722,-0.17081596570353325,2.3122952842596893,2.1183976880297806,0.08861614002954021,0.524977896732312,1.514930068501458,-0.6903856930573037,0.78544738907071,1.0192203869186436,-0.6476303780998389,-0.9202998354565728,0.16966516454938274,0.6097197146531148,0.12396359187510889,-0.28194407834016555,-0.5718633211811488,-1.511320865631425,0.4405932296673094,-1.9674349888919205,-1.4365606317196666,1.1915538729455348,-0.06648282260988239,-0.1898680421714593,-0.6440247337147607,0.3604277070913873,-0.7783065358684451,0.6070500424822529,-1.319497436089161,0.8397529057475165,-3.0871029986297382,-1.1065951150546398,-0.5750895365088021,0.3098187009619173,-0.610895621413286,-0.14371620021590004,-0.5863551015873955,-0.01610946749661002,0.28828177846376923,0.846246905170314,-0.23954420685850875,0.33073537265680303,-0.40980091605177116,3.2516399912629974,1.372696147986296,0.7190458652507427,0.6513819719063498,-1.1859783229915137,0.12564422310406062,0.49617029000586,0.034836778024884996,-0.5615672353521286,-0.8344940991488127,0.5584671375052996,-0.6568990573568249,0.1501201502283751,-1.3019115354353605,-1.2217094262091157,-0.4306393145462286,-0.0720761685720709,-0.699115696408576,0.11751422446483716,-1.9568161045548578,-1.6425340939534014,0.24597818171199815,0.059284826582881645,-1.205915160699122
-2.68785346188758e-16,-0.06139326699738493,0.8503502082180863,-0.2438747033323041,2.429057709847787,-1.8548355516096022,0.04915090777036056,-1.4871427603605947,-0.43146739581403404,-0.3622587826536095,-0.7728583949804521,-0.1391077511749394,0.5546326045553155,-0.4539608266394365,1.026563774515285,1.3135756571424413,-0.7802625186331545,0.24364608970154183,-0.24935007006678722,-1.4252304187525804,-0.17489189046612733,2.0217282328751502,-1.673651529392601,-0.42224989974523397,-0.2460454477881946,-1.567607111159925,-0.02288430636212213,-0.2040674754951159,0.14285452741936827,0.8218514157891913,-0.7408363187467831,-0.6366796737453875,1.213727904655598,0.3802449586804677,-0.22553145565971033,0.22315678714565637,-0.578011813099917,-0.25598249058947525,0.29013569259572386,1.8847097192404967,0.3555066252127038,-0.044631007668942235,-0.23630024843814793,0.5317925612508893,0.16695476524492103,1.3332118591472835,1.5424157797834943,0.31449534836447995,-1.03540477586584,-0.9348341687120626,-0.5269070463635112,-1.1772069103363436,-0.9410845075382887,-1.7277525512468799,0.03538562400841997,0.2211528176651838,0.3185842871511076,2.895926939953377,1.0797740332123953,3.5104804646521828,-0.9320741522524875,2.390772856487496,0.5118061308768486,1.5903997839365285,1.3145454393099771,-0.17935120172234265,0.29057167132238326,-0.8007443281094515,0.48854744345232615,-0.19273471090815703,0.7734621787944671,1.552936708361108,0.7629089492650953,-1.708326101372326,0.6583316327650086,1.1716486989196426,0.17257018431503135,-0.8864166522726312,-0.4284824201028667,0.18847101505857788,0.791102815499446,0.6159304832479693,-0.06585724376107459,-1.1796868211320208,-0.29866636074972475,-0.13276241039019016,1.4549963419693286,-0.16131791185106245,-0.21839668266435594,0.8985217416033449,-0.2211553176031359,0.9650097026814318,-2.274858559684305,-0.2170793468132311
-2.68785346188758e-16,0.3008151406963183,0.8822574967710702,1.3305494445830726,2.2727857347215363,-3.597257455973789,-0.14132493134226654,-1.6257404667081563,0.31977218342055896,0.021203910446058096,1.1388572852430772,-1.083309686084907,0.5576808656918208,1.2485771886195534,-1.8508546069292644,-0.07996648728044069,-0.08110936681859932,0.38364061396295435,-0.5422086821029829,-0.9583402769693177,0.35703894218054816,0.13930866715231865,-0.8206943706128468,0.2649727931938778,0.758729804358452,-1.0009850107088964,0.9494232255370306,0.9121505950337785,0.20120155190431846,-1.3524113964390385,-0.9417969021250858,1.362814292406868,0.9162070756842694,-0.3276100142877958,1.4053463547101308,-1.7939296069491901,0.4867108569462479,0.7416263713803563,0.6026297896280919,0.17156698889727554,-2.2402677576331627,-2.091475966854772,-0.4419500162574046,-0.26164573649479245,0.602144624084295,-0.4751337796461489,1.0973930982458109,-1.771737089682619,-0.9572107284663476,-0.1867316968409231,-0.7254191889694922,0.12522581292734308,-0.6967675707830927,-0.6973787225852511,-0.672384949397036,1.2184326457492733,-0.4638730358289507,1.8413503415591812,0.03383623214239728,-0.35498810598319963,0.6934731796004919,0.814837852458483,-1.628830973816183,-1.211859945243654,-1.9545807778591118,-3.687880700853639,-1.2259353982377317,-3.286337876560764,-0.24759526989169817,1.06686411331792,1.2014904139694509,0.6887209923034961,0.07305084924311753,-1.9754371893921765,-1.3882912725638366,-1.1863964217666882,-0.46980836014285443,0.3313869008737389,0.7083751571987745,1.2045514592944233,0.7862590990224962,-1.4835769804543841,-0.7827649933475388,1.4285844792282743,-0.4289698927839406,0.31822634299292396,1.2834688678330937,-0.3433339670990393,-0.7561496082849113,-0.4229133898572601,-2.243885997694985,-0.472706682693615,-0.4154356249232277,-2.6207701805871895
-2.68785346188758e-16,0.016435110409921874,-0.40535415602975955,-0.27881863637174853,0.6789919511401201,-2.505836231687298,0.04961626635341457,-0.42431656519259997,-3.0425848294419664,0.45426800835139824,0.09014728719984384,-1.102597907758497,0.19387310048645,0.7041246086328373,-2.057354449185191,0.037652300260734586,0.853314520595708,-0.07015324604116802,0.7139961054438153,0.40878206792743593,0.0768169140396034,-1.1255328212283386,1.316352364522388,0.5896604345788273,1.6399057102751846,0.6356590586061958,0.8760940229569891,0.5174301977139104,0.3617462309274482,-1.8628993176584052,-2.204088930210412,1.3547021730267463,-0.8207346610275756,1.1977682687909537,-0.6009172956231653,0.38535637896408953,0.8182668411371681,0.7717625803659128,-0.13791639891005086,-0.12479428178625068,-1.185051386964727,-1.0858442598071703,-0.9404132913118136,-0.8946092765345445,-2.7210511341885484,-0.7812974475605688,-0.5375575517112201,-1.3037772798572589,1.0841854797159145,-0.03753426057938633,-0.3658473274680567,1.5461657607039592,-0.15816330556457606,-0.4815097842992582,-0.09671432178386614,-1.0590269965817307,-1.0284661292116963,-1.0273598783749187,-1.4463703510587242,-1.91666068355075,1.7172843092033692,-1.293898590804638,-0.9057550178550945,-0.347616397017366,0.6918733193855222,-0.554147513386877,-0.4377206216838816,-2.0466356910976007,-0.21841612285058537,0.12244151415416897,0.1442863607713089,-0.24901701947987237,-0.2630616752332674,0.2466881440328122,-0.17436005917846958,-0.8004575695619128,-1.4096834104307303,-1.4261624729548492,0.34955142307745535,3.055349234416157,-1.276844968594671,-0.22562243250984404,-0.2644046612752564,-0.5233014065813891,0.8429890456254931,-0.21790723562719522,0.42103887840022824,0.2854617886658233,-0.6091439034016598,0.3605947248286291,0.3859761156960908,0.6795477243020864,0.7817434682470816,-1.9535027795377011
-2.68785346188758e-16,0.8566632174382149,1.0373139898043344,-0.09720829676805195,0.8038769890464548,-0.5808229468408697,-0.37016986271675345,0.3103679175958328,0.7167802955226278,-1.0513724882701443,0.08356037074032581,-0.11127157696562107,1.8461912360878172,1.0474525764802816,-2.3517101844342037,0.9232687203005804,0.8987762752388174,0.10191655852268175,1.0670481315674323,0.298582515211388,-0.3348677506676366,0.9024364884930349,-0.09850130067411506,-0.18934800622488035,0.06380377934772194,0.9899578440843254,-1.4576984526531398,-0.08796647793170506,-0.494958202251112,-0.1103513722848346,0.0560615149912195,0.6441891631347784,1.1803392355793443,0.31744676286753076,-0.08532287011646367,0.017600866483664657,0.035422475602493064,1.3051534206855133,1.7193223689723045,0.5338557595253338,-0.4428286317375873,-0.8063664173465828,-0.9215025977753157,-1.3419092708203115,-0.3487911616833075,-1.2708470934656122,-0.18509919595456775,-0.8576181946974955,0.3858520745376148,0.34595604940227626,0.32855141880452,0.31314445704993366,-0.5790390899758261,-0.2928996438498193,1.250748892646127,1.5721784573561277,-0.20443796073007778,1.8920751374762177,-0.2739260404450534,-1.1677053814000187,-0.040823991912726565,1.0202142240165972,-1.480529247736778,0.7480080050461931,1.7557810260607885,0.9519718849421838,-2.348973602499808,-0.3504702798161973,-0.4362681741184376,0.9104011308279719,-0.1502975798849786,0.6355310360086124,-0.7149657532824637,0.3895551570365303,-0.29095687748049953,-0.2974828229721725,0.40831257383766556,-1.6241108196629588,-0.12917904739018035,-0.3302350079743195,0.7219594829465925,0.11137366187217936,0.40905437457252014,-0.025994496822059676,-1.439700409455041,0.42760108999071583,-0.0973634729880356,-0.2749004812731594,-0.11358102961582317,-1.7059739231527118,0.2463470124154883,0.5170174429240741,2.427512481800871,-0.5129591379285754
-2.68785346188758e-16,-1.3828489381877198,-0.6319026627217329,-0.9427558480016144,-0.9866725089645103,3.1778019398667543,-0.08408919644352778,1.6829883134243735,1.8170359021863318,0.1480542248565625,-0.07450955419958365,1.3096597790581743,1.0221000372390165,1.531141068269022,0.3551618197306885,-0.11549911499551012,0.39511812695554854,-1.8359232325889838,0.6958552651569623,-0.6194374042350809,0.8480185441938954,-1.054885270992064,0.2846001734408348,-0.9379757716698844,-0.8029698154680738,-0.6674164162932168,0.706398877491929,-0.011438955446792081,-0.5297138377737112,1.8916199291945128,0.19458531350985098,1.46441625125444,0.36812645557010615,2.168781812468801,2.9198054108272027,0.8344324327535252,0.980762989182139,1.4740778988611276,2.0343688941531015,0.5245928180397907,2.383596136050779,1.2554992716381743,-0.5971098286272357,2.57487623237775,-0.13965313375132216,0.11202619676991343,1.4926066435979004,1.4553645217360072,-0.2554879099647779,-0.11066165161266998,1.3136568390072638,0.19495169175806604,-0.27871776602787074,-0.4878216731772427,-1.2786666544658658,-1.2764580122801878,-1.4955862328332294,-0.9180625340742049,-1.0547555573114367,-1.0412248685627215,0.7125978553722995,-0.6052984557983251,-1.4925531418708489,-1.0621620275617418,-2.156750928477313,-1.8585700806539236,0.46074074987116403,0.30017684192456406,-1.706776784749119,-0.9590545983461563,2.1580187738956016,0.7275919488835663,2.078418247740333,1.0545887960755271,-1.3793598392600719,-2.2581140491294502,-3.2087429823530895,-1.3851859054008984,-1.4332446091270714,2.139352622018953,0.26983617494362566,-1.075670178610024,-0.3328163477655139,0.29355927748888777,1.3709905719138766,-0.1233199200584737,0.15705688097198228,0.32344033339251,-0.9251928722419608,0.4303408972291096,1.049704800970896,-1.3339804475886567,0.05130551238806921,-0.5001946678975098
-2.68785346188758e-16,0.46544028937781623,0.7889431406189518,-1.0592405402314782,-0.4299944720494398,1.0432801908515241,1.446791878875989,-0.9267180579195824,-1.1719042024700936,-0.8175064305651573,0.49294071565915437,0.12371746647251786,0.4688720101877661,-0.645690335936403,-0.5157423572873182,-1.2626419182658568,0.16592258070836782,-1.8164460280007564,-0.65849710247569,-0.3397877407431671,0.29962677292600104,-2.741117544290498,0.2616113579092888,1.6054157618334222,1.4800657772425179,1.2239777445416908,-0.9712941311893848,-0.21809880751757968,1.0715436962024478,-0.27164052386899895,1.6821886252105784,-0.15309107375754882,-0.4830008868647638,1.0828615909559307,0.5100226023430013,1.5806189491292426,-0.5533922205176623,0.2790896661915652,1.4927594624514666,-0.2557748615703877,0.1113383249046983,1.167361554667108,-0.6434439202191379,-1.3193198398208161,-1.0309596768947484,-0.4120219364249051,-0.07993087863176658,-0.5899805198342736,0.7597365714530351,0.566587786869323,-0.5527517421055029,1.1167336611657899,0.6595374580475881,-0.5241435411616017,-1.0008570394917753,0.21264614169232132,-0.09414180391287018,-0.4063346927739484,-3.1700946798547047,-1.0267566735019549,1.2974904707261916,0.7630583188370643,-0.7706829466911829,-0.9531019035589013,0.30512731611781707,0.5416987638930972,0.16388537544152287,1.2403329373067562,1.583269833958488,0.9781393069500884,0.39083908074167567,0.5547763718640005,0.19301182369263967,1.245310751452859,0.362616923497649,-1.7403597782628926,0.42827528009704496,0.5441249029471924,1.97876061229882,0.16951516211387319,-1.5507573398274896,1.7167629235502286,-0.44595004996347554,0.41915110894683366,0.493157218568507,0.05625998246616524,-0.1259412034840069,-0.05290438544958692,-0.48140981900944385,-0.5713269658801692,-1.213541484144613,0.2952459449571333,1.62564914810311,2.658973448301837
-1.3046031469419848,0.5445189942164352,-0.19586360607268594,-0.4795683325496219,0.47575830858693147,0.001850491812345062,-2.0345087169962186,-0.24209817694672078,1.6365058566725474,-2.0769724209988807,2.034359400927887,0.9234003326865917,0.5271680823610504,-0.7720249375680721,-1.1049790499855177,1.5826367290380374,-1.0871519036374455,-0.8640041022135029,-0.7720435829535679,-0.10586453782909,-0.5987209848821472,-1.0961678646147477,0.3870727994070253,0.057443163979905676,-0.6034154703338621,-1.1439377490323754,-1.9590335347866459,2.481514083952173,-0.6529649656947124,1.932297350281923,1.63150020507428,0.9623445196688143,1.0211546976613661,0.8579901372231713,1.2318605253844233,1.1316615810750696,3.3959784415480083,-0.0077652566324655226,-0.31303222431806,-0.07285186420191825,-0.298194685876035,1.0617426239595784,-0.444355277278877,-0.4910413623865266,0.46929361122087987,0.21359965328714475,0.7527581106906475,-0.1126550180378616,-0.9472867492766056,-0.5449636205058732,-0.30872566777096033,-0.4026061945386281,-1.3055225390302512,-3.1265013795470553,-1.927101104359492,0.3915084077351465,-2.6028730325797826,-1.1193137790317862,-1.3277413764468273,-1.5378854891152807,0.654151281009154,-1.2995138113425282,-0.35412828553257414,-1.5570517619478894,-1.2400948692503573,-0.40091605741977954,-0.0969900610766723,-0.3912385656715435,-1.1626291406177158,-0.3212972159189607,-1.20473357620366,-1.1908873715618291,0.13102189039115175,-0.9084855092461523,-1.0070556306779055,-0.7360565072859284,-1.1076055255203254,0.8304148991741497,0.7318374869728721,2.7764858535412884,-2.5300301755723242,-0.6153981859771689,0.3315018865063729,-1.4573712860884367,-0.09702022738467103,-0.10036659307712664,0.9611031177041455,-0.4982478269031798,-0.3441737128066143,-1.6734541283028381,-0.48371539398404473,-1.1618135341834803,1.2948264395635405,0.9636935507424663
2.9606592312046325,-2.1482472876732723,-2.9510349195798318,0.3355100267048725,-1.1258191486798323,1.118747441035033,-0.9119577743406833,0.09776076030374481,0.9137972051984385,0.1882837760290933,1.637202365437717,-1.4647988695795449,-0.5856876985314589,1.8405775635415327,-1.3860895037521468,-1.8517524255504567,2.9661466381455757,2.563469950622216,1.5663188499135108,0.7159134151522428,2.16482258826718,0.002894374918211595,0.1047458345767181,-0.34405434935063095,0.2584626984301961,-0.702111504558151,-0.27472405399327465,-2.06646791028758,-0.7278046236526632,-2.4915314030945734,-1.6297559921973401,-0.178385385485895,-1.5984997936779426,-2.234748534313912,-1.225033589384721,-1.9864408083159177,-0.05018279577766516,-0.4144852587694742,-0.86499189394747,1.0928635721299433,-1.006446037304322,-0.11077734072877571,1.4210110621723344,-1.311525512610705,0.1406737560684992,0.6833575392048866,-1.4005969967180159,-1.2062766780034564,0.5348016236724195,-1.0616609700756527,-4.238867447988106,1.673450922555997,0.4207673918737728,-0.9220860976812331,-0.0796105405311509,1.4940588392801046,-0.24327658633480342,-0.5334541702597965,1.02819443397686,-0.06150328616227482,1.2245070524653137,0.058557011405926784,-0.19348552930341173,0.4170261559427602,-2.983204177743506,-0.8328383132459056,-2.2477949404371924,-0.03335855162534063,-3.4795818108473626,-2.0007425643128887,0.6057273482322496,-1.7525502804640245,0.3715966337034703,0.4422276782437402,3.0385531338209035,1.8037832414615442,1.8562982510667971,0.47010154365924384,0.6035767640006213,0.4425058556464219,-0.4864754516727475,-0.48099887757156173,0.30786936349353483,0.6885496631292334,1.5462273894562972,-0.4613783450180612,0.879590622957482,-0.2746517660480057,1.6838950571259885,0.25690644688114783,-0.8648223399227674,-0.07755107441685583,0.04013497981594834,-0.8136573637420796
-1.9091060524741272,2.058365220728089,0.44402314597110776,-0.20441860404517903,-1.6181351342057475,0.0565703520786669,-1.4983208621198716,0.10809051216122101,0.1879087774349757,-1.2074950201504855,0.3834707253033186,1.3311590334633052,1.025957415138637,0.14093237593772467,-0.15348045554298229,2.2213067686094665,-0.3488217379516868,-0.5823485121323985,-0.24843513161207426,0.5439833666260263,-0.4121377319935863,-0.896391441892087,0.2789237751576888,1.4205438601782392,0.7002798214055882,0.515561148708851,-1.2574572322293989,0.9592952652170225,2.1415529277216603,-1.6750994198839866,0.9803948465208732,0.21041322571857474,1.0513788240630308,1.4077576223241244,1.3114269660866091,2.0298327176331608,1.9425314777450886,-1.2203273819753249,-0.6625252652213386,-0.1962261829124149,1.2608409438838364,-0.07257218108350394,-1.1490475396723927,-0.7489013080208065,-0.8537955818676597,0.6969878975514336,1.2597982509537773,0.18294664926029,0.42472471039201415,-2.042695288514236,1.0378922594216773,-0.18002121902367568,-1.185281338513749,-1.2810611571390589,-0.7813550451944421,-1.217581132573401,1.9607683577362736,0.7412645887637215,-1.7498391389506294,0.554039638112577,-1.4011970059343517,-0.1845375001729579,-0.44457514392333874,0.04005401184594698,1.2228303994338938,2.346428015771825,0.018190121650661584,0.8284707863334378,0.37754044497082717,0.45880934186365624,0.0337440929900783,-0.6127737283914453,0.3322664067644187,0.2527146208923725,1.392014446982667,-0.710955492509986,-0.4800992189457832,-1.0436121089297,-0.4485921091583357,1.0468620239411521,-0.515590558817058,0.12242131461042612,-0.10707725614878927,-0.776041789289595,0.31345739336080786,-0.723903818326653,-0.7590088637062442,1.2345464611041534,0.07536735900935992,-1.6552626554687704,-0.923930503937358,-0.8165431214292909,0.6055829322950597,2.0873887251355305
0.053514471167785,-0.861566403338448,-0.42654003789599854,0.8353571794595432,0.23679002089333526,1.779080659019792,-0.509541608058203,0.8539054203426965,-0.756026189598279,1.3963869360025702,-0.3157155694344529,1.2374206475394955,-0.6206825278318135,0.9145926291566301,0.01392448116908073,1.9613167230771305,0.31382435034626593,-0.08959006398869718,0.6771414588417495,0.6711995785616197,0.7222447579535752,-1.0506947126724206,-0.5915190126768154,2.610535833706789,0.4727825909159974,1.7578736689924386,0.5965933600336585,-0.40332464896705456,-0.31909620401798083,0.2368542480037436,-1.1731638910100273,0.6705233307171574,-0.7391348248752807,-0.2715304864273661,0.11668750193332772,1.365212861963288,2.8040135532223687,1.1095262792356824,1.4751565801808457,-0.1471625388948348,-0.6767644660042498,0.5817353957161957,-0.8715670696603529,0.026450164949139987,-1.1005170078498345,-0.593564664311107,-2.1281002020685316,0.8497091906133745,0.3803167638069764,1.139035305707942,-0.9315063426691211,0.40902700368602096,-0.47892435371289793,3.1736603100406127,0.04315946995913586,-1.2219742274097574,0.4056195235485338,0.8973694826043257,-1.232114855303593,0.012044375689484299,0.5295597750868035,0.8630484227317088,-0.5374914143298976,-2.342834875282317,0.6529903142600847,0.2820227671240507,2.10434612232915,1.7561204988246648,0.36715931711286287,1.1358169928725426,-0.2851690833359921,1.4024647038703986,-0.28547703650489836,0.36100837408371733,-0.6280500179738857,0.04332634373683003,-0.6868264135839115,-0.7069956353625583,0.7469918625672287,-1.333084186981807,0.020615505978040294,0.11154321489364112,0.569255562208234,0.8011126815763311,1.1385732319228987,-0.3233896839953009,-0.3572629122631511,3.0480903004902036,0.027232821566891247,-1.942817278983276,0.4164517904502027,-0.9588507334906045,1.1625619871682606,0.8285058142969157
-1.1461082786843886,2.1479421478955603,-0.6721674916964075,-0.7103201821809547,0.4216039389156192,-0.638212694708469,-0.4812171586430589,1.1513657700271005,-1.2470462993163018,0.19477789566835213,1.2849659814568586,1.1935854974039872,0.7893336722654093,0.311851978725278,0.506962738429552,-0.5032703102504819,-1.0944838448431717,-1.7664294802192073,1.135702962184554,1.4994855747712692,-0.9967155950099034,-1.5972588965318837,-0.5711494279129289,2.2148743304979432,0.7473611312183923,0.18030571245540206,0.6053395930118172,2.462849510353546,-0.6798783881192297,0.1439627448586767,-0.5729077545260712,1.3866094662228392,0.916410536087199,0.3738705705972314,-1.4441943446816916,2.8736426509756003,1.6120745957607046,-0.8896524704695222,0.6076179218957488,-0.6919177583940501,-1.4493760003587561,1.339555507323332,-0.008810032444052786,1.4928602186791404,-0.18183393107037352,-0.09567601345117782,1.1280488485897537,-0.09236698631464454,-0.7543428939892595,0.7331201565903999,-1.3464124357603853,0.004073795039920988,-0.39834186729890625,-0.1363948238361643,-0.1026560328237032,0.19071553300201305,0.32122726242663147,-1.2778561119148901,0.014554195312789897,-1.255759592503713,-0.22838361359089054,0.47288331714666043,-1.319000322079998,-1.0262281837455727,-0.42953486906222305,-1.6534611128243368,1.1874957666196297,1.5856759716758893,2.137441058053349,-1.3007278777540208,0.2693886069217577,1.8233211991485032,-1.6545578090075304,0.7928519320105336,-0.21123221336453618,0.38334700422503776,-1.0170201482356183,-1.0338142783057604,0.2205337270483346,0.797106057803135,-1.6842803226919167,1.0563426139451835,-0.2045332948320443,1.372551051868273,1.0099683137090052,-0.9131752793508472,-1.2945680167634954,0.7768045608531925,-0.6605523169780042,-0.9198486899225958,-0.8917536558108217,0.2971324399701411,0.11166062024506321,0.22172454661791796
2.7555112061338565,-4.294810490592857,0.16253403161434885,1.5349865017262452,-1.2468129829697707,-1.2748907201414705,-0.5716647349420209,-1.994091334245616,-2.9218850987326705,-0.5768522708655308,-1.96372842375928,-3.204454713158188,-0.32161690280733113,1.185229927231554,-0.09743890567405299,-0.5559884394672014,0.7818169932675508,0.39848539374936176,2.4363020686624832,-1.3454338230064162,0.04984668447693297,-0.8696903244013521,0.4811159413595628,1.189512437111746,-0.08899648053493038,-0.6078032027892901,0.79493747984322,-3.3935967667723146,-2.7205718161894357,0.6788580555799126,-0.721743776446375,-1.551740821321697,-1.8995824279791798,-1.914861303524357,-2.0701834482737835,-1.218944769792142,-0.5586217007881686,1.3268564004577375,-3.3736196240497787,0.20269671308950804,-2.9524904813848885,-0.953071579667458,-0.15328941770086668,1.3423868849901743,-0.5564317302592198,-0.9100753722971573,-0.6947150225195063,-2.973424131926326,0.6648185085172925,-0.16310248163561064,-1.0167750884664442,-0.7014615874019525,-0.2192604549709647,-0.7940979461711765,0.2025054856523271,-0.6406454696841787,-0.21815080193878592,-0.7322209205457362,0.5498571505690505,0.3082878366055706,1.5295723028748869,-0.08829962640861058,-1.0506103508001945,-0.20225780318171296,-1.7979845406810024,-1.1162929720398937,-0.6473606841042253,0.11511275784179875,-1.5311518477565487,-0.9435970891028608,-2.1281296647622705,-0.40048063650353094,0.7754612565293497,0.7483653813298624,-0.5775121973396675,-0.06522076091352366,-0.019751028923042802,0.5536670717874084,0.6794786650901182,-0.13319672451774828,-1.3977229715417046,0.18374634225834674,-1.8474457038701662,-1.1535513130070514,1.054877428039609,-2.5667116930420844,-1.6475272682144786,-2.842206977089909,-0.23407132828603655,-2.0103269952008604,-1.0536093769916053,-1.524212750717537,0.6868353988163187,-1.4302428151643483
0.1364598332881906,-0.16993043401972774,-0.3016115611601053,0.3917812156097905,-1.3128099132217588,1.6336837752148199,4.175011348953151,0.6025264093671989,-0.4827729860155241,0.9168834972261091,1.528895515054204,-0.40257260719629073,1.5215934116720264,-0.15859579477876673,-0.6248726109554212,-2.8423979618549087,0.8195689334352898,1.9471564229021774,1.0148789835267786,0.44575561499134214,0.689863063804195,0.13317254266833778,-0.5870388980610375,1.2521021480539507,1.4139119111231873,-1.5594660628580468,-0.7572127044265591,-1.6355919524166795,-1.6133745932504597,-0.8778199982222937,-0.14496457823560815,-1.551178641842138,-1.4139334777735788,-1.2464346809636229,-1.8292418596574094,-2.2352554277294283,0.5831596840091661,0.23426047526836927,0.26705607418231797,1.1417773745035003,-0.7236467957166904,1.1199886197629922,-0.0523744951916173,-0.8394116847234159,2.265548522860533,2.9941634280404665,1.6535985592006266,-0.185374570566573,-1.819996350461446,0.9038540663261916,0.23840506810181614,0.16826568250449553,1.975956908099522,0.8472591161902503,1.2021615564013541,-0.4323572140937253,0.1768613608149739,-0.03171684817615461,-1.5958765340520205,-0.7634110315675381,2.382663810996214,-0.9441338938818407,-0.4754107711050862,-0.8852530906259953,-0.7057578697055575,1.2673965627573773,-1.7560282998720733,1.2099173506839795,1.1273348421049896,-1.270996843097073,-0.9527540156141481,0.14810947592373147,-0.3366101879244687,0.9291638500270001,2.9657017968546873,1.0258326057671603,3.3136000846796603,1.5256820612105852,0.3687901308147262,-0.901261620004961,0.6557169045074335,0.42776681485685486,0.952075695330177,-0.4656219537098376,-0.8763125136840371,0.8982402254640176,-0.6879266268622612,1.622505794709117,0.5711057503034476,-0.4822509935888334,1.940886264462213,3.1173949342051825,-0.8450040622057209,0.6641193048780522
-0.8414769289222834,0.25785176271772947,0.8944501195121106,3.3129493837585775,0.10922446713124456,0.6236683896789503,-0.13964669276577057,0.8882066015948199,-0.9600941286118158,-0.4405588025921715,0.9735073616848919,-0.06944424087613932,0.1430245929346734,-1.0656819433807998,0.42151824198074134,-0.3768514634631396,0.02834809529675897,0.12278604571911332,0.40346414703925193,0.8625598719882792,0.40805879290431557,0.1028998194612884,-0.6129221144991377,1.9215429775253763,-0.2336840753985021,0.8774602523115175,0.9629515948410706,1.1701953451652192,0.6513318685998636,-0.06043914394824688,-0.30346594789622,-0.758249471025385,-0.3360378251461894,1.6339852254839664,0.20844966085617328,0.34343399131905383,1.3660060644787553,-0.7060290671739499,-0.12004692231715908,0.9762064620588446,2.2047922559317694,1.0522677492741632,-0.20066699709832475,1.1588067775526159,0.8637688726867355,-0.33678755919290126,-0.1955753598744721,0.8281924363645856,-1.4134750301116992,1.5345966622604068,-0.32453800594662063,-1.881868886044558,1.9050167589044056,0.07943396106377121,1.1482258840018285,-3.5179290018847476,-2.8355155229412703,-2.5504716001215924,-0.33158626235889077,-1.0936602318850022,2.930006363012231,-2.15320106473449,-1.023898200721733,-1.4575192091725175,1.639038528013141,1.3100477539041422,1.0975789770289859,1.457721864806598,1.2331502807700474,1.0745899450539478,-0.7674192805200647,-0.5324807584026927,-0.9707482727194845,-0.06300816560237904,-0.06331191443372952,-1.4835412272804547,-1.0971053415851717,-0.702598384567708,1.399146966955879,0.5764526390819235,-1.6067630617351636,-0.9020512759789414,1.423142286052434,-0.25406576686172483,-0.48970759530738595,-0.002576421606411722,-1.7930484576699177,2.7007966863321986,0.07122299314344088,-1.7524664285648957,-0.38871811404595236,0.2299035880253777,-0.3398540939235213,1.25332107564228
-0.5087396317433078,0.6678972924837027,0.42648349009092285,-1.3825572872468186,-0.37778409270530255,-1.7383812212426055,0.019395764140335947,-0.5382597143231105,-0.8717490977518741,-0.4980045202094776,-5.191403474570655,-3.36734433987364,-3.3430227308031,-0.4437137400411585,-0.3235828238918486,-1.2086331723973194,-0.7636870516085408,0.4913130187830962,-0.27956627758326685,1.2500501904354624,0.1467406362535972,-0.5364419028835903,-0.4595440839144527,-0.9071487372316198,0.7856795753605339,1.8721070308144527,-0.26193975951984605,1.1757089286737148,-0.26258626506988186,-0.41522214476932295,-1.2194321145468994,-1.652705147885255,-0.8816403646387168,0.14341820712240727,-0.07016568102457271,-0.38899188615129965,-0.7375483745281024,-1.4381569488347374,-1.2928465695776052,-1.5158383320084208,0.33992643181367055,-1.0818309797557588,0.06275588197819203,-0.34051453425681877,-3.411341167359131,-2.2397609459060983,-1.514064993632624,-2.2201459422903342,0.6955063317802226,-0.7698354211567887,-1.1060556997874833,0.42260948560767364,1.498787455461509,-0.4378136997041221,-0.3167241669746862,0.45969974654750334,2.2073345749248627,-1.2862831442849236,0.33922417065626204,0.7339014497194102,-0.4856863038897707,0.12465672033930567,1.2579866023626558,0.6885012959586465,-0.0764684658175187,0.2660296483468879,-0.5259413905846271,0.7803039575316153,0.8360181983582811,0.7365071029547765,0.4361308555567023,0.2497199204760111,-0.9605687285957991,-0.7143283731928604,-1.9395920067649626,-2.437898003979049,-0.35231184173476837,-1.9652070057400093,-0.8554338688787722,1.3343633421058976,-1.4068747191114188,1.0763508751275275,-3.1850909193107775,-0.3085288751263308,-2.0330279280504744,-1.9142089386554075,-0.8754888771937288,-0.9307722769948505,0.13181749801647413,-2.3789354807079084,-0.4949548979985545,-0.4774900869699098,2.75828008874388,-0.17555713623036484
0.7483110570633911,-1.8679050631894254,0.16871606182911364,0.5358787692914586,-0.8875721006185375,0.6282338206085298,1.1311351259349183,1.5607313353737327,-0.7522808540175174,0.43561989733275136,0.8164757431976818,-1.085647979233648,0.29449273032494705,1.231024587462281,-1.07610381988774,1.1384905135428212,0.011114484894939047,0.4115959465547889,2.9810910274161353,0.21185342234066387,-0.20074354776904807,-0.2431165773191135,0.07901062555731853,0.4140158908048104,0.14407030076525837,-0.29167873257558397,1.1661573955731048,-0.2031394867467809,-0.8691675801702514,-1.788017620005572,-1.0215743673344388,-0.8139552972091586,-1.2605268917406525,-1.1675477669421568,1.154900625062787,0.15571729179411886,0.9482491775413378,0.3124753133706344,-0.7820557382775664,1.1282506689877194,-0.9864758609525255,0.5923936694689316,0.6342903627587371,1.3361964580314607,0.27357633975871093,0.11387811664722125,-1.1129310968371025,0.9377250348681582,0.42702679421697476,1.6510003273410874,-0.010371405897379393,-0.7751897799432181,0.8099865965795104,1.9074518488810106,1.6799503568861858,-2.3590237821551594,-0.4354322396134356,-3.6808991244416682,-0.4148217973653028,-1.0547020471445518,2.6626449841574553,-2.5658202490907325,-2.279107866537453,-2.0344050641131,0.61539872920568,0.7695634214800113,0.18192327036932,3.398055010434712,1.5931092263164017,-0.037952910314995134,-0.5570926313734486,-1.2783372826000228,0.441959314782285,0.43325453995006186,1.5604695850548076,1.6463808756750125,0.13032234871176457,2.1983510758501383,2.613440699338206,0.3577852839382877,-1.28414292318649,0.35254577164057427,1.720733965457217,1.2961931793032957,0.9209556804513247,0.6720778574497451,-1.1149246569054494,2.1562519900768073,0.5804502671510289,-0.7274857871148457,-0.48491057450450037,-0.07664793519207039,0.042243860936496125,2.07153094932295
-1.442599977584606,1.0083439812703934,-0.3553690924831871,-0.7027581923056201,0.22650448018775537,-1.942170181998629,-1.4656928955216504,-1.0107949167594776,-0.13714119188557625,-0.36266208801561356,0.25181531039042104,0.13979348976704548,1.1082279732467624,-1.049684158686638,0.7793802847591409,1.0383290889289696,0.043536887028790494,-0.9097620556830693,0.14645388347838817,-1.2198952774332412,-1.0542145045108307,0.22214054870188893,-0.6485557923157079,-1.937883164456482,-1.2737096436900879,-0.8729181361275966,1.627997579264657,0.49644635242161955,-0.4754120544039849,0.4165636892172521,0.4500166717650822,-0.05351122840229039,0.8697300548961355,1.4452408582895095,-0.6321386766371846,0.9284821643823813,0.03284421079132016,-0.22611602957659796,1.5687550294366148,-0.6924446321549225,1.7243262883991606,0.46374547345581973,0.003935163623033144,-0.7974941775420072,0.29260222526998664,-0.15594093340977533,-0.9953648175416439,-0.38382533028906207,0.8558388650526924,-0.04198902530853421,0.35117124548639767,0.3282721967922401,0.4038371001767138,1.3070240504260595,-0.9321576050246767,0.6318987419735956,0.21053773213211416,-1.3304398255557432,-2.223688566053769,-0.5284064579550354,-0.3231457938748049,-1.7423383398071373,1.4506608245154378,-1.1439231720077905,0.7368921851444805,-0.7941846761541697,-0.45346041396206727,-0.8611534184248797,-0.970124461824888,-0.7504705531296809,-0.42274443954002705,0.6677121346645414,2.111358604523292,-0.030799757699996905,-0.8590799687170926,-1.9105666953450835,0.1567900160864566,1.0458868475941903,-0.7794150230277219,-0.4042403752146223,-0.2676966457279366,0.24796240022716023,0.35989020012380146,0.06422814749374195,-1.0141929397946268,-0.132915458829212,-1.4989994561584847,-0.7282647056736296,0.5253631198492884,0.3564130611187702,-1.6265291882045874,-1.8293925267240732,0.2056773453296702,-0.7737924745780074
-1.121596884217414,2.0337288135118894,0.5488306897055294,1.0591525341001884,-0.1828875034467075,0.28531782192443744,2.9476012678446937,0.2470849036268672,-0.7017555355232352,1.2518704510996508,-1.5151503198671517,-0.6532264670304784,0.5147064140634928,-0.7993098716765393,0.8183887126712178,-0.7835530514201728,0.29859428126711507,1.1490378452130783,0.28922560044515433,0.5068161244945927,2.637748002690082,0.8941209594883969,0.732003926123151,2.618555362124421,0.645362224413294,0.9049288492291109,0.9803556133030649,2.1271774903762646,-0.021956141623164838,-1.3770157299523922,1.236122738708322,1.0910210030860858,0.4231215468961015,1.1151049529358397,0.2406910592812993,-0.24206284211178775,1.540918313695499,1.4069241041578753,-0.7454268017567411,-0.6777121227632551,0.9626688326577488,0.7793315227377279,1.5108990209864448,3.4057651000943214,-0.8878285626140459,-1.3876458722839435,0.2000454117864233,1.4225942572449808,-0.5929006967006955,3.112266329219537,0.35088240238633417,0.7387001923994985,-1.3780861964783684,2.2250361105794747,2.239063385540881,-0.9510688587531904,-1.7735021769199002,0.6013017490289982,-1.1014963350632245,-1.4883453165372396,1.2782203337508533,1.6774737522713612,-2.1577255929823584,-0.3461348235225574,-0.11379320165949894,-1.3557555620211084,0.3226126333001781,0.7608751453422139,-1.1418701353331984,-1.077428243481145,0.3692825418574341,-1.5240216334957586,0.04960153251477259,-0.859642852786255,-1.8794308838736429,-0.2466991791667288,-0.3190698915759727,0.03993627413317852,1.8570292647494715,-0.3857148349636976,-0.43882821555312634,1.2002128849978375,-0.16763987628374388,0.3965796360897036,1.1564903209603372,-0.9955369640479167,0.5233834943372085,-0.9816456490412293,1.0444650192443277,-1.239970914356675,1.5039389946519806,-0.20607856210709502,3.7925297486398,0.5951441355567013
0.6336809679738544,-2.22483332406544,0.32137258709666483,0.11614910970097417,0.6740447778881897,-0.5137776685552857,0.9773120546874157,-0.7290363055801937,0.1779269881438027,0.3072715643085167,-0.2835150019752928,-1.4307880482947566,1.2003345046661813,-1.3723742761751039,0.9806650049381087,-0.61133508652917,0.5718520966197547,1.5369881206084992,-0.7692984990854198,-1.1667772776340102,-0.4876746858327188,0.5183426515758551,-0.5339858766872292,-3.073815826088993,0.06927867106576963,-0.5346885758901465,-0.23176929731339913,-1.4690574437903072,-1.4931507164361375,-0.523263308687156,0.052548368900923514,-0.7565919394878213,0.44564589311626535,-1.2476759073502084,1.613227123194128,1.3614052994288481,-0.6388760034210067,2.2618480271507644,1.5233770014902617,0.8352642308571016,-0.9530630312379189,-1.710318726096099,0.7827509457902921,-1.699671398632498,0.3903699291754481,1.1735862216559962,0.30313014308606223,-1.2883083708780108,1.0119623515297573,0.2969259926570251,-0.06822242636160114,0.11954002852220214,0.04959328996862472,-0.7257503500756006,1.0967508615598633,0.7157670430298777,-0.6004694959228911,-2.4377560694259603,0.9092976812102659,-2.783456278254329,1.4021134214559259,-2.714819684545356,0.6204714644525487,-1.4524756442181657,-1.9053027871382082,-0.1315014411581758,-1.483227301447692,-0.41976687188179157,-1.0427163240278323,-0.1499609121889547,0.0547881075265198,-0.6309582331877065,0.30866821073688155,0.7752517719955594,-0.2560896272468156,-0.18060267770497918,-0.3283643477954109,0.6576522112243586,-1.4146550411627337,0.21453675056666816,1.7607392619294244,-0.4899094000929529,-1.2811660929589277,0.5300770748544543,1.0070748701141305,-0.5809554454951714,1.4517367314843117,-1.2102353904695917,0.5367845159354847,0.38303277257507706,-1.690024155911686,1.203018775358139,-0.19065275236614831,-0.3238519610977135
-0.9933706409522624,-1.1399565185062965,0.37822970560730096,0.4488655335798166,0.7866410854200112,0.5793901998871134,-2.2872789139665484,-0.263120734677033,-0.17035162692629702,-0.5519220251164801,-3.315050700700158,1.2386689926758776,-2.092071252161883,-0.1775795906958879,0.48437355383229336,2.9591684328750025,-1.253247116333404,-0.4754876919249904,-2.279355590434295,-0.8982964702029408,-2.594265349150334,-0.9451769558012544,-0.9307708471907485,-2.877043351276271,-1.8751870736860252,-0.4951204800048472,-0.14601903152735474,-3.079918854212473,0.5686541842814858,0.6970382203186235,1.032784898741406,0.18069523098766638,-0.10136768783831096,-0.4892355397278649,-1.1470771737184537,0.17840517085803426,-1.3683304041817093,-0.39129631605678133,-0.6857921546501874,1.9156478895229176,1.0474750435949585,-1.2110432011033379,-2.836303251527398,-2.132371991942788,-0.46974780690375695,-2.1563676805528993,-1.3192991675703196,0.1905423286717036,-1.0230855875267184,-1.293784143256354,0.8029177315649848,-1.5431708070534667,-0.7029384232659031,-2.0261536808462584,-0.16819566543565068,-0.1767231139524572,1.86999140041664,-0.652458046665569,1.8100594168493913,1.6430628133705862,-3.021496827182446e-06,0.8661157458044684,-0.272858639684323,-0.7197988348264621,-1.3611778172611904,-0.6698426987161151,1.0188204598000388,-0.8558181058726932,-0.11438605274422228,1.6532161913204901,-0.5499568853728327,0.5869328688495399,0.2968742501827599,-1.511933743799581,-2.6579900538946144,-0.5057001131538961,0.9780906617002988,-2.3104625815111723,-0.9173603619069358,-0.185903168214135,0.060704491466717525,0.42519838050094616,-1.113937510310248,-0.24080004487686127,-1.5759158407366938,1.6008680234655555,0.8359838278201182,-0.9085386631105897,-0.6560825402179,1.0670803464808627,-0.16174508861649745,-1.916708196315514,-1.4009943415203192,-2.147279192109065
0.3337672174760052,1.1564876538616817,0.4148430220155108,-0.8483564219859456,-0.39812595146710894,-0.3232002032066563,-1.1538692615657475,-0.11680701260757198,-0.2135838075611307,0.9789623527421805,0.029337754955464868,0.28681209707391897,0.15733442615361137,0.7415888930267157,0.6324851789733509,0.9290282991977625,-0.5582288828505135,1.1239536933906016,-0.32943944388104734,1.1014349448233938,-0.7950899777246322,-0.13357797689329876,0.32948695311896,0.6765305801191193,0.22376646086218543,0.4016423520074189,0.22051487835796507,0.1473752155770971,0.8988406081996774,-0.2180569823609441,0.29741539458036653,-1.0249105262385685,0.21075669605416292,-1.3534810574567007,1.7383783840724056,-1.6309098200079035,-0.25870988434127173,0.3433769283316784,1.2110952941416424,-0.8376137349723383,-0.045579947519036046,-0.3896998100409663,-0.3538025811737132,0.4439482960332698,-0.32874010730821357,-0.5811320823011186,-0.40843417062347437,0.21975307565534175,-0.10437961618966801,-0.6402892728326559,-1.1446314805741373,1.5341764826601871,-1.9420659592359923,-0.3318960707474264,0.617368166903548,1.128297791080529,0.1504910496420604,0.30025317002338925,0.6979743308744297,0.878292908651347,-0.20940571616700837,2.2148916577506705,-0.11595010708405384,0.017507227996269747,0.7549752925595796,-0.48377478380517824,0.8739226971246031,-0.07595233881342894,-0.2089412772140241,2.489508374617994,-1.113253782398811,0.30935381584034066,0.5531069583893689,-0.724107875934878,0.3337528257262004,0.0225264914682492,-0.5194807098948774,-1.2186935700847867,0.8333617253512817,0.9366288806478887,-1.0936421466289021,-0.3803848504879886,1.799438723497392,0.8835500429962312,0.5009529013263234,1.2117865829719126,-0.6327929841919294,-0.26699586086725446,0.29122919422065463,0.307550860917965,-0.046170124033012905,0.2092986890140598,-0.059674046929906965,-0.15198940568877897
-1.566311959241626,0.2858879660580922,-0.2928301981472932,-0.5544432964186603,0.9228956112579791,0.3663858783905045,-1.7516496277885478,-0.7071538540523583,1.2947549430164278,0.20819371400935288,-1.4790200106587659,-1.488277016489812,-0.12671805834799832,0.13886620438021446,0.6229543156058844,2.147446747905876,-0.9957510677817715,-0.7186568251762835,-0.5295678227645164,0.4073260077897555,-0.4067670662684069,0.18906260641491546,1.258761097987611,0.9243193153060238,0.1999958871076471,0.9134449287684265,-0.9962007057383921,0.987616116336089,-0.6373027207949791,0.699156658171212,0.723714531636654,1.4607084497305278,0.5291616922203366,0.4862703424970483,-0.7957370539796587,0.22673658374324251,0.19031303189804044,0.6699540843254392,0.8180366454295689,-1.1123097237278496,-0.7968496595021378,-0.294146601901055,-0.7857408410261894,-0.13910161085155764,-0.9218601687758164,-0.18033542105822553,0.6867539053212184,-0.5809181242211282,0.2529408244267579,-1.8808660894792943,-1.1740723020929411,-0.49111169024301693,-1.1073311214637735,0.8556911995039664,-0.46743626470518973,-1.0665600330427658,-0.009878863066675514,-1.1344637060250604,2.4861910109190437,-0.1846175686763632,0.5535544981937301,0.32762673481417426,-1.367514037423737,-0.11780065809261449,-1.3554330502113614,-0.6347631131540484,1.617207572131075,-0.5780439744381588,1.2716370342776386,1.400496345336855,-0.3724952225562121,0.28697447490859396,-0.2673381630164895,-0.5604051383571895,-0.7909875493731515,-1.4808358103439205,0.1811732983619828,-1.3247964007139998,-1.126867276187709,0.4471005716591474,-0.6635804943627108,0.17920817328668048,1.0430508726370618,0.28000765055864024,-0.03702203631652112,1.8834818074302566,-0.8772006286455413,-0.09181707479377932,-0.3301296948683392,-0.0685021503703106,0.6884435047409624,-0.8801151314479478,1.8638607209290399,-0.14002426991996034
0.2396090351086469,-1.0583111409719448,0.43948072200815763,1.1788766744842427,0.5466745481486647,0.42603438687332496,0.45331921521922913,0.20809275752193337,-0.21842755709596312,0.2505836377004963,-0.31251627860741454,-1.3258026229017106,0.10281993095169917,1.0974058661716364,0.8712386862211596,0.20922128319969224,-0.6509710436737517,-0.5864941511504378,-0.2793091904813809,0.43851761868617434,-0.0637128284573947,-0.278496589282467,-0.7515738455456855,0.8618851336680784,-0.339168357288685,-0.41875411747351166,-0.3530414802127389,0.3312006347401505,-0.5914620840894189,0.8420528533667427,0.6291021172444242,-1.3428314443024771,0.5542934957744305,-1.5570761828473065,0.4010969070964794,-0.23960337815199162,-0.29384756160212144,0.8254966376660664,-0.5044545394387054,0.34453186455773077,-0.6735896017734874,-0.4413628500549032,0.8656863322289572,-1.0690433839130313,-0.8142511883808901,-0.3270160844860096,-2.2421350487467664,-0.5312344307827406,-0.7802819501439888,-0.049120631987706324,-0.2713303322114237,0.3788411181158492,-0.32373050866886477,-2.3848123323711032,0.6159022849999292,1.2017113250508846,-0.9941447663417241,1.327695634645234,-0.20807561648532202,0.470432359510932,0.33545628227446156,1.513042285327178,0.22393532917215475,0.8872522850922175,-0.5632169740909438,-0.30232470158474056,-1.2868587030469696,-1.1487321458505042,-0.6547215477800725,0.3337862852716485,-0.694727360173527,0.23745501479828096,-0.9327610500498906,-0.5217718395436604,-1.7496415126167064,-1.3010849953958088,-0.12315820460356283,-2.477673260419597,-1.5546359959422786,-0.3174235988749092,-1.2953944236080377,-0.6256807392955749,-0.29670522839399355,-0.7190429448213954,-0.28827393654593586,-0.9178203969765291,-1.5568151580722591,-0.3360935896997457,0.07628102713562611,1.4196622011828606,0.2956909686015343,-0.48394769294700424,-0.7420127042118972,-0.15072488641879306
-0.437798627852603,1.6323535946512093,0.4904848630290935,1.12608256260759,0.24047725275255363,-1.1166144698709461,0.8686118817255649,1.1393865839243362,0.19584283163376898,1.1115226474641808,1.61847065295199,1.0970772883836237,1.3416310242922258,-1.2530503514877398,0.5797239385930991,1.710039701452946,0.8977600402673331,0.008747846975365,2.0600832068029766,0.6735654913735419,-0.8473284246699502,0.2827068137932431,-0.5719652797752849,0.39249748636040627,0.23089850874732723,0.06152157189242004,-0.7236726293095905,0.48079223384909037,1.3314195243565727,-1.3034234252491752,0.18182883886857065,1.8843186358800412,0.31411347466262873,0.985300213351395,-0.390942682238953,0.01890230225518824,2.850819601424249,0.0713748756539096,1.2695324195437188,-2.450796293265324,-0.8952199185198788,0.7079883779063497,-0.5045767470489413,0.14507751008124536,-0.8274782093965931,-0.7030471915353146,1.0322343660503492,0.4636195436950135,0.00886226928972017,-0.042772719092689315,-0.7519012680481365,0.9656026040627566,-1.8607971842451103,-0.18527408133803047,-1.006648213916847,-2.698137456092456,-1.8592764682741065,-0.7035531484650843,-2.4187381315731806,-2.126285061583619,-0.056675237160041525,-0.17045234057262304,-1.1197525931757344,-1.424002548709018,-2.623633079315911,1.5890155255702507,-1.3145851920699885,1.1426358525723745,0.8676073098307774,-1.7306135977182842,-1.1056541805282816,-0.2658817833800845,-0.9321968242330867,1.1737274348500417,-0.33212048909413616,0.43103905721956237,-0.39548949404303657,1.202226210610689,0.790224114416802,1.2305585866365156,-1.2428247547067919,-0.1437930418121858,1.804471229533261,2.138513366880333,1.205247655935866,0.9969604843750017,-0.9852837262351269,-1.3444670913518595,-0.07540399493954938,-0.46906853185276265,-0.49838807732438195,0.7570151157517035,1.7833597514743798,-0.18094483497653435
0.7965473564956372,-1.1258797796754054,0.4333749387140741,0.7806798506689263,1.5105306633720228,-0.8838915688762222,0.7838332054070407,1.776548118515253,-0.48087217745175304,0.7970741140113964,0.2062999420131153,2.7736815398905965,0.49021146669026444,1.2956321408079448,0.17146864241083903,2.220762057469587,1.1139904597905865,0.23287656339663926,0.00039517417970447166,-0.46404681154973304,0.4513616386814166,0.08476059832070965,2.0993084147297596,-0.8012681323896107,-0.02257214979443259,0.9029801884170452,-1.3417890130502546,-0.028652185196884172,0.02515528426140695,-0.7496159318877096,-0.4499883772819485,0.5604803243426767,0.24053727188678464,-0.44922980658667355,0.162514057614371,-1.0006005054344058,-0.1933764974015059,2.5787264090643034,0.07131798361005814,-2.080410660061805,-2.0850521563987456,-0.49783224573502494,-0.10238440413073663,-0.4300183627713295,-0.0250538721190543,-0.6739562893559632,0.8955664137462066,-0.17574084315427976,0.4310963085539422,-0.19683641800515672,-0.8995222412019493,0.9300222458707372,-1.4671606849997694,1.677938305036219,-0.7612877951917951,-0.15891226358405236,-2.2004801606308955,-0.5671828117524808,0.06321787979413585,-1.306888944183311,0.13119158051329735,0.459779578749722,-2.4591054431625534,-1.644903967028894,-0.41991932912764174,-1.307649856885995,-1.0181287359736273,0.35906976510891375,-1.4633809776191689,0.3685375254983976,0.16818685644084566,-0.06411039954598069,0.8141348433592919,0.640516099391771,0.6777704224157685,0.39466766721438884,-0.8980815250083386,0.05588932385284412,0.45268669230166086,-0.47733290333157324,-0.4221083000125228,0.4297855993717419,-0.740987490684804,0.5567627525663831,-0.13710224171338276,-0.62396885675594,-2.4541180743820306,-1.8277081318750756,-1.1653810000694462,-0.8363184098914394,-1.3662130415055984,-0.7457633910978143,1.3265248366829545,-0.3232090555971089
-0.9683835977100828,1.6234339645113458,-0.3838871725269374,-0.1664447364088778,0.6103324987058518,-1.4938187728910417,0.4179132938237466,0.06216543135805919,1.3311846041430673,0.1912303340568522,-0.9494798169212484,-0.19104084091760815,-1.72504167486036,-0.4072852250615218,-0.0019851298791950657,0.19692865440833995,-0.620925933577676,-0.8905236477033494,-1.3910790846388355,0.5287248833342902,-1.2012075713884613,-0.31032718517866414,0.464974174547144,-0.6788091283487092,-0.35372301193132627,0.32200408543562575,-0.31075676003524727,-0.5516478348323073,-0.3339173714897786,-1.4730198778446544,0.45717650388734776,0.685677406833031,0.7675354199186624,0.2977303078270045,1.0061737400075244,-0.9365407647028843,-0.8936220169256384,0.09261756781230102,0.573787846044267,0.9368073783732855,-0.8504861217991053,-1.283334519869273,0.33440245839651406,1.4173124513294642,-0.9607918170650664,0.5782843112699502,-1.6745253926743422,-1.2478796954272549,-0.1403710720352117,-0.6301566576649071,-0.4536640945524566,0.23225217812548565,0.025836109584405603,0.0544050413799041,-0.8893216945375952,1.045758574748883,1.2487457392616192,1.2282432469609563,-0.127430473802432,0.8371765153910211,-1.5088066763533428,0.08748477330489224,0.7509344777014014,1.3656171944150362,-0.1390929421756134,0.45271316449279025,-0.46487917299304393,-1.1345767637297475,1.4299978596288327,0.8775808435657929,-0.35890784604948545,0.48565381168562066,1.2669716035798098,-0.5076990327362698,-0.9216595970756004,0.37333862828008424,-0.5140445189389187,-1.290843589180723,-0.059951337457230025,-0.27570291036282474,2.182141944133639,1.8668970345115383,-2.402594579116781,1.2723637984147391,0.19697437835552378,-0.9099004775973053,0.824704109289169,0.8704857306681181,-0.04986137618161335,0.4454662821569255,1.1229505379583207,-0.7934548581610499,-0.10625377662611912,-2.208464791383731
-0.5882410782149261,1.1088906298833048,0.24483910427080594,-0.33345340050146155,1.1871810360493793,-2.703221661769871,-1.187092010758644,-0.4252810522477772,-0.3731446152100674,1.4788342510291694,-2.3883775265092395,-2.0808688604664285,-1.5249073248337095,-0.5215711205934821,0.3982402335399447,2.377185089133473,0.23255719889820978,0.33339790424071664,-0.34647035783962554,-0.7108237745239522,0.13574270204074762,0.1679099120190451,-0.3912215590170578,-2.0391044386467745,0.32404507671814436,0.5970283991432332,0.7159637510681107,-0.21157733001061846,-2.3356314843015817,1.294845934539767,0.7492596024809782,1.828470045525502,0.05063072379226799,-0.9541460194824157,-0.8037714374229538,-1.1422524949501025,-0.31419444018854015,-0.33621143692116795,-0.41394425629807585,-0.3339621809334416,0.7212796065556535,-1.4428517036224027,-0.4306828021004086,-0.8015489898033834,0.8371164598549259,-0.357168191588895,-0.8656213511505714,-0.5147629548303355,-0.18097115442153303,1.8435120830699718,0.019999117780515826,0.8494496707458994,-2.2742146486818653,-0.7617139709944252,-1.9588604471713178,-0.3915451484683492,2.2621671105271126,-0.4453738934042342,-1.4688890984355374,0.7795769132137664,0.3972301103877742,0.9445922342801922,-0.006829423830149589,0.5069469338456108,-0.8499662218884627,-0.2758717588146965,-0.2748015065759283,-0.3489921755516301,0.11730318888265767,-1.4918963086395693,-1.1512185294420216,-0.017626767262352953,-0.18940636726703672,0.18717135104483545,-0.06825741174349464,-0.05026534043288073,0.20057567804149598,0.7789092074517727,-0.05127173662956175,-0.045449481893425424,0.6563014915557026,-0.17706702325017368,-1.2025945976654389,0.6124477746227331,-0.7987693038223003,-1.3015658883979782,-1.0956809224355577,-1.174468883435171,-0.7647648981549183,1.1768280033771898,-0.758876561868846,-0.8078856423263105,1.1568151071453747,-0.09974965941598503
-0.565497895683117,0.8378808352003746,-0.35274978567366677,-0.17369432326753015,0.8055674061483108,-0.7993734995279624,1.2479115262170515,0.0008474189203101223,2.5147563685023373,2.918889996315417,-0.8874808164297465,-0.11931159198536251,-1.3589722179361936,0.3424239726099375,-0.2013275795763374,2.378800601746007,0.28689713687703666,-1.5111687443667967,-0.5911209531720047,0.12293982453913999,-2.73107071543137,0.4094850798366015,0.15229324228537527,-1.2374914985333674,-0.4992887307816065,-0.551716462979779,-1.3528786025675814,1.3261121587865938,0.6598843449212117,0.34537579142431746,-0.8916006660061043,-0.8349463543074758,1.456646575306569,0.9070139906720887,-0.06407534678732657,-0.9666529297458472,1.2118897810634999,-0.24342031969952327,0.2802827634933478,0.39132849019878524,0.1675024788578907,1.0008893666052068,-2.3559881148163813,-0.7479651782501391,0.9152495415792802,-1.2651583274966698,0.20425624185804725,-0.6479672452547349,-0.2249357697626163,-1.1073112158961953,0.35400135862359905,-0.33232140130649557,-0.41784522673011915,-3.465008956422231,-1.1269891727254548,-0.32313719684997255,0.5203528699093841,-1.6828444700169403,0.5058964274757674,-1.631271261792729,1.6485269561535572,0.2698060718874532,-1.2072540160651117,1.3785487351902035,-0.5069804723422592,-2.3344180505177743,0.48412683518311583,-1.352682260876524,-0.7690806423704392,0.30501789826635733,2.1280157011437746,1.066968309613351,-0.7278657929419373,0.24328563327495445,0.48287749142480885,-0.04879520882038815,0.8295751581957862,-0.019365094225849783,0.433803935824513,-0.40918774488116,-1.9513598198386766,0.5143666473190363,2.824412735437775,-0.25171415891693144,-2.061769599878226,2.932928666789187,2.668214933732628,-1.4489179581317149,-0.6360072876581607,-0.8470778794637701,0.5905058308784481,-1.6581866663835862,3.3037367722717867,-1.745914093145704
