Cells_AreaShape_Compactness,Cells_AreaShape_FormFactor,Cells_AreaShape_Zernike_2_2,Cells_AreaShape_Zernike_3_1,Cells_AreaShape_Zernike_4_2,Cells_Correlation_Correlation_DNA_Mito,Cells_Correlation_Correlation_DNA_RNA,Cells_Correlation_Correlation_Mito_ER,Cells_Correlation_Overlap_DNA_Mito,Cells_Correlation_Overlap_DNA_RNA,Cells_Correlation_Overlap_ER_RNA,Cells_Correlation_Overlap_Mito_RNA,Cells_Correlation_Overlap_RNA_AGP,Cells_Intensity_MassDisplacement_DNA,Cells_Intensity_MaxIntensityEdge_Mito,Cells_Neighbors_AngleBetweenNeighbors_Adjacent,Cells_RadialDistribution_MeanFrac_AGP_3of4,Cells_RadialDistribution_MeanFrac_DNA_3of4,Cells_RadialDistribution_MeanFrac_ER_3of4,Cells_RadialDistribution_RadialCV_AGP_1of4,Cells_RadialDistribution_RadialCV_AGP_3of4,Cells_RadialDistribution_RadialCV_AGP_4of4,Cells_RadialDistribution_RadialCV_DNA_1of4,Cells_RadialDistribution_RadialCV_ER_1of4,Cells_RadialDistribution_RadialCV_Mito_1of4,Cells_RadialDistribution_RadialCV_RNA_1of4,Cells_RadialDistribution_RadialCV_RNA_4of4,Cytoplasm_AreaShape_FormFactor,Cytoplasm_AreaShape_Zernike_3_1,Cytoplasm_AreaShape_Zernike_3_3,Cytoplasm_AreaShape_Zernike_4_0,Cytoplasm_AreaShape_Zernike_4_2,Cytoplasm_AreaShape_Zernike_4_4,Cytoplasm_AreaShape_Zernike_5_5,Cytoplasm_AreaShape_Zernike_6_6,Cytoplasm_AreaShape_Zernike_7_3,Cytoplasm_AreaShape_Zernike_8_2,Cytoplasm_AreaShape_Zernike_8_6,Cytoplasm_AreaShape_Zernike_8_8,Cytoplasm_AreaShape_Zernike_9_5,Cytoplasm_AreaShape_Zernike_9_9,Cytoplasm_Correlation_Correlation_Mito_AGP,Cytoplasm_Correlation_K_DNA_AGP,Cytoplasm_Correlation_K_DNA_RNA,Cytoplasm_Correlation_Overlap_DNA_AGP,Cytoplasm_Correlation_Overlap_DNA_ER,Cytoplasm_Correlation_Overlap_ER_AGP,Cytoplasm_Correlation_Overlap_Mito_AGP,Cytoplasm_Granularity_2_AGP,Cytoplasm_Intensity_IntegratedIntensityEdge_AGP,Cytoplasm_RadialDistribution_MeanFrac_RNA_4of4,Cytoplasm_RadialDistribution_RadialCV_AGP_1of4,Cytoplasm_RadialDistribution_RadialCV_DNA_2of4,Cytoplasm_RadialDistribution_RadialCV_RNA_1of4,Cytoplasm_RadialDistribution_RadialCV_RNA_4of4,Nuclei_AreaShape_Eccentricity,Nuclei_AreaShape_Zernike_1_1,Nuclei_AreaShape_Zernike_2_2,Nuclei_AreaShape_Zernike_4_2,Nuclei_AreaShape_Zernike_5_3,Nuclei_AreaShape_Zernike_6_0,Nuclei_AreaShape_Zernike_6_2,Nuclei_AreaShape_Zernike_7_1,Nuclei_AreaShape_Zernike_9_5,Nuclei_Correlation_Correlation_ER_AGP,Nuclei_Correlation_Correlation_ER_RNA,Nuclei_Correlation_Correlation_Mito_AGP,Nuclei_Correlation_Correlation_Mito_RNA,Nuclei_Correlation_Correlation_RNA_AGP,Nuclei_Correlation_K_AGP_ER,Nuclei_Correlation_Overlap_DNA_RNA,Nuclei_Correlation_Overlap_ER_AGP,Nuclei_Granularity_1_DNA,Nuclei_Granularity_2_ER,Nuclei_Granularity_3_AGP,Nuclei_Granularity_3_DNA,Nuclei_Granularity_3_Mito,Nuclei_Granularity_4_DNA,Nuclei_Granularity_5_DNA,Nuclei_Intensity_IntegratedIntensity_DNA,Nuclei_Intensity_MassDisplacement_DNA,Nuclei_Intensity_MassDisplacement_RNA,Nuclei_RadialDistribution_FracAtD_Mito_3of4,Nuclei_RadialDistribution_FracAtD_RNA_3of4,Nuclei_RadialDistribution_MeanFrac_DNA_3of4,Nuclei_RadialDistribution_MeanFrac_Mito_3of4,Nuclei_RadialDistribution_MeanFrac_RNA_3of4,Nuclei_RadialDistribution_RadialCV_AGP_3of4,Nuclei_RadialDistribution_RadialCV_DNA_1of4,Nuclei_RadialDistribution_RadialCV_DNA_4of4,Nuclei_RadialDistribution_RadialCV_ER_1of4,Nuclei_RadialDistribution_RadialCV_Mito_1of4,Nuclei_RadialDistribution_RadialCV_RNA_1of4,Nuclei_RadialDistribution_RadialCV_RNA_3of4
0.8223759364110835,1.6937159520067975,-1.1217806078127528,0.4719165478822274,-0.6644945855628936,-2.1381506579603613,-0.8156279524343635,-0.7953538420149224,1.1173243037827671,0.40683978359087436,-1.9841134635647952,-1.0784709747037824,-2.5188949323574508,0.8179285768860083,1.4015788709437267,0.6776659722188181,-0.8981217142517443,0.8223405962350078,1.7175537129425966,0.4098378201251471,0.024015770541707226,-0.2843428958088805,-1.1203950165160048,0.8492178002396868,0.019308137023350352,-0.6472267707831678,0.27393084670663537,-0.4087068664550032,-0.31029424416941626,-0.8555159534824003,-0.947383237736328,-0.10686363696572626,-0.29275211200819695,-2.3588698737143163,-0.230282596215031,-0.32156639999020337,-1.0115908975427672,0.2533102362714075,0.35096801361449503,-0.8379337271720093,-1.501845682464293,-0.5053709463807344,-1.0366116810612853,-0.2306688934557654,-0.023590561249102526,-0.19082523411031338,-0.6645082953664093,-0.12234168513073668,0.7432221370769658,-2.5218955144241857,-1.2600003211006958,-0.6406754646391043,0.5547197613214455,0.9218655440273589,1.0871467898652591,1.2908133719651658,-1.067746541011526,1.1474100126004854,-1.40380796183029,0.1446921368719789,-0.6110142967982897,2.8179671541341604,-1.7592166327216847,0.691160915425541,1.3136153301396123,0.2519456202807536,1.0119390267754858,0.11353305777276149,0.7979529326008538,4.211531858160774,-0.9542678759988423,0.40436171463213066,-1.3703687844616612,0.47581622139647567,-1.089797320660899,-0.9689464624986789,0.9002700091199232,-0.5244748834701476,0.35830554949754073,-0.581722607582665,0.9391201391103525,1.1491018240676212,0.3507145199974383,-0.41617708011642107,-0.09301795392199841,-0.25847077544195735,0.28670867302854575,2.423996968875887,-1.0806380963774946,0.6530447446608404,1.6512775321135305,-0.6364032477045027,1.3191382280840727,1.3160978189408332
-0.5087120183330938,-0.8868937395783248,0.045602824123331664,1.026753003610945,0.19579065670190177,2.130268285313473,0.5833940754378881,-0.7360166585081207,0.24236194317939874,1.5173421873214565,0.5664564389721972,0.33145794474930207,0.8542444725201639,-0.9841152714671618,0.2534103219811903,-0.5999379956521566,-0.428946830845046,1.1788456078439995,0.6689269341308153,0.09306971449415302,0.750672438677283,0.3040608074226133,0.19546734098986757,0.6875328841494015,0.4873374951449472,-1.2614791450860896,1.395375686774662,-0.7427893747725614,0.17448255640234256,-0.5718682952735986,0.3035219248963496,1.520445236557674,0.8638872696714563,-0.081002118305373,1.7092799314557183,0.8654450925874143,1.1414176795449569,1.408732428017578,0.8926090020491592,-0.3558522642257208,0.4870697224440638,1.5386972780410744,0.4570321205822747,0.09072752909407605,0.7440562847252986,-1.1500098887988484,1.2562142269994019,0.884211825221318,-0.05324342477299554,2.2767492780249814,-0.3819554055033969,0.3276871116478288,1.641296557708375,-0.4991544399643143,-0.5943970607307834,-0.04378275669955281,0.06553899060124008,1.575576177155778,1.3344044968958488,-0.597914136953426,-0.6546491801224363,-0.4789098860223409,-0.2981091360033367,-0.9431512190149186,-0.4995684931486476,-0.48507770534441763,-0.5347537383955963,0.3403420180219009,0.22591692460272572,-1.6472865504515513,-1.200542618663655,0.3635872070082472,0.7775834453268499,1.592468351914188,-0.0789420460062058,0.20524141921944977,-0.3239612490617878,0.31747126859843,-0.5366617876462063,-0.5646228335915375,-0.3212189051609535,1.0887143485356698,-0.8495093975712842,0.565218385246877,1.10027908049812,-0.38513268565731473,0.8818698488378152,-0.20213139162634042,1.5209106852014624,-0.3658073741785352,-0.5793029594385507,-0.059942952441424,0.9817620074093522,-1.0004263003439362
-0.5148274434251079,-0.5976300609170087,-0.22568479254526091,0.8010998009217376,-0.524706210374178,0.0744410663915358,0.2239818623485007,-0.6831371101881387,-1.90824460744935,-2.0512443875837203,-0.1780985466768135,-0.8513441545528599,-1.2802703006382676,0.5428386589150462,-1.0517724228615495,0.10472680827144476,-0.06802926394781439,-0.9863034531157535,0.49379703969977545,1.298921275956296,-0.04960941216476544,-0.1578952871914514,-0.2569695831235468,1.3925635740268116,0.33125244090502126,0.961765201465648,0.013037262057931542,0.8459672332068562,-0.7267233266935096,0.7104103802736705,0.8239171858883279,0.6938988540081605,-0.05778460670348998,1.0905700253462887,-0.22946627427438915,1.4597508704996807,0.7658686936057335,-0.2374526565449856,-0.9329911066813152,1.3527043137078945,-0.244688296103259,0.2596655970666976,-2.2929555759840583,-1.1350125966449178,-0.7301009686194265,-0.5182424444906386,-0.7885055885464626,-0.2344086619771875,1.1856909279888375,-3.365934724754551,-0.6489079222729932,0.06416326644939338,-0.8170741125035851,-0.9782798669733591,-0.22676303802984865,0.15789826855933947,-0.03927533930203864,-0.3831733191176345,-1.5049420982482764,-0.3717292935763778,0.8011030349020076,-0.17905720420073562,0.3783526735653567,-0.06565662453615823,2.0913408125086903,-0.8024168737312162,1.5508229068162784,0.1189803940063901,0.9331293587536891,2.289855671066144,0.05261550868176932,1.2978735172905875,-0.5288389471402392,-2.362620432710666,-0.7111508939585286,0.753720900217147,-0.07570936687827276,-1.5516829305673259,-1.5022082149544693,0.8557440752285331,-0.8019057003075949,-0.44410185302856897,0.1642527431503193,0.8152673164756035,0.12905042375791043,0.9727065423455119,-0.8481636020130253,0.27085328627343447,-0.8030404953516406,-1.1077380732449034,-1.096800881186732,-0.68633428904302,-0.07551176787264022,-0.16362297401633574
0.3931708819745235,-1.4174029181397376,0.20471773908232424,0.6804387320900902,0.4076328483458538,1.9170851079374809,0.48880233302691195,-0.6079469442188382,-1.7540981056492595,-3.444010257011845,0.7964075764040812,-0.0008042198066949557,-0.616172863315757,0.5767459143094119,-0.21946850702197418,-1.9907965569682595,-0.39788661290923905,0.2509701927086362,1.6357116083841536,1.3048556667122388,0.5865478665711469,0.12779150093134806,0.69269105584958,0.9974056642114444,0.6627801409087795,1.3000530006811046,-0.22746048681587536,-0.756628234490357,-1.4322851072351466,-0.7928609799843653,-2.446891687309418,0.008087744104925743,-0.6586157672049997,-1.093746503046629,-0.44890876880402664,1.3045894892359746,0.7814555813309519,0.5174880549139709,-1.466000017136318,1.5784572086031772,0.2897547911424354,-0.5335469067394325,-2.2298183160527794,-0.9803404760244793,-1.151162732071199,-0.4437990419192045,-0.8855318662383256,-0.9488375211260166,0.4586138382728922,-1.7651099778243808,-1.635999143860267,-0.5402163928452339,0.2854389047821495,1.514576393496637,-0.8036602706954089,-0.3980141228328231,1.4774905196252819,-0.11035873127622331,-3.5035806966062486,0.6440909070044528,-0.5110249227624011,1.927228830453406,1.842961726038439,0.8265643336835983,0.41908791776327436,-0.8734260924202306,0.7546585565654981,0.24499105231011242,0.5737575500128731,1.4933887929373129,-0.7332772520490998,-0.20222412594321226,-1.9168402545526941,-0.05053522677808643,-0.7405118493886773,-0.07620119322680285,0.5502223162137349,-0.49699088011926823,-1.0205327501936043,0.5285160853529784,1.1360363820453248,-0.7900560403195328,-0.6089719028725908,-0.09777882430753923,-0.5837198027882268,-0.14136043253057945,-2.419958767024664,-0.030574609008535286,-0.23842389825626162,0.5685142986360949,-1.0574153835799351,-0.12007349718783278,-0.3120220536896254,-0.36357225391697223
3.277288117648684,-3.366202241334709,-0.23943232289807548,2.2834458466591085,1.7353296334520303,1.2526058000331448,0.40723248358305936,-2.476689295583559,-1.714933732702856,-1.6876457196145562,2.0996336271788847,-0.402383390684263,1.3298968156720852,0.9679881734261202,1.4596918372626415,-2.398660033482234,1.7855892062549894,1.8520975523817373,3.4400993176664256,0.10839834622700142,1.0219113993561337,2.8104574742143473,-1.8427085839900346,-1.1659909429600201,0.16560901125561994,-1.049138682835383,0.7993869587679612,-3.3912404854615943,-1.40408159506562,0.8925046486269977,-1.0023192596741228,0.16969773652925424,-1.5122738030485923,-2.2860410678882377,-0.3992641123522627,-2.244866236818739,-0.8223486412718636,2.124584513607724,-0.6870437148134059,0.15651234744106768,-1.8201835181663195,0.03689225283586306,2.141676355460559,-0.3660454242587354,0.9616600002948572,0.574090447475212,0.5190244110256486,0.5449708968370198,0.6640464989098557,2.1979164514322562,-1.557584743092472,-0.23812455226071289,2.139317413034147,-0.789653451501134,-0.09484718136497738,1.1761248973617846,1.3396475859255588,3.3992805655661145,-0.01002165624229942,-2.419315656991437,-0.38396936726683917,0.9709730524939284,-0.6789221816056814,0.7549323002316997,-0.09232225027999472,-0.12597023989710765,-0.47023477212951,0.9949321690300648,1.3364610091581697,-2.6671271403120573,-3.6171706222518063,-2.5302388950326185,-1.7243693097809578,0.9565482865516222,1.9798189508928836,-0.40300050907400997,1.2501452971533493,1.5378587039151315,1.3140174061620455,-1.7138256830364804,2.359094523440593,-0.15480993011237068,-1.2614640548647542,-1.1432881770427454,1.8850927025719941,-1.0215738394774632,-0.8681758321693629,2.565364507930682,-0.020942504292594873,1.2295447019195336,0.782247930749173,0.4108093992273375,-2.6721750449369654,0.5359282612800943
-0.8429442634430968,1.4101019112159308,0.5897119500851761,-0.043793078274234065,0.048856588654760044,1.9138752433679027,-2.104585230446247,-0.4865168355008308,-0.531066168492302,0.8716378507381484,1.72691298508887,-0.09885734917751032,-0.23925405294783875,-0.5241694766105572,0.3854552260896742,0.9785508221218698,-0.10360592464389878,-0.7442284195314772,0.2748123996123739,-0.8462027900821837,0.986484806959039,-0.6488706094443205,1.3198251078318273,1.3077204850882813,0.806299304992723,-0.8653234191392568,-0.35551258826531346,0.856432727917583,0.23309076149097746,0.05247306686314202,0.01008703874590583,0.10814791129157864,0.26020210277723943,-0.8108710787081929,0.15632870553629066,-0.507629930525775,1.5109579320169721,-0.9504869618560389,0.6174190765459159,-0.34860179323917406,-0.6092908837874444,1.0906660175761125,-0.4750062434919758,-0.7364533466307663,0.9405557494717861,0.12873227279242572,1.1821206915924316,0.06261674648145349,-0.28894342039114235,-0.7420797532986896,-1.6706701820354628,-0.25423436960810797,1.2138337362177558,0.5505340372672309,-1.8213513428137362,0.5052044132795976,0.33945972219346143,-0.6615307847495475,-0.5648202376715197,1.5525191315425848,0.13550026139646507,-0.8973676126297874,-0.11047943096000136,-0.08537635461056914,-0.1666412802206273,0.015771134716076163,-0.7262299605668304,1.3013768824691494,-0.5684783041972858,-0.025914679039808042,1.460534290216847,-0.5159405222301681,0.28876842863235713,0.01950783093531755,-0.3849619261374162,0.5407765849814274,-0.21677404933328714,0.9219835363621026,0.6009884148670797,-0.7106207281069188,-1.9841465112152665,0.14751621043068427,1.9530822754863073,-0.5572060804822654,0.9255515359473305,1.610610854130799,0.5463836478997757,-1.1797740413765383,0.6349317944503977,-2.415642255686002,-0.4050831861604517,0.16441370746545797,-1.7263078815295922,-0.7369853269424044
-1.490104683612115,2.3041238477549983,-0.7704929338790207,-0.5357945844465857,-1.2940821367698525,0.9547702722272954,1.9091413263761035,1.1930027971149457,-0.6698515805484966,0.451514009977114,2.776615566924837,0.2381640034266964,-0.5435714679842488,-1.1911901894293302,1.2431536785058268,1.0857198994812072,-0.734123771219269,-0.15130932358336646,-1.1551719141575205,2.3584366036811995,1.322966043142792,-1.2804698203253313,1.9963015919833242,2.832376316808992,1.8347497353337083,0.6842395289897146,-1.524576284508437,1.959515849323378,1.3243655868090203,-0.1959221253278641,2.2766862462030772,-0.7363259810596211,0.5350877051840566,-0.5179203890014012,-1.561267003571249,0.47995758328887783,0.026880014124241125,-0.7950418822571894,-0.7614404599074367,-0.08187777463632151,-0.9753389284434416,0.23574830534480729,-0.0920777551736805,-0.6831153398337027,-1.0705511386812205,-1.0338837070849336,-0.9530485555369457,-1.0300068931834032,0.2742787751905041,-1.6102188047041324,-0.06718635120974259,1.8138290992030153,0.9433671418527372,2.1901019937111528,-0.8341185535418485,-1.5956034001731656,-0.026717681372498747,-1.5559857640974548,-0.39188009422287706,-1.636293612313587,1.774614027802489,-1.7279602510451366,-0.8039537449581957,-0.7594818739685159,-0.5382689499625897,0.5759740159828715,0.5953519637653785,-0.12927466590261705,1.3684855340894562,-0.7903366034409095,0.0031754940517358943,-0.7926038328612471,1.1928605472616103,1.621680817220994,1.1064942341192066,1.805407732446196,-0.29612365345189307,1.0228599749104308,0.4731657486085817,-0.9359298298807849,-1.3104099409631755,0.19680577557163123,0.7436545953565834,-0.5486596872204897,-0.8512051672456703,-0.0709045380361722,0.9977169125160812,0.1505307211796862,0.4492825649486461,0.6459273632590745,-1.18766954035935,1.920032475642659,-0.8010930661127265,-1.6023691475857613
0.7249782808588632,-0.9988862348365282,-0.18480241735764993,0.7760390262496664,0.8983524518109464,-1.5540642507692057,1.8888046959783185,1.9071162095464342,-0.5500617479685499,0.1953224895270948,0.6924725636766175,0.139514785468282,0.2528648112936298,0.3659896640517311,0.2742775583443536,-0.4982265056338784,0.8710808045440335,-0.2684190734805174,1.4047684779792249,-0.2037511256023013,1.0224520637444392,0.3856678587897375,-0.33853216561571214,1.2637802009623975,0.5649536934142837,0.4103919711703067,3.0226536322214343,-1.19396723341893,-1.2270605027490418,-0.47670857482488244,-0.5895392756340221,0.659292136045067,-0.41065646359798635,0.8695623496658489,-0.6283762099074481,1.3107748921999969,1.685400199320866,1.263771406286716,-0.24539749288135063,1.5399141632349573,-0.2536159935130271,-0.7320287104287612,-0.8049481485024865,0.1020077912885855,0.7003158478594085,-1.6410085228273321,-0.2777677656804866,-1.3103757492747983,-1.2859788161122723,-1.6547117131340336,-0.8256525297858431,-1.0770307702016477,0.6832169740545666,1.2141476363930115,0.8586168617762322,-0.2995815465998712,-1.7176536465117915,0.3378090741044924,1.2593880618529523,-0.8772663557716135,2.462888217336076,0.647381313043996,-1.5431184544435776,-0.14920631054216638,-3.2670520563813588,0.824206908777981,-2.716286996078085,0.1158205061485433,-1.0927789693748262,-2.0119617545669413,-2.053609454831423,-1.861829417008161,-0.20612639038328923,0.48937041677562365,1.76780786232469,0.40174697658059727,0.5869887829067049,2.0321288680426415,0.8194141218650353,-1.3939025971161951,2.415414940945569,-0.7789633597451847,-0.8833579461595766,-0.4243624744284143,1.5310417228537765,-1.6771094612393358,0.2353086542327884,-1.9915905853355973,-0.33667389968950673,-0.3384289717239197,1.7347971842758625,0.7106894028565864,0.11808346039612855,0.2886156565924327
-0.7803177058955049,0.4977662037223618,-0.13426326203350863,0.4250183660423586,-0.3503480679872431,-0.6351049607429331,-0.15711488163045562,0.35264177948097786,-1.9514244903576978,-3.2681843364547807,-1.28363248733281,-2.008520217649662,-3.151568150617242,0.15809907695276462,1.4936982738951001,-0.7507268834626779,-0.5842295056710408,-0.43327155735048106,0.15716846664829748,1.1554986797369913,2.147491107351722,-0.35203290730045966,0.8673299484246578,2.494394363060101,1.4829746554578003,1.7491191169288958,-0.6735658522796277,-0.16544730075060987,0.6793909648246745,-0.562333852541007,-0.9048329527398471,1.7417738873976691,-1.2121656214137313,1.2357759390165146,-2.460421557007603,-0.6738423564055709,-0.6874545304977022,0.5321399300270951,-1.546141266231604,-0.38352435117215766,-0.08964623859857646,-0.006238862805367895,-1.0120835069273832,-1.6432542922849849,-1.8435119656446513,-1.1884245326932377,-3.9478232651683767,-2.170486517327395,0.8627280394704271,-1.210353239986734,-3.0598129361283295,1.4379522356307857,-0.1526139507010611,0.7603935900766967,0.37337664653492586,1.6321713777059896,4.170312750337442,0.5273417506368722,2.6937993749612836,2.343541116145178,-1.1640534012844865,-0.12712147902179727,1.2607395573370987,0.6032616179608525,2.6057613708201885,0.8124266994948772,1.327369605129038,-0.5881956517589078,1.0465613455313556,1.4411536272482262,-0.26125016983591287,0.7728146586945496,-0.2722743753978256,-0.2316261344600175,-0.38293903210950714,-1.1839886351794702,0.158199272469027,-0.3554005580335253,-1.8261612364217148,-0.8071772620497735,1.4042524812088866,0.2217758558415111,-1.9226095596807928,0.09704268036817396,0.059625166130201857,0.016116759759808752,-0.6997772697306489,0.5271055627707442,-0.7353712740619169,0.45708070960981073,-1.65426080925134,0.40218825506892775,-0.943764584706413,-1.6391301374464629
-0.3676112018970305,1.0030710889584853,0.19437954759793455,0.11659081472646983,-0.007492229439692159,1.942463584850974,2.7714834713492795,1.9018464971011144,2.3706076233548634,3.709273878574847,-3.073600644097961,-2.287761086241948,-2.8100543429514184,0.305774418552778,-0.7630041362111651,-0.9961005412932422,0.006776392547144905,-0.2743085000327642,0.036914088890872984,-0.20830728370530371,-0.734218010182841,-1.1452965714635785,0.8758452216258868,-1.81611164078725,0.3907994566134672,-0.20298734299735305,0.916639660894734,2.4413668654091705,-0.19209071574290396,1.0549142960881135,0.11180351546834437,0.38022136909078386,1.3828262408575813,-0.42901724604215263,0.5195390665799632,2.1288262439950714,0.7986884017289155,-1.0030145554712782,0.9174467936096857,-0.07218105367504116,0.00442366787794779,1.1286611649028093,0.23601154647281708,3.908652121144743,-1.5624597102191513,-1.6857775792724286,-0.1354650985005479,-0.7875477543376578,0.5043252373526058,-0.0678515699268889,-1.5867069770256048,0.6400136400535893,-3.0132262652081856,0.24651417969785086,3.3275161503230586,-0.7529346724725734,0.24135444384154792,-0.7599964041175249,-0.27202936173188186,-0.16771364264684763,1.2603012214027733,0.7310452084761205,-2.492316466233174,-0.3196695957490116,0.05320854326636004,-4.487444904768706,0.9615476294456691,-4.87540858579969,0.2177072599537706,1.531113105672619,2.9897478302128415,1.7821005699552779,0.8026302541261738,-1.3768550916426112,-2.1031597564144056,0.9768745512513041,-1.090623456808981,-0.8169605431223537,0.08459609289250986,-0.016986650816044835,-2.841666640253388,0.03471344389713039,1.3571756092007463,0.23069195462814282,-1.4637168112480619,1.830529615908549,3.105025686084704,-1.4429197196249761,0.3615340057056496,-2.913554478746917,1.2683227113504936,-1.4911006001377252,2.164367922123821,0.927244979372135
1.061922076567792,-2.118289297967952,0.017162907348197434,1.8378312405423625,2.014419664641489,-0.46443271710860284,-0.3362213791555215,-0.5167261873623841,-2.324538679626948,-2.1590124679740965,-1.536618295324602,0.6856407197001907,-1.2847941375925984,0.5722482774148508,0.7054777286635768,-0.9654300639403213,0.4007389234179426,0.9051047080847088,-0.47951798435855686,-0.3669624213118186,0.5014616053582589,1.380394442155842,-1.3600317952577392,0.7127413062194102,0.018270841792303552,0.642897024962757,2.06418398719318,-2.0269493494836395,-0.9550701252132011,-1.105146843704969,-0.612629447345258,1.9243349628778141,0.07412096107913363,-1.3180931397009803,0.6616744752556292,1.4032683991869401,-0.3532180810661409,0.5028186035732581,0.9619198760053733,0.7476400774818966,1.2024999970711088,-0.25560369537181793,0.03620297028536626,-0.26736305009803696,-0.5379974430449145,0.3620991791796172,-0.15709072759036002,-0.07237909640586168,0.037820244436447686,2.2845879520653,-0.27536302450162964,-2.0395527039124715,0.12452131164297953,-1.54040639716685,0.30276191009377706,0.6976423482207694,0.9129385028968452,0.9353200701656388,2.6696494698919535,0.7850075150817498,0.6281522734091507,0.17051785546670295,-0.6329704536215796,0.3031008882699654,-1.886195834709008,1.296023690654251,-1.1407400844681719,0.7259350383537887,-0.3385399958478611,-0.06441030587633567,-1.6862081832144251,-1.020683206085132,-1.2763852443026638,0.48858884615510256,-0.8290238465062423,-0.6167815618974777,-1.0250879757429265,-0.1732237116777498,-0.5710794951755025,-1.163719633234314,-0.03516392283372838,-1.1635344661076825,-0.46789007093896606,0.7246710338934138,-0.3340349866238027,-0.10699331073282242,-0.9561470842832581,0.4889301536951135,0.8917217321099214,1.0699028826562602,2.8317145510801587,0.47966813835723904,1.4448765458380073,1.4621146373281366
1.245270333764266,-0.7111738689193481,0.06407362907056072,0.8135205089892741,1.4675171928990625,-0.09657213027223233,1.0543622077807433,-2.153654538729243,0.4136336163297496,1.2434494221589751,1.0939400978887839,-0.8552710874471345,0.31968492800107373,1.743225291677333,0.14346130595952516,-0.6208333172987569,0.4412500456181312,0.057844538597930595,0.17307275493066002,0.10134998854230523,0.5975887373562001,-0.7392117594340647,1.8035573018150568,1.0064796214095921,0.740209124767451,0.12337230412846303,-0.6545293061907845,-0.33613942536060243,0.8540890452673675,0.7287849686329378,-0.8329976607636078,-0.45616693321434776,-0.985476382939137,-2.358176677727442,-0.7756156530237008,-0.5105499530473077,0.634309654153897,-0.2861654832712186,1.0112809248306103,-0.7084201903783872,-1.6265624863644117,-1.0863797793127157,0.43015763682819047,2.1055507036702084,0.5625158127474807,0.7016740247884727,-0.7675535116141362,-0.4144024328924226,-1.0028131150916682,-0.18168339970795197,-0.8536184262973427,1.1474970741173822,0.8114825880554855,2.8496576329443792,0.02815723976829232,0.2965887840188058,-0.9865134677856191,1.8395499287221333,0.31282007557142677,-2.610758230113314,-0.7651931988145565,0.359000770274709,-0.6957278786111888,-1.7186431745848627,-2.6807986157626758,0.1045315806818434,-1.792501193959923,-2.0591450440415056,-1.6128217113833516,-1.409063867991398,-0.0495319060478784,-0.9575614807568773,0.5798647795636357,0.571748749643245,0.5529736184991774,-0.09530434983395047,-1.1358126889767541,0.14281234377172503,1.418055738512321,-0.24582411860853282,0.44770631792882376,1.447283650940517,-0.22965113026883874,-0.37974233730995666,1.0657497224271002,-0.5464654636182351,1.3535043219435692,-3.1885537304786853,-0.6126624495508377,-0.23958529487514268,0.9619995214624085,-0.3749351933348818,0.507531077042,-1.054477986479255
-0.4452045047136437,0.7490764343751701,-0.8400859336257653,0.6239469989863757,0.0132249138718563,-1.7455618700330127,1.1461990115368876,-0.4810249680496313,-0.7101032011306436,2.230211516138895,-0.15979084900199964,-1.1438433774536705,0.11121192234228486,1.4471920225181516,-0.12006386845697493,0.7123979613193161,-0.11871628081214664,-0.1101947581490804,1.0876519575344084,-0.2064245275432125,0.7016191118303685,-0.1636021238617931,2.958098834558562,-0.8755040382121573,1.2552660753595664,0.7091314773403078,-0.36260675591502145,1.100789317890814,0.8733736505537708,-0.22659906710837596,2.3858102183184204,-1.2721523195512052,0.7744236459775142,-0.3230798737486421,-0.14882000357974817,1.1503559867647102,1.9642284808044823,-0.13351096258419035,-0.334489853857846,0.28744440745151995,0.3628054209428502,-0.7620450151221402,0.9851194735272821,0.7276043492992876,1.127226251189959,0.09572172366526599,-0.21753023016479067,-1.6566930367429107,0.4058847059300116,0.6523740232922641,-0.0022168916016142015,1.949786575020692,0.4509100457431825,1.0846041505644437,0.2982792441642371,-0.20578836244790993,1.0494438656796854,-0.12783194672615988,0.30476707508830275,0.45461473515081774,-0.39869990456379517,-0.20968019626929582,0.36436481816502914,2.5729318275286444,-1.5174453562985415,-1.0578726093732653,-0.16509181241157056,-0.29358095763333225,-1.0905957414204868,-2.809419564076288,0.36942430192025316,-1.2356919462192733,-0.0023811145387555854,-0.18285130630156815,0.5367866677969355,0.8677284751767668,-0.17314757209673132,1.5952770041275124,1.2555516977537446,0.3595279697696655,0.47813656081165085,-0.49773897731487343,-0.6877651539321481,0.4280316759418078,0.8707502659886394,-1.2431074857970903,-0.498620754258739,-1.3975820446382523,-0.3540339940507062,1.4948124667161433,-0.0026464382898582495,0.08910242103185376,0.32991066400454483,1.1267450304261786
-0.4882492450832161,-0.7053770136494308,0.737294925744241,0.356850357177512,0.4465340870231625,0.23126910719344274,0.4320116351521203,-0.44645700338083916,0.7616647572728074,0.3815125107907994,0.03857943467885905,1.2298611092688234,1.1443160982346585,0.24606231929968805,-0.8917872880687662,-0.2122492664159959,0.26761932703493696,-0.32883103378208,0.24398055615691344,1.2922357642840918,1.4997233067892477,-0.06525529594134061,1.7230110361961024,-0.18476628842712672,-0.08534657662804693,1.4857435208350505,-0.7393166044934978,1.045939093904318,-0.30753061659933756,0.8110834776768027,0.8199758332719455,0.2582728303994887,0.1576549226655477,-0.42966048273252067,1.5620683078083917,-0.18509894069206922,0.7985924580804725,1.6336438384114635,-0.05121223053896795,-0.21182038728444824,-0.997901243291776,0.238806387810318,0.3626888584982201,0.8100199145820528,-0.8956539962562597,0.8237112623761036,0.7684025308725301,-0.5585229780246174,-0.23554436945184115,-0.5396813950143495,2.3699263956003085,1.207151215167861,1.156661741889754,0.7555967450025916,-1.752055688626681,-1.0602908414308099,0.936323046487167,-0.4331039695425999,1.3577637764924966,-0.8470555925366636,0.41871037962319374,0.04569501391335745,-1.2271605391812281,-0.2801173311499675,0.1775193825010557,1.3788409430543336,-1.2949180073039308,0.7485220817918677,0.8098809123687704,-0.26807626553614095,-0.544990365130139,-0.7103841522327148,-1.2889561603024202,1.9010654083249376,2.1225778373178357,-0.760407407994601,-1.4186827029405595,-1.3729426565381102,-0.04844243631999187,-0.10560054964984307,-1.2332822037776243,0.48435541277866734,1.3770413571451907,-0.43303843370710315,1.964936605681469,1.1353506752926106,0.7939728772319764,-0.06541722250982517,0.0821766945014834,0.3020992919578981,1.1899155812311937,-0.4027054620348618,-0.8992103067134969,-0.30450600871165856
-0.5631605395149258,0.07387399431806363,0.07664116694273727,0.1262490613606544,-0.48811393680907106,-1.5179129226716326,1.6332064860122781,-2.402320896865181,-1.427028065638457,-2.2716637164420272,-0.26947775108026106,-0.15236596192559793,-0.7895685104926753,-0.1589665020662549,-1.6755347994584213,-0.6864186862409916,-1.31097066542773,0.08391508722132748,0.8123053621559688,2.015909186773212,0.01243592926876634,-0.6156454595050438,0.44729049576018043,1.1036630263029692,2.2387866713246747,0.189643638741534,0.3075409623111819,0.36140622644844717,-1.9591402894295484,-1.593843212042055,0.645819542943388,-0.00949045049962477,-1.8709927625609464,-2.1183029934301847,-0.9480629466892204,1.699369154139335,0.579439660035862,0.34051397269893613,-1.088243857314062,0.13903671959472746,0.8900573609840599,-3.012563338011747,-0.7241183040100977,-2.076333640491499,-1.8051884811778196,0.26878503359472944,-1.0554387799875444,-1.695732208658176,0.18300957669441117,0.9479376953969811,-1.4000453894769564,0.4921584180148219,0.32878744707319685,0.17617428531241242,-1.4282276185625766,1.3662541353966706,5.444758814339546,2.0588019741151413,-0.5147327517647053,2.5264666911770113,-1.867034057300246,2.6458192245707717,2.5864685746054663,3.755188779018251,2.6450630517279343,2.6972694800600436,1.494168389989114,-0.16160765946220004,1.1859548924980166,-0.7428386822199853,-0.4223983896014847,1.1200514705888254,-0.45377543860931346,-0.47698387349377,0.09721582300058396,-0.9238283633023316,1.5289959699154636,-2.3881300790484654,-1.3369505840598643,-0.1630279777077512,1.2954072824736897,0.24951459445380075,-5.348847762579167,0.7033862584454892,0.43329124496394383,-2.484099127532167,0.9342670337672606,4.236625257983782,1.255039058785838,0.1627418952020765,0.12470966708697073,1.4242521696367114,-2.844037842215384,-0.18989365438012829
-0.6087397745340567,1.081880511419375,-0.23109295278999684,-0.020367108435033587,0.3566330566806189,0.39106087167119985,-4.09895986901266,0.9412701397866985,2.249756963975554,-3.538285136093989,-1.452931449182032,0.6699807543126032,0.1338592336300648,-0.8939846125017609,0.2927226845530286,1.4965247794585663,-1.5847024963014178,-0.8803280252170649,-0.8719663447484017,-0.18355125345779177,-2.4342670300196128,-0.5576497605871736,-0.7747817684442833,-1.3620284991479044,-1.9009588093494008,-0.8500790924226604,-1.0860721804186002,-0.8890373354731156,-0.5631915916094685,0.7186820292363035,0.7254207129257085,-0.5017156014899017,0.2657183876811741,0.4941178804990561,-0.4502264518561351,0.09880227333533309,-0.4683287018537108,0.5987931061980878,1.2362081500166553,0.04953453063874044,1.07313522049988,-0.060517214507332745,-2.2249055264518542,1.5048506226169225,1.8009893813398112,-0.26398991843523195,-0.9854151500266307,0.5605495879504027,1.0196412359783251,-1.1003399821568314,0.552839743539323,-0.624816712253067,-1.8672705791458428,-0.8976071080045979,-2.9813515555191388,0.16880775702029352,0.7352188125548536,0.2265696195649533,-2.983908621640567,0.032566436776333196,-0.32466648268024684,0.8518473781508134,-0.5922126033658195,2.0300210899548765,1.0548650038873106,0.1863910237287302,1.5814978268141129,0.046149211199112944,1.4413957314999826,2.7404710359990148,-0.6473180599683416,1.4554752052183793,1.356195116850024,0.542780912543178,-1.5971375842686402,-1.2736149184417713,-0.606711779990367,-1.644089392001191,-0.948672984855105,1.1192231857805137,1.3146493102168275,0.4397195231435628,2.124084729152841,-1.5486504583551128,-1.291489235615972,3.100729460209303,-0.4249785128361502,-1.0159364525601813,-0.6317910039604324,-1.0851640036948391,-0.3843064044218788,-1.7319630736021407,-1.9213198393442985,-1.0082764265491295
1.3534006365367026,-1.2852694844331451,0.5145097158051645,1.6064116474404877,1.1572377837369796,1.6524811851006342,1.122094085956077,0.578844841302639,0.08123175731300575,1.2721727248802859,-1.3516579327482208,0.32941777171702713,-1.8795000504526094,0.9212388436150573,0.2441443012919446,-1.8131918247106495,0.6987007201167649,0.6120634852998221,2.3250818723723516,0.8131253153310795,0.4092273767883652,2.444299268119931,0.15562309702380617,-0.7964830859049916,-0.21704555376461845,0.10644834554333768,2.4495377967241465,0.5442340403774861,-1.333446793660359,-0.25992919451747154,-0.34428386993498283,3.173779420087871,-0.4950541191341279,-1.2854846016648591,-0.0612752940666511,-0.4711867294724542,2.204814283293702,1.41208860654285,1.4342629512057476,-1.3258636581832375,-0.8083163809116374,1.203314605161184,-0.27409276846660635,1.5904896169423166,-1.7118988878471773,-0.7855194196180321,-0.7283723517239156,0.27884689109565985,-0.17121073171143697,1.1026287579282252,-0.5801887753031625,-1.07581164549416,2.1442374552993835,0.21636827413702642,4.614369957256347,0.5562375343844824,-0.4867446078343183,-0.5134214587759851,0.4631444566325782,-0.22462198565621616,0.3453585450722463,0.21395539067978958,0.9454395224392608,-2.276768705863238,1.0437112386505933,0.25827338056810545,-0.17699463439450497,-0.6952802031860705,0.9014220258382938,-1.018089601304017,-0.62817718280188,0.3437409402756996,-1.322280839180907,1.671538603434926,-0.17565959582401303,-0.11518066214854572,-0.8118514580558067,1.2994373641429149,0.8096148852097171,1.082248755492882,0.9069097269260834,-0.858382977243916,-0.44519568232900614,-0.17824993500792333,0.3795794866224824,0.05277948090041011,0.007085399195889866,1.155349551839586,0.3542547496241306,2.5415472068094145,2.455514314938389,-0.9559308276413427,2.5430808207395112,3.138329423362615
4.368480994559428,-3.2115947033093013,-0.4095287122803597,0.9457341791544611,0.7863762210340435,-0.5478759712056971,-0.4342508353602268,-1.737190509407612,-0.9603599980665466,1.1656164773712945,0.8745674143676385,0.3888512303396495,0.4035157468728867,2.529352894558853,-1.2053032858846302,-3.022042751176566,1.6159305434121078,2.431965909841666,1.6767438750725512,-0.30589248809343805,-0.0018959107650002166,0.4788360026226526,-0.1582124562938616,-1.9454093720375352,-0.7216111390612103,-0.9471461130938897,0.9806976666048821,-1.7744602234137594,-2.722442040001412,0.3167745900883034,-3.0177563199358164,0.3949206034370606,-1.713549679817867,-3.5410371966781926,-1.4007158377658937,-1.263576530514603,-0.17726471999507293,1.2797403631840347,0.2535621010145196,0.07777787859946517,-2.751914115706402,-1.2175084762084727,2.5945925521929785,1.1133372133673303,1.372206796058885,0.4518913645200916,0.19736364782381596,-0.591984112938154,-0.7435240115524626,2.3535573838108843,0.5756794308324891,-0.7498347190258621,0.6061664598282698,0.11014764500625673,0.9889945529256878,2.0662363754596984,-2.8337497819131503,0.8583232995020923,2.326648608484291,-1.4179701970357685,0.7414150980997556,0.951411112853976,-2.4841902824148434,-2.821107010682059,-3.6094653538248114,0.11279000667923034,-1.7894956081782163,-0.1470873211910807,-0.7580833579917601,0.39134684614490123,-0.6703080266104074,-0.1467581055378806,-1.9002910814535572,-0.28143266598191663,-0.7886401169132541,0.2584562939180939,1.2210352662587074,2.8961440363386517,0.9202505342959043,0.6526853218980102,-0.8278443526646853,0.4946320131988673,0.44086553946391727,-0.783163831731992,3.4057902564425127,-1.2620462416583969,1.3287123031260912,-0.9258307646631853,-0.05460344259779933,1.9935193686977204,0.3861475990124103,-0.21888063861420598,-1.2343713553423592,-0.393116368586815
-2.1050749560120083,3.5674525344787655,0.13168724431097767,-1.54379047347651,-1.9634305711934013,-1.83481620823726,-1.1141065929644935,1.1698269282821667,2.4501077335718837,0.043028412694868345,0.7680689202260956,0.8099669009076331,1.4701701487865724,-1.5277715146091364,-0.3665982704462646,2.436155484336407,-0.35579445960784184,-0.48579895690145625,-2.338404693214471,0.10783837646175048,-1.939219907586712,-0.6395904752727488,-0.08271880186060815,-0.3204702850698141,-0.4585331433404353,-0.8150223145873412,-0.10079011526899073,0.037290276050030345,0.6312991586464722,-0.9483044017928143,2.901877186782889,-3.210525022147888,0.45270798005230994,0.08809773469846627,-0.1414615359128435,0.37717014192198445,-1.6096852433300681,-2.3775022351749326,-0.7718944823738564,0.7212474074421182,0.14818026986994534,1.1120720292280177,0.4628565337008414,1.7062702709098752,-0.37503863831918505,-0.37570444327465236,0.7450810347827997,0.793884200115043,0.269014796450097,-2.855146040650619,0.514645358915693,1.0424054927448358,-2.6576995627478643,-0.5281945671563095,-2.760631316265403,-1.4539636515744618,0.8912209443571616,-0.8217377863676164,-2.354635618073096,-1.4868389544475487,-0.7934823802850441,-0.6830490609500678,0.6584274339208852,0.25940832239919065,-0.2854314295195577,1.5723218938654133,2.4461517192367497,-0.05616024880180048,0.3938870493777782,0.8302488235945243,0.8134211875123374,-0.29418164831198323,0.3584151656960599,-0.10888682719811443,0.3046441869695061,0.9460320964109636,-0.7888892768125559,0.3854487856249147,1.5041310127252174,-0.49713934291959927,-1.3701117995615246,-0.7492825059944885,2.511963829722847,0.6222849412972452,-1.0681527594735256,1.6733391077248196,-2.483978806140153,2.9330728009267935,-0.18537899339941047,0.11911267199413927,0.5324080901784809,0.37863016018840157,0.2721423067423736,0.27126952223479983
0.3245259905306072,0.8392941832134586,0.37320926116188036,0.14765830282269438,0.97348580805463,-1.5364265416739658,0.7494673913855453,-1.4921212473076673,-0.3772462255155973,-0.4690212451662873,0.7308794050579575,-0.57234622408912,-1.0348715369476869,1.0996025079520453,0.022188462907029964,-0.5017298276325781,-0.8484737899938585,-0.9590645061492631,0.6511770371402086,2.209191038790941,1.5031355910074358,1.7898536326028593,1.6917574526786652,-0.5214511748818418,1.7672436287657622,1.162160337950219,0.9492403259200033,0.4428834372956863,0.608434145204581,-0.5725572624072649,0.7149236606275902,0.9553852031894877,0.26540563994000416,-0.5737846566646065,-0.027100690673349137,-0.8090857282739341,-0.12086663331071698,-0.21312280753035534,-1.6719476463944505,-1.3528593649711889,-1.6397766131201572,-1.3645257614505066,0.8280431085376706,0.6848778761062588,-2.179314630584504,-1.6668429240249836,-0.27534684937552595,-2.4623995690095164,1.5657492009351743,1.4371757435521797,-1.801439348190779,1.0531565876710087,-0.12447917740219572,2.1046247373993023,0.5182489765010226,-0.3211495397242347,-0.2592243617316764,2.9203254503729124,-0.3154711536200887,-0.8714185515440078,-1.2505335355565799,2.322534393581333,-0.09463577031914161,0.08780348924651946,0.024254830211843638,-0.9769000991192233,-0.8311323285144407,-1.4079347564497393,1.057202591892787,-0.5794777001164587,-0.2957624088073882,0.18944642004137982,-0.5051586080203947,0.13134721357136797,0.697569612449411,0.5060976677854715,-0.5085529339014216,-0.27447131878118813,1.328714694216808,-1.440698117215606,-0.32475795456263296,-0.021179024096097274,-2.17049162133162,0.9589308116621833,-1.1610015075741782,-3.2343560966665836,-1.5985187609580702,1.0424403134269729,-0.13267915370881575,-0.5623103036704057,-0.17677209527283977,0.7111659227287881,0.1299136514327083,1.0462176837314885
-1.2132982152446896,3.0447841741102346,0.2897494877935589,-0.553275010011105,-1.3735983632494098,-0.9095566911615738,-1.8601126097926062,-0.28532633778567645,0.9889076224716866,0.658334160443027,0.4116735230657025,0.457560990033596,0.6751172932128133,-1.5118435614234114,0.3520438582185118,1.303881909699816,-1.099164501393071,-0.3379318539120037,-0.6836115854477053,0.9196832807223924,-1.728403037769511,-0.7015700576324196,0.06198867792714672,-1.3844754919144941,0.008782086178656306,-0.8079601566841637,-1.1874421879518393,1.042659897817591,0.6365581580292334,0.2974180315943265,0.8197935199227477,-1.1602033552850815,1.0626488246615573,-0.26848951057131737,0.8604281252493615,1.1944395127528478,0.07503556591608898,-1.1010282374921818,-0.9038300697140664,-0.6993071836616372,-0.5157679925475946,-0.2472350262153819,-1.0155942100862727,0.7177938308904683,-1.1119823723219247,-1.1511248642112073,0.2596497649661602,0.047496930597006715,-0.08855616828495574,-0.5714440118443738,-1.0530170282627656,-1.033148387196954,-2.1609770182178902,-0.5386276403504644,-1.620716841660112,-0.8157229463434145,2.1897474363879468,0.18984812496466874,-0.2611508427829796,1.0498012382497244,-0.11986864483685183,0.4015156779550064,1.0188863663972638,0.33438846349370327,0.13621962834115275,-0.18871807010274147,-0.33628196885427497,0.8259976143440767,-0.6495622110288712,1.5088297597249598,0.09206561690414083,0.77540544617189,-0.3688187484098534,-1.265831383891774,0.5675790207813642,-0.16963277250378722,-0.6852827074775871,-0.685898400067559,1.1174563737282692,-1.6426967189107466,-1.4972983055975557,-0.30308597754865096,1.1915167294153797,-0.9855812512962351,0.23662160066158267,1.5806254117209704,1.5124597255027283,0.5416778039453503,0.11666744093920031,-1.2798856724241106,-0.7411380083954571,-0.19454823522991416,1.1264331552753222,-0.3696860205861012
-0.8716899309782794,1.7365592292142047,0.09536844003304794,0.11256678058729752,-0.8266143873888074,-1.4892061575916786,1.996025672722063,-0.34113440414928764,-0.2074696006445116,0.3797142179238609,-0.7182081342778373,-1.5399014448102606,-0.9471911860063711,-1.1422006809463026,-0.472754420946781,-1.298795618051439,-0.2055730773812302,-0.6972833848021689,0.25023329498924807,0.47814598858428603,0.7808216946874641,-0.573917034121214,0.5728432405675628,1.4908388368456005,1.7032567411360122,-0.4229645139670801,0.38179364395624626,2.5988585919216876,-0.485995984452518,-0.7868756823688304,-0.3411578057896981,0.3389960984905032,0.1691207903806357,-0.5374479554431242,-0.13639746967296162,1.042397750997188,0.8373582894273057,-0.05900337902031799,-0.8612171758727717,-0.9926653230103734,-0.8134733943229855,-0.05509936913018576,1.8527415602891342,0.5705935291852708,-1.278988205094846,0.7194152445402132,0.2171660250188434,-0.35997183769365304,1.1279378298489549,-0.47178819814674544,-0.5765325499802664,2.117548665016238,1.8204274838913044,1.2815576616742976,-0.11800667704771438,-1.009836563249434,-0.010922893039815973,-2.71583942154653,0.5740192475318512,-0.9094742792889702,-0.31994138054378773,1.1111512219172783,0.4088033999535307,0.43985431838300826,-0.9663257731013307,0.45109031779465236,0.007515553439170569,1.2162361589798145,1.0551821867445785,1.2849514407143023,0.3905886671524327,0.0400071419595784,-0.956261565899703,0.10207884261036079,2.5731289844678145,0.5248715347285945,0.623725678296451,0.3130705558793186,0.3025746611243849,0.975313719502371,0.48129385051861406,-0.1394698836779085,-1.3710388809721077,0.39236841105108733,-0.6515949743858747,-1.3848765101919325,0.34938270854212755,0.8802065117164796,-0.34816011787315027,-1.0414054549289933,-1.6291547352688844,2.505782557196798,-0.7698352910491819,0.07231847794111612
-0.4611971534578232,1.1476392163871387,-0.027354824317571504,-0.43132012949509957,-0.3279030597721049,1.1259109930706428,1.2248850319948326,-0.3951232303323335,0.511533413915107,1.8309630706077746,0.3546606104678469,-0.2835550268087544,0.15704725409349693,0.6493137803090377,-0.3656506869794424,0.21351967666040833,0.12892023147969678,-0.3079117934564714,-1.4823415353246014,0.4930733771339244,0.5775955308605298,-1.4620114578827481,2.4279353280676617,1.0175707330462989,1.6123257821459318,1.2316733271452724,-0.9727200693201662,0.4906861062145259,1.5823443928084744,-0.25634295893402237,1.572565652208231,-0.6029501290397727,-0.24165238533248348,-0.5476473760604965,-0.26849224740954913,1.0527970737451884,0.8467971500101826,0.9762594605799486,-0.40830195084081755,1.6985413233779536,-1.260282451754179,-1.4609555742607288,0.24346204671188723,0.06423368401616081,0.7124633815310647,-0.420633239686776,-1.3196394952603963,-0.6815561959230875,-0.4132418560261004,-1.6592443868719275,-0.9263752995030937,1.7478517799304991,0.4742521016464231,2.295280961913135,-0.26455086650410065,0.6736157626182234,1.6022068381213956,0.8133288996027029,0.6523584938561939,-0.11381205592405191,0.12636005208366072,-0.4275275473187183,-0.10615107921078923,1.6534289236566728,-0.026591849140302992,-2.2101258861249367,-0.046643294670566715,-0.3738568250787447,0.6254731821993991,-2.0372775278025994,0.11217182968277878,0.052654717982868256,0.029351428483330583,-1.0606544506428572,0.3238831402480225,-0.6602706188362761,-0.6175566725945897,-0.16059424340205966,0.6217975960489519,0.7116548438071526,0.8771020574866938,-1.2628671526337838,0.3638994341240757,-0.8578159072185962,-1.1644994984001789,0.008463270151287283,0.6596385995667526,-1.585685209768835,0.07336386588521966,-0.3328272501090207,-0.6602298304417774,-0.5424694407043343,-0.10173925420453112,-0.5630577709127693
-0.066202885377753,-0.06209214920619999,-0.36633910390959784,0.7245215278079034,0.31815566962989866,3.11718921103229,1.2716057890445018,0.6544556469664967,1.318218717482888,-0.6981645162411797,0.01721421446136122,1.1805007977409587,-0.03914042766126455,-0.12678215330360587,0.2531049746891594,0.37725817697303976,-0.8702770686468487,-0.18271841520129942,-0.8377326133075494,1.2167054275403715,-0.034991136331220696,-1.1749205208117022,1.1626501490444543,1.3274124416603121,-0.31417448164332096,1.0098456441077612,-1.3440553489951779,1.6448684723315057,-0.37952475746339165,0.6004390727630029,0.45081857970608424,0.9725137828907626,1.1803469094943633,0.5492909357845428,0.7762459465389951,0.21134671419750706,-0.32498829948496333,0.3819023696167565,-1.2992954730412385,-0.29115437405352057,0.19167599203011887,0.4328849949732412,0.24415244202216652,-1.3489482804537045,-1.5194388674565908,-0.29717183495002397,-0.1665477504574716,-0.06566158452952878,1.2107187303596358,-1.386348970221657,-0.10977267759795167,1.0473408706235483,-0.41927659065157497,-0.6929146863844904,0.7810948180557121,0.6757247560324356,-1.2190846211011508,0.7570092607180386,0.17288700743477126,-0.03954094313885448,-1.7046758317873363,0.5036834220636124,1.2204234243828695,0.2456388320060891,-0.10427424863400936,0.17770545975620344,0.11432403507670208,-0.7864606227859509,-0.0062910099265179875,1.2668902876983317,0.8674079230003087,0.5783252557939562,0.16871822260631233,0.07855557467784907,0.022699523749196555,-0.4882227804386543,0.6097081685883636,-0.2979275276159084,0.05056766717350075,0.597460163759566,-0.20306624264975448,-0.23764685370935426,0.14524421615428929,1.4498480442101798,-0.7197238000737844,1.0543038093762191,-1.2152810800501868,0.031249730919121033,0.05217184118392512,-0.5351636698664033,0.054853019224357674,-0.7528500552611066,0.6104425084957306,-1.8182039660883942
-1.194052819967963,0.17122494409802475,0.13006909394778723,-1.0332115566632452,-0.34323371525207547,-2.6982272808258463,-6.354878994011133,-0.7227380568893834,1.8541298752965465,-1.9465484913113096,0.5014790171025376,2.5534616786457938,1.1027673348057019,-1.8603718305412071,0.007278246137258244,2.9278034411227294,-1.686808786635807,-1.7888592156739405,-1.7992213952437024,-2.0689353345563584,-5.570205087619253,-1.4871165708216103,-3.8093813963906564,-5.100076285487301,-4.17774447846664,-2.667381895217351,0.08308342090387044,-4.634478201037561,0.6138138816371446,-0.8149691895039813,-0.33506960824146526,-1.104334589071632,-0.7553728950113554,1.3955947134809694,0.07023868265344607,-1.4822871391750754,-2.41726786918501,0.7323523217369758,0.5345891926515652,0.04660870592138733,0.8953795051202453,0.026992355003698232,-1.9650155851934061,-1.3032109786719697,2.692598292438831,1.9240361927216423,0.41507173966191635,2.0946707345241924,-2.048312461177226,-0.30593666939151143,3.1250081490666783,-3.5181564488900117,-4.658247051062259,-5.534581221580296,-4.363429044663319,1.2837018155666509,2.086780074003763,0.9720364128720798,-0.9290846517981047,-0.22691785253719088,-1.7300475828267403,0.3868453764389538,0.09687430684488241,0.6797966073811883,1.0474341577042083,-0.1593932508167092,-0.16077873825404132,-0.8094894709726282,-1.086434364300684,2.053728335067051,-0.10987297614473768,0.598186045485834,1.7364955826543411,-0.9427162469947413,-3.594283530713125,-1.0568371035067508,0.062440235971420455,-0.7464555400761363,0.23917553981087813,0.11332436563690729,0.4524967063562979,-0.3052573508556109,3.2327726541299526,1.9596975729255115,0.1250687018533959,3.4515352816268967,-1.3528862493577978,-2.2587164234512267,0.22664061305367836,0.4014476862299996,-0.7205904657360627,-1.8728551087057037,0.10918242493340558,-0.9880312014923929
2.239580664082616,-1.4506555318176655,-0.46756811076661203,0.9426641073071158,1.9102061511149475,0.43731376102516745,0.7734501846524618,-0.2156046532397285,1.310538169406167,-0.1493875400037723,-1.400036092840777,-1.329421477740594,-0.031200067414083543,0.6367747874488675,-0.9987623916488201,0.034644410189693,0.44351099679520145,1.3650712719454057,1.4555541955818552,-0.863887924624501,-0.5139768729728709,-0.547001887606509,0.9740615786328678,-1.9420820083274295,-1.0510745494905729,0.8149876163624992,1.5723925135335703,0.45020943383296497,0.021150601584472906,-0.7947261142320107,-1.5813160795406576,-0.507525047142387,-1.495268202699375,-2.492433757629607,-1.8515429548475093,1.4439333809957418,1.4848476639017254,1.6858038133985587,-0.2024319065857049,0.3176833503886678,-0.8697159143333131,-0.3856622879589868,1.1904518652815566,2.0940587571877014,0.47197088692071454,-0.0017907669208374055,0.07394059779055812,0.3189054744615597,-0.9605331696327133,1.9257050213716387,0.1442036295234682,0.04194485804495024,0.1784177785070763,-1.597960630271141,-0.43511088543923804,1.078976964937457,-1.9463404807893496,1.8362589067720136,-0.498357776109409,-1.372571496552847,0.09016540009852816,1.0902139835914397,0.2422526161465013,-1.265014536014074,0.1306614250149969,-1.753304399405796,-1.3172073676525708,-0.7725893063466376,-1.7763732417231513,-0.5891442816794639,-0.8720071565313471,-0.5329992474257499,-0.09276204409255223,-1.0522792906435574,1.998004359407505,0.4605806414702677,-0.7680829033239593,0.28740593624201205,-0.2374877774777724,-1.1029340054079846,-1.1840047639142808,0.6352680089338362,1.1229102982239996,-1.7101006874877216,1.0569868432379377,1.0123659639358724,0.943109183550003,-3.494903032736198,0.034936973052279635,0.6208428335309695,-0.3164342500273138,-1.0835866026509837,1.9839924581497788,-1.7482604175221463
-0.4447575586490345,0.1879094954207296,0.3983955705719013,0.5420743186279225,-0.46783053484926795,0.22664296831229702,-0.8602081506508787,1.8839274297746145,-0.5576156646027338,-0.514225563406425,0.5677859859729054,-0.9114346977873,-2.3747048073032815,-0.9986480959604342,0.4865746714432229,0.12818669175934708,-0.9039677473925514,0.7746403013470928,-0.612983128056033,2.20709452468138,1.8221949780154978,-1.2647429630694431,1.2422958125470602,2.532205497118815,1.7012908047175777,0.5308331593958806,-1.0766078793421925,1.0201805450836754,0.44115808668555345,0.8220974671339589,-0.5851188430535436,1.3022554704296563,0.8065048149876899,-0.3794630665265438,0.47609792216551555,-0.07392236769992644,-0.07161688587013768,0.07796101797725513,-1.3497680014312656,0.5950729360883846,0.43948760690424893,-0.8609909555318144,0.27205484546229053,1.7405585518648383,-1.7557790561523483,-1.2251304659821178,-0.33096630992109577,-0.23116702850848136,1.6953421564505167,-2.5957668868477595,-0.1726905143904165,2.1705259115883275,1.4286498293532455,1.6484973775462217,0.8175665527377521,-1.4982060278048732,-4.628487893006911,-3.0373401134562394,-1.1434718224972868,-0.8862786094586425,3.8821208625839807,-2.1916680822487606,0.7911296986729381,-2.6129218850577995,0.11544189304904573,-0.2436226605453542,0.7972452745662639,0.2947947005860659,1.2837997989728125,2.0989079771525136,-0.35081527589837525,0.6672166293319246,-0.7270080449942741,0.4387183656101893,0.5105266623934067,0.6438672530330384,-0.359572722143285,-0.1470563021168972,1.31539318602256,0.5947760154317957,-1.8746916792238864,0.002611977171839086,-0.463784233782982,-0.9964411035023315,0.6299175829854776,-0.4714362381897456,-0.001920432709561326,1.7445223559986953,-0.17708361535661407,-1.300302109884837,-2.2524377565526397,-0.4002326368835493,-1.6983505564620802,-0.20064521680591924
-1.5270925364182537,1.3502792333261397,0.32564571732486086,-1.0801690648340028,-1.0781412036608282,-0.0025390819302543166,0.7349502668048373,-0.32791319341352543,0.1833501428382069,0.780063279052555,-2.2869489290784584,-1.7181458184328777,-1.9459815063848023,-2.1129757871517083,-0.3816167047276218,3.141611734515081,-0.25359369382086006,-1.3751764467261607,-1.1108715908657507,-0.5843553524265372,-1.452615351151994,-1.3769030779679194,-0.12423657425875653,-1.5210852041683705,-1.5726162406471154,-1.4199811478961686,0.014087451685404595,0.24399560742261528,1.1101318232470632,-0.09872148685329897,-0.43744937338611534,-1.4166864252997728,0.5458671609101099,0.5819759489992177,-0.7015384648186886,2.349588563985067,-0.9522376695152517,0.02942251214598679,-0.7437357108465122,-0.734090832173492,-0.636015336961334,-1.012641784467091,-0.18412019157449921,-0.29239696757573147,1.3187907303219135,-2.5883732467324285,-0.6982098437278542,1.8671299342464889,-0.5268424864589869,-1.64757544833205,-1.021695840532278,0.8230687253936652,1.476342249982622,-0.9493249508423216,-1.798314715197125,0.33548502400071334,0.8300285148203905,-1.0575163486513859,-0.06359895922016329,-0.2755703856354279,-1.0701085449583743,0.0670256729366707,0.05455323337224405,2.9004099388844207,-1.017764098497852,-3.7694009353550735,0.5821351376901625,-1.0720374291672556,-0.8174190627255727,-0.44694855426396185,2.8834919144449493,1.409957295230809,-0.056336678642826654,-1.1348128030900846,1.7466905051691488,0.7354316138294346,0.46729423445553464,-0.8358586941770028,0.2787730618018974,-0.2408080837944676,0.2704334835933832,-0.8450993695624703,1.3795351002606018,-0.23487603219186615,-2.282934046545224,2.270550671251884,1.6181856278071778,-0.949082770043304,0.2733910635374639,0.7881951439845358,1.3279636143013849,-0.5294206409956096,2.211530675558333,0.10353135018957016
-2.68785346188758e-16,-0.031832423166840755,-0.004853528270672007,-4.700257310298298,-2.563161234361475,3.30153252286507,-1.515842027851082,-1.2007656407309202,-0.49969787292576207,1.1907782592586966,0.8245776360151276,1.5224099322966589,-1.6254003654542528,-0.8323775967429882,-4.2666908387807965,1.2162136499138643,1.6242597076855119,3.400611185471459,-1.9235155317250043,-0.393125413072833,0.23552681015906823,-3.500292605881614,-0.26921775279208626,0.1543712438107687,-2.378936142402856,-3.7590749515109185,-3.1861794012290896,-0.88294278334319,-1.7051057884942313,-1.2823776191194824,1.2652026017573303,-5.399511446914522,3.900328480969999,-0.39389988513509316,-0.10272134983439274,-4.791182476467432,1.748943533381615,0.03621474830180005,-2.8072867286914183,6.487198734972667,-3.390330454666227,-0.7257028626094588,0.40701954713140026,-1.2222293965044542,1.522896787886286,-0.5051008186043667,-0.9452367298513941,2.651415354553466,7.1260332154277375,-1.4726312011149003,-0.7721039327092194,-2.5605689532846845,0.31876979517788995,1.1449417817828773,-0.006977574570301859,4.692626994575692,-0.10464366416885189,4.338464369140044,3.3145151998764777,-0.3445662844602182,-2.104655098691877,-1.8326275847359548,-3.6958057723455617,-0.6319332220603491,1.0267810972649745,-1.898087150675204,3.8975646603935985,3.681854419533441,2.865479402315522,-0.5273147553004985,-3.864471479990748,-1.2603445445961217,6.950977570323989,8.543262212760764,-0.08846181998276567,8.42931212324772,5.518648690248732,1.8702989828731014,-0.1511271566273581,-7.503711539159115,1.0633150075121922,-2.066415457974438,0.23172178199866314,0.048563782027985725,-1.5366873637457852,0.14442767517425836,5.491963063170902,1.2035901516023662,8.420048161612776,2.5866656046897147,6.469483873452762,2.180963260023829,-1.2469195366756867,3.2785010999526434
-2.68785346188758e-16,0.24648839652669124,-2.9531732113006153,1.2571436706593537,-0.26784458768774444,0.9084267471384591,1.8089497089992514,-1.6602827635810105,-0.7208134027545641,0.6409620494458551,0.17189766602616602,-1.987186892033297,-2.3132010859118415,3.9809375516594994,0.03969157017665392,0.5209297440030859,0.7198303231934067,0.3390497233127973,1.5677431250020777,2.083974365514859,0.8119583342826635,1.0985780716704294,0.48589358035574826,-0.16739301085024363,0.24632761124103353,2.232233397857097,0.05488686585894215,0.49726300678636126,0.49136140860428135,-1.1871299114498102,-0.008638374808150662,-0.09734978684748333,-0.8665360475726538,-2.813125446763017,-2.3016969387638833,-2.2256204970351288,1.3549871577888464,-1.6050031952207797,-3.6249836864816816,0.33381248209596914,1.768029403938995,0.20295598321662572,2.2324708931682036,-0.6902774695171275,-0.2589703959549884,0.03352230568198272,-0.37859710996884044,-0.019022793715169906,0.39280311986698163,-0.029316186402046317,0.5256768372863101,0.007436816054484596,-1.955243642335071,-0.44667415116061054,-0.613621281663009,1.0214792237065762,-0.6865931648880091,-0.9860096181603069,1.9561343104774227,-0.6271839772062634,1.9628078398782263,-1.245841330319702,1.6216739637857736,-0.784443343656279,-1.3742172685657743,0.7570734738872287,-2.469679097641568,0.28807824854697783,0.3412370803190019,-0.6819959208762189,-0.06325970239082102,-2.625337023932823,-2.372690141464582,-0.2934091461754432,-0.46086477441003026,0.8720946163778883,3.4186625904298293,0.6011648884729434,-0.10179163226433863,0.8239876953437382,1.7203468775823065,1.7670763358076442,-0.48407739758230484,-0.5039552340046811,1.3157626747996738,0.2982633391410089,-0.6742525511978364,0.7432457418993907,0.44972415480852057,0.6544299611255984,1.023161681423058,2.110311726896099,2.468694522125674,0.4210653762202348
-2.68785346188758e-16,-0.34825172496235396,-1.0678525190943793,0.36984077994998177,-0.7333813070792023,0.590662207720089,0.8866596769617858,1.0811139628405482,-0.2351326467968364,0.773983070489483,-0.5098298832426083,-0.1609674510740724,0.9710881616970786,1.579715791415423,-0.4270438750336691,-0.6877373471159488,0.4970029816680106,0.04737777659985792,1.8003930776744712,0.23284266756499056,-0.5753957477764279,0.03342756901586991,1.3705280091534984,-0.963470977120878,0.37311404470134596,2.045136081841472,0.6045737986821063,0.2144872402567499,-1.156785608160755,-1.6199317854741935,-0.34098912168073564,0.18226779535902382,-0.5895809909157799,-0.23953716980885098,1.1323887728691138,-1.8304235555986796,0.21338949338240853,0.2518209845638433,0.5103596266203951,-0.48535614761139634,-0.4770621354721738,2.362442839164207,-0.6128084152002744,-1.4903925936425697,-0.0633024674280468,0.029153284373569788,-0.5741233241365812,-0.03881536359018867,0.25333262026793224,-0.2081139476124556,-0.7033151469551591,1.3792082433917112,1.8533609424679196,-0.43011533454099826,-0.5345748402903368,-1.214025127300687,-1.6081029549595909,-1.5667796046285165,-0.813582908622408,2.173592166183739,1.350563119071229,-0.3793112086978422,2.297406712403615,0.0003656707482150301,0.5849076299585803,0.33455549395901996,0.47003289679051985,1.4104446715126693,1.9204555505610013,-0.2958936115252396,-0.2010944967773881,0.31404385057969997,-1.3340743948085305,-0.5256110342307996,1.141149252724773,1.1548474160064761,0.1407953137851049,0.6556082629763658,0.24207981608661466,0.5366488409845733,-1.276351570319859,0.24828231062970096,-0.23450096255009203,2.670642919578153,0.8466845909186083,-0.00048261254230505226,0.36017616502768185,-0.38913797306889414,-0.4552170135728911,-1.1380435698029607,-0.2961248520586204,1.0440711859423235,-1.3463554840137337,2.1848201093093147
-2.68785346188758e-16,0.415063437149998,0.014660537377072014,-1.2653423828148593,0.3264769135926189,-0.9956448548488894,-0.017904348063972873,-2.061199833417737,-0.5103546838627061,-1.1476383508553456,0.4768393049684504,-1.227419633619892,1.5000750601348232,2.693461129459764,-0.1910706691420433,0.9475540063630254,0.3715145623842129,-0.011190305413496388,-1.783948397345389,-0.5166584742351714,0.672706421326144,-0.4352479382789831,-0.0932225519572675,-0.04030171425189438,0.7947294588057054,0.7172768727099884,-0.00816192410824712,0.01947237704353529,-1.4530171238241203,-2.089362224074913,-0.8327983651011892,1.3513753388461254,-0.695401829231491,0.42872551320437835,-0.2638326101711053,-0.6085833542658761,-1.5015274237706833,-1.1142213943275228,0.016171571028653964,-0.894763703616205,-1.2907212442265732,0.4400224310386607,-2.1419843042171305,-0.15774561210700433,-0.5079132054658491,-0.3460604123798834,-1.4584355684406425,-1.4190987502657457,0.6450235892612491,0.37564899625941534,-0.714666517783776,0.13324136280735246,0.8957187873963051,0.6875458795749316,0.7916579402237343,0.7625740699980991,0.38421166919842814,0.942065937262869,-0.8390687870096745,-0.7609134810809723,0.921566690054648,1.917757310643737,-2.732745489767625,0.8689496598009442,0.8822869772932146,1.096391509114506,1.5864486482743583,0.5048522988850115,0.039336655922825314,-0.07170676721923686,0.13204049781646587,1.7233174596726044,-1.506658074443803,-0.7086737245022738,1.4476908073648562,-0.561135433105393,-0.7798404117139718,-2.0721281574246,-0.08657295827700162,1.2879505511515603,1.1890906134178012,3.139641984112072,-0.05236439751706311,-1.31810126113852,1.007747970251242,-0.5522814810710063,0.4257263252175957,0.8813258408611941,0.3379289843483085,-1.025528711339556,-4.296423466676469e-05,1.6152281779147173,-1.5021779139546272,1.5060170070064545
-2.68785346188758e-16,0.970961220414751,-1.7783819662616902,-0.4173723799056275,-0.18864850187445997,-0.35160389347432464,-0.3496677255920447,-0.776157270659301,0.7989658417157492,-0.08514837048203074,0.8539522535390084,-1.6009477598048922,-0.45266777781312717,1.173222797766674,-0.2295161716247871,-0.09997245534732907,1.4452348726115374,1.1378247329874929,-0.4655764120076207,1.468776581341642,-0.18321616501459526,0.04731166858365407,-0.02719717466078808,-0.2990294414168343,0.36907496984089644,0.9485481079351112,-0.6052774762105785,-0.06115161640595859,-1.2197621605840825,-1.0002631220956717,-1.1176933434902574,0.03918257018897087,-0.48367121956584336,-1.3712799916781933,1.1094266732610008,0.2290901088294653,-0.508931655069752,1.8418875309545257,-0.19524583969736165,0.24654570913648527,-1.2465692846163208,0.7077506040545457,-1.1324697744612642,-0.05062409822636682,0.3142011247120799,-0.8982150397697164,-2.38451698473092,-0.24995635281104145,-1.0651650902576906,-0.08635179810290176,-1.5262446764370126,1.183327994950052,-0.1647838301307956,0.019237573859859074,1.317083735627316,0.4421841196979387,0.5331393903136629,0.8603819162656603,-0.46237444933802896,-2.011369085610431,0.27562087985563016,3.1952316338949966,-1.2297009770236453,-1.6968772118811526,-0.9219865685016334,-1.0890747659131108,-0.8883074192973899,-1.0306114671736473,-1.4658863873294328,0.7331237010335063,0.07231973821241094,-0.7619771794543321,-1.2238391644307915,-0.7048535174187532,-0.24633521832157762,0.639471949155847,0.3046950832316677,-1.7056353286436177,0.4074959529089573,0.24583843785546372,-0.1352522351665747,0.14475326477129305,0.5497524953367756,0.4600629269559311,-0.03429417436796922,0.026931110396276544,-1.2017079599486253,0.059397297430608884,-1.14214075627962,0.19315699044903045,0.614958700008878,1.5521801857437705,0.32068607480456557,0.25679420157693306
-2.68785346188758e-16,-1.2487081887462326,1.896434962427891,-0.5355746644227796,1.7214282620224757,-0.4471495790605907,1.1200079806129697,-2.5240344921963778,1.4438822037894345,-0.1741214052669445,0.007850646738978301,1.15869504799263,1.9629243509376972,-1.3642383453498403,1.276971895789566,0.3066217587354802,-2.2231356247838887,-1.7022831342538578,-1.2291088715095868,-0.07091907120842511,-0.21309538065739597,-0.4964137015871568,-0.2915933684017631,0.7941831795833719,-1.632854752366303,-0.020837645911988445,-1.9754891020488228,0.6771296200036719,2.217169237081701,1.0355384996849022,1.7960741493122068,0.6436278694419599,0.8676527658560654,1.94354007970629,0.35125526032161924,-1.5452236684886507,-1.2404862396265561,0.791202135455581,-0.06820597210738766,-0.47031230041211863,1.3860400042988807,-4.011941369911063,-2.2194870674204386,-3.4753432270725764,1.6338063904806586,1.2461725845411917,0.7101298951210762,-0.5577957001941526,-1.1123938608518216,-1.3888195831877048,1.6779824219121195,-2.4891249169040046,-1.5886180412050204,1.259212094624164,-0.6249852447599353,2.567331509090737,0.3376745190528467,1.3260723496283415,2.809227346716565,2.4757395448721096,-1.7849148952509186,-1.7436784428069247,2.129537026746907,2.714263819912415,-1.240137274272473,1.6096371084862713,-0.5121230005190992,-1.0010618728142462,-2.1911738679755266,-0.22828832090023485,1.8790599388462372,2.253551889356273,1.9704617684504477,0.10879841634200293,-1.3993850654737696,1.0209294097981836,-0.3136435726401139,-2.896780713086799,-2.2595292291619247,-0.4540755905137124,1.8355646800683667,-2.9786417012736663,-0.20522822376736558,-4.744301809266581,-2.221672244387619,-0.07045543397478345,0.05290205291809974,0.5360518498849313,-0.18645947389313025,0.31295790366836146,-1.35919947640414,-0.6347917220263338,-3.3773577980378984,-0.9743791019063808
-2.68785346188758e-16,-1.6001620063846187,-0.5872074183928144,0.8765006097884853,-0.7189390341820774,-1.3825217560590515,-1.6204040422123738,-0.8820707694117339,-0.6422309288444019,1.067876929456578,-0.6675372756781062,0.08134386948185884,1.7134414420886872,1.3586852125356694,-2.827128213229594,-0.08003434351400829,0.6236324845169358,0.4528401414201091,0.3271388131918632,-0.4772052502100253,0.9374700997114486,0.012860686342974548,0.4057484306844805,-0.04791521639982788,0.283005463833444,0.38932396272235137,-0.04932075704683128,0.26426464108989917,-1.5214205083190706,-1.85087535801315,-0.7521217650515284,-0.4561891496731635,0.2983082179643058,-0.6363417691895672,-1.0616570000784973,3.2128436234176654,0.5438382643779213,-0.6908308427254187,-0.4445688301147702,2.6642205944597954,1.3369846330101198,1.0203707385342136,-0.9780543214152713,-0.0005451217330074698,-1.4973237571745357,1.8502924678339532,-0.12075687210037517,-0.16877825302514482,0.7057277068561666,0.487584769021647,0.2668185951487543,1.256854829130083,0.2560537628176685,1.2295768091783656,-1.1919025545766238,-1.7802890498442887,0.20923552160267245,-1.352376972243042,-1.5375736988711417,-1.3530776432079628,-0.07111720611066041,-1.686062085245685,-0.2775510477163573,-0.41168172372983886,0.8785585299088883,-1.0677273108095817,-0.15192864043883458,-0.1953908583870113,1.1577830974336114,0.020343438920910447,-1.0572601823335146,-1.0265652111784456,-1.4840078773014334,-0.04251381994560077,-1.0589206969588292,-2.054408087460325,-0.11077664471418447,-0.7054876726660221,1.1296189325210193,2.555944670606549,-0.218658261939367,2.1871578081988545,0.25040905672083164,-0.007952788234156793,-0.3129328990844571,0.302776019479192,-1.0684368305780436,0.36232009792522474,0.2007875573622006,-1.6367002265749369,0.8336915046606175,0.14027183861602371,0.5508584648142592,-0.3563214609391341
-2.68785346188758e-16,0.5268818887056983,-1.4357509929948664,2.0987976686605516,-0.113845926857297,-1.67052642816315,0.7000833944557978,-1.9322634609717573,-1.1272423125868258,0.19054760337584445,0.25016375247930633,-1.9708278760023215,-1.3717887732540865,1.4742827290216889,-1.3809738069726212,-1.871249207889039,0.9341565337904567,1.8648893768137058,0.2004824457517082,0.4916177416226418,-0.5887990116644214,-0.5900222255833839,-0.7329745867221649,0.5192472211516733,0.08925237484534854,0.9250820263773031,-1.531454077260328,1.0543354787721146,-1.0564604713382382,-0.4629817207076429,-3.486187863391545,-0.49093650157498897,-1.2455769063373574,-0.34739615455122697,-0.03273170220813615,-2.7933000326875312,-0.6641415412167802,0.6440175837749912,-2.5599066786835993,0.8758428967046809,0.7342185517909489,-0.8573454058402141,-0.7554577259196519,1.3463857367272345,0.03882566132714371,-1.0506013385850383,-2.2779467684277477,-2.5069932607204013,-0.4368087078315135,-0.6495288440630296,0.031785757513818715,1.1823331686315421,0.4454837903095028,1.1159981117877142,0.8075277453367811,-0.15421290584916694,1.144001558136497,0.6675452660891001,-0.4893431706764868,-1.8432700688819414,1.1600582056053836,0.9176744507349747,-0.4340943271046871,-0.6005616878200758,-1.1309663809256745,0.37723742465057664,-1.7159416686350013,-0.15012392581259934,-0.9916980931451209,-0.2085100388501967,0.3394063689411508,-0.22612232918987452,-0.1146406055641066,0.2954859887043172,0.34104877072160733,0.8082362739391638,0.7938607976143753,1.457839573177204,0.422827121222024,-0.0009248236257348996,-0.5457283646158757,-0.434140974143773,0.5052045840040773,-1.2402140449766865,-0.7761792428427907,0.3398150038925912,-1.3422930494259733,-0.4121284465307093,0.2811572931684988,-0.004610107991576795,0.6537804324736749,-0.6036320451562073,1.695506530240078,-1.1112968398802554
-2.68785346188758e-16,-0.5572336611122798,-1.4123004215596753,-1.3859832221526158,0.48483335841126896,-1.2174571304897215,-1.777303073063594,0.8814012427587796,1.4325413943407665,0.17900517100741234,0.16423644645153032,-0.0505092120483962,-0.4174924706213531,1.060048064718731,-1.2683657567138278,0.6614459799361311,1.9597993270598792,2.001933158994033,0.9960291022704381,1.1488195043834284,0.7458617428633115,0.6235469766849083,1.6272410400107087,0.053081794225227186,1.4095120200798252,0.5954780432105897,0.6914224395837625,0.29234426553971415,-1.3458476514894706,-0.114941313838821,-1.3144844609724171,0.21760249775707782,-1.4113301937883216,0.32859405582932255,-2.814681657885591,-2.2599010196371747,0.39200915553239635,0.16133237735343875,0.016852364936953357,0.15812180653208086,-0.2473882300952267,-0.5925731010152048,1.035640616826301,-0.8052537901682882,1.8843133120588011,0.4124998597174414,0.5066319121106639,-1.1801212635853764,-0.9743665959710422,0.0950487698636163,1.1741902706327527,1.8829802858204923,0.08526230251510271,0.7419832136106546,0.33552703398297407,1.870800034692348,0.11960882828082522,-0.20674704132316424,1.7886245023154044,-0.13019107723344447,0.5133554595390257,1.2494552283600318,2.275529368968481,0.47915897322442924,-0.1668491965884462,-0.6017035637926982,-2.0545870393986396,0.2535501241047895,0.09251424059765267,0.18487877319374244,-0.5089005713219327,-1.4291093006316338,-1.9574827393503793,-0.11423530336387441,-0.6376025009549552,-0.6845896991586494,0.7414638114353009,1.414526090263217,-0.18754813037466683,-0.9306110227447049,0.9650405684210142,0.5733506469741867,0.24927387862699832,1.8678120925642627,0.004566954116993732,-0.7843876906685432,0.6341090780064746,0.1430627993795896,-1.2562653858958752,-0.0389918407656511,0.4749893285140835,1.271970814972482,0.7225533278720164,0.5258676280055276
-2.68785346188758e-16,1.0190794107023577,-2.4215415974075687,3.1136439032283763,-0.9429684301908323,0.8223992250679262,0.7102592395421476,0.405562076940402,1.7210422795724372,0.03114317969378584,0.388286733788513,-3.0541677727854655,2.623043501621801,0.4034824745133824,-1.1605409856294207,-0.9874419597213154,-0.34193413914131543,0.8365688297319354,0.11469379005166819,0.8082462225052695,-0.4185257714376427,0.5213795884902546,1.5918987265234987,0.2589193600249001,1.7694983014940808,0.21758103445176902,2.0568771842341182,-0.5001989615259655,0.05962679625429823,-1.0645344738472473,-0.24666160463397827,-0.01816403149900725,-1.345584446833277,0.5840563099909997,-0.5335919201003326,1.038034539955866,0.8230094514545756,0.8542074433294717,-0.30703992847998673,-0.07041470721298498,0.0266671795913635,3.038175131160998,3.2744030701898352,3.460119382464463,-0.7066000928846338,-2.078792099295014,-1.7464974205534272,1.8942679984383015,-0.9865228229649009,1.0472728760688625,-0.5893030039218508,0.09042010816286783,1.2417195795599905,-0.26668508335271573,0.8398930273671772,-0.5677886964471381,-1.2587880258778021,0.80793112136171,-0.013876628654487244,0.4582023677934897,-0.29275550985761184,0.24304030066722473,1.6824068658476738,-1.6816605036820955,3.061788066756659,-3.2113211863867552,0.2640967193854429,-2.622952870724131,3.1424545113750564,0.26203548858462233,1.725204024440572,0.39470962702210866,-0.11324731463260934,-1.1598886330013438,0.45530294590724446,1.308909869613676,1.3715964703744385,2.3245073232455833,1.9667840809117045,-2.156879823376836,0.13713531571400245,-1.7162235769011802,-0.3340996928637723,3.9259294925211363,1.358971872026767,-0.198964934951434,3.0740694668054016,0.027338459960038818,-0.6668889287988224,0.6081384502840752,-0.30962776277149245,0.32642459306692684,0.10552605610824528,-0.40025228293179704
-2.68785346188758e-16,2.007888982427177,0.2014529492210284,0.6520431823833748,0.9601285883363097,0.4449364195559831,0.5628159127667517,-1.9509339202872935,1.1541698781797802,0.23780761063550565,-0.4550686023587281,0.29961430954752544,-0.09381802021736474,0.5863899496947855,-0.07405920259728088,-0.2420704113563641,-0.02495341476941146,-0.2329149570952479,0.803767788739715,0.06154259210173821,-1.0965177375878625,0.5857804499916275,0.4472215917209804,-1.138104663503701,0.5611155615539148,0.12184321731855566,0.5473672292024608,-0.5654419518915814,-0.14587056961368433,-0.4671368583866684,-0.390025344634968,0.8179096051573063,0.8352536998728639,0.11380618051286104,-0.6732978635455962,-1.4660623915166977,-0.5971318146187256,-0.02127856115638243,-0.07098734951702035,0.615792000866876,0.06789307300065357,0.7245638288285977,0.306258405668731,-0.2076796633218433,-0.657926804907085,-0.32810971680216827,-0.7161106908107377,-0.9846461519063069,-1.0331196183597797,-0.5508052512771915,0.9057364037850446,-0.29755276244559475,-1.596257950980619,-0.33645587736319094,0.31002768437126965,1.2449968135575216,-0.9883609681965916,1.0319432254324412,0.7724804028628184,0.24775190172373152,0.15897681374886052,0.8647080109475106,1.1774185796214085,0.5536625180108581,-1.2227678041034318,0.3449073117792453,-0.5392152298103637,-1.6029084529365338,0.9006826288505799,-0.1785356593337505,0.3715628995364935,-0.08209202541724678,0.0932888869232488,0.9538690427843505,-0.6087261670221613,-0.8669644529690281,0.8905929738730727,-0.6886833282883484,-1.0400257271677127,-0.8193329099130888,0.9940087943412637,-0.07782695590918393,-0.6634598409880382,0.37404693599240885,0.4040725461137704,0.26643076746748107,0.5779738056239612,-0.378449906208328,0.23030591508506515,0.893199027084939,-0.024129565105190487,0.5484412561258947,-1.5448396066808237,-0.0897834369971987
-2.68785346188758e-16,-0.09919414092983843,-2.2040788422282267,0.8338795996920859,-0.5777889994260597,0.5011197522682598,-0.19508257380680438,0.7198736997379067,-0.6142367910735697,-0.8779626900350862,-0.14660046170492194,-0.16058037079989412,0.30221523850621357,0.033019259486398826,0.05988827905530292,-0.29541050602677293,1.5454469219225784,-0.27357329808126174,0.3644206209434693,0.9764039700827892,-0.7299684990512183,-1.1635440971232567,0.5800822469958367,-0.2918466553548582,0.9722135946954883,1.1927500733401963,-0.5692706828163787,0.9139966528136325,-1.3504237674446968,-1.5150200368970745,-1.374176325058413,-1.5707511285430928,-0.4842836414134437,0.41499136752572835,-0.15004825501499408,0.6309208714036773,-0.4174900209078656,0.16408109332860035,-0.30093177553936457,0.49745549224574054,0.8608500079599167,1.5584885218375386,1.7576388206936446,1.387645398750472,1.6792927178165438,1.283387993150225,0.0063196608683079225,0.7191886805034642,-0.2595089747559868,0.13371444291002266,0.2952548966523465,-0.49301266086188356,-0.39974413521230057,0.5864722678478669,-0.3489374448390424,-0.29536740689946267,0.13812966266294338,-1.4428040819477668,0.2961326227320892,0.18787953793559797,0.5884405365651139,-0.4655120665180242,-0.23473578808487797,-1.117237573029656,-1.363423775070137,-0.30497045623600644,-1.7803505993911835,-0.17481615517950433,-0.43323501660408126,0.4861821376437782,-1.580313016784051,-1.6326313810570505,0.09813539141556749,0.14663869071844865,0.7396316123409753,0.22150755093579458,2.490276634059603,-1.5080460139044916,1.249754018218626,0.14002977164078087,0.7305519951417665,2.1911159597640255,-0.7379062149449173,3.0046636606405173,0.7620356991158871,-0.007252704306517439,0.6400302401119555,0.27140560644864986,0.13230475460883834,2.0446576182408913,0.819806279297926,0.30462979564208637,-0.3859568779260801,1.090852178206349
-2.68785346188758e-16,-0.26843103375818356,-0.41280331995318276,0.9279635554300237,0.3449957422227533,-0.5955544887164876,-0.5990822345639543,2.0602801526434282,-0.512322210829443,0.11533374416844754,1.0367325407490366,1.3574100085461294,-0.38600393419162293,0.46354608338026276,1.6249271051182919,0.49657824114832266,0.8313629991002383,0.4537540267692909,0.9718459479437048,-0.493251624438591,0.9055931071916523,0.12254235405418379,0.2418073404008066,-1.1004970695529954,-0.5089040203207563,-0.11720092568662294,0.8787040533851687,0.388031951207513,-0.7942313056347572,-3.026094588096079,0.23235577520728942,0.4182624345692033,-0.3065465718798077,-2.180205992627802,-1.347174653626782,1.443779295308609,0.4104149422719443,1.696008302605559,-0.3406583225629242,0.5920760299864426,-2.3001047256601277,1.6394203472516709,0.5540047117995841,-1.038387030417557,-0.048726966186468185,1.2416485762945593,-0.2139804532792191,-0.2637309846954492,0.9013827109407825,1.2346900593549706,-0.005955377690390701,0.11792930107276667,0.4156162140885843,0.9295854579331158,-0.5220310623273733,-0.9760262882769184,-0.7078804924649735,-1.6462145168850126,-2.172784613417645,-1.2925103191308653,2.0631960580589244,-0.33909455500787766,-0.02641007951181537,-1.341582926811557,-1.3522639599302493,-0.5816775594472023,-0.4837879016677631,1.4454795665289208,-1.1485101694556912,-1.0595694624024898,0.7157004374928789,-0.627964787382548,-0.742901591563332,-0.15314039507923516,0.4661724503594699,-0.041438133375694575,-0.22456645355039662,-1.1431320666052398,0.47123404436771565,0.4953007091055463,-0.013985998990940551,1.5017847109081268,-0.05402849571390463,0.9753728984526742,-0.19535353118732102,0.27682354610331883,0.4926818939424703,-0.6995496508480146,0.4282958252562748,-1.1224609804706984,-0.6130986798807395,-0.36670897057438,0.8508962691673567,0.2790290908760339
-2.68785346188758e-16,-0.004867261638104543,1.4631403823301932,-1.1853179690122129,0.15430220149767226,-0.9739376029980114,-0.4649207676749362,-2.1838336213881075,-0.6106950381488193,-0.37653791438967943,0.39069981256314673,1.4833637056585793,0.09956362547506195,-1.2912568636748236,-1.6849647554271223,-0.5411436604697586,-0.8676735390084702,-0.5990141859981329,0.37330748476562126,-1.2974843368857454,0.10747610963296152,-0.7059334599123464,0.3263392576154891,0.7664452224641934,0.6122676249577833,-0.3562490014352762,-1.6526594937626304,0.11777708186157168,0.6586401179202235,1.5999621991252808,1.5010724600403664,0.17405687630420064,0.6118356747476509,1.2119282091291375,1.3034852368830612,1.0728725811091164,0.7552891121416024,1.5925343963266567,0.9709326875586175,-1.3481754552190557,0.3325801527699678,-0.311376595406444,0.34200067014536484,-1.1720428449882285,-1.74308068100062,-0.3768427850097232,-1.6371832557815753,-0.05642962452082234,-0.6935645214609171,-1.208928910320438,0.4809139448532659,0.8597212433623935,-0.05904730399457101,-0.43463156171022,-1.8925592532569933,-1.8463111299531294,0.10493083858898619,-0.7399742512014802,-0.40379166503395697,-0.5443415823043388,2.194649870368692,-1.9238907034115025,-1.636804499698927,-1.6181266838865151,-0.056970361967830174,-1.0397018211554254,-0.13936940829073569,-0.7990835817315212,0.7143564302379071,0.14014558683061837,1.4786240239315942,0.6988946046421691,0.7371939917093756,0.2985700168272628,-1.1403495712569085,-0.00483140867521753,0.019052632066123065,1.6403903087331984,0.630148632574021,0.9386901499999453,-1.0904352986612968,-1.839901429160716,0.8057371121580355,1.0988473652602888,-0.7105582623029036,0.24780630101905982,0.8918048237678926,-0.684478212782988,1.0030939938087384,-1.0425582588915558,-0.15475317743385497,-0.5277604949898287,2.0682521002312275,-1.8409002252150484
-2.68785346188758e-16,0.197025194910778,-0.025130624385660827,1.0006664652867407,1.2346393227494203,0.8189674071190751,0.37908512112715353,1.8125056165820577,0.31848147290375917,0.18910023490109404,-0.7777397456787726,1.7093316561472336,-0.20448759810393838,-0.41667025840785843,1.7494910362064915,-0.24596052877246433,0.4839907947068979,-0.06051558209984817,0.7301591671735284,-0.05860488280650311,-0.11009759314266221,1.3286757113956362,1.4922418267227213,1.7081492158205345,0.3010080635201762,1.1951429966804152,1.3749118988385716,-0.5778769064255718,-1.093858984330419,0.33167628260955984,-0.4520756640467947,0.6330215689360162,0.9375348258894804,0.7060763742566303,1.35898580160354,-0.7651505099612157,-1.8298219285213706,2.036818772140168,0.7724687166157721,0.6694017979525901,0.167766858446968,1.672730956331174,1.3995732560392247,1.9843771443627305,0.7326246754854864,1.0999443387129937,-1.9864906251323986,0.8350387699570642,-2.0519681593104937,-0.47219808862966706,1.0032929790818312,0.017735521673624022,0.3152693758449598,-0.6979116201681932,0.9576753345675497,-0.40996355859895695,-0.49472011353764145,-0.39566202038436915,-0.7138988300680044,0.8157380841273139,-2.3202141143658483,-0.8407529792850252,-0.4726946999670043,-1.5631168820914145,0.05330791964791526,-0.04735386205352887,-0.07811576602692008,0.7471264599757503,1.478064356444858,-0.02835390670696134,0.021952990837433906,-0.32775717564912177,-0.45551050918152813,-0.057421064137938516,0.6420553905408483,-2.0199960220826987,-0.2879745042922054,0.10747024854790685,-0.6382633059717411,0.9021133212404846,1.2896733299599223,-0.5021004910740694,0.12249078722445375,1.1695281268741153,-0.31874272926528857,0.12825166619152117,0.17248269975630115,-0.19592443426771822,0.499852433531523,0.20553745405563148,1.7777112066024883,-1.8368418243406714,-0.2081329564367287,0.2737978362488071
-2.68785346188758e-16,-0.03175340183686368,-1.310106346885514,1.1908149598464108,-0.21038332925050857,1.4790398183166544,0.24935238987860442,1.4445838479449369,-0.5783028998681465,0.7721588168550994,0.0723251293831047,-0.32899883601065283,0.17989406825304077,-0.18838387699716203,-2.0865798306582715,0.5961944034142906,-0.8135618421178266,-0.7628078998177221,0.684087518407392,-0.16829437025148747,-0.5941657877541242,-1.2634265875122417,0.9713940209163625,0.07994086883723507,0.5589254813756848,1.641800090924514,0.13461491617067525,-1.0661064512607905,0.032480314628062,1.1012362714938033,-0.3010693585850791,-0.2750550822446904,-0.9026587458569597,-0.9861839152659311,-1.1029706476647219,0.1939637643113542,0.8682805675512684,-0.642800402614994,-0.1620714781611406,-0.5860863865453798,0.8897439391806834,2.0313669619451256,-0.1948002409106231,1.6705062386996699,1.458995809430027,0.7628421964437724,0.3273168674441521,1.0952383019953882,-1.5236298809084619,-0.5212641035642135,0.7155953627336353,1.4015051693438392,0.2421159901045394,-0.17968236150861763,0.8346854880970215,-0.669632668554909,-0.15896426226567337,1.2888295757844175,-0.28462908754066196,0.5496381063792071,-0.5760817686243722,0.2315076127774296,-0.5036782284483545,1.4981575401747969,-0.7925714842053075,1.0214062219552402,1.0612558110248147,0.5925694925783072,0.2925958534726246,0.36549687561077177,-0.7062944509430352,0.15010020012335124,-1.457488967092376,-0.1071278488104781,-0.23842214371835005,-0.7790397253553984,2.5163301877590283,0.33561958707105405,0.4231117225323646,1.1457280539564192,0.6330669081917011,0.9873238900194241,0.37515103193887417,0.8325494609568227,1.031371185126515,0.14301883677029686,-0.7305724870309458,-0.17928856905777335,-1.532507681402521,0.8282447832895633,0.5198358545830011,0.6204472802511669,-0.1182358717102015,1.378616681450326
-2.68785346188758e-16,-0.6324336741722362,-1.2621356455178168,1.1784063618265996,-0.8471691783548629,0.18066638104703228,-0.4345524550967357,-3.0305027546674266,-1.1265089872350604,-0.17935287512916837,-1.1607899420351155,-1.1952354718573661,0.41990555539988583,-0.1745257843378798,-0.5763011670213716,-0.02177355693167151,1.3359587517789475,1.2780542438745377,0.36393377281752104,0.8271429206439669,0.1399054779923957,-0.7606855594973938,0.2863517724219623,-0.08318215203191184,0.533256128566327,0.9500225940942646,-2.0121960228273337,-0.09046101183958428,-0.8927970767478358,-1.0224703848960843,-0.7146488206584158,1.729449155659778,-0.626160704220617,-0.7074513429013747,-1.8321014270154428,-0.5297701104246532,0.9563313496461886,-0.4451050682251525,-0.35870442808693515,-0.20615054270470012,0.18157755051749513,0.43799583275541215,-0.6986391806806063,-0.03831308956398005,-1.1128873501855425,-1.9999801021401358,-1.5596149709375338,0.034799482137536364,0.009537074142338176,-0.7023466728494165,-0.535299559409349,0.9887173481292437,-0.22794604649200442,-0.12031648728172227,0.4403301214520675,0.45697666180873364,-1.4548711294667793,0.7063664087106278,-0.4983417085146527,-0.5958554295402972,0.3193960105447238,-1.7246561119038666,-2.2610847103605427,-1.267902205047692,-0.6816637781639983,-0.46393717152585756,-1.63718964960618,-0.6834646964815482,-0.6110735599933986,-0.3854076823399679,2.997405022602229,0.30748628303948217,0.33176447424622896,0.5787278475944061,0.09120718873340568,0.5770961870308694,1.6830473834281054,-0.2270294968342956,0.3821888235759086,-0.033326911878598486,0.8829306326282533,-0.9102765332194327,-0.4389471481258495,-0.6281998807442688,-0.6871865696766877,-0.1027773754670669,-0.8607595714732619,0.22937739526753767,1.5272879774552357,-0.7325239463289713,-0.19345266036136455,0.7817807237017423,2.772703031111476,0.9371701763587026
-2.68785346188758e-16,0.28988700227887093,-0.5728494354046353,0.7495684357085215,-1.1131075494033211,-0.4268400851440711,0.18065626122994655,-0.3947197006792067,0.2440828431491877,-0.8879951447115655,-0.2569168237179834,-0.6070093803224207,-1.4604155260221556,1.7032558562058167,1.0211150515282559,-0.8351612793530329,1.5482426983597435,2.346973551287573,-0.4026892851780006,0.05304816464767584,-1.3176426052857886,1.7599251998214998,0.8655381304798154,-0.2809406645086164,1.223330723468635,0.19303099447800268,0.5090386560208531,-0.2187332454575608,1.0124752481005614,-0.9942278712965967,-1.7691930023858398,-2.1264290068942224,-0.24701599845892105,-0.8481665588574834,-0.12902314806168771,0.8420505813247328,-1.5228784014000427,-0.06569932078801122,-0.18056353781917933,0.8400124759788347,-0.5242902596958473,-0.17266374686551184,-0.6174167024302036,-2.513063693479065,1.507300291519699,-1.0439917655607234,-1.3339159327243808,-0.53405160676345,0.4067883575945375,-1.0227143626613757,-0.939656256844897,0.5356932308086653,0.3383743740761989,0.7578959773598866,-0.21911119965381887,1.5368704458254394,-0.17012575272724456,-0.7356413637108138,2.705070634374662,1.6227113846818138,1.0262914025296126,-1.0112129383607247,0.5263820107767094,0.596015573640401,0.577863201858937,-0.49666890547053844,-1.464817697378984,-0.32355055670233035,-1.6741231232587506,0.9393206119816583,1.8213290291357045,0.46114476047130437,0.9457573708081355,-0.247141549417344,1.5462007544134702,1.8131997150924155,0.5455701736995806,0.8716344276648369,-0.18479700265382806,-0.7988849330879841,1.816473515671193,-0.07653158471220234,0.3939999645156393,-0.9672549894483099,-1.4926881174531976,-0.16763915469608343,1.139933152882943,-0.40936245068052685,-0.4413511917089237,2.093507859204362,-1.6454600266452064,1.0291189573459307,-2.6766239704978116,-1.582479558825287
-2.68785346188758e-16,-1.412890996776956,-0.6047950326032497,-0.5468899911080368,-0.9297216099555596,1.747022079299181,0.24829134756038748,0.6524152160046749,1.4269619372602513,0.3933915464469714,-0.3179823180465487,-1.014511806957395,1.311343448973473,0.25992051755344636,0.39467717654155343,-1.1518534309038095,0.44256056590453785,-1.8493892875245548,0.3596580519602439,-0.7401210471955344,-0.10853211787237717,1.287079704319086,0.06375786275563183,-1.3161546065490228,-0.23387320971155276,0.8419134881087971,1.9366062286462964,-0.41961751177386475,-0.27659484062363315,-1.8472411718379433,0.6246093435533941,-0.040718993665976415,-0.3714849304884774,-0.5081882660112207,-1.084589548811673,1.3971614080465125,0.024291366081278465,-3.323689453849806,-0.5238098626759804,1.3806658242184509,0.8284279697821155,-0.624553262510117,-0.6467885632820499,-0.9516670448494298,2.989448943594553,0.4629600132820838,-0.7379750670207197,-0.44875851344024165,-0.1929137717924989,0.24818657121786508,1.1552521592207372,2.323930836079548,-0.2649406556332113,-0.2340227875146063,-1.0845522120993896,0.4454472261734628,-0.7575868929307761,-0.6642339305676347,1.8046946294049087,2.033194109649194,1.55806777320907,-1.9190668994017195,-0.7187697395597504,1.4082463165569474,0.6171227210360946,-1.3300246331951189,-0.17937238159289862,-0.20617826381805282,-0.33192373960683363,0.33766437335610366,2.1876217967126403,-0.8439167011267952,-0.07714783056809793,0.6467869491528048,-0.562643794020969,2.6184719954067788,2.5239991385397165,1.916840743567728,-1.2696331436653019,0.1401524562755078,2.400218942096988,-0.5372243330030253,0.18462648522198818,-0.02708006424677656,-0.6730969476892729,-0.33800789104310147,2.2122703973421003,0.011819131782955301,0.26287513289213765,1.2867639454364015,0.13621994211069283,1.0033629627884249,-1.6983333092935067,-0.7093359724483758
-2.68785346188758e-16,0.27524087768453814,0.42104675471247827,-0.0830674471943833,-0.1684445722742428,1.4359870585755108,1.1925480834996134,2.3718713655951817,0.4417976074032096,-0.7412646270639929,-0.24719396088866427,-1.6182386649782496,-0.3309251211178502,-1.3074311193615866,-2.760967576789892,-0.11982751781659738,-0.25507771278280794,-1.08756934082973,-0.15095038253869758,-0.15744638267054917,-0.1043151208778336,0.2958567320316595,0.6831746016901493,-0.7420687435807387,0.4047027111360707,0.5520833976056119,1.6938325411010076,0.4280410831913764,-0.5803150731260431,0.28260428700109497,-0.05736938886718035,1.347185425508878,-0.0985922413502226,1.2447665570494209,-0.02691161564434537,1.0256448001879164,1.5439493969305953,0.42435413530203925,0.17499821730502146,-0.7668018106365074,1.1790368955280233,2.71809824906665,3.1401535940695293,0.9184707688602485,0.3963759777373204,1.146735145439848,0.34056651924730064,0.1704121948933297,-0.7523240061062046,1.2194826182952914,-0.8633787293264418,-0.1652006956817832,0.5982038479411932,0.31240897330976847,1.7709798383974824,-1.9649037101963278,-0.6774941499877157,0.3993140044806264,-0.7974021554053423,0.8184568854513555,1.046814144152017,-0.06801682689532362,-2.121419249552294,0.546431485841084,1.2588145912240116,-0.15008394492033172,-0.929284905680518,1.5174313402911692,0.11644624931606007,-0.3910752266657991,-1.681037237778545,-0.15996093945144915,1.4340078197334911,-1.1919595006347916,1.202370548376533,-0.051170904819322294,1.5361426875880015,-0.05617976591467222,1.3838885268337262,1.0117681211899134,-0.7473412228598195,1.9730323088272244,0.4836076382117313,0.6190202162873637,0.8581085299597323,-0.4538379285228977,0.5043363279031158,-0.5619451340341426,-0.16422620009171096,1.4460135610448914,-1.2723427809714276,-0.2379854095091244,2.3356360510268743,2.3869633713516514
-2.68785346188758e-16,0.07032024076414263,0.7143647634578021,1.3043519154288947,0.49756500772648,-1.307263551225666,-0.6526248715755569,1.3876319778808528,-0.3431415300532088,-1.164460397154636,0.42648634821640863,0.07125534015706232,0.4576021827157708,-1.3949048006533782,0.39267610251116447,0.541067837977264,0.2833726162924204,-1.683126027091045,1.3118002390400214,-0.38554669311304696,-0.295710534205952,0.2351058443317209,0.28587780154655384,-0.7224456095402415,0.4988193333641131,-0.7040284304033682,0.14434005093445929,-0.9715742254334679,0.2450131010829054,0.5333568469387874,1.8295012642364548,1.028999239903527,1.3884831410129452,2.1859396363937043,0.8717604731119355,-1.3857262568151234,0.7892964084832041,0.4119176320037188,0.9373119798869707,-1.2789311344127683,1.4336540056921354,1.3285158410947342,0.2587378518430581,0.9987952554583525,-0.8711147915525841,-0.08353503596690037,1.5371568546926033,1.59749868000465,-1.2669856858679687,0.19544969180510985,0.3427177444122201,-1.094985292763698,-0.91162424497663,-0.17557402137657763,0.31899412714015846,-1.5228305919814933,-0.049370273545908255,-1.5431222708025878,0.09998966503450468,-0.40397207915269817,0.6401945846140576,-0.6459102846353346,0.477580341238093,-0.04226372345771989,0.6852717255503574,-2.6015671238109745,0.6933697094032667,0.5229068852526406,0.8486914492163263,-0.7091960253611189,-1.2960645365813295,1.0579685279500217,-0.946747051717543,-0.8782624594055566,-0.16978806266884205,-0.7909367240664743,-0.7446763720399212,0.9523739249548591,-0.44481540175243134,0.972561992421525,-1.0448084422802904,0.04695304789064142,-0.2923124029078969,1.5952854240700476,0.7011177095826212,-0.3014532948429919,-0.28951415167380923,0.7151684070288352,-0.2605574325577193,-0.6096444759412504,-0.37249860366460213,0.17239295365220966,-0.1831694090133945,0.0995430564018102
-2.68785346188758e-16,0.9154477280868285,-0.553678339150233,-0.032136824644008466,-1.1132917947866114,0.21699763689478757,0.13444962631729074,3.297040347999798,-1.1349730040064692,0.8618417528814483,-0.4152328795528049,-1.7962757970394614,-1.7662783497842975,0.32115549532987275,0.6823418353961881,-0.30615112526767024,0.5299960652939298,-0.2839760061219343,-0.7483904301775814,-0.5331762249475113,0.8258426245418157,-0.15683183319356625,0.05182628600915151,-1.6204544106117758,1.7068882952375812,0.8454933539492725,0.4277808750027211,-0.3186732074781303,-1.5119336897224633,-1.9774327779652159,1.8379538463175205,-0.641571763167635,0.4425537555428441,-0.531849924352356,0.31929690831275914,2.7713350105920305,1.3857536313700272,-0.05378562836506509,0.024893398732121735,-0.17028486654739466,1.499356304967054,0.6210796732335675,1.6245193325777378,0.2541544795536269,0.16414106602839323,0.4698757884476481,0.12724820629239408,0.8429413452162164,-0.5015298820106255,0.43083930132814663,0.09207633731103382,-0.5676030942040481,-0.8131696129518516,0.32673902049613673,-0.294120593783875,0.5453702573228953,0.2242320757041205,0.5447226043561209,-1.7407567438562401,-1.2643098590882558,-0.9567607473905306,1.328901612824796,0.9512335079079272,0.7911537636060633,0.9658094841963216,0.36508162553168455,0.3337048910326099,1.6991574487461327,0.5150653817687242,-0.24266964406785957,0.3423446474835292,-1.2093695957718245,-0.7332906100963292,-0.8669139790312927,0.8857433184032114,-1.1678096730452039,3.043004673294817,0.017428283481329965,1.5095113503527822,0.594711565471151,0.24337109957776892,2.6654321937665815,-0.5248436025237482,1.3581594474458494,1.625739368460875,-0.31815739990187086,0.1973042876768876,0.8308169610660661,-0.6066216430648386,0.38818502010576184,0.24469333409500565,0.7471893210240761,1.803257746609129,1.2339293972037684
-2.68785346188758e-16,0.11430452940172468,1.9601296199540266,-1.7736378455856565,1.113731258948309,-0.6671908780623563,-1.3442291481315465,-2.5286757591618123,0.7849416076934094,1.1640220556252103,-1.0720379645582547,-0.0880861120857055,0.8809214809963409,-0.5100821993864468,-2.072488876844449,-0.8517098186434494,-0.3810017734217807,-0.1907333347850067,-1.1540897819647287,-0.26218604009109187,0.5085859266417129,-0.8261501739642599,-0.6565963752926252,-0.11004948970481508,0.47672127430567135,-0.7817212578859132,-2.3111213256782257,0.3289038693882648,0.09579811367448027,2.7073201077246756,2.72641792075038,1.7834471736685695,1.354925460492236,3.311929595261776,1.412732241644077,-0.18561854084078389,2.229801586963762,0.3539743349547759,1.699123792645536,-0.6245338375473788,0.8229708054384216,1.3471597545873104,0.622959833779137,0.7075070951934128,-1.036092009089261,0.1808795599656967,-0.47789324045395487,1.5953454416666004,-0.4719537283579051,-0.22395594574936772,0.2848931245740037,0.12147050456686767,-0.2125129786563705,-0.5545600100914356,0.2821896205464521,-0.3756397815460129,-2.5599354680733653,0.44014427359767494,-1.3810245350995687,-0.2865157674590285,0.9983974524067524,0.4663172677798173,-1.1027433455564621,-0.40818340800502806,0.7009304213688843,-0.774276772138111,2.3991110277181704,0.6889929230763999,1.0819888736964223,1.2721449363189585,-0.5218358624771902,1.4370095589897423,-0.04700389573116642,0.9976235004011191,0.08838360960148298,-0.7852314602259136,0.3363543344552373,1.6414035484327096,0.14819205376515987,0.09958275462120704,-1.1149998736878182,-0.2942636527304773,0.7564298646127897,0.016312252999034826,0.0827346550954624,-0.08873473157288589,-1.6140607789073753,-0.5834864140800509,-0.7242091142770766,-1.5107857132322375,0.9030966214838119,-1.483212642906283,1.4670985518685042,0.5686882753746287
-2.68785346188758e-16,0.33963712838803795,0.29152284228088815,0.43000007931851963,1.751353141176765,0.5334636723929362,0.7373076508541787,0.16390773286322807,-0.17341673961132087,-0.6329974087076723,0.47389602177165874,-0.20094704519584006,0.2103574132488148,0.3015885477268139,-1.512606926779387,-0.5639171498315589,-0.44062513177090895,-0.40475493484374836,1.5498247976493393,1.0737858706450965,-1.1634710575862002,1.2162949945936368,-0.3126263740278936,1.5601204940948525,-0.296404842018684,1.107531004844247,-0.014363321387163282,0.19439510587161543,-1.0684045009989356,1.035238948852629,-0.7716409642377599,2.2461575756070884,-0.1884976726305752,-0.06735235551946689,-0.3273983627453271,1.013030426176881,0.6407226388595786,0.761776512305212,1.3241506274748314,-0.32576986545312514,-0.44948061614555473,-0.7990338411925191,-0.9622970715514553,1.2009972945446032,0.541824459230613,-0.5953089483026854,-1.7140175554117623,1.6510161405428758,-0.448953104283723,-1.0949963607069386,0.42605740457665714,0.15199580927558687,0.9685264549378322,-0.2940177230602165,0.3599805665201844,0.4720665072778364,-0.32215829296664616,0.9379417538875727,2.3353600707656446,2.213584518611225,-1.7582769008610106,1.48448445433085,-0.5835156123384488,1.199124669251204,-0.5956148977217252,-0.17476574631895536,0.42058931689731105,1.6237030813829845,-1.3105570960212862,-1.3169913766987087,0.4764048597261777,0.4623186961147246,0.22918323423607323,-0.7088076418082354,0.530286858796313,-2.0649700298759672,-0.18259495307287676,-1.7810126382667182,-1.8107053891235254,-0.49822122088782117,-0.6901401085988151,-0.15858796523256724,-0.45378346359426697,-2.0288086205453615,0.5775338955146789,0.6170386453563294,-1.377298343648344,0.08037824627465576,-1.3990263574046917,-0.6941147751537805,1.5526367172724038,-1.399958126630764,-0.7698563581052307,-1.3893918137199843
-2.68785346188758e-16,-0.662211873746696,0.2941275373869897,-1.7250697349485447,-0.5780352503611159,-1.1383076791772755,-1.1210570213477968,0.8237493147881303,-0.6817390842704256,-0.0928211320901346,1.9093614150361706,1.5075177713744317,0.7651528850194997,-1.277965639496477,-0.022367969886391337,0.8362627704362994,-1.1466222916964925,-0.6888071540062118,-0.8674775008400739,-1.0045109687009923,0.7947388525809521,-0.3882956640584292,1.1435804262285605,1.5897044466062829,-0.265678334274829,0.8917955944450205,0.00020757418185846088,0.6529835460433139,1.5356478605597936,2.4033709895143103,1.3247513635924157,0.7702835822575687,0.5170105659850392,2.838854215945096,-1.9218304734910867,-0.4736665148542511,-0.1727800840078027,-1.1408352895089526,-0.3038598131984587,-1.7183070115698067,1.0748070987340463,0.9807907825624507,0.22089671774563807,0.6190939115972812,-0.5631053536052294,0.3556041168130007,-1.391860310848777,2.232958383683523,0.6267448494081651,0.3066221811864626,0.10531697905367854,-0.6716369850724009,-0.9876606324104925,1.4046134993116766,0.15436103862909828,-0.1751682725751259,0.8676247922764302,-0.32481006365436016,-0.6081491859692385,0.6967177394290834,-0.12878203414411366,0.8969656002803761,-0.4058410072893539,0.5730270539115723,0.2932933460416196,2.2527665680813254,1.9772168979608318,2.0631016095262047,0.6028051794880691,0.5101378914313628,-0.42260535886749606,0.694753695804782,0.3256118246690672,1.5198821782061462,-0.21853895138689142,-1.1787642014605004,-0.2998011347446373,-0.2170790116608701,0.14708873962424246,-1.4443747055071958,-1.9910799396189902,-0.07331505998741122,-0.07826442835602965,-0.16012098364637956,0.044632920177651636,-0.2987157889779842,-0.6159181431284323,0.2808172731876937,0.910977299535631,0.7724370809581536,1.6620751004149994,-1.034099093562583,1.2363993312814365,0.8669850820040823
-2.68785346188758e-16,0.12209073188595311,1.9100290158030049,-1.4734053274216423,0.26205099248043984,-1.4709666733942974,-0.1839795063710366,-0.9689043565312607,0.2776394576583773,1.4795130776942218,0.13214419848866177,0.4740718956197696,1.576815489834653,-0.8844775120696139,0.15666353844948944,-1.6128639238373266,-1.8904571279748508,-2.4221316408776516,-1.271183766652428,-2.5339101325028257,1.3370047533409644,-1.5328777542018996,-2.273810901928371,-0.02650359033065668,-1.9150592550222398,-3.0694967216408853,-0.40502831137978124,0.500108577506796,3.176028515939038,1.0169375462892,0.013411255638451358,-2.0867092047893783,-0.6103109373512121,0.45197374110289834,0.061894393019799654,-3.494603390564409,-2.972044623120816,-1.538660352665101,-0.31337660762512787,-0.8743363661401218,0.13783990546989566,-0.5027484873805461,-1.237611391030726,-1.3328624238472058,1.064766309581606,2.038328941729275,1.7340290211383245,3.255001525518878,-0.4823883458955765,-1.2419135525244556,2.1384923068410533,-2.479921606004384,-0.8015304530385675,-0.8992680089180207,-0.6090095562210516,-0.857192627659734,-1.017054505022437,0.2387408750571709,0.0920030585683337,1.4879538788206637,-2.3930333991639743,1.9390302350952582,1.969207964734939,2.0438726896078947,-0.25105221641280284,2.3033551546365634,0.28669821913151056,0.22067223400425706,-0.469757567320673,0.2487227920621476,1.4118619960377223,1.3818956728830485,0.8805350673665748,-0.9488129223556105,0.1252793184914486,-0.5282825602019804,-2.197662242783222,-1.3175283532393236,-3.6699129816371885,0.8415285050188341,0.12270190743059672,-0.738569077620272,-0.43874962432035935,-3.3212197301180257,-0.10324244655392112,0.3686933580082565,-1.955326699787523,0.14830788470988993,-1.9448840410585864,-1.8185635426687357,0.0406458449528042,-1.483106084524474,-3.6688943462163177,-0.44029319765588615
-2.68785346188758e-16,0.5437042826152514,0.020814911331173525,-0.7506187791567741,1.1872257244424,-1.2910852926942988,0.4612666589227978,-1.28952787124835,-0.18373116705017184,-0.8522041353233633,0.5580466573179957,1.2592608405139514,0.563982389779758,0.5524086776647555,2.979271571223993,-0.8699103282797463,-0.9536481552262047,-0.8003220193293892,-0.8894176046342612,-1.670818607745895,0.021679273664080248,0.25240606586146674,-0.7104558921233706,-0.2598453273074806,-0.5317000375815808,-1.2272413209214543,0.7638579001712247,-0.3616869058631543,1.1830874253613355,2.015673052987426,-0.8562292887913853,0.6984546042281553,0.9400979946349108,0.4436217022110387,1.820354118147769,-0.9718269024089112,-1.7322661352695508,0.8839047330538529,0.15953584718388691,-0.559507465159208,0.720480739921242,-0.7284561526471198,-1.4919446651543482,-1.2525546808630466,-0.48428890541922914,0.11814664109366181,0.9573585821523845,-0.5569327737590614,0.4591985638275451,-1.322129688098136,1.791298810482929,-1.8178224822827111,1.5164200512767334,-0.9677637613659505,0.43492042273876014,0.36804272700613433,-1.0080414856694013,0.6931468676409462,-0.15335330062349706,0.5223200267661753,-0.15043943470912402,-0.0430450279902439,2.8701952966115067,0.5196825064519622,-0.7643175455575815,0.8629383273572866,-1.0804005420230416,-0.9038225933306553,-0.8726790781279723,-0.6079151940429968,2.1691566784356526,0.03321184134049171,-0.0965735026332587,-0.9329953028284887,1.3953104035680384,0.19545971636015297,-0.6644932002593571,-0.05590331875732389,-0.4397470707776092,-0.28395445181872003,0.5471566199778166,0.3740406930137862,0.6874233524050208,0.11132904280080824,-1.0928322120640488,0.08114064292367956,0.5017410397966359,0.18773472907476038,0.6964125946661388,0.3427810648109584,-1.235124164661691,-0.23124130641029245,-0.5906579213489566,1.0442260560459462
-2.68785346188758e-16,0.7144627153980686,2.274768592718143,-1.3063863810093763,1.120431403329971,-1.4191272337797556,-0.06517845971238378,-0.6622049444920934,0.6645233780430967,-0.5375093017790381,0.4687607334242476,1.8251041142720832,1.1094448590904131,-1.0575133924899185,0.6596984509141818,-1.3318719813040811,-1.327578340021856,-0.8870123664386206,-2.6550610417305673,-1.296535468992415,-0.5864780397461866,-0.7697162180908333,-3.6206805013996832,-0.27149693755819415,-1.636056079808081,-1.3128420691356133,-1.980225752110662,0.19146110607555689,1.5468059350057621,-0.3436892660924437,-0.6720588497640018,0.16506780903095564,0.06349324418545332,1.5200403743566249,0.0001777003619970463,-1.2732445092968685,-1.3268872294086282,-0.011731962960418507,0.04136705528042606,-0.9760903026708498,0.8500892506893537,-2.399004297179714,-1.494394481839084,-1.9032225466189538,0.5315835833663729,1.8614354811825797,0.8076253423501042,1.844584925182477,-0.15824099728898305,-0.015869521249061286,2.4689225369137158,-0.25105681490748766,-0.031104838775497065,0.402376021932725,0.31085647394583854,1.3631370754093721,1.1308576632839327,1.6279774838054322,2.3617073739939873,1.090657788667384,-1.4903631792046803,1.8298967496185259,3.17825059861587,2.2639687957030485,-0.08395824557667401,1.81289883643325,0.6757959357572242,-0.019974224958770548,-0.7572408392404357,-1.1818598102493487,0.7234999814883437,1.2175366233477556,1.3268610950631503,-1.5184346195779297,1.3644819169327171,-1.374260685939803,-2.1768724114035365,-1.2556090793919628,-3.31057017974817,-1.2303900924532796,2.9180524671255483,-0.49750238065610586,0.014517319260321647,-4.935134958439816,-1.7689903147133526,-0.1801002920077503,0.7703021573366045,-0.37798936625539437,0.44104856325595915,0.5134125770578072,0.13473430088325028,0.06920826443487443,-1.3778292275192634,-1.0546534625384485
-2.68785346188758e-16,0.08307516047386043,1.560195523673046,-1.0483738121892465,-0.13222314089162504,-2.035610913439123,-0.7982563176930874,0.6357934985539255,1.8559219897732016,0.19568126874356193,-0.8026520563952279,4.142904879343604,0.8027126073910089,-1.9429924181798652,1.5519452128662852,-0.4728085262214678,-0.9543511111630939,-0.7263737321188691,-1.068525566876306,-1.6765349272518317,-0.4525461236711958,-1.0934278583139778,-1.4275423695356775,-0.1658777790689523,-0.8434498339643626,-1.5417204125731478,-2.6484804922748526,-0.24506162563743886,1.8440799861812414,-0.45828819422401473,1.5392219776904281,-0.03600040967648399,0.915211228663901,0.6590416352300373,0.8642405702306571,-1.34891141864458,-2.0789499437036856,-0.112402453090095,1.630778295534455,-0.801966040972207,0.9187186389031345,0.4103869187219432,-1.979967561163765,-1.0010927488028305,1.0279358433585037,1.3074214103371948,2.1980333178140716,0.8168605766473902,0.8984227459786572,-0.354418314670564,0.9555359391865859,-0.4791737055128393,-0.5315440392204615,-0.8660576216551743,-1.473312403021487,-0.3094139648986421,-1.214129287110136,-0.46407178978220726,-2.193012981766831,0.7905402188026213,-0.1477389165069456,-0.11123309747494473,-0.14596170431950897,-0.9017873112313399,-0.6870460901858787,2.661011012294208,1.297734097951674,1.3511353292873094,0.17919499385495918,-0.3297156013482204,-1.4361306471127127,-0.1810251756323042,0.9185341113413086,-0.2464593127180505,-0.7322566069779919,0.26684024453193017,0.34300988722224857,-0.5105366612186448,-0.5516523192592983,-0.04260524300988578,-0.8172849824810865,1.0998152098196243,0.3410372398558898,-0.27348512259764624,-0.9793994261392253,0.19082205215606116,-1.6693051593632804,0.009306326795411065,-1.1218150597842054,-0.8569658928827798,-1.114748833409205,-1.0537580675292912,-1.085496382826318,0.3748303231654774
-2.68785346188758e-16,1.1093866398478278,1.173319948835716,-0.7482601176899644,-1.0193264115074534,0.46100389989535806,-0.848157525155671,-1.3757338569175193,0.7030505860681681,-1.8496224885438648,0.3020021785187972,1.7321012898204986,0.7798581224865309,-0.5382159953086392,0.3324860768137969,-0.010117355595031926,-0.5054571363880609,0.11635122288955146,-0.943410978150681,0.15027333685896815,0.38378158232829623,-1.9032677660255062,-1.3842951247631303,0.13396702166103625,-0.6607760081429382,-1.6391671864414377,0.34558134431183407,1.2403632379040774,1.0852142349629632,0.6701853184129354,1.3813974495415156,-1.134057475222508,1.1984914848680952,1.847189120446357,0.4354343564076875,1.4993471636686717,0.8151626362166602,-2.4788986630360776,-0.4276653235033676,-1.144462165169784,-0.059222067465227735,0.4866888973181068,-0.9844556330456422,-0.19577623294533408,0.5912667403638383,2.008518666025204,0.044867848469324345,0.767176379340863,-0.6933809752071947,0.8044394844478946,1.601245653776743,-1.0468783854266064,-0.18978718732077415,-1.083856792369296,0.1070009687104506,-1.451754914336482,-0.31000092860380035,-1.85189821812444,-0.6329547395370355,0.26209764084241166,0.2624607061259887,-1.1510814251199024,0.38982394661221037,-1.1573234692374845,2.9375188512054775,0.7853470999732771,0.941151991029822,-0.6522476156987014,0.24656883507955862,0.36902220495783206,-1.8420053429381222,0.07965068680564741,0.5664190257762164,-0.2664027364853138,0.07628119731001935,-1.180045524843799,0.114495927097233,-0.4850455135259051,-0.13047566481308448,0.3750564021836909,-0.5381966476431062,-1.3931948300589383,-0.24159425946677357,-1.2433941785703186,1.7812403448403287,0.3121095131357796,-2.018479002526461,0.20715465925881624,-1.1858261955711513,-0.9050965270004545,1.6499161828210005,-2.7913063394911672,-0.39692952291534467,-1.037947663780356
-2.68785346188758e-16,0.8925222030529528,0.006125273168158987,0.6280295377005336,1.5227245960577704,-2.7118931984569516,0.7250868471661205,-2.111671499346148,0.11507968230574883,-0.5453785301323085,0.05845527824148762,-0.09131931062769381,0.5771291759559378,-0.2461877596998232,-0.8391815827864445,-0.32423981587247985,1.0093754053406343,2.1176646948051983,-0.5011561507258945,-0.12611584691666083,0.04293742640883019,0.2811774016355224,0.1759291464104705,-1.011517015913218,-0.11008819833060862,-1.175105843061455,1.2148967790488574,-0.0711304823817283,0.6670868653046631,-4.4291739051143555,-1.4302520792038402,1.0342020769826472,0.6629594301482655,-0.3385997778577512,1.5823730585900007,1.5392462167063197,0.8312294111718229,2.6557292698071375,1.2117973921186167,0.9070102417594775,-0.2257878861979692,-0.8021484140496244,-0.3252382969757599,-0.11594017889687747,1.258659523646212,0.7754478737027094,-0.3674739784131866,-0.5508364713268395,-0.8263154855168451,-0.08237374715680552,-0.25912398740685316,-0.6070674128442584,0.8245971728340673,-0.20830849573675891,-0.1340608243494044,2.059340565219069,1.10357760841343,2.5864137891509404,-0.6933341170960742,1.0424942943555426,0.41023462317380277,1.8457263073348729,-1.646536772656946,-0.5981207290199597,-1.358082853263102,-0.5804192403640679,-1.5083712177680555,-1.3270986899855335,0.08810778120489354,-0.36291759329360657,-0.7005176464526244,1.1012331998322324,1.5041414246485558,-0.6876871591764223,-0.07122674996192387,-0.2198919098770814,0.9946210336745497,-0.11986554423653606,-0.11565268589672642,-2.463242095618896,-0.06300628684730533,0.4940318312564047,0.21622825221671288,0.9147702603308664,-0.21922122599965627,0.22024310675968106,0.16916382569062405,-0.8408441731273941,-0.605640364020553,-0.1719882079799758,-0.42344832827664214,0.17062969696584346,-1.3514419502237973,-0.6040525384213882
-2.68785346188758e-16,-0.45625463373607356,0.4118964262066922,-1.043135857010129,-1.7876485756691263,-1.0758020373703987,0.7363754296047018,-1.7172747634845718,0.6620982762218739,0.6689682871274234,-0.25458944695345487,0.3181385087531151,1.1615710878916832,-1.326239593059369,3.1362067497516923,-0.33355366770280304,-1.300241885991446,-0.8117771620304108,-1.8541028133799338,-1.5961999898059425,-0.42915574937627415,-0.3265930322825013,-0.9713467745904877,0.6901204116444682,-1.528770251914661,-1.9318431813660761,0.5072861672977,-0.025986852647483148,0.6301460483762771,1.9462058433015317,0.015792701775389162,-2.3165719995396836,0.09038497167869294,0.35886264540337875,-2.35507015862186,-0.6916155398696944,-2.894085240266777,-1.1847880968610092,0.8301622804494184,-0.9434797204817948,1.2118007068174133,2.112701292964611,-1.0476746923492417,1.4590573005466352,0.033756265895814486,0.6817274153863365,1.8867203263071766,0.9812999462456914,1.3820646803159176,-0.9587166047363271,0.3049840578714267,-0.9551810310061196,0.5857595435287508,1.0281393112711703,-1.2353061688632485,-1.230785849150105,1.1300262224792152,-1.3040558381553815,-1.1725924972294295,-0.42677294912262465,2.2950765889597906,-0.026189380411373975,0.7576423711870359,1.1844204659627668,0.6882454627917463,3.298077587506132,0.01791288089604559,1.7509011621681636,0.8180119263520274,-1.4062650498733127,-1.0404748659287606,-0.4020452823115621,2.6851653870139027,-0.7489134098959457,-0.7750842859810554,-1.1014721421850586,-1.7854932876960068,-0.635349857449669,-0.7951062344716874,-0.17994205072261066,-1.9013198642359654,-0.7896232362118387,-0.31396959740812275,-0.1661025831901618,-1.1965801865990364,0.4033232409145945,-0.09589874629911366,-0.6239731144649289,-0.37486919062127844,-1.2059015798830606,-0.8179930331342145,-1.665996343992321,-2.094142746183822,-0.7054701213685293
-2.68785346188758e-16,-1.7267751538807536,-0.9337042787651011,0.9761341987727279,0.1429241958972396,-0.19592510828079207,-0.7694529433102211,0.8016936943882824,-1.975217672464295,0.4829213191748345,0.5762426482254995,-2.613342243554509,0.6283724865520945,0.17110718656135437,-0.9891932087197193,-1.3941977148600964,0.10720812871294533,-0.10134775632571832,0.10939417141122942,0.11827468840745503,0.1334502638113549,0.48029571583941866,-0.2936602379152849,-0.4094693043364661,0.33040444774033245,-0.934577472659609,0.14348314484606253,-0.19412837723683898,-0.5728304184390722,-1.858622203918065,-0.10824819964819876,1.9370723302843937,-0.4365162332867546,-0.2640310825650717,-0.4117405639149316,0.009545753578202809,1.97599113111834,1.4639026029519073,-0.5113993008378204,-0.8947768828402072,-0.213458904219819,-0.444722879149651,1.1944798461662862,0.04183850791536729,0.7608247469251754,-0.7748326214934533,1.576754392931294,-1.0861092372834307,0.6154672355161888,0.5452329538937732,-0.8744545734873919,-0.3724558295951355,0.7451408172833957,-0.7939294888385512,0.0316825671725611,0.7138462363187696,-0.2712319140158641,1.5502824937641075,0.22070284147524627,-1.663740047573563,0.03351866380366553,1.8397196868678016,-0.8295641068334316,-0.701194737851919,-1.073381006487082,-1.0797907199929346,-1.6177202143462324,-0.7709136336398887,-1.9621783475758159,-0.39701791686750104,-0.16534114184284807,-0.15512072291784967,0.41695186236779114,-0.44875727628343287,-0.18089050815199006,-1.8322378426193768,-0.929512194890699,-0.8451695294575179,2.7904077752827217e-05,1.9804480183355166,0.6682208506357636,0.7289646678107763,-0.22447342028360018,0.7836499370712916,0.5314234819172869,0.36042998053619096,-0.5503636244545407,-0.2808356241363862,-0.3760949515743879,-0.5983076681540285,-1.4690549090544263,-1.0396261337080195,-0.551164005173747,-1.7212644533603205
-2.68785346188758e-16,-0.7680230852606408,1.4043870764888622,-2.87058534794668,-1.433938505975977,-0.5273282749516603,1.7429420606249073,1.958125422096277,-0.821431996057596,-0.24552532331763047,-0.025802276495181416,0.8225822477159644,1.0731692550773717,-3.0164841784639354,3.0449255409923213,-0.0565341295719249,-0.9090951991051277,-1.2102149619050855,0.3447113398861801,-2.0799150171068854,-0.6855415174633731,-1.4666834289163435,-0.9050620845958716,-0.3070637949348032,-0.8699500038560504,-0.9534954893692452,-0.7689837649539977,-1.143658917943288,2.520679463680618,1.4801390782533488,0.4007310413198212,-3.627853479655764,0.30517338964351276,1.6194058438262515,1.0435005858175534,-0.8416219520621724,-1.6637392765797663,-1.464474434919213,0.5643224311878995,-0.3544281777742983,1.8634501629214915,1.2941705436304558,-1.1892326467527157,-1.2103641396229232,1.574743791675663,0.49437326126041115,0.6885572245950793,3.132477838159909,-0.5426291715650444,0.14601629939834582,0.5479244328716595,-2.3179495895867124,-0.8920872996418273,0.5608067305322898,-0.5024404178991888,-0.7108668564917378,-0.007744171454391793,-2.004930152129514,0.20694082748450382,0.41868116316902304,0.532988092707893,-1.097114127166099,-1.009646162379782,1.0683393109331605,0.006163674089199267,2.912986959087419,0.8483836495387304,0.4725791304799244,1.010748761447204,-0.26367332970630314,-1.3738649272071002,-0.02334412068267333,-0.3488362191641836,-1.2928080303124279,0.3001795427897328,0.9659726676048477,0.35028304400388327,-1.2142127206046522,0.07191615772543847,-2.2840542892737905,-0.722721723453873,-0.47788756334413657,-0.16736735647697626,0.029092008332070082,-0.8208893688149863,-0.1432582303957146,-0.5852225792281245,-0.09450137999167531,-0.16140115575305203,-0.6743583126941853,-1.035750550190261,0.358668552676211,-2.150207160802518,1.2560721074982126
-2.68785346188758e-16,0.04782615825846792,1.3358114038246425,-1.501371435235522,-0.7927842882076139,1.4005947941510086,-0.5632004136145484,-0.118686733116941,1.2739505781535523,-0.09545175633777603,-1.169406722351283,2.3234246000736025,-0.4712323363224846,-1.9411156704708747,1.86207692701108,0.5402640618241528,-0.5275940634131682,-1.267511973211947,-2.9491609851700065,-0.48391868477114275,0.2770557630697059,-0.3691067574926388,-2.443182270275919,0.6785208008063316,-2.089095632924032,0.7288805440847703,1.0548113445362048,-0.10923089004951346,2.3257440396046536,-0.16642094569945276,1.8567545726890098,-1.7822299942983095,0.6828881660253479,-0.4593672298400774,1.958837755768032,-0.36959995696971204,-1.386444872667831,-1.6182699230881472,1.006688839695632,-0.5234199866146281,-0.33092588560542247,0.3586940404226844,-1.5017137028550986,-0.2839041221185445,0.9173047337676138,0.843126540325817,2.1967446797866383,1.2715020323301633,-0.8112195674363184,-0.3970536076557318,2.872464210596208,-1.5976717154087565,-1.2574915256764883,-1.8835825327989237,-0.46969419548856967,0.553560560350156,-0.1715318341857867,-1.99512025024546,-0.02144050378120993,-0.1519063691374467,0.01916697529430078,1.0295628018487069,-0.5245906414566939,1.3272961096204274,0.4085120300129545,2.0069252032002787,0.870245480846201,1.4568533800661667,-1.707559414739695,0.0430633825957652,1.822300513171751,0.6972535319291745,2.9736569693768864,-2.6881673820751493,-1.0623540716790156,-0.9749865671581772,-3.121094476437442,-1.5175760090467745,-2.7107147571386783,0.7603270529750746,-0.9016673885423295,-1.3122945222292082,-0.139106668150231,-4.00575935425574,-2.9648180134862336,0.14734844669446662,-0.43544305218721724,-0.2857479749191842,-0.0658351754709835,-1.8435324964680957,-1.4984047859271914,-1.0988549274749133,1.433951385060963,-1.319671313127226
-2.68785346188758e-16,0.11148531472929613,1.246915252633342,-2.613110850992706,-2.5019403925042907,0.4605308899700147,-0.11409915616093694,1.7640404503338551,0.967004794599574,0.5773345076604616,0.0012769281342562284,0.4235151072600665,1.3125159976188974,-0.6747089391704134,0.18836244194655616,-0.8922920088982867,-0.7419944067118415,-0.7177461575060904,-0.3084984618419171,0.5217747366922861,0.3527124393906826,-0.41696822038800285,-0.5343613554459783,0.24836543238779474,0.6196207233843515,-0.6517599591298278,0.5978687661705614,0.4272424415890318,0.48978729407251165,0.5349711279310615,4.164019775778745,-1.0335925195018758,1.1032606788087704,0.2786172675858595,0.42891266971953734,0.7734749596454416,-0.14503351610701162,-2.1745841878647263,0.3534688962150156,0.30013306281954255,1.6272015087848422,1.7286359331307448,-1.4881423779604577,-1.611388237789777,0.15451682789831434,-0.29614105075621167,0.07093214466596176,0.9024537525556835,0.39482898874134775,-1.28226187415597,-1.0365659492219743,-1.3327085072783618,-0.44783041151127784,-1.680058130189007,0.4005263887736257,-0.7712171782808273,2.0253555583091774,-1.5962179907421836,-1.7248390884061497,-0.15574429304650367,-0.061408858487768,-1.9895644672059505,0.5570371579947089,-1.445580335247897,0.9682759539562745,0.13939485513012662,0.7199850997647599,1.303168895197842,0.6129407788658539,-0.19015535615598536,-0.8168067279597584,0.15453149706699204,0.05248558885043747,0.03150247111227692,0.8701942205814787,-0.4367380903325223,1.6470134291298975,1.0408848286558583,1.7629743971109209,-0.01792786769584276,-1.9291423651991648,0.4982002808709166,-0.34052475069985855,1.3065533907850704,-0.0163835540382114,0.06734394192944174,-1.4636369469909303,0.29796143243056805,0.48675339698399794,-0.8294417388798836,0.4869611582179738,0.06832307184660741,-0.9040781778877177,-0.06732054976209001
-2.68785346188758e-16,-0.20538554401583167,1.772077333821081,-0.8735410041733733,-0.9397842801476815,0.8460098393209693,0.4227667592112699,0.061501394537422704,2.1043505254848522,0.32195794323646537,-1.6138296830442833,0.45189848167048785,0.8578878907249678,-0.4819601504037039,1.8515447350339571,1.6351607385897766,-1.5760634679379033,-0.47690277514580315,-0.9313126117516497,-1.4854709145995648,-1.199376851040646,-0.6771732290779114,-2.3585791290165767,0.6991039529448705,-2.4904101382146258,-2.4576535033909264,-1.020725812947267,1.3507562086220628,1.112607248306984,-0.5729946160804424,-0.3975185716486871,-1.4842762757676808,0.7679669677118184,0.45345992589897666,2.611250365946967,-0.07772801191561385,-2.983576817266358,-0.7062348095676009,1.6720069355034837,0.40913483740454604,0.7625670545887994,0.5227582775199751,-0.929000492448116,1.5075215414444345,0.6114563589955121,1.1718426333143888,3.885305538097642,0.9095456723178907,-0.9183206456558777,0.5688074365537014,1.091082267521714,-1.3756870796314074,-0.5789431474484092,0.48161042891180433,-0.43505052824324236,0.28634110340500585,0.45004585255863844,0.8048437857791748,-1.9034026879243786,-0.1800817616928238,0.45918919064145586,-1.0258426818776794,-0.8170630737344182,0.7757261364535555,0.1684207295817406,1.371444702626856,2.651194352426689,1.1563961601143105,0.42722268831578036,0.07547131126435187,0.12863860047448103,1.2947449179300885,0.7099591721585757,0.020585275577339468,0.2428871411271656,0.2701807193769292,-0.6360840918446751,-1.7893075421229478,-0.595270597303436,1.138928232941848,-2.241010758448371,-0.8094129703955169,-0.4959782116343129,-1.0873764437964888,-0.0006536071314432457,-0.323064159876526,-1.8234710886888303,-0.1893711303866163,-0.15941204558798938,0.04821541668886675,0.7775359303993996,-0.7629717976908451,-1.1632997829935856,-0.539125458853503
-2.68785346188758e-16,-0.29395735044764143,-3.5689789160378815,1.0288603871023163,-0.451804651336905,1.6952597097535267,0.3240651648686347,1.1302082443855979,-2.0999014374551335,0.7898707059254033,-0.5468452842450897,0.8022955497733726,-2.3282926036404277,2.2901578860319507,0.38674570076679615,0.06809335989486362,1.6130120601538556,0.43897464318435675,1.4664606931103799,-0.1398292215738282,-0.07142047465144931,2.2391466755951237,0.5357608473309783,-1.0381653923552614,0.5524187266501797,1.4102264140121132,2.514513310502319,-0.544351224202068,-1.1765061008450408,-1.8065438546403358,-1.1467619699117706,-1.222039486354961,-3.504852386740907,0.9738798644069078,-2.2535828020392112,-0.4703786686731186,-1.398050687539837,0.45623695536308123,-2.894939840395701,0.9315551681453044,0.19512454919888414,1.8559238464607415,0.5586340936238243,-0.3754929849851952,2.422869276603634,-0.04798897975459865,-0.5298015284244075,-0.12581638138603854,-1.6008808456136818,-0.42432980120552755,-2.1708358771919003,-0.5488123228151793,-0.7550022618333896,-1.0388202661953272,1.3422967157140397,1.5576534045583388,-0.2923979092654904,1.8089085155819553,2.2964357892704816,2.1959877507586962,-2.0351661806543273,2.9464104558434387,2.708800346423823,2.1962507290721,1.1565157751001076,0.40230249654816275,-0.8467532468258028,-0.6393269399219313,-0.5673363920395015,-1.0562598847129758,-0.2796401167649728,-1.5546448792778922,-1.5766479254544419,0.8425199399900649,-0.6519104247150527,1.0261549465186446,1.5954741390622649,-0.6764914862774334,1.0227192093899016,1.3587572464205788,1.318570884195634,3.781328702400864,0.22138675790988044,-0.3856215074918572,-0.04803629922708652,-0.28854265448258953,1.9148430945754005,0.04338109253278202,-0.8968894128909753,0.6726953334890402,1.9358973874598766,1.9693334472519914,0.5050363600369305,1.8500280886309146
-2.68785346188758e-16,0.45429264458307356,1.6881118973254299,-1.3078341623251755,0.6394886729743767,1.153396876083451,0.1583516894190413,0.9147970564390424,0.8249315462361878,1.1844915947559427,-0.5152333219436627,0.947487729812041,1.4380250289417316,-1.9230772729054895,1.3871275583795952,0.18635580744340005,-1.6536912117487153,0.18431684881859445,-1.176816535561084,-1.0028139826788791,-0.201193296753199,-0.6580153534334758,-2.0822930281412093,-1.4684648384866212,-1.4922106469080076,-0.9073021078234332,-0.3086224019136427,-0.21251986621407915,0.9017016415304446,-0.7356109662464028,0.09496145466674788,0.7000866504373926,0.8659427751126609,-0.19443532005999942,-0.05450405311599593,-1.221192708550017,-1.3105231527080548,-0.490673685991583,0.7207774975796027,-1.780762710519498,0.10839821905342585,1.3043878548285546,0.06200025080239602,-1.706940703936499,0.6183197817077919,1.0040353665524475,0.6711976382584326,1.169198364201665,-0.0048230496277548995,-1.1218564454678652,1.3524061224949941,-1.4866028278454477,-0.6866837844564703,0.8745376066920532,0.04963832292050952,-1.1649850080650719,-0.9169860386568673,0.4387517144302523,-1.2435041568350629,0.6060479268020682,-0.4420035784974956,-1.2989415705042635,0.581174636687332,0.14721650115750567,0.8368734853071348,1.2274983073876164,1.0322416610006542,0.6242000252313483,-0.1802745955861991,1.347084343125109,-0.6281868947091347,0.2919339657983585,0.9972739148768668,-1.385087549368531,-0.5715412036936539,-1.3656104780256926,-0.7414972795625898,-1.1066692370036944,-2.2053024220182884,0.8255500810641095,1.8322544964940244,-1.300617925018906,0.38325343858426936,-2.0672461640131603,-2.8956619843851836,0.4590021118827794,-1.384254838492856,-0.12635606389060963,-2.1967044687661192,-1.398720794883504,1.0723736498044194,-1.133192423364247,0.9088539965776304,-1.0397612835154444
-2.68785346188758e-16,-0.4116051492175735,1.1690715703507788,-2.105336404211439,-1.468774813573184,0.1432487159144683,-0.8430364571503783,1.1981553990313087,1.6389321135907449,0.02144905722206769,-0.48263798187857726,1.2446181662495348,0.9436238520417636,-1.7719736623428068,0.5152257925521501,0.7238283331261589,-1.0314405311182153,-1.7717591595911775,-0.17785885430664428,0.3158679921085271,0.30250980536385147,0.15106577154794676,-1.2043309887673939,-0.5789780826774695,-0.7229925337855853,-1.0133180595971105,0.48763974489004547,0.6125945980906141,2.092056105980552,1.3050599668131566,3.8379427035112554,-0.09563972912622631,0.5515180458258948,1.5494401462703253,1.791573046742524,1.1428540104411995,0.06683262451763405,-3.584495189573072,0.34938132750395473,-2.1611187549069633,0.38598786906882765,1.7207993817204374,-0.15949509287760089,-0.041353929881770224,-1.3220073907221974,0.7452304691076799,-0.015193542196862198,1.466295618325594,1.4388490296579781,-0.6617872054171531,0.627448203357001,-0.26372282946468795,0.40388575521538356,-0.7304688254794317,0.5493064224528341,-1.1783041370192975,0.360472008223475,-0.8339303457956118,1.188235750099959,-0.11186585683242622,-0.5907786608306255,-0.1933757020958623,2.9832342506177802,-0.6492855351295066,1.4937704495099036,0.03434909580265644,1.5677504150851984,2.3859208252604427,1.7716232867831723,1.0510574867650857,-1.4262369366397898,1.9864270883615482,-0.5223457851623138,0.8100402849228251,-1.1923859011797464,-0.4671282960186931,-0.8806922088837819,0.8886062597623432,0.7104831393548031,-0.039820274214185186,-2.9602144082847515,-0.16570954622494513,0.5386788379180777,-0.8147552531251608,-0.05305465565670264,0.10357836402433722,0.4144320952550631,-0.039691045769745935,0.23425004706474206,-1.7254090880456503,1.037749120051022,-0.15554441538586045,1.4318959682195613,0.2351889147779167
-2.68785346188758e-16,-1.4886287803096112,2.0922967358169453,-1.1625675345563178,-1.5354336720963953,-1.2772181748994604,0.45646410530159526,1.1846127154022756,-0.6899529936430799,1.189566790343505,-1.0597307069799977,2.333825661650464,0.8131919884110859,-2.7951042577249274,2.3974431919524832,-2.0813413062557404,-1.4090623874377504,-1.3750699811903715,-0.5892120943640493,-2.124191804558588,0.3963064707792796,-0.9318038905625805,-2.8139826757345245,1.1599397372372517,-1.9644304460821864,-3.227685717014653,-3.6647043553302763,0.3877559831634231,3.6361896949353123,0.017065003699077375,1.3137955851826417,-4.004035033374698,-0.8334231719222217,1.142442465649271,-0.8083775548199583,-1.5279288472547998,-2.058892745100992,-2.229150380281987,-1.304108212821265,-1.7226695864284316,1.6918393545082535,0.3586035301374339,-0.9198755796191138,-0.52589465315457,0.31279513122547986,1.2433846875409975,2.5226486245171817,2.9162276489749632,0.6033325888084893,0.381189506142534,1.5377528736397241,-2.2789243499669443,0.46666193900758807,0.07901453130013267,0.3633459133522515,-0.031016966436545057,0.4192130708642713,0.9872392353296661,-0.24348395923523997,4.255868967853024,-0.662511864622741,1.1169205314388857,4.598077483085287,1.544865830550635,0.6621994331348886,1.4989255215454067,1.0505142346029983,1.6495184938510636,0.6907126956979772,0.48927262113054565,2.9032023333573354,1.4759147181602144,1.108247676028168,0.1768565187523483,0.7735382231890714,0.3877563334513133,-2.446352588583262,-0.10526078473671763,-1.733801777405374,-0.04903237762586299,0.2240099661950728,-2.8869871937340266,0.02282174938584846,-1.2053400925998232,-2.700055826961686,-0.29689364375951316,0.5350728291083553,0.683529936526348,-0.6966160100240981,-0.5843862990503049,-1.316203115113102,-1.7497854531278159,0.12828579218225378,-1.0572564432912859
-2.68785346188758e-16,-0.21716555607565452,-0.431460937295115,1.1261093869711092,1.018930974298314,-0.571409597964902,-0.923844353686777,-0.97496484715007,0.9754135097106514,0.4929054388327893,0.4343763060222177,-0.5517814647328537,0.37225375459863674,1.0754013267878682,2.2512615163707514,0.5143935504695439,0.13620941401782166,-0.4856129759715122,-0.6269917094721656,0.7341115366064507,0.6032152527551693,0.013415234418764133,0.5098496237654866,-0.8693928890282892,0.28027379707072125,0.36015783036274734,1.6255448104781016,0.0694182059216964,0.6495031666437049,0.0921389235672957,1.101656810742253,0.028707017502110466,0.7046298373881363,0.26596149513853545,-2.1123712561005465,-0.21826593589485493,-1.7358882446356363,-0.8659907868273348,2.4303756744893925,0.3217376922694489,0.748127811589842,0.9207276168389594,-0.016218091204111995,-0.21246840953608992,-1.547677144765175,-0.9561836109647458,0.5908161173808493,0.93133190337485,0.5535291142756604,0.32310652733953804,1.5639947467606947,0.22810928516802775,-0.3562881917749378,0.6159255521505622,-0.08726103111523635,-0.3100099806891584,0.7411499495226148,0.02251207795932275,-0.723185295047919,-0.6282913981246627,-0.3662101139880731,-0.06886453860068431,-0.23929295685133933,-1.164707711353922,-1.2482579807764391,0.04880053516585431,0.09533046465930797,-1.2768386827540052,0.2051794968255503,-0.6310867881195831,-1.0996087842107025,0.40500825116491534,0.09750553107348547,1.6170371523347329,-0.24746557811200856,0.5049169549600787,1.1820980467749391,-1.58825307577092,0.04522043886761129,0.19630591596105798,0.5362836514311299,0.9421186345047753,1.0967091077854847,-0.3823277532855734,0.41729206846301853,0.16224413505497126,0.28063796405217795,0.22923851310371457,0.9231829218079811,1.7106122493274214,0.22080157184939625,0.3044760859916372,0.027310720474051087,0.61243940852301
-2.68785346188758e-16,0.7123875307675799,1.7309142622806672,-1.276226121506008,-0.3123321753812789,-1.6185288180377404,-0.7622861988023174,-0.5178681303307455,-0.19070558752821365,-0.2506025424973575,0.8568732665236788,2.246128414214802,1.5048926508357945,-2.2553520519954655,1.3679641595590057,0.6137577116888586,-1.8483356252046657,-1.6787299990337605,-0.2773627185984162,-1.5230445639826107,-0.6224937721129907,-0.7820281327422558,-3.245410846181839,-0.5244013398339632,-1.9404696742108976,-0.9445400608560037,-1.8658348852919278,0.5203648486847727,3.5868274739607027,1.0240460430062033,-1.2751400514053297,-1.835750555847015,0.04607093528066178,-0.27610378835617455,0.13912286021792364,-1.0442484306138455,-3.2000169094186837,-2.3118427735335523,0.8937638482425525,0.6512303846154219,-0.14494049489782834,-1.033626989652537,-0.4974115637107769,-0.16551878825759478,1.3766526573002158,0.7055698386739924,-0.13231509368906402,0.8527305926649796,1.0199514163981962,-0.7228595587269142,2.2462140715421244,-1.8787824168574139,1.066239638135413,-1.0735521750731323,-0.3098979216634051,1.3832461485535303,1.0813285536374135,-1.117777821110999,-1.0413156668076162,0.4544131706455712,-0.2456810007940572,1.287880569894455,-0.10281871225398209,0.6915805285601618,2.5160356100031103,0.6742810499366668,1.473448859516759,-1.1185013944948001,-0.030811278369129447,-0.06573981908973221,0.4737381991546932,1.5541372603327746,2.0352422224690647,-0.2593467873702521,0.09994795671280564,-0.4649406120262349,-1.752265075227157,-1.2121840457033757,-1.9516355446614237,0.07120525484670959,0.9177496391183548,-1.574450222005874,-0.17860867889632095,-2.5841466149993684,0.6843878088796691,0.5161929908729336,-1.6710004048043703,-1.1186823060056585,-0.9053420178921381,-0.571097844369439,-0.7586685495102279,-0.1091047964523445,1.8028742983530273,-1.5904447636381631
-2.68785346188758e-16,-0.5953898817456037,0.5416142532294834,-0.21746670236465443,-1.4547205157819096,-2.786147525579402,-1.1515742698743738,1.2712900705601144,-0.9587251005642349,0.3430839478068369,0.4906635984198139,-1.9953781174180896,1.8479636593725322,-0.362908993647288,-0.8829336996994838,-1.1082283935114952,-0.6036781625186962,-0.8022405351155274,-1.8019930288797834,0.47342892804775133,1.367750273129084,-1.0914249394660762,0.8501191974044626,-0.2656653876226848,1.5174368181124387,-0.5526430964454382,0.8941251524637547,-0.8297521185426755,0.11982274639023688,2.7911006477380145,0.8495573070144044,-0.8775122727021702,0.23799880550979244,0.9737587435863386,0.6895197602787738,0.5832433155682241,-0.21314873278561997,-1.155441628265082,0.504524919833224,-1.2189096228597167,1.4833161667628618,0.36004102933431525,-1.1878051063113988,-0.7083207433056076,-1.1210368006849087,-1.4945919708274134,0.84529761538866,0.640261023632439,1.2660814376176863,0.23688164913196194,-1.2751757267146149,0.23794569311603264,-1.1313816982149927,-1.3561380699576069,0.04380753672807477,-0.9614309402904633,-1.5698376903564761,-1.288399412218986,-1.0847025173983493,1.2014416461321058,-0.08025212146117655,-1.199723453832118,1.873799643007214,-0.5126448248270763,0.490121047270743,-0.24310331314887246,-1.15664591178086,-2.54395735242409,-0.11564392302384102,-0.3323859297220714,0.9470274478803999,1.4051762580574758,0.49626809528562427,-0.503300367512306,-1.3571994533466079,-0.017470566749202943,0.4928913270997368,-0.5833298777965611,0.6024297461626618,-0.7701869310140435,-0.500091870488566,-1.0549598830379419,0.6776726556422334,0.360800864067078,-2.7219206181331286,0.2749804615401763,-1.1527423889316568,0.11766130774832828,-0.6804046409620071,-1.1230701848574567,-0.30174909952246143,1.3249565155407663,-0.3166154389563616,0.3675995960676937
-2.68785346188758e-16,0.4476075294919735,1.126383055457111,-0.5878968926409468,1.5855135313619257,-1.8864753227694946,-0.5581100188538366,-1.116628325036153,-0.7321735242293266,-0.4320350800524626,0.4848299150616285,-0.30018285859353666,0.7480949918913228,0.2636536752926636,1.0795554042881026,0.7273546025809737,-0.6223869113120376,-0.11291117070420265,-1.411598639928115,-1.236562538787105,-0.08176347459214478,1.6550243986034694,-2.7040476143140415,-0.10906115829096821,0.07201568968093797,-1.9689134945522222,0.18569593134019158,-1.3936886207191108,0.6982749270324348,1.5974425153232414,-1.6257096032599878,-0.6280126167050745,0.7268582486378657,0.39931110335537123,0.10101757901509534,-1.2831165117095749,-2.0307530520724693,0.37744201549305983,0.009724607359782145,-1.0116506811686177,-0.594487923678913,-0.653228801288584,-0.51580112817519,0.7868337060814203,0.8098541021141678,0.8684050857348112,-0.12261918009260486,0.12396073823230203,0.5916451192105212,-1.1204360246864438,0.6374801133373393,-0.5715997820683569,-0.27113678524424256,-0.37945567571618366,0.06850035349410145,2.4412731357022226,1.1356566288717287,0.9009517870168009,1.513295411857634,2.8559281560887553,-0.4598018433534775,1.081410462799256,0.6377340476353385,-0.8386577736945267,-0.35847793032662145,-0.16219996845828277,0.2153474562952654,0.6266964728256718,1.0957837846247767,0.24686370707710215,0.6178808533810553,0.9699142162623141,1.6819927511931756,-1.2968451755545733,0.5359386371439193,-0.4500050537794602,-2.468890398671888,0.1106627888917735,-0.43969316320761664,1.1800137574618232,0.37270042361582134,0.879746703931112,0.04349831067305297,1.4217041887086623,-0.23872752388317073,-0.5102842253481924,0.5617039117322817,-0.46028584612427226,-0.2016022874626377,0.9583574295324435,-0.061131909680399235,0.2760733897933392,-1.030664184315853,-0.30390673748266334
-2.68785346188758e-16,0.40253241554811364,1.1252624062455894,1.1659698170306627,1.7561885994796715,-2.092826136922013,-0.12480579384195398,-1.9880085524882514,-0.3585132966655348,0.36905936302457787,1.1868302938388127,-0.5261768056114433,1.2537564538455417,1.5728048995678003,-2.196793045641494,0.8976212252620892,0.3946903226116631,0.3135844824446712,0.10501924419895664,0.6420006643248607,-0.15503230295680762,-0.45748926219550656,0.08780306013695785,0.15362466165496005,0.028365859432841048,-1.1013539158636048,-0.7992707722730495,-1.0181739096870925,-0.15630359691007284,-2.681830671009583,-0.6607705501583245,4.257386279625419,0.6104162877564476,-1.7325706603694233,-0.10905722028709386,0.12640692325049446,-0.6942020307444066,0.9932227544535135,1.7479607112859483,-0.5977126894528066,-2.5536629496000054,-0.169940143103126,0.0641645798132664,-0.11865194867299128,-0.36446955045706914,0.3342700082655602,0.002691345843359394,0.26913736973307967,-1.5221044875213954,0.7985809178746613,-1.7448051298933378,0.5298937137623538,0.931643054848559,-0.4904130359499992,-0.47907437464432495,-0.39077375388380275,-0.5509728273667778,-0.561143117058455,1.2890009645424254,0.11281701119733678,1.0141510588474718,1.6598423394392494,-1.030709672295008,0.058821229360162874,-3.2498979773001357,-3.6371120317708554,-2.152274158285983,-2.9327330437751393,0.1456220173978916,-0.46782540159367475,1.5909029337459235,-0.17218001282191192,0.6161451706281313,-1.7598982390413922,-0.17568654781819712,-1.1409694229907519,-0.8170266236799233,1.0102427209893436,0.337281377628549,-1.8797555872927294,-0.36613855741081947,-2.2455574485934937,0.13557309486637345,0.3283752792898632,-0.40694411143453385,0.1865709207817125,1.1413693604699704,1.514953950456834,0.4941986599544278,-1.8464842639889647,-1.1808418304286437,0.9033132078017347,-1.8575792706001115,-2.7946552940652953
-2.68785346188758e-16,-0.011396618741128023,-1.2920461637988745,-0.7412623289130172,-0.23891414602357747,-1.7175343507688592,-0.023358111185851557,-0.3030622589551072,-2.1097026051839807,0.3286491189162498,-0.7981638168424292,-0.9023253545568355,0.2529939409902375,1.0584365799950608,-2.2239413784708377,-0.39418288235069665,0.8113980842803655,-0.3817636132101798,-0.1872260377541367,0.8599815141698605,-0.7990692349786712,-1.0742107308863977,2.597419168195243,1.3314163531340344,1.070931648909701,-0.35823431772251546,-0.12468538430945944,-0.07531742093022278,-1.0887353314172135,-0.5487885357640252,-1.8117748320602138,2.0607493758308295,-0.9372519515643011,-1.0768977666095967,0.4416751095766116,0.8224638162680247,-0.10879932985385898,1.092255531707811,-1.0718726702301538,-0.7498583488166849,-0.7435716533035575,-0.6386668301139513,0.19238729427120746,-1.766052078769847,-1.9282375553400795,-1.670093437262917,-0.24934146301910565,-2.9352458814775826,-0.35066424076440783,-1.9759346577819314,-0.8739901477934773,1.746444761016122,-0.4293532261863098,0.09255853358206322,1.3960431585888118,-0.18296608594463326,0.19126462653325363,-1.8860209151330993,-0.47813077337727317,-2.713524135809822,1.3056975616042459,0.03806177472003558,-0.0340806559966087,-1.9012992743710018,-1.2075429700457323,-0.6323689545931889,-1.163934075550148,-0.7629159908816489,-0.1334941641020913,0.7563428736634957,0.37014222145134973,-0.9601065213287958,-0.7321565577012467,0.20508163295371373,-0.2909080012598471,0.059615008724110186,1.7152712358457072,-0.43925406075355533,-0.9912248527313607,1.8273486809439499,0.23791933616418232,-0.9570051672000666,0.09185668542437654,-0.2897889402515532,1.3108903468854358,0.41586333089985084,-0.6036622693873113,0.35002226681953535,-0.33003813637692125,2.0255990977070435,-0.4101074676851722,-0.9503952895459087,2.108450109250558,-0.6968859973696618
-2.68785346188758e-16,0.2860678828262651,0.3461563007748437,-0.2453461746356757,0.5033009147794688,-2.271553303150937,-0.4706457086183758,1.5512443242182357,-1.8813780439530037,0.08265949733690357,0.4751754435742905,-0.027904120563191095,0.355884991284681,0.730419877141981,-1.394318857718446,2.0447520825423657,-0.4819208147425149,-0.9082331370544864,-0.2581166849769927,0.4270254614926109,-0.8701335632731357,1.131856746617939,-0.9606366715105785,0.17293048456921675,0.16756919878747434,-0.49026529332334806,1.2847857210000888,-1.14445971469826,0.5246040823945555,-2.1608957569077707,-0.34755376832970397,0.8333702291909639,0.7521746997861777,-0.6264492082647068,0.8110241924114407,0.3869223191799166,-1.2828031653573437,1.2793027671792774,1.23648485709693,2.4615260003376056,0.6532609011327465,-0.10630695938612333,-1.0530225741837291,-1.2566736829826497,-0.259232955790607,-0.250780087518637,-1.1092497272985884,0.10637038126329713,-0.03289763286596642,0.5973707223486492,0.7649719634359096,-0.5080515258115382,-0.7852708569142325,0.6959654303338931,0.24112804030789017,0.25298144484409796,0.7167901521619934,0.7418345104291191,-0.011834111922563118,1.5398384198671986,-0.7873419135459303,0.015180528905947122,-0.8954641131966427,0.3637962672727344,-0.34726121682116107,0.3683781045873218,-0.834893808828423,-0.43936857530503604,-1.0791845923924142,0.15766804352838718,0.9316545471903899,1.498929594564973,0.7210285247739208,-0.21814010725122504,-0.5892945381922015,1.1907105111079233,1.1796963643997873,-0.18389201694066898,0.9619553750956011,0.1781348274383876,-0.6547176879550414,0.6075752330619805,-0.2679396614478161,0.8602354111673874,-1.3289311433664637,0.4105186072019172,-1.14454206452235,-0.11317669469918941,1.2259943676531382,-0.4334323812179019,-1.4609780369602416,0.6246228583429779,-1.6302279224828409,0.3565566973288295
-2.68785346188758e-16,-0.6420425522190512,-1.2151736904675485,0.17387905676687362,-0.9035734296102285,2.263356505737652,0.5441066929897301,1.4952645485166052,1.1979683112991462,1.022185034506273,-0.8343609202344062,1.6337060536342713,-0.8849153660924466,0.4237557180442727,0.25630944012121315,0.9705133389252802,-0.45146803151641246,-0.2323223292044022,-1.160298116770482,-0.3257315485618112,0.41520111685503336,-0.6409159601705626,1.2643133946798906,-0.6121237751049897,-1.2729456949122127,-1.2082147829008751,-0.11777630587714508,-0.15716316195975785,1.5581736980992578,2.2270356155103714,1.3222516782680582,1.9171663222007314,0.1893483141192756,2.0380578519474146,0.8755018004690587,0.4185875527068974,0.1914508934228344,0.7225102125672009,2.006524940320215,0.1088079751592273,2.3310838594172067,1.79035405555048,-0.41458947999100415,3.523819357527424,1.2192411434001142,2.916690818241836,-0.14642471661943923,0.22116051377235257,-1.0134938657788073,-0.06678699163537358,1.5433819311992139,-0.4092144846774173,0.5017639352953592,0.24082834052206564,-0.37002462504582045,-0.11160366625294227,0.27121035233679125,-0.8060637229433063,0.13462963796217764,-0.985441272176963,-0.07380847731179574,-2.119132211663615,-1.1495116004832902,-0.5390862329518766,-1.3328044228593736,-0.7944358497651713,-0.5226136869645525,0.23493284758960445,0.6464658328961475,-0.9547493853104951,1.0890978192794019,-0.11907078371598223,1.12647174482188,0.40622053830690164,-0.3967199940795168,-1.2457747135555495,-1.6405335619435766,-0.28263413585747044,-0.7029519998728484,2.4244848942085566,0.6858407664221342,-0.8192291667462683,0.1139258071522552,-0.43567069387198837,-0.5921193686497317,0.16843921762209388,0.2721170945217546,-0.2116053220945396,-1.4165130331624227,-0.44651471334087706,0.274762267846485,-0.9311296880414432,0.2651692939044954,-2.3047267602439323
-2.68785346188758e-16,0.04218919592740483,0.8285211400405741,-1.386627951320233,-0.9376400091714397,-0.7755322818395111,0.40901093124823074,0.926022476490465,-0.2902669358775084,-0.6232902915839499,-0.2673713292435908,1.0750632279867058,0.7146086654276148,-0.5559575323240664,-0.5477121400918825,0.44067842985036365,-0.48180118244433157,-0.7159940963029842,-0.4253121635279597,1.4700741715813177,-0.2655134017367151,-1.9357975151927798,1.2731205002248362,0.3282883625619842,0.812727249593503,-0.04945470920756412,-0.8175929110384412,0.15197838629069554,-0.5181028476959036,0.8787153851387255,-0.05689591332862509,-0.12297193762514899,-0.19486678883116482,2.004536789048248,0.316295171136174,1.1872106736311636,-0.21672424393855316,-0.4053169363287539,0.28211792939268143,-0.45404413619052036,0.47994376381373816,1.6506421435405065,0.8393046128517584,0.7986680627131437,-0.5103187392574977,0.1589109620101592,-0.09293789990889283,-1.7483391693448387,-0.050095069265314596,0.5206981497455597,-0.39244012519723664,0.9535744066368899,1.1155613957281627,-0.6799595346514057,0.23859039545165855,-1.5261894381696801,0.2681963096429897,-0.25027366549131547,-0.4541640955881474,-1.7332661663039222,-1.308686729813319,-1.23897402730675,0.2977257676790772,-1.7697717968402629,0.3921732797081414,0.800636968140309,0.8850188697473313,2.026606429840902,1.7828613348807192,-0.8342328092498951,-0.2652154759523653,0.16786527267653872,0.12454151951054127,0.438800917683451,-1.1624859689792333,-0.5280571979916209,2.5664009891108894,1.050301971713056,0.9981502851436173,0.8820162410693438,-0.6270236078065761,1.169417474818101,0.09474150390890432,1.4424305794168533,1.8231690766957922,-0.10103117606970664,-0.11009889080150315,-0.014508730470288837,-0.7415758156170762,-1.1186561284591119,-0.8898285651497365,-0.4558452714041702,0.018982708912607227,0.6651352139607718
-1.3046031469419848,2.0863958481591443,0.30191330296639407,-0.9994766002416418,0.36759351516457117,-0.5213879880832343,-0.38321185290242965,0.25432597714889504,0.462113021467214,0.5389165259619113,1.3424511485141095,0.7339705314389006,-0.3259542004620497,-1.143502530786229,0.3101332443019186,1.3434455074693963,-0.5907524846964693,-1.2825683334717062,0.11678112712084039,-0.7054443524080071,-0.044898433736760945,-0.39402513641024234,-0.816146478403895,-1.5487655339501045,-0.7300257981580801,-1.1747235783411973,-1.2059038721772204,2.0748421822913055,0.26521982270630795,-0.28255757518685276,-0.7228192509609372,0.5286822635524571,0.2777045088093436,0.8454386395600149,1.0155286645849755,0.1333837352071277,1.3956856421287263,-0.889789546261594,0.4522713509886198,-0.1865729368790554,0.18889370170660386,-0.5547716141449326,-0.1302727187933605,-0.5198165107692524,1.585066961117193,-1.1467918390717973,0.9373873901812881,0.9129654950481719,-0.1323232444660737,-0.26234278822132673,1.21949837130496,0.6531410610108653,0.3772965400862154,-0.947212890532392,-2.168164745618381,1.1683134018974723,-2.0049382286305892,-0.5422431039806757,-0.21505091525455933,-2.120322761963016,1.6073289726062367,1.0433010446100457,-1.4212876003292592,-1.2100263573447918,-1.2263396669982618,-0.7554476205577374,-1.443062730542184,1.5034839254768007,-1.769214718982997,-0.8855318225406926,-0.19667954736108867,-0.7105989389115301,-0.17932213886357384,-0.8049674467843192,-0.4648776488099701,-0.3524696103198562,-2.3349516088955373,-1.4132200831650144,-0.7457964642612028,1.0807551184708755,-0.2008250492806949,-0.1304110078189556,-0.14342339586368366,-0.4672800253175005,0.0015301963226491688,-0.009293920288989718,-0.6867000888562946,-2.02085410490365,-0.07665587443094742,-0.8518981918279978,-1.3956051146529325,-0.9432245287589893,-0.9144407159422696,0.2099431186537607
2.9606592312046325,-3.069848552405834,-2.7284055878071083,0.18767646502386648,-1.0663633686457077,-0.19601442585138096,0.9131427931468541,-1.309837468660935,1.6011413528846599,0.15069278911902784,1.6328295563911368,-0.7477635692091077,-1.047667255592628,1.618067119576495,-1.9008591536174184,-0.8489615567056641,3.3088294726934353,3.843214624641319,2.2198866878846815,0.6469113337189879,1.0029727501364967,-0.19372123444894568,0.6817649793080018,-0.7393995817723023,-0.22863650094621066,0.4958622153206277,-0.02437902405064816,-1.6473325172419298,0.12223772037174485,-2.3919666571527776,-1.2342894956291168,-3.0096513066390047,-0.9137425553677565,-1.999764268613704,-1.5093371919517413,-1.7732442647446671,-1.4419057753159317,0.38290839939265797,-0.11636086242959764,1.2720288841001473,-2.0813436951703466,0.5557501070865888,-0.5368332207556819,0.8613838666717372,-0.35375293052475487,0.47182659321887327,-0.11927294952410195,-0.969908328455322,-0.11757230759153904,1.2347502736648668,-1.635782407831024,0.8164949326064933,0.9944815282669994,0.5680537701914228,0.8846657708614951,-0.20336436315343268,-0.19237435818579265,-0.16292876637524087,-0.1290274042760072,-2.174124700693892,0.21174197255090785,-0.14696003612022246,0.18651753135732968,-2.1278176517552594,-1.6259431285716441,-0.9748151753143506,0.052235638409492635,-0.6148743787482668,-2.2658562746166884,-2.272869930378784,-1.3448730678669834,-1.4797467070775088,-0.7476568544116629,1.2113016749629852,3.4830331767840006,0.15820547102226856,1.562151637644683,0.5824646411847226,0.6680927909789913,0.6467837683364674,0.5697863482623784,0.7085154997907147,-0.28805046005836227,2.1006226133469346,1.0967894913441543,-0.5494234073046174,-0.6605552968172657,0.23950072625961658,0.31023478726472925,-0.27284609204759414,0.8530167872732315,0.2541948747627791,0.7468773265912433,-1.166004467466974
-1.9091060524741272,1.1817811355139731,0.19031285012834315,-0.6284002548012286,-1.0523984599744167,-0.3360827666219548,-2.9115903606457887,1.3104965041203966,-0.33469725503201797,-0.4788462149909705,0.785424862768309,1.4788441608304577,0.5216541119446545,-0.613399959360339,-0.5685471925566684,2.2995130318621726,-0.5386549376930305,-0.17265046665740302,0.12153367696695774,1.7052971188773705,0.40685610589359883,-0.6912480715102013,1.1596449592235927,3.2875950563668734,0.706928810892715,1.5234179430808625,-1.304565765846387,1.5458059472449008,0.920014820975393,1.3422036419537353,1.611335310159873,0.03453221522889427,1.2969128962123577,1.0516488264429282,-1.25592880209267,0.574276588882651,0.8054340134251787,-1.1175236990728301,-0.46769421539441103,-0.4803854801198267,1.1292559768110466,0.12184284357848596,-0.06040744347239496,-0.3618916113135708,-0.17906984817013946,-0.43369583561720926,1.0254348548569518,-0.4709037684374016,0.023962819289383264,-2.560837772624623,-0.6408950840944769,-0.22542986402010012,-2.3599044216684053,0.4105709467572862,-0.4543843920657237,-1.9401716884941367,2.3883366475013963,0.46291048269952767,-1.1646794332198613,1.2970702064373931,-1.0803232453651563,-0.16008682912128414,-0.8901333708125166,1.362242839797841,2.0590013484378433,1.3670539852326118,1.5218530562413954,2.2378889488570612,1.2832322445147288,0.6376510837947734,-0.7134082599255064,2.237401550592234,-0.9820387049581915,-1.06421595005975,-0.6241822369510237,0.41624350192348436,0.19472601071701703,-0.4594851653211533,0.22116317120587556,-0.8849574708793112,-0.9685433040240459,0.054121849235168926,-0.7037631700479794,1.0994245810381862,0.7076115608272047,-1.3802318027040366,0.11275369614316433,0.1366081928400354,0.515654802522007,0.2878860546545905,-0.6237504978655455,-1.0296342753163874,1.0809273173036724,1.0537824980096606
0.053514471167785,0.3560722681429891,0.9013993314456561,0.9599198100759472,-0.4283993244570816,1.2563786863623025,0.6851555184561553,1.9619910729511398,0.3370447508246652,0.36938027609562124,1.5611549433743497,1.396696024532166,-0.3525301357454797,-0.5398086407076277,0.7776332837266452,1.743756078905231,0.01983786804851165,2.839901693215207,-0.034240711764557896,1.10399492768781,1.081559353642796,0.29154601788916923,0.29498018946030513,2.985039976505885,0.6448202354830662,0.8283342925782713,-0.06330370833282711,0.6220882557096593,-0.4642261181932766,-0.02246593611490039,-0.3463408488310448,1.20477653590924,-0.5583610183279354,-0.2103424459551418,-0.885401650039675,1.2735060641653055,1.2160511612035372,1.2457350955100714,0.7613525738873075,0.2609390619901687,-0.06309864244794133,0.437163844720216,0.12448769620286254,-1.0147715369922277,-2.112699936809622,-0.7333706198418481,0.49220685722488006,-1.2669350633722223,1.1450512078575725,0.05737373080051682,-1.4916746875697475,0.15084477809638608,0.15360731923801024,3.1037606229403303,0.457283787286153,0.11553033295961196,-2.0860661981913715,0.09849733774682096,-0.1536793968490816,-1.3153866616454177,-0.0286149005087781,-0.5974395730588399,-1.7364385850467579,-0.08945055724865114,-0.156559977523263,-0.1879542881511609,-0.33651058053052174,1.364627446253524,1.890005453244822,1.1055582128297345,1.2459259849996005,0.2928099368379724,-1.855719822976094,0.5089253279986918,-0.4589708039618908,-0.2419153751706125,0.33070835955799205,-0.6678232641386599,1.004493691715615,-0.6198393261295967,-1.6924877334229667,-0.6791310654723638,0.8399274803531316,0.556976225598969,0.6389938015294795,-0.11097365315652147,-1.4376642099163157,1.2511538716989328,-0.2866065705974556,-0.8088902937999425,-0.24708705788354174,-0.4179745256781737,2.169874245970317,0.5636301031899474
-1.1461082786843886,0.8090907133735447,0.2051680736229441,-0.2577845496967157,-0.6493024394038482,-0.4277363163866704,-0.6644406672102565,0.49355461811620965,0.2913081165224388,0.43024273175479455,0.663956548443874,0.32328920022532565,1.505311029654092,1.9057102773506185,-0.2563074581912989,-2.0272333024125295,-0.3578173306888052,-0.5985705648474551,0.5857711712077609,0.9534943991841187,-0.1673145707318323,-1.0302200492675682,-0.35443635599412804,3.452940262778797,0.6605896465093638,1.4977203107930768,-0.49445737638110127,3.361649519873765,2.3172263171669236,-0.5696282414667397,-0.6315028809127505,0.8847698439730687,0.05582584422147102,0.24370262547110177,-0.26131776737186546,2.131756599542288,-0.19727104383149108,0.0512186380592895,-0.09055696698619879,0.7257744207745137,-0.3891049142051412,0.6420611854479482,-0.800888273052111,0.6498421827915682,0.1987381340972575,0.3095317777228307,2.387841915188366,-0.06230196278118441,-1.2767595326843348,0.7453146644582941,-0.1759331082545897,-0.10795314789310276,1.0147044767279694,1.2718663932018182,-0.9122474510155678,-1.0199913925245108,-0.2533423753889721,0.7974838852810507,-1.7936337599257062,0.9647742048604682,0.5298370236613054,-0.29167970233278,-1.7653465933414496,-0.12474846888435831,0.41097152938628884,-0.5904555540096095,-0.07744554521797098,0.9713115105496365,1.5944420039578584,-0.1841874874323196,-1.2332650107781797,0.9232340061046156,0.5024096448186329,-0.23767059407060837,0.6089654811468413,0.07050976990190805,-0.7441228565690851,-0.3214081483280956,0.3896353683666917,-0.4939878370953846,-0.8267049681967947,0.13187003045821694,-0.33500501449517817,-0.9644039355702426,1.3352705533398344,-0.8801447260472557,-1.218757495674372,0.9735882662102685,-0.24180391017935207,-0.6011978681071082,1.2324386763836483,-1.4588005530589445,1.3191442744334991,0.35303255236034364
2.7555112061338565,-1.6807191411175133,-0.15088657100956038,1.1970290428477992,-1.001895732586307,0.4463355312694903,-0.17452720935231875,-1.0987330657205663,-1.2161442220372145,-0.513364238515051,-1.2428142939356124,-1.7894735176225132,0.8158708167916933,1.347473713071817,-1.5281730238504392,-1.8558432048190001,1.4163258735883917,1.7897816738339847,0.648100655812093,-0.33949322521610814,-1.1239367068467332,-0.7924527710793056,0.018546573042790504,-0.7051651849347821,-0.25744928964824165,0.49486264887828363,-2.056980508142251,-2.0842717721736617,-3.173503761391826,-0.9850878541813826,-2.203456121437844,-1.319707756397848,-1.2686673881704948,-1.8601625487209172,-1.0640076720343226,-0.12421543964522488,-0.5066626255990397,1.416735780255224,-1.5481592242836875,0.7778397815008572,-3.0335126875305938,-0.5814093926442998,0.2824776089584282,-1.030017832937921,1.1379688080557926,-0.07301433344782532,-0.7307088496831848,-1.6639616184760582,-1.2911834392395127,-0.1464181149113563,-1.475219449938668,-2.2424045603185236,-0.09454524711274134,-1.94649366050931,-0.7777599294527433,-0.6020557391402991,-1.535253586349404,2.270414719815456,0.4510023807781517,-0.5790565561588102,0.9758281913459448,-0.7067080022980138,-0.05896091283373228,0.718333639001521,-0.44308237975956405,-1.3601571449833354,-0.772163676749785,0.055200732148856124,-0.14087589237258324,-1.5410265316918588,0.7455455804949165,-1.092045980442638,-0.4242111383920445,0.3755700146422205,-0.0417996600260933,-0.007576857030768339,1.0110193414388453,0.4131511139774563,0.9985542165795909,-0.5706999489939442,-0.43070108726559514,0.8782843475640981,-2.784078694296653,1.0816114774942724,1.393350145917557,-3.086914874038511,-1.6906613100119325,-2.231583436567418,-0.5489336112558654,0.3746162206917423,0.01613885372230317,-0.11594883635899333,0.19876361494739064,0.6601153574400672
0.1364598332881906,-1.0786544008746097,-0.1669762028231026,-0.6282891208522949,-1.8628452606358543,3.343373212376177,2.7822218028718,1.8030384045965269,-1.7737052213555664,1.2571639331802311,1.3286303842081877,0.8069421249172478,0.13877477355501155,0.19005241906253822,0.4777604267760076,-1.318767495383244,0.8114186090275257,0.45599323662159813,3.2335217243386793,-0.046964327783145465,1.1916315820190504,0.2428649337056097,-0.8925834685191427,0.8779503346540045,1.613699666314576,-1.3724977604480297,-0.3514654608963278,-1.0359822691116154,-0.831638735230837,-0.811508607609247,0.9210050765118639,-2.0340789853545127,-1.7298831585006706,-0.5790795409561048,-2.717860456863698,-1.3909425948486696,0.46809196129618336,-1.4793386896960137,-0.03233306830374966,2.277002395632611,-1.510959915341114,0.8809353527065892,-0.2663043189167823,0.6163079388317223,2.17013197753001,2.870186475191888,1.0274348033943053,1.032764815268225,-1.4382260270555962,0.5387266893220591,1.3039942208477766,-0.27098185416487935,1.5784036172913165,-1.034165025781617,-0.20409101413548036,-1.4188722654271637,-2.4166045921633668,-1.743313725645612,-0.6854746194199824,-0.13678677019841867,0.8983927405132157,-0.02542079478311468,-2.7706886820197822,-2.461940932980303,-0.14177399845115365,1.0617833432214723,-0.24119684616501563,-0.6703564750564786,1.557838806374138,-0.11264421937490643,-1.3366045092859766,-1.68295683381726,-2.209103900256033,1.1374802569825406,2.9341648915530305,-0.14822632502146327,0.1025276218245177,0.5923795211360039,0.70844694292833,-0.5174132014528371,-0.6265579271075792,-0.35074842461433187,0.5147110285005305,1.097347157223745,1.6253658608672121,0.38392300737776364,1.6521574925232905,1.5610419012618362,-0.07854056623890183,0.17264963174055575,2.328519347541242,2.6195775177791965,0.5204965450190153,0.5166360374564954
-0.8414769289222834,0.3549027296970172,0.2949969176219088,1.2510485642035414,-0.6675294001752539,1.4925229442267711,0.717172242427362,1.426185000846474,-0.7788754394821226,-0.48139157583676295,0.0710008439323283,-0.13298395548026376,-1.2318480356178159,-0.9539639987481179,0.002969897192469611,-0.9211486616103218,0.07769937533635901,-0.06639149987580731,2.6661638498217446,-0.2651241963600983,1.4580015547770064,0.5552522085871535,0.19998040880361212,0.9272651796444137,-0.4039241864148708,-0.3645407750956074,0.8335338349718365,-0.42300448271365254,0.7594150987352125,-0.5900847634843266,-1.9769192806090825,-0.08360072085439585,-1.017641115139185,0.7309171214279631,-0.6179030656047255,1.2271441638671325,0.9916925956260526,0.806820002243403,1.2779223443816035,2.4364080887836232,1.2848504788936124,0.077352707000241,-0.18624145125339914,3.0689772468264205,-0.5277254277036189,0.8254069335894328,-2.0156507508717305,0.5146914291604195,1.5316440720656959,2.8544011860963185,-0.37481731905184046,-1.6853312607021762,1.195963848685699,-1.0913906081621547,1.5528558803960184,-3.976560015755365,-1.8040292999408594,-1.8912793838741506,0.31020656050523343,-2.2935803938975114,2.549634138798456,-0.43794027692434434,-1.6963243791225415,-3.4164423914442454,0.29120633199284907,-1.4412287272128954,-0.06564634216397969,1.9042248593176172,1.6488387261661175,0.8630494396163095,-1.5872254669385528,0.40650381649154727,-0.8134212736466456,0.603033550543858,1.3148636178064437,-1.0604654031039185,-0.7235029505691535,0.19396584450404947,0.1006849173150105,-0.45300037736586257,-0.3023779044057804,-0.5072953663773332,1.1427333723899706,0.8002215953069748,0.846691176125923,-0.30434714698201615,-1.2453121983571003,4.474385179353106,0.24975406614410975,-1.6569716791304483,1.1203351125778886,-0.7223228986767978,-0.492219975505232,1.7491733289903664
-0.5087396317433078,0.3264341882972608,-0.7014807537564609,-0.5996519570494621,-0.9103627104053668,-0.9468105686123307,-1.19509994751472,-1.2518713048048047,-1.8941597881532075,0.05982175208737983,-5.575590870425014,-1.3055952236245119,-4.110544341480978,0.0844662294773282,0.235591146903976,-1.4479771542046684,-0.907122564161635,0.14543518805201616,-1.1095118843251184,2.0159374247267645,0.532899681535383,-1.825251884237847,-0.609895943726806,0.5384339716867625,0.24191145315930604,1.2018083918774018,-2.328779591079745,0.44949823455290894,-1.8435599573838397,-0.809806099895569,-0.3753982719381252,-1.635690374170367,-0.8828457483393689,-0.874202481877313,-0.2561153314818066,-1.4200468258788226,-1.5512265329328887,-0.7471541492229459,-1.5846833518686723,0.23673313735576318,-1.2218629436306445,-1.0242782309744056,1.2373305388921507,-2.056811270801789,-2.0591126234893142,-2.6060238756007927,-3.4430630582781805,-1.8691872176712938,1.1712107472880802,0.7439790460664021,-0.7286502673142101,-0.5712438680306916,0.9895725101871222,0.23471252698827016,-0.44448096380525004,-0.4228345547454585,1.1426218742113627,-1.1982124665859468,-1.0014752061941443,0.8447758059564543,-0.4501666343673668,0.9044681405254176,0.7863365240304584,-0.4259890004097432,0.38981894895115193,-0.9688163168182635,-2.759066273970663,-1.0880855166281063,-0.8577291415338753,1.3062716589626597,0.07362315245551648,-0.4491803504297299,0.2950348222663693,-0.8837256488372582,-1.632078871371662,0.4183086324656667,-0.023946736151109538,0.38916388931350476,-1.284950577974198,-0.8060835000032014,-0.5754401545049668,-1.0679396132151056,-2.8269609054618927,0.021395081215545644,-2.0481385195179267,-1.7899036055388735,0.6039427931551982,-1.1308593826964228,-0.2658396607154267,-2.0561904865923513,-1.2670326434998374,-1.135458723450888,1.8637338789134943,0.711295424619523
0.7483110570633911,-0.7463699035635729,-0.1841761351624959,1.479145861048286,0.08689256064446038,-0.08697689808183162,1.11843405393311,-0.8673705149370772,-0.04829130365720058,0.4999441986369588,0.8535813132577554,-0.2867827405983414,0.5202799699838606,1.3882492135804987,1.2373050514392117,-0.3775539294613598,0.08029528119969775,2.241596044337432,1.2186924134824326,0.6945008755284489,0.27450927130379477,0.43220967391237985,0.06690453794050266,-0.6455128124648228,0.27420528410112743,0.04413085966101793,1.7935566926635997,-0.8749424740512262,-0.7660713018259576,-0.7091758229621903,-0.5892404108626468,-0.2582899222781977,-0.3302240626963297,0.8027715090819142,0.23520696103054572,0.5829443322774382,0.8601995997210299,2.510263791815948,1.5230183610146597,1.5081195621892487,-0.21044299036972514,1.307024231375584,0.2491857008989069,1.0739293200819198,0.15798585063000092,-0.09560226300301677,0.13940525780718777,0.527128209982263,0.6540917623884498,0.5697271610273003,-0.9995290204197853,0.5616744336256532,0.5807925030661039,-0.23171403047709438,0.4509917662390419,-1.2858893904779436,-3.5316556085855306,-2.1993431187724917,-0.3464331333297511,-0.4971698997204854,1.1628804912226824,-1.3496919798909974,-2.432271914122917,-0.8742661153390628,1.3966534190443722,1.2008267964534856,0.77489212959014,1.0255823540713374,1.5619723504844483,0.5817430387991823,-0.25061297073979705,-0.5312193570171733,-0.7650492717900002,-0.17433265313334034,0.6968451318195654,-0.8579497776645587,-0.7648776789454647,-0.5739730184591485,1.1030576290505179,-1.1529903994703419,-1.4712256778444814,0.08636608740695664,1.7836416897440412,-0.0444133282647209,0.4285993499804913,0.0695662428347894,-1.7710728089902943,0.757241423222258,-0.6338100962290583,-1.6008151328004314,1.2470146630668357,0.06342244788114024,-0.8600535984036478,0.7254872759192273
-1.442599977584606,2.3178873020464543,-0.5661442665980548,-0.7072763274037084,0.39883354643915203,-1.2452881723005125,-1.1942379723887784,-0.16706633469369925,-0.4509340843013684,-0.5324307327481114,1.0974726582566905,-0.2487587274458805,0.9785071400716528,-1.480051610375886,0.1412492436564582,0.9163610584749852,0.014894854361354293,-0.7690539016141382,-0.6711682979058303,-1.567159856757124,-1.0472759229625745,0.6836746199773296,0.02075878610970261,-1.5096224706569212,-0.810110419435929,-0.24224904838797495,-0.058486119597996766,0.1080775468908714,2.017263753550915,-1.7385967777666014,1.459730736248757,0.14694403435464337,1.130150612595741,0.8449599834030979,0.6158263128556015,1.0114805082270188,-0.56925754164821,-0.12175280870195809,1.72457411587899,-0.483063654326861,1.3706322941951152,-1.1029326082729256,-0.545975855848995,-0.17164181859119287,0.09198871164523022,0.7732224823458114,-0.6916296997054592,-1.1383632980346694,1.3665933729586106,-0.07936332668314727,1.2379888639499788,0.6658675722663038,-0.7798600228619349,0.4150351727316286,-1.2654737245537393,0.024158896527632923,1.2838067654037226,-1.597171990623764,-0.11822369393439236,-0.6828526930491782,-0.40959932807190613,-0.30683879700568495,-0.7800955502693733,-0.34969003873969057,-0.6921529959942884,-0.6771994677311204,-1.4290233486291597,0.9209387374854244,-1.0981537733472115,0.2583627229683957,0.18380110402651523,-0.2978369316630741,0.9589379871540957,0.012350974514837798,-1.2101666084688152,-1.404939168487776,0.2871363182173384,1.2576990195151616,0.09860705612143383,-0.3718239592013937,0.4672254514221324,-0.43370160803319285,0.549818249175623,-1.577634789308901,-0.6121230655467309,0.2993540740463239,-0.7428036677453613,-1.1275299200867799,0.3535027220374102,-1.195752678695917,-0.6805856600979924,-0.539630010095182,-0.1649009247607603,-0.7369209038960026
-1.121596884217414,0.7976204832939611,-0.3557730713439147,1.5873541387910732,-0.7579714714450521,0.9551650885919438,-0.11587861798063104,1.2396107052000658,-0.2847354219244593,2.3863168645315005,-1.1561359988658002,0.6444147456891947,-1.9658141983285304,-0.3830891924529608,-0.7308660588753779,-0.953181276698599,0.35162304046381393,-0.3492154531267614,0.7074678565196998,0.9868298125120206,1.2629486458549388,0.22053459346485826,1.2892648810510396,1.4704996877549188,0.5708620986360056,1.5848681375273674,0.6570122075464526,3.0830663545853456,0.9961551481758459,-0.5782009457273366,0.8704762814139664,0.8570668166867735,0.4126648468844143,0.22342431367110083,0.7724476441724257,0.04479017282657727,-0.543975620207231,0.2609201626228475,2.2504408893772463,0.5902386258846927,1.5321265478558115,1.8749316524994377,0.8264040716306271,3.9617948463801937,-1.2094296924403996,-1.6473245497220037,-0.3575581344485783,-0.009263811489890028,-0.21586912054929874,3.334086889709432,-1.1814210099684808,0.4629154747294881,-1.337043502992115,2.2359819517281325,2.054435689491088,-1.1340844872862788,0.25436034549442677,-3.0804581166907985,-0.754464168675537,-1.0887328560958667,0.2754220432272094,0.7667957711443532,-0.7594452293911897,0.4361057736984698,-0.2845773422125074,-1.9979939487243223,-1.6724991499999768,-1.1154831458661498,-1.1752246779088567,-0.9266961176599384,0.19630239532100516,0.21225585962077825,0.07425210560658399,-0.6273853021931992,-0.37839935609753184,0.24307490435176207,0.30149471839485176,1.5614696118468159,1.5821567288991802,0.41035797789797973,-0.6737927935443468,-0.3767510282130729,0.47722523257797433,0.8025502148227501,-0.038072848229456724,-0.5780590872844266,-0.8169106025878147,-0.16833137096388073,-0.4445836984271634,0.03363309606946904,-0.006661772825388379,-0.8937391236382609,2.8848358634289752,1.256884675205352
0.6336809679738544,-1.747485392929959,0.4430554651373513,-0.0029150118216856313,1.078001726376733,-0.41002158283806667,-0.11658256016060431,-2.085398866336271,0.5086377498263328,1.1520692032138509,0.3486085465293901,0.1743441550570881,-0.47008652541213447,0.4906093295989298,-0.5978068083237634,-1.6173284041644744,0.7535706988948074,-0.09214142959503413,-0.3335248500697019,-0.43453947338000676,-0.10690074846438186,1.6735160550075334,-0.9639752164591137,-2.999048940975146,-0.3364976518660635,-0.25556653667522056,-0.2867306467156088,-2.993708984697528,-1.592405633991263,-0.8002630661933191,-0.7110667668485905,-1.9357119722850789,-0.536857768809205,-1.5960036956993187,1.1128233485776502,-0.2980224989476903,1.0626061220210978,0.788530035921043,1.9798536679010366,0.9045370333042385,-0.9686722701062317,-0.783913733667809,0.40209009342694485,-0.08240766057630078,1.1425821580540982,-0.7012244514346434,-0.6579884661802682,-0.9145230483252971,0.8632973857537208,0.5760109665622162,1.004338602003993,1.267855362730429,0.85843775855391,-1.9752620148721962,0.5512382261867729,-0.2180421147547632,-0.21688204235243513,-1.2555741355117778,0.5967847578510845,0.836915941332546,0.7779641038637909,-1.8267121859235524,0.8095537343032064,-1.245719916199255,-1.031596614723579,0.7460729298370687,-2.0378622248231117,0.2717284148000949,-1.1543487196482434,-0.7138760901649124,0.29456984402801206,-1.5476468388809024,1.6251559507598812,1.9720500700300156,0.8922273257082489,-0.9858981512335275,0.2054505645201565,1.8909745477347897,0.7051942608266467,0.1367813084589314,0.8893742630615484,-0.5435813467259694,-0.6694501381855809,-0.14778959016931872,1.193436173273687,-0.5730235512458244,1.216355223629656,-0.2533994525602927,0.8539569343953775,-0.002925145118644723,-0.447405824991623,0.7683045288784389,0.16933169611181154,-0.5253781001361827
-0.9933706409522624,-0.22316369611587628,-0.3355407400040132,-0.1489704450571454,0.8963450997636331,0.39582848461547115,-3.0273011992397167,-0.9195230562661088,0.39081176652867533,0.11816078985794642,-2.306944190158003,0.54571397112367,-1.5721126266225305,-0.395646035120116,-0.7012104720972855,2.8037940177406,-1.629486763968717,-0.12792336157414064,-1.4962245480592593,-0.3502124084195146,-2.66183731945173,-0.4640861520547963,-1.5302744806413506,-3.013335922415298,-1.997626436888837,-0.32919816088675125,-0.15177758530258667,-1.7430845708551093,0.5141116653253245,-0.21121660353946034,-1.63652079639367,-0.10434192172205586,-0.9169153444958591,1.62733600552441,-0.055757016899722345,-0.8788948523450892,-2.5224243359376324,1.1631211621114623,0.11873456185323239,0.11227617899666958,1.348935967732745,-0.9643906217572303,-2.055888892023654,-0.7350455331845004,0.6026865653215625,-0.9837244706802547,-0.6549976480358748,-0.4628607771502026,0.3159111913927564,-1.4136859078168629,0.3113030676773468,-1.735039257278937,-0.036292806175494075,-3.4071062952353364,-0.7543224902973358,-0.006059309312031358,3.1807909305850233,-0.20907316071626075,2.182202837041686,2.2220680055472033,-1.9355330803675626,1.1245281095368342,0.17346369322270433,2.9828440220600543,-0.3474343096849558,0.5675205073227026,1.0305228987695065,-1.897830117707422,0.2085851503996406,1.022347049597163,0.6357944347048902,1.4064917112127038,0.2936289083862736,-1.605753179182419,-5.114168093563576,0.24869906469442915,0.011365138782825877,-1.275206808391347,-2.886190496967718,-1.7305842894047898,0.4593732210695996,-0.3217685932555509,-0.055450648226469834,1.0194032067115582,-2.0114371247883516,1.7153779900045878,-0.10633197204790204,-0.7633122947414813,-0.5529778254777797,-0.8856177880027236,-0.5057113707662884,-1.3899557167212986,-0.5081642462059425,-1.1847235374092924
0.3337672174760052,-0.3981879961502871,-0.16612367930758667,-0.6364574214697556,-0.42618372990273967,-0.5538616288516838,-2.161503049392636,-0.893975024641373,1.4766207823027186,0.3832353760483145,0.5991732569238212,-0.6526667183211955,-0.7363501268632657,1.9722798682176614,0.26856762128255834,1.3071091649564925,-0.029753662729972707,0.8807431275917179,0.2753874744332112,1.621584507325327,-0.6128290447262714,-0.7954126371680194,0.7758033082519904,0.2537910050112423,0.14851195836087744,0.672124359299046,0.8588782626841802,1.5160788300114798,0.6299266083240673,0.19843370352715203,0.8006007704825613,-0.965364848407402,0.30087163861498817,0.6327396366539516,0.7639119736081501,-0.74948958487069,1.3556525544997726,-0.04238353305445164,1.356217009418256,-0.5774019538122386,-1.2111888789371053,0.6154803023969759,-0.5200589525381277,1.770737964340554,-1.4491437873033712,0.4413887336198319,-1.3042421869776586,-0.673726914251826,0.30782168310952035,-1.117230323909186,-0.9114600137333847,-0.06334559810654045,-0.7468795883588389,-0.3560724166766241,-0.6262681517957716,0.3049339481322695,-1.4713924010260924,0.8556852515812078,0.4355825019923935,0.7185241568059478,-0.20087328774903712,0.6738982359558076,-1.1658483612193957,0.09934270974147602,0.8689918233571422,-0.24859032197441822,0.3414969762677192,0.6020894272440978,1.2041202008987473,0.20672399251213824,-1.0461797514821716,-0.4743225015485477,0.08256278759395033,0.6487051148494073,-0.6231296800203625,-1.9633238088978051,-0.19577143805994787,-1.0389754280326233,-0.4747217594417207,1.5151362428855943,-0.8012380398234927,-0.37116376113318117,0.6077933693396488,0.5274667839033663,0.7714265516606523,-0.35807345236650906,-0.21160325408761654,0.4716889165994208,0.12894831042752,-1.0679053953949507,-1.2201552044050703,0.1800877902428787,1.05296950778732,-1.0571418301574462
-1.566311959241626,1.523402123943507,0.30978772177617164,-1.10279920485615,0.013303612242545448,1.2098961869699771,-0.7867975386750361,0.7682526901477464,0.13916597610007092,-0.5572349566218654,-1.2290956980582897,-0.8007605850177091,-0.43871512648385436,-0.5207280481253261,1.0664639294569296,1.9862911817472706,-0.44675042102406987,-0.591347304755856,-1.9978398941914586,1.3355649239904417,-1.2981671578363254,-0.01087200024026247,-0.2412947534616683,0.6437028841696553,-0.28963273960315,0.26032918338558253,-0.10896055982904909,0.8446648714876963,0.4639445084435955,-0.3786487571927567,1.8507861233462775,1.798309625633892,1.1720694990651628,0.03062616812262208,-0.7471977066333539,0.4577247909873526,-0.8423909306418917,-0.1533512983398143,0.1289049261395695,-2.5717469164803353,-0.8880094582154447,1.0768953583974794,-0.8166511973904044,-0.3262266317482285,-0.6748276485046026,-2.1090224877253307,-1.1747045509442278,0.08586287957749392,0.0436696191091934,-0.7001600378848266,0.49342764088248026,0.2495562423969468,-0.38431640313876425,1.4077941425239107,-0.16177293143372434,0.4542326392516551,-1.0925374340443998,0.5210697675354746,0.23956435624645872,-0.578819018673564,-0.8021700584014678,0.31983575386586355,-0.23189983890187993,-0.4087868160226644,-0.5046884720281983,-0.4721434809552419,0.7156820331191392,0.9574137508013716,1.8680476407572078,0.935175584120598,-1.129438725160863,0.24168037796160127,-0.5130304761339373,-0.17826315192907266,-1.6728448223225931,-1.9634909459631003,0.46861304904868895,-0.10461379680306171,-0.738983516126462,0.5218116086156385,0.3631378147129069,-0.06715973057041519,0.5364265877634071,0.5833779102214889,-0.7281194183022782,1.2904565830841441,-0.873694223715227,-0.42889451147172486,-0.6545869428792462,-1.8432215313528801,-0.626437729410669,-0.95639081081398,0.8913993051065243,-1.591820030315373
0.2396090351086469,-1.4512004396469549,-0.568016109199283,0.05675318861546186,0.5019967271682533,-1.6859605479320279,0.25894040439814014,0.07849868019343531,0.8453452770539726,0.7575210803674353,0.7194855704093499,-1.2472504026367366,-0.2933886086098999,0.5994504845954791,0.3791646472967441,0.796864550397783,0.17329873157395564,0.3009264907517789,-0.4823018150879329,0.36888572474896664,-0.8319904726914034,0.019321281752496283,0.1062552534433411,0.6747813650925323,0.7108332464969971,0.13010604776755988,0.12921931952402776,-2.6786203361803596,-0.6061379339563459,-0.19715311224628373,-0.34621994402021333,0.49044265956792465,0.5115305226465119,-1.154885094681922,-0.4694898622725081,1.8160808946845028,-0.7335091165519709,1.4392080012786503,-0.8839454115650647,0.4399844487032137,-0.265517510833719,-0.5309562088218559,-0.5098522776853356,0.38650174889159633,-0.18585633059543608,-0.48094770057910885,-1.770840609588295,-1.3821437639412761,0.45118517788459606,-1.5567593745039707,0.19799099975982604,0.6190481160821574,0.1121930659244863,-0.6292529955560653,-1.0497986066944833,0.2510617528983704,-0.14967336924415447,2.89612409481414,0.9141803057610309,-0.6267286429023012,-0.6127677600802348,0.48131591884569636,-1.8992275682344117,-0.7648009902100232,1.6359430615728665,-1.59033664922019,-0.15790593244921303,-1.8097731474587786,-0.268276108173824,-0.09371165340165813,-0.7908375683274993,0.3681046927931664,-1.2774186087216495,1.0035566822556987,-0.7766008915297526,-0.9408068856476359,0.9430798362767394,0.1054957042747956,-0.5211934225406212,-1.329813856573383,0.49231477948759594,0.21008741273279585,-0.6167350045409923,0.6406728908508147,1.3555194625527172,-0.6306349928712744,-0.21779507925757685,0.7253279030128238,0.921745352439548,0.6695345062815043,-0.437440899451674,0.5031494251434308,-1.4127192372773418,-0.6543742383172737
-0.437798627852603,0.9495756688457752,0.0432691840460647,-0.02694948723128676,0.4148327140738168,0.549150477108277,-0.08482007445926329,-0.16238675233946787,-0.20346228289651436,0.3063606735295146,1.0671344707642816,0.6148934811803366,1.9276769531279805,-2.1669864576118667,-1.1742645330377033,0.3547491986894228,0.13242382373808098,0.11533512707162741,1.0529513206464585,-0.10707486703349316,0.3278001823485166,-0.6845163494010379,0.8691160358627075,0.8588444818279655,1.1429174635215023,0.18904792704081158,0.06967959377007638,0.36842561429837273,1.379440600255073,0.1391513203035499,0.9653758194475607,-0.14089239110771612,0.3637562979255362,0.6932660695263764,0.9564298939579237,-0.8315691213639368,1.1774146324506511,0.5249632550915877,0.9414672933900615,0.16590794796462088,0.5972471590648782,-0.6034988112172601,0.11385320261274598,0.9459576308831215,0.6094979740778433,-0.347734757237277,-1.0428556621528116,1.4411671855789563,1.5790002162169985,-0.13648256849782658,0.3311065552454134,1.5149098433658668,-2.179746956182889,0.14188844343249157,-0.5774606815157888,-0.734426716873444,-1.6275422165883084,0.13889543425727202,1.0044691414682898,-1.7918536649259473,0.17449937118999292,-1.6998796005327088,-0.9196693668686161,-0.9894153209028514,-0.27764198546750957,0.2867967559272275,0.9100068828920669,0.39711645401246787,-0.5113113745854272,0.1933946135780018,-1.3648943204578687,-1.7238884785429631,0.1649684926304072,0.5139649477338217,0.4730369051046943,1.0773452688748786,-0.8410074248591933,1.2895009175392818,1.7234437784494538,-0.010959143744268764,-1.4239556028693585,1.2383917093637014,0.9893287436441977,1.4756556220005579,1.0539961471843176,0.8780297242156776,0.37963937295870187,-1.9102733791449817,0.057272159380475356,1.082623054980072,-0.0073978711525247,0.5102257864327822,0.627745810759391,1.6612859036904652
0.7965473564956372,-0.782513840147553,-0.44248830391361166,0.309334879433493,1.1524510081109527,-0.22394991426094568,-0.7224608010097087,0.9309973294177738,-0.6636508759457356,1.709489371480898,1.855148834168162,1.1377498137542252,0.15066587931578013,2.433585304511001,-0.4657894450943295,3.158682192106787,0.6674353650794804,-0.33038616988783553,1.9738061084807628,0.6068086668836498,1.2339189266005293,0.0656585289121929,-0.19515517895047174,0.3552391837861706,0.19122095861223495,-0.5327713195668535,-1.7289518960072452,-0.7561172446714003,-0.2742159451825733,0.23157003883110608,-0.41202761208840155,0.7694011655693151,-0.025807362201550887,-0.6504674856187709,0.9313735795259183,-1.113104504304069,-1.1510183073588598,1.6476842981311672,0.18020212900291918,0.14116377301431643,-2.0988043560195218,-0.027769607579171497,0.9843933830322661,-0.9033552256480992,-0.27974835171485535,0.4121556131095836,-0.5864343212792669,0.7679773520774313,-0.4201646136809238,-0.023040298325208486,-0.734774181325714,1.7028968104020432,-1.7781207140142599,0.5777392080988552,-0.9309708515317501,0.56325199814015,-1.469794542266673,-0.3398179862995666,0.705629321042276,-1.6527212529840605,-0.832108445779722,-0.6536744582966659,-0.1085619692288512,-0.2032563297894887,-1.34148638070864,-0.7638462085926646,-0.29077043503648015,-1.1164987188181192,-1.0097480207700962,-2.23300161747855,0.296945817952453,-0.388410130586916,-0.22630207653019674,0.3932744249729323,0.7990286782444022,-0.2077228751321153,1.0168929017751664,-1.0642226552120453,1.3199906378548683,-0.3002328977148518,-0.49524695402525687,-0.06546480235925006,0.6037920956152136,-0.11677927792888129,0.009129366799628225,-1.4075233888854877,-0.6612553601050786,-1.3930144047238955,0.12597419658239237,-0.711880070998639,-1.0788858580385556,-0.2645611468567498,-0.15081519883513558,-0.655197626628022
-0.9683835977100828,1.4457237659046527,0.07374107980680543,0.07875549237096571,0.4677051283328773,0.35515206438109065,-0.5457215084172612,-0.4149787288301711,-0.560689479854383,1.3402787074271676,-1.0881078076883741,-1.2750794766001055,-1.869179026249507,-0.45666390242592453,-0.7788786467744605,1.7814513963189529,-1.96210324712219,-1.5585980879847297,0.1534033076340826,0.5255099628839631,-0.20678651536411474,-0.9287437439267411,0.47227909246007893,-0.8699503054417758,0.1280166534585342,0.5855140876550439,-1.6678387664663297,-0.851219109947693,1.530833745344985,-2.1719625778482423,0.651145328914657,0.019359670337578905,0.652423418390724,-1.0230268779009979,0.9836473877411342,0.41177062129143405,-0.9652751497749137,0.6693731140184873,0.2399921651409448,0.2916223785133285,0.23239229027147712,-1.0950019549779664,-0.07466146970763597,-0.6360128560569287,-0.363370685963237,-0.8888072127128503,-1.9126253507578044,-0.7516284759951385,0.7661837831661434,0.21653214241863017,1.6279641598759906,1.1151284918580173,0.029207054095883145,-0.9049522403657094,-0.22593375310289726,0.7465676570162132,0.40894296484993764,0.00040079108380425277,2.134068471485469,1.4234029361462903,-0.3915354675093242,-0.7905998894788928,0.06971815235669987,-0.14797353301255,0.9464915793507263,-0.6732175284913939,-0.5463797020524308,-1.560393816966481,0.6160714495765712,0.8776945171011646,0.910493333314361,-1.2032411886204721,-0.42055440880918715,0.39406183318359655,-0.3592658532502625,-0.06568522755361944,-0.5355468035417517,0.31552203438837945,-0.485056422920773,1.0303811499042546,0.3078636824096661,-0.38563169178472817,-1.7596945655488083,0.025416600702708247,0.004032076772319565,-0.609565195587356,0.3594456731007956,0.4815028760636503,-0.32868359190324414,-0.8494480480782238,-0.6189647420123867,-1.7354366738697282,-0.9490284476836199,-0.4032540157333546
-0.5882410782149261,0.20325031682511183,-0.16616140278391556,1.0466242514010884,0.724428230011188,-2.030083167326005,0.024201515220168834,-0.9994975397629758,-0.0037448643872349807,0.8091135677577317,-2.7763491774641746,-0.6583165405654302,-0.8649379937799033,-0.27758530794444436,-0.065269225384997,-0.2638474301756676,0.4914764524760955,-0.21660485559352877,-0.36643199842499474,0.4885679728960285,-0.2295181167997301,0.1477464756469206,0.04925113018843572,-1.7633669428693959,0.4401171363715131,0.6529742439342072,-0.49180608010792426,-0.5415821982033115,-0.1662769196253745,-0.49405376490109915,0.8249789754171325,1.739474214977594,-0.28886586911085277,-0.7007642046599151,1.0872186244027953,-0.7271181295947344,0.8078997875848446,0.057715809562270445,-0.6738193431802462,0.45920666053668546,-0.7028757329572977,-1.4186462484024613,-0.13698060039689036,1.1092682295645488,-1.2525882052446051,-0.4375924405388525,-0.10481446053226262,-1.3834302354628194,0.2513223346897906,2.0042006345304424,0.0047123710740765885,0.7848312911185165,-1.500057196023044,-1.143416190230464,-1.8871039570151829,-1.6778219214809453,0.33967291940730626,0.24682217524420147,-0.9952722616738452,-1.7607109853061806,0.9264084777972632,0.36488770017024724,-1.1711088988936622,-0.16104057475983585,-0.5163899419542037,-2.418698520231527,-0.8187882550024856,-1.3667724827701455,-1.9400746341515207,-1.1729283014976655,-0.25671807909917227,-0.30959033456264423,1.1414440073703283,-0.15483330125567124,-0.4002288845460954,-0.6218156107106197,-1.530630413089707,-0.9910913108544597,-0.5094902654914829,0.845441355611984,0.26167294555850673,0.5464369888804738,-1.5944043645935033,0.6120376777676817,0.7982623870781185,-1.495011387630308,-1.0243142544625825,-1.5737898140134399,0.7270255015105377,0.17065091455845638,-0.40257770141840177,0.22317552046028644,-0.2887761789410428,-0.3286039600673778
-0.565497895683117,-0.6562249004665626,0.37312998588659313,0.4102277302068614,0.7378734720596798,-2.069794922170205,-0.21301143422248914,2.084937221695855,1.3996630774078176,3.3958849553673245,-0.8565010736687309,-0.2149102079171063,-0.8677562790035747,0.3186905726996774,-0.4744957509044808,1.4407998468357026,-0.26158608639710323,-0.38921111790556473,-1.0276403348708252,-0.5877152323526699,-2.2642622786651265,-0.4330983954672789,-1.2757030466842978,-3.0974493942496237,-0.35159038804814574,-2.5424487554755224,-0.6630598705033762,2.8334118395796564,0.1857406265048176,-1.8220116012340282,-0.21161216692730067,0.30108258126446563,0.5340151706756322,-0.8945721565178628,0.804059682182924,2.2933669754271553,0.5350114136988218,0.17351109637694564,0.835760951624716,0.3299598420293075,0.7026058312537404,-0.6588819146026224,-1.9101572543593517,0.02904082589726239,0.14323919767409987,-0.7811978434511757,-0.15803325165913135,-0.5308179534087124,0.11699573458246382,-1.734531362297179,-0.9394315057943976,0.4571892482153588,-1.9759775630440166,-2.629473210994495,-1.2868157456489864,0.9328609182209302,-0.7888394260804842,0.015586788234999961,0.02311525047641788,-0.4957578864978398,-1.1865057199314304,2.2479374238149643,-1.3257384801495835,0.23421895235668663,-0.5767887703259116,-1.6502901588472167,0.19283611292975436,-1.346709541584318,-0.7392975214105368,0.16803509134809194,0.86419790343614,1.248617240678608,-0.958864315296745,-1.2574058674885342,-2.062819356859114,-0.35473059216842007,0.7860920759857856,0.5058621986681178,1.3076007055178342,0.4661962612014418,-1.1618248714746593,0.5828415654368081,2.388792614356428,0.9326213107705723,-1.0403697204921405,3.207057192962315,1.713007789508176,-1.6420171020874783,0.9754246588518396,-2.0129931722798866,-0.07564635915118956,-1.3090014907680723,0.8309878804327704,-0.4290317996933292
