Cells_AreaShape_Compactness,Cells_AreaShape_FormFactor,Cells_AreaShape_Zernike_2_2,Cells_AreaShape_Zernike_3_1,Cells_AreaShape_Zernike_4_2,Cells_Correlation_Correlation_DNA_Mito,Cells_Correlation_Correlation_DNA_RNA,Cells_Correlation_Correlation_Mito_ER,Cells_Correlation_Overlap_DNA_Mito,Cells_Correlation_Overlap_DNA_RNA,Cells_Correlation_Overlap_ER_RNA,Cells_Correlation_Overlap_Mito_RNA,Cells_Correlation_Overlap_RNA_AGP,Cells_Intensity_MassDisplacement_DNA,Cells_Intensity_MaxIntensityEdge_Mito,Cells_Neighbors_AngleBetweenNeighbors_Adjacent,Cells_RadialDistribution_MeanFrac_AGP_3of4,Cells_RadialDistribution_MeanFrac_DNA_3of4,Cells_RadialDistribution_MeanFrac_ER_3of4,Cells_RadialDistribution_RadialCV_AGP_1of4,Cells_RadialDistribution_RadialCV_AGP_3of4,Cells_RadialDistribution_RadialCV_AGP_4of4,Cells_RadialDistribution_RadialCV_DNA_1of4,Cells_RadialDistribution_RadialCV_ER_1of4,Cells_RadialDistribution_RadialCV_Mito_1of4,Cells_RadialDistribution_RadialCV_RNA_1of4,Cells_RadialDistribution_RadialCV_RNA_4of4,Cytoplasm_AreaShape_FormFactor,Cytoplasm_AreaShape_Zernike_3_1,Cytoplasm_AreaShape_Zernike_3_3,Cytoplasm_AreaShape_Zernike_4_0,Cytoplasm_AreaShape_Zernike_4_2,Cytoplasm_AreaShape_Zernike_4_4,Cytoplasm_AreaShape_Zernike_5_5,Cytoplasm_AreaShape_Zernike_6_6,Cytoplasm_AreaShape_Zernike_7_3,Cytoplasm_AreaShape_Zernike_8_2,Cytoplasm_AreaShape_Zernike_8_6,Cytoplasm_AreaShape_Zernike_8_8,Cytoplasm_AreaShape_Zernike_9_5,Cytoplasm_AreaShape_Zernike_9_9,Cytoplasm_Correlation_Correlation_Mito_AGP,Cytoplasm_Correlation_K_DNA_AGP,Cytoplasm_Correlation_K_DNA_RNA,Cytoplasm_Correlation_Overlap_DNA_AGP,Cytoplasm_Correlation_Overlap_DNA_ER,Cytoplasm_Correlation_Overlap_ER_AGP,Cytoplasm_Correlation_Overlap_Mito_AGP,Cytoplasm_Granularity_2_AGP,Cytoplasm_Intensity_IntegratedIntensityEdge_AGP,Cytoplasm_RadialDistribution_MeanFrac_RNA_4of4,Cytoplasm_RadialDistribution_RadialCV_AGP_1of4,Cytoplasm_RadialDistribution_RadialCV_DNA_2of4,Cytoplasm_RadialDistribution_RadialCV_RNA_1of4,Cytoplasm_RadialDistribution_RadialCV_RNA_4of4,Nuclei_AreaShape_Eccentricity,Nuclei_AreaShape_Zernike_1_1,Nuclei_AreaShape_Zernike_2_2,Nuclei_AreaShape_Zernike_4_2,Nuclei_AreaShape_Zernike_5_3,Nuclei_AreaShape_Zernike_6_0,Nuclei_AreaShape_Zernike_6_2,Nuclei_AreaShape_Zernike_7_1,Nuclei_AreaShape_Zernike_9_5,Nuclei_Correlation_Correlation_ER_AGP,Nuclei_Correlation_Correlation_ER_RNA,Nuclei_Correlation_Correlation_Mito_AGP,Nuclei_Correlation_Correlation_Mito_RNA,Nuclei_Correlation_Correlation_RNA_AGP,Nuclei_Correlation_K_AGP_ER,Nuclei_Correlation_Overlap_DNA_RNA,Nuclei_Correlation_Overlap_ER_AGP,Nuclei_Granularity_1_DNA,Nuclei_Granularity_2_ER,Nuclei_Granularity_3_AGP,Nuclei_Granularity_3_DNA,Nuclei_Granularity_3_Mito,Nuclei_Granularity_4_DNA,Nuclei_Granularity_5_DNA,Nuclei_Intensity_IntegratedIntensity_DNA,Nuclei_Intensity_MassDisplacement_DNA,Nuclei_Intensity_MassDisplacement_RNA,Nuclei_RadialDistribution_FracAtD_Mito_3of4,Nuclei_RadialDistribution_FracAtD_RNA_3of4,Nuclei_RadialDistribution_MeanFrac_DNA_3of4,Nuclei_RadialDistribution_MeanFrac_Mito_3of4,Nuclei_RadialDistribution_MeanFrac_RNA_3of4,Nuclei_RadialDistribution_RadialCV_AGP_3of4,Nuclei_RadialDistribution_RadialCV_DNA_1of4,Nuclei_RadialDistribution_RadialCV_DNA_4of4,Nuclei_RadialDistribution_RadialCV_ER_1of4,Nuclei_RadialDistribution_RadialCV_Mito_1of4,Nuclei_RadialDistribution_RadialCV_RNA_1of4,Nuclei_RadialDistribution_RadialCV_RNA_3of4
0.8223759364110835,-0.6145028322465272,-1.0048587964670284,0.7156685791010822,1.1167604428694324,-2.267453994084083,-0.14806254278045194,0.2479965874189298,-0.06354656171583245,-1.0607634390265281,-0.28219172648073476,-1.469135604534139,-1.6970871591909322,1.0551382501694562,-0.7302561267515995,0.743103834764906,-0.7746718039851996,-0.3011596732002286,0.19334505785415035,0.08857755033903492,-0.11869792572642351,-0.56948029850192,-0.47249657909916426,-0.5887474475757657,-0.6491738298305609,-1.7167083139397201,-0.12933397303826438,-1.3796865663608235,-0.14667064936806956,-0.3246984406415528,-0.33729333170065506,-0.13407398462117695,0.31417230556699405,0.148078456186292,-0.0638101234338877,1.7799510410343449,-1.1192935936556387,0.8352319465788446,-0.3980694787964329,0.4925077128453006,-0.6802530177642835,-1.3599130290593393,0.13098201941314502,-0.15672983077528663,-0.6855989695314033,-0.4091877917411805,-1.7340173434996762,1.06880349058752,0.27677465714081817,-1.491947992419641,-0.4565818721087408,-0.5638764955738718,-0.20963803608727766,-0.9582226626813306,0.3611300070063884,0.9659383930431855,-1.1659017334381556,0.04464701071019683,-0.7264015382295852,-1.5039211668183987,-0.9236323902967638,1.8326011634783024,-0.24922986837445038,-2.1305888337070518,1.309239982933384,1.525779687200775,0.20668839678922735,-0.7904546575671574,1.7949058533150168,3.0331096759280576,-1.8919282199697567,1.8251972856480636,0.23416294391157783,-0.22665681261985884,-1.549862805323754,1.249289985581225,-1.0364667709009847,0.05840545617345064,-1.1332498650767042,1.131644013298078,-0.9309427136211973,1.0941865690305361,0.34121670788668335,1.4301166616063192,1.2310018568494372,0.40635209152357227,0.18940893692599545,2.041753689089323,-0.5307271899325438,0.6895004058850532,1.9868052675814198,-0.5793551291591957,-1.5228822088727907,1.343433739962548
-0.5087120183330938,-0.23535682155919835,0.12030344430402262,2.0055588593048665,0.9166599929368537,0.8695902788486564,-1.0083697818301487,-0.8915567866337819,-2.3441206189427457,1.1260325082874614,0.715546482678584,-0.1519229304714877,0.1916324894160717,-1.1806437660795066,-0.10649463126813935,-0.2827714576215564,-0.3572756139923245,-0.5511068797811722,-0.8450937907508781,0.010327312557268292,0.039508428285209715,0.5159926152410357,-0.03498883206448221,-1.7577223942329008,0.6925771647233105,0.3139156350682171,-1.1217508307867732,0.015133249885964262,0.09028608177217634,-1.1282402408007493,-2.0879202411033595,1.1335292405992057,0.951543666243487,-0.8200691883225522,1.8190218432703473,-0.04806199980713166,1.11177496365153,-0.33363283519674725,2.1399975911498865,-0.9179804695624151,-0.32359729576283786,0.6824753031798478,0.34386910843171364,-0.304008164299992,-1.4726440790638817,1.7739760584476083,-0.2347564573805282,-0.1705543604518151,-0.8026921853470667,1.5075807743608995,0.9546241812792662,-0.22494677668570212,-1.0771418047874413,-0.049435761335349715,0.8836305547960535,0.5215632661642607,-0.33856310020864366,2.4506743197321676,0.2048847361543081,-2.0140073617787184,-0.891856576173816,0.20252353664243128,1.2725416161436245,-0.47828727057048126,-0.5476944666840996,0.6167401086715244,-0.9973455686721788,1.1827835911482234,0.6369459889591067,-1.4140045532017718,0.02499796044250918,-1.2416255143217865,0.2892067248188481,0.5191130616405502,-0.1160967579852551,-0.882418026257129,1.2188176169990472,0.9398923441548378,0.9198330531441445,-0.8814138403546938,-0.5402860737919857,0.9043102404418523,-0.9279160662413639,-0.3072823399877258,-0.7096160394462425,-0.8284907547854243,0.15363385202071378,-0.0020574132416469326,1.0918221254813258,0.11479489925422219,-0.1063398507613896,1.0525461687651014,1.7720106667689803,-0.3545330750232617
-0.5148274434251079,-1.3779611516185482,-0.339120646980212,0.4630291539513245,0.9235016592870087,0.3097321570512547,0.22708063655653,1.2016249004559771,-0.6845847250121054,-1.6995797321704755,-1.0943980697520337,0.36167098780715773,-1.052799449691969,0.17920498571770274,0.523805065496245,-0.3335285999460017,-1.347860553379801,0.7709285465086947,0.4283004157709277,1.061896287374636,-0.9350257365667372,-1.4573295062265137,-0.6776687064861499,1.1938753266906736,-0.2293245671143249,1.8989975553534915,0.9004564473886845,0.545364896888671,-0.1351869007764369,0.10471137332528761,1.312344412143797,0.6105193433548697,-0.6979011104092216,0.708528639238278,-1.924458898104211,1.0201399859826805,1.729945995928902,-0.08534683379417153,-0.9438393691231244,-0.2443010712800316,-0.16885377154329675,0.6479766414418241,-1.9279766398001152,-0.4255499567469895,-0.28466887985299905,-1.2079074124844629,-0.7207143336504223,-1.149785588834677,-0.8039833152651809,-2.357701025607148,-0.7882160615341367,-1.184020836200356,-0.8161152217711685,-0.08423302172442587,-0.3927520952090557,-0.6609794070148644,0.8160356069710298,-0.8159403098550168,-1.4592009417244811,0.517910739998296,-0.5206707497177724,0.05117372161013358,0.7770604049376683,1.156913691605178,1.3413554614317724,-0.4669085158109402,2.1168605169553754,0.3111925548805877,1.081921256471506,1.6165082026565418,1.150880518092783,0.6847570385037829,0.3114041895375529,0.5236001815134844,-0.7910436538249626,-2.9122749727269746,0.6494952687751445,-1.0723681773210079,-1.658333773373792,0.15535623982847532,-1.658357579175278,0.5254562522070187,0.3403974444790585,0.02468707662289748,-0.5425416501657301,-0.10010078392960808,-1.122226055448344,0.6761050794073677,-0.6649909624782713,-0.4539200418029391,0.48216533197703804,-2.0163349326345132,-0.442888759469092,-0.14519854473422295
0.3931708819745235,-1.680496632007517,0.22255454626430082,1.1097136136640415,1.42700626839782,1.5316407139192718,-1.6767861002436686,0.055717325698776785,-1.2732957948498174,-3.037757515427503,0.44528012005019624,0.5135233359917816,0.8977670422213985,-0.19420307299265388,-0.4989957674498666,-0.6639183419214673,0.16556615609887493,1.050984337521661,0.2202932608340557,1.0500035735411573,-0.4960666650777136,-1.0498856168401831,0.517574010931086,1.3326698612743542,-0.37356419382037787,1.1822326463287103,0.14892807433290337,0.392833006650582,-0.5936787389545173,-0.0386331498847886,-1.1956829675575764,0.5438923173936182,-1.191894416020894,-1.433272857759703,-1.2251102874916098,-1.0076522063225741,0.6406923825848062,0.2780122269520879,-0.4942152281705571,-0.42650159163744783,0.7363409063647384,0.21245243159361826,-0.3082940259430621,-0.9898649823500094,-0.2700548970275465,0.5205582238874784,-2.537836010768647,-0.29655158358308353,0.4373629467865711,-0.4307948269202909,-0.07713731632631021,1.5541660192770381,1.2154172505682843,0.56972583570138,0.9874293495916252,-0.44683839664415337,1.986254228178408,0.1340678044504101,-1.3679030888203234,1.8388454877551461,-2.050981630446921,1.183474047570521,2.1387157180049714,0.5315657243840929,1.789752910345743,0.593502433062828,0.9917412525653079,-0.2018131300569313,1.112139330242338,1.5155675774327617,1.3431575137071605,0.2187832949625898,0.12253169277974096,-0.86965066274631,-0.21961607626919508,0.21605749795548312,-0.10653826591163516,1.1407677045113416,-1.1954591795960778,-1.4381366781930607,1.4643276092950692,-0.605551666804733,-1.1922497473464517,0.36287656892198805,-0.2177149540105191,0.11056941158189942,0.00444355981629696,0.5129374774919905,-0.19782125123175448,-1.2097712407071808,-1.6047154921452411,0.8245178163405653,-1.4640676972065823,-0.7699164732374352
3.277288117648684,-2.624607036799823,-0.25671959983453774,1.0831479680713705,1.6153028348000082,0.5394289174126266,-0.14799100914851238,1.0957895341332176,-0.5547077110159974,-2.931009792941728,1.1711975473740508,0.5899732820552362,0.9224176763174377,0.9065728011922228,0.4494786496140053,-3.8440011071049884,2.2653270719125644,1.3676424921593737,3.380057530650175,-0.8163910929908959,0.40509619634734184,2.991072610514036,-1.1007750745907083,-1.218985399490923,-0.5916532931931827,-1.601215662475743,0.6539154517657177,-1.6105761479458744,-2.3228555918153684,0.9848957185551795,-0.5023355483048382,0.9597260977037806,-1.6011169876180191,-2.17006180371574,-1.9281266902793317,-1.8606770615917525,0.9521599314213373,2.5141288008751,-0.13990874620239407,0.8533557697797003,-2.255859535255248,-1.1292236972968626,1.9783271718341429,-0.12290838558557626,0.19888902713977974,1.0170021778211769,0.8954634152323503,-0.6860842386866947,0.7070095239683785,2.2895515466000775,-1.6826996162046435,-0.1967026077647737,0.9009346032915291,-0.9070334650164764,0.9161669809861257,0.26879988365061136,0.4033689451066734,2.759712886071351,-0.521438868123631,-0.22737033534081824,0.4626092174670407,-0.5476706427874329,0.4114223521126321,0.8679417174052109,-0.4039182579681673,3.304034268114111,-1.8308950773988402,1.7597917003111747,0.4670163126574348,-2.4519380922480725,-1.0813704056582356,-0.9047440469654242,-1.6186463285057635,0.582445296091071,1.2502238907509606,1.3364889549161645,0.9767773795352599,1.1570230679799236,0.5480913085983115,-0.8301377800847992,2.2666355992197422,-0.3347910226478872,-1.8230988396689445,0.3824468822193196,2.4342176857653914,-1.4906807727308715,-2.0365291973995983,1.1596672653877729,0.2915057565721184,2.825647967348521,0.3351826077692297,0.03918355112288574,-1.5045987250456907,0.9328441159844729
-0.8429442634430968,-0.003970405087313111,-0.0962932715696942,-0.6911087206063149,-0.25495851751395615,2.5781129139956453,0.2711998296106832,0.23865850571158953,0.5484838860881603,1.0914456994474213,2.640149516872415,-0.31579577166263717,-0.7592384841335853,-0.29596930764203133,1.2438711469289807,1.7867582116535123,0.24248976923297583,-1.9246332788888256,-0.4776585935996227,-0.46995721757126874,1.789154268260173,-0.06981345428260202,0.9356736193080448,0.6125013302749205,0.29628080833571807,0.9072157357200553,-1.2158530015368008,-0.5877393346361695,0.21771125638317246,-1.2707184373416,-1.356988773293002,1.18913241173795,-0.17828198949535928,0.12564290061126432,0.6659965931093651,-0.07347343428067049,1.113950502567722,-0.012361920853734776,-0.5703304374570412,-0.5381345747881697,0.34388889746800594,0.44185144404859655,-1.1417013543883092,-0.151742001780375,0.4341406585817985,-1.3911196892313298,1.4561840002831454,-0.4641713910545694,-0.603269699206085,-0.04245292481822793,0.8078053131285095,0.9367385576416504,-0.6343315717382974,1.361179908942263,-1.1662145931364525,-0.7950443527471798,0.3946624932548203,-1.015668917094075,-0.5735102265669214,-1.1214533494624292,-0.47096582681127164,-2.2924724999329253,0.12333795301207527,0.8295411351895419,-1.2715817359988772,0.6063068157347594,0.14002665368763445,1.2238044914238069,-0.06023187181795708,0.3004142512112806,0.9222688286151359,-1.1396192425513072,1.1540637978633104,-0.8120067550391883,-0.5180178050509837,0.9444032453033384,-0.6526377815000419,-0.02039281524604275,0.8992243723342337,0.5429282135692183,-0.6131985867213572,0.4201926186534596,2.3575944547823933,-0.7343576470574765,-0.10051343576723723,0.8372491005121291,1.497470785588427,-1.3298619856296436,-0.47297977277166287,-1.909646225834862,-0.2739579415524326,-0.501486666197525,-1.413995342269757,0.4161811235742676
-1.490104683612115,1.7782207713902827,-0.45133099626217377,-1.6971985899789304,-2.001042934395784,-0.5034908877967099,0.5539730928292619,1.7756040421483397,-0.885578850059859,-0.29972875507873586,1.5319416102200343,-1.9778885886345359,1.3776090013255313,0.007088225823387417,-0.3115759328933919,0.42688013176797457,0.27429937081222167,-0.38067100498522327,-1.7808020987805737,0.060095652591668935,1.8683902335954152,-1.082624524198425,0.8389212621267199,3.294607010046824,1.4266394494130226,0.8177766771564097,0.06350812337066936,2.3313839854028733,2.025176724751692,-0.38277429450927075,1.732289992026879,-0.9676030042930865,0.585149794676197,-0.5082652388839383,0.29655481553355023,0.0170039240263799,-0.46443400521870426,-1.6568860261386575,-3.1611522219500356,-2.1651228325534904,-0.5135473670828665,0.08757756228718581,-0.7112271574461264,-0.5899838742356562,-1.0439650936900187,-2.260889292696354,-0.6024232625859074,-1.3273511894142924,0.066230318198708,-0.6897944517727002,-1.113553799477167,1.6943675265225069,-0.2334432055539295,1.8324205901885031,-1.222034044368496,-2.919168647259461,-1.694626361356794,-0.11487050760252226,-1.2631384853960683,-2.180416213206186,1.0358838138557755,-1.4453252570232689,-0.646788073741644,-0.22824671882751035,0.5088728951737664,0.5080058131915467,0.5227232906311557,1.5433593541390471,0.5383029364518555,-0.5077416781301042,-0.2209674204760746,0.038699431462138834,-0.36495612429549285,0.6091050812777759,1.6815062967847108,0.9134086529127529,-0.28621839952907896,2.5222093600903754,0.6590559670546771,-0.10822598983574618,-1.2251829099389062,-0.014566160821511406,0.41408897328665406,0.7387782833895076,-1.4209040065409617,0.1036133691539978,-0.24548989338217952,0.2296829326937616,-0.3152173031793952,0.06901190694580661,-0.21979916058546511,1.9535049506764453,-2.540196451196917,1.1157045164937802
0.7249782808588632,-1.3301643784895594,0.013102329551153093,0.754252157493402,1.3283104215614028,-0.47046512651264494,1.7730037810625592,0.9222832058128624,-2.5047115957510737,0.7947787184045226,2.3355593158927723,-0.7793290893552094,0.22125440352422304,0.7598778969884606,0.5980780469704562,-1.9673219625433005,0.9512588064260739,0.05186605207589334,0.7043066415832555,-0.056750396876538184,1.1667895933937213,1.3928604076349944,1.724823997709135,0.49261854323844345,0.389988952838907,0.3549298796239687,0.11942444930142926,-0.30905321254093454,0.1429948212226969,-0.5483003241181936,-2.6534245265719982,1.9380359704560637,-0.6383168812768638,-0.3390610873715202,-2.5149278592856468,1.3250824318196595,1.813945085383053,1.1526939597111099,-0.7165463584750351,1.4550630368041757,0.015907201503390422,-0.5201822111520455,-0.6408537735962097,1.120405627014392,1.0258530741162155,0.44123520672845606,0.6218172868551389,-1.1648532288517808,-1.365359588757457,2.9925419782835103,-0.06256481086294371,-0.1147435582114423,0.7532945541102459,2.3303958850550344,-0.12384176569889377,1.4230812435687261,-1.3458598189525184,0.15115432510587223,-0.2764383735437896,-0.27065739992964155,0.7850732951637378,1.0038069213996352,-1.4437795197214154,1.0862302029097495,-3.4151874020071986,-0.6162016930317661,-1.535020154210903,0.9668077874906008,-1.1332178924968013,-1.096413811950919,-2.204102431595481,-0.5261023374221878,-0.6102751721929888,1.2388850923293206,3.398335926122199,0.12832523855655015,-0.08554925526818591,0.2516748502722761,0.5733834934961496,0.49581793730780443,2.5841956663254866,0.5907996309316862,-0.6070494678503351,0.20658856321367974,1.9597693608325097,-0.8073005819243655,-0.31017217268870767,-0.7487505948099374,-0.42913537688464004,0.977686567004992,1.1755363118544975,0.7381298278499704,-1.0963181441968248,-0.2723402136845179
-0.7803177058955049,-0.6369705999455579,0.2716550860838697,0.4099111858167632,0.15817043661625874,-0.8708927125653285,-0.8964480284402858,0.08456194263530592,-1.9010916162538496,-3.499684259102223,-2.260678565078375,-1.3574455631741276,-2.990823838061346,1.1071277001184765,0.9709416930102921,-0.48642692825909917,-0.9163963943348752,-0.2128389326900763,1.1708485063355378,2.0261302858679358,2.269261869638473,-0.33837436470902843,1.7576006780938482,1.2598097346186923,1.2436944625137298,2.8638972044531923,-0.7600154393969318,1.1855924026429565,1.412883523475156,-1.015992952048225,-1.0097186215057667,-0.14885330520031753,-0.8302178579375787,0.2980656415777009,-2.120727223926841,-0.6429162325404776,1.8777480945290344,-0.10208498710175881,-1.7915644353591316,0.8864050202055153,-0.14677419246817658,-0.5721447542056424,-0.8189012847493853,-1.1034459598086,-1.5553652030417173,-2.309625522114363,-2.764193088807414,-2.756846238848195,1.3623102519080348,-1.3326554128082497,-1.628209596449843,2.3370361433260323,0.7968480491010526,-0.04532814935454521,0.27393919879808326,1.4498252948328372,2.028703592136296,-0.613950503815926,-0.21071270013510945,2.9285567449445695,-1.8313053177635743,1.0040502536443336,0.9528471951523864,1.8588730135072473,0.9229486475749351,2.2020085627880013,2.5596081218188695,-0.6180794483848271,-0.16122658615463392,1.5320981710275134,0.015652466414084854,0.13774212300700273,-0.771911466411904,-0.45360534127217383,-0.06729405805635552,0.5585611094375228,-1.6341060917807975,-1.0384533150996398,-2.209449681602673,-0.0835134649334901,-0.13345170005382445,0.7368067583374386,-1.3276287380547858,0.03894467944776555,-1.594170171400378,-0.6134237256585426,-0.7555058451877524,0.5224094570958431,-0.3028616145196606,0.168932951381354,-1.4502786382778219,0.0996395106102924,-1.2492781740275611,-2.057176408432106
-0.3676112018970305,1.6111289277904604,-0.6013365429618777,0.9735554002393972,0.1806245932027736,1.8761678820812635,2.864228820694927,0.9641828928950781,1.5994025044162032,2.619668267837241,-3.9261445718334054,-0.704335217007237,-2.824283227161335,0.798452560220022,1.023752890265473,-0.7562510359331406,-0.6080316776936922,0.5406700175531834,-0.21781101680761644,0.10698555843127489,-0.42821114511353703,-0.6786951550799887,2.264113354282288,-2.652481035675686,-0.30851650096205974,0.3164988794936905,-0.9397992563398375,4.165292238299846,-0.6477410911331954,-0.22200242814702176,-1.304626856878943,0.5743079965947036,1.4860095784741514,-0.32346636368345316,0.6022245094545715,0.9881294094681927,0.5668709602166703,-0.7872569310958092,-0.32770170541934524,0.2582463543067802,0.3220505498354932,0.621053335782318,0.9707016883532865,4.007905465235643,-1.472311008994108,-3.663167913763381,-1.0623031815543722,-0.20486021231748353,0.5757086310648046,-1.313387329412911,-0.7185067936536021,1.2522915126974332,-3.953840604822372,0.06853833245277213,2.851934343260899,0.5134962389864187,-0.6854882618559653,1.0762785570177993,1.2342278467566068,0.6253606199956926,0.10424059240643793,-1.1493801966394352,-2.3690079585620634,-0.08267730396021594,4.404649501467798,-2.7136633118147246,1.248162525586301,-4.803757671028335,2.0009035059250264,0.8599212352585762,3.315088852456054,2.707850868183213,1.3815964265326546,-0.3112726943676605,-3.0084625212643914,0.3164623209379491,1.4312135312457703,-1.0610298630725978,1.6072384928915113,0.6441567284293869,-3.4066954222523806,1.1050551900176555,0.8453104829193954,-1.3818199063098662,-1.8850064902113957,1.231169089209135,2.6495714077029366,-0.8329173576763025,-0.5946936875775404,-3.107295824687314,-1.4469012010598576,-1.4075062116173422,2.5868639717707143,-0.3057616397596452
1.061922076567792,-0.7316495659273177,-0.3899937441223357,1.5991007758952385,0.8010620481262625,-1.6702548390292555,-0.34117574167239273,0.8214277447342486,-1.7343728114090724,-2.762789011863803,-1.6245489717927937,-1.2916781687761014,-0.41496999887646374,-0.05495085676676159,-1.4239573197011366,-0.9331560181107997,0.26174659724308796,0.47498407279887117,2.263438929838103,0.1427294625149278,0.2406297224695841,0.7825483366100117,-0.14449088424485618,-0.4748377308400511,-0.5831197431459861,-0.7446278509064514,0.648253891638908,-0.9368265609016719,-1.223226038161768,-0.9561157463853657,-0.23631805264735095,1.4710371375919182,0.2503019795587591,-1.1052240605780421,1.4603564093214467,-1.3017480631922886,-0.3695904211195204,1.1610765955554276,2.573652847244423,0.9790991064045284,0.0014123642122859659,1.0218383082375564,-0.1982123437115637,-0.6540385335585944,0.28217515746243677,0.34577710911486675,0.7172546362018074,0.16534107984463606,-0.3701638962886579,2.1095734835878597,1.5324994096355369,-1.9216322892844415,1.1339701652032175,-0.1024470387229176,1.7459100482390384,0.32126365024446446,1.9724217641378359,1.6806745094554227,2.836783615644839,-0.9403716973216399,-1.7874208855940887,-0.439691008512197,-0.3693004576332982,0.7473954118002657,0.521857182852421,-0.5594542274097573,0.24243691476430818,1.0515290305927538,1.2524381914763847,0.13089230049406575,-1.0905842128679288,-1.1477700034840097,-1.6898773783695864,1.0509637417816058,-1.4711628913118697,-1.2198186651992002,1.108569322524944,-0.9714067950999079,-0.3175849337166584,0.9516351254839476,2.6596886653234484,0.10973150404313857,-0.5900251766151915,-0.08034783468761454,0.32070739794585934,-0.5323830143343867,-1.1647446149066947,0.8081387996105442,-0.2134497763983212,-0.1388307898994232,1.2197427723078018,0.0803521483864773,0.9955374795985036,0.574796791385558
1.245270333764266,-1.6431047163366572,0.10268277459132112,0.6241564074407407,0.9140776410605198,-0.5283787538460778,0.7343143833726418,-0.24646070844400092,-0.5476862169165513,1.1932963732633468,1.691120307182348,0.17593391730534863,0.21233849408825062,1.6222935024060778,-0.5205108821320313,0.07169918094632909,0.797330652841463,0.7778259704268706,0.0354372139012753,-0.1429737154776401,-0.16353716583198985,0.09755431900077864,2.084801099243866,1.846657121290351,0.20407607157689167,-0.28395905395968857,-0.4666981147209062,-2.204734277179095,-0.7214741697794684,0.7894651434351806,-1.1823793631746928,-0.1779493480095532,-0.4736433812883436,-1.7667855189527508,-0.8384762712891891,-0.46444387253287317,1.5252601839159492,0.5854985205557781,0.32635120782903826,-0.30516075046081464,-1.70197805518441,-1.386571809308613,1.0326691655074698,0.5684433789758405,1.1823250548924986,-0.1201336957865411,2.510464078713587,0.4266575822398307,-1.0830414386162999,0.11013150845512924,-2.1062914442237233,1.3085499848366933,0.23869310047505726,1.4115851141958327,-0.6921264731464603,-0.7348293264049541,-0.15040476310293638,3.1570426170346453,0.32519170723858426,-0.6153756108194264,-1.243389601364618,0.6355451040127305,-2.2985201793029324,-0.2201577976522989,-2.856504506458024,-0.1324685483222768,-1.5171133823067322,-1.6398804450049584,-1.2472839731190022,-2.7173841323420724,-1.2037040404257215,-1.2055374922071123,-0.7934436652417302,-0.06620532691300737,1.1611183290388438,-0.3387629365647222,0.5717182901448257,1.802484057930174,1.7449341620314178,0.6014557042979881,0.635389604011198,0.41433276493682714,0.14255752961635382,0.47187302300023604,1.3018591185212385,-0.7814982069688328,0.5239038884066591,-1.9530702574871759,0.36209003929702754,1.4047266515453196,0.23150579942123362,0.0872357053870037,0.7843699593744583,-0.40031325071958257
-0.4452045047136437,0.12401209080418951,-0.37907261874485054,0.3874994726260183,-0.3366484970624823,0.6370459438659526,1.0717130482838315,-1.4818473857626728,0.5630155987923537,2.109211481591023,-1.0957572579684505,0.9990091756815083,-0.3833270509466458,0.21888507930715562,0.45532489328420767,0.8121239382987784,-0.16065760574685245,-0.02895478699049185,-0.7533019368436848,1.379903723512681,1.2762977478966107,0.47847368625995945,2.0029274654113465,1.7551627964659975,0.4322563884766252,1.0356548287518073,-1.3401103453622465,0.6824306638272137,0.6460419978505145,1.7571699156073646,0.5161098629493373,0.05301169860787705,0.6267964230628839,0.6970485814292421,-0.8716125267130934,1.7862859132516933,0.3773888724590807,1.3997858478441163,0.08330425109418266,-0.39835143622530306,-0.12401574576968022,-1.0267539712739862,0.6340296706040754,1.4467627575365827,0.4725768140432019,-0.5997280245617016,1.904819344145621,-0.11671427408247231,-1.2085118102876373,0.2735820718269412,-0.9749755425473275,0.3037196824106094,0.3613654250228854,0.7283715623355802,-1.8196437865562225,0.6665923856501141,-0.12315237762806569,-0.3394540429620587,1.4661532210138537,1.0027871793165168,0.5897529089651503,0.047528854862858516,0.7388402708304402,0.86125630766597,-1.562653277236176,-2.095736068471592,-0.5491369395047427,-0.9210078056890446,-0.7766868410389758,-1.2997988870233819,2.2602013128901577,-0.6009998249119752,-0.06459645440366624,0.28789899797245794,0.5214617834537499,1.3561204108020062,0.3068399438628162,-0.921715058999039,-0.06023997842258072,1.0304411853908682,0.7670870570389452,-0.39518113121294257,-1.6799373605916101,-0.43773475943422163,0.4244927131777884,-0.8815754046977811,1.4142225612043962,-0.53002645628428,-0.3600478793954522,0.21070017027381804,-0.912990882139268,0.4287068058491814,1.6515012903003439,0.5115470414338663
-0.4882492450832161,-0.16301486918049402,-0.7882400451767075,-0.36247716312818357,0.5052775444458013,0.8239040745198212,0.12135711528127835,-1.584301866835333,-1.5403982414649082,0.4897949648553206,1.0081490814685141,1.0658491287470464,0.3360073894966764,0.7012750162531796,1.016126806902813,-0.7464137499610424,0.23854009628399048,-0.3339138136873938,-0.8390304125400745,0.9910076049671833,0.4054818740665439,0.6379805018965414,1.5980529304591737,1.0969981832738624,-0.2931682335565403,0.9563643485067739,0.32272133568574013,1.5114904056238532,-0.5760781139703407,-1.0736477055477578,0.2032599703861863,-0.9918061834203238,0.30382097245294926,0.46043284910522825,0.20762447410433071,-0.14012301303214997,0.7732138602402885,-0.8364429507286716,-0.6946866184878202,-0.8906663113974777,0.8625308362734676,-1.595548799852143,1.2055312307153823,0.3901404103455465,0.17102310405174398,-0.22489816249849923,-1.590706784943864,0.379660806665679,-0.6886772537839463,-0.8102749489235317,0.91330694775432,-0.061400152410839404,-0.4840701894855466,1.8039205802080815,-1.3167261320161137,-0.7030581698682387,0.8025877091153681,-1.937011956929239,0.5721950995367507,0.19595186019195115,-0.8465455419140383,-0.9189659459752022,1.074646740912703,-0.9937682035636095,-1.4595292224631475,-0.9935122829172018,0.867179765556776,-1.4263737368700649,-1.3000947557526215,-0.0933318470135569,0.07213642859065622,-0.06664309126526047,-0.42704379729194586,-0.18081269414157242,0.6168726489782459,-0.7348615137959079,-0.2413206821853502,-0.8410152455245683,0.16353709966105437,-0.5364713983532805,0.2908948824528742,-0.6654466930233216,0.22802708765550433,-0.9937247089492708,0.9009310188573294,0.893060299689459,0.13185696999199498,0.02320234055456248,-0.2590412547044307,0.2606987441194719,0.0594860677658676,-0.8254323450562843,0.22401994982126067,-0.31045274231853437
-0.5631605395149258,-0.3028737406123236,0.10692956167607298,1.2585227014343316,-0.62526526130344,-2.909930029040637,-0.21830326880298223,-1.7312004620026757,-2.537194842295922,-3.0963155465987957,0.19343577697480555,-2.23788896569677,-0.6325941903607778,0.35187187129585085,0.7832657914118812,-2.1059614734837226,-1.04650291248103,1.2109485127319604,0.15540798082549287,2.142833363427431,-0.12674974425527344,-1.2555422644756327,0.954992467402757,0.46055717169727095,2.0579407021880054,0.7820199186158965,-0.17134968248078342,0.34110117749328694,1.1355891030907568,0.4907660522024046,-2.1215522359180987,-0.8937616106902866,-1.3364170759451524,-0.35045759642766194,-1.4971134829386874,0.9224809514871601,0.5533993904468237,-0.558883880697919,-0.2450008402772158,1.428468785189301,0.04444412218893412,-2.7905068572669376,-0.71787719899415,-0.3908782455825164,-0.8578983223495091,0.22040666143748613,-1.5582622913551256,-2.4313587301628843,-0.15738940498696913,-0.9542256094835794,-1.7400023450855995,-0.6018501478297036,0.7291464429883034,-1.0083353101142192,-0.659534279116613,2.8146310812932285,4.1604124938918225,2.1311989915037017,0.9276868942880037,4.177397004867247,-1.436116351091521,3.0861270334683413,2.036013575911329,2.4987243819289016,3.0035557254109815,0.25403749637552786,1.3321745579429372,0.07047087207641195,1.5282973280921484,1.0357808423268056,0.024898049343179407,1.4879006864049722,-0.6217015986002528,0.042080124291574206,-0.16409390894966636,-2.0659172565282016,0.9524297857027818,-0.965834434893282,-1.9781414878423584,-1.0259193346044662,2.5136433872554353,-0.9879070681479106,-4.702412313094017,-1.395389522449917,1.2933144331422508,-3.6799650610361505,-0.3450920671092706,4.027274125452527,0.06774576525458921,-0.7138761656829917,-0.6954923470815794,2.171953145703114,-2.1597353510109163,-1.3510049240219608
-0.6087397745340567,0.07650023444080023,0.3416281757654073,0.4888600721172759,0.24557915318326964,0.49864419083236194,-4.453320838940634,0.7679588152690353,1.3571999077150356,-3.240405437470229,-1.8827863908334157,0.0022111506127440173,-1.517768731293324,-0.39400539013044666,2.250623066104369,2.1458448216665302,-1.541661291814613,-0.5427127278093441,-0.9322574914674702,0.04623122653911649,-2.1853086264290598,0.7627200908291231,-0.4095818878764923,-1.1248722201798182,-1.755022603993883,-0.6125120594114898,-1.2620712499527098,0.11936370185396816,-1.1978711075366946,0.7449952721024453,-0.8003894315290782,0.03538687545888641,-0.06942697443926815,0.22390792407824123,0.10710398695669981,-1.619687112490932,0.2550331876254296,1.4661529743341464,2.3419084582254226,-0.7038388973918144,-0.04075801229687098,-0.40872681167772207,-1.4562006760857016,0.3277417556912362,0.9012558169482261,-0.5579524866376138,-0.46272676070282154,1.6336427146041088,-0.15713430659580876,-1.4545714452009468,0.010650785867360624,-0.947436108739208,-1.389683387665025,-2.2183937014288437,-1.4893168272462618,0.7137081492150095,0.8336876515289087,0.6806703456780303,-1.2840661007093361,0.039485749177315344,-0.8769746839427467,1.5404511535167917,0.3324830194561844,-0.12327602179859021,-0.6045248637929685,-0.2538097056869222,1.3840034814400648,-1.3637891155425947,-0.8042538721601552,3.881808126872615,1.3129966051948738,1.4188247218693775,1.6354651054826985,0.11360146896246737,-2.4819569645703115,-1.3210513783739306,0.08857014618148504,-1.9944831704361632,-1.5310224474339968,-0.7023754711613118,0.6443639528762667,0.46717916453634356,1.9136849630509738,0.10867873065128959,-1.076782014505545,3.2225261432393033,1.2731646032922477,-0.34310508273009066,-0.3254476201482975,-0.501352234198209,0.6683825383404549,-1.927987396804824,0.2078398137405998,-1.2570466961500508
1.3534006365367026,-0.8854665900231621,-0.4035546619073058,1.5430262178662664,2.282384483338188,0.7088219856107651,0.5420079861975553,0.22369345800866242,-0.2858924895528007,0.5654328887108305,-1.5634126028256201,0.767566632405553,-0.3487744751225587,0.019117524688650238,0.8744180170650635,-2.056134844197817,0.9201032945328844,2.470146592071746,3.5390231742254548,0.8125337895877529,1.04035720678048,2.0943037944835172,-0.5208499750589178,-1.3949387500376027,-0.29145494588736043,0.15773024869163152,1.2638758013918183,-0.0640762844872046,-0.2573283064657885,0.9982612457477749,-1.0615187086339066,2.275793240823167,-0.7154614536601631,-0.8376770061489804,0.46512273115589864,-0.43821345008973844,-0.025112041184171652,0.6679161707577208,2.185371295094121,0.5946169866380983,-1.074441982615399,0.2193051729943813,-0.5471918063211119,0.8226299509710348,-0.5650626119779883,-1.4642314281768387,-1.5294275481967792,-0.15895884116083525,1.4085956953668883,2.0897350171891325,1.779177105788127,-1.5372939211111203,-0.23064421652473355,-0.6525847532602549,3.8510803950765973,0.29065603237872173,-2.5428843576420297,-0.24329575242894047,0.793095033961949,-1.5017001303972786,0.026818219188335046,-1.2365263325132367,-0.7982340608727361,-2.8233349336224682,0.26964082834224357,-1.3474503354609884,0.6378665475166919,-0.04520167772670425,1.3126297716012723,0.420497666348182,-1.0272087383888087,-1.4294635175332786,-2.63888463391368,1.5665460817529637,1.0306023285926909,-0.062147009339197035,0.5084168935010527,1.1784855987385237,1.557482291780812,-0.242131296398841,-0.8950701307813954,-0.5516256473068865,0.5007665350322423,0.28240601508780283,0.9432570483328613,0.5911901749064281,0.7799701800896228,1.1810999269432403,0.3204308798953765,-0.1759076309423726,0.8385935485480532,0.300702415347318,1.5663358109940733,1.6684563606216847
4.368480994559428,-4.006140001725502,0.5809732440930968,1.0170527597666839,1.6314842228183983,0.006410093054016738,1.6138458476959274,-0.23013375197954722,-0.9999280092675618,0.8443125121780913,-0.7750476256453851,-1.5555488399609285,-0.2348916135764195,1.852813656069845,0.6601616872991225,-2.7422919213009793,1.2380127856098233,1.8429810295036866,1.5831112767365225,-0.20455644807571693,0.5057108228061288,0.8325409528510483,-0.7686616103677515,-2.280442990325005,0.1581199802467276,-0.5492577985904008,2.182067661713489,-3.0743859489130125,-2.0660684999192793,-0.05117992931532346,-0.9635138844879958,0.9309913428979165,-2.0684271961829483,-3.605352879234552,-0.9448591843293165,-2.0327844885910396,-1.5226407149038366,2.0742090982338253,-0.8729101208190061,1.3540634271347005,-2.8018320587348087,-1.2378564907100258,2.3134004974685145,0.25274888776910354,0.08026897018369783,0.851266034964812,-0.17079495836189923,-1.404089562360926,-0.8636955783098529,3.210693770904484,-1.5061973777626227,-1.5161558537693076,-0.3159471300546802,-0.02260308795498467,0.21046841321847332,0.8843887033420262,-3.2659572642757673,3.47930294233292,1.870343015975064,-2.375563442277286,-0.11363365866874647,1.5231713939907128,-2.2833322033060424,-1.0320668462339413,-0.5832059166410917,-0.07012820318219251,-0.28937700825306645,0.49034293366113557,-1.4106505567415963,-0.9982499600273821,-0.6752157845038467,-1.4282536570613278,-2.4111551567622915,-0.4458294277686098,0.3554051398140294,-1.4332864057369956,0.48141077719082925,0.7941353573852626,0.9649134502958676,0.232007099434681,0.3993092842455002,-0.6750340377229642,-0.7724011871883851,1.029294963549254,1.6122486242080551,-0.04984386025354881,-0.09470051548971903,-0.6730813883442264,-0.08051631486638379,0.07280738319946467,-0.4097851696790414,0.43900146816115426,-0.04831597429369039,-1.6928729766096748
-2.1050749560120083,2.701749180232982,0.9088606275754403,-1.28589379221046,-2.704632692983268,0.947996829887112,-0.5246500514490902,2.0141505846992946,0.8002691416948164,0.8990707750968653,1.6515352409693838,0.3713259262837365,1.7536259207446534,-1.5877293223465516,0.39260333770957745,2.716411736959633,-0.35265363437209296,0.05962134778058448,0.2790760249822504,-0.7510283638459163,-2.1023898602714772,-0.8868722628201461,-0.6468171560590322,-0.901042419450668,-0.310978328089482,-0.5803214071910746,-2.3957740832184706,-0.5208566264196762,1.678958326201656,0.7175337906087734,2.9806964479389553,-0.07147331500683674,1.3639012674425517,-0.38455933008337806,-0.25151681576422047,0.08667321913030757,0.6197724530685333,-2.4026419222366804,0.4025119340457227,0.773635969479922,-0.6751621172722658,1.833838587275631,0.24550873506312515,1.4064348393286266,-0.6091948442850238,-0.633090579973991,0.9247729592825416,3.110329169386871,0.7815408113523654,-2.125851955675787,0.3880071090120639,1.0991624487661553,-2.381925786776928,-0.9889367769065112,-2.0355265137744585,-0.2046036244349656,1.442504137141029,-0.08691412362343559,-1.803487063548687,0.8158391430051815,0.1259725579223695,-1.7863030895987975,-0.5346408927419668,-0.3447551319722922,-0.3920466564349323,-0.44378297559065955,0.00559955539941015,0.7073020841428853,2.139060542367098,1.5548943238162418,-0.2869974139225601,-0.5740495502099998,-0.16571985210091322,-0.06573447003378324,-0.2820693214553225,-0.6248562034731043,0.5220872481603664,0.14924891547823077,2.034765288499412,0.4706961576406427,-0.49729863815389286,0.08343367497702811,1.945259863757223,-0.59211107871941,0.3077852205597396,1.585437826622889,-0.7802010509929904,2.0975748941736407,0.5269234346122419,-0.5815973578914919,-1.1874763435858664,-0.21280808882637653,-1.6641660235404017,1.1959914092447468
0.3245259905306072,0.6896707754768514,-0.4069495259387875,0.5799493875439223,1.4927852286777847,-2.2739218655238704,0.1674764647786394,-1.9217946237301373,-0.6004851160925431,1.4182751334727242,0.2963745214884865,-2.1927130686537986,-0.6693811787341151,0.4593311887812359,-1.6829353774171931,-0.6570863511511954,-0.14067786306685154,0.7230567276672242,-0.1259502197391127,1.1285801816330525,0.7391229683086387,0.7102308714681838,0.38439792607863543,2.4812248366749077,1.3575890428760613,-0.5980022108445435,-0.6448696642151418,0.24503739142589714,-0.04758317666076656,0.8478484131799882,-1.210182099708962,0.9936003508838751,0.34836241053874645,-0.8065278897043916,-1.2543701509258947,-0.16289997289001493,-1.2357117412059972,0.8995036377544513,-0.5098977621040466,-0.34565275325689215,-1.9000237148163348,-2.409172049645968,1.4721614339433797,0.7709669843432413,-1.2154356388434482,-1.912955125598073,-0.5090595763477939,-2.3343937053071766,0.7975577881595237,1.3498614057744356,-1.6951881936015043,0.7711650070259277,-0.06772241398984391,0.8328580417862934,3.555288008587309,0.0636378569867157,1.160495735360945,1.4307026139362686,0.49715067991274464,-0.5818407698085687,-0.1324571190770622,1.227268670168488,-0.43234978314347094,0.6313214209900734,-0.3282142286515667,-0.6492260011747517,0.371465250581698,-0.7479610935705339,-0.8277456256571973,-2.3934449114451226,-0.929706799062282,0.059389923787089904,-1.6269689965242617,0.8007813849853378,-0.0047692443711252475,-1.4758176166309869,0.5728857721712421,0.3213616839685093,0.04926986870606115,-1.0240128487272366,-0.6040277272317686,0.5988347168545338,-3.2584102516500923,-1.5529186076016879,0.5014052764367891,-2.876320551166902,-0.2521217570721471,1.0158901786777812,0.30841869619092394,1.1728951826399305,-0.5843696067838975,0.39303215005640124,0.19278466973982733,-0.7417679914859199
-1.2132982152446896,2.623799312717889,-0.2746676188332,-0.5608328959325253,-0.7589128513411121,-0.23683697993698294,-2.828870720987294,0.37331115208644117,0.8639231160006712,0.07278728457067848,0.17095758369901526,0.822700660282413,0.31181532856007477,0.054284245516348584,-0.5539584416526033,0.46578466268785745,-0.8984535819787207,-0.5829823688620773,1.0047640783539182,-0.8127963751006397,-2.2363250312708627,-0.3208139568008978,0.5195446769884802,0.16454185911285785,-0.6492670829553553,0.1264720386604225,-0.7192248154968155,0.8222024452312643,-0.1290948465447621,0.6714086581389512,2.0880710410561387,-1.1695422483696178,0.819011935449738,0.9787941734384588,-0.40536391223629065,0.3390983316969529,-0.1926470589985091,-1.1827071746746434,0.3962536963507283,0.06529869536358712,-0.47735817910580614,0.36617284343354106,-0.5889208717598895,2.400849710222204,1.0332369685828062,1.15002043068076,0.48904113486114825,0.4082100407719416,0.34636424204197647,-2.9002405767732,-2.0942399584285427,-0.34476486896749675,-0.23526531140016427,-1.262507287834996,-0.8987528585814978,-0.10893467914346833,0.4868824704190051,0.2710463273866932,-1.075999022700075,-0.7186474097412987,-0.2825914881379457,-1.7521873987935985,0.9921324205676917,0.13028050092957016,-0.1823413932503134,-0.948130976689362,-0.7305691405479053,-0.27116739801617507,0.09076221002946389,1.6546824746011841,0.03584241101879254,0.6695897186755404,1.022448735260621,0.4949107673406464,0.40410850146576366,0.7433490525966036,0.26474812696745104,0.8398874298133477,-0.5701875529228219,-2.291885222223792,-0.4345768139511742,-0.28458104021680397,1.1995345973057483,0.13035824096107654,-0.9470511288666379,2.048471382667433,-0.9734722944345962,-0.2756728336013676,0.07726672851411678,0.12355780122999777,-0.25683192946012917,-0.674247437676571,-0.5662335307566997,1.36709333207765
-0.8716899309782794,2.033770659278721,-0.08843589393733173,0.626822271869004,-0.7827548281126441,-1.822822060593682,1.0771883370443625,-1.5115266215525065,-2.6761339762347647,-0.3945096556709733,-0.056939777191305774,-1.3970725323782742,0.19609215639113453,-1.009782753269235,0.9189678555131884,-0.09751426504946425,-0.026364347836654423,0.2703814200552583,-0.5597062991393877,1.1065055993502557,-0.17220813738478047,0.011504930346393855,1.199273304974885,0.5788194262484856,2.310843961799349,0.2568952050727513,0.16770927601265267,1.7024943905486127,0.8602754825030356,-0.7758777726763996,-1.730981590919995,0.511801801760096,0.1795429601196623,-0.27323268174691284,-2.196215086764333,0.05241504513183621,0.8334989573333251,-0.7606274178607286,-0.3778101953317668,0.3008797440026618,-1.4237202878355228,-0.044464975131810414,1.5067157867368213,1.0070589832141743,-1.6578417110916,-1.5992324073863706,-0.4852087020817155,-1.0027236695113044,0.6860686725636566,0.08363819586159604,-0.8971212909177522,0.8320903440558445,1.9366455680721364,2.0250764790170654,-0.23241077483525607,0.3894942226741156,-0.8237396072372984,-0.17414879734524003,-1.7490592445794992,1.0049813330817037,-0.6680421109711668,-0.2985225777671091,-0.5240846133670026,0.5095399558471776,-0.45342134650873,0.6958807071973926,-0.6705178461242811,-0.9976846026795698,1.9854416847053835,-0.5927583986403476,-0.030202931237080566,-0.9199833875932629,-0.5567682201802158,-0.029936185926781676,3.1202615697933407,0.34176526554757497,0.11985692491470588,0.022628784389040035,0.7528624579808787,-0.937899006888891,0.8119301335661513,-0.42172761704157213,-0.801909453802196,-0.25678420095346516,0.19000898429625046,-1.3601515879275587,1.1283378713669057,1.4586988731757256,0.2081013871785269,-1.2355220278099692,-0.642019654340083,2.2771570382348414,-1.1198077826409842,-0.47421988583293284
-0.4611971534578232,1.5886434819864812,0.09618574133233693,-0.2749706374416889,-0.09277367914772099,-0.5726714362476248,1.5076582022394434,-1.7380814863101008,0.3096357504351153,1.5309880732015408,0.89489211291252,-0.634424706631769,-0.8097296513891015,0.9269166148802035,0.7844684329687596,-1.1740126646436566,0.15397763953747223,-0.18885296785473732,-0.1906057257226908,1.1877535851038168,-0.24010819716846443,-0.9628602051331916,2.2712294797161987,1.9094390821422036,2.1055397779805705,1.5747349788665177,-0.16914540569151043,0.992492053954313,0.6576174470579103,-0.21654778206355874,-0.2057881262477578,0.18089007858447287,-0.4359868633211081,0.48841712227980255,-0.1085918854611242,0.10462526061077393,1.6111599718113196,-0.11874756657876366,-1.0519641341865178,-1.0013601359492244,0.35690101894589976,-0.8281817830397673,-0.26951994059144113,0.8657413929134609,-1.5698332759361688,-0.2776471160774147,-1.6788382476773844,-1.9291015447580153,-1.034507303116914,-1.0460099998422303,-1.220268239548111,2.0375785405804945,2.6648293430139716,1.5179949916851212,-0.01780174654883071,0.06708600539810174,0.7235609980582142,-1.7289351083610884,-0.34938957234442675,0.3703834244996554,-0.4664177931522392,-0.02390555243538639,0.14048341642365045,-2.0717524815563975,0.3155211899949636,0.5105468381212023,-0.17279211717830356,-1.0373053321849885,0.4918372502963311,-1.050727790691571,0.9865520110412676,0.49758717040066347,0.38560903872066,-1.136452818671493,0.1461453646302867,0.18309974934541934,-1.7166424642152889,0.7358594604433304,-0.08268054199363745,0.7318701014057252,-0.4022027156021335,0.04960977843902547,-0.5834166843447005,-0.9716595620542174,-0.5545594556536234,-0.5274845724347922,1.090280907595576,0.5095749557927037,0.4619194861384754,1.5838931381994166,-0.38764447889087483,-0.025475606753956187,0.5859554371532085,-0.41889402718474356
-0.066202885377753,0.8380929550422427,0.11075235251639799,0.4232380525049516,0.02722090021584428,1.609928707578868,0.7318842532401134,1.246997617883059,0.6739959764797661,-1.1950585559883224,-0.22525939857339025,1.4308073256238225,0.8645161756343098,0.3692199252901866,0.061506250692153576,1.1111849545142174,-0.4624223684992533,-0.3363573370012617,0.04047003759790774,1.4988242513237622,-0.6609383441264022,-0.39128107151508895,-0.27057058880983975,0.5498266375190834,-0.24484273600293832,1.227047975444084,-0.28518917838460733,-0.41053862549108633,0.09074089086101494,-0.1997383064842851,-0.14532717552439695,-0.655886784647556,1.214346076917588,-0.9509783626672316,0.17933932000752506,-0.0833020592746861,1.113491363319605,0.5069774713833475,0.6095190534475106,-0.9692709112572155,-1.3638313548505965,-0.22547903354256352,0.09792577515097368,-0.4728581370514324,0.2413200208817643,1.0764333048118337,-2.153305707756502,-0.07832066208469018,1.331805955321654,-0.7281627305347207,0.004539431011544914,0.15986483169222848,0.48290976150052384,0.12478258495141853,0.12938401303777286,0.991386206274156,1.4893878003439163,1.9806127213826206,-1.202816762684665,0.6906273719985647,-0.9640204495387579,-0.04499866145691489,-0.3850997487406882,0.7290389051286359,2.651747351895162,-0.4101295132994982,0.3200301750162865,0.9553441708878581,-0.01622549222981745,0.15210116327650272,-0.9348174612418946,1.1793731778935235,0.07761512072007656,-0.5610857074436109,-0.23801767089939188,-0.84535149743122,-0.34257257336172353,-1.6299700163850548,0.21109322541026393,0.4429206728112421,0.794148786603851,-0.2323518868745992,0.0975854570906653,0.11535520591886374,-0.4182497833572512,-0.0636283743214241,-1.5093801695151292,0.2997340635871112,-0.0289907323946965,0.8816200309747255,0.6381061837770343,-0.5431156925962849,0.7294125357666801,-1.7440019366764057
-1.194052819967963,-0.7016114769669987,0.3262554375586823,0.23075620832069407,0.07270967264043993,-1.4632021965116215,-6.109371285883627,1.3114681094868812,0.8833104985312794,-1.5232948890763434,0.7918535023584141,3.5635658098581384,0.3287916380457691,-2.5816396602916596,-1.365629133589176,2.4548368107091303,-2.661160766838425,-1.1307092247540251,-3.617090926964587,-3.458410683433259,-5.285650112913662,-0.938587188138493,-2.5496557140841443,-5.163773322972504,-3.8273104463726098,-2.4649937850584265,0.41082766683502325,-3.4283455006496695,0.5685314567249332,-0.6016372803403578,-0.10223525840454241,-0.32089684898475573,-0.7451275147521339,1.2913167955205131,0.4118079234043867,-1.5633352764854724,-0.8037327516050732,0.41720636575814785,1.9802545358640247,-0.5893427151977302,2.2276345290044746,0.6871262097160662,-1.9781308629354135,0.7629037826797651,3.286267641811729,0.9497430582229787,2.5645379989661237,2.568555968099325,-1.2267489677949106,0.5966853182875628,4.481848257286136,-2.4059743714989055,-4.611009400020366,-3.3725237900199985,-3.1605768030693198,0.296518186370054,2.379628450976391,1.4249656592423712,0.6470172294969626,0.5408723633034855,-0.5773369917461055,0.9243059983783167,2.4645322935388014,1.4987226206756594,1.64933312256732,0.3969583672333625,1.071195287535438,0.4130310364491206,0.5894382262967155,1.6472981362692787,0.6674690898511622,0.5076703698571936,1.9331380181858662,-0.02662335422088291,-1.545116253911124,0.7671708801198085,-0.3112904367141577,-1.8213193402328671,-1.0423501976311367,-0.7458149484321667,0.3574238868639095,-0.3009902657126417,1.9934846798222479,0.27539919410684216,-3.165698175074559,3.8588574367368507,-1.3729160095973256,-1.3866148969112495,0.54370389426883,1.0767748263285257,0.6155541629962036,-2.0319722474855615,-0.6466761365411485,-3.3658629993659375
2.239580664082616,-3.376771731353423,0.10678058955259202,1.2511892001801392,1.3267026755044695,0.8471311775881059,3.916094563951781,-1.2010077390583278,0.5371881036174344,1.1747754530491563,-0.7743845848758737,-0.04455762544366937,0.1596730061547199,1.1527732450582011,-0.9074358519149491,-0.6627602929428111,1.070052348678516,1.4401045422178818,-0.3215549567274478,-0.27216786818948596,-0.12972612592185562,0.9421518542323292,0.5254426335009523,-3.4839631479983195,-0.011546581202635187,-0.9309980248458554,1.6833986599624584,-0.8305540730658233,-0.7809770583144597,-0.91063582579245,-0.9446972904736428,0.907104290810054,-1.1902008400532071,0.8561730162433843,0.040954755060639,2.5310807907137542,-0.4195582686073338,0.9288010296295932,-0.6369381428390555,1.546782708779756,-0.968706646633999,-1.1344830926353855,0.782335364767591,2.803232186839117,-0.11055158072404048,-0.009001340305240857,-1.3945403679351733,-0.09624185340385494,0.3532472215564305,2.268078478504463,0.5562745105191877,-1.045660076824429,-0.13803279626432785,-2.33304955111056,-1.400259746958051,0.2019975266388119,-1.7701739738275342,1.5822793111368536,-0.9050668777121841,-1.246589925250946,0.20647673146232,0.45856021623986787,-1.9579676413221727,-1.0961738240871863,-3.273670999456585,-2.179169412581448,-0.7742977156330029,-1.8646630859021431,-2.275284978502958,0.8122084838460897,-1.7570262207634118,0.4610673781479523,-0.6747525149245996,-0.6770745606744716,1.3651697694715514,0.03307506302976493,-0.30223552755528704,-0.6888088409980334,0.13826705052650684,-0.8707834021707446,-1.7324711805121824,0.10528930104052317,1.2594551130832503,-0.34473910205561914,-0.09577784227561381,1.3887929245918307,0.6890972629612971,-1.729218515865943,-0.3036736612962467,-0.3577804487397222,-1.1267481663032672,-1.065309639196642,1.968931905105922,-2.0842843191035283
-0.4447575586490345,0.7975547140372781,0.15995122761983072,-1.2675286543721038,0.8897949795484325,-0.5885255085488555,-0.6839906538708843,1.2626982031717535,-0.15222223829157283,0.9050224617225574,1.9015883651615617,0.5762407419605424,0.13892033133895265,0.29045743818535413,-1.4193840986088502,-0.3316894173323829,-0.07728899853254423,0.5178754112299441,0.6937523331951929,2.4835796903609215,1.0035670608409513,-0.29263451698846255,-0.16716916683953476,3.0908525599556,0.9816102700406657,0.13713817983300625,-0.6409434888341256,0.6140820698664927,-0.23764001061982817,-1.4400320374711262,0.0069063507578129985,0.31737421884667705,0.9599554868067505,0.5317668500862617,0.5153698968468082,-0.7924638000336507,0.060874424507807674,0.7142326445696994,0.13908762180125156,1.3590984401262498,0.7941649957762197,0.8490552607761073,1.6328957739546697,1.5790458890465833,-2.2311416149811008,-2.7926647595531344,-0.8255956193069084,0.1566672031393872,2.29791372025017,-1.4723017027057212,-2.930085210612684,0.9220902685142349,-0.9657308932501807,1.5199742254784423,-0.6858501690239339,-1.890828531710344,-1.4642834095223576,-2.8040935741930797,-0.654092043390732,-1.81890242156763,3.599852013724716,-3.084878103120664,-0.6704910345323402,-1.4114305325911376,2.1729174196515495,0.01022364145326754,1.624562112766506,0.810569779609394,1.5874775826383427,0.8952257003839927,-0.856968623156984,-0.4441923184416957,0.3334215828929632,-0.13282477365664325,1.4126687451253856,0.7544270011211672,-0.58036236319521,-0.7780592773755293,1.8385468666275728,-0.022503321749775623,-2.96863984624844,0.46880792943638355,-0.19675771236469689,0.5939360734898097,0.5400578853590369,-0.46529467827975024,1.6003815288362468,0.9764650021977488,0.445340722159281,-2.4147891757713777,-2.202917035481157,0.09056864748279626,-0.8720554847110953,-0.928950658143146
-1.5270925364182537,2.8402769618488044,-0.16331842654768922,0.30407972470431177,-1.9491844430261396,-1.5129108627086076,0.5755182975171091,1.365494102280057,-0.4830408841561079,0.08591503214254925,-2.4524061748466184,-1.3702607568327367,-2.355226348623024,-0.5264958016412308,-0.31190866300324005,0.7676404220957448,-0.4353212891186553,-1.0858751300482457,-1.2007552817920417,-1.510251245159924,-1.3722181238953675,0.2579899811519666,-0.9405920203483079,-0.9980188011349376,-1.353706171396531,-0.016337919636143394,-0.04014900055880222,0.6195224871199204,1.9730328071001197,0.9047686307941145,0.8241907775906961,-2.095535844455796,0.4335078769758087,0.395934253243333,0.45031149904424467,1.094016992338708,-1.3461107679455449,-1.1956386487402537,-1.1588537550930855,0.6129640895953862,-0.10263433696513358,0.30523552255523706,-1.2471522203411616,-0.25362694628639904,1.1354340492454431,-3.628525159298516,0.3715115188442052,-0.3170587949921281,-1.1384027215332002,-0.8180221635088865,-0.6007901312598436,0.035392386906564294,-0.6913874407078122,-0.4048811835711905,-2.7608228390967753,0.32472392533375344,2.3107986942620404,1.0411511491274712,2.07803637012734,1.7425692554250531,1.0603690940888946,0.8163247627019309,1.1250552202270487,0.8932970280206483,0.0728143842116411,-2.4649850418749937,-0.05311093082876983,-0.6143972550484145,-2.4697859799947315,-0.12233861392424306,1.1211269734173006,0.664961480393776,0.7203544826532312,-0.06541625192433637,1.1685639306372115,0.5423494019189495,0.6664335739358166,0.5554247402701772,-0.8798814183065808,1.4037161620004253,0.8971853026755157,-1.1126611717360457,1.8054582220432613,-0.49816747034804143,-1.9815052899594914,2.6124792692658634,2.9205482276311,-1.0904076806880239,0.9424115785260289,0.20656103176459123,1.2765617459215486,-0.2101361905928469,-0.41823931467763575,1.214213092421778
-2.68785346188758e-16,0.5203346839123217,-0.2840117581826894,-4.698151587897335,-2.2311035520688733,1.307179081089552,-1.252415759803634,-3.9923880172094544,0.20866125599597252,-0.23947818356386608,0.355864519633229,3.5447499440655963,-0.9251640799193908,-0.8514731600397089,-4.179174231248498,0.48580450479550275,1.5773821831845007,3.358168722669138,0.06119884735509884,-0.6903841831695382,1.0367750761529966,-3.0210718589438885,0.5977726938382967,-0.6966890755957583,-1.9440949253313224,-2.8824795045763425,-3.721085661400863,-0.004273421915605167,-1.6976630824786691,-0.6849960977182951,1.8648773914346972,-5.266363055993402,4.504983984636483,-0.8304897011414152,0.03004888526742555,-4.09527870190566,2.5884326307456016,1.9610070774796655,-1.9312381998877115,6.492654719973888,-1.257448614731337,0.0017409103607519821,1.0528778037337143,-1.3034690437503482,1.1145796100036411,-0.8579440987557914,-0.7167513873144319,2.9354908238375916,7.935430595700056,-1.3660803402957054,-0.0576012052224653,-1.3401819755597713,-0.5396035602567949,1.8840643304805194,-0.14039066373417453,2.985327239191403,1.6857365067675956,3.357921643081355,3.118828106483215,-0.7286094970812063,-0.9245833951382911,-1.6894030087124232,-1.7466682455021283,0.554189920116885,1.6828825365734776,-2.3956772906288553,4.587382782604305,1.4016736897003939,3.9101973259555427,1.1775265407612805,-3.4282581931692766,-1.6421363874515502,6.5420095736291675,8.572100505017541,-2.0744839655057956,8.099510111418544,3.064269116246212,1.915025158245645,-0.8683742619771271,-9.077850985736262,1.2027904085299777,-3.1530281011382506,-0.3173157878929193,0.8204508510405004,-0.7131963066290038,0.3130251247720564,4.3316296299982815,-0.054409776923904994,8.604094221539276,3.697470418472417,7.22651110442224,1.5396390116988539,-1.1754115047121734,3.0893601029336057
-2.68785346188758e-16,-0.2803298122789445,-2.662562196893332,-0.45551600058868813,0.06490035288444584,-0.35241190798177335,1.1220123827488553,-1.3919125169364452,-0.15613319068765355,0.597735048776988,0.051502481784257544,0.23723037045117312,-0.9573036011349355,0.2316266495834145,0.37467382074717354,-0.3148228333125836,0.48559659148619777,0.6147377076149403,0.7493895774001417,2.4541735870836554,0.2774353438350553,0.7051963075081379,0.30833009748823603,-0.9045010088554111,0.9547537611759376,2.2757393045469696,-0.33806427574499354,0.42763388076206926,0.7605950914210277,0.4352434503613026,-1.6586749725577694,-0.04624625011545474,-0.6283249938390174,-1.5427171438114793,-5.0867029630304845,-2.4115231105723955,-0.9311339832197166,-2.462921008330601,-3.314833348163614,-0.2586737998606473,0.7579177790356391,-0.5069290517276163,2.2746993770365163,-0.8021332107459039,0.8461049578683798,-0.9662991021570448,-0.7588045644597209,-0.06539649015808158,-1.0443350970547625,-0.8401784318967221,0.7611619263713972,-0.4136319300935033,-0.45889538333728974,-0.23853889761849337,-0.5016897090001329,0.022422467990393838,-0.392597637647793,-2.20613786074174,-0.20915052079301288,-0.5558701674134828,1.4151422168060048,-1.303540136908373,1.377178326094186,-1.2726944848635278,-1.5833693952165688,-0.8683981962748402,-0.8783903812058589,0.562698814592553,-1.2139082184430117,-0.8706493062621712,-0.2932099989467236,-2.3315245026815954,-0.43599334547996876,0.6712513133887786,-0.3126044270493344,0.7920146114490417,3.0769408734171537,0.7743917878148769,0.4889664538312952,1.3833603821170355,2.1374277257840033,2.966883733906929,0.12091995875270897,0.8033946445252185,-0.20931611259006866,-0.008137181237324096,0.11999649809045965,0.2978913908445926,-0.2973900824500356,0.3998000544876983,1.1451852172956067,-0.29995174508336764,3.5182624586043714,0.48514513831485273
-2.68785346188758e-16,-0.30312573062353676,-0.7384123492848756,0.3071771295812255,-1.0222435015239306,2.5736985079603647,-2.0296705057374558,1.6605530463784226,-0.14833092497459066,-0.9279592408784908,-1.0287562301849311,1.3492134848857578,0.49549480215607206,0.9011847680945678,-0.6314552332337146,1.5128737593520427,0.5731138634398949,0.11350205682542348,1.7279464513854523,1.0799152090468676,-1.3247016930028785,0.6376844571980262,2.1771550106933053,-0.7532717086394817,0.8253799182403052,0.4381678883462974,0.002211786283656869,0.8090831472898462,-0.8389028754543626,-3.0083992709013327,-0.6242845183054004,0.3113361215344028,-0.19284819897989192,0.9341822327993206,-1.0289782056994965,-0.17378222233446802,0.3360085969103505,-0.31704518149822203,-0.01718403911457206,-0.12771043577257973,-1.9603193810294823,1.093205564128498,-0.9603474180601256,-1.586399810289624,1.841470902028663,-0.8457289655494842,0.8244939376032615,0.8444699941744624,-1.3668005756584054,0.17863073035762145,-2.450181258804477,1.4142749828524666,0.40505226677232126,-0.8992311231386989,0.14183210862564752,-0.37969103938437776,-1.5531891110454692,-1.7495832502053448,-2.2484890347982662,1.3139953353497118,-0.1843908190037676,-1.2947963903570514,1.8689617821094617,0.09583991079885865,-0.4106325299810289,-0.026000112626297534,-0.8714570969878641,0.6721156581481471,1.2711025539208818,0.3217471756846201,0.9339460641702615,0.995855053458687,-3.2851315491978723,-1.32426632024442,0.3186105171332016,0.5005640817247777,0.6613821375757467,0.5975083624124663,-0.006165816659983947,1.382821300798241,-1.2919075735998453,1.2777124977544472,-0.19762351495315403,1.873957241767815,0.6070007496087098,-0.08510491075666615,0.4484329230692016,0.05029561974141324,-0.17026644591865003,-2.205481878997521,-0.8169937475283673,0.05206174780435535,0.02589381565246851,1.2656457510808568
-2.68785346188758e-16,-0.04285789718625063,-0.7142796718852302,-2.504534652382153,0.8079195597241294,-1.0716826845116356,-1.083763215862068,-0.5546513314532194,-0.610721358156803,-0.40081915101624166,0.19771394939238382,-1.905322311984846,0.7564533159798256,0.8816586572654722,1.0438191999517574,0.005389419064376938,-0.30586052388364904,-0.1824301842332183,0.207481164955848,-0.25819343843899134,0.7128894860750034,-0.7271717810470254,0.08128267419519955,0.26246093815174026,0.8912515983486922,1.1505441653416397,0.06108249180267994,0.6075729174279731,-1.1928401434153004,-1.880737167213722,-0.5849890810736427,0.7973930750799568,-1.1161974045873926,0.821026058682774,0.3529734424319183,0.30579442320370065,-2.580144018214357,-0.07535847985456331,1.8515659537046578,0.5347608386707212,-1.5942492540083297,0.024053068429358504,-1.946461228953742,-0.6393097125321087,-0.06572985477339066,0.07418443221658155,1.2160544405017926,-1.0145516347154246,0.778686679476906,0.15126040863798676,-1.6504278653587088,-0.7766635260863322,0.9071490235135152,-1.3497710584831712,0.08074948185496915,1.1941024319794409,0.5142035580792004,1.655489844841981,0.527807185235002,-1.1659743860911584,-0.3264031834415285,0.3892779457059957,-1.3621534474484889,-0.8678958990389458,0.558214291715146,0.0880109875711308,2.260883926281344,-1.0972351971788359,-0.27916898569940324,-0.5010778587234661,0.3106463109760401,2.4820932170725465,-3.3385893407752825,-1.1316038528384549,0.6944680165153103,0.21340908855729146,-0.9922926385821886,-1.2983084065710382,-1.4213151599051606,1.2820391275019136,1.0995311784962625,0.22237533169271773,-0.11834901123740996,-1.4927011455394166,-0.5101096508388955,0.066900633062454,-0.19275088327789525,0.14092615073994882,0.5772703860456102,-0.3495010346880215,-1.2397562037808636,0.6305909775770357,-0.23295287647646168,0.4647713650188752
-2.68785346188758e-16,0.7416085091228533,-1.0151452505681835,-0.25302106512434286,-0.0023585593325718412,-0.6237329312662,0.7495589391057564,-0.7182366605153947,-0.2746130375503607,-0.8053088840300446,0.4095429229815141,-0.9674011170745657,-1.0022175793013506,1.508603923531091,-0.38377376489879117,-0.9070927736560092,0.8092534882148841,1.7662451168562117,0.8446811518234885,1.3627126539740129,-0.08772955219826323,-0.3809445213288504,0.6444293046745125,-0.255930663175716,0.08447436675744202,1.724071345104828,-0.2577886550752348,0.049086506946381996,-0.20742490621138499,-1.3206159526675012,-0.1578842507879883,-0.15699741149529103,-0.8773133715606458,-2.276655285388416,-0.34431795324597475,0.46604178229416926,-0.5769772265273149,0.894610015208816,-0.519027531782731,0.3759870196761987,-1.5267524733770077,-0.21833290545101475,-0.9032825199302106,0.20325070035074622,-0.4933765568615665,-0.41553312165674183,-2.337833943581664,-1.2737574034642518,0.7747560232618669,-0.15739300284432067,-0.22030125302087697,0.6806273029288552,0.4982072218981743,-0.4020629959561402,-0.5329982674139566,1.3106787107256026,-0.3622159287841609,-0.23415263459382263,-0.30499350281194326,-1.3381405633581125,0.7010215397602788,1.9130333741934227,-0.21829148817922023,-0.25413426859028376,-3.6668034814294668,-0.05302133962203455,1.159590025407978,0.7652759584052274,-1.883828803049636,1.0590778710331445,-0.4259041820449875,-1.2309288286069624,-0.14890200148297106,0.9776006063879328,0.5649844350232281,0.5607200856437341,-0.2753513664038695,-0.0982474241339346,0.15438755113956534,-0.7972226113524535,1.1903305745071928,0.26580784115797546,0.6143265754636119,0.2964619062716423,-0.6583965615248053,-0.16596339246002212,-0.5264242942495716,-0.0050367590918519835,-0.21284567634863855,-1.8703085461276658,0.1322468106333503,0.28761368564753986,-0.2917978522867143,0.0481172258531021
-2.68785346188758e-16,-0.584812466705931,1.5746822814910373,-0.5246012580815863,0.8623560948994871,-0.6374812497047387,-0.3708431834784385,-1.1435340938741516,0.737523803083187,-0.06199739219586137,0.21997639591732313,2.455062596335713,1.0598965815899244,-0.657696518166604,0.4089359161714994,-0.25124401600951585,-2.1497162918213,-2.465101024125654,-1.4286384948320878,-1.1712049572158134,0.4982855740226046,-1.9091004998192995,-2.1015537645382762,-0.670101663619051,-1.4622525906777426,-2.1790466070487673,-2.428324547120379,1.2397620563886163,2.8245228592852367,2.962651716742943,1.9973449172338809,1.353718637006779,0.3513875603331463,2.0645295105881156,1.1335375742720573,-0.5757870633244457,-1.2256385274696404,1.4094514771198665,0.7918020023676894,0.7033981355233474,0.07544851441681577,-4.173921189495504,-2.7154438061450072,-1.197223256833424,0.37153815276496516,0.6238947036629038,1.7720258114757939,-0.14823839865564123,-1.416059036885429,0.04033534690044183,3.5232935081138876,-1.8340406708612638,-0.01997839069109352,0.031823480940461946,-1.8676565931731377,2.9611618576025545,0.04949642379419741,0.29088200118017155,4.176487917737402,2.6314932184190294,-0.9144758423457253,-0.2067140121476626,1.2519031145085822,2.457078194010612,0.4879651996685943,0.12374042608026053,0.8483509223324619,-1.253886971115343,-2.4464507112272815,0.7178437990306717,1.1324684732883017,2.4963704195468033,1.336229801247014,0.6298430198804221,0.076204212756295,-1.5173932318170251,-3.205322028996843,-2.0436696053473185,-3.129345022712764,-2.375149405970815,1.2821854256107157,-2.969738444906596,-0.2840271339033103,-4.260729655102601,-2.3341986318991284,0.5573819634833447,-2.213524849123581,0.02974729813029131,-0.03470710659892484,-1.354089948666486,-0.9676387763836652,-2.1478222249090484,-1.6069753436840322,-2.8313364077867114
-2.68785346188758e-16,-0.6197474756039656,-0.1293397418074702,-0.34516347853427887,-0.3640720415778601,0.2125945565702558,0.17928792991576942,-0.6233559661507487,0.21566531085930207,-0.35279056567584693,-0.31983337016458385,0.031318427802093124,1.4609776923055513,-0.5197805186081044,0.3378063005733486,0.7632802981370006,0.6040945129236955,1.3288461007636696,-0.5767006643048177,-0.41253955009156357,0.06089684299932539,-0.12270426843302823,0.9503372980728683,1.240490732789874,0.40021147808064195,0.38975528876927207,0.4315488627542366,0.9249109061255064,-1.397932000926636,-0.17290827568950162,-0.9675192698040342,0.8343277801745639,-0.5002445301864389,-0.07398161999233527,-0.8779775620110701,2.167972032764615,1.0329249361233035,-0.3554093411089625,0.34921333775659,0.16901119521471264,1.7999773253277418,1.4583752310871267,0.4615593589107063,-1.1209627410441483,-1.0684218505376506,1.1949017740394943,-0.6523462360662011,-0.6299282661070721,0.8737002546291159,-1.013809827798245,-0.4735096897900628,-1.2827569376896037,0.3971098973626638,-0.9135042236730349,0.6685606783197441,-0.983602109006487,1.301425374413842,-1.7679587399785621,0.38927866851021103,0.7706888561328997,-0.20389014955973517,-0.7195507957664381,1.0787870260694474,-0.07024965955982171,1.5658680669108294,1.6204981315871734,1.1503117741081632,0.48314068040053887,1.4976350334155963,-0.10369616873658866,-1.0322532066951227,0.5359896036120353,-1.393703190224008,-0.4729207998147754,0.6218526780861313,0.7425320806650302,1.1199209746697762,0.091018722893078,-0.19190462839166406,1.336539746977343,-0.2860775536682469,3.9155038968613405,-0.8292483472045269,0.3739164092519537,-0.4798854174934458,-0.04072458475032103,0.658625469347438,-0.32133037783582974,0.27180147998232584,-0.39634893662106374,0.24556496976692743,0.1283889420690455,-0.3114253426562854,1.4885983836389955
-2.68785346188758e-16,1.158534830739928,-1.7257100552169495,0.9679213838288785,-0.17493786856323426,-0.4634495563699951,-0.24472309703954828,-0.9380400603482008,-0.3135958211918155,-0.5339785029903692,0.3128175510484219,-0.2963787255091258,-0.029097030086569386,1.772134214673126,0.773320722401659,0.8532792587115868,1.4749704514253623,2.1283047696192323,0.7424475999455062,-0.2677516375549508,0.1298170377936232,0.11133059907281745,1.1203820221024952,1.0521312005877712,1.1796117767625853,1.6755531058704531,-0.19863098645467014,-0.6226160979044416,-1.027913484759174,-1.9461653879809993,-1.36595815471281,-0.9959341610821106,-1.0831754860212972,-1.410757049976723,-0.9632143099173395,-1.5035461037415476,-0.8573484578093375,1.0501489903335706,-1.553741921773127,-0.4623444530843077,-1.0071719607586243,-1.3594771528707563,1.040252687864545,-2.6180827425462145,0.4450838646247789,-0.4187682077787745,-1.4760724357294408,-1.9186276657251295,1.448168574070306,0.9396758712423863,0.1283200194005334,1.0535121672655632,0.445566820096844,-0.5497054172297314,0.22070861013967585,1.1820155103779026,-0.6393758596400342,0.6690770949336987,-1.174396030035076,-1.278068851657078,-1.5690072132084378,0.9001720202629544,0.019590576164391083,0.5796947242408073,-2.635847258440788,-1.1000994950669707,-2.223790893062861,-1.2080333352761896,-1.4499319051684298,-0.7827943460643764,-0.6829639920394955,-0.970914656066062,-0.22135711836981253,1.4891313102728971,-0.11607027351987895,0.04824879953292621,1.99642540117022,0.09300146879992899,0.20070927913142966,-0.44247409576674646,-0.46651260244801696,0.1910034733742904,0.3306644533995012,0.9210404369092566,-0.32704387727105455,-0.2285246974818283,0.2452829823165878,-1.066943004517339,-0.9664474599908852,0.07423187979424994,-0.7749493331061318,0.1178839964902742,0.9766324681864627,-0.32427778177159666
-2.68785346188758e-16,-1.1648462554762586,-1.4202110715322707,-0.9286136890542652,-0.004502705457325659,-0.020552367857484377,-1.3083868169064055,-1.3802615173293624,-0.5285910007913512,-0.16966353522673272,0.27666621353622933,-0.9324419076332576,-0.7468148615507534,1.3905753264839005,-0.1624037088220735,0.5164362525064013,1.6566625748710069,2.067801192738926,-0.5123377290332548,0.05374312177169438,-0.6970252331185399,0.0001395101180536873,1.0873731057833174,0.5855973459188154,0.988676485776083,0.926640250742896,0.44886768430647783,0.4461564694060679,-1.3200050303821793,-0.9477572689189749,-1.8206391479102637,-0.3558892825800572,-1.2418832558147592,0.07958780673373075,-2.475460901339247,-2.561441515825071,0.29624847618782146,0.5159631570912138,-0.14035796954499344,0.6739702168891484,0.8361034300761507,0.5729076306441617,-0.07791253774955265,-2.5575041520492783,-0.25159568926365816,-1.1336001668756555,-1.985955778419504,-0.13797668815549957,-0.019443798673522084,0.5525089095683449,0.9825604174931339,1.4849093770880115,0.9754160892232885,0.6417074049056923,-0.34544047387360866,1.3123000721391096,0.10474386435232992,1.2239706845330425,2.0807576104042913,0.891644668135003,-0.1636295860618821,-0.6005929504846843,1.9282994544054275,2.769984811942815,-2.2190001299753437,0.20624913030243958,-2.0324555860373277,0.35668332607423603,-0.8670406816304028,-0.01591034497889131,-0.0696621399261994,-2.107770204707009,-0.6944925208933926,-0.9768704199915698,-0.5021269149649293,2.293834501963352,0.5346476672984978,0.7342467857745519,0.6054939075794183,-2.102329362874819,-0.03400977412655981,1.385377566508144,-0.5149349856616529,0.5692995445248847,0.947235963433342,-0.0017652887572801948,-0.10458813464406136,-0.45611978940871517,0.33812630767995777,1.6670143911705018,0.8987900116763818,-0.197306793824488,-0.18316588493314329,0.7166348023523763
-2.68785346188758e-16,-0.2892252877972478,-2.7330195551025045,2.115235081336415,-0.9229208555603199,1.0351364240406948,-0.6701953436152289,0.4951704816051098,-1.5391387081318133,0.6943492549164539,-0.07128073913192176,-2.563424474713624,2.499170824580368,-0.3699597881465824,-0.5239804213960143,-0.3729837533161058,-0.2543431807820604,-2.581147561197545,0.3540343146135875,0.6364309215800298,-0.5489486997546251,1.0863641647608027,1.7381794293642492,1.1933488303367847,1.3969258429525677,0.9938012021370511,1.900783930002301,-0.5463422303796651,0.36198508271387103,-1.6271282127041795,0.4474919252860882,-0.2511721569243199,-1.6704524127769391,-0.0245443838057936,-0.23602680598654352,1.6352284250726963,1.6948179893421167,0.7860187968883998,0.3928370430817151,-0.13830438771190628,0.34560663266551084,3.1587405665967845,2.43126646475835,3.4544130283000367,-0.12469166307356323,-1.9387126828928467,-0.9445879842623373,0.2988050351060464,-1.1484556687383483,1.1861027844241825,-0.9576877560689662,0.011037121273900496,1.153724223271166,0.06532795460529923,-0.38747745096055053,1.259582975219166,-0.5568231602424331,0.4117371784426767,0.1820770057749611,3.0836234199509795,-0.9516860710012491,1.0627970855158189,1.0023873516461013,-0.25084148017745983,0.6385133045966681,-3.4788223533936624,1.1176471182631507,-1.3200161667600283,1.7933651975283411,-0.6822778076933192,1.6999592039983649,0.38875132777663546,-0.911280149748829,-0.8115080443128486,0.9526153428443159,0.505773086028848,0.6739451636238024,1.3021825212237377,1.2808942591840058,-2.686102137267973,-1.3880644788538863,-2.3332883374962377,0.5538372143370106,5.017596292940999,2.3025509642415343,0.2578064413159962,4.038647091693022,0.7897613612052929,-0.09032063080433561,1.7698575250613375,0.13376186901490728,0.34208619013401476,-0.06645348489495417,-0.5290703175601097
-2.68785346188758e-16,-1.5135874499593225,0.10662246495943545,0.9703556647643737,0.3824995373009472,0.8063955282092121,0.0017768228436374977,-2.0334083630918953,0.15599630163578135,0.05932768542063466,-0.5772047058564418,-0.5542505160430052,0.746471674618891,-0.544625419756366,1.4903225423689297,-0.06912701644784108,0.9131816838092937,0.3525398316448219,0.8235419156934547,-0.1676344967507426,-0.7473923120609605,-0.3166196272546702,-0.18233278663924735,1.1832418533200106,-0.24160856515105547,0.7966913263162416,0.14939564439905256,-0.04898707995865668,-1.906462409470524,1.5107786074081744,0.5354187278815241,0.2065312837687608,0.21965988243335605,-0.8759870156396278,0.5260473167998844,1.813448857094303,-0.176452301430902,-0.7963199633226307,0.9185047169567975,1.494235109910595,0.12030411058473399,-1.0857161271536062,0.592976988199801,0.8807741014772059,0.5898974670527468,-0.9078115137432194,-0.21202187783045198,-2.2853718605096467,0.6898967366536437,0.8056263286172097,0.8807893699822037,-0.9580235399959913,0.765530481420918,-0.6723101403513704,-0.36766439145277147,0.7994879889493474,-0.46346410764861384,1.268894661390322,1.0756769327606912,0.878479404176685,-1.5488317201417385,0.944638094499542,-0.1267774559790901,-0.5912012679910829,-0.06510865629995793,-0.8491366301497043,-1.1303116573751968,-1.0943722246308905,0.09885526605995731,-0.04884140955828134,0.4972744457663868,-0.10648492701535422,0.44654105413995404,0.33895929266871044,-0.9045656371463895,-0.09237823741682999,-0.9871042560940457,-1.5868489052539583,-0.0445438885209368,-0.38584930799069095,1.0402095159695157,-0.6935910838334951,0.22404747876546055,1.6435290903945328,0.7197450276099319,-0.0900154352414268,0.6259359190459026,-0.6170441852418306,-0.24332960962892042,1.4754611938386033,0.4109697319507932,-0.25480400457329605,-0.955975665199723,-0.0522847493921933
-2.68785346188758e-16,-0.5161326023533328,-2.509079169081061,-0.29183816681520236,-1.113852470768734,0.4346857588615826,-0.22483192469929403,0.016773329946400684,-1.3231463242214097,0.2772009652153354,0.058467501400582524,0.8106031166785317,-1.7282668985635603,-0.4040752696379642,0.35674593443383507,-0.5903606860109352,0.8591816553912639,0.36850060006317875,1.5044189517535411,1.074055044556662,0.22672768328929463,-1.0537179510543337,-0.3423667431891795,-2.122943546667564,1.0831228148089214,0.9486378268848148,-0.12974552016698893,0.4064912562236993,-1.4200173250264319,-2.3982050168432316,-1.421641788234444,-2.0905145082052363,-0.8996132014013437,0.04662451303305237,-2.0660522279373748,0.8119381286648365,2.644762551622686,-1.2523903422739788,-1.050750672588169,-0.754306685084847,0.0560636529126492,1.2520925752414465,-0.14410637637915014,-0.515469014217302,0.40524051829672725,1.2644069679940912,0.015522238741545622,-0.9820299011941571,-0.928313329218531,-0.7941747698738183,-0.3277035684746949,-0.1736175078983166,-0.7587662811337569,0.3838940237499486,0.3169647911193268,-1.0565152906450364,-0.31808402533100266,1.0817186542974442,-1.679818558894684,-2.2687381928261297,-0.6461118517976142,0.17173852103951315,-0.206886396754605,-1.6326870935616116,-2.4362565801289366,0.3918669248481731,-1.9688925945441518,0.3592603181968163,0.1340945262684008,0.34288148396893053,-1.1793295021248444,-1.9233678173389388,-0.6348636663668736,0.086530186901579,-0.7672383319752236,-0.12605710528226616,1.2406657074900678,0.4094576029410318,0.31291640066018156,0.13513427122058957,0.266174532576565,2.5764078939357065,-0.6406538782158515,1.9332728034473572,1.3404698529347214,-0.5814093203834241,1.0933619503627776,1.155967169941195,0.18658942286353053,-0.20136453692988987,-0.2803534169493034,0.831459338702166,-1.0788873334406675,0.18136422661703455
-2.68785346188758e-16,-0.4474692656190292,-1.47261535538877,0.102717084678005,-0.02890871421089236,0.4005482345411095,-0.18568476315828455,0.1595142748454259,0.5898658571560076,0.12100409243457191,0.7236436357927091,2.0621949186155124,-0.09047813534640614,-0.7274801203271862,0.019320339377794093,0.05897978815194696,0.8135179342153938,0.24963858744139067,1.5573843694173017,0.50813138520109,0.3615353322057369,1.7333102482598248,0.5712580715144713,0.3343748420652043,0.1690103222392239,-0.15709224992973336,-0.21707981061360537,-0.49932208972991393,-1.7933827782957565,-0.908182828961869,-0.7338594589105925,0.2736739198418583,-0.5070484105962897,-1.3530251904595758,-0.23143026059137486,-1.5338779784500134,1.6188661928320776,2.003801037106897,-0.4360991500239113,-0.1263058690210778,-1.422688960282185,0.6798234891749011,0.3864152746175429,-0.68489080966525,0.8957129869977795,-0.22086091297850974,-0.08779463530257764,-0.19213569701396668,-1.136297515356877,0.3698017801026732,-0.47943484559618754,0.07268816867166339,0.37126600745072325,-0.36140849887252535,-0.7400175807834652,-0.46431516032400344,-1.05285408157382,-1.9598354372694138,-0.8983926266755267,-1.0424690637054708,1.3549924133304425,0.2368340779241062,-1.3252487920746292,0.6355873906392975,-1.048433239387564,0.5372933725319606,-1.3391371439279078,0.1249353369730386,-0.30719416948378153,1.1663960069153,-0.9109720215742516,-1.1509520795057324,0.18046897728056033,-0.4154940584254537,-0.8178350941541022,-0.03629686774870872,-1.1344182949827155,0.09176396912251361,0.8369853918408028,1.751162124305068,-0.03809805074933387,1.4641608015360503,0.578671128560126,1.1547130388857674,-0.6184170019929831,-0.15104391337836445,-0.11552826114031296,0.4142571487937887,1.0232241498799772,0.017963404591051724,-1.29388648126158,-0.931205436306658,1.354716751209441,1.9328081261261885
-2.68785346188758e-16,-1.2918968338910017,0.12508782841674648,-0.8527204729701012,-0.28717517849717766,-0.9546036407434794,-0.4848396867249522,0.08011197739930459,1.0566454075567306,-0.022960077465530616,-0.015668163740238758,0.7853518167297403,0.32655161918858183,-1.308039226822151,-1.357295626547861,-0.18232092655158869,-0.7483537063633177,0.3411161479755059,-1.344894401934043,-0.39686250853477456,0.2136305677242081,-1.4334922360301707,-0.3113842233164729,-0.14502483618949666,-0.3080132779896666,-0.13582248235250838,-2.8296662772368255,-0.5357858689613232,-0.735705006363861,2.6912800162790393,2.408994793692688,0.09347521471851229,1.0708584552611193,0.8735687849447666,0.7525164336171699,1.1526712507567618,1.3992139714623162,-0.22979498080652477,0.8885746464415392,-2.341034731551436,0.2492864215459679,-0.9729409856293242,-0.12487014563990118,0.31629468146330075,-2.688049158735487,-1.0346678738868693,-0.939928442670369,-0.5174463909062524,0.6186451767175751,-0.04909995203095299,-0.687161372204161,0.7808763949151091,-0.3329119018431603,-2.053475841894413,-1.6419464899548337,-1.8233026894348618,-0.7381125912882386,-1.0806816112352426,0.5110218746506239,-1.4806401911144222,0.9042103572823291,-0.6623753146190681,0.23769827049691583,-1.789594169017324,1.409658264704328,-2.416337403133467,-0.8900156535048519,0.24819663330369102,0.35733239748502943,0.20135718165900557,0.25199951092486916,0.5114497700044089,1.117512555943836,0.021466506414982933,-0.15523474149920463,0.2603609315259867,1.0866490445362724,-0.21527473898899813,2.464717288385148,-1.704913415465178,-2.4581107613380686,-0.23907021371408776,-0.9249469248559216,1.086024283502482,0.014297846712264944,0.22863232254526594,0.11504182801172491,0.24781137692865013,0.6052127611862272,-0.9286393014829877,0.5893895988330613,-0.03069297402680443,1.9912354332427715,-0.3045631128823389
-2.68785346188758e-16,-1.397598008757025,0.2955387163175898,1.243678686191521,1.8413344717787796,1.7777371094255234,-0.37443504534323174,1.3384857622555177,1.9991041942733476,0.8786364517940077,0.4900439915822167,-0.17358963823788964,-0.25250588832369475,0.7052696305198591,0.6557034618293803,0.035921103514722226,0.9998368760413883,0.2743910144012725,1.4486430277681934,0.8508972790357715,0.32945954866320337,1.5543814053829283,-0.00840916116831103,0.17932235438896943,-0.7866059935364057,-0.28285161030350375,0.7783651813541763,0.079508610892406,0.17088524296303184,-0.4982846524963767,-1.257411512464323,1.7643579491864316,1.4491595250281928,0.6563974983748424,1.6030258024135795,-0.3755000453394157,0.5573402073847689,2.151637962946926,-0.23249093742154367,-0.13023331286049228,0.28579362871367747,1.0432116220054624,1.6057135511081297,0.5637028894167452,0.2650678882622018,-0.6392360042940535,-0.3774444018288464,0.3327540218408654,-0.635348970096095,0.2664278845344079,1.2039874532281545,0.18286770047218515,-0.10315126979674501,1.2555052066000676,0.1387223482601841,-0.9426254782691681,1.652221880047145,-0.6563719573314318,-0.30414268203499945,1.4163399248946509,-0.08443451999289744,-0.8042858128131494,1.0560569972124856,-0.20775368453318366,-1.3793175914615232,-0.18437315106632673,0.2242064227019031,0.20731758283023494,0.2792837190479342,0.1335173939476528,-1.305920381909993,-0.22782686848296108,-1.0735626958452267,-1.0942094964774591,-0.6147706752126956,-0.9950660299523659,-0.24697677794398876,0.8051936537278537,-0.525151658894276,0.4858352583003147,-0.6034010208478857,1.2686535435080641,0.6017714910073407,1.82593622826158,0.06916786890444793,0.08215832305988184,-1.4444016732602154,0.920618062113699,0.6992848419930768,0.18560340037114123,0.8777285867066822,-0.2526640482256798,0.23183246566936916,0.511290850332255
-2.68785346188758e-16,-0.2882250611104511,-0.6748209318286811,0.7069181606629948,-0.3091850308412588,0.35742210510827543,-1.7212135803296948,1.7018819785703796,-0.5002192189267273,0.04903041726955883,-0.9225479057750945,0.7503019920556605,0.13331196389458205,-1.132691955336365,-1.5727613488050574,1.365858234225633,0.7424217359368154,-1.178529172511897,0.8751803618379607,0.43656494431388176,0.0392980986663327,-0.9821284742047042,0.38422750054927995,0.3170917285303595,0.7648292588514537,0.45715930506839386,-0.36989099147215054,0.2764472900506751,-0.12190217261958808,0.10953770483451619,-1.0354747806526103,-2.267380335660338,-1.5096741105220457,0.2993329670665282,0.16049941721049077,-0.41175635585595444,2.20286337205496,0.6080517600868562,1.1318220380917243,0.2058511680023471,0.27650836841107745,2.1021148178825775,0.8872691005153338,1.7715445611216998,-0.7688074730353174,0.2561669014033958,-0.9849597211913328,0.9902449837795088,-1.483746697885974,-0.15942483702730714,-1.7663547737812606,-1.240299947504747,0.2752217173280512,-0.1286729387504549,0.034972174092224834,0.7290400854132022,0.467432035119246,0.4803297045558589,-0.913048557159903,0.4030494900191239,-0.7052163420674007,0.6477025158981188,0.41581683071180187,-0.5456070162130099,0.46633428055321224,0.5980740159140068,-0.4200632767348403,0.6549496397224333,2.1908065651605297,0.9752258339120633,-1.308188125853791,0.5863356665430343,-0.2770922131131219,-1.6118779277326123,0.05827156855522871,0.014087488860231215,1.2702378489803108,-1.1406448146829096,0.4976510117722629,0.6011454296701273,0.08519815460970931,1.6098665695976233,0.4738031769655897,1.8161176512796895,0.3301562931472172,0.5341456916890772,-0.4779403881003263,-0.9302306321363906,-1.2693788503674885,-0.47660435150282293,0.17932767763874746,1.8211016902439299,2.1907368063245505,1.483635916281142
-2.68785346188758e-16,0.3577907377712884,-1.9094634398731372,-0.5383419843617151,-1.0466407532469748,0.06498736202859484,0.7890056633984611,-0.354925518129383,-0.2767547329260571,-0.09927515445183345,-0.41789389482373657,-1.4937001493770747,0.6450094361743114,0.625920270681372,-0.31504179295674917,-0.15184281082613033,1.3464621215198491,2.554447740257674,1.8926778439982983,0.3603035569161136,0.6241308844060972,0.13727573152101824,0.6060745077381624,0.975036375720776,0.700995611813777,1.3585453165910064,-0.5960492588013908,-0.3465286671668103,-0.7424819619716291,-1.0402723098106161,-1.2110814560621501,-0.7340568972436606,-0.1840419055253054,-1.8892601527881518,-1.2162052349508046,-0.28377112339869937,0.9264334987485482,0.8505722751504575,0.5904862629789109,-0.8265545664446419,0.781780347214271,-0.4381796818456731,-0.11850208237210691,-0.12141863537054776,0.07493330776583751,-1.0736166371149047,-1.9195127297860022,-0.6115453501859895,0.739261774968057,0.3789836194109833,0.03233593562054124,0.26583032202644197,-0.3047035108707216,-0.7348861100154984,-0.9706843206419407,-0.5683929432683911,-0.2817739188778436,0.22072615787838407,1.9892912929912043,1.353922532920385,1.2449619857580612,1.1391506236103544,0.578343272888443,-2.5375191899553076,-0.4393227388209578,-0.38934438453420206,-1.6490912504676891,-2.0551675079993106,0.6978410376069932,-0.10541032112672036,1.5099240620036327,-0.4158396382922024,-0.6368557076298403,2.1490209094345354,0.8882286806072697,-1.4700024018883007,0.12410922345896913,-0.26280970687921035,0.80830055603071,1.0496030142472743,0.40861823817553755,0.5878908840586742,0.2857457994987891,0.13591515875757673,-1.2807859980823384,0.07732114754658723,-0.017472512261227396,-0.3128565765372054,1.1503022749574372,-1.1077249793687656,1.1658780767770491,0.919587884444168,0.527675705218065,-0.8240860473441104
-2.68785346188758e-16,0.3374000947730845,-0.487797494500505,0.524361976288495,-1.3043654475381923,2.090388844588679,-0.9614645850920638,-2.0100618478765737,-0.9799917198611784,-0.2965690179092374,-0.25094410592380995,-0.7536133397013064,0.3761405420920521,1.3016403471033817,-0.25087127621163463,0.6054618921168414,1.6437702468320716,1.5914235933283023,-0.7557432947840895,1.0263302377125854,-0.5200508828467545,1.1382710245740133,-0.5047871077283246,0.2617660656415411,1.1833750349031664,-0.8222739280850079,0.7522204692404115,0.7498688129413065,0.4274107394742507,0.9117816097519108,-0.8130084289365483,0.4404519602898016,0.11351283602286161,-0.028261870311970805,-0.4348759299115448,-4.269264852603703,-1.1159317262497586,-1.6729017730409708,-0.07601654294397753,0.618722808177687,0.05894064913870767,-0.20877437238141427,-0.7201077370202772,-1.5812244601945877,1.836276005683972,-0.5940362745607269,-1.355697786015965,-1.3428209206617876,0.598684939608005,-0.23023491612230476,0.6844369486570572,0.6141707263320021,-0.7414809400005308,1.2467977157769288,-0.8417821117335287,2.0346049457401816,0.686832950711238,0.4283133721479654,0.7805457684161817,-0.9089680470268561,-0.10035805700411325,-0.3788293976374545,-0.2278271958108008,2.267755976810148,-1.1779153271912415,0.211704064585516,0.08878285473667369,-2.2520976989034818,-1.6758528287552732,0.9223847765220233,0.3662390301523496,0.02101115584092214,-2.211848332181008,-0.33874848019501835,0.8578351790679212,1.703717394976679,-0.0161775061442353,1.119299942571319,0.013468161137486695,-0.10681599278642429,-0.16733637205356577,-0.8902571866125286,-0.5016461439385039,0.284732239909893,0.3441898580240754,-0.21438673223520413,0.952668573540899,-0.16468090069628405,0.6425569709546378,1.073593943428499,-2.4298739016332753,2.196399246541472,-1.1190474575796678,-0.9513406847639572
-2.68785346188758e-16,0.16781269292266981,-0.9916976213509703,0.4381181695513131,-2.3986552517894224,0.9603371025112285,-0.7870375506698049,1.1226708024079293,1.4447718886051952,-1.995918081916078,1.183273741355701,-0.37789994689001927,0.4345152369804065,0.8470887711630017,-0.6406862239310445,1.222726708833567,-0.879069820934453,-1.13333573201882,0.04032197998702536,0.38122652931611656,-0.22445677582473308,0.5283654230951536,-1.0663235921258523,0.6388273138321162,-0.5885905582756061,0.6118318860187556,0.38541094328972747,-1.5923427075661687,1.0217763814693364,0.029404523999402743,0.367704483368868,-0.7010599880411261,-0.17358221184418546,-2.4356265937393045,-1.7006013032991865,-0.493578515047308,-1.083534593195186,-2.459906559462638,0.2233996959083746,1.7877728664027992,-0.10397949928398598,-0.21041575150991915,-1.079759029549945,-2.128344352381946,1.3507399963722346,1.7504249709106294,0.9875546052472732,-0.7848786293800554,-0.5842513098104449,0.42082368793008906,2.342754344410576,0.4383366384495456,1.2058599569018895,-0.7875109616778406,-0.05699295136479566,1.9378390848504505,0.3435270897400241,0.7347004067699118,1.0268678384505976,4.159860721536621,2.25107706538681,-0.40097693863462114,-1.4795195729912514,2.516631669834089,1.0215875720232883,-0.43132275771075,0.6541389156405785,0.1565788583518246,0.42167206049093897,0.801742179034515,2.399500217958626,0.629429100548669,0.460282544676266,0.8937677284969247,-0.01655502475711224,2.092074213720446,0.4626128658347206,1.0362502122082966,-0.15133555265627396,-1.652150260338627,2.527182264965581,-0.33255326757086034,0.12824055906387793,-0.6608183258070719,-0.058639286446379,-0.5291221498958715,0.9703774284666156,-0.41247261063382573,-0.6228977143375325,3.180592650031271,0.9792765669147426,1.0804660854286396,-1.1157771813438255,-0.8491599244500136
-2.68785346188758e-16,0.03444640733141193,0.16842959132804078,0.33438980624731607,-0.17441536111461814,-0.5673597993196875,0.8646018136081323,3.3928729091699545,-1.7795618281925076,-0.6752382664142159,-0.18553031435302564,0.17554833040662376,-0.23998097867855867,-0.6527063498964112,-0.10394452604355842,-0.5475846701745056,0.07887185884658546,-0.6205842470796449,0.6883493213881957,0.5281866165885631,0.07094936604261494,1.5316631639981029,0.5110488505956214,-0.08873539222534589,0.8765247052356879,-0.5640604556370071,-0.46682256850024206,-0.3005549849000581,1.1374520561227506,2.592145201360121,-0.3628154454444842,1.0026288773141823,0.16652387233172172,2.364097218733722,1.8512889680118667,0.5170688071616996,0.6565074628117892,-0.27184430462880715,-0.7280117100418979,-0.5957929396712169,0.8748100518409314,0.5024063463552852,1.6166052968137705,0.49823474798321477,0.11767078991911206,1.0470347478984743,1.5910108688518734,1.8405190280421628,-1.0396840910316616,0.4932333074820582,1.22215009148157,1.224266156035366,0.4684978877991288,-0.0724549466623698,-1.5009857758218241,-0.4413563734127445,-1.4016639343129527,-0.39600497232630594,-2.1097841396059085,-0.09458720499971893,-1.0002587665659783,0.07728818936129284,-0.01758505726949494,-0.966527512864031,0.27765938345665714,0.6126096413624726,1.1681391502431333,0.737556755442904,0.3820115193796272,0.29177952180721844,-0.38758509949205777,0.5822394921138627,-0.09745392602123816,0.809025922918648,0.21803280219947604,0.7207568751613677,2.4666903447552144,1.9016985207446324,1.1007500381035162,-0.6985282996347995,0.5698184202748078,1.5209167734482925,-0.15312011067996492,-0.2973458641349733,0.5163507745574729,-0.22752516015672983,1.04415780902284,0.3357024582738675,-0.6512722221249188,0.9603136922499503,-0.7486005519964334,-0.2621965534583637,1.0946672972452822,2.9761804160784346
-2.68785346188758e-16,0.29757424682971706,0.39495518016030073,-0.8148099049491111,0.4781776583208005,-0.7559466465934495,0.7318562925370761,1.5498135355517904,1.9607518147664145,-0.0329241548560108,-0.47117228703913216,-0.4244942014817868,1.0718469743691132,-1.3005102831207496,-1.5089959275719038,0.15769281998424542,-0.8435413261057496,-1.5539913356772947,0.2174078119782059,-0.5879188043392297,-0.08871397669660593,1.0030683399504887,-0.018120251918213204,0.9808983399319112,0.31104567858669113,0.42964493734493103,1.3306090963436326,0.7031277210047768,-0.16664577498633731,-0.7530955226825458,2.1615960174695195,-1.2563614853177412,0.7303982662770723,1.1684246526820887,0.9816268561642943,0.6585089766250178,1.8776443386506236,-0.4963014584757563,-0.3007959174513484,-0.32873562580909277,0.9033377197245697,0.8991139031203205,0.5745134269243832,0.6825538069009636,-0.69760332401067,-0.3024656427133333,0.48616622568056456,0.15330957467439582,-0.792789794855215,-0.9656882097933497,1.1418431404519587,-0.2532750659826365,-0.5055320430329986,0.21452832817700404,0.5225657203645033,-1.352614153488385,-1.6958402474624052,-2.3612945475026814,-1.31566820363041,-0.8195418527706052,0.9257838164947791,-0.005365204115225564,0.4606816981812828,-1.0808221315565611,1.7797286532888585,-1.476639820000767,-0.16338101866654064,0.6121560100800771,1.906638004502335,-0.05802623992742133,0.3473579225211595,0.7074458757948481,-0.8962370439283758,-1.5088187777887754,-0.1964816064558624,-0.31156439613002046,-0.04629966796218127,0.3448343090480633,0.5246501740454175,0.7909951880542806,0.057925528104281754,-0.6368923998972155,0.16150905586080955,1.9863842407384462,1.0044556332080286,-0.17389714688206886,0.8659584105242532,-0.24382694037862745,0.3616774032898581,0.13398195726756296,1.4194011600222365,-0.386883854750555,-0.32685808358945956,1.3716536402327977
-2.68785346188758e-16,-0.0017049701189361698,-0.32399473266299705,0.5460446117626523,-0.9058644748262177,1.345545181154383,-0.2120625553869771,1.6339448273330832,-2.806556145819256,-0.3137284238802465,0.4068196664225545,0.38952838962552583,-0.3488104001539972,-0.4380148209182789,-1.627812870961256,0.7451450726325658,0.26176949789119336,-0.7572769316313619,0.3261304833263839,-0.7479292826007935,-0.023095241398795794,0.5763992175830359,0.09917235434118121,-0.4493554369349637,1.7128992051141354,0.4829981660125876,0.8754890752994301,0.17729569068863554,-0.0208796959880444,-0.21542724636158916,-0.7844790633311929,0.1909023566812184,-0.6456534735325347,-0.002258373751513193,-0.45570460779300204,2.8147377737022534,-0.02922551240039406,0.0938983179604852,0.38265077597417996,-0.26937869397571584,0.37467077665745374,1.758429447493294,0.44890513396681775,-0.15397598682568736,0.5102361556354407,0.5220426789910542,1.4595610090496893,-0.4954641949375884,0.533807831923863,-0.0664850963484164,-0.5789293023801534,-0.28620147306468946,-2.2801829230157558,-0.005062124823359046,0.24532846390327856,-0.5043632654241864,0.7368766969930884,1.7348337972696233,-0.5791579761685194,0.1292579531758394,-1.0120724774350567,0.53519838293335,-0.6277617018757241,0.6632673172104131,-0.7496229654561817,-0.1532232342027967,-0.8606222294465267,-0.025867275654210875,0.8602558118042104,-0.03672696836292847,-0.07865369551279033,0.07945294694593552,-0.7196253207462078,-0.8109698462740305,0.5924394495219805,-1.2211970149047309,0.9033458935671085,-0.7526673775721033,1.5357268464917078,1.5426153452480151,-1.1835815236941776,2.7943890862906318,0.2503556774497659,0.6480623874824079,1.0221104897308408,0.28302617716210726,-0.04653420137095736,-0.3414689802343138,-1.561572446268629,0.07999051565332947,0.10481205333093668,1.0036981564221772,1.5070250356412596,1.5799902941917046
-2.68785346188758e-16,0.4143631654875554,2.0826161162560073,-1.7867301061153043,0.6602622377457317,-1.53648668895437,-1.0923739386606715,-0.9435636522136488,0.35686416319898673,-0.8431490634862409,1.242628404579616,0.06705785771156705,-0.4516081124065161,-0.8553326250934407,-1.7316712083134085,0.7076352500898513,-0.683364118038938,0.14533760174665972,-1.866479458742387,0.0146783831218128,-0.8325095456284324,-1.6507790080219216,1.7135470138064206,0.8488602198176753,0.5566370125938235,-2.066999760602137,-1.2333536251254937,0.07256466071813539,1.8269091585847326,0.5690312732180556,4.289409032207858,0.9202403769716796,0.9506893034029453,1.6522400298450548,0.6083857433641034,1.5066323852116978,1.8850239230899124,1.0467813241318786,2.192926612989838,-0.9152483286053801,0.8687594408770457,0.14256281219209965,-0.1300493288416571,2.1962139585690634,-0.8963799818577755,-1.8764424117340974,-1.0335525822322869,0.9079922563140085,-1.3640144269493293,-0.12999101847619446,0.5242739945896338,0.0068339024106559565,-0.6718495328174512,-1.767519453760265,-0.16541618127371993,-0.2881626809341903,-0.1722846546639221,0.5372043455846498,-2.214143368326346,-1.5318433847766226,0.6204591292201999,-0.045413560911675144,-0.3882824942777061,-0.2338567031408465,1.9017765137895708,-1.7358459384036617,1.6081029070605277,-0.30856388077686925,1.0147282687278147,0.6160628709293676,-0.2893190383719191,0.8641011156288727,0.12811619243068134,-0.06525892286725066,0.5745560252560535,-0.30150260257735423,-1.7828006773840532,1.2264526399940914,-0.08367505056837587,0.6474934235820177,0.10815853297458555,1.3464704911960985,0.15637278466601404,0.40220611246008847,1.1073528219910598,-0.20447804354745985,-0.6252349131104519,1.3629922931823641,-0.5188863056139887,-1.38019970695193,0.4375089370149947,-1.1478812026437306,0.5407112379836713,0.5101223980470193
-2.68785346188758e-16,-0.6703518835773705,0.4856584613797178,0.18433247216060444,1.5240780371867118,1.010550657637362,0.6916377231299758,-0.6785447406692569,1.5534540084840605,0.4165437453519787,-0.06864097713818874,-0.09057597176962173,-0.47705203066723023,1.26130293435389,-1.6961802360939617,-1.0959276920193328,0.1551570343257915,-0.17114797372149337,-0.4657506491536023,-0.02750229528924808,-0.11445241957677188,0.8025985231886312,1.839090274423979,-0.014748332547154297,-0.1453703593772026,1.4009720764870042,0.6004719580885552,-0.9611744001918014,0.8315348314716365,-0.4587200879069826,-0.6889209495086381,0.6519508596054194,0.6098729278015211,0.38836736895939694,0.04851737562090708,0.8287203222537695,-0.06203197870625543,0.6363243001272219,1.6506144567110586,0.08839140564970216,-0.04847859908699356,-0.7470837172680129,-0.03880846605919484,-0.25627892142993336,-0.17981505271792403,0.3562012814043818,-2.988472299327899,0.0602843214552605,-0.5525214607957168,-0.9887757632094712,1.3955562340628398,-0.15843003725223348,0.6817537470141636,-0.1221277026414475,0.5406952405248463,0.8498692964385707,1.2253436026756863,2.3237838975348573,0.3957892583408783,0.8889632349331376,-0.14899818411690835,1.752257335368435,1.6054666062981493,1.8450001512711096,-1.2511530726778934,-0.38330204112074934,-0.033642030506329246,-0.36337364971181235,-0.9241907729026215,-0.018744825228100406,2.0615977907925296,0.44519714011513983,-1.3604035533767371,-1.0286708174799442,0.1336486645551737,-1.1175997310579642,-1.7802839874770104,-1.6620385850135833,-3.160497700106517,0.9697619620539621,-0.6551224514713535,-1.3739103201608578,0.3018182549621581,-1.0829185060306796,-1.0684309674177137,-0.6114871124155675,0.794516688121526,-0.17702058569317716,-0.6980540998649873,-0.3155241466748847,0.6120083118730133,-0.15953974896791923,1.2957007171586763,-1.1778241467803872
-2.68785346188758e-16,-0.07124083698793252,0.3253016134888833,-1.4803808373579754,-0.02471139946011003,0.0030005959214802758,2.1752325841499607,0.10719385380023053,0.7581858691627026,-1.1023519524473195,0.393491738164034,2.524951658797295,0.8770327408232561,-1.4245241720732225,1.6434479012875887,-0.05261747497393951,-0.7769643622073245,-0.7349523865660952,-0.07977633957647612,0.4853132591770768,0.3482297312529416,-0.2910925472807513,-0.3797426957858273,0.7506778582738425,-0.8228316591676376,1.0493411470130618,-0.21860068155488588,0.5162341605563361,-0.5758068956534245,1.1329869647902044,1.7181681093179033,0.20092883398777117,0.3441150510224652,1.9518556094231259,0.21907948216812367,-0.729137062321632,0.9114087358961609,-1.2837117108829148,-0.013338986510990691,-1.0095997114292792,1.247611848288369,2.167317445949948,-0.19808466408699266,-0.6900730581515834,-0.6669372117541474,-0.017388228140026496,0.017668839502649303,1.5154541206630785,0.9911162486352649,-0.020452363459595613,0.9863910369568436,-0.07671265751295922,-1.05169123274423,-0.022792255688861483,-1.248936751252628,-0.16413606822260632,-2.1350468158106635,-0.5875788045908443,-1.4005603215178823,0.3586552994849104,0.0029567696966141255,0.26247068310997473,0.795281437155752,-0.27374392334169967,1.7202384352679427,0.9485761495030895,0.7009958712468876,1.8900781548142156,0.02183316888497322,0.15612492848844653,-0.08483704373628997,-0.9384095326166364,1.1593553761715607,0.5168856078887236,-0.5461219742784059,0.7192693047335468,0.984485227662582,-0.2937391928761251,-0.18616596230116295,0.3638672154583822,-0.3274412852049544,0.6081855155416918,-0.355305545505522,0.3241173986867682,-0.19336050324702553,-0.16879402622091244,-1.6414046873958799,1.3571484356523968,1.3720364998445165,-0.5882419958956382,1.6523758061397404,-0.6104278044772407,-0.20432144305950461,1.0950898162700102
-2.68785346188758e-16,0.2086939081765138,1.7856944626796818,-1.1323645788336232,0.9140779430104007,-3.5488719027079165,-0.1697841855674571,0.17812543941601855,1.5661520763234593,-0.5522986775860959,0.5088627646835898,3.7595438879761156,0.5116560631175683,-1.6626247111863668,2.3405730402234712,-0.22214782346770806,-1.4787353593979848,-2.0909529082257903,-2.132119006398741,-3.203788315161761,0.0005504062957746281,-0.6395580120357556,-1.2094883431770105,0.5171600054448605,-1.6427564828430903,-2.4535199414498496,-1.233131781876444,-0.09321941861990127,2.7324527089430815,0.15126081553473614,0.6887464536285282,-2.4040476732729474,-0.43520669950496904,1.9608764595657842,0.12410284057095561,-2.8735625623738796,-2.6397840138645776,-0.5410243669143041,1.1691967376682417,-1.3992275370120395,0.3651813047057348,-0.9067274861329409,-2.247712099803253,-1.2307687556071174,1.9483303228304192,0.5048450224371319,1.13099455375266,2.777607706417461,-0.8444290437910088,0.3992338466703395,1.5454440106596443,-2.152094828385029,-0.6637250923137522,-0.5782488549503131,-0.004545186609941116,1.2978256018206509,0.5962298865227232,-0.09007211407519178,-0.40534779100082985,0.6079208623097335,-1.1021655573691649,1.3772450020340028,1.369684935464408,1.2640427215764214,0.8482028504750994,2.07443844103887,2.048013969083376,0.43929596321390485,-0.7552859814655886,0.3558627584295303,0.9976013714266558,2.1577888282761153,-0.06696803045595989,-1.2141927628980809,-0.32232500460064345,0.2075397010461123,-1.5567977182097608,-0.3928610749169542,-1.7777790200571928,1.2867042240552435,1.0802021279243554,-0.8655655539111217,-0.38372709419417395,-2.100282674882282,-1.0944028522189728,-0.050602507499105435,-0.929931390468862,0.5896653242262585,-1.5638344719785209,-0.804357779312812,-0.8091591044747629,-0.6540703331548999,-1.7540939765381898,-1.0750262313117167
-2.68785346188758e-16,0.8752932094880057,-0.09630385548002562,0.2931615267799725,1.0319780786287436,-0.5865846621576709,0.26978764533055316,-0.3697254920072433,1.1836616020247526,0.5995484833830642,0.10633195180674412,-0.16845114936210398,1.0872193745789065,-0.692857199136738,1.741628789734656,-0.11026717505533247,-0.7744823568625803,-0.3417449871927644,-2.6089263960425084,0.011682522950709373,-0.1670448013167804,0.554067463071946,-2.2739299503830637,-1.4798001457942425,-0.26212855168351806,-1.5825451215671265,1.6348331000281593,0.8039863583791691,1.363576418002114,0.7368471418890478,-1.5493124487937118,1.1379673840262745,0.48551615128108655,0.6499223220375684,-0.8360153043394327,0.48369046848395736,-2.9120222646057057,-1.2352464788654887,0.626224916019693,1.395166469465009,1.6064342588316791,-0.34590004961623955,-0.8190649117007908,-2.021047828942935,0.059867357409440936,-0.24646478757568951,2.7234907999265454,-0.4012346491747605,-0.45017512199817883,-0.5938532366611763,0.9823583557745633,-1.6548540790009012,0.5790810865704937,0.5823325530594264,-0.3661221589559136,0.11667171947631438,0.768973719660681,1.8706465706480127,0.8089134106490516,1.603120289993195,-0.24690268821167285,0.6291764743299998,1.545029074767223,2.6174530729000107,0.7000958250392291,1.7453060195396688,-0.007287910584288834,-1.8634841202473895,-0.9077568895151761,0.6300073666100698,1.3264418967218972,1.0825896775724777,0.2678306996202978,0.10894848054525563,-0.15386365402374286,-0.2675419762616564,-0.26651351708057036,-0.8739918023141526,-0.7596177527902261,-1.1447132088471925,2.2545304846746514,-0.26193530751728195,-0.007744837918544204,-2.3181628463880295,-1.0607421246268958,0.12267659395367811,0.8490846378716072,-0.7174404480101052,-0.215462751695601,-0.10513971198802328,-0.8960115657544956,0.7088078721586589,0.7365823520578699,-1.6834572870223232
-2.68785346188758e-16,0.5468525770943061,1.6857810455689453,-0.7994832266047949,1.5763911451601407,-1.8506036186113226,0.553975090945507,-0.15157414089783394,1.0041848713411856,0.29925964862701254,-0.9662754340736386,3.79635241865652,0.013091512838613095,0.8566685740244049,0.898930040307955,0.2843473401994427,-1.3684159503859141,-1.6618993580147334,-1.4751675105352537,-1.3074707456401253,-0.8183781505526763,-0.4031662101279945,-2.4167630651532934,0.17226549877378158,-2.309348365372771,-2.2545232297519755,-1.1069570047532964,0.683503532349811,2.7043226904914643,-0.42438912323036027,-0.08362100330336078,-0.07697439054023392,0.10148141280676315,-1.8116004219849555,0.1236141385628603,-0.7823174231790953,-1.1822086339602202,-0.7458976271448585,0.7232445388204864,1.0649995531838177,-1.239754214056514,-1.7863122188682459,-2.1445811728672486,-1.4222634863483599,1.04564164083134,0.5764743518806873,1.8009658725371311,2.6184260631942453,-0.24405259608291002,0.4702570107970814,-0.05547324711675361,-1.4435652678186666,-1.3287059152460474,0.0558662543212281,-0.29470021014432995,1.5619532887898628,-0.8047529854427266,0.7341632279256257,0.682807556548066,1.592392351971762,-1.6336728835666054,0.7474482201755613,0.9480161643522661,2.2289801261217845,-0.7339014767711652,0.3438926492068267,1.0821172720669598,1.2863229543687764,-1.0856766490758072,-0.09700985937384327,1.682700121626188,0.7564331486422236,1.9132975222736015,0.6199919754297301,-0.3517615203693995,0.034319859712580725,-2.672089972263759,-1.348083688079704,-1.7547069858408673,-0.24901863222848286,2.997019259818962,-2.259782174181063,-0.16609371979248666,-2.1649340888996966,-2.808035488600451,-0.26200071140641823,0.005529380749606239,-0.44193164254548095,-0.02353156414009394,1.190022113764193,-0.7331559238248302,-0.32348284997119287,-2.5821352981365404,-1.3166543302050744
-2.68785346188758e-16,0.8310772548560339,1.531029141288234,-0.9229044838101922,-0.6792131540529217,-0.585521981469374,0.991412467026467,0.18656717790112243,-0.26875810963784985,-0.2750996862593339,-0.5185963343015205,1.758465355206999,1.7774778175094392,-1.115594856481441,2.4088653290727637,-0.19782488790472527,-0.26680320840355326,-1.2665295810673498,-0.5566361109898605,-2.690448187997214,0.7299154104594564,-0.9905855868092353,-1.864256919285,-0.3686189226466205,-1.2553087772755809,-1.1319306962403037,-1.9670056326813012,0.45321733157558575,1.9635212479249182,0.06762785661042597,0.35013745240658856,-1.6707475895823443,0.9189192310859015,1.729139812516546,-0.1959360549229865,-0.4174069253513258,-0.9293613406578003,-2.5193661336459168,1.285162158198695,-1.247949701182209,1.3120400896399127,0.9835460167325081,-1.499654683500015,-2.018518828282268,0.15369064411570205,1.8104806154453725,1.532269083474212,0.566800606698331,1.4541200677480342,-0.19297637312529964,-0.41327071758661577,-0.19122079442661272,-1.0983595545856923,0.8695829434654793,1.2507497594759052,-0.40719828396946944,-0.9447382934542031,-1.399368620538732,-1.0358729784953455,-0.13076858026875565,0.39657618761877284,-0.11875300990401177,-0.26477953940434423,0.2932994065126916,1.5695222308645824,-0.2042645912786718,2.191487689019505,1.4501057275203213,1.714940998113151,-0.7715566963620171,0.7886547911646576,0.3954551739815531,0.4125342253589614,0.013003051484521466,1.008101863821642,0.9216267828348051,-0.6097211924984784,-0.01379190948526371,0.26103222554007915,-1.5106201081406625,-2.0535015603997957,1.8325485175628125,-0.6942917372728189,2.7603347919604455,0.8460351923236714,-0.41458570519827753,-0.06312519127797356,0.3688948168856182,0.5648574688939345,-0.20570481118539558,-1.2389616934230947,-1.0805633372994499,-0.18280540349076557,0.5649545126650415
-2.68785346188758e-16,0.7088287063805507,1.3064781911781214,-0.4684573065882479,-1.493243057843102,1.809952272457942,-0.10611288390149066,-2.6972958788584966,2.044526879252064,-0.25900053149242724,0.46776919349743445,0.3370014733810007,0.967562119695216,0.4724628420452034,0.10293805518578254,0.06772273359974176,-0.66231945172197,-1.1165355331140037,-0.46084169500698874,-1.1140804308852486,-0.3123620432034563,-0.9180647543149916,0.2828214397868344,-0.39718552193342527,-1.0743765276139123,-2.0160892887367337,0.26635137974390066,0.15686974913716975,0.9979073512743382,1.9317519739779367,1.5063533619258966,-1.7772193968511123,1.3402172639380845,0.10727424528622365,2.338211356401578,1.2162732095822952,0.27318314359852636,-0.8934349815145619,-0.26664592207806137,-2.33017080769576,2.335318536760848,1.1694206145117017,1.2053081993426225,0.11013854390921574,1.2898356315142885,2.6320308698678403,1.3630915658816376,1.316525113279843,0.33793080724074276,-0.14445467850304694,1.9927515523999946,-0.00805558041576443,-0.2812780465994524,-0.8752147669642306,-0.7137144291057846,-1.2669277053728154,-0.34574714582055194,-1.0996245680553411,-1.2965235767002359,-0.5068229300286723,-0.9719890126530879,-2.0803529882191034,-0.622643286453028,-0.7394037703205201,-0.29297525101879446,0.006837584929742846,0.9280659330935732,0.3214416755541759,0.6834870572130004,0.419266283182258,-1.578348218172061,-0.07884879164571162,-1.0243907863434212,0.29206209718801646,-0.365541354755664,-0.6169845447244101,-0.37992172843716576,-0.9587064727874116,-0.10946008879065838,-0.3101601320218563,-0.9768787288832225,-2.119444746215865,-0.028481607430124293,0.21733994943382107,0.2898561363318545,0.13198755070172136,-1.7631713708660046,-0.039487440186469235,0.08699615925682569,-0.5710649320036412,1.3321862650579688,-1.004044437800027,-1.1979100442691446,-1.0847400136449212
-2.68785346188758e-16,1.080559723599039,-0.11654831574543331,0.8093747603665066,1.9268187016433844,-0.4830207423800468,-0.23866115118572,-1.2316637785420033,0.7183815946769876,-1.5822995310439258,0.01787086310909451,-1.5832212599511357,-0.7457681274005519,1.0498424024475288,-0.6859371095658275,1.2342849912566887,0.1288803414949276,0.6790320890627116,-0.32383518208378637,-0.5946476734252413,0.171491609824947,0.2834149242449854,0.8238503548385211,0.45066618965149935,0.3768606198427254,-0.5242214795417142,0.5163862646425966,0.483353264409651,-0.7885634991497135,-3.4625864927786285,0.3000774015229415,0.9234209368920876,0.4771581088282505,-1.1110503196077766,0.17566126384864078,-1.272514202052945,-0.06484231995598799,2.862125219533134,1.5424371700492019,0.017172550756787253,-0.2423352188872916,-0.4019939386043029,0.5643793960872201,0.9978880832172029,1.569724773080273,-0.6442700416441286,-0.30203588341550053,-1.6436538107897145,-1.5248572149226427,-1.1228481358311995,-0.9660050043885096,0.2578629603068027,0.4201495058077406,-1.1751178195508767,0.420091076411852,2.133145323716337,1.301502400209089,0.3666073866393246,0.1769291301684672,-0.3970822400549501,-0.05604155544851197,1.39469130944382,-1.123651472991611,0.1315275023336754,-1.8625114478056486,-0.4523630398621328,-0.08972090793887877,-0.4145077628227658,-1.1555987381644706,0.6932910338613703,-0.6901044643046714,0.6706856366762711,-0.6380290469594404,0.22055209706698853,-0.500236510512947,-0.08217895703872043,0.08585629096163072,0.8832515394927437,0.7939492120566798,-2.081635249954902,-0.3509251214041677,1.0147784490439151,0.1278991780951289,-0.3733598884866862,0.9947640049095443,0.6391246392768604,1.0596787027340706,-0.18346700017840828,-0.3718674708369446,-0.73521165963692,-0.7479229003905383,0.20735445920185933,0.3282862266632107,-1.0462253530181742
-2.68785346188758e-16,1.502690540309174,1.2618772765613884,-1.6280007268529786,-2.0593436877591027,-0.58080255955046,-0.5385026590199172,0.0637896373127968,-0.207532002443797,-0.219007616000667,-0.1967235899292973,1.2940942526631702,0.8049089998691308,-1.8971032477214507,2.0632210352091147,1.6616861117011503,-1.3942117403952226,-0.4037220403242383,-2.1852791573068164,-0.8217708508603624,-0.5575978362420877,-0.8539774454695446,-2.429440762159303,0.48918182324872095,-1.3844110357170178,-1.7098189531094803,-0.637381129401141,0.1447666860066861,3.9614796399101544,2.893213249464335,2.141134380449696,0.3037661460922534,-0.038166856707345084,2.883666099686474,0.20615538097299588,-1.0082654363142762,-1.5986933342478564,-0.2933811220873437,1.2644516328640993,-0.27815672585148443,1.205614614002251,1.6406641398167527,-0.6141343059126634,0.47238673721651,1.3082986675453279,1.3507163120386347,0.12787799915764642,2.6399763640876532,1.1902263934180874,-0.07180065603547468,2.280211784567431,-0.36976626543088476,-0.5393537850030437,0.07843248644234174,-0.7575598157774989,-1.298471518805031,1.5876274919558713,-1.8638684881740555,-2.261601051493038,-0.48217961834016293,-0.10943249129742894,-1.2984771332716907,-0.5597848379965216,-1.1456841869444414,1.4058018644669612,1.957072040657909,3.4166464801515395,1.42813755513438,0.228619147219831,-0.8058895697031956,-1.477589563458001,1.2156388625439312,1.2617000757201093,0.3900225716044368,0.09999827794884879,-0.1694280993246549,-0.6502347994097666,-1.8925728768435224,-0.7859114630947132,-1.6520203571172667,-0.9245666876929409,-0.36711405145088793,-0.6234849079869027,-0.07009338925218922,-0.8859575484580859,-0.05859654521892637,-0.28099389994666024,0.37772902539499204,-0.371496208173583,-1.415396217884962,0.8129477116318522,-0.06204801960175921,-1.6100292778159602,-0.901337650308219
-2.68785346188758e-16,-1.0789498445265227,-0.1433868295593297,1.2646880949638786,0.6780970860626887,0.052730250737656026,1.0798013349732682,-0.07019228045322574,-0.8951139663405921,-0.6273085404920576,0.8480837970447422,-0.937414023806393,-1.053649436418376,1.9921212746118628,-0.7586565880319233,0.13097258262966596,0.5424513477633612,-0.2844359093554376,1.3933272423293532,-0.700287037077726,-0.8216430830985734,1.5270428281484423,-0.9208589712057176,-0.056606664905357214,0.2784413701949737,0.6889352418101636,0.9586270545398182,0.9779391518738096,-1.9877275100009828,0.10665401210518055,1.213989717569541,1.920964253930086,-0.6449060668151939,-0.8312984365772871,-0.021685768801494504,-0.32073672754214616,1.2838556898276443,1.2394588203758214,0.7727461814262786,0.042808392615117874,-0.23897917076383124,-0.11447604119248334,0.35663539236920416,1.4703470747281204,0.41394310388331695,0.3799276084056951,-0.5336203321976435,-1.9244959049827124,-1.195530533402706,-0.3275559646019422,-1.9659225899711226,-0.5747162475269437,1.411396947607408,0.5314885939945789,-0.43893306034306895,-0.05957065337362433,-1.908971404924465,1.0150508549829687,-0.3303613765001979,1.4736591828950547,-1.8664433876369437,1.0624059227091687,-0.04507380459891691,-0.8875825138145437,-0.07362550237070775,-0.7491359544986143,-1.6418767834380692,-0.9032114005563501,-0.5342395203769316,-0.3959151314850686,0.348856955366504,0.04443915344602739,-0.3455548052934676,-0.6721418472228825,0.1386423345430876,-0.6478018901255322,0.7949745743750413,-0.4036448460261577,-0.3587953534188507,0.8672372580173849,0.5787830243290284,-1.1174856614647708,-0.09047961664051543,-0.06651218568179554,0.7659337119070905,0.06138801652802867,-0.001467056892722314,-0.08823719222479434,-1.0913338117113998,0.7095892719022556,-1.5341282268506777,1.2239358581267723,-0.7410984032268335,-1.0616516741538224
-2.68785346188758e-16,-0.1341016128037896,1.7597579874277627,-1.8644474568903178,-1.07360391159895,0.15233523577431274,-1.1917351294767422,2.1352890782105285,1.7543081977616544,0.0819837652984668,-0.2589972399565068,2.285000191884881,1.8903113826165565,-2.5735386204124673,1.2887532955945737,-0.8023088792540699,-1.3169086515403337,-2.457827626978123,-0.7384774924489931,-1.862774824307547,-0.7399258176337133,-1.5305238581421736,0.09643465441206178,0.6006578661222846,-0.582407289541532,-1.4657113449293646,-0.5750742025311183,0.03803176196430679,3.468083276100841,-0.5043251344673358,2.085807579493575,-2.0630243482423873,1.0228276149579212,3.0220639891235788,0.17817098554450495,-2.086793062569565,-2.42063931313806,-2.192512009313206,1.1227816812395242,-0.4102038039309234,1.7068872979197047,0.3439349360893428,-1.932871139097547,0.02640585799994105,0.37332260965793673,1.5651173315553706,2.931893771867612,0.6435276558357228,1.2017859096366905,0.6087828148198997,1.8366930981710536,-1.957339446807966,0.6094445455267425,0.5837570218724136,0.4937925258051118,-0.46246773308564737,2.297611136268077,-2.227346012847961,-1.0255596485990084,0.3654258932000291,0.24748515920924527,-0.9491810097441129,1.316376993053463,0.8034321405455542,2.7814950553917637,2.912187039729105,2.5027742355189613,0.6339888870222818,0.6498134613423677,-0.9170016197107446,-1.247372147303637,1.2132424769013856,0.6777465508903375,-0.31902878158665543,-0.25260604372913,0.5318532288194644,1.189591951983096,0.1933230621770311,1.0547239915214617,0.4591104732069643,-1.365457986706141,0.09746615030953064,-0.45295455417020075,-0.3194507123490422,-0.7469625266388908,0.3048538632532075,-0.6083577650189884,0.5915462839169343,-0.010950687127617459,-0.08334876530353985,-1.5153802114065535,-1.019837705583459,-0.86719254501376,0.7770259578239426
-2.68785346188758e-16,-1.0594187227907117,1.005807017502177,-0.7738472187712645,0.11847588503887399,1.3535132703811965,-0.39507735683455597,1.0188130423654456,3.5874438347604345,0.0041408799763463814,0.5580717300528241,1.5252783311725413,1.116406231533591,-0.8155147178776814,2.4518053111534446,-0.3420676509632589,-0.8396662382945792,-0.3312776285993507,-1.7980133424388591,-2.588861573410013,0.3341370119234003,-0.6413383937572333,-1.2695461884599428,0.662708537983558,-2.3649332187249774,0.47982375174870606,0.1878048841797516,-0.5275071301652778,0.9007011406878995,1.188977670652295,0.3610180398581483,-0.1721720452098593,1.0104995094055391,1.7076013893010273,-0.1478252303801617,0.6175098241843038,-2.3775467383049618,-1.444047926289306,-0.9898566289092001,-1.4500363185643361,-0.49799908100189394,-0.3063649041528654,-1.7435590160029029,-0.7896110039883819,0.7257042166724855,1.1124737200663748,0.8773357833818503,1.1757297117865164,-1.2891453373603938,-0.7600127880373768,3.5107452736407114,-1.7173053965303497,-0.6884501262437552,0.9217189441636033,-0.9425939948673759,-0.45694083261422214,0.08882029730362184,1.2255569650708225,0.5143432338978374,-0.18719497874919422,-0.14039012896845393,-1.1945279868297738,1.5348165983609208,0.37499395151879944,-0.2916139285670494,-1.128199697937463,0.12064564506340048,1.3704324717319363,-3.1677419156454483,-0.915856993178973,1.0659010525213621,0.2557732070632621,1.0441660159425694,-0.7930577813847983,-0.17747707398025292,-1.0485788794993771,-3.0204718465691505,-1.9880160199849897,-3.000785681715145,1.1610500951348786,0.2428235033056189,-1.3023072306651422,0.43847935828960766,-3.832601152588715,-0.8944573447390574,0.11704112234987427,-1.7162788970605556,-0.5301500131614012,0.3223662692742423,-1.0956954589993653,0.23692636748625207,-1.4378311670164132,1.5864459906762385,-0.6138630851405692
-2.68785346188758e-16,-1.3788135870685583,1.0747086841734572,-1.639998922210176,-1.83386464074878,1.3101261017397143,0.0891884593428599,1.034551924812634,-2.9194139875139236,0.3122606750885878,-0.24246708111156454,0.1339342252611272,0.9672521004174626,-0.9484164580779547,-1.060117355269953,-0.3304718848369997,-0.486884914592354,-2.289092322758795,-0.7404946490305975,0.588213641801139,-0.22469057378146398,-1.1324917680618911,0.16950087572805117,-0.22817241238142688,0.8119798321662735,0.49754947246002956,-1.137606623736888,-0.5545390971416198,1.149289669970653,1.0179339841402872,2.2876604503062934,-1.2372282658279783,1.3771339310782806,-0.9584121068009657,2.5363656145677416,0.10352456841327351,-0.14339920606687911,-1.8227651948467205,-0.41285798654655353,0.1875040441360526,1.507721052877045,1.2263126341865098,0.06377503785421945,-1.6998201276774796,-0.16721657511883325,1.274698251053484,1.6771683730738633,0.9363906637852885,1.4244716329482459,0.8247958511816655,0.3639215008931366,0.15792183443123903,0.38198264186297975,-0.29514160377284276,-0.4406401009136641,-1.6352280204223666,-0.20090495355000182,-1.2077029988282295,-0.07609220594617838,-0.6789100412079574,0.45328010517684175,-2.0923487180299913,-1.2075799091111104,-0.1494930661516911,1.6373129480340407,-0.16746245058000042,1.3276331580044078,1.0778654787048754,0.952412106061018,0.26466378705239074,0.09118336263045554,1.2006725132753338,0.04444864283253254,1.607531876020508,0.1392701824803218,0.2933561476561057,1.901364097612862,2.4773268199167346,1.7233437432283862,-1.260128586346726,-1.6620182339476304,0.6624698004776739,-0.7469154479029733,0.8391110646441453,0.6888860855407325,0.280531530340267,-0.16682315191489816,-0.3582085091510115,-0.20977735610826903,-1.8294816080024394,-1.402888750309096,0.59365384748019,0.8186211934011512,0.7218904760201924
-2.68785346188758e-16,-0.12271977808644326,1.9733380305419188,-1.2267427575195686,0.21075896012768097,1.2087992422440599,-0.675052418670835,0.41038690546355394,-0.058670530519090436,-0.06853374257374423,0.7829249136500372,1.5447478706744553,1.5148421497036653,-0.48206802534452986,1.3174582238203802,1.478096186768183,-1.8584857900790024,-0.5447881288605398,-1.3602390791630685,-1.6947962302385087,-0.40100282526682907,-0.075822052337711,-0.7198779777528266,-0.8556346081718552,-1.9828860515461422,-1.5674311607985274,-1.6468007371890292,0.21644862322118813,2.8962468598779094,0.9542330016218291,0.8586522376947552,-1.8454782475927474,0.8647548412447088,0.7972594449885295,0.4683428099240886,-1.963080561380993,-2.5850825044723926,-2.1649693028173567,0.3444125956039664,-1.5564711385307088,1.1448775091012657,0.299856087765104,-0.9752111165571605,-0.756814604914128,0.0051367226803400445,2.2329310876848942,2.3485093209707895,2.621985623036416,1.2586021910507164,0.5113386022895201,1.8558110886668788,-1.83658390151391,0.17989333130266566,0.4388419178515095,0.11337564165001295,-0.9119056963133872,0.12236878168416357,-0.6506709824936199,-0.38859834365613544,1.2222270797316792,0.9670850351611161,-1.3410642674976683,-0.8159610577033284,-0.4405494943057228,1.3915995155288723,1.1880526214910403,1.127299532687244,-0.46129881187663324,0.49206488325029396,0.6575285628165084,-0.5385371111325685,0.17433420986537562,1.692428773229859,-1.431484520525087,-0.5168812144449981,-0.8212235356972486,-3.9028942266804747,-1.0529581659416243,-1.4354952078826972,1.7919557581039425,-1.642346755311929,-2.069333409576683,0.4125849032465707,-2.7751627182852223,-2.2275208220558165,0.704410695980325,-1.3325836593010292,0.037314709510578165,-1.1923059126459972,0.7344485161376056,-0.1792365036592702,-1.7069253603916275,-0.6445323335006828,-0.2886534336286349
-2.68785346188758e-16,-0.5067967767091505,-3.4577982524210973,1.0667181350563815,-0.9039573946818651,2.8616948320851097,1.335091644301334,0.8482603193457884,-1.1192530284510465,1.3406202635691913,-0.14415839743309494,-0.22483501739856412,-1.6924686839928231,2.241984986123976,-1.1604405582300834,1.0005493311750617,2.9662229254728447,1.366272348414428,2.9682501480147785,-0.0485461492834809,0.30670653047692076,0.43756092323914,-1.1821600834834627,0.32743749231906155,0.8251478663076864,0.9375227087224283,0.5380018541559932,0.05515119602532695,-1.4717829831763427,-1.9130920074623363,-1.663150656619624,-1.2208722504198728,-3.189840942033542,-0.6486822045892071,-3.4708071778000473,3.28877401277132,-0.760751831885207,-0.3061775114583676,-3.1107554145311487,0.7009544400146956,0.21076663955705535,2.121945086672858,1.7907719961077693,-0.9276623348949997,1.872111694148675,0.14272613413977653,0.40231457723351,0.16876544246646608,-3.285031586273794,-0.7125617191657968,-1.435992151338869,-1.231684709502169,-0.31400613713604286,-0.2507326681249764,0.16925919705936118,2.0122304827318502,0.26827835251620746,2.7736258325623266,2.6960377567745084,2.5469464640869797,-2.4348175548760205,1.5347410962607226,1.7293225662621272,1.5355603777042615,-2.5337661430015315,1.2912992594250894,-0.9372247904364618,1.402530507787804,-1.37566033424267,-1.114485223408977,-1.0146931681381632,-1.322566199297859,-1.5082250978920313,0.6369173158753726,0.32687999082839053,-0.8675978247154768,1.8614370622945722,1.1412290837800012,-0.2658260181134728,0.8009939656803257,1.2030777667949997,3.228098187762858,-0.12695110076096788,0.9812993848088966,0.4869917464783695,-0.4021386922243573,0.5424801791543082,0.169902409117482,-0.46604427958505723,1.2474257334851582,1.0288142095955166,1.908856219216639,1.714452452597998,2.791304126749405
-2.68785346188758e-16,0.9246207752648551,1.4543547127814014,-1.6028829737840962,0.28701018158939456,-0.22254327097604,-0.3677893946239667,1.0945604682587928,-0.16873573351794924,-0.40542506793100913,-0.1510247774211552,0.7682536367032717,0.03229143135300139,-0.52702545683327,1.1290258781946316,-1.0204492893070087,-1.3723058067233838,-1.511950789640065,-1.6249598482867342,-2.3290828872907627,-0.30175731021152047,0.056386744918304976,-1.2456134120005335,0.6492304264793015,-2.0629865223188077,-1.167051520754947,0.3187729462109157,0.17437242456857868,1.9253982579057853,1.0512047966480296,1.8764422523985194,0.45678521002702405,0.810128211844898,-1.3875619571835331,1.4221216482337689,-0.7998815065726772,-0.308314988294051,-1.6719760776822519,-0.1286258673509989,0.17807764198423914,0.3938271971356875,1.3116629776506812,-1.3121107536754324,0.9739334522225829,-0.07739882911439422,1.251569054315127,0.6757499417241105,0.8636443301858656,-0.2061178379465822,2.3500956778231386,2.3797426078602175,-0.921974253241645,-0.1748713763643023,1.1829544123096059,0.3966463497537093,-1.2315258764373134,0.7150154357297411,0.5132255410535235,-0.03284132101330106,0.6075213174602778,-0.7019450786046001,0.08247605373679989,2.7524315051530284,2.3249677925429317,0.27087083326736694,-0.07369664856141583,-0.2640550981305644,0.7815335388681816,0.2809677400350104,-0.8857010151910258,0.5614026636916397,0.553432677482247,1.6350135484982429,-0.5080852178389317,1.0314804836107239,-0.2640433411016951,0.40772342330308875,-0.944996927063072,-0.1634260310627812,-0.09559648809417981,-0.2549702292254136,-1.4329584194006169,-0.0843168275229846,-0.8670735695181089,-1.675272913546268,-0.08180061352567206,-0.18095520545486005,0.6898481250586369,-1.594296413778649,-1.3671013565149053,-0.05375835763809922,-1.0381052190098277,-0.9199042303639449,-0.507713363999294
-2.68785346188758e-16,0.644060036243153,1.0830892201397704,-1.9093009388983306,-1.0318996130543947,1.037153879614995,0.2105257681143762,1.990805248222403,1.0862020372338574,-0.2953991785267226,0.5763006647905831,0.4547490630280758,1.300427597691133,-1.1009791712096837,1.1507500913498816,-0.48372907450569075,-0.9420084368034767,-2.052940975548781,-2.2924163026596527,1.1493591197539519,0.31909519202176156,0.05450759909985638,0.16309076409751988,0.1437366743815892,-0.6855604747737032,-0.17939622937250438,0.20082957911596488,-0.7288018308011173,2.182934783488806,2.8233640396154174,3.53517947902904,-0.2942646351907328,0.6578592352595698,2.04223838807046,-0.0911359909250763,0.15557337914832914,-0.8827140096151648,-2.580412871262556,-0.46904484604290664,-1.811272951629788,1.4156505475178796,1.0317318599931082,-0.27712163901517667,-0.9716937217458431,-0.4380016757365619,0.7688115782232016,-0.9221098185470125,1.113836295520752,1.3349850277345432,1.2456904999700233,0.8380036418496127,-0.4137177934829178,-0.037725252878254456,0.18758335970385553,-0.04730052612846436,-1.140310967067728,-0.9188396640657682,-0.6376673315598302,0.02060224408214617,1.9894693436220872,0.24783881942810448,-0.9160591361520432,1.530350259431212,0.5074361015909006,0.7975519736783718,1.2388991253314607,2.043604928159255,0.8158795380077464,1.7533608659705715,0.02367328976929176,-0.6309147367516943,-0.1931398874203526,1.7680343745820823,-0.21301011029658745,-0.260125595321805,-0.5669333008722359,-1.010282758140299,1.472600472019124,0.18624703203000836,0.18069631983421927,-1.9390408407954915,-0.4678470604632838,-0.3624817199452204,-0.1619248636703061,-0.7207766215514884,0.25773370549320307,-0.8110958712236123,-1.374178958902422,0.7510272665291954,-1.4334467676548006,0.4629714249821271,-0.29688767582660697,-0.3141073196889389,1.8614437952093792
-2.68785346188758e-16,1.252477338261,1.4994010595128846,-1.6024671791550982,-1.4473773673600756,-0.183545509542697,-1.4899291174027534,0.5056765937612329,0.16205190068277942,-0.5232923362274295,-0.5620897471157573,0.9762988888071604,1.632503734417047,-2.449906165220042,3.872402099230583,-1.0927068137032905,-1.5805681037674157,-1.9064840880984584,-2.9331486352279756,-1.7677547037561165,0.6949288628701112,-2.103997272579715,-3.500865109770875,0.15804489793787915,-2.2714491371403467,-2.667436333727496,-1.8423982428361894,-1.0526638132909962,2.2034110791556896,1.5308673705750342,0.9379269860386165,-3.818981851928286,-1.449212789271495,2.5558445651657875,-0.4917951977094094,-0.583678700832492,-3.314943401903805,-1.2521621873625144,-1.3967350109897623,-2.1092305644492306,1.6275999397919079,-0.9320981897825054,-2.3885993615636605,-0.9535493082399766,1.3944446392073615,1.6518737160248136,5.202495197506967,2.114631402710636,1.925286789669956,-0.8778740192922969,2.6795130558105495,-2.550104940914675,0.7151165912618239,0.6694497293423339,0.5963352634473724,1.2661918476280727,-0.13794475751656152,-0.08623138389830942,-0.3774118338414701,2.3358873586695537,-2.341611142480728,-0.09773418907163123,2.4585828868219703,3.612240325643591,0.5903143422516661,1.7678410623839298,1.4192256001972643,1.032926119761631,0.3777241860837332,-1.689895802162276,2.0334771561150933,3.3323066143223525,1.4766835343462041,-0.21514002624461293,0.423796145728328,0.8136983391403905,-3.685387565727063,-0.7023315298206856,-2.0052492066012597,-0.8643706632011852,0.05827084183746373,-1.8845936901091762,-0.053264888024179564,-2.2782609722498917,-1.3620125004379204,-0.14766541624070142,-0.5557227227953754,-0.12319269641712977,-0.9576274859754575,-0.9924574693855021,-1.576493859422191,-1.3567747702890027,-1.2862876928038462,-2.4859880527946605
-2.68785346188758e-16,0.008047887915827891,-0.39917330170556004,0.07473877633941317,0.4189838936976981,0.5172388396768509,-0.17842501167457614,0.045295728859403694,-1.3891519487311916,-0.898830961663415,1.1231259629917174,-1.2039091967152202,-0.6704131927065042,-0.11550861978597782,0.46505999023480493,1.5553395713559148,0.11315702875465054,0.056225133295289595,-0.07065429697617753,1.140298566756911,-0.3548801112942323,1.6740877737734698,0.5873562445886635,-0.22718661255262085,0.7037750897676,1.6765898167659847,0.9745374734256437,-1.2683368335252072,1.2425439059835377,-0.7187907792505186,1.2721425502925252,0.8789997722458738,0.9040758824132092,0.36438059825986496,-2.04493570773531,-0.033721831266311925,-0.7937677226393418,0.6098954117801176,2.1734257089426197,0.19080074863057928,0.6711224495594411,0.5639445075905333,0.6012494610159299,1.0392483315857322,-0.27089131121480514,-0.7013987900803825,-2.6634962419529513,-1.0339116938952686,1.7898085489982138,-0.1291346530243359,1.217783727041267,-0.3727488884542956,-1.5454759478150402,-0.4280010102865639,0.41026276001440604,-0.6465529395774435,0.8194038737203444,-0.632477498240778,-1.0940995118037227,-1.3080571752018182,1.3560590272608102,-0.29237154085847766,1.5887091813619696,-0.0013589914195858421,0.13139262532754722,-0.689991899336414,0.8502492830165801,-1.019280953711659,0.33501165426725954,-0.10903177158563378,-0.4520243656314029,-0.19536489240322935,-0.31636805838746274,-0.6650733751535258,0.6722983473527964,-0.10729676966912322,-0.1264184382178044,-0.7471482516313921,0.7548743207214461,-0.9344962628450888,2.0879997926734366,0.7888678094819338,0.6764155631145546,1.259474722788777,0.4669990538167337,0.53800423558853,-0.1763128029849313,0.5593960456242424,0.961778834176336,2.5693982648954474,0.9357829975366174,0.000747719168262273,0.8568328724065803,1.4509150779446536
-2.68785346188758e-16,-0.53236803756775,1.7668720143558683,0.7707764790883571,-0.3815334789215198,-3.681999510306854,0.21667600148351393,0.7497506678751169,1.0264181584453578,-0.478199280826695,-0.7530178405820015,0.7689336030153712,0.538583474079329,-1.7421656395220135,1.5493765442594107,-0.17516592992680444,-1.867874877149379,0.21121423617133006,-1.4124985380006474,0.1726777146070857,0.479663365444657,-0.6365800828238788,-1.1472112557418292,0.4318496298081686,-1.5168991168522412,-1.7557446956103724,-0.7470775860185864,0.8151487583174706,1.2857506434289512,2.034327423756853,0.07844643737882717,-1.797122970509717,-0.8653289701792011,1.0888221071529276,0.5380388456565394,-0.6193642470748209,-3.5927851844832035,-0.44911814223839797,0.4806087205373486,-0.6314181283058838,1.9371905554793178,-2.700482931886328,0.6187318490726492,0.46132119619806805,0.519210508755266,2.310537077888233,1.5407384886712765,0.9548122428603318,1.3491654161602311,0.291254951089697,3.251409718022501,-2.095475660355035,-1.1764226493083398,0.7361425821221975,-0.40396604790987567,-0.44407417789866394,0.6354375851040691,0.7625283158908247,-1.2842707556655664,0.025660504622109892,0.19297068393639538,0.8320766279514878,1.201050815338536,0.4634340417022686,0.6218491731639783,1.8435727127739443,0.6344804517735123,0.842692275509067,-0.8518063063603502,1.0013919777717215,-0.38244227271961906,0.7371914789219177,1.8686173327809308,-1.089326370716328,-0.1600946366993952,-1.4979372976214527,-2.0490682552941872,-2.215590965560241,-1.874591122068332,0.19721137681758094,0.5612395531130007,-1.6031019641082538,0.3734021629140979,-2.8985553996806996,-0.7556156403587381,0.20840119491114065,-2.2605746613334823,-0.42311542975254873,-0.8908757615283254,-0.10623206281967984,-1.2325553560764426,-1.306644730190693,-1.387973401088153,-0.7225617037091239
-2.68785346188758e-16,-1.0545322222422382,0.6439904965858143,-1.1222937875211723,-1.5018382860065056,0.19699035991546365,-0.6116631194912404,1.7963497374688218,-2.4538532830625286,0.7310788339024893,0.1769907642568454,-0.9810849770524177,1.484188302801639,-0.5790230063865163,-1.2334379901384431,-0.8333657947546929,-0.5678661800991986,1.114342707488809,1.180614110581451,0.834777757536846,0.9285597072760929,-0.8694767122981251,0.6579410892848365,-0.9858723357435579,0.429300976703505,-0.07978256298948794,-1.1436551235968095,0.010203488152084592,0.6581814884141874,-0.32135811432436734,-0.41369036402841375,-0.1327113843150705,0.8772801952189195,2.065419186100942,1.1912491566128702,0.9914755577408353,0.7526239800802483,-0.5419278464800343,-0.03384255350595225,0.7063583875158878,1.2331589915529493,1.2054285224458283,0.22372720893639875,-0.24269738613072545,-1.1453988445137542,-2.1022984696157936,-0.17283901794604692,-0.5278484278032431,0.49110742106474614,-0.52508696300391,-0.14806836206314433,0.6574962283551282,-1.2308472566949602,-1.603552942683205,0.638136603039708,0.6255229608230098,0.3970639146506541,-0.2733424974388675,-0.5754334383817443,-0.9458997211677388,0.5963821161900147,-0.8486201091285048,0.8069604388538092,-0.3015910307936559,2.0191592304781656,-0.47519656040015923,-0.28805222699368427,-1.3058711138634918,0.8253567682105386,0.4407495825680266,0.24648709447477857,0.9163348076469202,-0.21707723996227585,-0.5732219959042318,0.15195492603748073,0.22299702648062703,2.5318059965082362,-2.145422852420882,-0.5204123742064966,-1.4206800393367895,-1.427730084758,-0.3445228055987932,0.01675306529620543,-0.8885382519285417,-1.9207421610785744,-0.5495134217584948,1.2455707846762236,0.27948200503661647,0.37504693390269195,-2.0907092894450625,-1.1603736138507488,1.3862379166762935,0.9644102578187088,0.42374192922944487
-2.68785346188758e-16,0.23117502219937724,1.5362119419689575,-0.77007225881599,1.5255751356091514,-1.3494341365918465,0.41516321422065616,0.5561199947537553,0.4520794442668399,0.47621317061752877,-0.18883581136577818,-0.7828090418740988,1.4617924958606479,-0.6429485874216695,-1.7865288370932064,0.17089055332909048,-1.1218160319181036,-0.8812354608936939,0.2014097428060122,-1.1326619488442324,0.3765896412778576,-0.06184468588465952,-1.5805755859347763,1.3205912948895433,-0.19619886030313607,-1.5348314693284713,1.8595733754790005,1.5376524869975259,0.10026986176839442,0.08222308488568483,-0.22558207361301524,-0.7109039848632129,1.0766875105638491,0.21928148890240803,1.5004862300705328,-0.19528501390373093,-2.401511143693692,0.5956970980477935,0.42358480126134235,0.10641511267529917,0.5057485389239947,-0.033278459116857284,-0.6016178512575756,3.1817160148461836,0.8282842013313088,-0.37953303858342213,1.282501567863562,1.3682561935367894,-0.38082200409811606,-0.1391147193098672,0.60306218774282,-1.6868454616496313,-0.8153477155067469,-0.3290346051392287,0.01829159927745834,0.9582247504758925,0.991805555936333,0.405001432680423,1.9970761419111367,0.8912698657329692,-0.511063922538256,2.59341581089328,0.7206796947146705,1.5959805980723025,1.6635630415774034,-0.6630987045765115,-0.4996521355642945,-0.4592823298806328,-0.126756667648942,0.9734631541598993,1.2346369823103722,0.7219905044158574,1.2075425633516286,-0.6682891006310984,-0.3284089184483492,-2.1349590926945172,0.29408035172252267,0.5688664785608124,-0.9246894252914761,0.18450151220731142,0.6993812452311094,1.0383992808595548,-0.6570621351976528,-0.33320445061936227,-0.9413996483143696,-0.07193424577055745,0.26315601672091704,-0.24355767417523574,-0.6181942820167443,0.8390929618204663,0.6360395626738652,0.27646961659555863,-3.8939800237051907,-0.3331758478987518
-2.68785346188758e-16,-0.23072100768755036,0.3248107388566204,0.2533660535961635,1.9810150803939282,-3.2724512785189193,-0.6463864615006246,-2.236934185357185,-1.1424910560743857,0.21558769038852596,0.03322760778616632,-0.0061842057477836665,1.0668232384539107,1.5631449479388158,-2.0252465205731793,-1.2796270637974851,1.120674963374959,-0.591622355947613,-0.2069172077603351,0.2594479192754019,0.7947249345659149,-0.4346756855561,0.24036231163902985,0.895208171033576,0.49297067241320786,-0.6436279900280922,-0.18972864954477098,-0.4182796201920472,-1.9079033275287536,-3.2221251020016446,-0.559618648750885,2.001513173498234,0.8726860530018493,-0.9447325898155777,1.3122902632637967,-1.4062129888383523,-1.0765067012525196,0.9098792084708232,0.29472672656822385,0.3599794615533829,-2.296845324226861,-1.5220537550188928,-1.5886030390845587,0.1090480677735575,0.10263117761788526,-0.841505422678885,1.0196867713481612,-0.5014791026390145,-0.3210787525178334,0.123677526540616,-0.6852221441712194,0.7719708167521451,-0.15450483012756686,-0.21705767061808298,0.5518283591602222,-0.5586059345929637,0.7499825247767937,0.6272655172225314,-0.6711741577653308,-1.5975395909775951,2.1798750102938556,0.5657732375829816,-1.4465431076349518,-1.0931873729252406,-1.4336817156377182,-3.12411912340715,-2.167256092275627,-3.6047463018017254,0.14363068571197168,-0.3874865512345706,1.797418272173452,-0.22094046912604104,-0.24662339670603334,-1.7972217924051188,-2.004714654279939,0.22751632300511793,-0.1799060701919294,0.3652350909503707,0.5138421834399134,0.6333011626706331,-0.843557192662874,-1.3270205439367118,-0.19539980826739017,1.8228501516317313,-1.1021271754798487,-0.5289067188866301,2.048666041496053,1.1939937788589046,0.3796894296319552,-1.4492660793777479,-0.7083354149534302,-0.3512478035329669,-0.6636605900623925,-0.23689374929745055
-2.68785346188758e-16,0.7578014338934383,-0.4545296865742351,0.07650471673628756,0.08000127032183113,-1.6710978015159033,0.8252757909721666,0.9295191124963658,-0.11560524990679366,0.5206182155416789,-0.42044008003265376,0.23221849712794662,0.4734261460998205,1.415648216718294,-0.7787063552635288,0.18201836449892472,1.2766466691470797,-0.9168918469780284,0.05646216258039749,0.5891002490158057,0.3078102340882291,-1.731631692443635,0.3949682570859373,0.20226032193272975,1.644435994573068,-0.7894523813238209,-0.1033811932457619,-2.1413083704604787,-1.0184415968214373,-0.17236673900827248,-0.9081086851368865,-0.42104652608103643,-0.5452644574099442,-1.1444377065337348,-0.9638954842352998,-0.42400354130074475,0.172982293606879,0.9894096416811498,-0.08097570343951127,0.16818496067419353,0.21388907866899803,-1.18289225697146,0.027762010827306033,0.09931361478983754,-0.7263736772999916,-2.6106655608475187,-0.8697694294382222,-1.172537675762423,0.3847473104758595,0.5444344059193092,-2.817888817015738,2.17709151179767,-0.5361400834754984,-0.018537944245472615,0.9755812417953084,-0.2247768781230317,-0.3195244232299148,-1.1044867793740862,-1.095490893578294,-1.1503851949328687,2.653057182979083,-2.459933220985363,-0.623241538526887,0.14983556716224955,-1.2780946163942961,-1.0531838662014548,-1.2703077653282344,-1.3297662501555354,-0.882089973398785,0.10565406564721062,-1.1482790517017734,-0.0013266153886195564,-0.8544524946689512,-0.4144421485849241,-1.610030046478245,0.621291488048344,-0.4746176085690973,-0.28591356503087606,1.2381042965336058,2.323451792770191,-0.04722239565271613,-0.7891237519858207,0.6162302797463264,1.1450560350385444,1.200843494931966,-0.1283886884371503,-0.643183424542994,-0.058933652732620516,0.5322505502871163,-0.7105851399334238,0.2504135963709865,-0.5136906637943375,2.6839010124037275,-1.3491196429435357
-2.68785346188758e-16,-0.8373869685985894,0.3520207954256543,-0.3550513822228274,1.0219083986039441,-0.14128870051878573,0.35337104879499925,-0.1933943601333637,-1.122384066734337,-0.3388863090363868,-0.1352664376191334,-0.33924553952841596,0.3420859102790945,-0.15854143121773126,-1.007985057879145,0.16124079880285927,0.2205538203291631,0.21282969290498588,-0.5159569955576506,0.13133944574193496,0.7863188293179502,0.6794099865468104,-0.3250555479156913,-0.7013432363780512,0.48481869412800604,-0.5176572264563941,-0.3223015690388669,0.3365020491261364,1.2513109334488188,-0.8818757292088204,0.24324994832417296,0.6190225753650964,0.8140981080238346,-0.8768921986651736,1.6402643740513425,0.9193382109399386,0.3672631666082137,-1.162407041280607,2.11726268997309,1.1705461330794809,0.19580615862609574,-0.910645315184112,-1.2562598961080838,-2.293361036964413,-0.959166586023046,-1.6279457924569605,-1.2840772668156966,0.8234306370986132,0.20127224462518267,1.153122166745034,-0.6256968118228591,-0.3073990650077698,-0.5317042471179885,0.3599232016742287,1.1323916068229503,-0.1317580078893097,-0.3221081055133253,1.4499211812300419,0.32136131641308957,0.266451819692191,0.163613954243215,-0.09029025133808533,-0.2723058555593437,0.7522437558587062,-0.16069763813105836,-0.09976597668727083,-0.7237330581432744,-1.293206183866166,-0.1842865570451418,0.3372385590530434,1.0544582898791441,1.0331953941371845,0.0898052473636508,-0.2860223234460533,0.2627744013144829,1.3728290086057289,-0.0003177735021921563,0.261889376676305,0.7120407532727343,0.5151427947169674,-0.03594735714795021,-0.3491532768784546,-0.03621922126653812,0.7611401193741136,-1.6680933351440907,-0.07661040493131532,0.10372278236799937,-0.057969823386009624,0.8171068151028763,-1.6345814704445236,1.0274470882672468,1.154673615239071,0.8812134037556818,-0.688436050061349
-2.68785346188758e-16,-0.4676769003978596,-0.16091585203301972,0.3383969898061177,-0.48297115493412873,2.137878280926706,-0.9674168627762516,0.3089045044598595,2.2124380327239708,-0.1366422581063866,0.2901528243561802,-0.005271938076298666,-0.4021946293021912,1.7728067863016916,-0.5389297611285702,-0.6631724197894264,-0.14648301604774375,-0.8924120057430216,0.0908898800899064,0.6932377256377051,-1.2225930468783237,-1.3274447476919058,-0.6002858468000639,0.06011736798659629,-0.18051744624932442,0.0029852379790660244,0.8286886222838036,0.4863114787779477,0.37240280707675427,1.7483654629314704,-0.264660225964343,0.929474354559821,0.47247613037674474,2.248624123641854,0.6195115060770667,-0.7716334965705892,-0.013202538387132368,-0.17114601954614506,1.5146132276254587,-0.6126903919290618,2.320762230368907,0.7505089709539592,-0.4297329661645364,0.914763935281435,-0.35446806935815844,2.703899696303392,0.4782328064187914,0.8899721048444357,-0.18991015742797224,-1.5377603094074024,1.6503697615605821,0.5045256744088704,-0.7806878973032138,0.8337999663249892,-1.907518864754216,-1.3281456668210982,0.39388405987369624,0.005083986591950751,-3.199842919189156,-2.1547024857338197,-0.017341670629230532,1.175528774959609,-4.592432907065687,-2.208386723626543,0.9383829421285284,0.37080573166174036,0.3753673258224567,0.5215901353868443,0.2609433703380658,0.33515863050862194,-0.3633030134227624,0.6228515527397009,-0.15575017285179726,-1.6720872008439607,-1.0224732077826697,-0.41122717469991865,-2.0143270901107515,-1.637166575224588,-0.2847560538955185,3.0909503517024914,-2.1857890481946844,-1.28544057160493,0.21185230472067781,0.7252937375113961,1.9025780348819055,-0.378247796683216,0.6733697558741911,-0.5411377782342013,-0.8406124038688617,-0.42200551242708295,-0.600850852892391,-0.44830897234162304,0.03168059103340734,-0.4370205447374115
-2.68785346188758e-16,0.47164426356624584,0.6561114196142488,-0.22505916282136784,-0.7593717293851437,1.4660553647080339,-1.3377127040115637,0.4165734497183024,-0.6723773476400154,-0.8011203036021992,0.2804723198347123,0.21069545534042017,1.056035734540458,-0.8073441915016673,-1.377271099025605,-2.1404392114950923,-0.8324818600857842,0.12589409679976404,0.8400269875633268,0.4069174762452202,0.07611029519806015,-1.5002878343937138,0.4787946345648202,-0.6342650831926641,0.5234288793376167,1.1284153280337725,-0.054559524557101446,0.14259271371684473,-0.5123251494644097,0.05475555440640867,1.137010999380565,0.255745243408899,0.42239027090260595,0.21415610743353292,0.812781665356862,2.6682679956443383,0.4134002350710685,-0.572923574181456,0.6532067700473012,1.0566650839643945,0.7089447873626495,-0.31047968749533006,0.3708464420679354,-0.0697382908456936,-0.5681622602502507,0.5234415330913149,0.2717705561616583,-0.026609953180091628,1.4772159238231888,-0.3794647920755033,0.597375706112334,0.8804097387371006,0.6078510518158785,0.5009644729869779,1.1894741421903965,-1.5897970603777936,-0.6297790661628155,-0.42336373400518074,-1.2080509875863834,0.3791697153270226,2.1613277864035467,-1.3336689772639956,0.9076869539785388,-0.12496232073238778,0.9268668401463434,0.3808983850155239,1.2115986016680904,2.314360214340839,1.8847561517765696,0.5896105928539978,0.5337076349568819,-0.9991700086801033,0.6046224147950897,0.595373826727075,0.44134789093560356,-0.02234622816828824,0.6157184353714192,0.07900348386978409,0.8304570146014267,0.5786986706259462,-0.9124425737543196,1.5042229405889491,0.3672049002118513,-0.17660467884893005,-0.22931151307101336,0.22285664211432882,-0.246852475010169,-0.6851007739487622,-0.3940611384360002,-0.9469284739537036,1.8623048546589827,-0.4034597586675258,-0.11010180036612627,2.496319775874514
-1.3046031469419848,0.2281671798209689,0.9931365518674127,0.3390719718846964,0.2816731258206316,-0.00160622963994847,-0.715157083873256,0.14263992245218193,0.9449995946366425,1.010442492087747,1.5741572611236696,1.4487624294111123,-0.7026127818852176,0.49446411073329544,-0.42632516491744177,1.4890629030348308,-0.644812069910476,-0.33227062943618135,0.5481043554145879,-0.28168680826073783,-0.06317560347799056,-1.0271014942266894,0.8464851012479417,-0.4624032255940863,-0.8392643880479862,-1.6580529297376327,-2.2969840739571024,2.1875716822005558,1.0236054902950151,1.1188728524942293,1.1049005960446736,1.3677799969187556,-0.08305544057365111,0.21511892057561344,0.4357658062446794,0.1736438001671327,0.058078345364588224,1.5161089953191498,0.19116943209477671,-0.9639101292885344,0.20315176738059038,-0.1906219152621062,-0.059083670429912194,-0.19034498651886234,-0.21471625712798031,0.9272608519789125,1.3483483433701622,0.8659001065252858,0.5268124352338097,0.260393653784912,-0.3211536260172468,0.2109600754594022,-0.8227893179158886,-2.8335654464009177,-1.0428772305263374,0.45052534372357345,-0.44353028887305435,-0.8932210865611461,-0.8904381450112782,-2.418992219652675,2.251216021679975,-1.5521849466548336,-1.8053468012559581,-0.06722334431483512,-0.8978631580788154,0.08451752506622301,-1.3627281054058848,-0.5639967714245003,-1.6003420172139777,0.24279820052563217,-0.8118362258210158,-0.3248829479645479,-0.7605910507860889,-1.5084457076181133,0.9599086706774559,-0.6117742907980462,-2.1727775753633516,-0.03503589965927745,-0.47587314422614246,1.8678747088912517,-1.418556160365157,-0.6995181962961488,0.20724204492500836,1.5990093292100285,1.901699668060696,-0.5190516721971642,-1.7007681399906853,-2.631560552661572,-0.20527898139178824,-0.6038818461516875,-0.7371296683583921,-0.48831508882125485,-0.07917367747171541,-0.32048055941237785
2.9606592312046325,-1.3038202705006143,-2.686033848042938,1.3717787642035177,-0.8835122606632215,0.8838113402000337,1.630317045053968,-0.6535134590418553,-0.49391893855459784,1.5524703438776664,1.2868841623649672,0.44402210900392314,-0.6930764205661474,2.80566051118709,-1.145784096520961,-0.06262726371424332,3.7654939442452044,2.0315731118207605,2.394397913616249,0.3720571270247429,1.4043936798499252,0.8124557371882128,0.09821735650518484,0.4317438167210035,0.051096215106986476,-0.6805716687576612,-1.0606557765480038,-1.6801100242610456,-1.9615161568388126,-4.674101546674717,-1.4933839343303346,-0.9669154348082687,-1.5932274506923976,-3.106665938074567,-0.8281230774418669,-1.638589819989685,0.09290492296865255,1.119646207641566,-0.32649538271143147,0.4759334338416161,-3.3923747225181113,-1.7311129019736113,0.8530007327027069,0.6375169489817393,1.1417563720272055,0.5204588520523776,0.4147690133420219,-1.1932777854749854,-0.9094255627747486,-0.2899827453996602,-2.158921717708632,0.5565659207633751,0.017759907584493514,-0.6624232866302908,-0.16090386518996985,0.9109099520376998,-0.5007328568723863,0.5086293266003842,-2.4244124088151193,-1.6388351588019736,0.38783146693591664,0.7220361236272779,-0.3938142821339097,0.3123796484540171,-0.39455102963759336,1.3583091462459982,-1.6721680036193864,-0.5766183244564249,-1.7748076930645025,-2.5897595809458505,-0.04296553032191708,-1.644892418510263,-0.5581943985594379,-0.2075200589979913,2.070760183729529,1.0327668723982146,1.2911876556091069,1.6586255434261215,0.550453382609368,0.7298842760350015,1.6343765563257937,-0.12273654244030546,0.12014024340513425,1.2840423204093767,1.4574818914031278,0.008931399376304605,1.7095997474300701,0.33598296995528537,-0.7951651890062639,-1.0498047088270699,0.15514312592044527,1.197863038145814,0.07106891872725259,-0.8715701040538901
-1.9091060524741272,2.345903712139658,-0.20961433532466303,-1.0895583652306904,-0.7278597156703713,0.16698792234327875,-0.6757079221334996,2.0171571135262596,-0.25117258190557307,-0.8449544556617469,2.3710043737020396,0.20094010546228436,0.24210917500512863,0.2344787209884115,0.23140842381103313,2.400000253008682,-0.41813269598669267,-1.6118826947975384,-0.4970985323181524,0.5942218880352037,-0.3514767506820765,-0.8329952203803489,-0.1415586579815386,3.8869566923819927,0.7830156019316734,1.1539096210745419,0.08456216255647864,1.2687801176452989,0.7358058276644921,0.7480398448508294,0.9240754165301314,-0.30206297491927303,0.7821763898326303,1.622419947088778,1.0908982532400027,-0.29140520246968393,0.3847203757503813,-0.1450195867753391,-0.4972310193518913,-1.560056930266885,1.6635939512738953,0.22496276812861343,-1.1746206248138251,0.2077882332858113,0.34511392945777225,0.4780331168297267,0.6585403046307484,0.3086462776565123,-0.20660956543639566,-0.9171729822979636,0.273798098172883,-0.12186588615836116,-1.6521011506871421,-0.821294673213049,-1.187266642585175,-0.24971524229865882,0.7171285981392329,-0.4557445805403184,-0.4634118965645788,1.1000542111635612,0.48797560991636935,0.9827425358133984,-0.7402220266927741,-0.19278271565686517,0.9078193688682124,-0.016795396269958685,1.3764664354299616,2.342764469763244,1.2211393647983075,0.996451717277316,-1.8603410718243878,-0.16755013410104005,-1.605202271943524,-0.19808508311067657,-0.41290337497390994,0.8553138439252729,-2.0950976480525947,-1.3944763156065993,-0.8099522638277822,1.1450660834361306,-0.8062767395867056,0.17158030062896626,0.4750979419948827,1.0387695033886566,-1.9923029416994207,-0.6831520855192929,-2.5905695727128584,0.7626877600402351,0.2974449872260342,-0.17454162754787522,-0.7749295001297033,-0.9992542303605412,1.7245602265739788,-0.40933166789699915
0.053514471167785,-0.8779092952387149,0.08736692420552586,0.8799988168217894,0.43634168321456634,0.7175526547514925,0.5285741552574159,0.9817609992205532,0.7795879965721048,-0.6201628102541099,0.3208762859688917,1.5573100820244634,-0.2792623012895534,0.30597114455724506,-1.9109608264772535,1.0840591176228447,0.24574834885276223,0.5456265191034959,1.5190456343920316,1.681721411610868,0.9386549824274046,-0.6718635915786356,0.9731931018767122,2.60061010171061,0.5029000826901768,1.401926542972898,-0.7380288562354655,0.9115818844326874,0.02999885273903427,1.1537965509316104,0.42907761779840636,0.49412027109663625,-0.6864475544510555,-0.4814731365758283,-1.058843691674769,0.34538179901892296,1.5027393180568618,1.5540757376774266,-0.763547457723176,-0.8051961223062164,-2.1961240073287676,2.21652725282104,0.5001685558981352,1.1654965621008577,-2.007625740550897,-1.8156859772164036,-0.028505157894519295,-1.1426825850866866,0.0721101758815964,-2.6645380837018675,-1.8209379207898069,0.22203430122294932,0.4621718056194159,3.1117563651108533,2.2345971266283304,-1.1394108410535215,-2.8037786992151776,-0.4144536567710032,1.0021746939250171,-0.2826589514569186,-0.5129479347437513,0.8332414589968616,0.7861226167206279,-1.090364012019429,0.02349808754173832,-2.0881563703013866,1.0204631612096,0.18658396044838577,1.0890206735215116,1.6672951378559797,-0.04497127567473924,0.23606304374647485,1.1167835307554048,0.23893405757565533,-1.5794879076796469,0.32265161483736454,0.20461575966991968,-2.406429610030713,0.021583861476849993,0.905190200355168,0.10747298741418765,0.07054215014060702,0.47232975467131466,-0.3761720617696808,0.19678685038384358,-0.24197069471573046,-0.19909259200253648,1.196928798768568,-0.23449971631096597,-1.0107247719341825,0.448637398676261,-1.0275030231638351,0.7492103733828579,-0.773588735736619
-1.1461082786843886,2.1026984040659866,0.2580425784313747,-0.7868693878849176,-0.23822969473870015,-0.8640791227381388,0.8830789928084878,1.031323286421732,-1.7210371014473393,-0.91461987788006,2.3009463326772153,-0.21494242666065622,0.6728716134694119,0.21276836573488467,0.4796861046949221,-0.4730666065808812,0.0327278409670928,-0.37912579681417563,1.4786679989685259,1.8691987528447096,-0.02551791199647846,-1.3031523547974981,1.6339321141860221,2.613618866363117,1.046714970471621,0.3894637512536009,-1.1552493178985959,2.5419948485266546,0.03675663831930298,-0.0126048084861343,0.4133978551420213,2.1602040648352725,-0.019961832406203806,-0.7228075284760787,0.4293174864727328,0.780467644685263,0.23396666346309714,-0.4879855632864556,0.7814069422560429,0.8447399683979206,-0.20820200229243346,0.34934870044271876,0.432562110840156,0.30101678547210453,-0.36730378173916767,-0.0325583833911471,0.5459399790275133,0.0914349511431286,-0.06331237197778938,0.07070892733107123,1.518369537231275,1.1138686804308864,1.5247930397490137,1.6537168446780033,-1.006769999997854,0.3413952725817554,0.6024664245162951,0.6349612485761116,0.6996210040356007,-1.3715915147843836,0.2833715200353696,0.0018915404780944084,1.1050289205472095,-0.24922976481796555,0.27381491144961456,0.2225761867315564,2.1371692767904467,2.291067545369029,0.6052054121228259,0.6450779482351903,-0.4465712425368584,0.8254247396252918,0.23369919654374438,0.05335307149360635,0.2231912840406767,-0.9668595875484527,-0.21703329861412948,-1.099856754665721,0.0023357243875891387,1.0244781783483228,-0.7825605980485932,0.8479658640074841,0.6962970969769738,-1.343115224765461,0.3557106884869132,-0.8292717582383681,-0.7456652231674511,1.0301015631222037,-0.31500304104546006,-0.8007875472826994,-1.229800515556505,0.5651240805076592,-1.0544522184295044,1.028938268765813
2.7555112061338565,-2.0981330110237346,0.48120837895826013,1.0016573428692257,-1.1720703813459188,-1.1618731307877903,-0.6487474015049789,-3.2183049073389207,-1.6080013440690277,-0.6985291464125297,-1.6081607488689937,0.38710916572761134,-1.38510963258387,1.550213349058164,-0.8210385992847105,-2.2647733066760782,1.048170585680906,0.2423832228756473,1.9345070772111308,-0.22267520295738186,0.5131269452651052,-0.8422753794628526,-1.9022784737321254,-0.5815310745263687,-0.04283114788839179,0.7534889729762004,-0.3799016385820632,-2.1128893283192687,-2.3812011684637597,-0.31814368903628154,-2.886186439792004,-0.5675524636652133,-1.6495997245601757,-1.7843562789712613,-2.4843752983625778,-1.669532576097248,0.17985020569546128,1.3347502945885168,-2.242234929764639,0.06302572960096178,-1.5457266280351862,-1.120608697345758,0.02367408400541098,0.07520893758705843,-0.9226864293227944,0.4570247812342091,-0.06849205901092598,-1.3518838996952252,0.06553880237913563,0.8003844818685542,-0.19106852153299053,-0.49959549823685656,0.6751974755537419,-1.9774202826368958,0.6752249077996896,-0.8125345878758792,0.2092868521739289,0.8434718225668667,1.9586723286438847,-1.3996504550858904,0.4727420942849285,-0.45143506221255625,-0.46934461250752796,-0.9891769575569591,-2.079015560403947,-0.9701550359633764,-1.8970006020805545,-0.47861651683694123,-1.3634385607623567,-0.5387260593079495,-1.685586044805754,-1.1697578870968162,-0.8237580114543782,0.48135213869612725,-0.1725486735151277,-0.8331078161574442,-0.008492084132866866,0.6791050489670322,1.5810201179537118,0.08971603924438117,0.3754794990682737,0.9372438828569231,-2.4102838379282607,-0.3115356916381733,-1.3339512084445717,-2.7623651983262425,-0.048311445621740834,-2.1761917869927094,0.6145163115700429,0.2877409106782698,-0.18509784413936947,-0.9532941862214338,-0.06611513912227468,-1.2121283035165829
0.1364598332881906,-0.3643153262999951,0.5009441960229309,0.0031678650645469153,-2.5085670898686736,0.8615558766720799,4.098397193478297,-0.07099257257381619,-1.4385690858522322,0.9949020510060491,2.0972107867462446,0.43936403659893997,2.0779844865996315,0.2070984728544309,-0.7558874114459617,-2.775484145625171,1.5270287413548773,0.8496540548767053,3.220265317070274,-0.48658285741409835,1.0151130713671028,0.24748459993770489,-0.5215918192270206,0.15557374593747048,0.6480240209533649,-1.3238697582109888,-1.8584318001578408,-0.9104530037679801,-1.9668180387456355,-0.6152101468623646,-0.2675003951001801,-2.0442563039534534,-1.9001877296967304,-0.5061369732209451,-1.3791900763538179,-1.9489284805898626,1.076816932403872,-1.0559931708112156,-0.6891746031742441,0.5752731713404461,-0.2510577641234216,0.5725077939759542,1.4587457721990083,0.2521513323843222,0.2536362517605093,3.1070772245900606,1.5909616146808825,-0.29165738206385217,-1.6676142444488513,1.1463317963770037,0.7551179545822297,0.3432421662808326,0.29032951158074316,-0.9155436996963406,0.6140642236479202,-0.28861824501167876,-0.06985940466774127,-0.40764038128101754,-1.0278691810471696,-0.16588225610061536,1.7212111152374838,-0.3546807173915058,-0.9928894430243542,-0.4694014161607978,0.4998160447625969,1.2775027200914986,-0.22259353281316813,0.8032739676102728,0.49274851504729394,-1.091357397819682,0.561840953283103,0.20307276793825102,-1.2934467050849927,1.030633840138369,1.2402521820037855,-0.25496700043201515,0.3385554155457224,0.624683334654717,1.7275736018259997,-1.057983223979712,1.514874702352553,-0.8664255004440572,0.9700187186991586,-0.5105381909830821,1.1822779425376222,0.02902982387360664,0.42974076426893465,1.991903687931381,-0.18521437601806653,0.1524632018928628,3.0889222142946124,2.7503657721295696,1.863771617250922,1.2121813548802736
-0.8414769289222834,0.09817690132221843,0.019365389334016235,2.010559220741522,-0.5993349623123085,1.3966735738365106,1.2865168823091513,-0.11792518801314422,-1.4945605581055381,0.08365633226009095,0.8929109641789754,1.5902659416249143,1.398304913770261,-0.6917351111958154,-1.2495927052432998,1.4502175991325643,-0.4308079254604562,0.8657585474916744,2.075949253864316,0.19175932170563464,1.2875628837492192,0.07750996760506268,-1.2011204971225875,0.9547929806665705,-0.5425421890598474,0.019799537237889214,1.114964617859744,-0.3241201209923481,-0.1712488053704368,0.35625387015499965,0.34903253154817504,-0.051496306857271856,-0.5897381552118732,-0.26249890255856945,-0.027370816091456668,1.261079945205735,0.5301712931929284,-0.5193409035843833,0.7670252352932847,2.054844706232049,1.6386077824347265,1.6148118450520328,-0.4653971211149365,-1.3119036488681868,1.2056689155913345,-0.6180972293750642,1.9666405562124447,-0.4647525526309828,0.15865889562272767,1.9932264632665313,0.3983429470513036,-1.346637421065694,1.9553395429882041,-1.0738814575582618,1.8192307805999504,-2.6930568637363668,-1.9117091903256787,-2.6583099801669023,-1.664555295285966,-1.4301953666358465,1.498787542993209,-1.4823033889579542,-0.586268185169759,-3.0156249073817722,1.6994329727644173,0.7461180105917954,2.519128476416936,1.4258165553094995,2.1078228714176777,0.4145208930722087,-0.707189866808185,0.1681030945299473,-1.1152227425726113,-0.32599681340952774,-0.3847868655039567,-0.6839799754134117,0.08056692924303255,-0.20305951231026936,0.28488215581525833,1.1459329500849815,-1.1207248440848825,0.304255134896811,1.5865901932111142,-0.3993438983078836,1.4239148009189981,-0.09118531624701368,-0.9994166051609158,3.6959499465507344,0.34720568136661445,-1.5790858219793433,-1.1255936895336371,-1.212482988604076,0.2663408891386311,1.3950712440166797
-0.5087396317433078,-0.898429712885309,0.5860398420561537,-0.35790231442735826,-1.3085934454135082,-0.4349595663731932,-1.8398310226933212,-1.5736818346607844,-1.3587722437460845,-1.3068075208441563,-4.547586975816833,-3.1012868485735234,-2.7164174936206105,-0.38390178310292106,-0.7962689999157156,-1.159069144269143,-0.7776932877558751,0.11411898229758122,0.28814127732673955,1.850908570893628,0.15396905486611676,-0.30409597479998945,-0.6809938916920354,0.7931708388629873,0.1923857960834414,1.319845290135251,0.12350458993347871,0.3104038887192668,-0.19466208754915493,0.9425333841817555,-0.39102317602017245,-0.1085424078991779,-0.750925468702822,-0.6094133549295437,-1.4929554933019595,0.4340000936734565,0.20971107806698458,1.3420334768668167,-2.826114127628637,-1.1325875730220434,-1.7768265999166892,-0.9271920104175269,1.0663149437796235,-1.2066760218423696,-2.4729539943622574,-2.4466398400918257,-1.6032835573511328,-2.28379609746949,0.43155788216461805,0.37501363015673583,-1.3677412883413,1.5731965182169725,0.34202760892071526,0.7446875024262458,-0.8318742865688259,0.08040379838811498,0.29196943376750883,-0.2587330290052007,0.25795235363340613,1.2334499411518878,-1.2855373868761684,-0.4537381546602934,0.7690171444548218,-0.31349510452903095,2.355197340665121,-1.6938852893546152,-0.01284751590032938,-0.7539872228183848,-0.6576215348375355,-0.033265696967192504,0.8564741400191789,0.8546336014610847,0.2288980419371654,-0.31953959033901097,-1.8343237722415506,-0.39015360180651915,0.22530531946522922,-0.5805745487491945,-1.3539852912769403,-0.39141713994201066,-0.7828107367649948,-0.2590459093330488,-3.087285461168493,-0.6834544815857836,-0.05968508449206045,-1.9318567875470969,-1.7074754686125293,-0.8288976822910905,-1.0410072498632026,-1.496287023899327,-1.3028267160520013,-0.18180899662589783,0.4478772237828246,-1.6989184297390505
0.7483110570633911,-0.7153626252436251,0.23927811860057435,1.7160443327041386,-0.6190182473881156,0.4864805971020113,0.7280307390346672,-1.4286074720019073,-0.14374631717838493,-1.1868948546225473,1.7833473627076857,0.29293491003709693,1.8830680864521563,0.7249132270470812,1.2051227779155849,0.581098943560413,0.6157348130451868,1.660392582499313,0.8126649815231215,-0.36782556428303603,0.8979142187560467,-0.6847445311684279,-1.315069098467517,0.27272397012971633,0.0670992532281503,-1.1700119929972674,2.5396653437727497,-0.317742543888067,-0.324151797278282,1.2132277575273909,-0.6574745579575806,-1.3336242048722462,-0.546981129350551,0.051039823703520226,2.5310151058061527,1.3747028984052352,1.1430700767948208,0.9629190941048776,1.0212176557543757,1.3481418936285814,-0.8642489332518014,0.0603687442682207,0.4289735137972984,0.9605210927876076,0.3514652789716463,0.5873055839384204,0.29659089037040753,-0.4863303615289123,-0.3079381389466943,-1.138004810562205,-0.37193846231837824,0.6344783798277045,0.29496595113798774,-0.31741362780929927,1.6771874594686207,-2.4156044991588326,-2.5314817138233203,-1.991553383402878,-0.9654798772557741,-2.4633298772621393,2.149254077352029,-2.1508440667838182,0.29052382388719056,-0.3026783212094959,1.0086085622894172,0.6376842290415139,0.9170050780688354,0.9859040066402595,1.889054867048746,-0.12564175977151518,-2.184503444668671,-0.4025381020857426,-0.9219430658901504,0.16875358679290664,1.7654966448112428,0.711612041708526,0.4857800768592526,-0.41074294037382697,0.8052067069117242,-0.7925107897456943,-0.18805261923513505,0.6769510053398924,1.7955093533042215,-1.0475554984234057,0.7937088328882315,0.3281124580114451,-1.4179824349244519,1.9024842992821112,-0.5081810027914325,-0.06901064542396795,0.8518919160152808,-0.05866080814491423,0.053910029786596425,1.1961656539899708
-1.442599977584606,2.215596276795694,-0.6493681695021054,-0.5078399344963214,1.5078027817795239,0.6620026063690891,0.5013843079948804,1.0965708902993054,-1.254327631808789,-0.6465427318474076,1.0012041932809739,1.95143785336971,-0.5060336955032463,-2.177315012333077,-0.7068328187236511,1.0936868354458193,-0.9234632663486867,-1.2335794278938603,-1.7183899742204731,-0.08657959634110268,-0.11918747699503912,1.3594402556488316,-0.26037722367149835,-1.5633024098118382,-0.8077862923644121,-1.4632291171437408,0.32244746438053334,-0.043965847193909946,-0.21955135156732702,-0.2709189566452433,0.36885231927348716,0.9479264011006776,0.9170426002516378,0.42277969304648977,1.5096455124200303,-1.1685676342053049,-0.3961344697957018,-1.7998115386685045,2.408935227857193,-0.716821297249169,0.3699925192106103,-1.3194353339360614,-0.9712074364558944,-1.375966145236382,-0.9124107284442875,1.1184915877818993,-0.6426661365918886,-1.4396497743512335,0.28072927745990384,-0.3259917989427691,1.1326414355374985,-0.12060742137778718,-1.011513576436169,0.5180893357598331,-1.1888612478423148,-1.5676030464588937,0.14323653013602858,-1.1903359894177068,0.3449689682780285,-1.5930346733611715,0.5519857973576575,-0.09836976107552942,-0.11462947927647038,0.5221018144571279,1.302891800071455,-2.173317114476856,0.002978515678843441,-1.054797398378486,-0.3475660900374469,-1.7502436726111403,0.4218720949623751,0.4701496413307495,-0.2440370631287263,-0.4047494107921044,-0.7714230165062956,-0.06010326157984405,-1.0799234512622131,-0.20445054114276284,0.10967811546868028,1.4841707478289228,-0.005928434790521603,0.20200361616612425,0.20887360673014868,0.773327430357269,-0.4664452560799737,-0.2808508478890222,1.6879188751734944,-0.39998486624342877,-0.25002706579740225,-0.8168760409368673,-0.14604873235962446,-1.0355014822589939,-0.7126459911058305,-0.9568823967852889
-1.121596884217414,0.8587487428075209,0.07269289300399391,0.8094633717916694,-0.8801780859804234,0.6986714046576484,0.4570710205647577,-0.3281691482185777,0.49522563596308994,1.3347834794701512,-1.6896532998742932,0.12788032326365162,-0.17336486851925437,0.6638545686382369,-0.2874284321504097,1.4522013674494167,0.2029860058083797,0.24606041331897394,-0.3924021414203661,0.9577733960497841,2.0784624978899346,0.5571243728432994,1.534216016908628,1.1404048537565836,0.9788931113838337,1.7462284902869312,0.17186719354638047,1.6271651398293212,0.6765698259512003,-0.178016006537129,-0.07456608053774898,-1.1118465893504101,0.16902101248856582,1.4344658009998525,2.555599322890639,0.9389433962996849,-0.9498694065333373,0.9576343681638352,1.0744910003490853,0.9238136497671534,1.5881554342658266,1.0851615060007789,1.5632011502144407,3.570663512602496,-1.442931203187214,-3.0772070191201744,-0.6804284977429192,-0.48825750587676875,-0.2965173191282715,2.4380194819068115,-0.8084195223713279,0.7472177563587368,-0.6258678523176076,2.1616270376239224,1.3376592075248095,-2.2121643281306835,-0.14922658692882085,-0.16091515302217552,-0.21648783710271058,-0.4992739153734377,0.7395375870832406,-0.4097393131017492,-2.4830686387557184,-0.7278294203938538,-0.7813849288754506,-2.5858084013176903,0.9963237468071842,-1.2681164232773479,-0.7214191238920105,-2.9114866689214227,0.2801533063096471,0.28709304230995,0.08580708264357975,-0.4762324965437149,-0.40444576088721274,0.5153732121528429,-0.6092903779575711,0.08445492590353659,1.172204636603832,-0.8005744006109933,-0.1817070389308142,0.5527029999878192,0.4598461059445303,0.33751868697364745,0.2753941531621663,-0.2971800469539898,-1.5270837871141514,-1.2790663291824669,-0.3945138748490016,-0.9458274438038216,0.9855948894066768,-0.6807798680719357,4.698252963585141,1.2946921266905367
0.6336809679738544,-0.322869023865224,-0.2722406047941299,-0.53879298587018,0.25047252017896815,-1.485671815394962,0.0738015838806228,-2.115712238661358,-0.5753612659418368,0.3059370349290661,1.499967931788948,-1.8067538529099492,-0.18439928690326915,-0.8193201165801967,1.280211360462392,-0.8466023242649312,0.2874658199566026,0.7083063115307745,-0.1988809724554797,-1.8290129634479437,0.21802076563133554,1.6453012138622585,-0.7431301374237916,-1.4102706349021692,-0.3004441249299594,-1.1418322136687977,0.57202520914323,-2.4032145660404534,1.3902817249125698,1.3921813809667358,-1.950605912703952,-0.4070654295056555,0.1226575953208163,-1.0223639231898047,0.7647683922687496,0.11378697270382584,-0.2783332492890287,1.3051179510636277,0.909114730629913,2.398089158301532,-0.49048842930995074,-0.6306386988700048,0.4184315914629134,-1.4747795041934422,0.8038932017387572,1.016595213434477,0.18599630270155632,-1.9982284046332732,1.0546010354280462,0.33362642675717297,0.12601512280592686,1.2256206939841974,0.23604914828483972,-1.1694691034412212,0.44379823229416926,-0.9757262694537945,-1.5360231490798912,-1.9558416207769183,1.390559257358861,0.019637531812278786,-0.7534441309784028,-2.412115941972871,-1.3429597236350703,-0.9344402745941179,-2.0642331204387876,0.7480183753015708,-1.7323932083632139,-1.4983416396059706,-1.289105541331184,0.12464986449201776,0.3682843433031821,-1.1211340164793562,-0.26110951418197303,-0.31813010142216314,-0.4853116912197165,1.3469599611230851,0.7864411046086112,1.310106780033797,2.307804384204935,-0.04142267609273998,0.7554665610370501,1.627553102713379,-0.8827888691538357,-0.27146566159194657,1.0783730146609218,-0.766949790294041,-0.6590700230776889,-1.9518859477117334,0.20411851429363084,1.3840991228157702,-0.5020670450655771,1.5004231772601846,-0.648973622703176,-2.3043571815850945
-0.9933706409522624,-0.2990408068489171,0.09267061904956697,0.9355951819442178,1.3025973773060042,0.387706687293242,-0.05306925504728777,-0.04327548043304896,0.7709655151000767,-0.7724264777772314,-2.4464538756153478,-0.3085383384708571,-0.40963126958019336,-0.4659244207267986,-0.4070302280123757,1.5229384763422578,-2.3553722567784163,-1.7044255292506096,-1.3848833741995796,-1.7570370465171128,-2.7994604679914117,-0.04821584693692654,-1.685987198461429,-0.8720959553494259,-1.9119768493958942,-0.37553582325513557,0.10538020731314224,-3.02280264220993,0.9663145179136039,0.5002148662260579,-1.0027016230731656,-0.02048827542762316,-0.1122612202188662,1.0959828081720262,-0.5127163164490918,-0.7758167681408645,-0.9949998933972586,0.8907580674570725,-0.9075759647082958,-0.41889797009577706,0.6777382379087904,-1.6272454940691605,-1.1502636268263515,-0.22570760596059458,0.5023335265006258,-0.37212412095118685,-1.9950450184963517,-1.1338515873643313,0.9276408595493537,-1.250402092067168,-0.02001793837340854,-1.3923281348152186,-0.26210821820790736,-2.4419181293308956,-1.9388960258287171,1.288120392065798,1.7118907554748435,-0.6217346315801704,1.150821324959979,2.1240350239374783,-1.58561176882451,1.3543186031868428,3.417487744206457,2.3630613031088425,0.39429953022035713,0.2369206520892205,1.6032565666071439,-1.327237087147781,-0.5134418929971029,3.3841335310607636,1.5164564961273226,0.38490173842711406,0.7514782707067493,0.13565238729413365,-3.4178459849913505,-1.7201871889030367,0.34784598779153236,-2.7114773913583443,-1.065610912369792,0.12571729426270395,1.162630531417592,-0.2557542898478156,-1.232151261356068,0.5309527760599793,-0.6374339080891518,2.5386127718687628,-1.3660994713375412,-1.3218340674719715,-0.2679278493213269,-0.3674868888983242,-1.4760450260062237,-1.2856313244194388,-2.2889078276663035,-1.2742538929733647
0.3337672174760052,1.802307540151976,-0.03830328763016537,-0.727882485886427,0.782307219200065,-0.7341120684927696,-0.12647025996767974,0.45675393998947755,1.948835763672888,0.6221823700606602,1.7733139372921611,-0.6800035883253984,-0.8366616424491491,1.27050003756327,0.21159453016745464,0.573288253950635,-0.787858972285469,1.496224809480095,0.878714374201188,2.047285557628317,-0.38513037340646944,-1.2196581879971093,0.7746949466573247,0.8815062807177243,-0.14041755006127504,0.3294058208121448,-0.0733978439724664,0.898384084523969,-0.09039670352779086,0.643419274938239,-1.0900832804787435,0.6881975290334565,0.37256259052517987,-1.0979604279754356,1.3387298810781325,0.37039092399917306,-0.4824885627658495,-0.9269201394040466,1.7346779859895956,-0.7973563579325417,-0.060652837527701564,0.7534028051632748,0.02793396908698914,0.07284168494013044,-0.8120899349741375,-0.5307862510247789,0.0477970170388999,0.016535015202261694,1.7744022418082739,-0.15545806949590288,-0.9021463210267474,0.11208169698794293,-0.7342834581234701,0.5637012692542442,0.4086480621988501,1.6150800669406087,-1.722242900915208,-0.2528536865996034,-2.5002179563125053,-0.8777455169919647,-0.6573442596288321,0.7999170849140254,-1.4498260928873532,-0.2285364048432108,-0.20912872855039377,-0.06223179670434162,1.0542936678180577,1.460140628965155,1.0907594700463386,-0.1955191564903157,0.14101626901882058,0.7942811389197277,-1.0530637567282108,-0.3273026064216431,-0.2846014217121015,-0.6812689601652554,-0.20711902065474916,-0.20616461340817777,-0.8172301883718722,-1.1745713874622474,-1.9022752048739533,0.8094291779335219,1.1631452282935193,-0.08168876432483825,1.0918533421079633,0.4443237425179226,-1.6638367211183405,0.5574455341017965,-0.03879979770571124,1.0162108654181132,-0.9520663545753225,-0.9101734400548964,-0.9104804685448493,-0.16720170071420365
-1.566311959241626,1.6559949407989314,0.08578308402044411,-0.5036535259258348,0.2926091482721369,0.3393808719406667,-0.45835803282405146,0.6815433611594012,0.25932243790259857,0.5321347612710214,-1.617640818703531,-0.026574533074291806,-1.3265368961523167,-0.817573092806543,-0.0008344889269588882,0.8644647447853501,-0.38072710582114977,-1.3869541379208288,0.2723907998444088,0.2675491795857861,-1.129065018338974,-1.1368449947441772,0.9699629443656321,1.1087449797808004,-0.5821162395800829,0.24205200274792105,0.694986463426899,-0.34417086545686804,1.3806447371473378,-0.11228551259008843,0.8057519964026842,1.1262402015143533,0.5026657635590092,-0.3722748420092436,0.3107456152384697,0.6337128020751446,-1.6274522234820863,-0.0776492830559769,0.0955501718064431,-1.3764479639954925,-0.6605081099388099,0.65178676628278,-1.3134534744845001,-2.048072323211906,-1.2139706564915693,-1.0927819723590162,-0.7331971061771395,0.3990594096334965,-1.2307977799518606,-1.773821244585944,-0.1959781264089384,-0.19040343828548956,-0.8598148203713276,0.04677057710154453,0.543174682460694,-0.44446494016544885,-0.19330101206707756,-0.6658006562049233,-0.09073215171490867,0.6775315822052417,-0.04461960858199934,1.3537122656873064,-1.8265182612266493,0.8882099263157092,0.3858172582247081,-1.724044528310137,-0.5185395169416592,0.019969631233198892,0.17221459922036214,0.2931063060033985,-0.3543325535085838,-0.01974120764393228,0.44759647650435574,-1.1488601882522702,-1.7489366263921908,-0.08353010357349894,-1.5571318689528795,-0.7588633049925643,-0.8774515402027454,1.118746807750408,-0.22757901759969185,0.6074344680301462,1.2232836172510442,1.2751276890247396,-0.9300059778735958,1.6307022213450915,0.2022648536120677,0.3462493191472562,0.11618922580091924,-1.2994817649932515,-0.8217762953916573,-0.2429511626558526,1.3766180085096025,1.1622795640574672
0.2396090351086469,-0.664882572759214,0.05499604167227394,0.4817350414927296,0.8017489438675678,-1.446399896231426,-0.6046070500961043,0.2549329051877106,1.793116505600219,1.3523914934968135,-0.4088294440812516,-0.14640643281735674,0.8401528970371526,-0.2056983936018918,-0.17885568410072403,0.5242166315479994,-0.27195412380477396,0.4592724631094374,2.8400099185061674,0.6432502810320785,-1.1530113564775255,0.20512794285424482,0.032545721979566664,0.501986124981316,0.5241120872471546,0.3770293727300783,-1.069793596348859,-1.3433385305426269,0.6384073026899482,1.1868200534053142,-0.27779254971447886,1.6393526263531637,0.5325885676608766,-0.721011887186579,-1.0972110317580122,-0.396538397377895,-0.839899701511341,0.5408340690322102,-1.1018354777919492,-0.18057693388955176,-1.547391758926099,0.9494495409875182,-0.275700666120738,0.5302484789180846,0.4813461052510446,-1.4151583418098528,-1.061911210551869,-0.06544748362543318,-0.03689773632508325,-0.0660852532990634,0.6493449840295418,0.5462627615632948,-1.290477287697685,0.041179801617491796,0.6633343928361501,2.642813606153215,-0.22686424362082758,1.2047539145612263,-0.048065596578428404,0.10391457747292487,0.8589329998888462,0.9124128330586148,-0.8048285638473603,-0.3861641336867019,-1.3263968125198444,-0.7513312320015074,0.6022900245393646,0.18504809093293562,-0.7638094804949654,-0.7530512124714861,-0.7004675559762071,0.5439931408101505,1.312204049690438,-0.2458928924002493,-0.8655667568656727,-0.26554085005664535,0.4684671832204226,-0.8557362295299927,-0.17638542934736212,-0.38085506511589845,-0.015333250917627578,0.39949922380345154,-1.4144804319960236,-1.0956430990248966,-0.46112042781892015,-0.4217370306241982,-0.8693537890147849,0.18429285914689247,0.22941520585860886,-0.46194150440526605,0.6327869132504763,-1.229977611653695,1.9051655005549435,-1.6034556951866519
-0.437798627852603,1.9819077452097857,-0.35174889500849865,0.918159218545308,0.1696007246353628,-0.19488141355768945,0.9308421165610903,1.942084735694276,0.5326960260408378,0.5119693195773382,0.8600522350341233,-0.3785301823331703,2.0939862790138823,0.10119759739582246,-0.05788506447426946,0.5963259600209234,0.9309177394797223,0.286400419012004,1.2115551253629224,-0.7210811360739721,0.8030536706392445,0.034123946551081225,1.374220316431523,0.2239022204470728,0.4594242428046749,0.4317696322238812,0.13357806895669655,0.8283662238629416,0.09322668171917275,0.44165893955777275,0.16034765150207764,0.07006323369731249,0.5484495625342101,-0.04822515380335196,2.0305062608706246,-0.5087369173467655,0.2547522727952472,0.8615476743111107,0.7671893992194733,-1.0986136295560374,0.5556697602221303,0.36313415236129093,1.0666034020186195,0.171505650264213,-0.470700138767998,1.2655944932906347,2.5483661704864637,-1.041167428803737,0.929960077988337,0.12918347677208453,-1.6663296272040298,0.1832471430332811,-0.40926012809486945,0.2118769503260114,-1.235098083800298,-0.6439847726536727,-0.5741240248844195,-1.1824641066331245,-0.5118682964737171,-2.250803912356513,-0.586723225136765,-1.2161754170925303,1.2149662504055152,-0.544711943465352,-3.6535917165838425,0.36437468648842103,0.6242487503497691,0.24205462520686405,-1.2339261921487945,-0.8853625067770471,-0.4433349356454839,-1.2546314948985644,-0.45626118825094436,0.7225048122132269,0.6822489214036814,1.6362223179239148,0.5391067404110053,2.1863726690682257,1.6408513059900898,-1.5574329348854605,-0.7156826709049988,0.42476919799012214,1.6882881698653254,0.3627984197406114,0.9652837639309287,0.20171823967191832,-0.19772599769443325,-0.9938006360756949,-0.633181055053297,-0.20982044532221633,1.3430831265757228,-0.07413961072778152,1.0031397662115757,0.2098506215880983
0.7965473564956372,-1.2026351508971544,0.8571859202565716,0.10905029862465893,1.144700802894885,0.9619194143984413,0.1977140602226012,0.40052814783476615,2.017143454977034,1.5968841145702148,-0.36680700292289425,0.7349657379492457,1.2493368928714683,1.4907953256614281,0.4072159910212297,1.9334299123485275,0.5571111570319573,-0.1331873347160395,0.8094849242184448,0.5991305973257671,0.8795431587149184,0.3207263865270531,1.9007056755211287,0.19628335852072096,-0.30416115609879013,-0.15777567780837287,0.34806724752606377,0.29623597829508597,-0.020220530982459683,-0.11805642633277716,-1.5777719518172768,0.007135054937001173,0.8505070476075379,-0.655829839839507,-0.41098497876385676,-0.7059064997600089,-0.3231086300247892,1.7306487107063018,1.4634974568894439,-0.6578315883134978,-2.1059353221373396,1.1537879559326671,-0.31009331196123874,-0.14566217859168515,-0.9989083163534331,0.20397967554252058,-0.2582369240123251,-0.7400222250039963,-1.1976936973137104,-1.5604990981394375,-1.0165898647655311,2.218900085041268,-2.5135729063611887,-0.006006169525503036,-2.0977769568350477,-0.10433761617516782,-1.00623525321853,1.7471314632094765,0.6795072242400721,-0.6243637585162896,0.9238553219895512,-0.35364658049907627,0.14220952094221218,-1.2551826304389102,-1.247874301476792,-0.9279375302509347,-2.7788495927686125,-2.3128114991335824,-2.32409356545877,-0.7331270493953745,0.3368876588668204,-0.7865264125924941,1.5502406960120476,0.9418817655192186,0.2906301505032156,0.6142084201805178,0.4999502167141527,-0.27512082826306744,0.7164928847478012,-0.617545033521577,0.3067985476597181,-0.18704544717676036,-0.8209651605669037,0.12869896010465273,-0.17922667413079252,-0.802839380337162,0.712230945348357,-1.8221187355110102,-0.5938555191641942,-0.23192433450677202,-0.8280663146450392,0.1113957701352234,-0.6203163719561499,-0.9972928141611412
-0.9683835977100828,0.43658020910782136,-0.8013623827975661,-0.008242418018894165,1.0350659701185483,-2.1627151039368337,-0.59051131785107,-0.9200999208559624,0.3891521000934902,1.842162540630842,-1.8660398316078737,-0.7107385725292108,-1.1303468973121769,0.4819739691508514,-0.43352525758606264,2.318357429956658,-1.554221431966483,-0.8891901271448037,-1.500951125216976,1.019674360504232,-1.3408544886871043,-0.9328845492361195,0.29441281108899153,-0.1268777858537498,-0.016352786788452388,0.9338521955876804,-0.08899247201706253,0.4097546256160011,-0.9330908129515874,0.5690705452932526,1.419033115069849,0.7123503089426346,1.104827180063511,0.2687822038355092,0.19990754523460194,-0.035277904549022354,0.5950381141278007,-0.45418101868192184,1.2148720423117074,-0.12441935558078138,0.481723301851383,-1.8546632408694947,-0.8021070955207057,-0.8394679506109196,-0.9235314165760315,-0.17900691012890046,-1.4992407966409207,-0.9821415161110529,0.8660974683454119,-0.32008978254987586,1.6469065753078311,-0.8690309733298653,-1.2253576631478045,0.42304914684213407,-0.0430998047159431,2.0991124537695303,2.184952910074285,0.04243244611839231,-0.14640181298114285,1.2936080577194302,-0.886933388971685,1.661875838224065,0.9121206869296135,2.03678959632363,0.49190626856625685,-0.35420426602317634,-0.66772375241916,-0.9400167857350044,0.7280148065081904,0.08109912406703967,-0.5418976822012888,0.43163427172036106,-0.05073358211220767,0.6627926073606778,-0.8283657686554886,-0.08431957218884872,0.6275285412425728,-1.299686540699537,-0.3778959482683256,-0.37321805079919945,1.3708056282590113,-1.3849825507061613,-1.836537583421316,1.2689079898785462,-0.6904979210447137,0.2255698982914302,1.0487615352653108,-0.5135558470855175,0.3038946363561018,1.0477944996679076,-0.8134623131228045,-0.04930901256884779,0.3738651027949824,0.09209631084855807
-0.5882410782149261,0.15491841262349587,-0.07293742093447017,0.8725872387828395,1.335014532894957,-1.1983485371987095,0.4709823522764573,-0.28683674942677284,-1.1534435710331703,1.8061669340871749,-2.059191350124272,-1.1251560214318346,-1.4847037706543678,0.88916733696784,-1.143795727477636,-1.4780671830713326,-0.2888547548865519,-0.5537793745733091,0.340732458430979,-1.0448065639420259,-0.21238759196351578,-0.416406872960669,0.4817265922464753,-1.2738261689274635,-0.6898368415208671,0.9106720181878984,-0.9245217946181201,-0.5398205135074707,-1.032926136294578,-0.09569793554857155,-0.4059854673955106,2.1283961822421027,-0.17450005953986475,-0.9673827230699074,-0.5004233521124074,-0.10095237745929031,0.5537086538844862,0.9597139513675763,0.03671784311320303,-0.6092337437174764,0.2459682714069111,-1.2271774297502707,0.5283748368052354,0.2751809844168983,0.13083784732596399,-1.1982010369912852,-0.9765084291855369,-0.9812930922121709,-0.2363880633921039,1.7404343931144886,0.8717355209993455,0.5512802809409966,-1.7439429745434754,-0.8646189473894281,-1.2518529243723107,-0.5339653504288873,-0.11307860734410591,-1.0929805060917241,-1.2911902904216346,1.71475157091652,1.4762169406738916,-0.11699415543801384,-1.373087816743965,-0.2708688744452579,-0.7803367181006851,0.6169426710104411,-1.9800940988520106,-0.2007293876055245,-2.1234120846139466,-1.0409504194631225,-0.3298933134503662,-0.234431234538763,0.7469636905015387,-0.25589915662331775,0.7672141226130131,0.6968845359339875,0.04430150807315668,0.6195465901601043,-0.6313166130331558,0.2308000993039306,1.0518010817397583,0.10703651937951306,-2.0381592967036326,1.2826428761249289,1.1101432235126765,-1.6133566443499108,-0.7833576899430834,-2.302037200830057,0.26264468957093123,-1.0084746200005041,0.4127312136749193,-0.30174169690168007,2.0301523010374547,0.1329141795583251
-0.565497895683117,1.146529122090545,0.016198125234076956,0.6426557710248599,0.9459951194203184,2.477579164606602,0.42421233637246125,-0.6240581116298954,0.5955666754933749,1.8540215334630035,-0.4384787154960059,-1.0279369156022111,-1.438128966576697,0.03058991227105179,-0.3158538937433881,0.0712929262953641,-0.9083536780368837,0.11407465060962785,-0.4688454712123422,-0.04940836544343502,-1.1396557330598953,-0.5826164140048147,0.9212828413393075,-1.2942130044718851,-0.5193505345541777,-0.3015548046820149,1.4347537811553057,2.408253605774021,1.7294459318895798,-2.2721408766824345,-1.3249773137064278,-1.2774764920877348,1.1180173089328587,0.26279990161599154,1.4310020728488118,0.44828192854397264,1.814775446933004,0.005389250236644827,-0.42208768417117815,0.7287293047303441,0.5954918282362127,0.5448108733405375,-1.6799242032034045,-2.468853090896456,0.6313553285010214,-0.1693727809692336,-0.15381839482368082,0.3351758830944288,-0.0400397522288197,-2.8473530710490804,-0.5202911995506504,-0.315523920494048,-0.8769925014501052,-2.0742357493509944,0.3962242296067513,-0.7056689187777289,-1.8151426992379247,0.06842353107969829,0.27710502710228063,-0.7375798120232662,-0.03763960580403197,-0.12613660665979454,0.02299005412452676,-1.0287195317974847,0.49211051958965407,-2.692466462737145,1.138340721700772,-3.2621047557996956,-0.16703642836644816,-0.8470544799099105,1.6568204639994728,2.510865536265632,-0.011175115743362496,-0.14125091945470292,-1.402539212384445,-2.0411049850599303,0.12312085917427294,-0.1313025396810094,0.17455951016175697,0.09664443258326523,-2.064319121716446,0.8883957856607576,1.837167935511276,0.5099068379967804,-2.1166294991006924,3.019125473336591,2.3887599694844552,-1.4696743785962536,0.3528735906908457,-1.4876605462070094,-1.5648367891544268,-1.6787000426112169,2.1737064706698783,-0.46729800623195494
