Cells_AreaShape_Compactness,Cells_AreaShape_FormFactor,Cells_AreaShape_Zernike_2_2,Cells_AreaShape_Zernike_3_1,Cells_AreaShape_Zernike_4_2,Cells_Correlation_Correlation_DNA_Mito,Cells_Correlation_Correlation_DNA_RNA,Cells_Correlation_Correlation_Mito_ER,Cells_Correlation_Overlap_DNA_Mito,Cells_Correlation_Overlap_DNA_RNA,Cells_Correlation_Overlap_ER_RNA,Cells_Correlation_Overlap_Mito_RNA,Cells_Correlation_Overlap_RNA_AGP,Cells_Intensity_MassDisplacement_DNA,Cells_Intensity_MaxIntensityEdge_Mito,Cells_Neighbors_AngleBetweenNeighbors_Adjacent,Cells_RadialDistribution_MeanFrac_AGP_3of4,Cells_RadialDistribution_MeanFrac_DNA_3of4,Cells_RadialDistribution_MeanFrac_ER_3of4,Cells_RadialDistribution_RadialCV_AGP_1of4,Cells_RadialDistribution_RadialCV_AGP_3of4,Cells_RadialDistribution_RadialCV_AGP_4of4,Cells_RadialDistribution_RadialCV_DNA_1of4,Cells_RadialDistribution_RadialCV_ER_1of4,Cells_RadialDistribution_RadialCV_Mito_1of4,Cells_RadialDistribution_RadialCV_RNA_1of4,Cells_RadialDistribution_RadialCV_RNA_4of4,Cytoplasm_AreaShape_FormFactor,Cytoplasm_AreaShape_Zernike_3_1,Cytoplasm_AreaShape_Zernike_3_3,Cytoplasm_AreaShape_Zernike_4_0,Cytoplasm_AreaShape_Zernike_4_2,Cytoplasm_AreaShape_Zernike_4_4,Cytoplasm_AreaShape_Zernike_5_5,Cytoplasm_AreaShape_Zernike_6_6,Cytoplasm_AreaShape_Zernike_7_3,Cytoplasm_AreaShape_Zernike_8_2,Cytoplasm_AreaShape_Zernike_8_6,Cytoplasm_AreaShape_Zernike_8_8,Cytoplasm_AreaShape_Zernike_9_5,Cytoplasm_AreaShape_Zernike_9_9,Cytoplasm_Correlation_Correlation_Mito_AGP,Cytoplasm_Correlation_K_DNA_AGP,Cytoplasm_Correlation_K_DNA_RNA,Cytoplasm_Correlation_Overlap_DNA_AGP,Cytoplasm_Correlation_Overlap_DNA_ER,Cytoplasm_Correlation_Overlap_ER_AGP,Cytoplasm_Correlation_Overlap_Mito_AGP,Cytoplasm_Granularity_2_AGP,Cytoplasm_Intensity_IntegratedIntensityEdge_AGP,Cytoplasm_RadialDistribution_MeanFrac_RNA_4of4,Cytoplasm_RadialDistribution_RadialCV_AGP_1of4,Cytoplasm_RadialDistribution_RadialCV_DNA_2of4,Cytoplasm_RadialDistribution_RadialCV_RNA_1of4,Cytoplasm_RadialDistribution_RadialCV_RNA_4of4,Nuclei_AreaShape_Eccentricity,Nuclei_AreaShape_Zernike_1_1,Nuclei_AreaShape_Zernike_2_2,Nuclei_AreaShape_Zernike_4_2,Nuclei_AreaShape_Zernike_5_3,Nuclei_AreaShape_Zernike_6_0,Nuclei_AreaShape_Zernike_6_2,Nuclei_AreaShape_Zernike_7_1,Nuclei_AreaShape_Zernike_9_5,Nuclei_Correlation_Correlation_ER_AGP,Nuclei_Correlation_Correlation_ER_RNA,Nuclei_Correlation_Correlation_Mito_AGP,Nuclei_Correlation_Correlation_Mito_RNA,Nuclei_Correlation_Correlation_RNA_AGP,Nuclei_Correlation_K_AGP_ER,Nuclei_Correlation_Overlap_DNA_RNA,Nuclei_Correlation_Overlap_ER_AGP,Nuclei_Granularity_1_DNA,Nuclei_Granularity_2_ER,Nuclei_Granularity_3_AGP,Nuclei_Granularity_3_DNA,Nuclei_Granularity_3_Mito,Nuclei_Granularity_4_DNA,Nuclei_Granularity_5_DNA,Nuclei_Intensity_IntegratedIntensity_DNA,Nuclei_Intensity_MassDisplacement_DNA,Nuclei_Intensity_MassDisplacement_RNA,Nuclei_RadialDistribution_FracAtD_Mito_3of4,Nuclei_RadialDistribution_FracAtD_RNA_3of4,Nuclei_RadialDistribution_MeanFrac_DNA_3of4,Nuclei_RadialDistribution_MeanFrac_Mito_3of4,Nuclei_RadialDistribution_MeanFrac_RNA_3of4,Nuclei_RadialDistribution_RadialCV_AGP_3of4,Nuclei_RadialDistribution_RadialCV_DNA_1of4,Nuclei_RadialDistribution_RadialCV_DNA_4of4,Nuclei_RadialDistribution_RadialCV_ER_1of4,Nuclei_RadialDistribution_RadialCV_Mito_1of4,Nuclei_RadialDistribution_RadialCV_RNA_1of4,Nuclei_RadialDistribution_RadialCV_RNA_3of4
0.8223759364110835,-0.9610815787960324,-0.6904208279210134,0.7302698846866068,0.6471276982807838,-3.175339438661045,-0.733236706352485,0.4236799466973673,-0.038257870329176547,-0.6101953451466561,-1.9175493175071936,-1.6912358830722485,-3.240846208415684,0.31263894960351307,2.4614337134961985,1.0956588731167192,-0.8739320588270071,0.6377469094807633,-0.661433966496188,-0.08011755400987225,-0.5339060324049071,0.2685484185177346,1.3305459219118818,-0.6006090342813435,0.46013895054254134,-0.5851914942910458,1.2070554291964093,-1.1005228240431428,-0.5335071361414797,0.8683933744697723,-1.1550945250122737,-0.5259074443665508,0.08015478150916823,0.30202074431012504,-0.15292277100779605,-0.08110589606462429,-1.466379962113238,0.8523026785391714,-0.05967264509338027,0.6029711837497664,-0.3127622839991402,-1.2621286401867122,0.8947391714724188,1.4343006129795868,0.005648787114702125,-1.33873981751921,-1.2039133231876595,-1.2488175565317707,0.5042762389321152,-1.2368925899658951,-0.43385751558681285,-0.4515329857949423,0.5720005141373086,-1.4650662390603288,-0.2759232078342032,0.5013347101454915,0.05820657504137655,1.7290302813693348,-0.5487689424555985,1.7556744475269785,-0.301891652326164,1.4001262629172704,-1.2526715686683851,-0.4328065662086263,2.3508252890481223,0.0732682009326231,2.38916143035289,2.4745322844819975,0.7464485409124795,2.120348650084477,-0.7963566732635522,0.19767014236807962,-0.17208223466683978,0.2587919169870862,0.10672429997539934,0.9475856606353381,0.8062228001387651,0.2460515023740619,-0.07564189792081136,2.3414835766590527,-0.860236385687025,0.05724834521948202,-1.015206376976056,-1.2640116726074822,0.8657276320767288,-0.03040546583977302,1.0329581795776805,2.5492467454899885,-1.197203862127116,0.734807494920122,0.1456803297863638,-0.05833566913285061,-0.3229992107893217,0.7441437990633931
-0.5087120183330938,-1.1691833823420072,-0.07153490364735171,1.473633367744442,0.7665551938559394,-0.6590525672185478,1.8628672060338674,-0.7238028519665439,-2.243567238739065,0.1228777931749852,0.12735006393634496,-0.6870085297725408,1.160988232346255,0.1308764168941755,-0.07889009814793506,-1.2828374164916672,0.303328836627949,0.6733729230466924,-1.3497552610826529,0.33559984078321475,0.7719219888596862,0.24636563887439897,-0.914875515305748,1.665038794913369,0.03648232258909373,-0.16053258487413744,-0.12638403806784387,-0.6457287628486623,-1.1857167341598216,0.4482829375632251,0.4983450552283674,2.6197795694227013,0.6967328448590492,0.4378296711109062,3.1694350932206996,1.512356383665686,0.34253362748938126,0.8346540997210738,1.5839360411313692,-1.9076357754458895,0.3119436911013237,-1.198149937190362,0.13178470267423137,0.4320413515496754,-0.6113666061319848,0.20677715807996824,-0.12321875945518057,-0.4628038434288534,-0.0051853006762715426,0.23282469005374762,2.3955875828825217,0.7806931188884355,-0.4957917804061507,0.5649428043340965,-0.6080362824281433,0.15804544749157556,0.6732219386026903,-0.3727176617188056,-0.8733288815873725,0.1982512278428773,0.3823262540620965,-0.8630713030832755,-0.9974896769824055,-0.40312212944019504,-0.44716665385711085,1.327549462808944,0.5380915162989374,0.2727392982045448,-0.5073616059651804,-1.4976620417342072,0.7177478747210287,-0.08150621174388739,-1.3453790905122653,0.864483203504985,-0.3270019660805461,-0.8415741089271593,1.377787678571107,0.07569115196289239,-0.5888510145582482,-1.1341538790592085,0.5828212110616408,0.19679832044638668,-0.5315148064246168,0.34430760828256907,-0.1118587697258698,-0.1880692159026468,-1.3709547061746357,-1.1983681969700122,0.9740025935565046,-1.0424218009381554,-0.1744824898974034,-0.17202792037201553,0.024862316034378107,-1.0780083018095463
-0.5148274434251079,-0.6279891275614757,0.015180328167644487,0.45089712797504633,0.27906955571306746,0.9395140517367502,0.508087245850184,0.17923795693806116,-0.9121052626209043,-1.843455448840372,-1.104964337457939,-0.6954590373227751,-1.2061799678247258,-2.062556403867507,-0.7384027948805618,0.9025191105181791,0.0030019871416051003,0.6011663811922332,-1.2274043249764133,0.6774810772501162,-0.8191123335983961,-1.1629104173290903,0.7783061529706847,2.25618217565602,0.2055242816157179,1.606986143586134,0.3821209606521966,1.6339670968437967,-0.8158922273642585,1.525584628706169,1.1271158936079275,-0.23771753572147342,-0.24258768797098207,1.1226992275953371,0.18024568542417574,0.6522285919796899,0.8702482508495126,-1.1154374102105158,-1.448827250263469,-1.888502269392784,-0.8050762920040981,-0.09516737623091456,-2.629621294324874,-2.2352523315758326,-1.6604475049168634,-0.7673499413162984,-0.026119205507640797,-1.6825206838948634,2.3782981875959983,-4.018655960669392,-1.1290369834422018,-0.5567774249638,0.6953747668909951,0.36373540444598573,-0.09482060469014839,0.1294622111296022,-0.6360080723515242,-0.17262747060783346,1.0020802427047768,1.4300085836717538,-0.5162437347017165,0.24989278651933614,-0.22460588322392366,0.14876961283338855,0.8365622652992831,-0.8637369974690982,1.0562260312603764,-0.030045545729910972,0.35155148329371755,2.602061961769988,0.5270354684053454,1.3635744137939958,-1.2358001191789434,0.3630236519919289,-1.3570799969134306,-1.6945209107290338,-1.3499467064664423,0.22415152014039275,-0.48054313432613194,0.6586214232895281,0.05682790192661569,-0.06378082015119368,-0.3712804903524051,-0.3547063063525196,-1.0576936411340472,1.2996476199977702,-1.5275414118394277,-0.47208126651520077,0.21729815694748697,-1.3065519871434064,-0.5689423188974507,-1.0245960633371674,0.948540730220905,0.17093136491638
0.3931708819745235,-0.24913777263425974,-0.24443733002808124,1.161343786268315,1.100799891955842,-0.03433621968303652,0.049404839188538885,-1.034925488263085,-1.8956744368701721,-1.8113523804090486,-0.28308309495795436,-0.5147141268397014,0.018002545446580143,-0.021948689768254537,0.22336689216856803,0.023295129793265312,0.08522161306404688,0.2963553609272886,0.38571900378028945,0.8260963372012846,-0.7215468669453248,-0.5579333565469683,-0.43326138255483976,0.9131735858762613,0.24277650377156884,0.5616516499780064,-0.6974730670125459,0.041007319338419584,-1.4078340021040188,0.9014114868255777,-0.8524077003409397,2.318693788759407,-1.0149095838499096,0.3438410162244876,-1.3078151406022374,-0.953110558265349,2.359892941223304,0.4031501967973079,-0.5454133465245308,1.6215655757765959,0.06791718582558848,0.0908145790168966,-0.4950325499898298,-1.263427582785265,-0.7913065985351686,-0.4589398793101177,-1.7679054690116884,-0.6805940965268915,0.43136058395062576,-0.3756347843256542,-1.2075655780655445,0.7769021700693767,2.150746283111448,0.6745067919831577,0.8610024988378658,0.6190191859112012,2.03191045593274,1.140063102360606,-1.922406799991615,0.4430118637703945,-1.4915254536378586,0.8242737868140775,0.20024901257171285,1.4105011669672867,1.542923494958262,0.20784995318820376,0.246390932379299,0.05885733917041887,0.5441208660061925,0.10065142757237933,-1.074918770102873,1.05836796757675,-0.8359936231483359,0.9247519075074987,0.06518806162734947,-0.3275072906310055,-0.682817685279978,-0.27916250814921456,-1.5199819771726146,-0.27368459062857897,0.03578598851535819,-0.8320823383922589,0.5817315240259006,-0.3941386062896683,-0.12920926799925253,-0.22672720564590693,-0.6541466921574697,0.2387299999631718,0.15775605979051563,-0.7844716988389135,-1.0324263143265158,0.24781682586181936,-1.620994967904709,-1.224645381271249
3.277288117648684,-3.7161717958253346,0.06562790071164806,1.6411292311380556,1.8677742980915872,0.6456865193338942,-0.46727692749478583,-1.1199494006930797,-0.4322413821184673,-3.091756047159122,0.3897374931522285,-0.531665520000841,0.9101923377903801,0.12184230748486136,-1.3569764614681925,-2.565970941309078,1.778164379890068,1.5340923058350329,1.274308515405011,-0.08089714116747626,1.2128664795426183,2.558055297847406,-0.7822595314291751,-1.0407332896577832,0.3173358373675086,-0.09996315867129724,2.3576869309287574,-2.2569378166440064,-1.7216724566042994,0.1639329436499578,-2.612218535794484,0.8561901247712829,-1.6881015908456967,-1.5145075773395624,-1.399592272519889,-1.7626932517742806,-0.31854525895952,1.8152084240269921,0.40839090198915873,1.4654527683800882,-2.758911899457733,-1.1469839075686108,1.7576949176703494,-1.325929479469569,0.6899597279774263,0.4975270485465604,-1.0717126833159827,-1.4490377668131083,-0.3370142111547396,3.153630535831143,0.07403458560771736,0.21082115127023482,1.8399644307383467,-1.7389882197991744,0.1427178574600383,1.160645364564595,0.33513508158424976,1.47289892447247,0.9516688787579792,-0.7448055310136376,0.46135022655060276,0.8704024156345351,1.1461818203803464,0.8594414460799964,-0.9321998161863679,2.244778536259107,-0.6621041926038209,-0.5403865100359261,-0.9003794406925243,-2.0702589488265732,-3.128461138621463,-1.6287635055339194,-0.06252618350388817,1.60844745932912,0.6305086447256436,0.846220648118385,-0.6635364431535661,3.0278817832243803,1.346087262273993,0.8420823973325914,0.2897011538817502,0.759493485738712,-1.0588389574893213,0.7249898558944595,1.1539323480756665,-1.2811838153453323,0.4786251050614445,0.920968036450726,0.09091090902230227,2.1588737800473066,1.6780128577089783,0.3113843493470848,-2.569498488788919,-0.2208026494185596
-0.8429442634430968,1.0593182307563684,-0.592586773962189,-0.8902651464858176,-0.1454515392341575,1.0980149816797793,-0.1522236917520382,-0.67553512871453,0.15053599149561048,-0.8833985699331661,0.3807804877123435,1.2204187921602512,0.578041972422938,-0.8022443474377596,1.1205130644731751,1.4404564838509804,0.08901168504905531,0.10172802477335302,-0.3173165075053679,1.031424839896787,0.3338065427821646,0.4696945626198176,1.210694606048765,1.0333341449120195,0.2039121138614412,1.0976004470882077,-2.3796671960997675,1.6492333252516314,0.6021626692459732,0.9815777290590421,-0.37260879035335126,0.16150418654191906,0.45290578311317176,0.09052642339119711,-0.16593481796590548,0.49206173195077907,0.5873136387013164,0.648663379911443,-1.1406975921509108,-1.2553532062476565,0.4145780433541108,0.5860602941505447,0.3151332636409639,-0.5289867511851922,0.555775098342843,-0.04089530587899781,1.3551296396320636,0.34039084539958775,-0.6847609354358343,-0.08157899081923792,0.2593589872390125,0.6634743022952116,-1.358021679336696,0.6747711251207272,0.08272368647161255,-1.668839618136039,-1.1737916403074913,0.29214536356020804,1.1380500027363896,-2.0208940684402026,-0.06668719202634676,-1.172291665362392,-1.6794470048963661,-2.0896623583710436,0.13814299950156284,-0.7737387353994674,-1.361771650113571,0.8508682553584982,-0.17069797789803728,-0.06266669226395116,-1.4558377866001362,-1.1940408546674064,-0.20188661556551415,-0.6780732490986972,-0.5168727666632019,1.3617513576008198,-0.3851096473988784,-0.39951532526957567,2.1488546584901154,0.11653480387578964,-0.7052443884397639,-0.27010197164879696,1.271506129476087,0.4008120954069829,-0.41337880462512533,0.8196369942154114,1.2148469101145265,-1.1896019182632174,-0.17013106855028381,-1.8250861551257844,-1.3550978194895842,0.43432165544432977,0.7092344041189834,-0.14801389682608862
-1.490104683612115,1.7803480711820847,-0.3193843503790092,-1.2571694715028094,-1.338333784613122,-1.7892761628852953,-0.04875834211071996,0.9319288469664324,-0.5637721277981012,-0.07587911543581977,2.5291513165741026,-0.7153430762181401,1.3261947599192099,-0.20769289819416814,0.4527835332182919,-0.42281950988759354,-0.025828939743924348,-0.8593778397820946,-0.471750852610703,1.2300577675449926,0.6614303805874405,-0.0009069320225005839,2.2398492697797314,2.4561502134501167,2.05333052821518,0.9574715923096926,-1.3902211838887901,1.2712541532883237,-0.7988964097489553,-0.8317201055642273,0.7300463172287293,-1.6091112270082872,-0.0817904867909276,0.047073513772141445,-0.280092170830952,-1.6212436350397972,-1.0226195769024575,-1.9135229403955618,-1.1534101794543337,-0.8800370436660847,-0.8205042539183757,0.16609392716928253,1.366026570871453,-1.842958476090624,-1.8845845089777367,0.07990533068744876,-0.5454437558030709,-1.552702111584252,0.6897386058147398,-1.8756548771990933,-1.9157952810406058,1.9818210504931573,0.945124676248899,2.525721186786373,-1.1692168491072636,-1.7455825842368315,-0.5235792169333333,-1.127468990467606,-1.5670363447483775,0.5419695009904887,0.5275771582744451,-1.5074773824635657,-1.368366734796112,-0.5379852715442107,-0.9660661137631165,0.6906188298057614,-0.47461939217932814,1.0439075612433428,0.0029834611230361574,-0.24021164726723704,0.2706666406968866,-0.41133937965114037,0.2749745367546287,1.2380461211774005,2.0743948139076185,1.1932828399357134,-1.3898039919745324,0.1894488188577485,0.22466530124009598,-0.26216330469833177,0.03951286369261786,0.0830805904863107,0.04929015191165287,-0.9371433780572589,-1.1950546885619664,0.0298583185753179,-0.1571881280033548,-0.3080046700515244,-0.11484691637739977,-0.8734479481621591,-1.5490373079320503,2.01653832941969,-0.5409423533634717,-0.7315951544712217
0.7249782808588632,-1.585677196229573,-0.40969684132926926,1.1408626337875858,1.70533679869373,-0.4241949895634844,0.8561573568971936,0.600106246513055,-0.25674075653799666,-0.02565482141456213,1.381630401484175,0.23592897904087107,1.270711857969649,1.2376790945184504,0.09029697514365928,-0.8341674839323737,0.9574402280059087,0.23307063339993012,1.144923626855949,0.45258391407205195,2.1094387744926553,0.41808894377699535,-0.9535946516841116,-0.1733277342233283,0.6233867637583661,-0.5158180447474259,1.3423075490216672,0.6498369423816542,0.0914357298917684,-0.01044995972525069,-0.8342886983853494,0.5707452267060079,-0.37720868106386585,-1.8552175091928726,-0.8099142780991141,0.8028503710573325,0.824790474350138,2.1472235270908318,-0.8783101791773911,0.4813085292078611,0.28757211330115934,-1.497108757524248,-0.5231963165626914,-0.6717581576293812,1.1279799348120476,-0.5561502020870563,-1.5063564601884871,-1.254705770175422,-0.4209307296844288,0.1675148052797731,-0.5127035353074769,0.6677673074065626,1.5131793936632965,0.7740208621992182,1.0979745815682,0.5992567459284803,-1.1306344380506879,-0.6271508514538169,0.45883834376051424,0.6599472057008884,1.2485235068299616,0.17927044123071986,-0.1620076130306345,0.3192906370330587,-2.06309631817496,-0.0953046180467162,-2.397960708460045,2.865833136642523,-0.41066186336270016,-1.3867616742263302,-1.7875817116156154,-1.8587527445552945,-2.1230366983489954,0.4233622032656869,2.005123241599589,1.134916556677544,-0.3055309748862887,2.5975265614759717,0.7526432226419395,0.5750682600526913,1.169177119152836,0.08758978819164513,-0.5830226442958314,1.6547638539036114,1.493453140508476,-0.6907669608248448,-0.195244635685215,-0.7662764836923975,-0.6728694679525155,1.1685453769162455,1.2965132549627425,0.7244042282495946,-0.8275924584031644,0.28574537781158127
-0.7803177058955049,-0.16464002675242062,0.43436686690233034,-0.0095586895242043,-0.1199937700978928,0.6841468981029812,-0.9083808854265488,-0.22073241778090502,-3.350191058975347,-3.186287430609731,-2.23381190372283,-1.67397930975535,-2.6231185364082843,-1.8434175288822063,-0.12398986740709995,-0.3052468989891556,-1.0365510920715453,-0.03378689816724534,-0.4917010942679136,1.2218392908938172,1.5440273315053605,-0.5491153763962573,1.0330912687889513,2.0417916945790373,1.6650807490364083,1.4235352828663006,-0.8468727552641312,-0.12334674577982974,-0.4079220653007959,-0.12210876106492184,-0.6655549880850695,0.40067660951388556,-0.7478066961559633,-0.3742573315973697,-1.280962373351826,0.6123805136464112,1.53183988678359,1.0907475299240013,-1.6196332722744584,2.079860047186089,0.061524152329393206,-1.5976764873093496,-0.7406501965113103,-2.2251860330895856,-3.8057091694947522,-1.1428942527887962,-2.943488615070925,-1.120973657784917,-0.4929166000836753,-0.438710553956708,-1.7234214508412171,2.1086429868249086,0.6572618509926624,1.3318363351181834,-0.1529686204756161,1.006579530973198,4.601252991997758,-0.9416268439671559,0.6433760280747065,1.646210222141074,-0.9933636401484398,1.6070090310521716,1.0200235055784825,1.171787193871178,2.0785622260596206,-0.35505609784337966,0.40429667066398706,0.21082908665477695,0.8068425885413516,1.456016980129789,-0.056239829012944054,0.065245481987807,-1.0742164815789566,0.06690133918781166,-0.48405318565437155,-0.26165338749778294,-0.3662864524355232,1.0454162990921485,-1.3549078812302398,0.6333054815151645,0.32627134886951037,0.25392785181459515,-1.34845528732171,-0.48141608860852675,-0.2011670969146374,-0.6063064546855313,0.3001452316852308,1.060755079899616,-0.09930480194795381,1.319281555243038,-0.9726218071972889,0.30470864315652013,-0.541179764973786,-1.271354625117123
-0.3676112018970305,0.24707053819040614,-0.13975114300255456,-0.6651158442440537,-0.3781023620387603,1.900081525497214,2.843901304021837,0.8340930494757647,2.068568220705491,4.957514684006835,-3.6434990405544236,-0.23162265187290632,-3.34811745941662,1.9784172568865799,-0.5105039733838102,1.5614249778173113,-0.680788311232826,0.31351520663906524,-0.5905027766264097,0.4581434702086469,0.37675436747649843,-0.9350399387583136,0.9800046989729501,-0.34544859895726154,0.23193948292781702,1.1981628708424343,-0.7253400800042856,2.814643105012748,-0.6417853156659645,-0.22744093857767778,-0.1857496250181315,0.3271178305216557,1.3393028005502106,0.37007634979288456,0.9850192282725039,-0.2724316447723566,0.6728717269921126,0.27821686334620765,0.8176182933328542,0.9900410939085901,0.6567719707890626,0.8103416527568282,0.5512271329417238,4.659113569395631,-0.5843790743935373,-3.151890332224021,-0.8444320169820969,-0.5711162568777008,0.15854588830626343,0.22062267911515698,0.22588709920391092,0.9612345054876341,-3.1481112681597714,0.3917653338743463,1.155541273643512,-0.5250026162435052,-0.12716338518458647,-0.3516486852742281,0.9363349148377406,-0.5891147383880799,1.045546122111444,-0.09047562273226309,-0.06241784513345516,0.27484836471267415,2.0663311980784775,-4.148692423191762,1.0115089436384817,-4.875961823501971,0.5055432853641711,0.7107132667121512,2.851492547920332,1.6471037260850678,0.05925758631508152,-0.8994117870278945,-1.773547458430991,1.0748016763583057,0.5917948634719326,-1.401209126905302,0.14794997479632482,-1.1612365104369475,-2.4092212094703127,-0.5808764585712499,1.0907218508479526,-0.2813693192444917,-1.8522349919417893,1.0553301333994547,2.6787951058579274,-0.9130265125591812,0.5089670067717578,-1.2599126933019076,0.1132178281137457,-1.8702142697333164,3.2872449817272216,0.8870550681344238
1.061922076567792,-1.1009365154312571,-0.5672503357542564,0.6636781807001418,1.0890845108009846,-0.11795471484070347,1.2048047622463987,0.1307759203031112,-1.027913160950351,-1.7478356487665767,-0.4444901293198816,0.15964335998376067,-1.0872249580662023,0.4958253594950536,-1.565344366890898,0.009378075950775222,-0.0010296718638714286,1.2952120561801275,0.4444017269865531,-0.9150498471512954,0.2634856529471268,1.987385811198,-0.3302889580087743,-0.48594316093998063,0.09116114631356984,0.4286442020921164,2.6887037267800413,-2.44243588317934,-2.3973225222979755,0.9899936893279024,-1.2787849479737947,0.8548797137377233,-0.1763017209402073,-0.16900232635026632,0.21456427771961406,0.18530060880811128,1.16181806317429,2.2349921399840293,0.820918536703066,0.6110111974995206,-0.01949866334729422,0.959008020494823,0.5317053064085268,-0.1329390988224787,-0.24574093564818156,0.2548701423951254,-1.2646780372085256,-0.9836605274592041,0.21566066190139704,0.7031385428833503,-0.6961983892873287,-0.8488369358115806,0.13720134432921754,-1.06853096984838,2.767444054474228,1.0645437245490175,0.3549516055840847,0.7334752084665943,2.8150722917063917,-0.6050972939631538,-0.3904656953555924,0.5664420278764206,0.4464880678285509,1.3325871139333936,0.6118487063584259,0.47390992610603,0.06481821706479135,0.3004407012477422,-0.041101615878446934,-0.897991946020706,-0.24670806976738535,-1.1283742478962095,-2.1090002899935483,0.7595052135439944,-1.7316279769054845,-0.20816214240066494,-0.7680980558084745,-1.5153247847729747,0.04445041292416552,0.6410482376549272,1.3631480782356362,-1.1936628031006777,-0.30987915545143263,0.3479715526949485,-0.033725242681690415,-0.5276481128947651,0.2541280982699998,0.9442825756168514,1.1429138022930765,1.976776985997942,0.4956893847316669,1.3566038862503915,-1.3154589623129362,1.6863225759808729
1.245270333764266,-0.20958161228051042,-0.12078922594079017,-0.12185814957008176,1.4415432262040595,-1.6002244515888926,0.2280563638864117,-2.2409043472966044,-0.10332975925285462,-0.3406711339177002,0.6681156705734673,-0.057715777298656235,-0.35952426383198266,1.6326285215673417,-0.7424647196470359,-1.286271490260002,1.0971616424048376,2.312040528663932,-0.16462230821989932,-0.2888037222006565,1.454210957649685,0.20014701668455473,2.1036514081739854,1.8315667142514298,0.3440632377306928,0.714354744367026,0.6562383163968748,-0.2884828846831035,1.4091369244093512,1.0486951660574515,-0.17106715372392212,-0.2655893382035722,-1.2369172900476433,-0.7561355349108151,0.8129225280887942,-2.058965301506524,1.4188928315157086,-0.05446307640053216,0.27158812250056286,-0.307001918780554,-0.21942792096259112,-0.14719634421681793,-1.3043046676851298,-0.821616762135839,0.7566535683340319,0.3227802616261196,0.8962449485493845,-1.3252160425834403,-2.541802155941535,0.6123580520106197,-0.9230128604109489,0.20690659558370228,0.6050210800212998,0.6375461278392024,-1.2275683387317788,0.5101419674281189,-2.4512491436238557,1.2279685392289654,-0.08437897967840223,-2.4790981638217433,-0.5019679707628908,0.3799515575704965,-2.8094177313689865,-0.8966501761037242,-2.508462297246532,1.0557915978524701,-1.8630006294702233,-1.7051113923445576,-1.4597416660622078,-0.41600257297276855,-0.5491093962241166,-1.1777317974599297,-0.0028857938310686837,0.32377880045069435,-1.5897958854410874,1.2992276264079463,-0.8870738987197959,1.6471401315197094,0.7702551305407966,0.7863285829976829,-0.18566460759603268,-0.11888099338604775,0.062074524841145326,-0.5315346645182666,1.8960083352815096,-0.3582400058881512,-0.1817891610723903,-2.648232760889207,-0.013660934423671554,1.0078803438361565,-1.3645745167793437,-0.21622592068466703,-2.4897802785457426,-1.842279692709951
-0.4452045047136437,1.350303219793767,0.6733240375986558,0.5980102272974722,-0.3554191056545196,-0.8101029904642933,0.9337063162405834,0.04969103652801782,0.6031551304653626,1.6270588751591606,1.604931463665139,-0.127161092754906,-1.0435327101937908,0.5381116100450603,0.418744397561588,0.6379864986396008,0.3251220378367026,0.2284264858689538,1.4106954965836975,0.8720727694715229,1.5839291916362466,0.29517153222665893,2.5253772161938106,0.8299538599357448,0.8451446530249339,0.3239656393272467,-0.46741010076252854,1.1851234825290506,1.1935330724085411,1.458204439080881,-1.146393071381678,0.0766648229765792,0.8588872458463963,-0.2584568352124389,-0.46107840849116477,3.1470966165772025,0.006415235445709655,-0.9488349838619191,1.4712981467629285,-0.3308267888361506,-1.2178509395754165,-0.6797942959179389,-0.6065746136969735,0.1855266432092626,-0.5066357425942696,-0.3535537788836064,-0.4299951258003451,-1.9133164348858305,-2.053757227385502,0.29747760384684985,0.6514247403359401,1.4322718616519439,1.1192138140375034,0.5705449580405971,0.9750044582638259,-0.26831376188521283,-0.49955534840145915,0.788212346341334,1.100260300569319,-1.1883323637419483,0.18508677110588934,0.0684954273722399,0.34203115569595977,1.4362115192388023,-0.7725853191430277,-1.0010825278745825,-2.2867901863384965,-1.520344007896319,-0.7049250517104516,-1.0073489350194356,-0.8499433820995423,-0.3345855855818617,-0.4411171294575079,-0.22691552927396458,0.6796647557863017,-0.28214359362632646,0.04650398395782421,-0.23800566956579022,0.27067698389388306,-0.5500437056599542,-0.3201652856825779,-0.02577163050436493,-0.2417330794521788,0.5777114778717104,-0.08533471227080053,-1.101662644107053,1.2263398740548954,-2.230197919491106,0.4243225529696968,1.1035286485696383,0.6816843560355701,0.6987288391942448,0.8224836735899861,-0.4288085991886821
-0.4882492450832161,-0.46428212083394527,-0.07470171537575089,0.7355280854336385,-0.005672912038644479,-0.022276444146474228,1.141479591259737,-2.5125424064450272,0.4595010203700245,2.1307809534359246,1.346176962374778,0.3270132371803796,0.7725473216556071,0.07405992103499201,1.3381353288720954,-0.20850185360516632,0.875064221453216,-0.7670233738705601,0.5813837707240068,0.5900180537653061,0.18103282535450038,-0.3575375320487205,1.309804101261554,0.5733034935657335,0.573853711943811,1.4371552379938257,0.9879979409083459,-0.8093611690985039,-0.298361784531194,-0.30407309784537034,0.33915649825302274,-0.5512043304708238,0.3270454648229717,0.5071074807142121,0.744997593784241,-0.5596123142855283,1.4260034532848762,1.0211844591504775,-1.209359131971031,-0.12819102909564728,0.6457301249582554,0.7792447591816962,0.2853843096797667,-0.8012460626839534,-0.13867205562049784,0.041664842632194166,0.1653748371198161,-0.6600519822940828,0.056178634803923946,-1.3679056171486184,0.3763881840144899,0.47651622048678344,1.0692935815228328,2.7300017906389957,-1.0400576289710248,0.21732816148027212,0.5001202910074096,0.9159755939206816,-1.4123845018183825,-0.8619569714026535,-0.6752522321232335,-1.6867534385441632,-0.5682718531296191,-0.054808288672238914,-0.345357927119641,-0.28310280117321107,-0.20180596189602862,-0.770003654555804,-0.5685545624562833,-0.3796823069586292,0.2728341186307535,-1.73156680431042,0.2591936312635209,-0.26099327353132223,-0.560395037594415,-1.327349067892102,0.08395014866750859,0.888312211960164,-0.43352876377960814,0.04292943215016745,-1.1411543199584577,-0.0814534240962682,0.8255705344482245,-0.6028809732129401,0.4316557583716575,1.1512092174526565,-0.5833430428132725,-0.04168450323458732,-0.4200883511262268,1.2556224211294755,-0.7068890329799378,-0.6786974719340938,-0.3226060205191459,0.6070673421147347
-0.5631605395149258,0.17196898447425962,-0.0675392541003214,0.6566481079166131,-0.862232100721438,-2.1844061760896545,-0.6452816188125166,-2.3356690724860356,-3.3230254698633557,-3.1814792491122352,0.5121840064533526,-1.1530410246339442,-0.13340305384010687,1.0006866984911427,-0.6771780184649586,-2.129904253487365,-0.7000847423758914,0.4199732961077619,-0.4975439582554471,2.293991699315597,-0.18849255299284412,-1.26874133957828,1.705136675111337,0.9186278135381258,2.295657507132951,0.32864894781430676,0.8666427141780203,1.5656906114533606,0.13931087461133412,-0.12009683967535698,0.8598917802515271,0.13632652030764197,-1.8928798647177016,0.12529540109781545,-3.6372327385375205,3.09921836773973,0.8535765390552845,-0.3203955737776861,-0.7817398077575755,-0.13979999739056875,-0.11319137759722564,-2.596745031819608,1.1948931686469213,-1.2732574814237951,-0.7033399911673333,0.33796670454290434,-1.875439089170872,-1.4816168115317807,0.05604991859414979,0.36165538620487236,0.4946701053907474,0.6473248528836288,0.5289825850891829,-0.01862454085324247,0.4063514136389701,1.2223283665495925,3.5109481825310094,2.6698617748757787,0.14105404045703346,2.606599111228326,-1.7318328480503908,1.3317167080711085,3.239866229571978,4.024762432382737,1.5508509118647151,1.93338228151041,0.08688290192227999,0.5519957413400896,1.9511452541854293,1.3069778148347928,0.25223302943171705,0.7920488992015137,-0.44029335907395806,-1.0282866908731954,-0.7111602867054937,-0.6478397733651958,-0.8206159774004103,-0.9463926650922749,-2.186084977120349,-0.5913324673568136,1.7392053210113174,0.677683490229852,-5.220247456569485,0.12287517046177825,-0.6233401504747234,-3.200705298627691,0.3932329104057324,4.2446033438716775,-0.2193320488540093,0.8112339341227881,0.7086668376540535,2.4837784407512995,-1.729020809507027,-0.6959161008056882
-0.6087397745340567,0.6068514529040623,0.16957186199009044,0.0692131610703311,0.8047733137795086,1.367592891284569,-3.017250752895494,1.1371243497685117,1.5106842500311273,-2.3276069506778545,-0.9733881346038753,0.8163463771082052,0.1724389920400471,-0.5969232259110844,-0.4258552671611544,3.379445485613347,-0.8449688691643507,0.6726265950571526,-0.2505752402974518,-1.435791448437186,-2.913611393581696,-0.2571296805648639,-0.0499109094318565,0.3368473142114661,-1.328309793727057,-0.879844142936656,-0.514847282960945,-1.4300451705003467,-0.2646902012992826,0.24714069132006306,-0.741457542583112,0.282895404108183,0.6460703619299917,-0.2894326016952927,1.6649163240083902,0.15357469268620827,-1.2462537393558453,0.4780112080185387,1.9900665104923068,0.09802302393546958,0.3622292474124732,-0.25923034012562673,-1.8137815853746952,0.2516910240303907,-0.28183041085610905,-0.06559340693593543,0.08478463102768508,0.385653762975842,-0.026688866275132183,-1.0614666821919003,-0.4596511701080955,-0.25543419196787126,-2.0716809683227257,-1.110794516299642,-0.5663687715087562,0.2124533525145722,0.5658779547618079,-0.784862034239788,-1.076225131136443,-0.7990158951989409,0.42469771205693774,2.4947916824355936,-1.3123939525065722,-0.09436501065999969,1.5005738290149542,-0.8676981427428255,2.063454402691451,-0.613238291136409,0.5922894282551939,3.5063142811307415,-0.38971797303687405,1.7520609968574996,0.660770082843263,-0.28565626476816963,-2.918072798669359,-1.2783832676278746,-0.5037475146041392,-1.3935846398541447,-1.981920380519278,-0.970706380397572,0.3317056947283953,1.0592240960801285,2.312596519517598,-0.7368805159514132,0.14889818785562825,3.08379262760884,0.48817322009208375,-0.514245598954367,-1.3656817909507328,-0.7607354693036976,0.688606085355256,-1.838674013906036,-0.3810173483733754,-2.033475929721651
1.3534006365367026,-1.2090327233100684,0.5818754291684389,2.01853350466385,1.5421726806032243,0.12368130142751466,1.536291628738482,0.025320622997898057,-0.019223869448762865,1.1437480623620782,-0.762632660804659,-0.5055357503875847,-0.2027427151923057,0.5672459351254898,-0.768700803757752,-2.3319120427547415,1.2827621985811835,0.31223380988839133,1.217402083890735,0.20094988993676638,1.9153505534948345,1.9671622526284986,0.23793174475959422,-1.2982646091927685,-0.4973839753300708,0.7053995274346322,2.7146267707210328,-0.5588842765480768,-0.0823924171065078,0.6576273746359628,-1.5979400394978598,2.722104254105695,-0.6760467731506867,-0.7379339842197178,-0.06677254662799285,-0.4074141799085157,0.597527761746399,0.8715922106154629,2.627259946988417,-0.4283334276373748,-1.6030607663837686,0.8234585905072739,1.2943703884535003,0.4130916571954233,-1.809823156581405,-1.2863360947955744,-1.841239373105245,0.8208706359428205,0.6563546567464413,2.635254048585597,0.7632017559771612,-0.650877792963718,1.2607929942295144,-0.8172797175577972,5.343630006857252,-1.779629296556286,-0.48791108037683206,0.42838082467871913,0.3966646163665217,-0.6713661261713914,0.9422297204258183,-0.17395937646360732,-0.5216794501214741,1.1606046607005487,0.5026265362017888,0.36031012507715565,-0.2853916133596644,-1.986835484293868,0.8824269078868737,-0.3166825179160654,-1.879429574166435,0.4516974461015731,-0.6762345725607548,0.36197462893536153,0.12127361709568218,1.073262976027336,1.109113628221577,0.8846003174226322,2.0964502803427827,-0.07222490550452067,0.5521901693431365,0.041026747999704266,-0.33932726516562417,-0.07111533281033237,0.17502101222683697,-0.15859547187832823,-1.1948748281380919,1.6662595530043225,-0.10740748967359422,2.504955370021565,-0.5462486815793428,-0.8690499917525636,0.7549535076555254,0.6155399186394175
4.368480994559428,-3.116731823434312,0.7133482536835991,2.300646364276798,1.8733685887890674,-1.072059198807272,2.3497995756031305,0.08126196071096303,-2.397087700695515,-0.14419792844219934,-0.44172340049298064,-2.3467107081168237,0.20002822795002084,1.9979907920382904,-1.2567146265242355,-2.4737058359088047,0.6985342404245625,1.5399325220884892,1.6906209592333514,-0.9060986848500163,0.08768918658760935,1.457636198577779,-0.8406128103747397,-0.8437173717700663,-0.4563795040284673,-1.2480432035007252,2.202468150722562,-2.060924571233338,-1.1859569953738296,-0.3449774600094134,-0.5230848270988278,0.6385176651635269,-2.4736986125760274,-3.3092263845056262,0.7038728081578722,-3.8520835018333495,-0.7769305137551072,2.3736694108284673,0.00044179642451247503,0.21328453649095735,-1.8780566811678088,-0.01621242320215166,2.021250193686419,-1.7597156971684718,0.6854877172089858,0.4085656345231765,0.46348317178511567,-0.9620791405352442,-0.461518358162479,3.7371027727698025,-0.11631847140174548,0.28849278577561677,1.7144981147195724,0.3417567012278596,2.1771161675057105,0.18054734996634536,-2.444103502221484,1.6384569589339582,2.382631614919081,-1.8588092807377654,0.7802062624356236,1.4885962414547436,0.40807106450871533,-2.6212111300790113,-1.1492642894439975,1.3900810571128064,-0.5954846991366393,-1.1887189658743567,-1.244201066198528,-1.428638943640682,0.3848623045377243,-0.03576533519766445,-0.10384517915557367,-0.014339061016124283,1.3481515845098309,-0.7409833443867279,-1.2852823225165475,0.24676741234402622,1.2519778489539848,1.6398975479489715,-0.30013339727309163,0.0796602583663574,-0.37899736144278284,-0.518540368504271,1.746914272148723,-0.7793657602938142,1.0694392599790437,-0.8674771247553381,-0.5895040903538152,1.929047175652471,-0.3338985236502064,-0.5346762477512038,-1.2507229450060242,-1.7656143784530909
-2.1050749560120083,3.6437132178664506,0.0415173852379107,-1.3634539207629421,-3.509562424631149,-0.6323583969908755,0.025844785587959773,1.7611471135501413,1.610312623735405,0.5417240195313983,1.6682843061633945,3.3837484152868393,0.6916307300699962,-1.9827717650666297,0.3904810236753235,2.8993336351440524,-0.7146403488360349,-2.2329297885152624,-1.5089073194537013,-0.4660328310324073,-1.7066228707283688,-1.0407781051539065,-0.4904096944601708,1.7981215345084172,-0.4102870754475557,-0.40226311323221053,-1.9127966436741568,0.08132451205518049,1.0802302892166735,2.091263598275025,3.572509009290777,-2.712858679066366,0.9550175438421409,0.9386652185822719,0.1373706951187625,1.055690863465819,-0.9214908382771819,-1.578516416063497,-0.23038228647444056,-1.2842865663994836,-0.11180220485804127,1.444148086976667,-0.15016849677943603,0.16777627062189837,-0.9155417122737819,-0.641822259580626,1.413442740733133,0.8275576188404618,-0.014169982464710573,-1.1328661516039369,0.15209345865826085,0.40255340856624483,-2.050602159645605,-1.2147104956199972,-2.037527647755217,-1.0147238246998942,2.120950443951161,1.1895935583962234,-2.7693535344632743,1.670185368114315,-1.4619448344312704,-0.1436290273315366,-0.3591640730973325,-1.486481073380057,0.8040746468963726,0.2940838677110905,-0.12788691974556055,2.0948539085020395,1.4607810995678099,0.5774256113776328,0.4603660481136487,0.23816549877929818,0.9179781193014686,0.9519718997721451,0.8152923452367267,-0.24374060073136827,-1.508756953545712,0.5458626726805189,0.1366641815916514,-0.898531568615808,-0.0322294177183009,-0.11527225357917305,2.219866527179139,-2.0530565931535376,0.3123792866771125,1.6443814382613713,0.12211060792863038,1.593352085087744,-0.4206152582739246,-1.1233610436761272,-0.1420592548957911,1.279159043589844,0.5868334183417624,2.274593630473632
0.3245259905306072,1.6553282108301546,0.46374435375643247,0.47913205525756286,0.5516781631229976,-1.17930559815624,0.2878415039812136,-0.7534455604959553,-2.363015532352985,-0.45736649798185103,0.9177300794873715,-1.801523629040342,0.39898450895590387,-0.034625919778248,-0.3901913836224406,-1.4907912142433464,-0.4301924915274377,-0.22264688163589147,0.4177234170526399,0.6918894630336225,0.7554487503702225,1.7513464620984736,0.4473322169132899,0.8496239062139403,1.8095239181429539,0.43465350252340773,-0.4135702124526287,1.0587988682263862,-0.8171524059372175,1.1223888927946482,-0.37704317527033104,0.8381795993735601,0.3964118454620591,-1.3229692084992608,0.0854565927226891,-1.1103753316451912,0.8356929365550078,-0.3694651486488949,1.1844249232740514,-1.669289383795759,-2.0903855351686267,-1.471833463402861,1.7471263040249752,1.2770642999296364,-1.2827266014670502,-0.4306671317398833,-1.625668307742726,-1.2420795204941508,1.205488470257993,-0.42125801271457686,-2.603986041514527,0.7765817774566623,0.11565346822475697,0.49366140164235617,2.118386450454731,0.909776079616526,-1.248793873824456,0.06906260304062983,-0.676947482718151,0.6804386868811079,-0.2700476931103402,2.306346127538359,0.22443740491551323,0.5569362732902106,0.47306148744655857,-1.3181330841216408,0.9903885863112616,-1.8801320551575735,0.6091207908331229,-1.3375616003049373,-0.5590612943929498,0.3314244035532724,-0.8612389443507543,0.3687642963558992,-0.5625421552008218,-0.57185402483801,1.6253166096934097,-0.18572157925409408,0.13301924451939434,-1.6608101604133305,0.40883970284802684,-0.11343929388606282,-3.02898901027268,0.5503548098535406,0.8515650691837443,-2.763668759797026,1.2703595103608198,0.5918665862860779,0.19227087002280646,0.03682838090627704,0.20633369876342822,0.7892533490902144,1.155329412741398,0.006893102844594906
-1.2132982152446896,3.0640589522081507,0.1048036630323834,-1.0001879489547425,-0.6806427239348876,0.9251480533313824,-1.3648478078780089,-0.10877199002601057,0.966207268507352,-0.3881115640556806,-0.05963798592251923,-0.5518380670528964,1.291781520153053,0.37775432176311874,-1.286615221870789,0.3563391550199395,-0.6869263693283953,0.08860479614525008,-1.003198404344392,-0.14474766710709536,-1.8258036414688672,0.09456692432400426,-0.31248793762289934,0.09109661121729491,-0.1725913959121937,0.3712588616920588,-1.7215989426597256,0.8432348694127823,0.5260346524531858,-0.6070966962635636,-0.5846136624056489,-0.47069322284252685,1.0301666623617858,2.1351442187320324,0.22782255185806144,-0.24916067758233168,0.14012290950044068,-0.5898414128352742,-1.1721445931677268,-1.3273652536095324,-0.6768676388931908,0.5512392564524747,0.01607272145492511,1.3223144306692414,0.24916709977361937,0.44227857594986963,0.5510003942355424,1.108779273923953,-1.3829783118151886,-0.7210002800975004,0.010571671357910015,0.745212054335296,-0.6936505612408964,-0.9474595211945785,-1.0491700431146542,-0.8767508575380344,1.7744452313555439,-0.02596327360032047,1.181735948892142,0.20284161117338384,1.5765962003151448,0.022861978299027697,2.0469519497733675,-1.0482428306296354,0.0042260103871248345,-0.635101942395748,0.1214171351410688,0.11910520437162818,0.08012701825003377,2.5214989856300507,0.4388000894513259,1.3784301226007907,0.1681523811575283,-0.3827520793453196,-1.0654480540341307,-0.15877005009987663,0.3546738284112963,0.31604470691107267,0.33662894181264724,0.5056930508285568,0.29742551017759467,-0.030722141368548284,2.3703250434315413,0.09323618628756179,-0.6697921740235419,1.553881834555411,0.8637770367650703,0.4198987009378024,-0.4370349635054653,-0.16823326249180265,-1.575829520246924,-0.780595487797693,1.3804507989911554,-0.1418652822346027
-0.8716899309782794,0.7735360717217714,-0.352381977362206,-1.1450364743774246,-0.7473999622568628,-1.2360553106222456,0.7881459165063602,-0.30261330268483577,-1.695161476748154,1.1395212538213841,-0.5747740526870497,-0.2969432281577886,-0.00883231988084815,-0.44658831530325377,1.0237856206623284,-1.3022878056293141,-1.2253520171909833,-0.43107179906475185,0.25722561108918574,1.8498305727716193,0.9353424648224611,0.01517836637929601,0.6971257417207997,0.6179430783081048,0.9520403253306265,1.0015303967161697,-0.27439833618309617,1.4896902583175464,0.7475767086084467,-0.7317423436902578,1.0095621693862167,-0.24451683549210587,0.025878111413865923,-0.22675918251048552,-0.6362898751390385,-0.35396912681620285,0.5274633645713872,-0.2582115606456455,-0.9060385586153628,-1.3899192607626274,-0.43308772193119605,-1.4176038958730532,0.8236797929250947,1.3933249603828983,-1.4545156026589563,-0.4230950616816876,-0.1564972366984707,-0.9487713948980437,0.4684654003598263,-0.22477651959968856,-0.3575769105350204,1.3291800448020004,1.590560816428524,1.411779980552801,-0.28334661965057506,-0.5541111033570917,0.9092712355905682,0.3530765745151614,-2.035138078874815,1.8695130763155638,-0.3777365715092311,-0.43718952935175,-0.693103539822462,-0.12968789003030437,0.15938529170996305,0.3025864203780788,-1.558882116839193,0.012464511874755613,1.1873443768809282,0.6760602819464395,0.27641412957246553,-0.008655155615644061,-0.8308806455046518,-0.692030514484602,2.2341297074960154,1.3644773744880803,0.6702147358528822,0.8654378158167787,0.4662776393474076,0.08896585777159305,-0.2107374320300035,0.5745719946534719,-0.4888608927584156,0.15257197745021994,-1.0192238784873071,-1.2656461959667167,1.6344075623845065,1.9300703319974117,0.12988407247902456,0.4164832289963628,-1.5367607693788756,1.7253322822715322,0.17790514477665637,-0.4803551220389598
-0.4611971534578232,-0.024856452762244435,0.33316013657567206,-0.04328048513309596,-0.01491662710709267,-0.14493427311892298,0.24989895204419066,0.3225812670656547,-0.11737208516155545,2.3584510295161745,0.10376482755276628,0.37781725117190545,-0.33517980367163897,-0.013164432845179763,0.4761943975775036,0.6976424470014075,0.41180689209600047,-0.3314072980681911,0.35878198021407604,1.4632595365026162,0.29053414787452414,-0.576751975789558,1.5041117731521976,0.1295561384312759,1.3947456904918365,0.7559633611432526,-0.412589919438011,0.8335002452459832,-0.22569191431723862,-0.562896694526011,-1.0006911006789279,-0.2578438342448615,-0.3335064876308059,-1.6458951351759963,-1.058367134799108,0.13985601871833808,0.7842008094349147,0.3815951969133617,-1.1117789460366594,-0.12371640320269281,-0.5190737717784568,-1.1949830220785453,0.7371744784300638,-0.36702829003633664,0.5458650209875856,0.026680036751034752,-1.0865419632747273,0.7228065674718211,-0.32118943482552903,0.4723477024109669,-0.030153223084748076,1.048150432681875,0.006012133854349733,1.3221534643956294,-1.6992211485742046,-0.27859155011293196,0.4866034969052626,-0.7465904805806913,-1.0426650346291586,-0.16028464283756533,-0.36993714375165754,0.27274698997920127,-0.20108938845054494,-0.0934787066891224,-1.3581875542337056,-0.17555424815689014,0.5397516794057402,-1.3269047342233722,-0.5129368278236984,-0.502505065555954,1.3371790711796894,-0.2143569702471223,-0.11781541677575408,0.5816347389010027,-0.33330050303509107,0.1453015835867426,0.5011956934952737,0.889249495126064,-0.8017214633196768,-0.500837652793573,0.021272790151922627,0.12123391813007327,-0.6003817724235019,2.5590685131919715,0.15505886563995833,-0.51381845784777,0.07022548861683597,-0.3610432265315886,-0.4598379404760771,-0.0748839374920548,-1.4142598467953114,0.02298819935681279,0.530775020727456,-0.27211807600179805
-0.066202885377753,1.1857868553384943,-0.5335308920063224,-0.2635517010714534,-0.16190482239690718,2.532664668307777,0.08930557828638414,-0.23417364644468847,3.2544028658118704,-0.7451001107648758,-1.0477243511724574,-0.7404651561374421,1.2091621854271157,0.11144063512910618,-0.09165864136254896,-0.23460732468288217,-0.10789304964502579,1.7944708047843225,0.09970483904163147,-0.017479491266334524,0.28157457458034657,-0.4693120022696858,1.348943381414404,0.5483324296962699,-0.6379744620175634,0.2189335326797569,-0.060335844718751065,-0.034978679931481294,0.2614016982376247,-1.9889496196984577,0.1963196973306578,0.1687772481150554,1.729123372572566,1.5907462758922497,0.3283613119918816,-0.2693805189096078,1.1907143722643476,-0.0042981780641525025,-0.24922221889099516,-0.33205505166372606,-0.9635399401877139,0.1970420745211255,-0.30221709765706706,0.11030950722257707,-0.9385733088692052,-0.8970967633153518,0.1718260690763886,0.05496269198337146,0.1590316569483478,-0.7067652370525852,-1.3786015006536791,-1.238589613039472,1.1430663781446397,2.1265701923941758,1.716405918963715,1.3876170292585326,-0.013461028838794742,0.6500707461555842,-0.03913487924121262,0.495474181490986,-0.8831639265454229,0.7838552246594244,-0.13609674050797313,0.18414107942859811,1.6473704080328702,0.04617728136871191,1.8259448370969578,-0.3042101299488763,-0.06056377235178195,1.3103845646166667,0.3347092890046973,-0.35723025920010876,0.23989594723340893,0.29899734945727685,0.28645111530029604,-0.6252983620797481,-0.11884282531643767,-0.19876501273084768,-0.522456033988185,-0.7208129798132624,-0.1716357256822193,0.8135101786824529,0.6138931368009749,-1.2438995718979655,-1.4480315986071886,0.6070021855671323,-1.3364154665254881,0.3434476418036346,-0.6172504358890234,0.1465019232229259,0.5342857109571886,-1.4892002745245183,0.39749080730085196,-0.7719886686115602
-1.194052819967963,0.8463403277786292,0.3776842752908402,0.14446550895621796,0.10855550106953071,-4.714941753734867,-6.01337603905824,0.39507523318657484,1.233290571579689,-2.024828278554642,-0.3235489142200658,4.161272922502437,0.15986832181821203,-3.4066631602625104,-0.8375302473845527,3.7687071654102766,-1.2212040181864343,-0.5435361661200093,-2.258581391896797,-2.6801480638468798,-5.959598461685364,0.36429955239245193,-2.4313184368088816,-4.923491484362563,-3.813064240477993,-3.318000772042868,0.5034098127802987,-5.582811392713485,1.651956888722843,0.4262330258554673,1.3272372072425282,-1.3226335106249287,-0.36991195548578837,1.4190989882637008,1.1314434096506591,-1.9330884813729137,-2.0443545431458245,-0.0873887101202325,0.8669294808922883,-0.3863920675088154,2.4406774078766316,-1.2923002912109636,-2.406995316212636,0.6413900585854311,2.910553456938125,0.9137604774485619,1.037497449268441,2.2941092251564994,-1.922560946074282,2.087275996901723,3.756700666758382,-2.1644507607468846,-5.167496704731644,-5.472508202374975,-4.160628650097751,-0.28827577576860197,3.500260319095884,0.44855395968603334,-1.3910618682237736,1.4579473390761892,-0.8272729992204868,0.7547429454208763,1.2212519552044105,0.6216942874715239,2.1921323302630724,0.18995619694230625,1.2818890764950295,-1.472987294402805,-0.24258011760705805,4.01635583719918,0.7432381387271068,1.1129229088603525,0.6707050414149733,0.6000102798838434,-3.7787666085679796,-0.6647857973319244,1.478914647579646,-0.5040820839143496,-2.452531652728159,-0.7680837008243206,1.794180375094441,0.2553823816418599,2.5924309942142587,0.018451358873995426,-1.377311454291461,3.4831538060654594,-0.5284751832091849,-1.6652548464715378,-0.039346629295933536,-0.11289158270656366,0.06650512649343776,-1.8168141047743473,-1.4062636738693657,-0.48885705196930873
2.239580664082616,-1.8107947236290538,-0.229818106390032,1.6407728694881691,1.1184982513955881,0.35303920534722816,1.2020551133149686,-0.9522251941334355,1.4377951728688405,1.0399979613821544,-1.1658562973180326,-1.1544375788295729,-0.3705506971813529,1.82710564793153,-0.012685155659065358,-0.48199278206725815,1.4466745700394326,1.0613651595744984,0.3748807747295514,-1.5673211662902058,0.46884235632419285,-0.03398947875600905,0.962949890471214,-3.452602006415513,-0.2948319388998933,0.7809848218563085,-0.6448570767525303,-0.5825955812715948,-1.2981571847668412,0.3566275078590859,-2.1985455983227467,0.28626187283500376,-1.960648829081292,0.20878920996411288,-0.9105555220169856,0.8341364478942807,1.7015818266948652,0.1962207400939081,1.0812827699574603,0.44135771190286677,-0.8531748481299185,-0.37332894392500604,0.8332330470710536,0.7468106170822664,0.7713985861486529,-0.5529691860107311,0.05129187939914881,-1.6927063026015152,0.11638165583323878,1.873398832048237,-0.253777294766771,-0.2773341112774269,-0.5156089477247996,-0.8002866967522981,0.1605326638902168,0.6222366826349752,-0.7398213445403776,0.634017837069882,0.08385696850641589,0.022800407852984428,-0.5244665381802093,0.9622132329159986,-1.2122465829041016,-1.8737637509014131,-1.4085163442344557,-1.8366718484339688,-1.5580561018127408,-1.0304672153366958,-3.662834497007729,0.30221560426720784,1.741872046375581,-0.256316027430758,0.45714895123200605,-0.655413894470539,1.574223794860943,-1.2420794046924961,0.025898389557198444,-0.49415315201585747,0.19289133862101082,-0.5272177393402792,-2.2054991195160802,0.46649134416677196,0.8617898169157514,-1.678910235810502,-0.1036764754139794,0.4460045550970705,0.32446425759551484,-3.2810121249155233,-0.721438488046755,-0.14636189775252256,-0.08742186868261226,-1.5914856038590037,3.428782237209293,-1.809058433064772
-0.4447575586490345,0.7215002758052322,0.5146163507729825,-0.023462248399652524,-0.5765045805731152,-0.2915912171856776,-0.7992031199795333,-1.4185996308453666,0.13775737620555328,1.3388484801058547,0.32243057772488515,-0.23097881350790256,-0.6252028270848078,-0.3427765706106821,0.50291444305198,-0.34789080159579355,0.008051918468857666,0.8931872273508554,-0.5105359009334918,1.8813640035173544,1.9713153551895852,-1.248239774686613,0.9164286387717264,1.3105980553831966,1.1165443262190544,0.1811540011324655,0.6009062091133206,2.416880446139649,1.0109914315701154,-0.8951042282917456,-0.5712628403324747,0.7354635648001304,0.39014304927641985,-0.6161641509303554,-0.4053952233632722,1.365478710135593,-0.11892251905787851,0.5515410706724854,-1.0405855728237352,-1.1159325064868129,0.19250690909820167,-0.7225924666231602,0.5442624905706162,0.3548942437034487,-1.5745393078868324,-0.5877069466885466,-0.44668318883882696,-0.8740706568824805,1.8977287220152725,-2.9613567493794863,-1.3762723756472903,1.6466186782034904,1.361804067531426,3.437740863410045,0.21951683583405296,-1.0868237426342024,-2.4773745896027335,-1.250318029466666,-0.8446304961923341,-1.3227080577364114,3.8683359339357026,-3.559523973644586,0.07608045480681341,-1.9800705362679791,0.7331366206353876,0.7455334781551994,0.433362058549448,0.5218201797123323,1.6458443855828975,3.327469327729633,0.20573918308155736,0.8055757935621543,1.0836415593411224,1.4154780925122594,0.9489535788583237,-0.8019304653183393,0.5830824839843968,-0.19508581946206674,0.7015272775705071,0.3221465121591344,-0.30629936672131985,-0.27100667559460795,-1.1543397133946758,0.22556528756722874,0.3134304559147391,-0.3942218846442778,-0.6315452444856691,1.7907723162316975,0.7186292432379008,-0.9239198035706124,-2.342685492090648,0.5516402895724748,0.3282319711135844,-1.1941515108269845
-1.5270925364182537,1.2516079718551814,-0.3394636846657987,-1.7108095895368682,-1.9088500600649156,-1.1147426276030281,0.3409729368029871,-0.4884577585220281,-0.8506627127204768,1.6514852807100784,-2.5908269749922663,-0.8116678944839917,-0.993367437313033,-1.2450169788712646,0.21337832288356032,2.2155795954906843,-0.6714353798753399,-0.21524970437807334,0.07933207675079734,-1.1582350729729605,-2.016893985846972,-0.0929714572458389,0.0406201707884945,-1.2247745821967126,-1.2125596032205073,-1.7621660030573478,-0.5190368444941686,2.233282550522071,-0.3327983072202192,0.44648786569030746,0.5100897458450921,0.12386584666248246,0.5265211644671528,0.06028943201649195,-1.9431676726234475,0.6190977168212315,0.16001883249769383,-0.8482816774030993,-0.6079463324723022,-1.0628266079288853,-0.26734067841686326,-0.41409411774815635,-1.3865882774538132,-0.900582376468878,0.46447020638889913,-2.913329211704614,-0.3534599807651534,0.6847844726385911,-1.1633492503440412,-0.7068350387625357,0.14791270604934137,-0.21424418158959457,-0.1719581544130929,-1.280941856778348,-2.0664497211697976,-0.8579457269544367,2.6904000076441896,-0.033032025917323515,-0.2101010033626472,1.9950813735114363,-0.14556644155226828,-0.9534289537723529,-1.4716300533891042,1.3955003415924718,-1.0647629477334037,-3.2561889925847494,-0.5521920164267862,-0.6609052969240093,-0.5155222377506319,-0.4506303798539816,1.3495706824844291,0.7363883269726006,1.3079999359305525,-0.37415019304494607,0.9893658755955067,1.819717358182852,0.627000605662871,0.5111691310792641,-1.8406463615433544,-0.9092272680254431,1.8937053472485257,-0.1611401691917237,2.116414125521294,0.3245500837943552,-3.667338125205962,2.737006836574661,2.522434138170356,-1.6986470189734795,-0.8313575139216355,0.19077450485171088,0.7022857373102314,-0.40569487721158437,0.7148694741323587,0.13961421122703546
-2.68785346188758e-16,-0.7715402724922216,-0.07947488287125787,-4.719423049648651,-2.4930413464541896,0.8453776461616358,0.5611952749867453,-3.33407668513229,0.5903997477228902,0.021506783300566424,-0.7575663997984772,4.666028587511195,-2.2181828198180136,-1.3714870534610262,-5.204133690690562,-0.3060717658669412,2.0898032064523453,4.869824276947711,-0.9025017433244318,-0.30708313971916723,-0.03501056656124887,-3.8912905359751964,2.06653620241522,1.2644074283350732,-1.8270260792254027,-2.269241069582144,-4.742156419404336,-0.48960199496054907,-0.8942569630511543,-1.5001171413630479,0.8357211802061402,-3.4570828357456023,4.247304370287336,-0.00882677444135821,-0.14673642743000315,-4.921896886690756,2.3443642180900643,0.7448161536196378,-1.960856399692112,7.6158641695885905,-2.0891432422581246,0.810209097082909,-1.0979368924114439,-2.148674807809617,1.7900379253254821,-0.19272328092943913,0.17511629506422557,2.4345724177727135,7.017925774633704,1.1814652192140258,-1.2180014454687578,-1.025027066060878,0.8787224365520123,-0.6420842632172965,-0.32440823189148305,4.421552129774421,1.4856561070580205,1.985820406353981,4.4558481937195715,-0.7698401857941835,-1.2469649177760174,-1.6217865207765985,-2.0459967293455987,0.3477778947236791,0.8906134737183478,-1.5239972798391024,4.312998600038956,3.847016126189918,3.834555132741134,1.072282854382102,-2.7642615788119844,-1.8285048351305586,7.099826532316834,6.482659313999297,-0.10557390042039697,7.535967059894264,3.92839432731616,2.1349330875593076,0.7054632652483864,-8.852785961929982,0.3902869482813244,-1.806554834323649,-0.5103422504853662,-0.3003141531706564,-0.45286894667269967,-0.05923889442217768,4.940113536408478,0.29708799525370033,8.664606297232243,3.6104434457706853,6.273637049131099,0.5732721177804667,-1.1042135097366623,1.8874730315441335
-2.68785346188758e-16,-0.13123633190038758,-2.1216254368206044,0.3239727387678682,0.19177355479159863,1.8068464336708785,0.6189472666469785,-0.8022685081757859,-1.039977724403669,-1.2819005108039205,0.38744467388311365,-0.6224200528687859,-1.0953549965345033,2.1922889104450753,-0.07392663624297996,-0.12001822091584717,0.4168491784299052,-0.47829205484191656,0.6320073361031149,2.592905475098354,0.5604912870454549,0.7685832985507483,0.9579463951753632,0.6799503144370449,1.5966724812864417,3.044039732623471,-1.6011063763398066,0.48408789316127226,0.3953222732482733,-0.8045227466849888,-1.7901369950450998,0.23310529967020385,-1.2179953410884758,-2.1206465339258105,-1.8478094788870405,-1.2423935365627425,1.1145354619869272,-3.219492875675402,-4.085613825394426,-0.5906611376675683,0.5762503123120581,-0.49800969125270944,1.1066269580217358,-1.7444712791841483,0.25269419239882773,-0.9521450092061787,0.30927492840799453,-0.9630312083916418,0.7588436754558232,0.8419293865928873,0.8373484707431291,0.6669756907801712,0.4138060310423839,0.5917207528107671,-0.5279078800119542,0.14475735843588117,-0.38685718726871027,-2.6153955882333224,3.2993241609660453,0.20743445676732267,0.4724173013049715,-2.535999943704656,2.054606066063398,-1.1096571154108392,-1.0734103153413823,-0.28438152837351277,-0.5211029212729773,-0.420489142866901,-0.7360861583237011,-0.42802816506524294,-1.9678723310526105,-2.3684791765376256,-1.3503033238762874,0.9685027241673435,0.8481740366753595,0.3303024999820647,1.2739201852961577,0.17580752926458232,-0.17095557325942154,2.068530913853107,1.4943182787427123,2.7334962721468887,-0.3419960071836587,0.5285944113299205,2.822290378300192,0.6072054111843215,1.3563671514894156,-1.4706035616756827,0.13416565006272368,1.5473999594687782,0.8835277003522288,0.5260424861728201,1.6368030704518395,1.234503622769782
-2.68785346188758e-16,0.032275118447800094,-1.1100620057067159,0.33132569342119295,-0.7006792801928978,0.42457530473723604,-0.444864136875153,-0.19250940469437117,-0.9042364017770923,0.27738970328081775,-0.7060470785610126,0.16058940062209487,-0.2642290637333882,1.4552764609829496,-0.8721167863267233,-1.0243969249299105,0.639597037479717,-0.9419673976378936,1.9473793448364982,0.6839696069617105,-0.3689917678518263,0.5130766878593614,0.7824703329494543,0.1833748969928424,0.31033648851313944,1.9517220795826873,0.5552135765942423,-0.4745891834356656,-0.9240569867134364,-1.5494130715883945,-0.9104225665611829,-1.4247473783895688,-0.8477182627645075,-0.3807081104416482,-0.4346849453633166,-0.9388088921398777,1.0076976536685347,2.028623206814328,-0.07739663986921669,-0.4048970716920832,0.3456048297049727,0.11447489250373244,-0.15780090293990703,-0.8252111397046671,0.23719872300378242,0.0869396907580946,-0.029667812521206288,1.1205840806138039,-0.37610112461290457,-0.6489171725179947,-1.4882150424899157,-0.0937190514823838,0.7561120530171663,-0.3477285590576254,0.5623265224304635,-0.7680735022958334,1.1179996561785195,-1.6897446751739194,-1.9164750598255127,1.6229892086091136,0.5785439533576135,-1.1182866075643294,2.9691441495589643,-0.9553685699705001,-1.2030464203096938,-1.1871210039923428,-0.19863111825031765,0.1627345876224684,0.21055434098655587,0.23749458140179128,-0.43360844848261715,0.29005814022906157,0.9105102049440004,-0.7817673465610393,-0.4847726408170978,0.8031935295965975,0.6591635229932513,-0.19109236019544606,0.5759771276144812,1.4743761998347438,-1.4923335935947775,1.1961504476131994,-0.10917531296561132,1.3794931012747305,0.4020426608096678,-0.4292360075688844,1.2210583254273724,0.5626884479268455,-0.36331013075198165,-0.9941506492439638,-0.9605520389565368,0.4989979900935184,-0.13593736190110428,-0.03681097019684376
-2.68785346188758e-16,0.18129103958715814,-0.7882427304328378,-1.1813424550566156,0.9410082214296255,-0.566483865245341,-0.3001838145120729,0.4708812220342219,-0.6176605855218744,0.24803850571601677,-0.005214774042895995,-0.5629569908525407,0.8362289753492022,2.184447922385037,1.875313913708635,0.26540079571448577,-1.1332042991928812,-0.38734920256362615,-0.6673708785640031,0.9975891713910677,1.01543640917508,-0.5786446956524272,0.6179394278500966,1.1777516193470137,-0.15820857849495268,1.02655660673862,-0.478298967652046,0.8112006783725231,-0.7864299605740946,-0.6926363839814447,0.637021299691622,2.1398565446328264,-0.2881554599879775,-0.6826324755473401,0.6689942209292203,0.09202272338685513,-1.790789015265274,0.4966019215522615,0.8259405547243442,-1.0175316253546571,-1.6259052886425394,0.0967698227724908,-1.3540677389582854,-0.38965008410408375,-1.385546143393602,0.24151996303226303,2.250778817088632,-1.1503789661466133,0.47692475829257897,0.10513399386487196,-0.0032182044106670027,-0.23901276019884088,-0.12389411318254526,-0.2267499097359147,1.5349756787175122,0.2774605633332001,1.03207369497183,-0.4229074577696321,1.4481903441346633,-1.0959760836015466,-0.11940102529849442,1.0991084765580021,-0.929328605241633,0.7226337804562266,1.4784465125764332,0.6955510186714682,2.562339336729379,0.5775669082047031,-0.7212970843565163,0.4163021933293047,-0.39191656031142735,0.7578036412730014,-1.7940831451681758,-0.48414684294849086,-1.0661446798815006,1.691460881478601,0.8269701475409369,-1.9611597987561038,-1.5724615692076145,0.3407077197250815,1.5030215108269451,2.4613224279966417,0.5380320230583271,-1.0092566747452572,0.2526456956793387,-0.16673276250482016,0.14699895945660407,0.34519715415970453,0.6123352147647272,-0.7390141133683906,-0.32660776036189754,0.9835566230323182,-1.3128050451049469,0.4576004051156841
-2.68785346188758e-16,-0.6980454406267939,-1.7199763571775364,1.3912022618268836,-0.7034659199850016,-1.2716722463097059,0.6271418518600964,0.05668473347577463,-0.3083595356013826,-1.0024734199340515,0.3122962843391301,-1.580591804848212,-1.1397378885557536,2.2270212115827026,0.19131615411651776,0.0498203612391028,1.4874555966981458,0.7429039063338763,-0.392237010419173,1.455536911108324,-0.5748515013065172,-0.36057640533817015,1.6086558845147418,-0.8374262341324578,0.6823795545521224,1.3946037620470393,-0.3122828398967319,1.0511097094091018,-2.17432061199776,-2.98639360864863,-1.2707359073996796,0.15583209332657771,-0.11463078139037436,-2.6828270265479417,-0.8651294099115723,-2.1677163447659886,-0.3086796777373198,1.1479320741033594,0.2510539982815355,0.26470074402227983,-1.9746510374026025,-0.9683929163162661,-0.7865669619001587,-0.2949786375890402,-0.3078677644585796,-1.0940274581694127,-0.38737571556440764,-0.7221380270454026,0.5574385978757995,0.4814667236974893,-1.5123749599746648,0.13165492878453855,-0.19665761183408834,0.8747363801881031,-1.039987087607606,-0.42998917071493353,1.4566404459784406,2.5000704075400426,0.3263745588899058,0.09242981672966033,0.4249220500705718,2.1490967320134073,-0.9589720688313697,-0.8933065894173084,-1.8025933718091611,0.6091514759728449,0.026650121791949866,0.18114364527210278,-0.6031250592535932,0.031001825092884648,0.24339152570128614,-0.3092968685756489,-0.9565409744697652,-0.37403162690773073,0.2000249667297366,-1.133370319258151,0.5946697278368503,-0.6153496228069526,0.22735504722419608,-0.10389672289663346,-0.6894497721717965,0.5498832235416349,-0.024392943836808463,-0.8296217678401622,0.7902411333767305,-0.5149752820721707,-0.22054578976029768,-0.10574286954443443,-1.2832320720111792,-0.573617444075931,-0.7536688431151519,0.3640373036452965,0.22398300704940244,-0.7325074361614635
-2.68785346188758e-16,0.48065136675363124,1.8185657459901658,-0.5074385344871866,1.0118599149847902,-1.034943800376435,0.11338007820209574,-2.1136115898954935,0.594166231217339,0.6500304697448067,-0.1863213145759205,1.1465296726707275,2.207098592272035,-0.4847563228569056,1.123730865183373,-1.2034155946494287,-1.8986739498565408,-0.3799916689733085,-1.5224220950173768,-2.5323567570749157,-0.6093716447900454,-1.8998086617809642,-2.2528596596719583,0.09154083131756152,-1.6668508993805435,-0.4011019973770975,-0.6711394133396525,-0.5429234369640259,1.5833742260774997,2.2080588114996242,2.2339006639755987,0.7561732095984764,0.7333253385218812,0.5254851322001799,2.8383420247038265,1.1343506567472155,-1.8766740869281389,0.392047987218776,0.23428109338208514,0.2981673248545378,0.04970997850829101,-3.366467362516561,-1.4931943484472596,-1.8711560431038494,1.2155106155950364,0.17920996781333187,0.36164350001280043,-1.6914513810812684,-0.7068746333742538,-0.4355176774357168,2.69536904558401,-2.1103764196712786,-1.2189409112655019,-0.6348115642526877,0.46542483719502076,1.807094281748773,0.8709512981143346,1.2890094526151898,2.394863537365868,1.7589526272696159,-3.797767342842361,-1.0848134768636741,1.7529649368223192,1.5243438271896488,-0.35041722110924745,-0.5794158144384046,-0.22118027894243786,-0.9777157280992018,-2.5253590885329587,0.7278685200774978,2.9176164975731678,3.1657687173618454,3.0381984885733306,-0.17733007377330995,0.7713341381051242,0.28674994594444625,0.019062052570308463,-1.8401961581152255,-3.4956288941667584,-0.726189627032483,1.098576194257702,-2.6171456037668896,-0.769791640023094,-3.874757463489395,-1.8495256736620738,-0.004279298957290805,-0.8958488750541245,-0.3758268345049961,-0.4762968809487328,0.7975270528599797,-0.23943879928249623,-0.7967458769708043,-0.9060029555165865,-1.2875062164423818
-2.68785346188758e-16,-0.6316647252207733,-1.1432525448162094,-0.7089719739965332,-0.1756711813171957,1.2849431798784798,-0.16496079857110438,-1.138863737590147,-1.07743080336089,-0.4916055476532876,-0.10667101877013738,0.2845377072564647,0.17648431016238592,0.38413909955957587,0.26676676155833434,-0.9509397874014425,-0.02277491690622302,1.3270522820289619,0.35875708200717926,-1.6277824998022348,-0.77739002472841,-0.5691855900595459,-0.3458000848436631,0.5396248232657612,1.2338156168749603,0.16888063904868453,2.3322645984764803,-0.13419700417282576,0.10455987992849325,-1.6356457864360798,0.9598632494865954,-0.6801262244498454,0.06295543426603867,0.4808843814479451,-0.8629116211213903,3.007299282567258,1.205277562519106,-0.5607128400478859,-0.9254550460716919,2.0838680107750047,1.084881906093274,1.5341745624316252,-0.5973221186743813,-1.9209955454889855,-0.7658226430493593,-0.7682166657588966,-0.8875404578473525,0.23108399144570865,2.2259888491074573,0.7297767093947373,-1.4928862506651028,-0.9438901049619217,-0.9340348221597615,-0.5358890438022463,-0.3335173091409945,-0.04987925892009826,-0.8697384362952136,-0.20424684887628808,-0.8363210657212424,-2.375792554437049,1.3220236172675237,0.415247300782427,0.13650030836469662,-0.3625120159806005,1.3347083789957375,2.1999141585804454,-0.2392956463171973,1.0923528180423687,0.21388030992207496,-0.8732468138241383,-1.3209678096598099,0.344148438585753,-1.2402603129969685,1.3816032994067364,-0.815421253538693,-0.6558807649391873,-0.24493340747717507,0.33245459294895524,-0.6977928111751417,1.7132304896953316,0.1530887510686872,3.37711435609777,0.46248003260579035,-0.1962755120070791,0.43320575098556513,0.05129289042527965,0.6289945273315607,0.3498421317615395,0.5273499237659105,0.5059758062773618,1.095114975362605,0.42528697361724166,1.3511231690550318,2.0530560686507267
-2.68785346188758e-16,-0.5154373457052951,-2.5377922092595537,2.105468926141891,-0.48543669207479767,-2.1285841149544886,-0.7643270988552777,-1.9486990103952155,-0.22849516663191086,0.30144074302871426,0.374736010958555,-0.9488068023664177,-0.43414970371368344,0.9773805883887049,-1.0220746243685872,-0.10929174954868016,1.5413817819505358,1.7818481445724306,-0.9809342362108329,-0.02443050445620859,-0.5321776416895627,0.08392930670003712,1.8901851955821862,0.8501827891213951,0.32592360807817594,0.4293623104793472,-0.9196540444373774,-0.13867567746854922,-0.2359863513558935,0.742055086425568,-0.4401258231581011,-0.1295256073331292,-1.7409228250720057,-1.5712543003866402,0.7975403225202691,0.8625827045485481,-1.053345528014248,1.394476680548234,-1.4039964051272316,-0.04259080735501042,-0.7811699836890983,-0.6535426675639553,0.29874928248900484,-1.8250344313309086,0.30831042911617623,-0.5056179848937771,-1.7796628512485866,-1.7465192720745666,0.6224880482474905,-1.211623791437606,0.33076145974456844,1.8190851036218012,-0.8818436574316103,0.9737615784137569,-0.4860159734364892,0.48969349245724686,0.3546161089580827,1.1814313124082008,0.1778939839628219,-2.4008182010737116,0.05087823291221659,1.000747628075426,-3.0265687600930695,-0.7037126268849312,0.413962530827209,-1.9992708216137247,-1.3221041161250948,-0.6043763841891738,-0.9475648058657749,-0.6765676128939228,-0.5361413408804725,-0.6369010900634446,-1.3890892772466823,0.518247483280292,-0.08947405648751637,-0.5013329581675874,0.5063316734099305,0.7314859825689367,1.018315884504829,0.002692752352606076,-0.8900930059322563,-0.16708560877803968,0.47406448805886425,1.4527075278269106,-0.044326501298073306,-0.41458536705829363,-0.480027557414746,0.13035939891336001,-0.599527098878202,-1.6291028664033913,-1.501504383501448,-0.7060455034350757,2.2609579898637007,-0.779255608493418
-2.68785346188758e-16,-0.51982210161539,-0.5532446388612349,-1.8608787642341478,-0.05591454777247436,1.3242389963651005,-1.605550494343515,-0.5014135834250595,-0.9036407811451563,-0.4726502441143077,0.252323655913425,-1.3883292694861749,-1.4141350224790565,1.451732676825662,1.7781737216834643,-0.5439593195896307,1.841874701966319,1.5211744533636404,0.7580187068236177,1.7543976560888908,0.19592216650222913,1.1534266141625877,0.4080914012711968,1.1865757765957028,0.6014968218966517,0.9102084771844967,0.2425141033731383,-0.59356810266888,-1.843383016065125,-0.27537761264975336,-1.3191235168829576,-0.3733464884747219,-0.3140088787185419,-1.3509223419223328,-0.8276476242466017,-1.268157524688866,-0.5822717775180674,1.066739241171914,1.6283856154264504,0.24901928036041143,1.4907668209025813,0.3894988811527903,0.5089696563335555,0.7541692950187948,1.3549134322685397,-0.6597076084161727,-1.2527211735372406,-0.3765223367587335,0.1549482670223266,-0.17306373888209461,0.6566550950917246,1.5458483716342277,0.5333153918223058,-1.7406783719420333,-0.4417428226571197,2.283274435649307,-0.5760528583715046,0.24986491480462047,1.6137055724999791,-0.23184832477155504,-0.7382296928536705,0.8375110530327313,2.840755869172306,1.4020733657884281,-0.9356311378662898,0.7175614148549809,-0.21630028849311145,0.2815849622029364,0.9098200923032195,-0.9569045147548374,-1.433808695262657,-0.6187098904296892,0.060050776158112495,-0.5138923191471249,-0.8222245495773111,1.7857535445244497,0.4763528433599534,0.7701806857204353,0.47242809864976015,-0.5294455618232841,1.568938018839229,1.8534627453889203,-0.7138158482755065,1.3612726434286473,0.2135629231092941,0.29195555464362993,0.585179851945605,-0.0003869416659461091,-0.24725009250519572,2.2616743097611076,0.32197237431191955,0.5055168735451808,-0.44733530143599903,0.5143244226430483
-2.68785346188758e-16,-0.5616418560944435,-1.8577297508060557,1.5659122774642873,-1.9637218711064242,1.1160386638145408,0.5297785511213663,1.9346885313619548,0.39237052434523,-0.6784851185328126,-0.5178673382982916,-2.4272061484870244,1.8352336042698294,0.749135930984942,-0.5033809637502988,0.28154233490688574,-0.30236824855047184,-2.201493819433249,0.23423716544401954,0.588311550423159,-0.7908361612762329,0.42745798448593414,2.2191447697652675,-1.5266708850974453,1.3107837361049135,0.9202237589233944,3.568864458148018,0.08074377435377594,0.11473907315392376,0.4907882836912034,1.1070224821125798,0.2895726272219815,-1.0972934098845657,-0.10951186539404467,-0.08023551400657931,0.6310656039142405,1.380722676360337,-0.28845215219032827,-0.359213730804546,-0.4175052419801026,0.6268593887024686,2.1956061571058663,3.410419921817616,3.8720545924081664,-0.05295871444235664,-0.9939351961494964,-1.4962647143015462,0.22575482559753257,-1.5641077771990204,-0.30856698658640275,-2.5458514908210277,0.5505209966629204,-0.12468529458472094,0.8667418026873518,1.5612650824648837,-0.4371107271838535,-0.057977038219104056,1.098331538158651,-1.944748526709491,2.300139025061638,1.6900080230167347,0.2194458828513733,1.2331668840449386,0.7763489871752557,0.043457232512184696,-2.8597047517707366,0.7563233611263618,-1.4352703727344116,2.6604765325267676,-0.8286373638413024,0.9019342074594725,1.3801961645407308,-0.5924036092806577,-0.5821176412442091,-0.12102785980338036,1.2658664132956332,0.33815503527746205,3.097343299865085,2.354934418362824,-3.038848463787404,-2.7355686707645197,-1.4139204018698928,-0.2830526990580572,3.59684971126433,0.8235584499384985,0.4802869393680526,2.170895023564014,0.7133494041567102,-0.7718038046433,0.525567055988909,0.3512434037059968,-0.5602164838828781,0.3761201564230108,-1.0233890421596104
-2.68785346188758e-16,-0.33087676522137605,0.1536114660296471,-0.7774185906926451,1.1619603324300956,0.9896312450471134,0.9965931666547578,-0.5196291287561243,0.3676281908755365,-0.2397107750996882,0.9511767796425207,-2.3076960012295964,1.3104608090842942,-0.740079300113146,-0.9618234529582119,-0.20135011712491552,0.2507280865909733,0.09417458867629996,1.6504265714263442,-0.33081567581378923,0.9120265588043786,0.1372578286351313,-0.2193785627817262,-0.4491996292111697,0.24154856473503367,0.08038215418810549,-0.9036953415443303,0.32069014442537513,-0.8497278894444865,0.07700184473804789,-0.752081421734182,1.298344280358212,0.8144264048823517,-0.05840375503475197,0.698482777996066,0.3647248308041637,0.05093571667707877,0.2754737600559504,-0.19995791450491984,0.9636866696772635,0.7703162365693399,-0.44092411708427953,1.35246518616072,-1.238307968468236,-0.27208065057975567,-0.11856199535568662,1.5979883504647385,-1.8699040024276408,-0.7987704727789982,-1.3031970655452023,0.37274152473403566,-0.7982585204048604,0.6058873891743277,-0.4267788701303622,0.771209171946469,0.20281744828323975,-1.5341299752506663,0.13961279974634788,-0.29278879859239204,-0.39817394899026576,-0.07094166184113804,2.4556775169691276,-0.44949185620197946,-2.2249036073819237,0.32826629885513,1.3636926492360149,-1.1166021714799064,1.0761430825249985,0.39953923718843987,1.0038860830629652,1.7753907981882593,0.4205607072297869,-0.21997240765687873,-0.7202925967607995,0.39527484048651024,0.8522055109745654,0.9329961641455786,-0.12912583038575826,-0.1415880382622901,0.2588378901172589,-0.21045009927770633,-0.04367403411489734,-0.2987006553415414,0.5918110935514154,1.2110294606776693,0.32525638282933383,-0.052059315482691215,0.3670821471867824,-0.7305640910160682,-0.05682201755920613,0.8720142716239178,-0.5062696118176906,-2.2117787895026355,0.9769305081318761
-2.68785346188758e-16,0.3088804879260107,-2.3529638440736043,1.663123160773301,-1.1239327309288853,-0.6226456565209592,-0.9218926966700189,-0.04656917989132686,-0.4393887534581081,0.14484979579156024,0.5790724858843272,-0.7683448427630651,-0.4521775788600295,-0.32250516918120437,-0.519247601558241,0.4176399325828626,0.48376842379286566,0.05933294979959691,1.6962831731167554,0.18735725621414992,-1.10361134973739,-0.312745320543818,0.0558804170199807,0.8329282042964312,0.5938372437365342,0.3179259667670783,-0.2593590252056782,-0.35127789172168217,-0.3294903531415684,-0.40448654948806656,-1.4676323939500007,-2.121899876821505,-0.17951213457920506,1.0752629273826648,-1.183593483268777,1.0561586514118513,-0.2594673726348371,0.5579716746969889,-0.5279727071261757,-0.20991653045656192,1.1213847333556077,1.4636672121428995,-0.12535541910562942,0.5776535022910164,1.8244841832442735,2.398650327875933,0.20863794494705065,-0.6734268950677822,-0.09536651372465466,0.49777329899524586,0.003341546090912084,-0.17475732152622214,-0.3576851190990738,-1.1457018357601416,0.36151631318744487,-2.0713215935290936,-1.0320938480061974,-1.0285404929987074,0.5466153847996037,0.42677130878782576,0.8779765882872497,-2.2167863396093512,0.3006177614737911,-0.9247019437865196,-1.3011512213376228,0.8900705094764445,-1.3767824782451414,1.3221003673332252,-0.17017615751783507,0.7401918538905649,-1.844665822527998,-2.4326162421481103,0.11333374548265696,-0.05156540324888126,0.9618023593461873,1.5393943047384795,0.44519462495149864,0.9762271444343543,0.9089455171522343,0.3650404198074814,0.8679922463608609,2.5441944664936935,0.07463058361143739,2.0791034841637144,0.8416433953740737,0.16783202217838858,-1.4514079223368093,0.5296144029185247,0.36332468459632383,1.2298823585740877,-0.7318393143359434,1.286578230297947,0.4314312378731879,0.3504754303492934
-2.68785346188758e-16,-1.4985824828315106,-1.108913082203057,1.055388129186209,-0.07148187548085139,-0.545216339916843,0.37313094085977083,0.24551140628970747,0.26726360848848224,-0.1839399550588837,-0.33183469097948404,1.6508748813381866,-1.2925379959666112,-0.11851224141491036,-0.5380431586377996,0.6464351022660257,0.06888627620529653,-0.25452878048313177,-1.5731224920906395,-0.13868239726944054,-0.5548552456068512,0.8048719684158121,-0.08418078978433301,1.200889522523299,-0.12649498846244805,0.3216323176519919,2.636376250104029,-0.5881263244709207,-2.058860208911172,-2.9477285562289715,0.5605978956320344,1.4343434740222056,-0.3203062910690213,-1.1545806068244908,0.508997432060103,-1.2035071928181271,0.4942080188561909,2.4122823732648437,-0.3808172298714144,-1.1234295812282284,-1.8212631207814285,1.5114972443468564,0.5548556526939659,0.3195764495353529,0.3763309188157844,-0.5125474813527332,-0.1173292778122812,0.3711505531825286,-1.4118628707297585,-0.5726073411300716,-0.11176522421699923,0.010747597912077744,-0.7917972355885482,-0.3397523878138869,0.890365188358407,-2.7020001301344387,-0.3029655596240249,-2.19546576592193,-2.443693369927597,-1.809310498378566,1.4361400045435888,-2.12640672087809,0.02066481139917775,0.05189121786246864,-1.467846896517201,-0.3230125969006832,0.9479630861053615,1.701977055197586,-0.04076086276216451,-0.31994036815932353,-1.013373026675684,-0.7341623350775766,-0.8447225499990365,-1.9889209640551289,0.4194802309851444,0.3933592850726573,-1.0874241939819225,0.11188768176789401,0.33252687154444416,-0.6483443617102467,-1.5088509124494145,0.9650247775773013,0.07252536776140338,1.2428714252353172,0.299584721598791,0.18878283998631834,-1.0233474024608509,0.31254264330266895,0.444545854849041,-1.096211175488202,-0.34843539850086264,0.8712484963859993,1.7977232155027751,1.353043292237574
-2.68785346188758e-16,0.1742166763757619,0.9464479854214771,-1.5465603993484567,-0.8196448345543065,-0.5974011575897022,1.406298469877995,-1.5354587734477403,-0.3630073660671015,-0.9554483085651243,0.8386323961167579,0.4037483849986665,0.9845633259073844,-1.3264216551076364,-2.9746709663711703,0.8847146266894368,-0.821143945348701,-0.6227043448166225,0.26078840749924914,-0.2578301692361212,-1.1938619619678579,-1.9271524551774326,0.7458651072971735,-0.5123621831575986,-0.3371025893784543,-1.1379301436265692,-0.1988251042109419,-0.4751162191034605,-0.38786394569399874,1.568262769663914,2.6927261057331293,1.3327083204829344,1.910147992209624,0.18154643120340208,1.4592720527368548,1.7746100643456395,2.324075144960522,-0.5472210985989548,-0.4190836724768183,-0.8978446550151951,-0.4049644198932074,-1.086556947919835,-0.6430370768487652,-0.8318040429472272,-1.5844814211211977,-2.122231499638034,-1.9330019123211155,-1.500069126182027,1.1114248204419994,0.18833744720197973,-0.29107456981009083,0.26287423408372007,0.3984536024161035,-0.5935390643711559,-0.1238245489549417,-0.9069723356150035,0.9548356955937757,-0.9104703035178356,0.9244594217581208,-0.20629045712846628,1.360466898303596,-2.3849678465323123,-0.8840745930285434,-0.31306426584980884,-0.31478660651940593,-0.18023851953476067,-0.3571289687314684,0.9165170654670901,0.5141638071895186,1.1633883783906012,0.5996793277075122,0.012655079956588766,1.1186297512449286,1.2617111823020846,0.094032970555044,-1.3000215536033104,1.1194916992219874,0.9880373241887355,1.855046770000055,-0.6238169750413612,-1.8478132081334304,-1.5328764030420245,-0.2558626376763721,1.5943726994299543,0.34082873212384046,-0.682899848886518,1.3040419094084386,-0.04121884851047718,-0.3910169267323797,-0.9680150949804344,1.182647249530757,-0.2150590538162329,1.0711171793237106,-1.2971342372426267
-2.68785346188758e-16,-0.3074541090800137,0.8760820508795332,0.5624933401440693,1.2733327183982857,1.8388072955208161,1.0191868650488891,-0.726425238664513,0.8212234172523488,0.6812267936817394,0.9441165277537928,1.2105821000667778,-0.7674197776523733,0.02061342552310963,1.4225618997268825,0.6314701183507772,0.05879472177419918,1.5249080200189598,-0.7042981960263013,0.24968152920457085,-0.19953221561036358,1.360315062613752,1.7028088141336557,-0.3372776484629825,-0.9705202079157318,0.10611816014258829,0.3816242925967027,-0.0618512901155634,-0.648185012668499,2.2940740425486883,2.235147341630276,0.20771482277998599,0.2837425802560378,-0.6742159043662486,0.46034476763151255,1.4733637300830036,-0.48731118600527656,0.8451961295581187,0.2019836617048204,-0.3740508173839867,0.29309733966897633,2.8628546097757956,0.42236362790551846,-0.43319287457946887,-0.23035148108272196,0.49302310072567257,0.7502433125969663,-0.7294059513260855,-0.56145510020848,-0.18873611416543962,0.35184270054035655,-0.7419359480845038,0.9985743242583083,-0.01586761408594914,0.6108791261142653,-1.5515603211090387,0.18656908124393154,-0.24181462317097696,0.4427040431260071,0.3051138088037615,0.445797281937816,0.41205235216087216,-0.8321881226961402,-2.405329727232747,-0.4916516830834788,-0.671169102242913,0.5078313349783972,0.8371269613070792,0.5851511263602853,0.6934085960959974,-0.3746832564748087,-0.5042542650350099,-0.004087758011551257,-0.027782570448462163,-1.513944940527192,-0.9495540442838646,-0.5294683342397015,1.2636705774939907,1.3537111063217853,-0.6699473942439449,0.7255225701043725,0.14902920867798963,-0.7676337707230625,1.569371944699356,-0.5646720333815543,0.6253145945778998,-0.6605774687133503,-0.4610816013002476,-0.3977062515178509,0.22169933899683872,1.0685760686278274,-0.7837716514899281,-0.6793421357451478,0.010532880364168495
-2.68785346188758e-16,-0.410975902667239,-1.2731037477718128,0.7276600317407041,-0.35479730590001,1.096627144663026,-0.13071485007738418,1.9006683499269643,-1.6675389694479752,0.09602691996635793,-0.25814865827742045,-0.5324462216294099,-0.08906674912516577,0.2934600231701979,-0.8577196220929226,-0.10395731360670944,-0.06443135329775035,-0.06919870842423015,0.5291446648100929,0.5413846178209157,-0.7291599427858607,-0.10393672766229278,0.9359534927963301,-0.40832311754621087,0.4424075584889243,1.4275645790463436,-0.36660481877149453,0.5446019195613971,-1.1475866302150275,-0.18363192653605476,-2.415812830393228,-0.9072073454768478,-1.088065258390887,0.012861170347060469,-0.32939747680422254,-1.7598564462156312,3.178981965433561,-0.389807310286268,0.3291786550395978,0.4124309319978244,0.757520176060241,2.0996496197435235,0.8398766150055658,1.122296589377565,0.2969010416621456,-1.028170742501437,0.041362012002172155,0.16769686249113402,-0.8947949053913192,0.4860061333401691,-1.5212325036133714,-1.7272610643190949,-0.5671523501022184,-0.9129509961174487,-0.9862245029506496,0.139347220185369,-0.5687614943138908,-0.23770416399023658,-1.4968335826042771,1.5926726400284232,-0.6819543811620411,0.8563552220937174,-0.821441362117052,-1.2766666082252085,0.13702818830028152,-0.862806829236835,-1.1885937266830366,0.4825839223766204,0.7565818777345569,-1.0351561169366623,0.0957061986225497,-0.41798452148269166,0.7644492121707575,-0.7995884772580228,0.43124318542729323,0.6393598937615687,0.8352238860476394,-0.0502047837983583,0.7708952030640386,0.42305990930749515,0.34972992164634736,0.8004637413738447,0.04726434176043956,1.4169815164687525,0.4311065637993635,-0.4062731758052982,-0.5334677774922918,0.8231775537985819,-0.3075363818452168,0.06379313114295543,-1.763586457008893,0.7269145571201505,2.4367847484534755,0.9644450772436891
-2.68785346188758e-16,-0.4254290319643314,-2.102058598679752,0.47099501904059005,-0.4534145672245783,1.055794796668883,-0.0745175532420871,-0.17819866624132497,-0.549544744093201,-0.5878173334376591,-0.8341619694788236,-1.2847386250575308,0.5660660178721669,1.0534399494571915,0.593246596696927,-0.14034854202609923,1.0755785845032524,2.221798856721448,0.7937974591725412,-0.14451647216833896,-1.0248484874045742,0.0007265293830816533,-0.8744483964992131,1.2006467646116057,0.7476503146953871,1.7625664226262794,-0.7218048664199324,-0.5306563412705403,-1.0401516089607017,-0.8055620027657503,0.337413498707851,0.3598242122723574,-0.3652727930877896,-1.8367818371526543,-0.4345133956518955,2.359915655073486,-0.4164222852958678,0.7973601052470581,-0.5372276795876147,-0.29664354398881204,0.16247854334713274,-0.7009368254695776,-0.36814426580125226,-1.317918837173509,-0.919174173907672,-1.5607299200074398,0.1383053027504999,-0.6862574000483134,1.1524240137946649,-1.0158184740322953,-0.38807264399288743,0.874956789474453,-1.235410520631956,0.10173017208845504,1.2457755084975424,1.178401674120164,0.06825168916892477,0.6221464898981479,-0.15285016642230093,-0.3554074777290117,0.9504249784488018,-1.1709290859329666,-0.851439637414751,-0.3458097598126806,-0.4831414597592769,-1.7381452020127677,-1.1846424237710942,-0.5573533760519378,0.5643718556215779,0.3621106694804572,1.4280885730296538,-0.800800927806647,0.4113655861490671,0.576797982276816,-0.4146758481130192,0.5300338555326836,2.822655948161966,0.32030953090706404,0.641569781856639,0.6717113678643769,-0.9951693630468849,0.7492548746413152,-0.17131133997842254,-0.9952194702768208,-0.1762618297705345,-0.5011772531134955,-0.5917979889387254,0.1794211858656387,1.111746999926864,0.07473302040239649,1.0384496993910093,-0.6341186359558443,1.5113011213946135,1.7736552576965332
-2.68785346188758e-16,-1.099804723690788,-1.3586545525181244,0.9545384810231816,-0.4719203562149833,-0.19034942800141885,-0.1576839721917196,-1.5197871286726574,-0.6968031082097546,0.6354417491503744,0.38389638029562234,0.26244863889654335,-0.0903827112967794,0.2101972497137954,0.7664026401253315,1.1752517095519293,1.344965381508362,2.386194700420055,-1.2567435590064044,-0.4046538621427185,0.3419139679081678,1.5313540376921138,0.4207426560265957,1.1721941409968502,0.8586038576668091,0.41777321808745926,0.17320287974707121,0.02228995287848624,-0.16244663103703977,-1.539181514877179,-1.2283599657302084,-1.006458714723999,-0.1358416939076279,-0.9287670822159667,0.3364942102126087,0.6659156079246746,-1.714712975860444,-2.881894119422804,0.3785862342573325,0.9081092445184775,-0.8921836975359425,0.5088803538048159,0.03543349151781072,-1.932326091545555,0.5388566378654389,0.8780327257926035,-1.1638994520631212,-0.6692998312989055,-0.05325484400337317,-0.015610562411020735,-0.3697050303929057,-1.0163654180720816,0.1640094554518369,0.16984812118501252,0.009887135976535252,0.41712087663816544,0.23144175478402637,-0.1706040317013255,2.667594356883155,0.12901997454469183,0.9694107364742045,-0.7954891142461956,0.590142755649292,3.123265765719661,0.014272879840345976,-0.4735175889837665,-1.2693376138372103,-1.5333206716927972,-1.4414486213121376,0.2661094720584181,-0.09650589597282078,-1.14104346622453,-0.22422948723706507,0.3100234601232239,1.2048422976823037,1.2906774487144983,0.8779220198583684,2.4301237117234464,-0.5702092780121878,-0.6877279291132122,1.4117684551337253,-2.240157681919265,-0.19091242186324653,2.2381972543493176,-0.15260307803478346,0.04204438886176503,0.6614157303055942,-0.24650582510356964,1.0810264649529355,1.9745109560231004,-0.5473531160462551,1.6430858316219314,-2.0310231011663937,-0.8240754928651101
-2.68785346188758e-16,-1.2313914475945558,-1.7007701710441787,-0.5967460629382985,-2.502838592982286,3.0106894457536795,0.29705904419216744,0.5352002770455339,1.9615902211645317,1.5524057643373756,0.6753292072781438,-0.5915219179551061,1.2772064967123298,1.6336522271487968,-1.4082648063620207,-0.18423156916118466,-0.12859055214350446,-1.3034389658219652,-0.42005973639407246,0.1635145704500997,0.09670329960209784,2.2356190483310012,-0.14055011019272756,-0.9273200431364637,0.11298518165285237,0.7846955634538167,0.4798130869069842,0.1602301684354591,0.8186618057693482,0.28816198225186684,0.5252792015694555,-1.182299052107453,0.25083454492033663,-1.153296345483167,-0.7080994808309773,-0.31629097887097274,-1.4345608161372105,-3.3305432217395285,-0.7338653542274834,-0.33826541632740775,0.9198719487494276,-0.5924120536691296,-0.26916911730832893,-0.5741228541168029,3.950419282345049,2.3352576747168987,0.3773445139803522,0.19592120491597453,-0.5119280560561199,0.5877739608591116,1.3382581197780552,1.2054554724952475,0.9738431692740487,0.36154316497648886,0.3461589047365158,1.1343484122931746,0.23178186783396532,1.162302876425899,2.0150234240095277,1.9482926405007366,1.6083793479305297,-1.3426613310012876,0.027432780745220917,1.1041461871221894,0.21075452441140335,-0.5178198718215834,-0.6553701885659498,-0.46743749249405203,0.1111412652170779,-0.9481038099523915,0.6190100520600073,-0.9928815863992275,0.029454025340961143,1.1894732385361333,0.006087361420432107,2.8443524038020382,1.3844412254673835,2.867969942942676,-0.38796039370339747,0.2559433223498865,3.3613575196596774,-0.37528549560142077,-0.5699675754360843,-0.3196277343655592,-1.3234868599839582,0.25250378052529654,1.694048780169378,-0.16533078608463891,-0.5876936290192143,2.4076346921140432,0.06788511292812921,0.8989773963072968,-1.922291261295277,-0.7116698666446939
-2.68785346188758e-16,-0.10736593990403505,0.8236512907159018,0.2919869592007406,-0.5276213919108542,-0.45962838865398287,-0.8960500803847472,2.389296284148331,-0.5213748669963671,0.112759302437276,0.33852018517302657,1.1761256506186077,-0.12567663344946686,-1.6871493975393297,-0.9915755655389866,1.0003880122374118,0.1493554712193562,-0.3900263916573598,-0.1616000534404441,0.021663131120768578,-0.07009428212550552,-0.6818758772252689,1.1309139954579686,1.1134980239698147,0.23939274330611,-0.8840507909534563,1.0779847351212433,-0.9709751203729687,-0.37501577593471164,2.283481921744972,0.6949260940848683,-0.4124369771585308,-0.01391977299756125,1.0318015074567635,0.37640584878337613,0.681839492212858,0.9884636967475711,-0.2282924429392948,-0.31360734327674655,-0.5120769779447407,-0.47310553648645776,1.8895844119032028,2.2589554291812366,2.067039942559467,-0.2094141777908028,2.5575817751954735,-0.736654311523608,0.4701399703830204,-0.4425026695649371,-1.7348436159287122,0.6268485307932238,0.11805607122364026,1.164954591089062,0.10148288849511504,1.0076550764990433,-1.6033214340857431,0.7613910240425936,-0.41256479811122104,-0.6881384486336664,-1.0627086853395635,-0.5756457182433792,0.17722849993131368,-0.6175666159682626,-0.5384673388325522,0.2778586411431967,-0.9418337418182706,-0.3573983624568029,1.0656984320029166,0.15131904540704177,-0.16718893559672773,-1.020815697424287,0.3119097504170042,-0.7383175459148001,-1.2177346585334412,0.185420275773354,0.12053999313040313,0.26432931820715366,-0.3644609830381219,-0.319977243590696,-0.09807736176035906,0.7351337843146502,2.85330798727276,0.24306255639606442,0.9281775840170388,1.9248983002505995,0.23620324018813094,-1.0684583916974382,0.659668032147135,-0.01581515921347354,-0.2480369302811225,-0.41305129796623097,0.3223165941593219,0.00739685829869674,1.8791786478479526
-2.68785346188758e-16,0.3131176562839933,0.4222000967375439,-0.145635044823353,0.5020061475370983,-0.02513487315622781,-0.8324717173886533,1.1748916421420337,-0.13930578394491036,0.8705784136498692,0.43363954864752857,0.6471568977787868,0.06575965921765725,0.8749308530027313,-1.5500428176169825,0.024772056277855344,-0.923209916524597,-1.0590269235447427,-1.6531669582067197,-1.1200022829960574,-0.14866040748030487,-0.1908118786461909,1.0706232035506533,-0.5872225372018749,0.21243010040553084,-0.5314539293308009,1.1848142547664722,-0.004222927401770944,1.4079021281544173,3.238274166061566,0.8945817444469852,2.312808967849147,0.6229552694935068,1.7203543201570077,1.1588107767987013,0.0433154311058877,1.1802357592754884,-0.06325205559084418,0.07252667447343553,-1.4545963447952999,0.9242228387099579,0.5885062546376294,1.7410560906712584,-0.04227568400690096,0.07047642390770237,0.8917679088213987,0.35503440406943376,-0.10756058634909976,-0.6403986556360757,1.3652339558877074,-1.7148104230425854,-1.1108507940146428,-0.1437092143267033,0.30974565921837527,0.9338299700116378,-1.6024967424035272,0.38144295522003,-1.5690113275277255,-1.2799926166934132,-2.1494900982564937,0.17531427123092358,-1.2838512499069545,-0.5467953235604028,-0.3240555717938317,-1.0075064951291743,-2.2029085462635045,1.3052622405524215,-1.2657824031791525,0.7126924455266122,0.24074532510267457,-0.33315113942247265,0.9110988968836642,-0.9167404161278463,-1.6117366142115899,-1.3077755996550309,0.8176172488869343,1.1515468283227022,-0.1209880366350384,0.162331355464068,1.9777743101150516,0.292267276367857,-0.7654568117615128,0.10912618085055681,-0.2889887681932788,-0.699525901592196,-0.06872211220876669,0.724528787772114,-0.4232119561983736,0.2513766384684122,0.9470315903184636,0.4215132502428604,-0.23369986674328855,-1.4491203662015428,0.5098596338215062
-2.68785346188758e-16,0.18995003792730986,-0.2721879430000808,1.094385213378728,-0.6748033672465974,-1.532203121196986,0.6534315359720627,2.8489767015149967,-1.3634518616655553,-0.43596495604654584,0.7871181309347318,-2.2923130719831315,-0.018239928106705383,-0.21912639402329864,0.3825407784401931,-0.3456296184226375,0.8168314960852596,-0.6799694758227012,0.48440088458059577,-1.253117880469677,-0.5894137600218908,0.2902308080799552,0.7113886533344728,0.349013996253252,1.5827221665508022,1.0944099388081034,0.6761982517403621,-0.07032055579873471,-0.06486207696787316,-0.9779716162796844,0.3381729114072713,-1.8944374739491288,-0.6126209370871647,-0.43526876628234995,-0.6735360131261646,2.791982731624427,1.4839101534537038,-0.13413420462339296,-0.08131681549825212,0.34921902474961874,-0.668203021418178,2.704025035016805,1.4195434130427673,-0.01923879275420748,-0.1437333905436305,0.543945549353182,0.17219045479422235,0.9825553239406757,-0.8564233007539602,-0.4044655945340022,-2.7070057729946484,-0.25440432255236645,-0.7261615687177658,-0.2561551247049042,-0.016857307093836423,-1.1909601080278347,-0.3514569966449834,1.9246310068534531,-0.7693647097531104,0.34928868328198936,-0.36006663288054486,1.8121482352736127,0.6832704857413388,-1.864437401718639,-0.1408939303754725,-0.16747417073636595,-0.4897779172854809,1.1491019541955305,0.23005125993049835,-0.2949389516729232,-0.27705054481296953,-0.9540771613942777,-1.167176793923695,0.5431789077412732,0.6728404287459993,-0.1418920085915748,-0.8962173373881543,-0.3441856360835307,0.23616374950115837,1.0729348709646687,1.009052885748882,1.2296836545352505,-0.36283179360103107,1.6694013574196442,1.9986113843408293,0.4572084269275388,0.41740727540439404,0.18045273655430769,-0.9479912862308868,-1.2528140667708842,-0.03423268880875241,1.4774108110561948,0.3746376936218636,1.2608899870128303
-2.68785346188758e-16,-1.1880536888457462,1.7858322624716014,-1.1702661113772412,0.5145046755053425,1.4737563932825295,0.5019623835696173,-2.716722968233473,0.4620853339368245,0.6948192348789833,-0.0013549428919719599,0.7622170450681999,0.6586252743435546,-1.435849761517923,-0.504904660084526,0.4305723823751122,0.08721662994004253,-0.19231835993461704,-0.7724189071297952,0.1034063368115003,0.1294376144623465,-1.8402832478944964,0.07444197612628511,1.127271119104725,0.009647034226015344,-0.5726912527989483,-1.2373398743259032,0.5356180990211403,-0.9436793071443478,1.350246141851804,1.3016712927795346,0.796565395769047,1.0079470186059467,1.976702695561551,2.103043121534821,0.025559004913304317,-0.41354555805183557,1.3700773844475664,1.9082829148780287,-1.1183365935387501,0.756531891637891,0.6384565607260216,1.3503663541240312,1.1562561907362041,-2.2127492432575213,-1.3752647566672342,-2.134542980592303,0.2957967493878512,0.7077359835293964,-0.15556274789693622,-1.1868083646148626,0.9239612084424391,0.2181429142921008,-1.6232666467941146,-0.06944754410318278,-0.5853108488456054,-0.09740060892911397,1.3092537103988322,0.4270994698428058,-0.39004314613336266,-0.1535448996618556,0.639395259107526,-0.9165736975421603,-0.8414854273578471,0.9767582192303722,1.1489213899188262,2.6479072708252307,-0.4595397453953435,1.8343091098442645,-0.19805523515815446,-0.27550467928582384,0.49223774915354424,0.78414373366699,0.21912748841954785,-0.22483674899966047,-1.5501056561336337,-0.10420466621655522,0.5038982116580475,-0.14383244308556598,1.238516809793326,-0.9313303159475745,0.06419814205074081,0.4330420513082745,-0.27184434478790714,0.3447937244341304,-0.027646480192565284,-0.8262467566337355,-0.2644330701352324,-0.2924637334028477,-1.0543133818738657,1.7828833430503104,-0.3348518555504738,1.1025306969620656,-0.6423568949850978
-2.68785346188758e-16,-1.792858105658016,0.18220993064552385,1.08747951250732,1.6485229958762646,1.39045011622806,1.2668645294986114,0.2967766580540991,1.7923759285076606,-0.7446880076469744,0.06538889844849409,1.456667431515327,-0.4127043840006111,1.6917763834477457,-1.9248204774979576,-0.3325860771218518,0.20808741633098785,-0.6304103379353846,-0.924553927287416,0.882135652037345,0.5268264803035232,0.6472443343652416,-0.16703735825246946,0.33206299329009975,-0.5189061914213016,-0.3998842143232293,-0.5362662587499706,1.0586859365232144,-0.5300808049492267,0.7052270238954498,-0.7420271706178331,0.8705553135890921,0.3240746506177239,0.8187756832297212,0.8518407076861408,1.0594553679602903,-0.6205379891055836,1.245125984662232,0.785891370679453,0.23925747070521436,-1.9178189849953373,0.07295575691418962,0.0885775414098521,-0.09803551514828021,1.8111945727542011,0.49571791393010584,-0.3886885174627085,0.2033621366209541,-0.1147488029776378,-0.7126029941974473,0.09049215044202064,-0.1113347546561233,0.49546098003016903,-0.47276802169137566,0.18172909905379528,1.0566175750031017,-1.3026544427853222,0.5251813020801801,0.0867816433766544,0.05293050199606575,-1.0360880545749467,1.3175772386504545,0.9408852737187341,2.881140358155801,0.18095448729243446,-0.43216548463027177,0.2271995206816579,-0.15307849364691672,-3.243004620730213,0.7240178893466027,2.78381809773541,1.6760413046726277,-0.24208111439168484,-0.47460574687643087,-0.970457124764098,-0.9871262242089819,-2.7107046979111153,-2.257444896657696,-1.6166222238887245,-0.8722211795227923,1.0094878792393134,-2.193878549419775,0.13629480572631908,-1.7003857567136624,-0.4517764373521443,-0.47504474087750165,-1.1436050902705532,-0.387478836649286,-0.5126471622209808,1.2150759190356326,0.501177313234527,-0.8574798546945344,-0.08861975098073738,-0.5841036600415367
-2.68785346188758e-16,-0.9480979500137048,1.1332297772882813,-2.0692190313841747,-1.1364188965063051,0.49308121429986174,1.1620554779200305,0.40645817266466644,4.125660916518236,0.987149074209195,-0.26687473609634743,0.8996729192718119,0.07717770981559269,-0.08993915959715015,-0.3625613862963596,0.4007103822635565,-0.6768043851549738,0.6079228867208156,-1.3934897767752883,0.06910218066928904,0.26757846664183466,-0.6601171841753941,-0.9380112447147757,-0.14012327901119592,-1.3117439043126908,-0.5327274742276843,-0.023978022723278036,-0.34465238142111615,0.13219690230273184,1.9434017147075842,0.9445476076914773,1.9628419268867672,0.2586856257063671,1.0050160436102598,-0.10379733041846562,1.2234198810362953,0.6224616951102488,-0.41363912232645716,0.8784599479154757,-0.33799659986320896,0.6783586949534643,1.4716524236038875,-0.3956488816139302,-0.7370868237836575,-0.2817329987910607,1.6030169645898518,1.244178626022947,0.870824348933601,0.6293935281547495,0.6513966580428693,1.2625480156254112,0.013119212754708287,-0.2434441264469219,2.501388861690747,0.5914487580231976,-1.6658928623135785,0.08237942281717209,0.2591097469144261,-3.7705143154321337,1.6500529791407814,0.639420301312417,0.6664545847193454,0.009728084221926836,0.03550004005362481,0.7770351739447932,1.7086320189665143,1.3175642426316299,1.2241468965587703,1.0690028734928771,0.41212969317485104,-0.5516523331205698,0.373029944188946,0.10480618788103424,0.616403012767765,0.6159073864791773,-0.18283395481972442,-0.7491794745492202,-1.1730836484906124,-1.2217451479629642,0.799414339531666,-0.48045156675163253,-0.07699871047836099,0.6519276985258012,0.06092702768262337,0.1966872538203288,0.12967033348435944,-1.6799408522478467,0.9880197499474713,0.9740898441065001,0.7061162242040495,0.34441670628222054,-1.0372505027157746,0.36735774462926096,1.7547306257922535
-2.68785346188758e-16,0.404887187549506,1.9411493428845565,-1.52155930044069,0.5778686045471373,-1.1042097903850592,0.9893281964161432,0.27639787512735414,1.8758872059653275,0.23072196520058685,-0.030047766669723065,1.899682853683792,1.3525460016879598,-1.0859112517256437,1.7128153098831382,-0.0024598865605959647,-1.8038943250918142,-1.2390229736821694,-2.5159282527082514,-2.098313034190501,-0.0319238616084772,-0.619512101696025,-2.084849775731002,-0.3195402922916898,-1.2396149795060458,-2.5731723553928,-0.2446017875888864,-0.42056191949081256,3.18326740290699,1.7212454950204705,0.1601032951913292,-2.229487897368691,-0.3444834688466388,0.4631768794118937,-0.5950017111770854,-2.317530695725628,-3.9596370745781666,-1.3992634696394133,0.2740685151032446,-1.3073580256144586,0.7108125901944606,-0.3173111894510904,-1.798248439443507,-1.5409620597450107,1.9493444946008718,0.8488181323816129,0.38776843895600255,2.1395672394272993,0.8495351615782183,-0.8678195905360279,0.9114029192650149,-2.6486915626573535,-1.1932667772492112,-1.8374385849139587,1.377647150136935,0.17404161711058463,-0.1395993986563066,0.6923316412127585,-0.1043958320007459,2.315683814568511,-1.348670522014232,0.28718284735330435,1.891020103543863,2.431188253387539,-0.5073191582895222,1.5500679166664406,0.6762363979437177,0.2852306850624709,-0.23290867278021304,1.454893897563749,0.7013647114850572,0.843247557375568,0.934377494713316,-1.24874805205636,1.1286012769306248,-0.026338215251086816,-2.906914084263365,-3.1933684100963777,-1.023790294883949,0.6003106358723456,0.8299027771523277,-0.42354870857709415,0.5654784163443871,-2.7235028843943914,0.36495631118101546,-0.02063213320731528,-0.027655169823633363,0.047188999908454626,-0.14909616707772555,-0.2291758432879984,-0.45751962279173164,-0.7973006362111879,-2.0747109601200373,-0.593044304567711
-2.68785346188758e-16,0.2939337334099366,0.07798146377483273,-0.3563042714573137,0.7342014518345545,0.4297232650920671,-0.3161539774517184,-0.9443593335354133,-1.7603199391440483,-0.2912039416643595,-0.03042863653389015,-0.7306283881970512,-0.10647520011619194,-1.023346552891181,0.7850972499118378,1.4431967407026387,-0.7149792787184337,-0.3022973740759563,-1.686658473457321,-0.5580574351300567,0.5406488765193782,1.1158875925238978,-1.3921854406523788,0.39858135160339064,0.08069396960817296,-0.2469575183525029,0.9102783750072618,0.546864312759305,2.0893079461905524,0.3549876967479204,0.844157443644461,0.8571250575288843,-0.06657968481989024,0.6915414266391284,1.2736242086483636,1.8821683176525241,-0.08744678654300464,-0.32749997506370565,0.5895276934929161,0.19609457864494526,1.3254080437305475,-1.1836175021879174,-0.19890115754668747,-2.4575790044202175,0.24152271405388193,0.5647484356974282,1.4341091843825078,-0.07915540180947103,-0.5958176500867145,0.2913476657626426,0.8861479715358194,0.21012287453550726,0.8834661738228514,-0.3738339904717337,0.04348156797392893,-1.6162893814584316,-0.1408488072079361,1.4967565386212347,0.9131437112302195,1.5711443794105975,-1.0905599278650027,-0.4213614520797905,0.1907817466280637,0.3597983521398569,-1.0560507588411356,0.3803719764671413,0.5219735184275291,-0.26336011280965665,-0.22408375266570102,-0.09584090581376535,1.517192305107618,-0.0735465360434373,0.7310256838104732,-0.7629742711592792,-0.5119679525217683,1.3866794094108181,-1.046693939806013,0.12450510465411,-1.6091893463518687,-1.0737835173606265,1.1299858120198676,1.0675196820919612,0.2843516751875682,-1.2115545275717157,-1.7266981910486368,-0.3996055055805367,-0.9789279299126614,0.6721684524853522,-0.07893917534326476,-1.1959399563668738,-0.4863388813963695,0.1782581810244355,-0.5357579693943577,-0.7504537077302873
-2.68785346188758e-16,0.19235994922573155,2.2009476637866445,-0.6191499163901237,1.7694545630830247,-0.7417961222934848,-0.017182757556440213,-0.9219728644973011,0.7743695800853684,-0.22465712848757288,-0.2397434866667983,2.8380005026643733,1.2936371773426583,-1.8618058474964307,0.19539791366900983,-0.8941248907732882,-0.6041554162138695,-1.5936287802468332,-0.9315397763520861,-2.607780394946671,-0.331989152924354,-0.447762068932073,-2.1847713812530225,0.4139931877041739,-1.8143481696041235,-1.3427953896409353,-0.16663654264015726,1.0939990989158366,0.29691215938671056,-0.24608700758687363,0.759451211134524,-1.4309710017836221,-0.24655642496704033,1.577981247138433,-0.8177417170508469,-2.130365176297855,-1.7304888296478782,1.3156581554165918,0.578010233856787,0.7733215017594189,0.4099334867319168,-2.0092430524314637,-2.6201125456534635,-2.132834754815212,0.5312532234880695,1.0392976996000445,1.594963841331836,0.7409810636616663,0.32214505692330514,-0.2804675941079538,0.9906446997147316,-0.6109677722239274,-0.4996892680072068,-1.3008578135006015,1.430428107044021,1.15807435629895,0.16089444965409877,1.5356346847772149,3.1459127648540726,2.1315646006682605,-1.847374188630165,0.04868425336417426,1.690887311404127,2.28781000772652,-0.6115227878028668,1.8040907545885632,0.7122795677720801,0.17712309987069974,-0.9308920004715664,-0.021314776585041512,3.039689667971392,0.7961807208880682,1.696361709604936,0.3598778862460683,1.7775441704857757,-1.327912255041109,-2.7056777951091413,-0.6794545561027963,-1.9554830931719676,0.8520369298061361,3.324748916403811,-1.3624700985331772,-0.20805102766718284,-2.1744696391240113,-2.2119096366721487,-0.026924919873026427,-1.2608839283683948,-0.06679878896166448,0.9088554495165306,1.9004885957697013,-0.11442289545301693,-0.20205230154969708,1.2967414297785895,-2.704820735516553
-2.68785346188758e-16,0.805765418761563,1.136405678285626,-0.18200683132244144,-0.479328597121667,-0.5306148975011462,-0.35874568393165596,3.332229795047165,0.7886763965682402,0.7296244657173325,-0.47605223165649546,1.8872242746770524,0.6295742620965198,-1.924465901950441,2.1971117173474664,0.8626488715576353,-1.2214551684970154,-1.5644468842994175,-0.3297438874633748,-1.5682942986665795,-0.7854767235550549,-1.8505437155997986,-2.4411668506900503,-0.43931097744061737,-1.411396519122976,-0.8875632524381165,-1.8584519007703166,0.25944637173057006,2.5981394320558606,0.02752433529485443,2.5341017679998648,-1.9607125591991406,0.390179810483435,0.1271488173035113,1.4099326423148457,-1.9169220924469006,-1.5385540678806815,-1.2521197182671533,2.3023613386702193,-0.9942016231037358,0.01240603864639278,1.2500567950075674,-1.932672561735703,-0.08432973204475913,1.156093252597608,0.7405383888803858,2.9206633898152576,0.8921994664410878,0.48772322606999796,-0.3077676963231252,0.0001251382652989741,-0.4274163029698118,0.7151161261198331,0.10166876540060917,-0.1200399360325203,0.31824774397203626,0.035687203164687105,1.715626551179684,-0.012483478964953054,-0.854467045572628,0.593915262839481,0.2914184444270502,-0.6094532510507407,1.3306706152211172,-1.205030840287072,0.6908012402265176,1.7489153997820215,1.3866528572370633,0.41203853624806214,-0.3253362174941931,1.23663524118869,0.23782903571375463,1.1507691321317342,0.1959737558397477,0.3304309491069658,-0.24987254274514809,0.8123382742926623,0.5421510162938846,0.6650558312891924,1.3048341062081903,-1.0596142515745322,1.3699342082288395,0.4712233101774798,-0.3587593783039941,-1.2758824611260826,0.07080686134597226,1.212250306375981,0.37905923593405105,-1.1217475912438326,-0.34443787448169244,-2.0729780486857083,0.4138931136492625,-0.43079375088052807,0.534924900637747
-2.68785346188758e-16,0.27032909985030784,0.48958792165443066,0.0002648994387015602,-1.5596905833336763,0.6190768349342651,0.9579918280463303,-0.2588000763356502,1.6156610521149453,0.8379737316054642,-0.47704266355635455,2.177840182490717,0.13476373822175514,-1.3024284729508944,0.2237242742107781,1.1585626381156906,-0.34579428608797824,-0.5896757787384012,-0.8639119653511014,-1.6932710160661248,-0.5532629200723448,-1.2432887697326014,-1.4393406573460275,0.7130166731572393,-1.3058723501317808,-0.6227282336368943,-0.34200595301589853,-0.4652921296439064,1.2228439834437534,2.7723162628252527,2.8854191829408427,-0.4287230950421044,1.215462707606295,1.3768609527694975,-0.27717062721776675,1.582242139528332,-0.6369462944174085,-2.5009466825499955,0.5363787597450853,-1.0453001043077936,0.49918140278181483,0.2905408994722178,-0.5361676824860928,2.274674265078139,0.2696664280525427,1.5585059514813373,0.9167912818887274,1.5132800461191347,0.18264145991603375,0.9308120268776315,0.35951061030860465,-0.7287685458467267,-1.1226986785985478,0.6542308934715357,-1.1993546072827654,-0.8178093381321576,-0.1557134013355223,-1.390318325152617,-2.101515566890506,-1.7114966973481658,-0.33736672498311393,-1.0789947581588664,-1.2525940033734104,-0.5204833013126375,-1.4553225965817573,0.7990917321749172,1.5772087663003922,1.0906421461109388,-0.6529391079838317,-0.27784733773933323,0.09294446355368158,-0.8236844126847191,-0.9565024640555626,0.578037670509559,-0.8120232884451581,-1.0060827817282343,0.049503835225422455,-0.6997349146380119,-0.25517578175732614,0.3964419292046544,-1.3360189500200312,-0.5115805754262415,-0.5205893218138467,-0.8593968950034605,-0.09801407971964762,-0.17127401901143363,-0.4679682967357628,-0.15269899267404788,0.09436425864642572,-0.6227956029528341,0.8484797322583542,-0.7497074454197374,-1.4286749687345088,0.11409385269593786
-2.68785346188758e-16,1.0557800239537312,-0.3389250668182052,0.20440868791428501,1.8900304229658191,-1.9861933185676923,0.7324005860796559,-3.231356869955774,-0.5019202108345393,1.2733337287802515,0.32213810806754045,1.1774688391260368,1.3164592103624397,0.6179576210692096,-0.8511676225834517,1.1711702610807648,-0.04984392447882385,1.2478024914195538,0.4771097165263988,0.09443146249092904,1.0393097053045843,0.3063390900484756,1.668684660568577,0.5694303304398896,-0.12859129726198879,-1.3144482193883655,0.8735644191903617,0.08194376546316459,0.9418611038478478,-3.5005259307126435,0.0027520535834177906,2.0022549970651577,0.9271149251660044,-1.5759538034577378,3.20009451148557,-2.187439314050092,-1.4805355495305075,1.3948554414396912,2.0804812285531122,1.2441267871545851,-1.656814378672046,-0.588937823816319,-0.4437679488464995,0.3760299296880078,-0.5923730869042597,-1.0660608659953297,0.2137483976111025,-0.2820013577233898,-1.064473305005328,-0.1473448914843315,-2.14990871856031,0.36058070907738193,0.7466473237298323,0.7693525469634029,-1.514010000101321,0.2950290293383476,0.4708276113277677,2.184582839962657,-0.5131384559048401,-0.5360899834531233,-1.9640776405545366,1.1550119438359918,-0.7303362150778205,1.5433340679554473,0.15573702064802908,-0.43611050952931174,-0.8507638956952241,-0.3104336293723502,-0.05500623848296449,-0.5510885642237682,0.8999555151946641,0.09827863796125658,0.9344372153945535,-0.7356975409439849,0.1520776012671996,-0.9353562215210811,0.4490754164242903,1.3241377641435397,-0.22095396664707526,-0.3122603414268884,0.5754586004435045,0.5264983158800419,-0.8993581204271365,1.2954583955132022,0.8808132596650913,0.35848697408035507,1.9747951382893336,-0.7141141316034121,0.06593139404157122,-1.713149800496265,-0.6963969156533927,0.3088092270811664,0.09607713921946326,-0.11369571993338312
-2.68785346188758e-16,-0.729604288653579,0.7500302890346515,-1.0701147437523804,-2.1130916791700565,-0.4553884470149413,-0.3218589127764768,1.2248830286865988,0.12214688128226472,-1.2257839761967986,-0.4322033727598881,3.1083114964359853,2.371940962511712,-1.629191179287686,0.9928646356226074,0.6482862854873201,-0.8652867213290816,-0.7306930701738772,-0.5660656884402332,-1.8091778051552563,0.36274200148188596,-0.487567457742492,-1.9822963266476386,0.5505761554660759,-1.9368544421200793,-2.0774053715200314,-0.6523387897121135,-0.010804216692434376,1.631078983466541,0.7486396276013092,1.3714179490946599,-0.15840349135469234,0.00644084308595071,1.3791420572347028,-0.6301723939594451,-0.9834901232648263,-1.635857503769149,-3.37868298687731,1.2808748065354416,-0.09187661834855076,1.9458281494085559,0.4604577445398121,-0.21842657817971672,-0.6733029197445919,0.40234801759118616,1.6731203668743406,0.9865477889685597,0.9937267157149732,0.18526938847202812,0.10073067925373805,1.9663527598133999,-1.0928992381806002,0.800425143539327,-0.9640803606300096,0.0018925261142289098,-1.0575157106520292,-0.2835755174933788,0.16120803991157207,-1.5506430121675887,-1.156176194845882,0.16232125111678297,-2.11604465211951,-0.6599026782599589,-1.3700834647682507,2.0329913847751033,2.7556913203536593,-0.004189882246637078,2.143000496131578,-0.9744331546184293,0.1680587959365935,0.5772300646554964,0.9289692283076052,0.3539876208671733,-1.110717015247991,0.3723515886116319,0.04552755625085514,-1.4950185037846435,0.1691616009761232,0.06391904215052058,0.5050568452668371,-2.0234988802692144,-2.1205205237619618,-0.2995010615381999,-0.9464397391726436,-0.7342768397452416,0.21204237188809755,-1.9922926112801707,-0.12269311284800836,-1.0117403899472515,-0.5519721988770036,-0.7841737625932342,-0.42803002476907126,-2.521234547806767,-1.4551506256626983
-2.68785346188758e-16,0.10391023653920514,-2.0280780258355846,0.7702553373254888,1.097779531325462,1.905999485817881,-0.24117873919358715,0.5279543086811476,-0.0534160860527062,0.3372925907586956,-0.5503117132252316,1.37567435827517,0.1860705329681241,-0.6197730850219176,-1.8316056024726177,0.29066495528775027,0.7686909465316778,0.13437990577654407,-0.5608184949751163,0.3094057736797751,0.712542711520159,0.9146608507713168,0.3571927393285853,-1.2818423465710669,0.10943769561341754,-1.057063210631326,1.5789087929033827,-1.279289443294755,-1.8680657607954085,-1.544570229441689,0.5712223856528462,-0.739679535084943,-0.27487542518987146,-0.3331060510466447,1.4631723872440205,-0.44481880515501676,2.6749914744311063,-0.20278417236819712,1.2987936044748236,-1.8459845156952692,-1.0203512869654745,-1.1484497232740725,0.1361688555682038,-0.012595017704640693,-0.5432138494875328,0.5623728848177139,-1.0339363001167943,-0.7847002469822729,-0.5921782150726117,-0.0054338141763796465,-0.1210214011799502,0.29972784890914106,-1.672610709682192,1.0496868581512224,0.04712319650157066,0.13605185484649915,0.7366548555851535,1.465311544089669,0.3181634122279826,0.39302934935625977,0.8815819688687158,1.8135087065666988,-0.33777023153540797,0.8876733114951805,-2.4673827716816303,0.3170376182146041,-1.339338112084728,-1.4219001880132147,-1.8529996179252373,-1.1496281721190562,1.4891083220232866,-0.4317679729034823,-0.684213632708195,-1.1702355945518552,0.367103624313857,-1.607066407428487,-0.20765885297339143,-1.2407634086488044,-1.0663184806148183,2.068297280092654,0.19230179046766327,0.5463049584031235,-0.07891745600601176,1.0647984174694125,-0.5995673355369647,-0.07963370214598563,0.3161365679140859,0.16402937650079627,0.2865764021938925,1.2660830378108026,-1.3677757220323958,-0.4835127890294248,-2.7787952354648677,-0.7227125225303082
-2.68785346188758e-16,-0.220034345176665,1.241054891087109,-0.9722030961950753,-1.1269810023654152,-1.6755946631461314,0.7696729606320304,2.3868562839129543,-0.46727954162198737,-1.0712087732495323,0.14181227693956605,1.3669721656295013,1.034673929954801,-1.2050266486873429,0.75927772398219,1.2439318494427412,-1.2556857152696694,-1.8064402444200343,-1.2858111618598431,-0.784836650895088,0.3799681802759608,-0.91034123628069,-1.4316527154844887,0.6422437371653149,-1.4996683893266227,-2.0011189954934663,-1.230014401688667,-0.03693086241656933,3.4547030510822996,1.6513941221131982,1.176228439552962,-1.4029632227604432,0.24369359426091386,1.4758999898487437,1.5675051764215953,-1.574589017940597,-1.3242937858080872,-2.3403693140268063,2.1802275111477263,-1.246089802530227,1.868425968992204,1.18208568743703,-1.649917554616084,0.5174783471366815,1.0716846725597788,1.0636326240789722,3.7133858406812426,1.7633116404276752,0.863876041213125,0.05270542466650373,2.0488094058801485,-1.7789128074883689,0.024939385735740838,1.123448815718497,1.275893415834074,-0.9912423020910845,-1.2030986538628408,-1.4022116323287643,0.11357200239405618,1.0140835878533785,1.4634820237097221,-1.7619557791754832,0.9042737685809893,-1.7681708439205273,0.5408425987174006,1.0343766632436417,0.023142789368393757,1.4151163654088923,0.5544992961738795,-0.015666304922189046,1.151012600232302,1.9986875369762642,1.5479592146935786,-0.475026860680521,-0.16477461980775876,1.3182067504698485,-0.018260810229998203,0.14750886831478005,0.2559759540227434,-0.5717937830994927,-1.2525230865645824,0.12030801138423844,-0.22946921514647936,0.20444704532522145,-1.2432156144081363,0.032397716808324574,-1.887271520763661,0.16037722953812533,-0.4570160225794137,-0.953721018773402,-1.8095132177429645,0.3704441385089111,-1.5851494108440642,-0.6566283413167355
-2.68785346188758e-16,-1.012220645671659,1.518539939472738,-0.9293064692646986,-0.7080130606377446,3.0838581788540322,-0.21307018514577264,0.7285490136859414,1.734224705917335,-0.5574610287382973,0.01056419467126308,2.5752949665645906,-0.3197718180669291,-1.6140832219604317,3.227374637289646,-0.615093328317116,-1.5240404163310097,-1.414919809072507,-1.336622136618292,-2.639532754783042,-0.1460583813014947,0.1071255416804254,-2.7015319964188143,0.6613024451963653,-2.405162998624413,0.08683485108675246,-0.6664830986966921,1.649717784433341,0.20653883894297032,2.341186993800754,1.2119142071219007,0.041338387117632325,1.035161074388667,1.11881621767981,1.4628001930510415,-1.035048678835912,-2.168662776490125,-2.6308905124299393,0.5861227869576286,-1.1711723809914165,-0.019723446651049636,1.040887056973586,-0.7535889112551507,1.257024170405682,1.4902606228191195,1.5420035205579132,2.1553405712582223,1.5992773877154232,-1.1561443098941226,-0.2498204470362686,1.7980925970471358,-1.093454325289507,-0.8288124802317982,-0.32815561127538817,-0.10457570626907875,0.7041878753518552,1.340069754863143,-0.9286965874053043,-0.9323492056349825,1.156681662784108,-0.4600922992448572,-0.11465908430774707,0.7878259197956344,0.927608038285342,-0.46582074135981666,1.4786174066831657,0.4043852335269021,1.5099211394386058,-2.795454545510572,-1.1326710545104266,2.0730441963340107,0.1633058058588136,0.8453326619984007,-0.012889997267102826,-0.4276257126918949,-0.8792378763830367,-2.188828321618007,-3.306527499256171,-3.179056168558893,0.5467529011387002,0.49161300388152723,-1.0519733898241679,0.05136522926974151,-3.942825847805988,-0.8582427818506836,-0.6570646756468119,-1.5410114980617935,0.9337577592137082,-0.6780920770825812,-1.3759053566378645,0.8940122120212848,-1.7926122513167406,2.5867945436653295,-0.2982984370053708
-2.68785346188758e-16,0.13237391511348356,1.1046250017436896,-1.4766811805457707,-2.0277009974622526,0.10706451967968247,-0.6409211775582877,1.1058614020085815,-0.5974237209542526,1.0191560306080187,-1.9747127396779551,-2.255933596215259,1.1492543748876536,-1.8024620933518918,-0.6196641513032571,0.1536717899547291,-0.5418166890915199,-1.5940463197616488,-0.3340387346086989,-0.7943304559840244,0.8177092524293614,-1.2909830602107972,-0.24512971418372562,0.49318439312997747,1.116139510116052,-0.27935316325409265,-0.6213181311446163,-1.4946648784819097,1.0468217360127314,0.0017303400358619214,2.143288097374631,-0.5545668293769217,0.36433481747730034,1.1869750743348073,0.25681680593573664,0.9794695384297026,-0.07380481693544431,-2.0447647190881777,-0.06578346726197731,0.33640453833866524,1.1417359329870118,0.7873933816431532,-0.29481847309149783,-1.5933938690572087,-1.3028967087789993,1.8829553340618563,0.9047974277987871,0.5254945309842232,0.31258263496033645,0.8409791851938092,0.7887613892077135,1.8012887956575412,-0.18267678073196383,0.578453908102305,-0.09418072292257543,-0.04102092238160582,0.4583642130189308,-1.1565450963653858,-1.4511178858790514,-1.3916469780065521,-0.18573570719299853,-1.4061078646421556,1.1542503707075278,-1.1146138402125956,1.187029451243773,0.1897481577654696,0.0416518738770264,-0.2622522045970127,2.2262625746452334,-0.23870872610375135,-0.2561743134105127,1.0124555629393872,1.0883852152554911,-0.6472922877785472,-0.13042703684636378,1.2168218246131586,0.7722263621787816,0.2660102222959496,1.7148794276239492,-0.8419812272658712,-1.1903870802485885,0.8390477120252934,0.1042561128006503,1.8195996413282576,-0.6367889588864918,-0.17139170416371838,0.8924699745012482,-0.885477673430447,0.16530366369886382,-0.5926117175170917,-0.6408698458283846,0.30896116980269916,-2.2094864915885406,1.1377377455562596
-2.68785346188758e-16,-0.06342331928839787,1.8623498746144742,-0.49660618449816113,-0.5425458583485705,-0.0015127358322688939,0.528134573489507,0.6296302961518825,2.4999769859446785,-0.39742332547320147,1.4510030645728043,1.146566002650827,1.5156033914062712,-0.3994451274403744,1.8758369556978178,1.2810094315322993,-1.5267736686994773,-1.085693521745101,-1.3963136752148946,-2.069300996999087,-0.39658883238084713,-1.6236468209401989,-1.8738054511776823,0.46727079940591837,-1.225088967988036,-2.0901054999389457,-0.9534136027092283,-0.885027702267697,1.8117108167055265,2.4865718868571918,0.08066951471819372,-0.7040738659343849,0.2119577971443713,1.1679948838869536,1.1084322655816445,-0.4003292110114216,-1.804354067208037,-0.7007744403559845,-0.5624582677295662,0.4533364954616612,1.462271983562719,0.08616169338421942,-1.1862107974405722,0.5217542286892686,0.297743829758373,0.7177877948396243,2.2529363826229174,2.3713464004281666,-0.22540316007215777,0.3961299048686169,1.8590563344473918,-1.7314930746464448,1.2598269525167625,0.18712612845638604,0.3988405871752106,-1.2113114261309912,-0.16875903272239398,-0.013324467819021246,0.11880031305042449,0.13035146570416165,0.8132946623322753,0.8533039639019848,-0.15983835523556045,0.8797663752759787,1.604581059650614,1.764244027042921,1.4740854014117415,0.2942837595183485,-0.8143537420584623,0.1969497368519698,-0.02376201559823113,0.9521146187014001,-0.1782317126128442,-0.5024756411561588,0.11744112668000711,-1.0168949589731207,-3.0042829436704865,-0.539415855496054,-0.7820708332696373,0.30045347373885967,-1.0017079996496259,-0.24640897006586254,0.18318776137415446,0.10363922268938808,-1.1263674419550835,-0.3132729956021349,-1.6939788361088284,-0.003324713961046928,0.3441444621594997,-1.915245546353626,0.46548130150005185,-1.0207892580026603,-1.9335735872616215,-0.8954925656641459
-2.68785346188758e-16,-1.0489399936696087,-3.716397220413783,1.6985021772203814,-0.6169682105644766,1.189917356389657,0.8352268362581727,-0.34460531990830695,0.02306361295931958,0.5434067430080486,-0.6189103936874307,-0.654917872907053,-2.5032803149859753,2.360477409338884,-0.6110222759698484,-0.730107364092293,1.7059039511662257,0.7931094926641011,3.344983170138242,0.3357596921940171,0.4084077103825158,0.9131816256179225,0.8129885024325311,0.8565025269005666,0.8248594043253121,0.18360631939451955,1.8234786686618196,0.5906162100522917,-1.1330290782263148,-0.8109545795653132,-2.019728940497196,-1.4804398829821745,-3.2668035438091985,1.013259725054935,-2.5855973194184116,-0.3642505408480149,1.0047456072628917,0.7310216423439457,-3.6246477547501135,1.9706198403708846,0.29751156649895644,1.4223720608627517,1.3549284774646946,0.28959808240509105,2.0790243101692,-0.04397875431498227,1.469173992808261,0.7415040835556309,-1.7036337382668707,0.7542215060081932,-1.2326025014679323,-0.8170026750253614,-0.2402764676294353,0.9897861906919208,0.042141685099815904,0.6661747210173097,-0.12664252490235614,1.7621762127447678,0.5924495277771331,1.796234541350487,-2.6876844433810176,2.322339692704616,1.336975140296612,2.78881914870731,-2.735006641614926,1.065556511091918,-1.5068534583774844,-0.8079337425650973,-1.7209613807660835,-0.030775179047958873,-1.2361222270221965,-1.594039337461414,-1.2665755424131306,1.0692133060842273,-1.2842339699043979,-1.6212064674478295,0.7267639915492693,-0.31790540316305493,0.31751228692403394,2.3498109753994854,0.8503759555514588,2.301396096918718,-0.13045237256551503,0.8640379529951503,1.4975232572474213,-0.3797801600157381,1.3951349600030991,-0.7866051973017262,-1.0244385116168067,1.1071581097138081,0.3763619419790889,2.1793090160575455,-0.08784068744351425,1.0315448930538884
-2.68785346188758e-16,-0.5142054956224085,2.504995187251727,-1.143729903660226,0.5340302126156916,1.9469329226487941,1.6621311434985295,1.768497650462683,1.403803374940757,-0.3527628272940904,0.40704021748315466,1.3471862493736568,0.8649364327575835,-1.894344592627817,1.2176607115333091,-0.5908323332538277,-0.5351856231094629,-1.3418106815220694,-2.227523087507102,-2.350586039726073,0.6344798234802133,-0.03486470974652653,-2.646656264211315,0.09912010593120871,-0.9909287523325664,-1.2317745897415362,-0.6215474560173562,0.44936263581098607,0.2926871734259717,1.4140534119505475,1.9838897431596456,1.6065920004514362,1.1852090819939083,-0.552215388802762,0.6391364735122707,-0.5349121875865387,-1.5136273657188244,0.1535760004353608,-1.099725974660734,-0.1885806605713305,0.7669503622700302,-0.7506007995521794,-1.079014924652143,-0.7590507659618007,0.4107810765063815,1.8448479625792067,0.6620247225596531,1.322424010040185,-0.10040368137571481,1.6639461348188749,1.3069420190180636,-1.462747188291438,-0.2540476117745402,0.2662354945780382,0.8922185408953294,-0.9288818948053739,-0.11320133008679815,-0.2756965465537219,0.13548293770627906,-0.40298012689814633,0.07827990983868424,-0.6011990924594769,1.2628539666108263,1.4003584132027442,0.38627731938980825,0.12283270908876054,1.2785604514991908,-0.07651348570017935,0.31966078792320546,-0.6672067477194921,1.6446606651766462,1.2609885215892531,0.7056321098854678,-0.6546646114569014,-0.16908208226187874,-0.8212325770082838,-0.47525979012561653,-0.6410771377617958,-0.9281721304852767,-0.3991039374247243,-0.2420403466396313,-0.9306372349901574,0.007897598069780873,-1.2837339579327363,-0.009783770218248167,0.027396742851790706,-0.6939534222831152,0.45399559232835457,-1.4537581441591483,-0.2428266000706235,-0.8757537774802342,-1.3056988105488063,0.8296126543155286,0.012234395530015596
-2.68785346188758e-16,-0.4458292821538747,1.082556888574937,-1.8869469009487592,-1.7544211011206228,1.3455726168410305,-0.3816417223530861,1.3010802370431696,-0.1328764731608234,0.39858429992619365,-0.0506446988778424,1.6043865341955024,0.5874498168782004,-1.8066989243537668,1.4979844693448983,-1.2905578068831292,-1.2591004851135292,-0.9662912754818823,-3.2391101684633092,-0.01039436042975117,0.03340486358551096,0.7335492160783512,-0.6107194376504307,-0.8612101868742184,-1.300272970382896,-0.08570464157680185,-1.3678266516597863,0.3127780759261116,1.9483952546198393,2.8581710308001878,4.835409953978555,0.3658856016129214,0.6101672889045884,0.677147382987649,1.2745395104314567,-0.6830429858303779,-1.2327619721272653,-1.1890953395350619,0.24076263371852727,-1.744907045084017,1.7404230727440633,1.5425086877152472,-0.6099813424383085,0.7432715783173803,-1.9769948352493092,1.0476230735253391,1.3475614395993556,1.9553146369797423,2.0648007534316473,-0.38015154877009866,-0.21874908782816038,-0.5490719192968742,-0.9795927737594072,0.5763698801315982,0.2078130096569193,-0.028988536489517713,0.6579621781227983,-1.2776564895753637,-1.1200917666474957,0.4239386904245168,0.15184498048020345,-0.9789055246094739,2.0511095994216806,1.3346040825713195,0.6807587604331253,1.363050315295127,1.8694610384207615,0.40992187281943826,0.45922626619995055,0.3825361122965409,-1.042132902178209,0.034414663128401246,0.4206665011497037,0.26539561756229907,-0.10664317578827594,1.1930961195239203,-1.131837732130318,0.07238258195870623,0.5890414554742179,-0.20633297860265046,-1.9882996340031782,-0.8029313951639765,-0.3568464745440875,-0.6260358044235216,-1.122528408728745,-0.1190815850670498,0.6697642431061459,-1.0531885762113455,1.5602384603987787,-1.1106033237906874,0.6564162050872058,-1.440442715269294,0.060478456200806274,1.0021052829052213
-2.68785346188758e-16,-0.06379643064004513,1.5830262176794097,-1.1500083044205291,-2.306117110200241,-1.5741144780324112,-2.4121973335713607,0.49366408014483565,1.8799026608559992,1.0223624263229156,0.01781200774646374,1.5693499644718305,1.814902063849233,-2.2096370623371357,3.883402565264474,-0.32930081141584455,-1.957403121957145,-1.5461617235958554,-1.9470886911213694,-2.363160368093964,-0.027004516676042964,-1.4777371796475163,-2.372810041307778,0.27438555097938844,-1.8045120412293048,-4.309745065029614,-3.4922008064896284,0.11038428760043234,2.151664759911501,2.1108801794610925,0.707309843547507,-3.9010506028964658,-0.9797543448383197,1.4687828696635816,-1.605276811227072,-1.8868769981170321,-2.8367698662273635,-1.4631761303143607,-1.0093241629706942,-0.5562360610367829,1.098624259290315,-0.6561704084433813,-1.8368833923832761,-1.7109037173887174,1.2862873876400582,1.5207117742490854,0.7459022941386286,2.407999571532601,2.2962588538726525,1.2670037121690207,1.4747356379719245,-1.9142420466050307,-0.8316475135899315,0.0625310990473223,-0.607335697959317,0.4791826470339833,-1.2183765014498673,0.258719635586501,0.21390897410647552,2.868243354970241,-3.44636907151762,1.9544357184935228,3.2701175344426616,2.343651504758261,2.340841801776845,2.127925173887583,1.2619495571520178,1.5030636411401321,0.1568446833264785,-0.038744375829126654,0.7696313451829018,1.8894523894135395,1.737274389564853,-1.846694035324285,0.04930757335853764,0.7261386308036359,-1.0047283350297471,0.31125519352871656,-0.9830470726013285,0.5951288182677936,-0.5651829597474518,-2.2670686060522827,-0.338325732510178,-1.6958401324452352,-2.3702195322486967,0.25092098856098116,-1.2072685532405982,-0.45381613175949514,-1.7947637509091932,-0.23090178476115103,-0.929606163193888,-2.6574536638170136,-1.0500030962954505,-1.4196511913041532
-2.68785346188758e-16,0.8624078187680844,-0.43194750336327115,-0.5800001230951709,1.0424724373403713,-0.4486470815480038,-1.1183605153346783,-1.3784767046472632,-1.3065568081413326,-0.2083933232506948,0.5223830707168101,-0.685705225649536,-0.3158271083994463,0.2254012713936312,1.8067385294845064,-0.20170151786842366,-0.07980551534513708,1.0326684044064187,1.2397317509335564,1.0454562545766422,0.19440559913934866,0.22469383748046967,0.14789592120148115,-0.23527537290176523,0.7748518907957664,-0.2597313441160508,2.1242275665316344,-0.3319976133279101,1.4674604585826763,-0.3777166802708886,0.458873721194889,0.6984449346863646,1.4034516075613763,0.5575063599859692,-2.774714954236013,-0.478359668002636,0.06580908756746917,1.2242197351534778,2.1739401551734363,-0.12373466293375127,1.2207176061470812,0.09007162967730253,1.625101894119569,1.0544750171186403,-0.8936118149625124,0.31183771260826487,0.9514952179545177,0.2823526866640481,1.4694085362495586,0.8473142595015803,0.23155111795708452,0.4747189420403718,0.17166242854421573,1.5896732003986962,0.4422736334664051,0.11459119459949163,-0.6232601113652811,0.3167488641314635,-1.6432892178686747,-0.21836793623160428,1.7287936264256756,-1.3538759133545968,-0.08249349246268604,-0.34909021266491835,1.7810188631594086,0.1992777803157214,-0.579626196936906,0.28475579221320124,-0.025835006996260956,-0.5019088842029943,-0.6891075915515921,-0.5017946242359147,0.5082734621344971,-0.6932671045826198,-0.20330358470584228,1.237210908231825,0.03446605829203597,1.5506465726249135,0.35449330363778186,1.9627913114612725,1.0351023418971323,1.6616534112000427,0.8694125721988645,-1.030680132488057,0.40073645297861976,-0.024723810228298546,-0.3235217189287223,-0.7934665288751641,0.9671950047202329,2.0545493820375476,0.49228768610152973,-0.21264909884007194,1.2004117303211774,0.3903363869899043
-2.68785346188758e-16,0.32042013260785074,1.3074533099392867,-0.40436654601111816,0.2870282040855886,-1.7749504702176764,0.4609114330883487,-0.24615953190800266,1.0323842754183148,-0.2715170431988376,0.5971915048327455,1.2673585125805684,0.37346531081367207,-1.0353311654985926,1.5599447613244821,-0.8847137245825374,-1.879983377312327,-0.5455582540034436,-1.5907741503263946,-1.8026274145366648,-0.1356760597219465,-2.109673232392691,-2.2790938265006555,0.0205986620129602,-2.0877433309608517,-1.473443090622926,-0.07882782252629039,-0.2690904588897776,0.3193338952622653,0.6667154387966228,1.3682842643725213,-1.3306481423672112,0.38573173280558515,1.8765432244065656,0.9831954733712014,-2.1242796302698155,-3.3567080528322224,-0.2905217004090921,0.40770419863319707,-0.18600460869942786,1.4359443447948137,-1.0181024958174585,-2.6580500364058204,0.05060579705717516,0.5202591273809107,1.381209869040869,0.36624529882516876,1.7394415656925264,0.6199557413556049,-0.511994610366476,2.5001266825670023,-1.661077477089821,-0.028287658487184283,-1.1829047523071599,-0.2577905044029912,0.16112126990288445,0.4647116951167039,1.5836692433447102,0.44978283858267465,0.25469691671366257,-1.5670348756330008,0.48947980339747477,0.03279266433643979,2.5170990735169214,-1.100665201839679,0.6086023132530023,0.8989618609406042,0.8070238123487185,0.11684548237920589,-1.2351727918610786,-1.1478789597004553,0.15360855641707616,1.9826722050266383,-0.6811867587283431,-0.20611775173198665,-1.176762958947291,-0.9008242920065054,0.12378198729284051,-2.059701808740579,-0.2115207957503481,-0.24964270522761733,-0.9953815101439051,0.4154263223526055,-3.0134131049170136,-1.7706632195202623,0.11903795492851516,0.023478937788530718,-0.21574474920512035,-1.048374690050666,0.6118723452904503,-0.8603403991668819,-0.4836775613583113,-0.2701737982399888,-1.492736967930513
-2.68785346188758e-16,0.3920645722631506,-0.10101509490813368,-0.3641704161668717,-0.9027570164040565,0.570754516282187,0.7050301711015546,-0.5743194388770549,-0.7349813996053929,-0.3247457367273311,-0.05392258305265809,-1.1096863328735742,1.361125356097458,-0.6928648760179505,-0.7698608160572613,-1.0189570278949491,0.18510588419604462,-0.7914974056309796,0.18036249788219927,0.6885760507047008,-0.2166688850121449,0.566696871959576,1.5442659240979368,-1.0081425925883183,2.132489936059664,0.6917516375697268,-0.6235552877716959,0.6321874698182545,0.3446548386025351,2.2332611641903903,2.042611386198998,-0.10887422061301638,0.4526508864173271,-0.46869225279667803,1.4524445454599064,2.3346845692695655,0.02298093051826311,-1.19541013873285,-0.42331723858002746,-0.175001734136744,1.9422051980775197,0.32260944270492686,-0.7392836429808367,-0.30788301082060016,-1.7538771623121194,-3.4751488830313075,0.18517186618445838,-0.42202395210467913,0.6301527338860519,0.06619662789634712,0.6696749233207108,1.4712170811912015,-0.780947430473777,-0.37538967861726397,-1.1387162053773052,-0.6827930034227061,-0.22442294092502005,-0.8267657110069464,-1.151941955160999,0.08829097885135824,0.8733728403503287,-1.7232718696922216,1.2767144640468746,0.326697927303113,1.0325868534141625,-0.05580143336086828,-1.7428329787215011,-1.226983725700979,0.15633316010478576,0.5595714160851814,1.370826865411899,0.015354543803557719,-1.693759532757744,-0.7581160166350022,0.5119252943072122,-0.0154862671376238,1.0810605519575014,-0.650019469004847,-0.04582882212029541,0.7865521512718558,-1.4915237009894788,-0.3430206653312606,-0.11989560038105185,0.2829739721621951,-2.335287873570823,0.23351191528724288,-0.8772209563497722,-0.5218320723839125,-0.13612571416005817,-1.6092409782621413,-0.018365834224835842,1.5020394740747025,-0.7826127221446492,0.013099689111910728
-2.68785346188758e-16,-0.379210346815144,1.4803499677644463,-0.74758104343061,2.442121984392613,-1.2555765435442237,-1.1767959742726506,-0.2237684833555278,0.6491043839965431,-0.22137021588135522,0.8946928402468157,0.061820458743803874,1.3693605058710154,-0.6895560217441558,-0.15164598525095674,0.5298547823295255,-1.1107706496380867,-1.12361702866237,-0.6951612155130233,-1.4909609566786095,0.5247361241923516,1.5839983732238656,-0.7326150781004793,-1.0689182111937199,-1.038472543030848,-2.2255138345476566,1.5162529381093672,-0.7305348886535661,0.30764583156049746,-0.28222071160454126,0.033239409784666496,0.7161030376728782,0.7705534262550112,-0.6561320158460151,0.059064645835671836,0.9957077195814974,-1.1575399920812597,-0.5634337899843506,0.7041670197410524,0.3878001998469701,-0.16575506462545114,-0.6002176722833279,-0.7421486393486787,1.1929725190652969,0.8755610818284421,-0.07997253169642582,3.3977709392217568,0.6907464787048788,0.3993374657324833,-0.09697255478579954,0.1613344891438815,-0.5478696162868506,0.5834887044340396,-0.03532976596476625,0.5729470715640118,0.20757067448754807,-0.6441306848796154,0.27394939729706724,0.4877529210238927,1.0371627502100358,-0.3612245512603882,0.3975328616613998,-0.17957392326163402,0.6509884742250384,1.121395854781455,1.298230368049785,0.48455999998524496,-1.2076223817794003,0.7101674919335481,0.4604942624771703,1.5512516494406752,2.2650395042264417,-0.7273008017330811,-2.507175342838689,-0.6787657731100912,-1.5832782952633566,-0.8145168652227649,1.111663932287593,-0.7071765433476177,1.2376149514210302,2.390395058180934,0.370842365153926,-0.1776049747849155,0.2136521602832286,-0.9568557128807218,0.036921378831184966,-0.28951006522471195,1.145438199506993,-0.8839147455546754,0.3697744159887026,-0.850147953554233,0.9418814144631422,-1.2678007466788004,-0.7892146821865653
-2.68785346188758e-16,0.10456832744982301,0.5114281559602551,0.502644762518129,2.2143599516356685,-2.176356073003443,-1.0969278082880711,0.1471293105654785,0.2818171653522673,-0.01827661423865359,0.3667612686290985,-1.2915321050826578,-0.3775012181385865,-0.07720691102770483,-2.424886279599348,2.174819370566142,0.4374030205184922,0.2700018362916319,-0.3462124837852044,-0.11621077456034817,-0.28436017647701045,-0.3683702626456731,0.9239657655579744,-0.15650686778069609,-0.1604536861412007,-2.7471043972632616,0.03125326358576963,-1.3473605891126916,-0.6694364140433812,-3.2123879407251787,-1.8645829418607818,2.693689014118289,1.0001271642158656,-1.7894979988501505,0.5041453380842328,-0.9412419868468102,-0.44437266269112324,1.0489284636965304,1.9365196640043747,0.13186156866569734,-1.5010277294199095,-1.3651438636997328,0.007281294605365918,-0.8548079902846882,0.4607769429258529,-0.07420016618518255,1.8686402103653306,-0.9357931318227423,-1.9732158387264513,-1.4369255398979497,-0.5404771523877471,-0.6138509148120184,-1.0233525028432933,0.07236360923429193,0.2820218668578999,0.9304075171859885,0.8866190322321389,-0.25113045348323404,0.2597192429686155,-0.18575211801612912,1.600498673821661,1.0050027715760035,-1.4217036032438632,-1.0877549727362674,-2.4417996527880264,-3.3499945824109165,-2.913924684036507,-1.8984566217157741,-0.38942400895095963,-1.6773443173108535,1.3201463086484748,1.0334216096627014,1.4444145080078423,-2.262983656117438,-0.3701157863036462,-0.6886749106723633,-0.9280414469651093,1.0815393286703263,0.5722363195712531,0.6832210632492219,-1.1648696966549967,-1.6683506429799602,0.08801713751287206,0.06682892744538238,-0.5001726906421318,0.17200771443179225,1.4425462758944576,0.6532314044962739,0.24142500120627786,-0.3062065840188972,-1.6766158146880432,0.3162005814418884,-1.310601561036733,-1.634798581876241
-2.68785346188758e-16,-0.4325206033368029,-0.900997391705576,0.5573436911601233,0.14045601148105522,-1.24061358418676,-0.4517937564001905,-1.0538625918141915,-0.406729483456739,-0.7736126507332508,1.1929517896995636,-1.7211246116746892,-1.426309452702379,0.6469069958633894,-2.0731169837152468,-1.4886168128892685,0.831522988590585,0.1792010133982136,0.26603350067595666,0.061306632509484815,-0.672922431682218,-1.6253019061063738,1.6999123185861205,1.1551540864937961,0.9604509632754774,0.743707375645272,0.37974007245492614,0.3124864875039423,-0.30430543894697293,-1.0633429669353203,-0.29820895088382937,-0.09258261043652238,-1.0268693293667237,-0.9738402071921082,0.11034337552820939,1.008959432152908,0.6753450118022881,-1.3476318519521013,-0.5356879806008845,0.37098559911526774,-0.8873277129988681,-0.08521437277415789,0.7841426659733286,0.8384463702366707,-2.112789735885351,-1.384243030878575,-0.3916823764827314,-2.502665447601828,0.6396057246656751,-0.19871163748957574,-1.2742889884603519,2.7085572134631404,0.25351966600658843,-1.7390291535890503,-0.843396578247333,-2.0025074844711455,0.845686226800838,-1.1795264745117047,-1.4516813559494937,0.6588944291505885,3.0696102474745466,-0.8424196865964494,-2.1258438441608583,-1.6719709937152425,1.1878386927809046,-3.3356545267847677,-1.4309143365765469,-2.307188719852663,-0.015785833334448274,-0.005538983157319001,1.506270212849758,-0.3971303780465449,0.6959737132071198,0.9532572892049194,0.2547771382685116,0.6157877605087585,-1.1738727478472806,-0.08963884826044338,0.24840119261704427,1.129869267908966,-1.3456654312564647,-1.1191133513400247,-0.2982763446625495,0.25711714814237596,-0.8806743963449299,-0.40250112243021335,0.5304948044640507,-0.23001617590721404,0.040243792803063505,1.3312321880018294,0.18229707212778895,-0.5492503903391117,1.4625077888842117,-1.4140976495364557
-2.68785346188758e-16,0.5858876315310974,0.936573278156628,-1.2077241158410505,0.7295753905665096,-1.538739803865507,-1.6069540324890967,0.13389366725782426,-0.02818944963184974,0.31157308159323605,0.1964334316722093,0.020313814515180023,1.9036345067525617,0.018256053880441353,-1.173605872894114,-1.9850818457044708,-0.19599200900550118,-0.8602505158510626,-0.2919107724996519,0.7778325524768894,-0.22533252599461437,0.03384628564348846,0.7166729051827148,1.3196412731864726,0.25803107425495814,-0.10690806675958814,-0.2425836063569527,0.5260928183676383,-1.3512746226005181,-0.8127680712250827,0.253784150383273,1.4751297897010427,0.7028955240885887,-0.07993498785416334,0.32817390923157697,0.2758812736220535,-1.5060240283529756,0.8655721114550505,1.4555306723623531,0.255056902443411,-0.9683988399479689,-1.273540516121156,-1.3024617336562256,-2.2061405067780555,-0.23260427766067593,-0.2261855770744,-1.033823134086043,-1.2423170975328963,1.011960872684052,0.5626520071122099,-0.051277411329732986,0.19376961031098905,-0.37277279460980445,0.5363505165160426,0.5190006958335676,0.8990499985981206,-1.2169173328345337,2.062805335190067,1.297452488736078,0.3725830616158219,-0.7892571852188024,0.11899747167946328,1.4249653390921027,1.257019380248488,-1.3117728110136802,-0.44555403709620767,-0.32802869871729623,0.11697667604776052,-2.2061831309895803,-0.9596043825296515,-0.12911147357835806,0.8403694324805059,0.7451498844241096,1.8040008711851332,0.7330326289066771,-0.4254169966986714,0.28599476743861035,0.5347770491366495,1.0946128837289177,0.3175664870272343,-0.5512351714012612,-0.46427585257181014,1.1217426995668018,-0.3286550644508157,-0.7982653609401282,0.38683474729336254,0.13848413098539694,-0.07932391369315889,0.32082176269786583,-1.262554739587799,-0.9343257429297099,0.8181828239774906,1.156131003549744,0.12664468362054698
-2.68785346188758e-16,-0.89883798376978,-0.7561682017612142,0.18985262512243503,-0.07888139226504487,2.271020108333534,-0.32231083116779047,1.2177196285580978,1.117374429993848,-0.5286731158777581,0.460942152598385,0.08270803819763017,0.6752509669398142,-0.8638633771187743,-1.7070549095612715,1.7962937968040629,-0.49934448003327614,-1.4017644921995245,-1.7931891342398507,-0.1841356145586155,0.6451283680503207,-0.8480488302211371,0.07079900952127689,-0.2290721228790505,-1.1136028903361679,-0.2749145963688719,-0.7158697743168192,-0.260598847173983,-0.5019581032675882,3.7733693351127338,1.2404036067076052,1.1361397577245007,0.3627039576420794,2.1516710786932918,1.5380353977854062,0.7368289998466069,1.2646321764692723,-0.13074051599796033,1.5190549789252386,-2.2866924173546894,1.4646440260170075,0.521457918060026,1.2995076370827032,0.8605583759079174,0.43090166099364563,1.196718448795463,-0.27496560134459935,1.1912889795169295,-0.6058670584299428,1.057313460817731,1.581750239036986,-0.5483994268416994,-0.3904759121240821,0.5227540234707126,-0.02827367272575303,-0.16184345693913438,1.8077630415354689,0.7593486457701617,-1.7507746660068833,-2.77661173761473,0.45512218958208106,0.26042156965847363,-1.3677127278044774,0.7118237307647953,-0.8586404352426112,-0.7891619154928545,-0.6720518050444259,0.9527054155899608,-0.23069118057072005,-0.2575159375475458,-0.6374282492972635,0.16269448170450268,-0.33096669769193615,-0.3344854719562877,0.17016436028461937,-1.3150755858439875,-2.1476126570665874,-1.0085957749106138,-0.6675445704057148,2.0220559557498534,0.031200300313061535,-0.9027770743536674,-0.357189722964407,-0.7870830857935782,-0.17489924319643443,0.3452462937945162,-1.212597522370877,-1.0034269902750663,-1.5012311953400852,-0.5016640450538455,-0.39351952971929094,-1.7688796282062156,-0.5848037659908009,-1.8718469273401346
-2.68785346188758e-16,-0.6231447723497259,0.5233710189674567,-0.81472560189836,-0.3161840711797204,1.1348312894525103,0.7326782210207773,0.7743622950465747,0.4380525027271529,0.0034774765903661225,-0.08656739305796768,-1.5590348914051324,1.7688061901309937,0.967069740806596,-1.0942555142719348,0.5937498171025843,-0.04228519131970271,-0.04464523751040478,1.3408751771815257,0.5098179538513907,-0.09997534751236772,-2.1471371880630294,0.867586219168989,-0.43126622703826234,1.1542072906570602,0.8960051533892608,-0.21314673798655448,-0.45450691398811927,0.18778374578695928,0.35323693907056136,1.0078535766855907,0.08133355022329217,-0.2728137334018767,0.9662807392526209,0.18248152485210167,1.5237085679233817,1.4341844691507162,1.7612653963329434,0.9817239697351042,0.7258627934632635,-0.29858764145520766,0.12862252279971692,0.260541190748735,0.348866814569178,-1.0864028087834068,-0.14672756353861466,0.42134674192283217,-1.3762473255295489,0.989721489748423,1.448740539544198,1.1444569932089093,1.5692462258439122,0.9780821738628602,-0.4060647617863169,-0.1783366726519628,0.1436824291537766,-0.09897138518996063,-1.0901251400697078,-1.2789729121554378,-0.6923693364038921,2.1130739878348024,0.17793727896270606,0.02225339294256279,-0.13010500652838453,-0.029124851878323588,0.4937574617901848,0.28865003965603797,1.4302834886278009,0.3866444965379451,-0.30915843959119205,-0.04096313679089236,-0.04863539740178997,-0.9550898229953015,0.3162058374548637,0.924713230754769,-1.801869557006269,1.7289579377881996,-0.27209278247787533,1.0074739694027666,-0.8487874924965401,-0.4338831600062629,2.4155087492902845,-0.0011448777109140727,1.4290207754023638,-0.6025275273198003,0.14537809359596382,0.15442228378075823,0.2731671577357689,-0.45575939985126496,-1.0339643898780575,1.1685686349041116,-0.2857646375053826,0.8087415735161897,1.4384117292545744
-1.3046031469419848,3.1026779755387826,0.3821763737759575,1.0923218493056002,0.9727935496783231,-0.5025638601691579,-2.495137130719501,-0.535376293193871,0.7704337428612278,-0.3679401384572017,1.186784178526459,1.2177283981930223,-0.3218630691007448,-0.8171491627097259,-0.11178468860982016,2.2280357222959557,-0.07653450083852903,-0.3064922309846065,-0.33062137080801934,-1.5665938554305527,0.012994358363104141,-1.2961508449963666,0.8062867761344323,1.1456292781720525,-0.7592542681865683,-1.6240427299137998,0.5812195113285691,1.6211889871322214,0.8853323786263977,1.7572978446921224,0.11888273282229889,1.047990501683473,0.9125859559357706,-0.14074096174682027,0.20276957679205454,0.39757342565267284,1.045642881217055,0.6655052584883413,0.329300078600521,-2.450016279754866,0.6230780377298818,0.42358591474374485,-0.7125232476191568,1.168112177997642,-0.18368239281731868,1.2061474894983086,0.35107390284034407,1.8129656524496345,-0.2109320802603749,-0.22642241926664608,0.036955192935290315,-0.8315165901694089,-1.1377619240450856,-0.5238288796584387,-0.021994621452092522,-2.032110512859859,0.36347559384480066,0.1267419665718003,-1.8102941884823394,-0.9630461664307729,1.8460894068560658,0.983967546373391,-0.34379415470312175,-0.1560399840446578,-0.9269737339290574,0.5406059835981493,-1.5377037706307546,-0.22157645160474237,-0.04207258423409532,-0.4999978590749875,0.3011729996058121,-0.05159429951382022,0.397607643272715,-0.5029249517775133,-0.3896296500303519,-0.16644735938872068,-2.6365689914073003,0.6374859475946398,0.3010501907435268,0.9394828070441574,-1.2412521496337139,-0.15336255427238188,0.304422873750476,1.0304398248169209,-0.41523974666686647,0.25153982332888525,-0.839187591937666,-2.428042929479042,-0.26161300176142377,-1.4772657263044222,0.2640974147109862,-0.9000707068516745,-0.24894128966746804,-0.19994382085824858
2.9606592312046325,-3.4062106484025145,-3.0524145414191097,1.5963503098726644,-1.0738334290380733,0.63222110354554,-0.30112068806203984,-0.9700916174255776,-0.9950358009698195,0.2162901956176179,0.7006339982486438,-1.2992859957055365,-2.3058210984644196,3.101951631995588,-3.0813755170759167,-0.9628881263681179,3.724852332318511,3.3742467914924554,2.3564723767623867,1.0227421038835203,1.590137671371496,1.4368832259267357,0.568925317485053,0.17286771485416558,0.11509541747896138,-1.6533322443006433,0.6049888666711062,-2.513693911232885,-2.1124323929767868,-3.4247250527651025,-0.738560685655612,-1.1301926579389325,-2.096254564254506,-2.923924018319437,-1.151410576623844,-2.5918334575556434,-0.5481545241492382,0.43303984859065625,-0.6567855312113045,0.3895863130051407,-3.364761104001802,-0.5639856504188814,0.5465737409742576,-0.6417197579886613,0.6947834135868464,0.38586630592706,-0.7660702656419602,-1.009775327354127,0.38298288361665644,1.9551796043921654,-2.174162790225972,2.1885810869024254,-0.3513093857052195,-0.25144297172030633,0.013907058906809447,0.00324494115994467,-0.39411837281546525,-0.4221910308782246,-0.8831283866011358,-1.016468203321993,-0.5391834202475667,-0.6648757003856509,0.14602372195572727,-0.901488081845808,-2.9921516145349933,-0.2740417326777137,-2.6373287705203814,-0.046766954196665655,-3.09516622172104,-2.069526996345818,-0.40801653424037454,-0.5747492090544222,0.7122027123962971,0.8462909304902677,1.6203897660759279,1.2604283479902487,-0.2021005863358709,1.7352897706211652,2.120542632246822,0.2516415122207618,1.138141874823784,0.36962546001824875,0.024713744622707576,2.210826041896492,0.8730639518015495,-0.6426901380138835,1.000536922584171,0.8132664312291046,1.239428415085256,0.09450840586281639,0.8843753115051116,-0.18778673964139014,0.7393111244215316,-1.4475907800212409
-1.9091060524741272,1.9613227626767404,-0.6626826142246172,-0.875428834186846,-0.929289471448783,0.9542489847334155,0.5283721356385153,0.2486418703767806,0.1902425641182086,0.5635975273051737,0.954176199057293,-0.02024077161837956,1.7043547004684485,-1.5943830993788932,0.08253834669902771,1.85541626196163,-1.502784889470323,-1.5961530476820485,-0.23627700449870873,0.4049471591025933,0.06804039690386304,-0.5121605085286343,0.38473347444876277,3.6681247380922795,0.18274820957959836,1.6389688196044796,-0.008269547502414265,0.6832131208713869,0.222767709341105,0.15095806098711212,1.2044348211408502,1.1826438897250555,1.3071508419524336,0.5417746734252016,-0.16031822863427814,1.1099671447492958,2.0611534822020587,0.053857882973290416,-0.4658329882653429,-1.5264133070184158,1.9955536180299043,0.16010092066870363,-0.4618637453162513,0.42513268746312827,0.3094814068681869,0.9854419359283604,-0.24550825803808085,-0.3605001801695456,-0.2950423296373909,-0.015904730506312026,-1.1676077819271817,-0.2948919626433272,-2.4858714516141016,-0.683763908606347,-0.9910106012295465,0.23393439989469977,0.10368020802309563,0.13399372657235192,-1.0807166176588319,1.0559536763551258,-0.8931957047108744,0.07357473721828872,-2.142567755772217,-0.19278162834218163,1.9397210754763947,-0.26069066044766825,0.15163167288266266,1.152925817800716,2.2963547271565465,1.0027026656423985,-0.6501955289908861,0.28608687880789335,-0.19193737806342792,0.3248533033934208,-0.9377491759876001,0.9986818874467184,0.10239496559151315,-0.33876508885657675,-1.1771836908993305,0.20300209463025257,-2.014081377652489,1.3373143664240086,-0.740462915940372,-1.2376776880285043,0.10206891083654311,-0.8561216563571771,-0.17097502717522284,0.6244130388062676,-0.16094473936223436,-0.941214766018794,1.0515664093962669,-0.9060711559620538,1.4241780065496075,1.135158053829377
0.053514471167785,-1.015995570654224,-0.036175318086609946,1.467539573267544,0.10281990284343692,-0.9572088796494369,1.1668867339264348,1.3657822767692527,0.46863375811658947,-0.6400880047952633,0.9934933725185535,0.6837932539289715,-1.555956864818802,0.5413516945309758,-0.9882228931746834,2.5284686197598942,0.09582945124774371,-0.14575032897315165,0.4357198950120762,1.1757763379399226,-0.34243884706449323,-0.731394495378864,0.22649221797917973,2.2123075216144765,0.299299193374499,2.711773886319447,0.6089849053724197,-0.07287552275812015,-1.7879512158493958,-1.1505989866937354,-0.21260692768559974,0.0988844905033267,-1.099354643710689,-0.6297458192028915,-0.029481376124613712,-0.6202502425863741,3.195146928261968,1.6576706336574,0.5784857269416208,-1.4614585146305483,-0.11972357415362062,1.4312151362236856,-0.3864850792033847,0.07146933687155332,0.40144399775661754,-1.441044630337293,-0.5619787495310764,1.0481268780619781,-0.18731658508236199,-0.6206938106054902,0.13536280703738846,1.2997246630898018,0.5869307578404817,2.15377020456046,0.01157212669941235,-0.8446893876538192,-0.372390672457827,0.24161797689697176,0.5300145514487188,0.3298242636065548,0.06916772424397823,1.6554532427895885,0.42322626484866155,-2.007533086221446,0.7548111723519111,-1.0419555380954644,0.5774425091357126,0.9184738087266953,0.6693632141982278,0.8440546810499185,0.41281849268991927,0.40261603628092213,0.21853189626568775,0.07807416894820118,-0.8571190818987833,0.042048506607728686,-0.21541659499323218,-0.23171371261835094,-0.10359510748153138,0.09059191018607378,-0.5613070640201236,0.652171507446576,-0.26094098629636503,-0.5269804321691146,-0.01300516947868427,0.4994385231562139,-1.1899231497090177,1.190551795992148,-0.17962033444548436,-0.5936386577795212,0.8662163566487399,-0.5551580384997714,0.8972525853443889,-0.01733629484194632
-1.1461082786843886,2.47198563995983,0.8087637160511134,-0.25223792061407546,-0.3616649397033206,0.8448264447621864,0.015559034596782817,-0.5312727792785548,-3.645632643733418,-0.7017572518062195,0.4668234034753943,1.6792554518316387,0.3998808916324526,0.6196464855878556,0.2477421660365626,-0.6827882033656609,-0.9269243561244124,-0.2203538703104807,1.192199466067018,1.4853720362065475,0.13907296174363826,-0.7949167691010591,1.1792939588578697,2.3493002515414485,0.5071536274126505,1.327321242876923,-1.4403685253549137,1.5764978274740837,-1.5512170597660773,-0.5253452067664429,0.5756472530634918,1.2838593164082952,0.7802639367450774,-0.9425352440475243,-0.9354663938665675,0.5791964573838415,0.5804053607075454,-0.7918307369988049,-0.3971122011379096,-0.29959303551535355,-0.7570879241551834,0.5656913979116834,1.636427107537552,0.6154841467463577,-0.8995120489848073,0.8947576165145128,2.8175095353373134,-0.7293350613388379,-0.8899617473523282,-0.06154107975373979,-0.3286799466786061,0.450541436627339,0.20357355444295427,0.7717178350177274,0.5273770156583778,0.36919809879186716,0.4119859363551166,-0.11311242921962632,-1.568355200442252,0.5251288202165314,0.6859117928922538,1.131934829358117,2.025208762406364,-0.8304979136491991,0.7760783388688356,-0.31102245018284475,0.5065646602449582,-1.1875269494926537,1.1283548359935769,1.1311277433894023,-1.6628002203388295,-0.6308667438035254,-0.8437774058416824,0.48528739448638536,0.43019255821293634,0.256627446272358,0.5857463335545224,-0.3484801305285144,-0.1253577546160206,-1.0692862807343209,-0.12478822862771688,0.4558253569342724,-0.6636473866724216,-0.8585988021883705,-0.18194674763558022,-0.7162121831784115,-0.637900103525503,1.203841312534537,0.3946754035716533,-1.400273516626297,-0.4283228705606621,-0.8240279371004481,0.7284661654845019,1.408341548326733
2.7555112061338565,-1.638097788840995,-0.11283444323452266,1.395604594327156,-0.7969573005482602,-1.265989506488089,-0.30140739068867495,-0.8918028928356622,1.0109756902433051,-0.5412498921938497,-1.9359108244571535,-1.179325096003944,0.8667061720211979,1.4924292734364197,-0.7673918965378347,-3.1830745680283528,0.8087029389456238,0.6423044217982432,1.5283917690380084,-1.209462958746208,-0.23666962482471332,-0.21053664181015128,-1.3868881247650866,0.30103618930931064,0.05413320184927926,0.47485876441003777,-0.943361332825039,-2.2211277941824585,-3.1073724905304863,0.050968255869728495,-1.759449582413201,-0.35056496420153693,-1.368698356409559,-1.8092876840117778,-2.666984186719754,1.1850515330450238,-0.9908526553302247,0.4535272159655349,-1.5849472637667918,0.04207528856432441,-2.2768192986222067,-0.422623755136616,0.3021045722600852,-0.08413501017646434,-0.2311568195139536,0.5123308694682885,1.3649984391332757,-0.9826119749996269,-0.7448179520040282,-0.35725945645728513,-1.1386236060182406,0.060141839731556845,-0.5211253468148429,-1.9634097886860538,-0.35705409518074216,-0.816258890140986,-2.0156307351971847,-0.2929372591185277,0.9735591289776051,-1.0552258281444342,1.486623770219418,-0.3812998459679996,0.48825965691005574,-0.5180304465362712,0.5584335435551833,-1.3603182301568413,-0.472349626826593,-0.8866172961720106,0.12890286111076987,-0.053754587776958185,1.3709053622428284,0.018613970152471238,0.029601051048397498,1.0784748021301245,-0.2435297995524739,-0.7785217435480719,-0.30630478865772476,0.48735935486935994,0.7247195327049607,0.8876719761844992,-0.45008939654315694,0.03278415889943969,-1.879562564853511,-0.2198886173365792,0.1680062570019326,-3.141170696699415,-1.3020002715403642,-2.1563152737054745,0.40964387745338343,0.06377436867655457,0.9665452980724563,-0.8113442338700978,1.924718033426195,0.2595589503231912
0.1364598332881906,-2.6655687647569124,0.4838899100015713,0.03527207216687528,-2.1916246332223985,2.0700941278338623,1.4570196750015505,1.1481786249335486,-1.8425942657251975,0.8202666564178311,1.390217625483444,0.8218890143342417,1.2940045898000043,-0.13008907797915437,1.0793367461751293,-1.6313863181871404,0.8935161567381873,0.5914986709901265,2.5477814852109257,0.4635784230274384,0.059895434046105256,-1.1480010068969515,-0.5852131743727855,0.7989539703790938,1.5231783210986944,-0.25777271364312204,0.31707380529458234,-0.011316948188661802,-1.2379093118116586,-0.00039656859861738535,-0.035713043416873036,-1.0400301476519491,-1.0380852835249614,-0.5398374049273601,-1.7449947900035059,-0.047155107436215156,1.88452871012589,-0.24706060773876745,-0.7895094429805929,1.2533963003186641,-0.8896054600073895,0.9254550035745438,0.16106983213226173,-1.3284336894726234,1.9469986371139358,2.6309755093853364,1.5193330605618134,-0.3844029946120261,-0.9087297473670534,0.15608160977535668,0.1914824095232064,-0.2947011370636255,1.6839141407219684,-1.2234567651007842,1.6922906051975086,-1.2898887518097368,-1.949377875715697,-2.893549470767246,-1.8165913870361388,-0.13360536516943944,0.951340132833709,1.5809366870732329,-0.07971313009941339,-2.161893534933965,-1.315562066760437,-0.07266227510702106,-0.7823454299926452,0.495671121937406,1.0384408793009139,-0.5142963995959516,-2.264521616835645,-0.9943718677314,-0.18234765703816624,2.3861899988605604,2.6132429525873127,0.233739671681449,-0.7197224896637243,0.7018980287885224,0.3282959189814595,1.2170555911887666,0.0075371347410487215,0.13179414461696842,0.991682148398698,0.021497277565668525,0.4413150761433762,-0.1296868910585527,1.57852762527141,1.7666732186959528,0.26258228319923105,-0.23588043075212572,3.452633001048914,4.001067927604565,0.2642396647105633,0.3669341774547328
-0.8414769289222834,1.3883763024357911,0.3082960754731706,2.9966871740434557,-0.966821921661108,1.6899454140136636,0.3652864299507148,1.6622059908246754,-1.2069648824395007,-0.9705395782876954,0.676373429965486,-0.39939601128896385,-0.1566661784453559,-1.1063989127504434,-0.5860500782544995,-0.8749321533416812,-0.5231848020020823,0.2253747817263549,1.2639467714488766,-0.5776743591820475,0.5485761530520041,0.7336377414391457,-1.3783078086383234,1.3002012083556804,0.9776139588555128,-0.931506324644607,1.7846194841272829,-0.5395766213499835,0.009825543358653044,-0.05145427836908186,-1.2169039995951714,0.5539853356786069,-0.6429940496707292,0.7262714952222626,1.7687270627311258,2.0277645997174605,1.8324588538420257,0.7420491223681139,1.3124667166474269,0.990278444153057,0.6523407393609798,0.14287437054949947,1.0914628415896124,0.6346956526342121,1.7427117050270002,0.9601629737604598,0.1826658049445474,1.382217493031759,0.7744467987566611,0.9709201667254765,-0.07962771736715825,-1.4498699126717716,1.4088053633855462,0.08234534979283581,1.5225502478405164,-3.129959743815976,-2.836853535535912,-2.8210870179489973,0.38544529440627484,-2.0711398641664704,2.2965372469033234,-1.7036736733423137,-0.195382755159081,-1.3666419224288946,1.2218478899316254,-0.5437162510473876,1.3739255138207827,0.7390971554030061,2.222620516451974,2.2807554862466715,-1.5936236409297695,0.6439793684989924,-1.7946445229324843,0.45779330921141115,-0.8923273575812456,-0.6315997027092257,-0.8490879242901794,0.2561080552690041,0.9185195520207337,-1.2525715232110393,-1.5373599273587129,0.6010966463896366,1.329388499141078,-1.0168765844501322,-0.3168094395492542,0.37467041306578297,-2.8127132391291694,3.2498473332984488,0.6287524183974422,-2.3580201819704407,-0.31588554313210904,-0.6760924486314928,0.8383019062041039,-0.04408179203824525
-0.5087396317433078,0.7274533355029088,-0.5512547215574468,-1.2631162033317795,-0.6670751612236168,-2.2742369711247044,-1.4721941211727851,-1.8543330271564762,-1.768260624175952,-1.587919786729717,-5.772690484346855,-3.685397955654908,-3.372740284330506,0.511932237705276,0.8639458432431413,-1.5360518003981283,-0.9621144154232824,-0.3853886477194292,-0.395363160398332,2.0189578707011853,0.016792537565216925,-0.9503717496784705,1.729180669460938,-0.3874736746108951,-0.29861603612846355,0.39483137786726274,0.13060054988237532,-0.31110999850676985,-1.0041430518098073,1.0168112740786963,0.7456044231175668,-0.7977142718548381,-1.1406032750132586,-1.6099727122514078,1.2511061288787966,-2.454850749557849,0.6666127003655116,1.2988908608792644,-1.5072721404397216,-1.595802150062151,-0.7657918447343983,-1.9536714319506263,0.8643707177970462,-1.2678535722561661,-0.479132520895005,-1.9838483142682426,-3.8304708068157507,-1.4186525813266733,0.6855006292297212,-0.18186054633198478,-2.737906866970531,0.35151779083257684,-0.8986396092686659,0.21185781672285142,-1.274058517130345,-0.39564014221904986,0.7685045837348626,-1.060365764965165,-0.07581292908602205,0.3264592518345526,-2.5005617235597666,-0.4199373057363617,1.4058340915386618,0.5686844221812979,-2.077050487735908,-0.5168212479413895,0.5251266874826048,-1.4746947814660853,0.8526252921191425,0.1899640828111604,0.8448031639814089,-0.12863444055669593,0.2686863794367523,-1.1418041122049132,-2.660421767282837,-0.5579097578132259,-0.407641766745609,-2.6157226821695434,-1.4049124943754434,0.6602912814953363,-1.3409081172235766,1.1051480156711813,-3.0992476681905656,-0.2746884623817814,-2.1587721884168163,-1.5925241856022727,-0.8777938710419217,-1.7764652209491099,-0.08481926289842263,-2.5516933177551246,-1.1301831349955833,0.3590326948127299,1.3770289734694214,0.26244284872670454
0.7483110570633911,0.0025188842449873627,-0.16751070599332588,1.2358987007190074,-0.6352723706914886,-0.5713962063256876,2.4873953012312264,-1.087090708045096,0.4415523782804601,-0.46978240007432537,2.1189394621504167,1.3055530885650035,0.9435222595830205,0.3842346907253366,0.7252250854216877,-1.421192120175093,1.2510329743874378,0.5628871581577432,3.055778902381407,-0.27795170572228567,-0.22248218862370434,-0.21735463655470877,-0.7970574655576781,0.7780271355235227,0.2652235629221785,0.5804727228255526,0.846292069150764,0.009326456390485682,-0.8134179760314558,-0.003330701707687281,-0.2185470702780299,-0.19409014098718125,-0.5678218421118623,0.07847620320134349,2.223337773359098,-0.3908820779697127,0.4099930874529947,0.4980933348632357,-0.1551749259959152,-0.028668801241046205,-0.2590417203418779,0.8304976058163458,0.7759466077027005,2.7597224975026853,0.27262999204343025,-0.029088517071433895,0.32025106803698167,-0.20176342387136348,0.5343649280695242,0.8378232058383441,-1.5962147297595768,-0.5225799805474749,3.107207755505381,1.3918654905977301,1.4562164502020662,-2.499983096138403,-1.5752653136560564,-0.23600249768774484,-2.1860137072839976,-2.2582595634869387,2.4143359155650934,-1.4727762216707925,-0.6909269563959389,-1.4962683732199846,-0.8001789529794193,2.1591784248685455,0.07163804577734012,-0.7736254590652868,1.44581443561756,-0.3645675416367926,-0.9459964726885379,0.2512006676597597,0.14370008572354165,0.07408330958702414,1.2815790630144654,0.5892985164114769,-0.0186298895681922,1.4191636935416294,1.9876347639280558,0.09177148857193387,0.3723135359127666,0.9999361145294917,1.8197475870916464,0.05003144210231822,0.8983232619539309,0.12598202207995113,-2.18604298982572,3.009388928462062,0.2067648664047653,-3.059884361013173,1.0591707972433384,0.6188721641969842,-1.7223753480635553,2.0335242502302804
-1.442599977584606,1.4282521191780753,-0.3994260537383185,-0.8437445266291358,0.3435761130393218,-1.5698454964781772,-1.6542136886850143,-0.37068033854705806,-0.6368581760359011,-0.5244193114623131,1.6448896557454769,0.3200490698108672,-0.36621323227206554,-1.6269627848278398,0.8046463809395796,0.7946155058964863,-0.5907980946994283,-1.4634768599065038,-1.1943198007684335,-0.5215838719053343,0.16952373418790184,0.415835950026768,-0.4814397143754125,-0.44496289792865285,-0.8718019106270444,-0.6862159389679774,-1.6358002199045978,-1.2081895045507913,0.8471273820325367,0.7881800848767088,1.6164979393434162,2.4885906419378214,1.557257916033123,1.2938312348087442,-1.3167306461273673,0.7396489869092897,1.1334754796561817,-0.39124164505928044,-0.1410971857525951,-0.04795796715630088,1.3214965657847595,-1.2121255478215391,-0.4039687460542144,-1.9439792863207632,0.11143328221303074,1.3685842214173936,-0.02488349866683609,-0.08278271024757633,0.16283793103317107,-0.6744581647824188,1.2498451868249334,0.5054838394796415,-0.2611570541483039,-0.6510861312027626,-0.21054564601095543,-0.75022291978159,1.3246372961322257,-0.6535753733732181,-0.2075162872613754,-0.9999388920137758,1.4810765397110135,0.0850465052413798,-0.2512537992972981,-0.25608826251683386,0.7360172326159082,-0.2836371631076998,-0.3772193454265384,-0.1385612592514759,-0.4819490857275751,0.5245028907009263,1.038258767580921,0.23167539082892957,0.8763390535554996,-0.08034015308923433,-1.684759791566711,0.3026407263695975,-0.182554293476838,-1.4446769355263096,-0.14453200077682013,0.00952406378063177,0.5596779556111842,1.1761573141586805,0.1531882984266966,0.18703300837728293,-0.9529659519660822,-0.24943300753565428,-0.5098133272935316,-1.250488417036107,0.600829524873818,-0.07493052815930984,0.0782618061436321,-0.37041880082500506,0.30380954764780094,-1.366728961682157
-1.121596884217414,0.5181707334566126,0.0002928038122194229,0.7386641079237246,-0.6157033285845284,1.4985272336917888,3.1508413206263413,1.6993554442648677,0.40701609993096666,0.8942151264780953,-1.412089848813421,0.5342932960693293,-1.9266819630251657,-0.4566736142079293,-0.018014250514719363,-0.777274066066024,0.4496994627444273,-0.5151467271229764,0.9691118865403183,0.6463198648384877,2.053230489866931,1.243859517828967,0.9374922098198833,1.3985023930719318,0.47017939191422153,1.4378235122433314,0.8882758081588423,2.4690301715687837,-0.4028329510982756,1.2071961561352746,-1.1429937353969557,0.886764992993345,0.6119134724906719,0.557791222151373,0.7873676222038695,1.576252171217622,2.5651502285865853,0.2169226641717486,1.7110344587001172,1.3551600933364905,1.401825919514366,0.6500085769039752,1.8707583736153532,2.3886594442437112,-1.4725049795757894,-0.33200844750838643,0.25489710248138603,-0.8500057096666799,-0.33991991633379837,2.084507852934861,-0.47802683526054096,1.6361316102475065,-0.4898527508388144,2.65000346564151,1.7282505514952629,-1.929441622712953,-2.1909445367184572,0.2732123930880759,-1.7109760393270077,-2.2180434438433188,0.6739175442964886,1.1597354872145544,-2.720815161478388,-1.4335167060548812,-0.18313839529330794,-1.4253398566191946,-0.9637334946292474,-0.9628387031253907,-1.4104998186308548,-0.9133663383741801,-0.27587254151742374,-0.9190298432440838,-0.5362432250764197,0.44455399195433226,-0.3214124277832391,0.7161260572939933,-0.4499888139515166,-0.49681178389456754,1.27238588780874,0.34850773874837004,-0.3811459811928382,-0.4826504295307951,0.22342309765423374,0.8015401241587257,-0.8240423755984679,-0.9031206904971265,0.02204053456143229,-0.28168171741537207,-0.307517919308075,0.45247746511720566,1.5577665548378787,0.6998614332226051,1.2963793368129415,0.2543611608266968
0.6336809679738544,-0.35985455315642845,0.5956636973930381,1.0949522049260303,0.40887095974733406,-1.2194123200301599,0.16993672201670934,-2.0288853130758335,1.2284980567002928,1.6049105641319361,0.912005650238369,-2.104511176738107,1.4849228683051676,0.2691667992310941,-1.0524716001587162,-0.8060262198662194,0.848171165219608,-0.4873515937735553,1.4460021375529262,-0.5289363363609823,0.035861680154856024,2.082486889118685,0.5948391278631041,-2.1377227406781807,-0.47072961896932675,-0.6511430966397145,1.3908787839029881,-2.26515293419842,-1.5504567302056085,-1.114098875355095,1.1806008226305615,-0.7716723361006219,-0.5842784247045955,-0.2610980696324646,0.39509392564613877,0.979536205521796,-3.444838135697426,1.9454196775987065,1.0687100334855746,1.8794753179638954,-1.1544957856221194,-0.44816533644119483,0.9043198280418944,-0.449753902797045,0.40166978204057496,0.410141170402652,-1.1412798128620514,-1.9942440262807808,-0.7187837504781035,2.252456279938097,0.06018917948019464,-0.3581781356340497,-0.6585358818668998,-0.626016681613951,1.0478116326987221,-1.033253324333831,0.9243871375332045,-0.49905039851812694,0.39725309316169766,-2.015296720003166,-0.8439782708382624,-1.7267012386481801,0.4140070990880933,1.0195328464883813,-1.4310658590523009,0.5709009956080582,-2.7774541161356963,0.045314936772707703,-0.2988441005121292,-2.2537178708033636,0.5279249232958301,-0.3467892501856651,-0.7464004008172583,0.1777179208496794,-1.0480891009790183,0.8389080161707927,-1.2532379624947845,0.7639244590220575,0.24079533499892064,-0.3245201702234102,0.14822847456835708,0.3250901284088433,-0.8276292169991145,-0.8267464982256417,-0.5221128072157318,-1.0697926138721165,-0.1349431745723082,-2.343596523883358,0.5658418915582989,1.7880386652718565,-1.0318398014122114,0.7369711123659426,-1.1369301672678365,-0.6537528461416713
-0.9933706409522624,-1.253568063493769,-0.4096511922875425,-0.3451687771233318,1.710027426774046,-1.4479616129306072,-3.295235468729874,-1.4571731653913205,1.281295374113556,1.0857154083581613,-0.8497931336921551,0.2563650452945628,-1.466100781236899,-0.0815220690256665,-0.26021110267213043,2.5019864558450675,-1.49522868233725,-1.5768175657960923,-0.7095113789412729,-0.45370980541405304,-2.5192034989485315,0.004939985363315413,-0.21219345901089037,-2.857254685779386,-1.110049907194933,-1.175120323640769,0.5275130762628457,-2.8993184868415556,-0.2329001979510425,-0.09998174375893251,0.40244238634022983,0.008993641386468729,-0.6138924031668241,0.7490494906371714,0.05839297058349535,-0.05728294377212212,-2.650997504208467,-0.04839176309306886,-0.9092335026843984,-0.8490298715863247,2.058745929638076,-1.371009880839745,-1.7817918699889566,-2.89146736080189,-1.0178999114461162,-0.7679803442375948,0.344452432069128,0.3249973187190982,-0.8003746817080244,-0.6118511441659644,0.140870996522018,-1.0982703670848952,-0.010845533989477796,-2.4894571648112525,-2.584403053746418,1.5558307680368006,1.729807574994922,0.05843429009012113,0.7464420725451946,0.005081522906953184,0.419979674575782,0.3563198628782468,-0.32086302180376547,1.4659816366255571,0.43356808632440547,-0.036622611889844725,0.3894272951067294,-0.13962293173637164,-0.6458805240167654,1.960052672783117,0.7326057811209272,0.3299172723265779,1.183650664431845,-0.7999128568666145,-2.4313709186459924,0.6533048464727664,-0.9923486969238405,-0.8342608753078515,-1.5332335882048975,0.5435689722948217,1.0873911899175883,-0.43692784492758413,-1.071594617786247,-1.4079844060667215,-0.4370391233025087,1.7643201361950445,-0.5835017489656372,-0.8022212413180903,0.3041519845053408,-0.332889028544187,-1.8386639571833643,-0.9068276718712963,-1.8028337691428808,-0.57052943475167
0.3337672174760052,0.2394395540993306,-0.624149481079558,-0.4572343318431906,0.22492743335728838,-0.9135677587066691,0.37169580205414177,-0.5409092182128713,1.2158123529809655,0.9253736968578985,0.7368619495950977,-0.4781706551803325,0.4993975853765883,1.2551603580337285,-0.16499282981017704,-0.09223974755776532,-1.3150248806527172,-0.19127598133108298,0.5616441020509,2.220629966012077,-1.2104567038202874,-1.5359918516301283,0.5975563758281035,0.6546263894935818,0.6007124873993848,-0.4867107085308652,0.1834999403239322,0.6615568732073603,-1.7228233553241241,0.36481568325449104,-1.0868419161519625,1.224575906236707,-0.04930951875173206,1.1078033451200446,1.2753296989478597,0.5646776926629071,0.7206797858230412,0.5434231524573018,1.9896553581356626,-2.825766042980887,-0.0404513813789269,0.8994661689103498,0.42575522573128294,-0.4429684286736093,-0.44211619242714617,-1.0998769247328222,0.013769635314872797,-0.9497187998387718,-0.6308558428441882,-0.5862196930574394,0.5066813457872745,-0.5995360390279767,-0.4241377032585093,-0.8432656435433783,0.27035197601756267,0.13715954509627448,-1.0967074548589233,2.032568175435491,0.5467414875254337,-0.8760184618640207,-0.11860118576345455,1.9906927336550737,-0.8797789704037733,0.403327367810895,1.8886267161414894,-1.722347482392788,0.15839300307016568,-0.3324154641003175,0.3046411198027714,-0.06771735383194488,-1.2264616892466327,0.0727567871834261,1.5150418536210974,-0.6449559390840782,-1.65311500816388,-0.798260955522976,-0.957932607015272,-0.7181399145862954,-0.630662160913629,0.38168374065845423,0.019231151556394377,0.2822679334525314,1.024129149017085,0.017895820570907568,1.5400986550134617,1.0170762157284423,-1.0393253366812438,1.5122728099331226,-0.3097193060190654,-0.12471504662690555,-0.3674804213654534,-1.395871835512134,-0.9253624583905973,-0.0515652427587303
-1.566311959241626,0.9649039286428377,-0.04716615102778995,0.41089600751266453,0.9899199781845225,-0.7759280979494217,-0.14862765597981287,0.19127859969938985,0.8565017580692209,-0.252100017410133,-1.5672744243389776,0.29975691192535636,-0.5276064245582903,-0.9716094997855738,0.31129584952424544,1.0404624534543938,-1.1441673246746793,-0.4731872661474785,-0.21906009769401208,1.426913479642391,-1.413415618046498,-0.9078433663035788,-0.1830324492550453,0.7074970320120201,-0.46853709642797686,0.9474998399190411,0.854612900795225,1.739450538978113,0.4988902673492891,0.5051682143854092,1.5868715388158077,0.9705365440472861,1.107609438431005,-2.3106498109411477,1.0289052840737896,1.0391970789257625,1.2101075067903704,-0.40510998332581677,-0.14634349153794046,-1.496635343421167,-0.5071802513104973,-0.5390236863261141,-0.27879273199417703,1.620711387793708,-0.5674516338755257,-1.0976287056765799,-1.3205560030999683,0.005525803471065495,-0.13311557234943172,-1.883376656866064,-0.046773815055551574,-1.0145375213653027,-0.7679637427760272,1.1109954318081021,0.6106388510996097,-0.2120136540110897,1.3145295435503348,-0.34114339704900254,-0.32032687582626923,0.428807436661315,0.502642222889107,-0.26816508105233633,-1.251609274380858,0.1977261954860757,1.9296326859025115,-1.3346381292921048,0.8319064977061211,-0.2823115090203516,0.7941918599238097,0.25285136809495157,0.09399490121186,-0.11768339143394962,-1.1953223437642417,1.4147150082490083,-1.229866281671158,0.19165072354479729,-0.11629535256102372,-0.223010934494562,-0.6166381272138004,1.537778073054931,-0.1939507456001755,-0.5928638184740535,0.7799553304270652,0.6718829742306082,-0.6478594346316121,1.5086388414009444,-1.5202394475759715,0.22168092313844567,0.4347109379242726,-0.6699033334017835,0.1553982482530685,-1.2763198127936533,0.3989407471507087,-0.3399572740233028
0.2396090351086469,-0.5166431966017399,-0.4760919611283063,0.850224300744721,0.9293363089630209,-1.8041288261759347,-0.08371595096381182,-1.049272435757327,0.5682806193614149,-0.01662034524785838,0.40025215781601264,-0.3175803124099089,-1.1493085000604017,1.465661877283446,-0.692941805881699,0.5100660128368786,-0.06541253884130638,-0.21214960688931606,0.38537727671997396,0.42196793725760834,0.2930718657590903,-0.634490230598031,0.634264250952675,-0.11630967120558161,0.20271732258347305,1.125954955468019,-0.3020548683947544,-0.843031976504392,-1.418481369621976,0.6268902073275422,-2.1964750889324884,-0.13850880603371166,0.3720164952533349,-1.012784486708311,-0.5855211235827754,1.7091796257134422,-0.21063319873883318,0.4350547425864012,-0.030118350873733324,0.8612746097480712,-1.0745006018282566,-0.7097609638750455,0.10882234459748402,0.6554215859688086,0.25203951267730273,0.5507462158965022,-2.1431279009093402,-1.9159797337627082,-0.9031615900935096,-0.03853785408390096,1.1700299668746483,0.12427591776189051,0.4876027873417419,-1.35374987830799,-1.6254358037738013,1.1995788508497545,-1.2980216025516471,0.7487809359893204,-1.1677389774012568,1.9701492828626865,0.9536131168002688,3.0085791658285244,1.5207068624473332,-0.061728892845334435,1.048269033530795,-0.2186075869307436,0.4193800372673635,-0.6678798838566515,1.2025876947204315,0.735869009135343,0.3993915415346499,0.9935286367317249,0.6396055220989204,-0.8870824320122168,0.350552647266944,-1.1005046014741473,0.8191707277164223,-0.9696085134315746,-0.11217788685533842,0.9532447759245881,1.0477845372879917,-0.28344561097805204,-1.1561829514654558,-1.0500145219831634,-1.8139516679012853,-0.004011307955224863,-0.41282956788753655,-0.2729884184405733,-0.4144819150135047,-0.1784721295436204,-0.5015896594818524,0.055295897090990975,0.949428930428577,-1.77515571289438
-0.437798627852603,1.2682282973477403,-0.11340899669153841,0.2233533773095499,0.19390379493340204,-0.2536555164716361,-0.2879467900503944,0.9624990962521212,-2.1314295062995723,1.122750508745018,0.7408896486587758,-0.8945450267901656,2.0117057962225626,-0.37720341128747253,0.4194162853738318,0.6834918889037491,1.2296014009325609,0.8291001627742105,-0.179898258682891,0.6509505450241836,0.5411698514147667,-0.05359511730781415,-0.465270782376883,-0.7982416259179201,0.46979734532645206,0.7040089659889273,-0.6286631937857622,-0.2734155481787075,-0.17984653906335757,-1.0375484602293759,-0.5562041844585954,1.706992178060503,0.7971591428335193,0.9938539218635152,0.6082027990001627,0.07498185066911783,0.28004596110609925,0.8840543392310062,0.7056683305916813,0.1875485189747163,0.6184160565308278,-0.47612901849323297,-0.20110187179995836,1.136420680537705,-0.5383974741353488,0.20382817001519118,1.9660043181999254,0.03132943334290714,1.0565006841603213,-1.1190732044480551,-0.6788657413017494,1.9457109903484926,-0.8608040783088466,0.506608179233378,-1.0553069742120877,-0.0599067067586021,-3.3435377529685466,0.23153941335489336,1.3127204084435715,-1.2610957308088941,0.5658638347265046,-1.7399292381113811,-2.4848871265095394,-3.095827890058063,-1.3331025616433947,-0.5256587088743342,-0.643798267447131,0.9630030292819092,1.0709006866760677,-1.4734035605756775,-0.7447397643451895,-0.7648604297845564,0.3357820858915172,1.0854911769466675,1.4574435958734697,0.2577767058085745,-0.4944553011540388,1.9499226257334148,1.5931139043734381,-0.5491953350871831,0.062316574647025225,-1.0679021147538708,1.6667338149499287,0.6957065974973228,-0.011787177640840918,-0.013944042621014285,-1.1775572282716666,0.5115851043046761,0.06966121518016638,-0.31362394489994655,-1.4544875243051045,0.6082259621261201,-1.2697693583029903,1.073043128407364
0.7965473564956372,-2.009832749119951,-0.09821307404722858,0.41413129478615623,0.5047415702680617,-0.8816457406484908,-0.38476916455221327,-0.29187018545319027,0.44518477716510585,1.9948071677491073,1.238884773471569,0.22690245853175695,1.2292650434730492,1.76714756834781,0.6265129822412951,2.2681143340082155,0.32320442734028887,0.9060697366804632,-0.7484212257376903,0.2472128066839609,0.5343461051616628,-0.382649517512219,-0.5184216914371413,0.41183286262866714,-0.13283149187919732,0.3361658176661224,-0.22023258991470507,0.5383060774375549,0.01086037802521006,-0.9983824381539921,-1.5110492256378576,0.6454662173833968,0.10253170170130754,-1.7128090660566668,0.721691835987099,-0.18003641726141806,0.3413442634001525,0.3034872549889345,-0.18554743145010816,-1.3469893213725965,-1.130796835318757,-0.08743882851960302,-0.5863942591861598,-0.2701217713068823,-0.09774969039800036,-1.3986220393629838,-0.12301319709477657,0.717048553916171,0.970964094336883,-1.26998943213271,-1.9986722408973123,1.1553123765201228,-3.0287291148986646,1.2757324343434848,-1.5632016498450636,0.31757930761386843,-0.36890757076965586,1.3860353884282446,-1.1144035143469377,-1.1731334226366579,1.1853618576059413,0.7112086033930569,0.33969489504822337,0.03574299222144117,-1.021951355162804,0.2957893126889397,0.8922935618398793,-0.09507404065423036,-1.0275772684121143,0.04675317103165,0.387753026107349,-0.018216105743811273,-0.4746745045730132,0.01893096158696922,-0.5798943623122389,0.685800792924576,-0.3149415700831848,-0.0328806356969981,0.7297155376129295,-1.3737445660349785,0.2575712790227979,0.4233011118902285,-0.09692226263939037,0.011539799053350359,-0.4707819738217822,-1.2340994901480586,-0.07665900105215759,-2.457103617004225,0.013740462243941189,-0.16364942086556178,-0.2672422039780604,0.6355197332224586,0.09875106982250698,-0.8894558079843016
-0.9683835977100828,1.8260007620155676,-0.09804868730070578,1.0301493359517593,1.1167099410940136,-1.3200196498035819,-0.2877719000547677,-1.5873142770436917,0.12446225444373465,1.0014131738936194,-0.9051049613824855,-0.37198702837690806,-1.0380499807697081,-0.2642812728800272,0.8523745574304474,0.5833597169414136,-0.688637291076009,0.3751630494689787,-0.8064834143220605,0.8040764729032315,-0.7999333064160384,-0.5261218952734538,0.1498551748739371,-0.9797856322796861,0.058307197085718215,0.5227291039518748,-0.19546628194182056,-0.25285367938316705,-0.14050053070807522,0.4152746025216371,0.8113357365892266,-0.44923252888767373,0.37587339485393256,0.07168071189554981,1.6215023710237393,0.3087942715005596,-0.3377430550844209,-0.76973331145189,0.5597336892905296,-0.0835656710949716,0.48242408669837633,-0.5097280334366917,0.07242406268146369,2.0670687685186744,-1.2113606188740316,-0.9707996001405517,-2.3905291400328847,-1.4699673349596496,0.06336613141169928,-0.09358848971398409,0.9084008391600327,-0.16530271665354812,1.3082095615055123,-0.4567536707251582,-0.7914393607568888,1.6013963998980962,-0.3842940883006447,0.685007531799803,1.0267931255335185,0.9323598383387288,-1.6196662672282347,0.7936904363701438,1.7455723989475151,1.6897009591686125,2.12714188770175,-0.9279799312419854,0.6894115352238264,-0.11388755718071975,1.0926348727436959,1.5584081650529678,-0.8365029784782755,-0.4190687545334593,1.4595117375852638,0.3811537491557969,-0.6935220314262656,0.7347337799842726,0.64545383439526,-0.2688190247075307,-1.121642207276146,0.043891552448189666,1.6953831049550816,0.831438485755521,-1.554079799738071,1.4708304815431128,-0.14504777126138835,-0.8262310074109201,-0.48897293748013687,0.001393552598597747,0.788825318303494,-1.4094407400046685,0.40210040782772627,0.30508546505536316,0.16550044477226486,-0.30496147689843744
-0.5882410782149261,0.36525586275708055,-0.17129080823852458,-0.2937968094824168,0.9517739085933349,-1.9327124814154746,-1.8661096743324301,0.31759404380064593,0.09686461537154595,0.06193364040303828,-2.730864832226259,-1.1490936392805204,-1.427752627207569,-0.9194141182997293,0.3469526227232928,-0.6859174687001155,-0.06770518381347065,1.0741365533837544,-0.41787193547576007,-0.6819451664289657,-1.3976741306951124,-0.6742647363330388,0.005702737873601524,-1.2605457138259197,0.2667509824162732,0.6436143041072153,-0.31735408883146426,0.2223110947096081,-1.2214064760213246,0.1810871281668874,0.5351441110134455,1.236996976130592,-0.3009808809792049,1.027810550902555,-1.1048772617158817,-0.5880517871613694,0.44949848597410824,-0.40761366017232936,-0.6045627802415796,-1.2614594109833874,0.43920131798563083,-0.6052829360617956,-0.09427605782938331,-0.2593345244818374,-0.022472084337061937,-1.3487643468047463,-0.81662551524473,-1.7711833791301426,-0.5229360992931268,0.5317180406261942,-0.1538524461560063,-0.04951681665440183,-0.5156167709880675,-1.0491032019330122,-0.6590708321275568,-0.7501328274818986,-0.8306923699519174,-0.26196566273448857,-0.5823863900552281,0.5405921579962454,1.8800335103726042,1.6124523998075013,-0.722933650630871,1.4406351392336727,-1.892549509554275,-2.017443525267007,-1.53252397128567,-2.590680718750952,-1.6295486327083475,0.27609628249199414,-0.42203098492761537,-0.42355321933624096,0.49913876465516904,-1.0737406969349832,-0.2567141266460279,-0.976763272306568,-0.34624922734042934,-0.68158103514789,0.6746210386521206,-0.6904849107476613,0.6445388550648505,-0.7190250928223447,-1.5300435555440364,-1.6027016212352938,-1.2677527023706943,-1.3422800569632631,-0.5457742471320572,-0.6093892004020991,-0.0996145946815867,0.7220133233793323,-0.43881829891620044,-0.34537921609709393,0.7065473017030309,-0.3477513104620401
-0.565497895683117,1.828147773079236,0.06293304320655792,0.5370619395220747,0.7001648377323225,-1.3699146610261372,0.9519764740674859,-2.245450832071239,2.4540857197167423,3.108547571085675,-1.6291313274774497,-0.46266537250618,-1.7836785959495187,0.06002704613559651,-0.5190147197275637,1.0413253324441683,-0.2696729925049136,-1.2954207879828026,-0.6169501270709113,0.30276535667409277,-2.374076003991367,-0.7282071124218301,-0.5803726492454653,-2.780889854253816,-0.2997710980828638,-2.2153468016569833,-0.2583391482446134,2.120158136915623,-0.18912224820480966,0.09242974446327062,1.0398794440945662,0.6168384975669392,0.8586718736258192,1.39059305009669,-0.5154717330712382,1.687671744127238,2.505353015827066,0.10931413458520298,0.09527590676729535,1.5579667537558328,-0.232865897030882,-0.35570683968195876,-1.165805610716833,-1.102348773695144,-0.016624156762685804,0.037605189774568504,0.6390054238348826,0.033396457316664185,-0.23575568018427007,-1.893542118491111,0.5088671684720776,-0.8145859332721067,0.23666516591226916,-3.9359586704362823,-1.2732582617910198,-0.5042337892660795,-0.19103259664447755,1.8156326502129927,1.063150397410253,0.6028456967071523,1.3385521213927891,0.36234010600492894,-1.0682502883611087,0.12085143333929238,1.3831435602141227,-2.1182358752142707,1.2280248291231755,-2.063573163425626,-0.6856187971669558,0.6427004539357019,1.7088589888350416,0.5558947943595665,0.9494541409400358,-1.4836620661826339,-1.9029695419274584,0.7876143068986347,0.27723571596115604,0.35565929802717655,-0.5423841000079017,-1.0590031820020382,-1.5465906618841159,-1.0389068753404567,2.3966489345062474,0.5557650932018828,-1.6984305564217943,2.6018144762294195,1.652144556526588,-2.111226250759662,0.16030769547677926,-0.8686044899820922,0.10621317040111977,-1.5719092750944763,2.592364299662311,0.900693209015847
