Cells_AreaShape_Compactness,Cells_AreaShape_FormFactor,Cells_AreaShape_Zernike_2_2,Cells_AreaShape_Zernike_3_1,Cells_AreaShape_Zernike_4_2,Cells_Correlation_Correlation_DNA_Mito,Cells_Correlation_Correlation_DNA_RNA,Cells_Correlation_Correlation_Mito_ER,Cells_Correlation_Overlap_DNA_Mito,Cells_Correlation_Overlap_DNA_RNA,Cells_Correlation_Overlap_ER_RNA,Cells_Correlation_Overlap_Mito_RNA,Cells_Correlation_Overlap_RNA_AGP,Cells_Intensity_MassDisplacement_DNA,Cells_Intensity_MaxIntensityEdge_Mito,Cells_Neighbors_AngleBetweenNeighbors_Adjacent,Cells_RadialDistribution_MeanFrac_AGP_3of4,Cells_RadialDistribution_MeanFrac_DNA_3of4,Cells_RadialDistribution_MeanFrac_ER_3of4,Cells_RadialDistribution_RadialCV_AGP_1of4,Cells_RadialDistribution_RadialCV_AGP_3of4,Cells_RadialDistribution_RadialCV_AGP_4of4,Cells_RadialDistribution_RadialCV_DNA_1of4,Cells_RadialDistribution_RadialCV_ER_1of4,Cells_RadialDistribution_RadialCV_Mito_1of4,Cells_RadialDistribution_RadialCV_RNA_1of4,Cells_RadialDistribution_RadialCV_RNA_4of4,Cytoplasm_AreaShape_FormFactor,Cytoplasm_AreaShape_Zernike_3_1,Cytoplasm_AreaShape_Zernike_3_3,Cytoplasm_AreaShape_Zernike_4_0,Cytoplasm_AreaShape_Zernike_4_2,Cytoplasm_AreaShape_Zernike_4_4,Cytoplasm_AreaShape_Zernike_5_5,Cytoplasm_AreaShape_Zernike_6_6,Cytoplasm_AreaShape_Zernike_7_3,Cytoplasm_AreaShape_Zernike_8_2,Cytoplasm_AreaShape_Zernike_8_6,Cytoplasm_AreaShape_Zernike_8_8,Cytoplasm_AreaShape_Zernike_9_5,Cytoplasm_AreaShape_Zernike_9_9,Cytoplasm_Correlation_Correlation_Mito_AGP,Cytoplasm_Correlation_K_DNA_AGP,Cytoplasm_Correlation_K_DNA_RNA,Cytoplasm_Correlation_Overlap_DNA_AGP,Cytoplasm_Correlation_Overlap_DNA_ER,Cytoplasm_Correlation_Overlap_ER_AGP,Cytoplasm_Correlation_Overlap_Mito_AGP,Cytoplasm_Granularity_2_AGP,Cytoplasm_Intensity_IntegratedIntensityEdge_AGP,Cytoplasm_RadialDistribution_MeanFrac_RNA_4of4,Cytoplasm_RadialDistribution_RadialCV_AGP_1of4,Cytoplasm_RadialDistribution_RadialCV_DNA_2of4,Cytoplasm_RadialDistribution_RadialCV_RNA_1of4,Cytoplasm_RadialDistribution_RadialCV_RNA_4of4,Nuclei_AreaShape_Eccentricity,Nuclei_AreaShape_Zernike_1_1,Nuclei_AreaShape_Zernike_2_2,Nuclei_AreaShape_Zernike_4_2,Nuclei_AreaShape_Zernike_5_3,Nuclei_AreaShape_Zernike_6_0,Nuclei_AreaShape_Zernike_6_2,Nuclei_AreaShape_Zernike_7_1,Nuclei_AreaShape_Zernike_9_5,Nuclei_Correlation_Correlation_ER_AGP,Nuclei_Correlation_Correlation_ER_RNA,Nuclei_Correlation_Correlation_Mito_AGP,Nuclei_Correlation_Correlation_Mito_RNA,Nuclei_Correlation_Correlation_RNA_AGP,Nuclei_Correlation_K_AGP_ER,Nuclei_Correlation_Overlap_DNA_RNA,Nuclei_Correlation_Overlap_ER_AGP,Nuclei_Granularity_1_DNA,Nuclei_Granularity_2_ER,Nuclei_Granularity_3_AGP,Nuclei_Granularity_3_DNA,Nuclei_Granularity_3_Mito,Nuclei_Granularity_4_DNA,Nuclei_Granularity_5_DNA,Nuclei_Intensity_IntegratedIntensity_DNA,Nuclei_Intensity_MassDisplacement_DNA,Nuclei_Intensity_MassDisplacement_RNA,Nuclei_RadialDistribution_FracAtD_Mito_3of4,Nuclei_RadialDistribution_FracAtD_RNA_3of4,Nuclei_RadialDistribution_MeanFrac_DNA_3of4,Nuclei_RadialDistribution_MeanFrac_Mito_3of4,Nuclei_RadialDistribution_MeanFrac_RNA_3of4,Nuclei_RadialDistribution_RadialCV_AGP_3of4,Nuclei_RadialDistribution_RadialCV_DNA_1of4,Nuclei_RadialDistribution_RadialCV_DNA_4of4,Nuclei_RadialDistribution_RadialCV_ER_1of4,Nuclei_RadialDistribution_RadialCV_Mito_1of4,Nuclei_RadialDistribution_RadialCV_RNA_1of4,Nuclei_RadialDistribution_RadialCV_RNA_3of4
0.8223759364110835,0.4737960017081235,-0.12590109112165748,0.7324673911792685,0.0892712204586944,-0.524960900499302,-0.11195758405458711,-0.8840544114709465,-0.08860968267857866,0.9223857739487169,-1.0136526676572402,-0.2601953158342134,-2.923019078876932,0.21878626035388288,-1.2564913028435802,0.5292521997829565,-2.2329836569994916,0.28820488185752385,0.7900536954027385,-0.24346484556548592,-0.6814807669952955,0.21723842019366962,0.12308216970369751,-0.6921933174403638,-0.026571688600577098,0.1587672762012987,-0.12489020407265544,-0.3457054826389967,1.0003150495318676,-0.6175618667366953,-0.6355894933867803,0.4246486127053166,0.8359075182617296,-0.16370221191356127,0.5476669019175675,-1.5818457018420204,0.31841023260139323,0.41371031795252744,0.33322615876325534,-0.10512717351983297,-0.33921341769868996,-1.6606692242612549,0.4176412965039322,1.148773426050678,0.17693953293883208,-0.35677830461140536,-0.7428472189829383,-0.8117227065959316,-0.6044544980485707,-1.1523051484917353,-1.686416300905514,-1.1598147252986633,0.17432273018697603,-1.2444336096024982,0.5117501892341211,0.3417279211121587,0.05515847885749381,0.6437586848025003,0.20149607096326472,1.6514061593110618,-1.1613653451073809,1.3066860517571852,-1.105610650034535,0.5571363456060461,1.0307853874083799,0.2801049974822313,1.2441469260720832,-0.5671938580888783,1.0535216453536969,3.229438974267251,-0.44431133200761597,-0.0028523866452155877,-0.2718129600729532,0.20483550385734225,-0.5390129497073988,-0.7139467236580724,-1.011728333954969,-0.43628665543056194,0.36626062319200847,1.2011181642136923,0.011978555478576236,0.9354746485943874,0.02103726569208067,1.5053167933277285,1.42163019235866,0.514256246741207,-0.12867819231180505,2.046497141588043,-0.4501392260949456,0.4721297019712325,1.3258412289224233,-0.4548225203627027,0.7780912872846908,-0.5646154299392567
-0.5087120183330938,0.2537686403425451,-0.2953221822443617,1.6098854396924098,-0.010415862340046544,-0.5503151699049633,0.7691276107345771,0.2410670737086652,0.18019804343616963,1.0394182259635179,1.9076819081189047,-0.5524801475357219,0.5245971125043837,0.2551966867426386,-0.04416627462179372,0.4698279966313488,0.37139729866732807,-0.798470962326816,1.3179610751802415,-0.45063001748659415,0.6865166843220687,0.14745780099807465,-0.8853007593683943,0.6459034568989299,0.33476065610179695,-0.043034889888214356,0.09881511519417036,-0.23089879835058583,-0.23007030473384404,0.1479040538951304,-0.7342237159026012,1.4853804812163214,0.8415115251115262,-0.5239882157640243,0.8584327311712108,0.013640018855075375,0.03643141855627202,0.15643215726499393,0.725141284422319,-1.1418962185335597,-0.5460561995192922,-0.21998950570660486,1.6278271643553948,-0.6812996563569187,-0.27864431989394356,-0.34267948168187584,0.8977029213445897,-0.09434921857767381,-1.7027726223453699,1.6593203139125636,0.05394689877602299,-0.09111703089296697,0.11994870234963526,-0.24019315234621758,0.12197068505820108,-0.13950897596218312,-0.4050985513237444,0.45623150295439246,-0.13183589296079823,-1.274285451988714,0.16103343031508147,-0.950727881284924,-0.2504158595941976,0.26492751889226007,-2.2047917034668334,1.770924644662877,-1.6639620636454189,1.8281179672398835,-0.8996837097328991,-2.245719027374697,-0.6972866429714686,-1.0435999470882167,0.10219206538954595,-0.08938230082247045,-0.054090983547612326,-0.15196132711291288,0.9176090913633976,-1.302806203491803,-0.31079816360114815,-0.1447686220189791,-0.12595467526742093,0.7817719361915979,-0.9671732482141893,-0.2709625276842823,1.041153799172507,-0.1627551217867516,-0.24666693836069722,-1.035080376393236,0.36967426445727075,0.9238570366548335,-0.5948447634088095,0.9417677639587294,-0.5504010519409869,-0.23887072435472795
-0.5148274434251079,0.46103952997237974,-0.498752116013166,0.2703251026777862,0.5318707415059899,0.971336414456313,-2.776545010814231,0.8287109241004527,-1.982029059813847,-2.42041208003075,0.36169428851609076,0.13203217958920044,-0.9189199613918103,0.9073443092944192,-0.10140202545307621,0.14113021360815248,-0.514994290677003,-0.8353002047366405,1.0850178236493748,0.41363824740429245,-0.773656328713369,-0.4350649460619427,-0.48004465839683186,0.814906689349115,-0.05165679003203949,1.3915160967942075,-0.101227235033418,1.253966812322017,1.3287507787305184,0.06081403977180707,0.021256652137871146,1.0161953480075905,-0.40844293333915616,-1.02848258475572,-0.0712198150269912,0.21136036747076992,1.3880561186406646,0.18961071879108393,-1.6726465153407672,-0.9146586701231815,-0.41639930121220636,0.5351777671233738,-1.505372013314018,-2.1632222570398754,-1.1640915601222146,-1.0958756046446283,0.35886899620322543,-1.4155016519760486,1.3873125693960238,-2.812207658574034,-0.9088380885162922,1.0432912028397834,-1.8163790517197094,-0.5592202524322452,-0.27452845006021126,-0.1922545508220418,-1.8565119576513782,-1.0145370106544227,-0.5282353821302919,-0.8340963425217779,-0.15076555809114112,-1.008078105317267,-0.5829841969245257,-0.19336828600981273,1.6005594269349226,0.8050914710241316,0.21668273985572384,0.20161501278973676,1.5454665999492043,2.82263240646819,0.1462579629711523,0.8036301441954783,-0.12298092141379265,0.6545095230361232,-0.4098459953826403,-0.31993486424653117,-0.8225683507584572,-2.0610005704827707,-0.757681790194674,0.5578477391837952,-1.5360124852790844,-0.16509356416376592,0.3032911219997906,0.22217919252105967,0.7216059266416359,0.8351029798397924,0.24178605025751454,-0.10416709939729829,-0.07058769589622585,-2.383037957247942,0.397592455177469,-1.1190970420070043,-0.5957478154909026,-0.9374845345794232
0.3931708819745235,0.006521770075957001,0.16902005871362316,1.1740993882856348,0.7012314250918285,0.4003699356072431,-2.2686012589522764,0.797833331881558,0.3381067202053847,-2.581822557496649,0.3087662264512362,0.717635018211612,-0.5972727236809737,0.4718449205668769,1.2175145641663578,0.6250079596952433,0.42750402967632206,-0.6142586582737142,0.7447524617132512,1.3213511333109174,0.09938061899762674,0.24045191439050007,-2.134684558218315,-0.9622212023246437,0.6558831770410366,0.8951426539833873,-0.483452789389064,0.3116111746591157,0.8847780698147256,-1.2198084591049843,-0.1482044691096075,0.5836824374347205,-1.166509273185572,-0.2715121928397983,-0.6653802778805329,1.2608634237721437,1.2652640474666639,1.4449101980243029,-1.2222823952455355,0.9312797889026341,1.1625106546022028,-0.7699858865824045,-0.6560031176037163,-0.25809852781215836,-1.8590219628223215,-1.061686158847658,-1.779459918460816,-1.374134037282626,0.44027355262603607,-1.1332444468608702,-0.7529158501939814,-0.7545970945883418,0.8764887577632553,0.43647319912986293,-0.4309679924637428,1.033449313582365,1.867723194708978,1.1352645375623365,-0.3538478985668816,2.0788648186398744,-2.5651710432282813,2.3787165057167843,1.1998918631771216,0.5303228881290813,1.4739204301079178,-0.3120601533809813,1.437673022684711,0.8998109902007049,0.6214918080544718,1.3716726017052279,-0.37036155245096863,0.08802456686663862,-1.0895616299507447,0.2808721628848414,0.34232089588965214,-1.5015311873023096,-0.2686563279478644,-0.20732816862339914,-0.6993133596143031,0.6527523062126814,0.09857052961497703,-0.7401372046324979,-0.31936174890246916,-0.35876580849294276,-0.17821019680138367,0.07308855709081197,-0.2279142739187987,0.2410260183852658,0.23128962147335366,-0.05181929920428813,-1.5434836942309273,1.4180904366447717,-1.9838978252229706,-0.4164928503520927
3.277288117648684,-3.1226889811945653,-0.2736757065580763,2.5143736489688235,1.9213315051710573,1.1747811235163845,-0.3631093329253095,0.11611524718663169,-1.2001437897281289,-0.8339967016491949,1.8036863194692208,1.221186256355301,0.28268088208898823,-0.20208434884624105,-0.002782060607778213,-2.86859741165867,1.9175661119260088,1.8237825075574061,2.9776999579577073,0.31545199217475006,2.251801758912363,2.2262488744637907,-1.083559395009,-2.677493262848401,-0.3884970857374982,-0.8999534050521806,0.7921939279033438,-2.4765142969767626,-1.584573091240867,0.09424742473235816,-1.539370364873272,-0.21625939918738024,-1.3000389417259954,-2.278052056420715,-1.2382305358714873,-1.6089098221691382,-0.9502842718073395,2.192663281677463,0.00027090668680851415,1.0542110056193188,-1.974947949368705,-0.39533541910441605,1.4036838905913922,-0.7705834847217485,1.914471641525096,1.4893787504643614,-1.296821420719177,0.032506184646604486,0.42662879333252157,3.9246039957153975,-1.052539356452453,-0.06518033473061224,2.3007132540848962,-1.4305148359345952,2.189317485343099,0.7567559301476708,1.348590309020145,1.634787356879535,0.32981776778227545,-0.7816845308782636,-0.4543731479210915,0.4840563344662261,-0.2750526153883246,0.6942051741778588,-1.0516911717442057,2.817212473514001,-1.0882584652242506,1.4667535144904682,0.19490527355296586,-1.4739453436739165,-0.331286595398391,-2.349622814272015,-1.677930192492311,0.5519958818607886,0.31462676683255986,1.3644136446197852,0.5756414851855851,2.222293683977214,1.072027402018459,1.0676998919115785,1.966101729587052,-1.3194169412748715,-0.4094435616462595,-0.0007622332711362304,3.922191756965039,-1.568798953170178,-0.30247231731875257,1.03340922109096,-0.3786003746108797,2.91521038747136,2.4431576168421394,0.6068835746224458,-0.3980361204513594,0.8827274072336011
-0.8429442634430968,-1.0473154833314045,0.10468497663598665,-0.7054345660753516,-0.5931695485073497,0.2656540944141594,-0.6080941829665603,0.055257569725782496,0.09743048046579603,-0.44828992812286067,2.220536161441013,1.9263910169400953,0.7425959095194044,0.5109885018495463,-1.1439199835431668,0.36977285647392877,0.16127927583366952,-0.0066644367038841135,0.8426855035090324,0.61785828807183,0.9786795352611254,0.12480887805856664,1.2453356381109464,0.28744885363970374,0.5309359534955465,1.6344395154817688,0.8740746790080913,2.079628494188919,-0.5008265569965555,0.12162213339269884,-0.4831395707974566,-0.4330185768986947,0.02138696843947646,-0.20353711349728115,0.39535601475580084,0.41128489622067665,0.7092895352495773,0.030101293965794695,-0.5102395081482306,-0.4525953388215957,-0.6837537074098026,1.915126858066484,-0.8421363049007918,-2.8233587267408575,0.9271236735029422,-0.5291753362679916,-0.06123509057349191,-0.4293084795825245,0.26055450303603356,-2.1959798917213305,-0.5481868140566183,0.50248827823941,1.5174071475831041,0.38488982866633425,-0.9574685267133604,-0.7132945097988364,-0.5799215929073533,-0.433735894182824,0.13211214131278765,1.1220574722622885,1.8427900663813266,-1.1629484457188684,1.732597464648827,1.292207506347521,-0.8273325767839868,0.9765219743175392,0.15932194526886856,-1.165603377646121,-1.133540805718144,-1.586332140307423,-0.4737694041249441,0.7025373665900532,-0.9827846955133261,-0.16294136272830437,-0.4231199635396766,1.4734075302222833,0.028916535296642343,-0.40157433597431325,1.210323912107595,-0.2558723003674444,-0.7887763799019174,-0.14946853161394588,1.5252226483505793,-0.8329406498079249,-0.5612291767255628,1.4982211710868598,0.5122403175204305,-1.6597237090324117,-0.7564819461147662,-0.01706874703483241,-0.728877742734277,0.7881689307674584,-0.6549665244418139,-0.13260297530749596
-1.490104683612115,2.2230980788095236,-0.3946243070751778,-1.2135989732586523,-1.9188020206658734,-0.4584229309158635,-0.8390886522524149,2.233087726665107,1.7738372147405355,0.46301202918579154,1.1001715688738045,-0.35521665693296167,0.9129529997545263,-0.2704366771516882,-0.3455470420635532,0.22416176194106516,0.2054438099620451,-1.2677949536078454,-0.32561535262809543,0.4433155672281637,1.4997189542581097,-1.7201348603682223,1.6368169238751038,3.9213483680298973,1.7878749854652527,1.2674550626663392,-0.8135426782704133,1.4529924599009456,0.41286169259114824,-1.405231771596136,2.2455868664453917,-2.627232448466364,0.1206017959080849,0.39969919912381935,-1.0125719491758542,1.5115111164854753,1.4139150406860599,-0.6994117751897548,-1.4826494761702333,-2.0932500605268927,-0.16569616626616668,0.6205426788857354,-0.10213754716732648,-0.3022895117906961,-0.46143689236883956,0.3892536001933403,-0.5632519173494681,-0.7053689312712939,1.2666280546917608,-1.3543275654349367,-1.2226368799503966,3.2426081570698733,1.8675776911834197,2.2928250815450153,0.14535327160397382,-1.967168520450653,0.11939335717001776,-0.6972834893234284,1.0768432620657957,0.8934953345769111,0.3462499445379015,-2.2280804976167508,0.16203776619865162,0.2426252797148999,0.7356409078231918,0.5368384470477496,-0.4927076861707702,0.9926570171772388,1.4339873575626596,0.7858297839765932,0.38407808856643366,-0.9193207463783877,-0.2736122876687415,-0.19799755635192817,0.5107009948710239,0.5300346847126283,-0.43758567216054656,1.6944749027774708,0.6532388946522735,-0.19513615200559717,-0.532250455695167,0.2363904621997469,0.7729637179554854,-0.4794203244824414,-0.8884760807142081,-0.268898812875417,1.0757408099853727,0.49084286019826534,-0.18788307441791127,-1.3965838487588815,0.24719157519928325,2.2241357568846203,-1.283843934499682,-0.24849954164994537
0.7249782808588632,-0.6342190482077172,-0.6066557354946169,1.2020416366187372,1.7708168723089734,-1.0939989723234547,1.7503293949347922,0.21571983112927529,0.5938357637444952,0.9024936750411771,2.578347821326602,-0.44757027679014466,-0.6385388444550608,-0.09066526337348302,-0.5463806487403606,-0.781608590080207,1.4676532950702386,0.6741532409688522,-0.5537035741694212,-0.6465024577685613,2.178527773163488,0.9704876624393427,0.18203671587321807,-0.9515918778589515,0.20348366324599154,0.8298251782927901,-0.5938127655934643,-1.3285515607187541,-1.782446664042456,0.6176583154599078,-0.41597269270408566,2.454000696568822,-0.2687527489590673,0.33127344927733215,-1.1730201178129955,0.16971790515127672,0.13837470330367097,1.8886486568361354,-0.46905355023246476,0.23837428440679492,-0.2638640904688325,-1.1236960698043434,0.6293096198096779,-1.0183920261184833,-0.6492095965937072,-0.319467473859634,1.4630432960096733,-1.4885534115132515,-0.011492256289789227,-0.1570171638754124,0.3473792293775884,-0.17200607981767677,1.3542666541838728,1.2851308328602165,0.45760066598261906,0.15321451961119228,-3.6821961846577427,-0.7751115253818319,-0.7414020835284301,0.5845730577707959,-0.5725360246785796,-0.2713200788196673,-0.3286660597919371,-1.0982527052354443,-0.15009374591144975,1.307413966059042,-1.7297879804975758,1.5410842377756504,-1.2624328441146808,-1.1753160522233645,-1.5394005277093983,-2.2312727689155225,-0.45153197140633555,-0.08519630520653165,1.33143070401946,0.7613702951539326,0.24827529407651625,2.2606489421883844,0.7870426728374766,-0.5898834740608239,1.608682239423357,-0.4271001046292407,-0.8422362562057816,-1.107096180249621,0.9846752011482762,-1.2274916324979892,0.23909480849021075,-0.99519554931612,-0.5132907468649693,2.113238680510451,1.0945179691427716,0.3463634941592728,0.03846288284851512,1.0131652152669228
-0.7803177058955049,0.012234059975196776,-0.23784344109409183,-0.26348048300445953,-0.06893427014293929,1.1751829338126993,0.3706990467403781,-0.5413966170624173,-3.171046215662417,-3.3696829339137047,-1.597590657427204,-2.399643464554577,-1.1134643612235933,-0.17258114972849706,0.34201844363985623,-0.25874848219841406,-0.8787674020845995,0.330973557075648,-0.6468218115724877,1.595772363153743,1.5136496425659076,-0.8781739811322486,0.6777835245501892,2.019761911821409,0.8012085374088522,0.9013795859671876,-1.3405007746023831,0.7456036611555763,-0.4518068563488208,0.46465314186298035,-0.5982323297710614,-0.27425367192902245,-0.8673492408291822,0.7759378426809,-2.7069179211546692,-2.1392787680728467,0.9074209438462482,0.8121002408274378,-2.066220764333424,0.5755239183221581,0.050102823918601436,-0.5634669814623995,-0.6825325107879856,-1.5444878000073061,-2.78332878791331,-2.1722729246783734,-2.9553403396890987,-1.7328562352935934,1.9137806069531291,-1.9534986699833206,-1.0588591053786105,1.114820385433985,0.8467303958183621,1.621948304870168,-0.13772677992617882,0.9796796996810507,4.398890713671217,-0.2929729967273281,0.014881522064130182,2.736724497876539,-1.04311042760231,2.250267592583632,0.807011699943137,1.6472601890968464,0.6990432461213262,1.1121275333221234,1.8171491725190743,0.4569281782056078,1.8222327352288885,2.2178426789662993,-0.7716257121144457,1.5480317021277277,-0.9893247932576972,0.2875347547115955,-1.2493469225694902,-0.04734895010074447,0.8872392818531106,-2.364828263494391,-1.6150783873242056,0.02173424485366672,-0.33857898735816483,-0.42878268882185866,-1.6432709466019573,-0.8399467424787513,-1.5499279371247685,-0.6976321948430905,-0.14736479844537026,1.6685594949369307,-0.2760933936143349,1.711300225146166,-0.6718235953524716,-0.009027229085757177,-0.1113851906748371,-1.2817705149203995
-0.3676112018970305,2.069939646330798,-0.5405131298111877,-0.11952840894981882,0.09487108972559605,-0.7130040920923666,3.016848982841459,0.8147559091523158,1.085815613960365,6.386333931569912,-3.086619619001123,-1.954462225649744,-2.481455539194167,1.8442073948480098,-0.13958102222392427,0.6197331489444238,-0.3105321920301895,0.3525719267008605,-1.2066372907057232,0.8585762385108788,-1.7657406484568952,-0.6594667901345603,0.10900763889867227,0.4594598576748202,0.3252959222717933,-0.5981419222543995,0.12907575815115374,2.8282382200732834,-0.11131152558818674,2.044075561909238,0.35186430524871987,0.8634651541629426,1.504488762146183,1.2431091701666084,1.5472606888077165,1.572302696847602,0.5435558078276057,-1.4254936553190196,0.3224959551245281,-0.9821368290121489,0.7595334812588381,0.4678266934483781,1.592378713613796,3.7961476818068602,-1.171888456979472,-2.6308412830623484,-0.3422238097573994,0.9694059937739411,0.5246988641603518,-1.0864713255186207,-0.5108368303290527,-0.6641132004060699,-3.4077996003649735,-2.126126716640628,1.7065139847299562,0.9308550081327326,0.6896980622579805,0.05269859216263828,0.6845917776322068,1.0119776261810474,-1.0843296642564544,-0.5124082391204844,-1.9376061260613124,-0.7716476185752619,1.8958209016556882,-4.438787012440405,2.0542945051849615,-5.317953824389073,0.2389554130164016,1.0399367533439665,1.6375166407547752,2.7308848593472907,0.07264991229670476,-0.8332251998662049,-2.193022185543801,-0.06658436258064483,-0.8285511721841842,0.34983242187881525,-0.39314755263021095,-0.5611131322552804,-3.0360864832761907,-0.5385236234849767,1.3999165623387748,0.44982479055083013,-0.7470139280261513,1.3684579649763324,1.9191705717976806,-2.0172716626563814,-0.47188439996069986,-2.529875761499919,0.46069556395332484,-1.2026216860189427,2.0997682429067734,1.2503307938201838
1.061922076567792,-2.535116636399666,0.3889539316997723,1.8572627126094858,1.7352262890055967,-1.144382344171482,-0.5286698455893455,-1.1683953388756945,-0.9600873433084666,-2.8952954082518674,-1.7340040379298738,-0.6306050431791903,0.7514503106662161,0.8024570405553828,-1.201426572390739,-1.13134005980336,1.001773296427329,0.6044288236537991,-0.6549785825365366,1.2627650814509765,0.7442505386188325,2.9385504063192425,0.8716467394909642,-0.6444054747385164,0.08454698445766771,0.23953291400378487,2.617722857386274,-0.745533335426297,-1.1450074523982365,0.28773709523268126,-2.089641646805283,1.179858159259497,-0.0038452794707138915,0.04884367794667521,1.0560932665393739,1.4412760337739572,-0.2320650019022587,1.0542962409162335,1.4879593294981017,1.5295544118312474,0.39523093790171776,-0.31982628601617036,0.4773154866963816,-0.336738869075741,1.0884779511626583,0.26643269447470364,-0.08077995951606387,-0.05164579492531976,0.8553605204439103,2.9776336986680563,1.4195003081023787,-1.098825653517923,1.0937791461739663,-2.0217520180113704,2.741093607528892,1.3830557133172425,-0.2950386322822508,1.6925102085842845,1.8595420965862994,-0.22618884784151833,-0.04279541585102686,1.8089758736495483,-1.393772597298234,0.4722066418855876,-0.324597016637046,2.0057837873496873,0.14074829366076322,0.2581160402384604,-0.9778171424479007,0.06180602775808708,-0.7615128024521218,-0.7602695489615259,-0.8314897837054215,0.08184380223309048,-0.7438495166447702,-0.23101854689885334,-0.8678795007774132,-0.260492977008417,0.13939448830134205,1.2513108899383847,0.21225581719460962,-0.1456236265283981,-0.23250698787831647,-0.01647572175724278,1.1800571576962884,0.16725056819969475,-1.7369484467450753,1.9198136581737235,0.9330142834100026,1.150393739803152,3.03975338336316,0.809469653296347,2.5815202649556364,1.4634946622073768
1.245270333764266,-2.2953690965948494,0.24811011788954537,-0.19528629357676122,0.9044938195755454,-2.0661345349089606,1.701285832164639,-2.2647211859442686,-1.3021698081644044,2.054679490947359,1.4591476146480435,1.399434896901571,-1.5283792538920986,2.3164641819092,1.5863745311550292,-0.7525175513039509,0.6777281165588196,1.3741865290056547,0.9415496954436269,-0.2601711074372158,0.9584446669539697,0.20303870638466268,1.3782721472275663,1.716067920046572,0.7006663700117939,0.31166622226211865,-0.7293885360618707,-1.028399883160325,-1.217566554346036,0.2178657915861489,-0.6188013763537265,1.327855476171644,-0.7526218409314235,-0.8990287128625641,-1.0262168086821166,-0.6818726864458977,-0.2365817093167466,1.7066136335122042,0.49048831854115027,-0.8625070661529097,-1.7323379296770065,-1.2414727356412762,-0.9174763950497913,-0.014966195580459474,1.8498542131746585,-0.4771572730224506,-0.10396551521002717,-0.7196447440618594,-1.5908587151861906,-0.7159999646763735,-2.4981401050295426,0.7049236261485629,-0.5254644695023611,1.860498794630476,-1.408495527128123,0.07386722344900148,-1.986621888471651,2.040428388107385,1.1261832216792746,-0.1843511191872617,-0.06298877453230792,0.7566099693058267,0.3731756248947363,-1.2045771050048004,-3.5614778778748573,-0.04544342296604059,-1.6459260442539467,-2.037828934664422,-1.0021503890184533,-0.8175746850981787,0.086151595090111,-1.5828009955442757,1.5485941002701629,-0.017852246992699466,0.02941674168184416,0.2085958071588807,0.5200759175168692,1.3045955809553296,2.4830345416624775,-0.6652764322766237,0.46082430999559354,-1.4155568630842246,0.7675378737434279,0.07308178215443448,2.062166767512751,-0.4107382380651285,2.6475231206329086,-3.292301225976896,-0.6302232072621784,0.07444423944313328,1.0784652994309596,-0.22077598440460572,0.12185239236882595,-0.12044053735453408
-0.4452045047136437,0.9209868064444258,0.2668335155897031,0.5168699714292448,-0.15971321224079438,-1.0210873448776454,0.5829006589568445,-2.8652242222038793,-0.08958046213556681,1.4476316610952495,0.07522429214651671,-1.2800310819208318,0.20115971743595465,0.6349127445802781,-0.5306548310249345,0.689676989477973,-0.05630358425426346,0.8550330995739729,0.44852755334031313,0.15007795181546396,1.0881158610276507,0.17762022716643522,1.343204939216355,0.29394699290746845,0.7018247904416892,1.0781594104576975,0.6976229391872681,1.6726539152739346,0.04029080299000842,0.07887781475343426,0.6606316304692095,0.01841990330363713,0.6594233158558839,-0.24326795159766557,0.6145474838074865,2.347151128768957,1.528796234166749,-0.997012636807842,-0.16292505173631816,-1.5385704432366614,0.536795497114823,-0.18433547192498856,0.34205137482298864,-1.0602256909833936,-0.10124898256831233,0.5863114581441594,0.6156648361216236,-0.8389277870398841,0.7523511647794775,-0.1915078615450812,0.2300406923888355,1.8330972070185445,0.2085619072319156,1.688396729921661,-0.7953276598246155,-0.4569746519706431,-0.8634667670635316,-1.0117037968204368,-0.20118480206127734,1.7384090801485808,-0.07894089695716638,-0.002480246240596007,-0.9893087282998949,1.0749660770363865,-2.5981066417538967,-0.4762898504350079,-1.3183549840494724,-1.899406996850991,-1.7937828197765966,-0.9247075310866295,0.5735379095556602,-0.357316386463183,-0.8107228057646242,-0.24320780341699105,0.8598574165880702,0.09358121667525443,-0.4151069426311086,0.10763084576165102,-0.6890101494598595,-0.42603747823789695,1.135790921663884,0.5822035592556205,-0.735876171725113,-0.35057349581825503,1.0863513773170426,-1.1985758930431334,0.4031046483311312,-1.66811631873861,-0.03655610275989405,0.5966077889584902,0.6254788686656033,0.63228754171513,2.635991191738422,0.8312403666020185
-0.4882492450832161,0.5494630481755345,0.12456540311850202,0.04612770402698668,-0.0968381506988758,1.7787566485823902,-0.5563074138907443,0.5108058653400042,0.5871684135627389,0.08856088716058214,1.1500913714588867,0.13694035139116123,0.6918445757094212,-0.28173908968402067,-0.6665665662731293,-0.3747484310836729,0.6068897031664731,-1.4897750855057015,-0.6180738267315793,0.5789603381611985,0.9108153004481914,-0.37534767952228815,2.315877124664536,0.8657157223739627,-0.7470888338011643,0.422021697328238,1.4096313236900242,1.371546590271958,0.5944378239841861,1.4835023609662294,-0.5506475993456794,0.4438645974121069,0.5980898124306078,0.9716009228398172,0.645090090032429,0.4922739325595708,-0.04193768813112486,0.9050587157365023,-0.9303426354472157,1.3979577542289439,0.1986446727776267,-0.12490809148824461,-0.18743815574585665,-0.04240974516692572,0.8714382076849907,-1.1091196145695028,0.5096261426817565,-1.4323442975291436,-0.20105995528517898,0.20602571094553285,0.9977082405485512,1.695844008424466,1.7454469467492868,1.843725998659176,-0.12554737513603803,-0.4005751862605791,-0.45435320264045864,-1.2112180702201778,0.39023705779689977,-0.6801057014216118,0.6082543488597362,-0.8420833972878916,0.6470645994897324,1.0240195463281099,-2.8250936209964346,1.89733831755773,-0.8211484491501866,-0.3343103629191347,-0.2862641796152643,-0.4458419634831803,0.2537987739303834,-0.06550434490137336,-0.032134363288100154,0.30270971267934516,0.3645729685907787,0.3611736253673603,-0.3970686827830572,-1.9703625714242308,-0.36714305384823664,-1.6743282926542367,0.34837430107857675,-0.14080564498160128,0.4675539747636033,1.759164840700405,1.3876280433331927,1.470140704253659,0.9107589968408983,-0.055762577114152154,0.32291597639227015,1.5718346479629512,-0.3920892927742066,0.02295001576188177,-0.7296291269956943,-0.2756108523660281
-0.5631605395149258,-0.32699868374847507,-0.34272182141802615,-0.29958071611488085,-0.9745760358714299,-1.7640561610773409,0.48910224232581495,-2.8667113603237655,-2.9347712592163573,-3.325635517875332,-0.0671426534464315,-2.3673561399791874,-0.2357177561411389,0.05456664079091689,0.2581480396166039,-1.9276645612752161,0.048017025312387496,-0.25088895002466,-0.17609168643392298,2.222124220085581,0.23856085069668298,-0.23795893064994322,0.17023046335348868,0.48859077184694466,2.3543768998070855,1.3280001859490294,-0.29411865141924054,0.8309326110698694,-0.42671882896143576,1.305831631395853,-1.8755770442383133,-1.4991877639222877,-1.4965461923898438,-1.3160305967357289,-1.22352369313518,1.7551215086571408,0.9938071367266269,-0.3980567181271848,-0.7800295763074514,1.8279413514423932,-0.26333371334008404,-2.96736145131128,-0.6116858459575509,-0.9233093610272285,-2.2091395962686957,0.4953153294021813,-1.3815537111837644,-1.223276213066375,-0.3181713518434141,1.2751315576475617,-1.3909899521295483,0.28560515643500284,1.1183983074683561,0.4898966581914283,0.7233629166863957,1.1205216151341932,3.7447213850285204,1.4433887013430184,-1.0211112097136748,3.1846073547878384,-0.21736350517181102,2.7475089451579375,1.2714059202146835,4.158040444026966,1.845318630416449,1.3615680193353732,0.8118699833765297,-0.5942927742154381,1.5489361821702088,0.5972833720883832,0.8169439252877528,1.2179446657964104,-1.5595841431708872,-1.6567170983207755,0.43967409273504743,-0.5911015980967018,0.6677783801607932,-1.616674204001849,-0.9022042517285676,-0.06273464217847911,1.9769761110506179,-0.43279401072280294,-4.592131021858983,-0.07557419296157428,-0.2028602367168172,-3.3621853644980497,-2.2422266896872056,3.9938835868206994,-0.8664389612306623,1.0387112608581783,-0.8373466385416716,1.7128426076989065,-3.127151570738829,0.27450111776191216
-0.6087397745340567,0.21250544457358184,-0.09084235488475223,0.2359583711013933,1.1466834337813192,0.931598117903118,-2.8677074868859638,0.1487450196831763,1.454393536890443,-3.1937238096444314,-3.5509349265581385,1.9606276907189928,-1.4371923592378324,-1.2475412124073966,-0.3769041316640931,2.6083501035321097,-1.501784841062311,-0.8474467484112979,-0.3401992442343829,0.23151430463433498,-2.9848010661832305,0.19069536293025288,-0.6645281322045373,-1.8071612638556984,-2.4583818352609517,-0.17388876848042134,-0.20975266615907545,-1.3448845242506509,0.036710878123043966,0.8306082058872722,-0.41283781096255495,-0.26849738855205385,0.2036865984735025,0.21726964181248412,0.729814818455166,-1.0297966536222547,0.06488715238159098,0.3525140592837702,1.7516418546640216,1.0903401176336875,-0.21558484853358367,-0.07778577522356771,-2.2634938332967813,0.72382291931325,0.12941826257597244,0.13422235998647808,-1.5538417386381598,-0.0022155132343563144,0.5209243517908533,-1.123641804027777,-0.8943632998235371,-1.2145890373199377,-1.1529996188741929,-0.9729033503267717,-1.6317210165800096,0.530258603165333,0.7383864046562645,0.1575289365065453,-0.23601448504391842,0.44900450159358607,-0.7786405430306651,1.9710933796972059,0.45608130045327977,0.8176953515442276,2.4186298330368765,-1.6502064125679545,0.1805723353150933,0.14065296240009603,0.38553190598284304,4.584963292292052,1.1303956688592687,1.4795734863233885,1.0712209586894,-1.8437069580614145,-3.5188752910179675,-0.47227180296625504,-1.6332338284167662,-1.3816947377813737,-2.256171234414814,-0.4205344920210725,1.5775382024765978,0.8949945002314454,2.600952347608475,0.02641823328083598,-0.877790765448831,3.14988946409752,-0.8887686910223762,-0.38550971205613305,-0.24451560585334675,-0.13274480830582536,-1.4623496837721142,-2.5399355087805535,-0.1728267756456282,-1.1009927551481014
1.3534006365367026,-1.3122698560156911,0.16800752159037954,1.027083236931719,0.9244980619945886,1.3748707524710708,0.2678795381039589,1.0965471813176135,0.0761332103721209,0.7171557086617979,-1.034016650149738,2.588253931560388,-0.9109214898493732,1.0127917292921234,1.0664162276036626,-2.369434487673953,0.3261087535910785,-0.307637187889672,1.2406939453032708,-0.5093715692329018,0.33486773945927745,2.249497002522864,-0.8096696632809066,-0.4560780277353278,-0.13597308585142975,0.8099706583820826,4.128158490861032,-0.20507744812852374,0.5721186087232557,1.0523682874428046,0.7348353375176766,0.8075847212238694,-0.35729874461124056,-0.02990723788464411,-0.5093307404295098,0.20311058734155063,-0.28219619491946857,-0.4689376793978681,0.6244922513276656,-1.0755101144090393,-0.903490309040623,1.0273624417091918,0.06901179086928289,1.4540816671720802,-0.820824530834413,-2.2351275175760206,-0.6442909912424424,-0.21484195627318511,1.8093317967336353,2.710229966209816,0.6316864131810805,-0.9809233495585595,1.3483696639652916,0.1305056499606998,3.3815501403801447,-0.9706374848693654,-2.230617946011685,-0.28242522900364525,-0.2726955737751313,0.1420341081722607,0.148446675221506,-1.5740600252546577,1.9727831328529688,-0.15958051239249038,0.5066784843593899,-1.6276422938959394,2.525687968579257,0.7454382404271995,-0.3647007706708296,1.2873445658981995,0.31889625281553924,0.6977478561996527,-0.9600204304104051,1.0605679839308408,-0.4435215399724329,-0.31629951048931526,-0.09641769638679103,1.2261438834310807,1.3732228979462493,1.7555760663012505,-0.2949692534767727,0.09096258427988077,0.18498984235792187,0.17669639342830734,0.3459617627245317,0.020011213662787478,0.07901817114795655,0.3840783487000399,-0.0024824714083166236,1.3588460982083321,0.6404172950770659,-0.30339840849881705,2.9506780978083365,0.18920156860522286
4.368480994559428,-4.295629318707314,-0.13032238911213662,2.257575626700316,1.1853414383040606,0.4113008363945406,-0.19294453853883287,0.5879298683008335,0.5334106302758251,0.5235578536333249,-0.25043043543074783,-0.5666367278097958,-0.8575441832185606,2.059379157508296,-0.9280770593931226,-2.343459335604695,1.5514576212190911,2.114530947071757,2.6969719613997993,0.3257748419102742,1.1994478060203886,1.2794726849060005,0.15208994740662413,-2.69963373781355,-0.25989594421716244,-1.7654444723369949,0.5345411684725905,-2.776232769702636,-0.8448319308125478,-0.12957685221785475,-4.284806383738911,0.9263959785982626,-2.146265825222248,-2.8512281935961843,-0.17198097164123072,-2.8899657388312203,-0.4356335605014733,1.5350478601623194,-0.31032140087080456,0.9267376402989318,-1.9850890184010226,-1.6536525955527397,1.1996961538667494,2.5740933951709666,0.27482994093096724,0.8536271038725383,-1.4773165254188079,-0.857889825744321,-0.7180318089365925,3.7604584833975254,1.0601254105067792,-0.5965101266095867,-0.10649508886137538,0.17713891732627784,1.7991525303238705,0.8508655216116621,-2.5092872108132767,1.586622271178916,2.315595177479838,-1.9768725966295235,-0.4360198450970892,1.0567291792350129,-1.6360304618920583,-2.9334911719601844,-1.0729483738318981,-0.534348270115847,-0.8745749655682924,-1.1248601399984186,-0.37501708200840456,-1.7722217517573193,-1.9177608490621156,0.3055954205920115,-2.1605938955378905,0.6585927089762839,-0.29227302636261293,-0.6352497142795388,1.1000454224514598,0.8250364768120543,1.5121599032248938,-0.9755547843839258,-0.059908765150760296,-1.0635793391614106,-0.1548716206949262,1.114009363822063,4.399311421938918,-0.44204503545240315,0.5520439158774575,-0.4660971177883872,0.31453936508065444,2.1926421449838043,0.281802071606739,0.9084039419982997,-0.7767949682788329,-1.8068472774299575
-2.1050749560120083,3.0967837459745975,-0.4014497062813465,-1.2971148530055863,-2.3340132094445125,-0.6120582845227642,-1.203393495585532,1.6470265704036344,1.6108818297257892,1.4313471929655632,1.4300761691779962,1.2719298172110303,1.8555752088013728,-1.9099081033040606,-0.9619278667368869,3.061293652558399,-0.7000829421704803,0.2223255215323856,-0.8913738221238807,0.631122658891281,-2.5792589275599083,-0.5554412353213632,-0.8170488641405265,0.23742165330126808,-0.5190250537022156,-0.6120103897237309,-1.0855261871302153,1.118951734691035,1.7446647036242586,0.051868135362514854,1.801253717742742,-1.8031216041441849,1.1276653571712745,2.5641972453619646,1.1965193950697959,1.0976079454047107,-0.429943787525765,-2.2985145228333557,0.2547087366503916,0.4859236831898366,-0.08752776762113967,2.4771534773271897,-0.35329535603114676,0.9427258833933948,0.8800614974819432,0.8503704343254889,0.8116685861647779,0.5684247137435273,-0.8176206888783794,-2.043049133267224,-0.18476100939842932,-0.010032279136739986,-2.404333836899578,-1.0606042670955564,-1.9162989738021137,-1.3724262754184844,1.9460166026148424,1.6499823242374312,-1.1023855903492985,0.20275641057075133,-0.8273105012154583,-1.7869005091441303,-0.39136813394615594,0.23517525574949333,0.9385280402283316,-0.9477670154786062,1.349816954812405,0.888885058012729,0.8275709439148043,0.7922868306536273,-0.8696155604796323,-0.07437602915170752,2.5170180873523362,0.12789159086313845,0.1228896243799151,0.3122973681317095,0.24313011321830888,-0.24177527725469805,0.4896816122861113,0.5865404084763652,0.17823418047399509,0.4309198855848865,1.3417734857022832,-0.29849598274741274,-0.7435872396178169,2.076820953607441,-0.9615494491453169,0.5928711771074844,-0.54986110049551,-1.2327281725204098,-0.3776676768599172,-0.04593331524686256,0.05652292924220576,1.7687195421793733
0.3245259905306072,1.1444737981326878,0.49545918060327804,0.013101413958492153,0.5185068484954535,-2.7081741370250616,0.33003915376598664,-1.9472239828918312,-3.761702605194108,0.3196860435316664,0.8520233598513125,-1.019051788021736,0.08409585549210072,0.1273567885036907,-0.12196286443533699,-2.2660666528165,-0.6667774148528277,0.6531625296350394,0.39319948824172224,1.3102987395717707,0.6337994570221395,1.7285940791267733,-0.22858297228381008,1.5526150755616805,2.0008820807962806,0.34506671452906335,0.6111118292853991,-0.4371139721566105,0.5681369606057849,0.14036685730044726,-0.5735215233326233,0.03326899429157881,0.5427653301586842,-1.7323793814909432,0.9539955878082916,-0.8269121438642385,0.5999850726096465,-0.7638720304541187,-0.8266339647043841,0.40462270636240383,-1.2351667343074046,-1.6793099104869817,1.9899682303938788,-1.288612046022035,-1.498859119988934,-1.0996226221620822,-0.6455187494622832,-0.7171393483191678,0.7964215809120778,-0.6976593401385378,-0.8660096904392597,0.07322275455945448,0.15425380619653006,1.1105945056714879,1.0141493513828328,-0.06748271763368152,-0.05501679931861092,1.6227618552304497,0.23421407372138436,-0.8849677570284824,-1.1507370886863533,0.64281502551981,-0.06559559322898723,0.6920335860436344,-0.1283741476543425,-0.14997725797440714,-1.0646700627690708,-0.06465715419588092,-0.9020988649789354,-1.3207290623562795,-0.33963862865307665,-0.4624514982841902,-1.0983155930277697,-1.6870902446876623,0.01582113685334363,1.2242319121673655,0.32898944251486484,1.2615508484408897,1.4695662999783186,-0.0946845408017435,-0.04837626359621616,0.24112339500169522,-3.3633493909996486,-0.393758323749117,0.3464848108969107,-3.4032507355464783,0.6929106152444462,1.7497781513952024,-0.5356938966644867,-0.928792643978603,-1.2131108098533532,1.039074365541191,-0.6527500359525578,0.26871271922726864
-1.2132982152446896,1.6536889153045107,-0.22533162597207299,-0.6518393685873054,-1.0223126132680793,-0.35674912602805353,-0.1344776636940732,0.25999223234813584,1.0399854499949492,-0.2949910011267445,-0.26659262805214823,-1.7484490471255854,-0.35839403492606925,-0.3551423461177824,1.0507141637718085,1.0912691312789744,-1.0089085779043943,1.0846120315541634,0.005800952460453479,0.12675959519978375,-2.0658072785583035,-0.501343374863777,1.140973078953229,-0.6736104159972285,-0.368741433195204,-1.0875071516075745,-1.3678770302670296,0.0446500621972763,1.4001775514394144,-0.035579157241098766,0.43267308152726663,-0.7119776337539777,0.4104924590561947,-0.06400268691734687,-0.15123449369895647,-0.4940618611831189,0.01548452283160187,-0.9056704393893447,-0.3455146398237151,-0.5243198289622423,-0.10667939419481327,0.8352409774603786,-0.42803853691589877,0.970924421119657,0.22804091123934134,0.7077685126309768,0.6197017076781326,1.0773119126529522,0.1830496135094488,-1.4340271781337863,-0.09491000798906002,-0.06509780770482054,-0.9902673560276237,-1.2658650713431667,-2.7060754351322704,0.5919560300196479,1.524578089303947,-0.06931208040038839,-0.11192740392172096,-0.7372877774242923,-0.5887979127624934,0.6274868955783941,0.16985808061578278,0.5280622120342078,-0.38817412295403486,-0.05471259560184255,1.3497603320942244,-0.41721837944181356,0.07974269878647611,1.9196689294144371,0.4239102854931198,-0.6682227758919648,0.39537010619707774,0.5990255283787056,-1.426536640582804,-0.9574721060751386,-0.4021623285296474,-0.30643702985429405,-0.6279538203281425,-0.4800087036872406,0.1902609058405929,0.3723299434443897,2.0773709266529687,-0.41076349878344875,-0.41297397418418746,1.8924056110246845,0.772253386836834,-0.11454381617147483,-0.2941071879599086,-0.5943329397230632,-0.6202171386060777,-0.6563590603594698,-0.1544662280112154,-0.267360150364666
-0.8716899309782794,1.5328806556533554,-0.7888476196339702,0.46685337784798797,-0.6773587601247055,-2.299638421653627,0.807059698884435,-0.9749388993153241,-0.8299234638012299,0.22509460483421595,0.8349231692348732,-1.9224156814124291,0.06323301381228968,-0.16628670548643282,-0.7901068574022442,-0.40383733785458314,0.1266943263101571,-1.2078549896003143,-1.2771358292798851,1.8160298979511753,0.7842957754342395,-0.5033509807740015,1.0860784050667125,1.1169713132126171,1.8589701988927947,0.6054054291697983,-0.8132547270406528,1.5464289652904182,-0.6605919176917034,-0.797581213517477,-0.5006930282600094,-0.9086118724983706,0.1817144687150578,-1.1695324200907178,-0.7171828835408587,0.2051165956004257,0.24103416308203268,-0.06738073857970334,-1.046993960534079,0.4791242509225545,-0.26668854128731734,0.5918455010628942,0.6347258893612553,0.9946149020084056,-0.6798045499142176,-0.6063840225839905,-0.2178403917846814,-0.801149635892908,0.24344217100589893,-0.4290434067149543,-0.06403776824043006,1.6074742255558088,1.0129573398334917,0.31478054247126774,-0.3735719585806483,-1.4668275257655607,-0.04358004898746387,-1.0224098150979455,-1.145421304735752,1.0514666349019468,-0.4093100007200705,-0.574585513619319,0.16200502504480319,1.2020536898751246,1.2281622386442623,0.7698116639165188,-0.7598307929925244,0.6278770310729513,1.8254396887947273,-1.1105638810911254,2.2269487264152983,0.051016525216031304,-0.5767148235418288,-0.4773912724612509,1.0223414702851987,-0.8017566580213311,-0.6259200053816191,0.5868248327157182,-0.4599192174699314,1.1196308785890585,0.38214610703556207,-0.02876044024652859,-1.2747345097101976,0.02777639429592712,0.09750858917629512,-1.665430450639519,0.34495745821759405,1.1908543614372178,-0.3562271849267551,0.027953321143683096,-1.7750522658847387,1.7807246495449076,0.02166740549004373,-1.2616323884105165
-0.4611971534578232,-0.32185979925272945,-0.3828235276588935,0.05150655083422327,0.64843340530312,-1.954986057249418,2.4763303129916867,-1.2638305936630825,1.3237170639814422,2.1776677660274286,1.0912773130037012,-1.0033031514606194,0.4226049188763569,0.8189465724181251,1.0384354719390727,-0.6004636359777742,0.15347677624132589,-0.20603330551701443,-0.29341670498255573,1.6045632259905385,1.8736947990683253,-0.8456684313066616,2.748484899734226,0.3031201561710817,0.7531743213993105,1.9078865447778184,-0.8111954146099933,1.2801664848479488,-0.35664399427455085,-1.7816965653167283,0.5236169600378997,0.05935901169179003,-0.23674394023062512,-0.15958637643369075,0.2853878744521322,2.096917785279917,0.1870693451465244,-1.190120965439036,-1.3536787528355914,-0.7945664999551865,-0.2886614942521556,-0.6828095484111565,-0.07241228232862565,-0.6039293437972485,-0.672121156369344,-0.2286293278818201,-1.217203255510565,0.26288565570895006,1.0513989989372103,-2.088912422499023,-0.3116449975437083,1.670210811209214,0.5205759531808523,1.6989129014565971,0.4820476536223367,1.0069167732889706,0.6482805959662926,0.028111918979950773,0.05652223435211562,1.1344986228342968,0.26125426281272657,-0.07513483965088855,-0.0645052900723361,0.9180449936867451,-1.3554871439137646,-0.9641758813599132,-1.6150028680159,-0.7494675945047691,-0.10762104117259774,-0.26935122207635387,-0.1386487229938671,0.1122014988767435,-1.024619088060348,-1.0857199691475654,1.087779046036341,-0.3663674880256044,-0.055278657245099165,-2.0799088589018706,-0.9809958175753786,0.5835925027350323,1.388363449682467,0.08354502648875983,-0.7925349696220689,-1.499244799237326,0.36847987081258793,-0.6276311475439618,0.4498573092235187,0.14295895909821976,0.4996119133103911,1.4800531223770677,-1.2293843979327435,0.18137286458223206,0.5305752097120632,-0.01713959656613223
-0.066202885377753,0.9665069379037463,0.0796835021685296,0.7282340225482814,0.46211026273963246,1.2639987512431556,-0.9173778483299837,-0.14476869767069694,0.2892559183040153,-1.0193519763482646,0.17908103080337773,-0.6210696731323387,-0.44077260016076236,0.4307998988053873,-0.24295058112332274,1.8555331912279678,0.4058391522102506,-0.2745748413327186,-1.6507777040126559,2.378264274497986,-0.20825071171490184,-1.2508288765970481,0.6261018794600914,0.4650282416166033,-0.2161249737892117,1.1384450913258795,0.41801420963970076,1.052962437338754,-0.16439178533494475,0.43195405837728656,1.0184993988879885,0.23645898255774506,1.2713666611785133,-1.4912699862179006,-0.0449632474287498,-0.7271866209299538,0.7725407280076748,-0.6858960230894168,-0.7065495562560558,-0.3669350081323003,0.28123748279906224,-0.37350829641901195,-0.11007532778754052,1.100233737159365,-1.1254649535202477,-0.06114378087881023,-0.10197494295854881,0.07294620803469147,0.44743824800095966,0.511865383729074,-0.4805117939262676,-0.506416825194754,0.5559900290652483,-0.19125169329785574,0.5400871025061396,0.09254288892051332,1.783245693906753,0.9915659729984585,-1.496786169811402,0.012250103292254955,-1.3322987380433793,1.3130383505550736,-0.5038515417832679,0.4189731149367716,-0.8488002127037375,-0.4513522162814699,-0.057066734250239115,0.5661830834204667,0.3056963001789368,2.100703979612596,0.438296385077941,1.2674829483981265,0.670580993197406,-0.030061032056490272,0.4544429219291651,-1.6111929292651221,-0.9038543424117802,0.2574934087935069,-0.05164309440496173,-1.3688214190316765,-1.0270601722362585,0.7173280595908372,-0.21882828275854183,0.4528731119873643,-0.9105934033945553,0.4361617056798335,-0.304515499736309,-0.23042158436923565,-0.3539262193503057,0.38771135637825105,0.47785346375593346,-0.9305214392933566,0.37796095389955914,-0.2645000964977117
-1.194052819967963,0.9927057719919383,-0.15173174708652268,0.0422039418024244,-0.09479446135763481,-2.3366241126334337,-7.199600443903703,-1.5353824539813594,3.3747132882696107,-2.632018382096066,0.3181088144493922,2.1720798021579952,0.9862640173798922,-2.4380999432368524,-0.1086573610293205,2.4715691479651802,-1.7089937271817355,0.24591979397758224,-4.005644771589957,-2.8562482463446632,-5.90482754428613,-1.0179682672462427,-3.183140989617781,-5.128208327365855,-3.214785464921105,-3.4433450200641964,-1.0541632656518887,-3.9963133478839623,0.6472633638846901,-1.5299489477459607,0.2580565930402204,0.03508547690314412,-0.44125377025916523,1.703929403290396,1.127818809998708,-2.0290877964954626,-2.3647661626832015,0.09019085798844997,1.2211172985217509,0.7353043575975537,2.8227537512873506,0.0867179824119148,-1.2858317081148058,0.02168929342108239,3.27939667239564,2.2140247120146945,2.140083067321817,2.7997933585935844,-0.2972550155893081,0.3973762969233483,2.7772687184722122,-2.85217860763212,-3.9958998729658957,-5.376757010679582,-5.32311339209747,0.40372086304680255,2.2563804793799473,0.5524716357004134,0.23790936934856385,-0.27769076042595553,-0.6493665022957991,1.8676740930985305,0.3702884992301607,0.5639009243660774,1.709703171704349,-0.2647886399704995,0.8778410859354686,-0.8615797507962141,-1.0924918269190658,2.17176800103934,1.2952208503569778,1.0412668227720667,0.7276918529412404,-1.3336870222250743,-2.6089110808656506,-1.4859871001696852,-2.0869574620715863,-0.646725384063923,-1.0950779566430493,-0.030094070388578465,1.7095718408128504,-0.18289817465460345,2.550690044705461,0.6594568070081943,-0.5298334598429437,3.775693966871794,-2.1377687915170744,0.44277464904823627,-0.11770941921238673,0.1134002348404818,1.2053438114282473,-1.4948791297595327,0.37185076374767256,-0.8941307093681525
2.239580664082616,-2.639889250103444,-0.3497881907699506,0.7105015858878793,1.0633797804445395,-1.0468675718716223,1.5175109890854905,-1.2373340810222142,-0.5268341257341188,2.394744948735143,0.020310510127076298,-1.4542061214974529,-0.08189764490940793,2.0755921470115997,-0.7936919138356885,-0.34124908055963776,1.2577856115339001,0.8805488438022875,-0.29878423676928945,-0.3691212226191005,-1.0109947905311318,0.5449462342982655,0.7456519147665457,-0.9788526794450756,-0.7803247327481463,0.7056304013209611,0.8790018259629299,-0.8676992182693867,-1.072583372563954,-0.3098805085416245,-0.22468701984955808,0.5838358573117656,-1.6172324988903448,-1.2613636208227597,-0.25769075299200206,1.6651151047836146,0.6295849820436593,-0.06698395154201053,-0.38579723878165406,1.4750950545431438,-0.915432984462489,-2.212924352310129,-0.15592588150610442,2.4572849857064707,1.5762351385275986,1.8323345724046847,0.9157827852364502,-0.6744628787818914,0.10022675002653414,1.2384077779166205,0.4430234710802978,0.48130912644080914,0.3135390665965594,-1.0409199440990757,-0.17900103896126562,-1.0556011589025598,-1.1163775642805118,2.3467353802330706,2.6416465720153983,-1.7618163065119026,-0.4878928891312977,0.6711720971909271,-0.9217593396752517,-0.9845432134198373,-2.7556503503208485,-1.7349143274125192,0.5042051785887987,-2.5749801160028634,-2.7026282833171313,0.1630418754125083,1.5524602326684598,0.3484486843515535,0.37463274101399546,-0.08827641599320057,1.3491263087688927,0.5934143889656913,-0.4700175215100464,-0.8943894967238663,1.3229208983202014,-0.22427468108366488,-0.6851877572408048,-0.1525671771032382,1.1832087564112046,0.8169695138140727,-0.2335126916007625,1.3133361656025113,1.402871310877519,-2.1720699006716626,-0.6833976311015185,0.21761403398692258,-0.19828741559411855,-1.846852385967771,2.905322911438698,-1.2090196057699647
-0.4447575586490345,-0.12848949166686152,-0.9287119303016956,-0.18802328866104728,0.4049275447704215,-0.6741587290996904,-0.4525928711738528,0.7410251079942205,-0.19732975749509019,-0.8199106821118533,0.172771985425564,-0.1456082501013776,-1.210723841906261,0.33976320929132825,0.14679387156493834,1.5520563234943774,-0.23730564253772435,1.18365654580179,0.32225772729461666,2.3804489901868093,1.3787998182337218,-1.1344088611413603,1.2496488358679918,0.9632913889758619,1.536505350380511,0.9989489103615701,-0.0022974533656084234,0.6422970176283817,-1.062887247578307,-0.9868756975773256,1.414580514473901,-0.6828889741714932,0.9137211403392445,0.9385196400944581,-0.27336122137366514,1.7086879843580163,0.14556599329470893,0.162637003677228,0.009504901111368147,-1.380179504372856,0.0029823795079451237,-0.1217264330946942,-0.22143593043129406,-0.5081639496276001,-3.069839018418755,-1.5692192082985021,-2.477042842775649,-0.907443602314294,1.9475302931803207,-0.869339279595988,-0.6044374051665883,3.0778598998248947,2.025452317703286,3.303159020511905,-1.1544139872712187,-2.3737502223935505,-3.6524810391816738,-2.8164794004641207,-1.5619215748780833,-1.4759442847524005,4.128806834112514,-2.5743834725870847,-0.15384712184218308,-2.3277078924592125,1.420380368429647,-0.27789830557034034,0.9517655378640704,0.45819057896993337,2.426930582786511,2.996004884407866,-1.280001370669154,0.8163320840276198,0.9192060761308426,-0.005436647375294312,0.8692167263009376,-0.16338204492265346,-1.1922770830072817,0.18425080346333536,1.0990560484383405,-1.115526725151683,-2.097598990237913,0.8462266915681999,0.49617592927969456,-1.6817203066430473,-0.15579535816080547,-0.06063202057552597,-1.3989921729969357,2.0452163178043703,0.40084385982731163,-2.4905387908913417,-2.2544185523580245,-0.8995566446247916,0.3082108256751588,-1.2218435894186797
-1.5270925364182537,1.3756443431576804,0.23386840159708622,-1.4993213872225262,-1.9358182536739499,-0.7455392434680362,-1.379163971376935,1.1149520041150982,0.9376845210688621,-0.46703942031771806,-3.4490897822171998,-0.2508064318169302,-0.6006610725076725,-1.5253242919530092,-0.7314791269925099,0.21471773147037787,-1.3476463113583248,-2.3295523181215714,-0.252811822939323,-0.5689847716843611,-2.006798893131296,-0.2946616772445179,-0.04353935637203382,-2.1836155244927027,-1.2051103127043272,-0.41429765808366603,-1.779481994178086,1.989333064976384,-0.6654795191419164,0.8347707720488208,0.871114915823769,-2.2782766650527084,0.7723596235531553,0.16928873655006155,-1.8273468226578666,3.363625027910751,0.04437039173209495,0.5010766504809823,-0.8740303060948189,-0.28383962240002175,2.0369243609246603,0.7273039805587093,-1.2412668032807856,0.5392287374056829,0.5270646308818296,-1.6477140254870337,0.32902526413124056,0.7246833959611635,-1.0115687421849886,-0.8518374569817488,-1.7294844602822992,-0.7157626232052531,0.9762462989112437,-2.6573966159416536,-1.5363205517826792,-0.0012792267212857946,2.5957951943502655,-0.4761391677115773,2.50241401584699,2.37119520456203,0.6833253066105331,-0.7743632603566915,0.8441660464294664,0.6209766787644214,-0.003978424664022373,-1.6855936890945151,-0.2377375220306333,-1.418333487939212,0.8960226777724402,1.4338942782722266,1.1565524888684817,1.7704407788654355,0.5922800790671314,0.4760013608450137,1.2156636207942193,1.3135997217620725,-0.05203575937296482,-1.1584266536239718,-0.3682511716685119,1.2727140930084226,1.0918002926853412,-0.35069377994210854,1.103471400229968,-0.22678626790849082,-3.003510730256168,2.4323504044921433,2.369661808971502,-1.982278991080058,0.2533614724240953,0.9094624362806268,1.183628571998253,-0.784034606717374,2.6903885906403926,1.7307384113638073
-2.68785346188758e-16,0.09896493090796925,-0.25915956435748677,-4.420088897154008,-2.8823578638937675,1.1981935960160486,-0.8513972607572012,-2.655347156247947,0.8187544114762555,-1.3275763532012899,0.6734665225267275,2.3790098855044897,-2.0532136152269107,-1.6028720936818102,-5.548747510011972,0.38025283651337527,2.4844364532253156,4.57246235051378,-1.6871270002325232,-0.6957664547074855,-0.5975531981774848,-2.9592956073940035,-1.1104798554532858,-1.5232038558901448,-2.510250070895635,-1.4201731088500453,-2.5840145052429264,0.5936595035758501,-0.9293200464938923,-1.3284238499478862,1.1020523261621022,-4.663633238265435,4.6086560068994995,0.16054738980262553,-0.3791258107410742,-6.069137057672201,2.1115560085810525,0.7330834765341188,-2.18626882894316,8.092710934117466,-1.2735729244899727,-0.2394417375676099,0.14449074750598592,-1.1071417831348798,1.345230521348649,0.6746330773531874,0.522938577659446,3.4868962593029074,7.130087555641557,-1.5749398023080425,-0.38744109483997163,-1.3338992823510472,0.4199435387081553,0.6286689834945488,1.175285795553895,4.352435512701442,0.6271668901462597,3.037976121445877,4.113393745339351,0.2603329251569706,-1.0449680414743479,-2.608545463083249,-3.4460196248973576,-0.7207014623687318,2.0184742183679276,-0.6029161433071075,3.541450168638238,1.6438979457038838,3.0251744229947923,-0.5604705176903543,-3.8875829846695957,-1.2076864349163046,5.870817425579128,8.106192630125804,-0.011714025501918027,6.69397466110888,4.34211031656755,1.8222492993559138,-0.6257697570187979,-7.535309214174223,0.7353476828369321,-1.1895538455456884,-0.12886156332591867,-0.1172470299439311,-1.0084502140840992,-0.22819024550439082,4.758751495910698,0.5394583542886072,8.63019144985055,2.171587309029634,5.486153203619847,0.7424497304047136,-0.23074798048206685,3.7245005031529734
-2.68785346188758e-16,0.23099435557363845,-2.4928803446822774,0.004654839780669162,-0.23221126444046952,3.1203730587515475,0.6807551671082799,-1.323556528454438,0.7131905773839867,0.3512168522449883,-0.6627044614055986,-0.5687883399697166,-1.1317330835437884,1.6949903360819163,0.560893716852439,0.2684016315757885,0.4887038862495974,-1.1248108567135322,1.4134506337211374,2.6336658754696636,-0.46859246522547493,0.7135353435588944,0.8152360897926003,0.12014016481568554,0.8345132258852779,2.712953299857735,0.19836205786147493,0.07362838942137248,-1.0500221224796507,0.2031524299236523,-1.9709126099106355,-0.09003484693524913,-0.5419358069439417,-2.2746762534398175,-2.0343725040867175,-3.2720800227543094,1.3340237698565673,-2.909899089946896,-3.9691403302136625,0.48903454849619266,2.1413971391995767,0.6521620320936135,0.8678806979143384,-1.2599762729449966,0.7665564240488323,0.12411311484276955,0.198829973953248,0.42433923343126023,0.16951805104346135,0.33512778152726935,1.8358760924822877,0.06367020722300493,-0.6606098218867698,0.2671611463653758,-0.8207400124856762,0.7459179353067836,0.589170184014348,-1.8185784001004657,0.39219172739484887,-1.3047217013987538,1.6272384278997307,-2.1082062381099966,3.2949303345289778,-1.1017776688546999,-1.762063857671047,-0.23363019474254354,-1.38982678106487,-1.1953167908275235,-0.08508456002286557,-1.3302927113856144,-1.2275426225646737,-2.9047766327796714,-1.5834185056163195,0.9797908212910001,0.8784111363428756,2.177351698361748,3.7658905908300286,0.5765208795407646,-0.3742087438470602,1.898912348109699,2.0499347848378004,2.0977134458330324,0.16026121854214023,1.9409851951791761,2.445190009656197,0.07303681964327911,0.5629740737637686,0.8746982796262458,0.022919304247061317,0.6947580634327781,1.6954154815424425,0.049168948139448054,0.7652951313717704,2.122695449586339
-2.68785346188758e-16,0.8945100640238128,-1.862275353683863,0.3162854052677156,-0.8906218699426571,0.9899940286635472,-0.16480540813150235,1.524782328827111,-0.6329144960438651,1.1081562538476701,-0.21941515960274338,-0.16355141893569014,-0.06803855129273545,0.38449132144554077,-1.248538369162464,0.5139935288921781,0.9729044049449571,-0.31077835757706535,1.4664527995057854,-0.5568131569145169,-0.5238123454647863,0.2564129260255508,1.5403946625758143,-0.976266501850788,1.3057392364283087,1.4835385005028714,2.547193099518249,-0.9914823696564885,-0.22978029302455072,-1.3983309917826197,0.2778277990080829,-1.7582508694812176,-0.4444011107574249,0.30160647378368644,-2.47486873244406,0.6441291768715479,2.174631372965392,0.48493232701476574,0.5370959418614243,-0.16305722518600213,-1.356835104023644,1.1729989112265866,1.1372259700929033,-1.0407350516658973,-1.0999360295791192,-0.4012319780271751,-0.0937206358811192,1.2147112928665527,-0.13792551550446625,-0.1930802698323077,-0.9318889584053686,1.1561517477767833,0.2102402415044778,0.08334500974119421,-1.0658902049588086,0.4833872643809901,-1.3714629505166258,-0.7032457576690861,-1.1882938405098176,-2.0532989814559635,0.493336689466891,-1.4261833017628995,2.368967452968718,-0.45058374329290685,1.0774165913922642,0.7869019868652795,0.5492705332979615,0.2424671892431982,0.20588224485127055,0.8994908231360195,-0.39653648366416105,-0.7991077802026945,-0.7459328318833215,-1.1002327704821342,-0.7473009506049426,2.1485461614621424,0.08216658078449429,0.009914513633575317,-0.17263739466425831,0.6046108334784508,-1.4576230091996416,-0.1942068165678399,1.209907533897158,1.4044488849717933,-1.4174068166044076,-0.2271551139361278,-0.3423281036674273,-0.7271554413709671,-0.9050627897743271,-0.46845767888913165,-0.8575667179176927,1.5715687063289034,0.39903108947999955,1.7018080007357916
-2.68785346188758e-16,0.8784058057290266,-0.1504701214956923,-1.4628783373271181,1.0793339775739301,0.3379848641579986,-0.6957817827097648,0.5487526224651699,-1.1702276564657983,-0.18767888216160855,-0.9814560718082926,-1.1043999403063816,0.3308572574686789,3.2091036791978995,0.32627185866598124,1.1331408619143946,-0.3737699447011291,0.7070681248548025,2.545810847600688,-0.9764281310957322,0.12261618276059429,0.25003847691529335,0.38969097353321475,-0.12531316915832216,0.11451952349266209,0.6471619938968122,0.25267289030358286,0.5777333745887488,-0.9647426304496938,-1.0491215384615367,-1.0370324577817822,0.6531081781877698,-0.30376019642932933,1.391843528892487,1.0270169467303858,-2.809347514016011,-0.5022635357622017,-0.31966500700950523,0.33994257178638443,1.2446466708888695,-1.9203131409998797,-1.4423743900782506,-1.3045969786535594,-0.183037354221536,-0.9641645324683398,-0.8685034793235358,-0.25766391683572193,0.6452069180284157,0.4942235804621695,-0.4548819544270254,-1.42789820467921,-0.012501817291313971,-0.29595272029971037,-1.1015325036042471,1.8140068781728287,1.7061514008154375,-1.1169569783859188,1.9736098797987829,2.186081921953727,-0.34717346927347725,0.29943621986778735,0.5540933607983769,-1.6974584585718764,1.6786198895302908,1.7842031951779365,0.634462458579321,1.4690703353675285,1.3217423677928974,0.3893927029662002,-0.46733382181206967,-1.3906033167248073,1.886680808717581,-1.6340277831344023,0.5490968969236639,-2.0766517117190184,1.3125095524640848,1.3724060979056547,-1.4767282635270347,-1.2275205805504492,1.7039069431934781,0.36278333383189876,0.01644863877598568,-0.48333615215357745,-0.21252192942370784,0.563683941935775,-0.3654697915559922,0.6551774715527477,0.08874424518443244,-0.34328771930390956,0.19256589839725122,-1.8437951248339028,0.6415766764221332,-1.409264839778426,0.5223938810798976
-2.68785346188758e-16,0.6498363340024993,-2.2239510335494206,-0.20229283451634594,0.1552579669426924,-0.5852760115460668,0.43811600348164814,-1.6857416068951157,0.45640547732319137,0.20955939769056658,1.1072698974071453,-1.2184642948680737,-0.5782659267216304,0.4106088436809209,0.3723707652512712,2.361819470601989,1.4447353940378158,0.7466133494288039,1.1206090700117728,0.9192984250468409,0.11081947677398425,0.3761847689772984,2.236270008090232,-0.006912857810911432,0.8033674398497803,0.5577415620154142,-0.645332734314673,-0.486330126721123,-1.0040753181446143,-1.1203127905023165,-0.48621859467386097,0.46767912347701684,-0.5051303190703726,-1.924666730811921,0.37345559789942173,0.279822143640954,-0.4062374901980628,2.7000745620346205,-1.0441096425299827,0.3731255122622268,-1.018791694036815,-0.28873585006159885,-0.7974678256510743,-1.583889130911729,-0.7447772116873465,-0.03913490874489134,-3.1718447887066867,-0.6449914243136515,0.7324917286049033,-0.24625532897403468,-0.2840799835016765,1.1457881950111348,0.6341005876449471,-1.2767449507761426,1.8157711666504228,0.06604688016826726,0.3133149781561776,0.24477755069046703,1.0277115362040574,-0.34156381134500335,0.3369500106770469,0.4931377476450651,-1.5358700056542403,-0.536320710269388,-3.068547688141666,-1.1295538608895297,0.5002558129302868,0.7192944113495837,-0.12527671288769193,0.23064203503991582,-0.2390144332490728,0.24494118137645038,-2.3645863961698423,-1.6045276697917923,0.05733336130431289,-0.39354330375540847,-0.917524166078224,-0.9365221574954482,-1.1058449780654516,1.0000056877607353,0.023067289640969713,0.8162303872130782,-0.26281426413055065,-0.6962858123347221,0.2132083357174374,-0.39512680254723415,0.22811195505063708,-0.3491356580641303,0.03207669246613615,-1.2338689175864976,-0.6277283449553911,0.37036667805746964,2.2947586378616798,-0.16189846764845806
-2.68785346188758e-16,0.5188371998526752,2.5436586750755747,-0.0482530270097099,0.6609875417957386,-0.98705876574368,0.8041092376068384,-1.8307305301776284,2.668255080581212,-0.30884162714068225,0.8996163005598824,1.9940575892407568,2.3190071755153676,-0.6198086652868565,0.12967568539393126,-0.5584361167140361,-2.0582437403479386,-2.092674478304289,-2.477311648197472,-1.4063064222485786,-0.8206947813107109,-1.2775448888045333,-2.4273270069010664,-0.1735661522865912,-1.8168075013369953,-0.9303260451677038,-1.449019452621482,0.9204103867139222,2.4181400777528337,3.6952251876898408,-0.022711879235984833,-0.1901032609231147,0.5625045226380958,1.416790479024585,1.6135669229410508,-0.37733245631860396,-0.3196525796844276,-0.17713394663169976,1.5380704365203657,0.09694598940597683,0.5511724450331217,-3.157837802248776,-1.6966966879659808,-0.23220997770920127,1.0870905348671718,0.5351502832286371,2.069738506728722,0.20093691831874966,-0.7595623247568218,0.8699015861457713,2.4905674182214015,-0.8515148390327671,-0.36284817670336517,-0.9138700420742815,0.5284098531483434,1.5620965191570892,-0.5772174813772695,1.5814765055029492,2.572416412578331,1.594413496675507,-2.0445254400469652,-0.5139764412241743,1.9449187618315142,3.046729610115369,-0.11294944516346686,0.009576445733760146,-0.49712955042002394,0.1237776195677529,-0.27375604918766605,-0.8209122010065889,1.4775278880424954,1.6738655829461586,1.7028426348287082,-0.19280802737322644,-0.5485755706472888,-0.1411749505069887,-1.4452761530683793,-3.1016176530624433,-2.109267615140384,-0.6159062064846219,2.658869142016198,-4.03220802202505,-0.4041993212853017,-4.105193161087063,-1.6673793663196594,-0.21871021881478755,0.3315142753632497,0.5127022940822878,0.20912808489243218,1.75034764825575,-1.3868860208876403,-0.3231174279793615,-0.4304424486460837,-1.8992132733661837
-2.68785346188758e-16,0.38623259354378364,-1.0371525373267556,0.21733579967410765,-0.3665207265535349,0.8519800667446711,-2.0864858648453097,0.4878873784106213,-0.5976615431978324,0.20286676236501128,-0.34501494382715,0.01326570029414259,1.4095299800362329,0.4925051002482055,-1.3145987040511056,1.0484814190932275,0.7478924373732662,-0.14875764349317977,1.0213835733816017,-0.10393071003490287,-0.2874954906222473,-0.4497164203659824,0.46037136473969253,1.3896951668166817,0.16843939452983975,0.07110707988335827,-1.1683527643956049,0.3655327662527536,-1.0691226108473912,-1.6298458454103215,0.3378708354390355,-0.4452522523908506,-0.875465186373287,-0.04824929243029416,-0.7199396335411874,1.2698348542883358,1.569324663797275,0.009234078968824888,-1.490363105356608,2.4807181207936537,1.2931100194011231,0.03819216358548716,-0.8503570339053486,-0.3569389648278727,-1.2245944175933343,-0.06710320727359645,-2.7778079659562094,1.023563506214539,1.1846064334709312,-0.683218400120468,-2.4215760072211188,-1.1163328906435135,0.49454605072557273,1.1506604836091392,-0.7537319507752308,-2.2000550007710413,-0.3544288917112547,-1.4188484431203983,-1.7062929290234812,-1.195635981945172,1.0349395298876887,-1.0877744593928313,-0.11918544581246822,-0.8621269496380543,0.7015458941698268,1.1203239553427036,-0.6981696638110018,-0.19669380551464766,1.458587433551396,-0.1693293556148066,-1.3176914638671449,-0.4633651420957386,-0.3093958292346287,-0.7307111682863189,-1.220214835286617,-0.08984015272947406,1.2053859672597096,0.49268266391297716,0.31175698739364316,1.0759614968068398,-0.7976123399979328,2.754190089839466,0.23030420206700422,0.24444003003684042,-1.170835036904277,0.21164323131415386,0.03354902212994168,0.7976118257050653,0.6712994077211902,-1.388196812009233,0.8375473597512493,0.4097968027310541,1.6347318843802139,2.6443040277261107
-2.68785346188758e-16,0.13502625498006315,-2.11895691784026,0.24986686520134604,-0.7923386476386314,-0.1778741779722443,-0.29555769951968575,-2.315274060058937,-1.6744945472564639,0.23872127622001774,-0.3890201437476458,-0.7330059701175085,-0.804226328191456,2.4559378283661593,-1.2462665792225345,-0.46673501552958047,1.8018234009382048,2.904330390343719,-0.0829990238562214,-0.6644180954533913,0.004772855942949357,-0.8351542247223569,0.29047207050212437,-0.4301858066842044,1.0668052698686217,0.12998808470554957,-1.7277270339804667,-0.8437825313979412,-0.6743222324909353,1.1959017456032546,0.011335260861425223,-0.9085015837443144,-0.981074788721616,-1.3937205470200749,-2.104201375707361,-0.2967879902090163,0.5175066247828012,1.582983635855881,-1.2403424766724367,-0.7257443700507613,-1.0519713211399844,-2.4289314069518264,0.38820897126888104,-1.3390344346537189,-0.5313564197536587,-0.20226071474341245,-0.6936030675585656,-0.23627963812598662,1.9916420477109356,0.13583549479708595,0.8864994406411093,1.307184827215798,0.8942495696334682,0.5830758873001295,0.4984646862508893,0.26138924262621,-0.5829862703949553,1.0367010373202807,0.31806403876834033,-0.5740129236341182,0.958420883284707,0.6780630127904671,0.4904882356981364,0.009293957248227569,-1.3678637857472586,-0.2969711053925682,-2.191187004802173,-0.30651509537191846,-2.039062760617919,0.7135239998109127,0.5281176191719636,-0.734968219893178,-2.3958271038822248,0.3952850350764305,0.11186633949716067,0.5468755738852384,-0.600736546932097,0.16398811540847757,0.9381814576043341,-0.884915601914118,0.2846279240672139,-0.38432903402090063,-0.012155580221296347,-1.7415804866132942,0.5893094908957714,0.09585517600830723,-0.4894047631754679,0.12139366758869646,-0.5209711916328748,-0.9261106247912686,-1.553052006782336,-0.9138623078377418,-0.5818696536497336,-0.9047980596651656
-2.68785346188758e-16,-0.25198669842033294,-1.1506826557140406,-1.2453232414968105,0.16776149132881574,1.496064344084132,1.533300493665339,0.12032251313533293,-0.20051989388840308,-0.3992383236063894,-0.6026350795106378,-0.722593669806347,-1.0264678131382357,0.9044468345189607,-0.4543761548789857,-1.5908668729555988,1.6284662079686667,1.7297550312916887,0.3615899825050964,0.819870685881669,-0.60156855602683,1.2850098761620836,1.7415229321814825,-0.020890009139869978,0.9681966933943307,0.48688568619946004,-1.2977334038197355,0.250699803031733,-1.7097625512938717,0.173820612087627,-1.8540766959693218,0.1318817474186049,-0.944866217878875,-0.7915229791785986,-1.2905434205117075,-2.384103057752525,-0.4939070122512119,1.9111029198385416,-0.6879453056294327,0.6749510875498457,1.0577688107327983,-0.45704893298108895,1.040204657179229,-1.6603579426665238,1.3688601488505914,-0.04063129772632984,0.1515699834976061,-0.6225854269382478,-0.014744139725590771,-0.2630829618871551,-0.7456364326819307,1.714667496691638,1.2615206802105718,0.42801400448737126,0.757050157832724,1.3799836745929117,1.2285926368006035,0.8342678714979179,1.6323801632828436,1.0504159610429675,-1.2099405869102728,-0.3770853229269904,2.353731377801045,0.39560784633602064,-1.1983500463612569,-1.1822599523708082,-1.8174485169626666,0.4868130522186568,-1.0384815572038444,0.42521819191561433,0.4618369621611633,-1.482290909137362,-1.651839214829891,0.019014306986808838,0.47543506208642106,1.9951740556547395,0.5693349842971785,1.7851034110694888,-0.388713328493175,-0.7675663074482428,1.4598482935458958,0.5234997222058352,-0.10034759306700922,0.35613857318346565,0.36357976209902115,-0.22155977055835116,1.2628243455477404,0.20881368315768134,-0.19055428284222142,0.8662792282941514,0.45394772116993576,0.43639271806557234,0.6049339540422446,0.9256280996932843
-2.68785346188758e-16,0.15718307736203857,-1.8396172805176298,1.037259152128512,-1.2534398918564138,2.456930949875895,-0.5728950164110371,2.047298444752051,0.21636614925753747,-0.5067527239782876,1.338750119756213,-3.1460379658910975,1.5122699722780601,0.22419312950186465,-0.5900045128368745,0.5896922833084955,0.21762492972849523,-1.8841700736099847,0.20167287669876388,0.540688348690314,0.3114886745196209,0.3906991841568551,2.1269866438921317,0.23765412395161037,1.940212784422446,1.2575859639445448,2.0115723281566233,-0.25311487460491194,0.6563354341639218,-0.8516514880769146,-1.5422905189716554,0.5890094068782508,-1.2382774776497651,0.48158365631013655,-0.601200036255555,-0.3929167678329875,1.0507131793548743,0.4821125588535091,0.21968135876534345,-0.04961442843788727,0.2367716319477404,3.1772641167922497,2.8294689473190107,4.49772327157964,-0.8518718233927495,-1.3519531890107785,-0.016232391358297224,0.5620917124087668,-0.7223434627737069,-1.4445147637719473,-1.4510995875560209,0.5760248554934401,1.652910887924856,-0.1812045747757443,-1.088164376477219,0.498176629956418,0.1566817416817088,0.405175160441911,-0.13623722975208274,1.6802901640152714,-0.640723864035798,0.5368983602288145,1.0346966296425075,-0.4746381569729907,2.4660822276089105,-3.6548446266180186,0.9235509484199119,-2.680627805540966,1.7228906036257523,0.12510571230940445,0.44235176987896707,0.9577588727108177,0.9253517012052498,-0.6110824351853955,0.8018879651934094,1.9046121235194653,2.1757241720231857,3.062077450072741,2.3633542916349013,-3.620387287561023,-1.0784584642518023,-0.9028159482748019,0.07230591265866633,2.068439684094837,2.0769480031944054,-0.5756932894763639,4.047807814198716,0.5201625914191005,-0.14726181917211822,0.7709204734058436,0.20220134528008815,0.6366414103054758,-0.5014952172693792,0.27585310270326174
-2.68785346188758e-16,1.263436927171608,0.4890657717512171,0.3170339922556553,1.2411565817664654,0.2817015365342597,1.5252556588978234,-1.0974694354470638,-0.4817032247560571,-0.038980768457678165,-0.5982758946078529,-0.43785429468005854,2.174554016731247,0.9226126964366557,-0.7162952848502798,-0.008686530857571583,-0.09476067989889536,0.3475674219080726,-0.9309390729989699,0.3788737968502819,-0.3966894654942135,0.25218039451960805,0.5086281000007062,0.10922100846691452,0.5770237956000062,-0.8613165321200953,-0.4422256724995284,-0.254071952771166,0.8164718999844315,-1.0510470903434388,0.8463519920165392,-0.20983458815551814,0.8414173102978961,-0.46180897458517156,1.2457933465178885,0.4804606710138627,0.2794777498430625,0.012991042405201852,-1.2735699406161303,1.0261333428115602,0.5030113276050451,-0.718262271387535,0.3053128312828316,0.8008156593778454,-0.9230199665014248,-0.9764273636742224,0.4273574152483589,-0.7061488945273026,-1.0870205034961222,-0.6476057311735927,1.2903229029332208,1.0313245051577353,-0.03003811923053672,-0.06276524118843202,0.57601053392083,1.329533649687446,0.005443847925046056,1.9845333597292343,1.0895851143615347,0.2408572784109848,-1.4430891447281455,0.20196360122753731,0.9023536600349571,-0.29681413770173826,1.8490466395816474,-0.8725182102769385,0.03740890791149376,0.11330313133133596,-0.8466150546585574,-0.6413242523096965,0.424549028106881,0.013726513804760698,-0.7690232866137416,0.5284332193720449,-1.0095862326880298,0.6651017277117679,0.15110968196048036,0.6570616843492262,0.3297681243538938,-0.9213535608554344,0.30124016246644025,-0.20971144621941062,-0.1270561606748088,0.5835043626191057,0.6162649041620103,0.07609640336320239,-0.13792468027756905,-0.22854417035103422,0.5847672823030837,-1.5870513613264206,-0.8296100750988553,-0.7496946823362906,0.5746368454337879,-0.04624531472070886
-2.68785346188758e-16,-0.8694304534694197,-1.7206081431236369,0.9717784382087569,-0.9279976891072843,2.382718837617192,-1.139987435673558,-0.3356237171419016,-0.7096670603875112,-1.1109980363102963,0.20690050733152657,-0.19703269697141168,-1.1317420505342413,-0.2873106611750331,1.1128480360075133,-0.9329624664216244,1.147039922000911,0.5867509271975889,1.595623522283537,0.7470250394318817,-0.7452704355807918,-0.868583040613029,1.6992226712208036,0.13996960056762794,1.5341957483727378,2.871187258425163,0.3484234172847287,-0.3649676605371964,-0.5973313549498668,-1.0889797642435637,-1.5803580514183009,-0.16341170697595286,-0.4650338822080672,1.177061938055053,0.14115231738878398,-0.9469404347740633,0.9882329550324117,-1.1907879442675784,-1.2506427094863817,-0.5389310732144892,-0.5568339794930275,0.5273083684558302,0.4224866556982181,0.058152173203921353,1.2913726468003857,0.45168023270793156,-0.9186264704759107,0.38352015308133436,-0.9549141160356517,1.8214050433138436,-1.9447929679354972,0.7376443877339307,0.4632397610709706,-0.47723269589530126,-1.4603814243323923,0.5641482926152926,0.9488809895034362,0.2377101099874675,-1.3891271119559665,-2.4221603004069117,0.3222985225841052,-1.4099995154602758,0.3087274071544989,-2.1707925362775544,-2.385576901614308,-0.16382829300709711,-1.4949327570445907,-1.1367040965008064,-1.4510427664231647,0.1836303121121803,-1.9248684640209148,-1.355575149881815,0.08923522040127252,0.039606442258699845,0.45731574063252306,-1.183783248014736,-0.05290949409360701,1.3541644992690147,2.0768254130438772,0.01974516689272552,-0.27538818826012124,1.8213238302697976,0.2939325193996456,1.9283126867036815,-0.6179105163446763,-0.25143146211895406,0.24213836418824858,-1.1563074787041296,0.47342612464984407,0.9866176835619138,1.349134054540988,0.8350255974577437,-0.4730230389312455,1.4447034226835753
-2.68785346188758e-16,-0.7195607388555053,-1.1316997758898464,-0.08955276738246376,-0.49904441366343616,-0.8794557633107078,-0.7972320362207531,1.235723804220981,-0.3739471731954721,0.23647388676471143,-0.45596734358485336,1.3353501619780672,-0.7451445338972129,1.3640232029265484,1.4070108708320492,-0.39766020484790876,0.6557384089051927,0.04359282211658058,-0.23522910027607524,-0.5080810437070349,0.12462985688919359,-0.27660021184072114,-1.5318179975441577,-0.16949757176343797,-0.44396849316682796,0.2839126997814967,0.9542961411539801,0.23132454069700895,-2.544681358476816,-2.5646935239768847,-0.5250047868905693,0.5168919550617923,-0.09941459736581926,-2.703934981379529,0.2626448149491236,-2.7055093657634632,0.46393745587826746,1.204171079584685,-0.024315967902623664,-0.26404880864526104,-2.514825038636612,0.3238698066711544,0.6067727851456979,0.44654095765335544,-0.21215943299183557,-0.4852141558493209,-0.10317910276916109,0.9662083069755243,0.08342325153536823,-0.05596979151744684,-0.35092048152391586,0.5568702860034412,0.00985307452227759,0.6838653655714804,0.04979015022336628,-0.9229479600963363,-0.7798070333725061,-2.0465039881063825,-0.6106142955157142,-1.9033710650021776,1.3013261518342043,-0.9884864458343883,-0.3080762846074176,-2.0216046205974876,-0.7304978484072675,0.7625501430784533,-1.74884509857782,1.9551667118753198,-0.8362299328210412,0.7825079094786634,-1.0999398677877315,0.22377128746030817,0.6147091172521578,-1.3714490859157127,-0.8285776478058473,-1.7421510361062433,-0.9131396602041885,0.6831150178037619,0.5001056950270946,3.0848475055344515,-0.5134251543762333,1.8907410429685954,0.7062675598859659,0.7105392748258229,-1.6010902209654783,-0.6153590227939372,-0.2779238899918995,0.5148359506863923,-0.21098477846427077,-1.7634744277924166,-1.197780858365092,-0.5255641935900113,1.9913700532192364,0.9496425002433028
-2.68785346188758e-16,-0.5537609859401539,1.1301604555816531,-1.3261392917514803,0.5617841620266875,-0.7699295551526097,-1.5061296237147714,-1.1852050184869871,0.5432933443809528,0.351751934398311,0.16123700798861423,-0.06077558211877913,-0.017077815294372828,-1.2656683930108632,-0.9081468557052326,-1.4721600776202515,-0.08922132774514208,-0.3181853968577229,-0.13386967190919574,-1.1260510589947783,0.706653840245317,-2.5651169706357546,0.004877674894593842,-0.6952089506130296,-0.23884343066777797,-0.39400115327167,-2.5581976888225153,-0.14145620441144025,0.17235030286403272,2.260289254684109,2.1537625985239806,-0.4239582410919814,0.9343842891298495,-0.06872007279190573,1.1812476399881946,0.9032893375774834,0.03213834872542631,-1.197711719301705,0.5248484650363275,1.1520912684730864,1.7719426377368186,0.23363945313760104,-1.4194158596705986,-0.39803474061256544,-2.129313044230325,-0.8752380612020332,-1.6905082763304013,-0.5944027553489237,1.3618158911717388,0.16741803064296046,-0.6661126038797947,0.838230835216925,1.2615180295767818,-0.40749335949651405,0.45514549131142834,-2.610777842169552,-1.3111742902004133,-0.9134431489272885,-0.37797551773508276,-2.1088429751623505,1.6409891771386491,-1.4272023187811982,-0.12783432044259746,-1.4376192511033175,-0.5790868931019489,-0.8235945650851052,-0.3620086021455894,-0.2973420311882426,0.6031619442467233,-0.7201748107128493,1.658492772809769,1.0017939598486565,-0.2292658580030989,1.683257404297585,1.1142823806485032,-0.5074115786944728,0.15629150552380477,0.3364861738319084,1.9792747482860462,-0.02342801475033518,-0.6867775588232461,-0.7095880561527137,0.20651641835445206,-0.2952163036246702,-0.09971784410078599,-0.2747546398446934,-1.1164302404898527,-0.05954272542638489,0.32014985118385864,-1.200276070907939,-1.860565201385471,-0.9295250494527412,0.41601166557857616,-1.4101391406423378
-2.68785346188758e-16,0.5212284622604442,0.7350574774812232,0.15831621055503092,1.5994399245317874,0.8189183845293234,-0.5387709431672666,0.4384947167687301,-0.12962832767763333,0.21917062521956474,-0.7449512222552789,1.8051639267639041,0.16747699652269316,0.14990850080566515,0.42647335832959243,-0.16892572155826693,0.05343570078536871,1.591379382188801,-1.1450888051668837,0.9728242763912235,-0.6436987368571512,1.999861953947995,0.0957079363081027,-0.9805062594562024,-0.3131532714822627,1.2417210148957338,1.2039858659054412,0.8613784016301422,0.04829134571428903,2.02316414709609,-0.6474053127831557,0.6529619691266604,-0.14770817360569932,0.5604150020878331,0.575945794780474,1.2964923891135312,0.5255349851248166,0.3893950217031943,-0.2808571333143838,-0.2573493427096133,0.8592180367565356,0.759776789669542,1.0402739971263721,-0.08523691526932109,0.7082523091910187,0.2579436400272973,1.108584007701645,0.34697656820328593,-1.1328077675105426,1.1349765673962897,0.6751549609338396,-0.2010487334024414,-0.8291537797881563,-1.1023362388758369,0.9902235064070302,-0.4535425919762738,-0.8121815671332665,-1.9039569914534626,0.7011214175596493,0.7988349260690804,-2.1099011514931174,0.3753015908261123,0.6332629605630492,-0.41011074182313534,-1.9315745703702651,-1.4727532254661324,-0.31542174615658813,1.098251258027273,1.1906856123738088,0.03630966194000444,1.278575659418179,-1.3288138117839141,-2.100277052070052,-0.1419491408799021,-0.025371189196125982,0.23570067407621775,-0.0012603865628018074,0.9292461323356236,-0.1264090132357773,0.842634121437807,1.4664456034639612,0.7809278812232178,0.09421383885176611,1.9403758069080999,-0.9282574822932019,0.0333720755587526,-0.36814603679781754,-0.5688282164902947,0.08177662385269945,0.0594286752071401,1.5622263677135009,-1.7456616487832017,1.6498272808194279,-1.7632872523573224
-2.68785346188758e-16,-2.2253279396938845,-1.1168011972048162,0.8570739939466008,-0.5318095099772002,-1.1277429302200392,0.731601933095149,1.1584574007098567,-0.6644074167351904,-0.6026173946168532,0.29011643132897935,0.7201458766434271,-0.18683294989114105,-0.049549203891745164,-1.1172192011680147,1.353154326558557,0.2238903257065739,-0.47890319136067944,1.2395446972871436,0.2871973723705439,0.4733699995462393,-0.08375234512951865,0.8815760961065716,0.6260062708603972,1.0758217853021883,-0.45678509778661724,1.1394732793882785,0.15800824660501323,0.31831213290494326,-0.41657209736509027,-0.15197000923896492,0.38772988430343847,-0.6575107923288976,0.30370230072002097,-0.6536147308471949,-0.8260321770501245,1.5847487946077734,0.9290273455114497,0.9176932854475428,0.10189141072099167,-1.2282405656133353,3.555749665123068,1.1210933906231422,0.6637281492981635,-0.0029632714360421364,0.9798362737861702,0.5799242860920463,1.2645863770608745,-1.850531209468563,0.8460648692372001,-0.8592003274410276,0.346484651357837,-0.4169114647362449,0.0010666258969479008,1.0082035914167646,-0.7130851061721613,-0.7462441555652757,2.1471258640464796,0.7556924765352935,-0.26686725460485494,-0.22521691770541696,0.39119061083642803,-2.060904604308024,-1.8459044233223247,0.5261706008181869,-0.08934019019726369,-0.6041599128588007,1.372351848032417,1.240812889051186,-0.23107112252963474,0.21063171332372643,-2.0578051194611335,-0.27714162802162556,0.026497127387268393,-0.8890860948344426,1.0609688372761186,2.06673647278253,-0.05385351455799403,-0.3439194880511147,-0.2719859794572588,0.25484554931385145,2.3973224079810564,-0.3006177473810018,1.1758062505850164,-0.18122251569367231,0.057170710958811925,1.4653824902538923,0.41160120920937976,-0.8180890883813462,0.5334839335592315,0.604698690670188,1.209345821943224,0.9398264649548795,1.6133950412879643
-2.68785346188758e-16,0.001945991270246124,-2.3453536110083686,0.5012196552362935,-0.6770770894004752,-0.031952767743298194,-0.3225789716582423,-1.3482905519267916,0.06134894914228664,-0.7026149444721428,0.32322865970170855,0.41432918304563765,-1.270260801246523,0.089581813358973,-0.951337871672897,0.6779911092610198,1.4066466648036249,0.5857358635656487,0.18538232893547102,0.29256316652091996,-0.7725458747914223,-0.5830003868179796,0.6281962317679939,-0.3400756680052588,1.1574043817544162,1.7503517445680474,-0.6223292420636544,-0.08512415705067596,-2.3118884763701737,-0.8489234039996642,-0.5925856571346818,-0.28375344954583215,-0.07056403288322458,-0.2953853739388712,-0.8905306442261472,1.5356542440578558,0.2024747607490433,0.07868059687545018,-0.21431522434307843,-0.03572222536188674,0.13737062599749672,-0.2418691154727019,-0.203064691459288,-1.4789830032665263,-0.8198381369903907,-1.1362965849389302,-0.17889885406523232,-2.644786708636185,0.49243774276135094,0.8271855306988912,-1.9442403191940738,2.4263461654799814,-2.0098315285860977,-1.3154236158694168,-0.7575611495330818,-1.1436844226942797,-0.018537896776026384,-0.3381831880059351,-0.6950645874260617,-2.3686839307445187,0.7919442776073333,-0.2610418214758747,1.2295967370413785,-0.9272563710970967,1.2307488502600872,0.23066883022445467,-1.2978902793755684,-0.34988401513461753,0.0139268913937123,-1.0500511830568036,0.2976484749083119,-0.605134806853453,-0.8164712006036022,0.9673791572795536,1.0430308547892289,-0.23128720043871226,2.389922912877437,-0.00591685158566449,1.189312489656328,1.8915954987275743,0.2276149119452538,0.4545378037738779,-0.125318128472676,-1.4528147204917776,0.8831135889405776,0.28156988513614084,-0.4881535448904259,-0.5730604213314358,2.257487928268798,-0.16412625752839927,0.7624812889545501,0.14475232935657367,1.452690905174295,0.3761719349605016
-2.68785346188758e-16,0.13105943621151572,-1.2553638411275732,1.4316891764407036,-1.1147639523202333,0.9142439156146609,-0.7310948708847929,-0.4851067967388395,0.7709339268593655,-0.49186026909400105,0.9569345218000768,-1.361741142459235,-0.20339353134777152,1.054273260036479,1.7414881797972825,0.9731245169084215,1.4942608374106667,1.7032527057021056,0.768491284951377,0.17454415377037355,-0.848918781710639,1.5792839807642096,0.3726373958553923,0.12448765477259781,1.0516858634477448,1.155881879892454,0.10275271361886407,-0.845326552207123,0.13160288738691023,-1.0329129246961368,-2.0222149488051153,-0.5134246298907083,0.01953379328374638,-1.7395679173513616,-1.1429490114272876,-2.447670189104823,-0.7253005643432271,-1.59262258288585,-0.2592424199056193,-0.1478951996344079,-0.8322499030434105,0.5844512994380014,-1.5400372140556609,-1.4684929763364483,1.639742487759066,0.16991854329598893,-3.0569003813737603,-0.28897010993226213,0.6320294672341683,-0.3917811255220897,0.46408276313179303,0.9034406492926828,0.23298646478464766,-0.4944287391114425,-0.4969401300648004,0.6897793993166721,1.390143923628116,0.4868342102901704,-1.3565422402526992,0.3031673447145179,0.617010235836204,-0.7411455735716719,0.34267654311967777,2.8479681028847206,-1.897545836922196,-0.12120513180096598,-1.844801877735884,-1.394917683518786,-0.4079363502454342,0.2783831936807916,0.40435783396321756,0.5053294644293824,-0.6097080323638848,0.7545812417936645,-0.9167538639809215,-0.2652421935754463,-0.012944824397197685,1.9080027610092651,-0.8604023671138694,-1.32558982403623,-0.9265921250788546,-1.4497407661706392,-0.26708314097188773,0.27507852262289584,-0.1479382444113671,-0.26198013890703103,2.0201375748841754,-0.5702894789505054,-0.07460763127268838,0.903298414420505,-1.5856895980838512,0.5566430371947102,-3.218826491429299,0.11867041782982057
-2.68785346188758e-16,0.7555825813056966,-1.4033155205008878,-0.024132602639458572,-1.8599372952310567,2.680784264504971,-0.5281902650780881,-0.06839263764896292,1.7374441173005932,0.5896230495626318,0.5506046740595116,-1.1434879297677658,1.373387266716236,1.0244659491986308,-0.33945667487420883,1.504864790009903,0.6604153851265148,-1.0492622168479702,0.3605753695546495,-0.36160018536934807,0.8430186151642887,2.4822884839763204,-0.21763841978049192,-1.0170904013526376,0.3048088536033881,0.02458102364364889,0.5331642419460916,0.04994172629737054,0.6569656463007644,-1.2957353323003056,0.03445529913450207,-1.4591847461360163,-0.5914126535378829,-3.288002328048741,-0.1795349625113809,0.036110349051899165,1.8511883734215586,-3.647491537546839,-0.5272981083430064,0.5030983902445333,0.10782912033808345,-1.2589898028468578,-0.06798181179851617,-1.483330553095723,2.4258529301806067,1.1600081683595558,1.3610741701406597,-0.7565299479734047,-1.688030260504013,-0.5487614591318418,1.1900549376883074,1.4401857787570689,0.4178936867888413,-0.6848368629681632,0.3174415986628087,1.5821221085449653,-0.9424367246012241,1.005890484705129,2.758566095880795,0.6595692398221329,0.6094943962228603,-3.0873410406653052,0.4824753520711372,3.423179130768629,1.8099817223407544,-0.831406300936005,-0.06330544016436496,-1.6377916843707014,0.17773575253242874,0.6863743131471123,0.04733352634201615,0.025301616315688794,-0.0417852650019524,0.859426719616772,-0.6821978461626192,3.099650586710384,2.6201585478951595,1.938458324513928,-0.1997775840447545,-0.5269126212141096,1.8740785175951773,-1.322022183631307,-0.7327328714836066,0.4319221084616558,-0.5836727274902374,0.09218244552506985,2.075896450787421,-0.3798567907401609,-0.3213026780908606,0.7775743784269549,0.08385276218643334,2.0485517204993737,0.3201738514127602,-1.0718243796690126
-2.68785346188758e-16,0.5713710691167577,-0.12782580439838195,-1.1314511911049672,-0.7447635650736933,1.0415117963813936,-1.5963912784087895,2.9221808871074226,0.6778188064993299,0.3173765465037323,1.0410132918315365,0.4202575315415237,0.056486417773012,-1.1160649766141844,-1.0646139977944165,0.09970097645658596,-0.8713428915719472,-0.0940814464319717,0.6785873100733792,0.22848508839601547,1.0048535224104682,0.16555055813843517,0.8118841800338795,-0.9345157168950683,0.5502630135723993,-0.1480982863828227,1.0798399166396138,-0.21776609822744722,-0.2797393699612519,2.795423574634552,2.052413195601897,1.2937033967015288,0.25751954636731705,0.9242252812715914,1.9378209070376546,1.3094181062107086,2.9550288420333546,-0.49275298233995757,-0.8536424289836649,-0.45907822594002695,0.5602395665167851,1.534388340488674,1.7934606091868412,1.5421778877000212,-0.03986531864576718,0.09706944364946235,0.6046679621059315,-0.8145085670121878,-1.2110063587432798,0.24871246407088415,-0.22894799411589134,-0.1471586552310311,-0.006550264796920674,-0.6435341475692182,-0.2212748126749904,-2.0624898721375367,0.5302887310452955,-1.4418963887718188,-1.4808058373055544,0.20378999230279887,1.9539526658635347,-0.661058860242846,-0.06814209588195325,-0.050077747991008614,-0.3207256873994039,0.47568530185696534,-0.3734324962410805,0.8329059476114573,0.08531164178057493,-0.9168752365228575,-1.53895061483937,-0.39715456205782185,-0.35449891862366467,-0.8196583637621644,0.4294301866359832,0.28060979122841545,1.2612415046680665,0.11056905143934032,0.8545722544243906,0.14217119367853692,-0.5288864703027584,1.490638536285906,-0.638877506254742,0.6333789487183766,0.8187643850250866,0.026745698354498953,-0.04416411622804045,0.931008319721594,0.23113974087640876,1.0404843231175918,-0.7964351983029394,1.2363756794949161,1.9199897787075297,1.4995284004867866
-2.68785346188758e-16,0.7996239059602038,1.0696680851702094,-0.2880132160746633,0.16374944615235623,-0.8869142521530065,-0.37859650858351307,1.2764868102602,-0.9417922625729553,1.4948803207094723,0.10380055527666153,0.22667740867897723,2.4465313430860522,-1.179948717564748,-0.5787251528994333,1.5822909176290891,-0.20111059493375036,-0.41436123191999724,-0.7508520574523956,0.6560994814140678,0.11510478241317976,-0.5543271528208714,1.4652361193134626,-0.31221562740310316,-0.12601302314871432,-1.0949422810504421,-0.5871546936324225,0.9383617802056854,-0.056092655686921344,0.31702223407988434,0.398831090621664,1.1085630527747712,0.4591746349718627,1.5524537824201967,0.96051193157576,-0.0458534651950514,-0.10412725985374616,-0.4811547971980044,0.8162640658285183,-0.09061631784945845,0.1820127583556881,0.4302351386427874,0.8283042917876564,-0.18335827670472593,-0.8542732460556773,-0.5680610164985681,1.9484047724264055,0.6302946625304423,-0.5415239689654718,-0.4632971063528532,0.877015372847759,-1.3486449377877152,0.01157194324072392,1.5807243544225025,0.33758986437045274,-0.23991530435449582,0.005456780607616207,-1.1542121319258165,-1.7471662976870928,-1.4340188835030028,1.3362176119781737,-0.680533181866305,-1.3163709655888367,-0.24781099502225917,1.3784932660236757,-2.85832956951476,0.8808002895902731,-1.5601465402736268,-0.38843037783896195,0.03444862123758712,1.5518518438733064,1.03606201610816,0.6713129453146814,-0.16906638339836694,0.21716255579272065,-0.3905513858948996,-0.5855857189283235,0.04120029208274335,0.6123101759864813,1.8391599232472933,-0.0009510526459149959,-0.8723252417196885,-0.09112586530260641,1.8659558687962727,1.7999986540936976,0.442177512905146,1.220570692767541,0.33694046565438757,-0.01939425009083806,-0.35774840862736135,1.8641017020407376,-0.42514577913926044,-1.017321462511597,-0.9375386039345264
-2.68785346188758e-16,-0.10018700537797216,-0.6994927559513583,-0.5765740648691202,-0.6843148208663835,0.6121340051603961,0.8988372607227949,1.3624220107416414,-1.900127650436902,-0.5800338384635549,0.45661812454046363,1.0133050639356769,-0.22611566398637584,0.1207661833880456,1.7917071114898406,0.024099146087523535,0.21827386773187576,-0.5752604311368151,-0.1431282379153095,-0.4515483610930303,-0.021705303558972308,-0.6957576929300249,0.6587681389113428,-0.3133978462854479,1.586300829041366,0.5782914883330919,2.6502794150145865,0.5439678726744526,0.19971789386366545,-1.5359195708444324,-1.0813920565569408,-2.2873531923370325,-0.1752687930464983,-0.394065096348392,-0.9479308255953988,1.3479861447909993,1.148382008648415,-0.032680272561046164,0.5588598678131518,1.105767545731601,0.9760099448694382,0.724521587096655,2.131910539274612,2.5723748920498375,-0.5296004664796891,0.12313773264052025,-0.18000538016429113,0.57935014438166,-0.19428907877794743,0.5876888134297747,-1.6679618568624,-0.3516341772371907,-1.3090022487567454,0.276522563944976,-0.12769481265611765,0.42450824257746966,-1.1165597399776988,0.6595387313642284,-0.6141364466144152,-0.1756464730486499,0.6158964631727379,0.5375462260081413,-0.00020633436755529422,0.35421827559887425,-0.7631615969351178,-0.9153634624088184,-0.3195241766375244,2.548971344788286,-0.716789905105132,-0.5794014909250448,-1.3417092225170915,-0.78147502126639,-0.22509558868835955,-0.5135961185077855,-1.081772349388416,-0.4643342655909481,0.9575024340332126,0.2423163231518256,1.124014606124584,1.4417873023801935,-1.5980547700066938,2.5171928695201595,0.5186955537865571,0.15720198881996827,0.3868365957627288,0.23673698393863263,0.48641913903642586,0.500352303139439,-0.4765768987443084,-0.5013668604487563,0.10723221006626266,0.16343584806084732,2.4333780586033624,2.0684174330030083
-2.68785346188758e-16,-0.6033984531943121,1.7567544257608145,-1.3160168289231813,0.5227121036411155,-0.18785279653891285,-0.8431299652311678,-1.335731237509723,0.8802060325013605,0.0008270614429814141,-0.48680610536515356,-0.9306606748838397,1.1687886581787907,-0.5117162167834899,-2.001906611169981,0.7863659450723575,-1.2349842930818342,0.4143837209691164,0.4051439562779473,-0.027302151977619024,-0.20213838941087567,-0.7000533297757082,0.8831104178069122,0.39384804523296774,-0.306988525611843,-0.42586467401535344,-1.058240071119,-1.3158198729534307,-0.354600410294703,3.8582533631282985,0.14199509074865824,1.0827245575398696,1.208753122459671,2.2121129444107908,1.7479248148887296,1.8180451780590106,1.3912389607174878,0.3059822020303149,1.4271518087986261,-0.8355129992742736,0.7137413456671442,0.21491370875866508,0.08197490648138689,0.13578873133152625,-2.2813012770324343,-1.5943841274929749,-1.8125512721527877,-0.3675546063137739,-1.4157609508381763,-0.19740157456783147,-0.52663704281849,-0.26923345115390707,-0.15204270191166963,2.003274880928714,0.39329461398153226,0.07310613700248303,0.37653082222091083,0.5935952287224261,1.293523320470607,1.1200469352593134,0.8877089553734598,0.3194391991838838,0.16465125037047046,-2.3168783059215134,1.24186093778206,-1.279485465921329,3.5087517531756562,0.20733938697113197,1.7936249593391367,0.2333884047586581,1.8452083848816838,-0.19691284751150648,1.0805284317019248,1.0702358599140251,-0.9039385458913649,-1.6225359018399232,0.038511354665071496,-0.738145791131711,-0.6008043056964126,-0.8966901799049447,-2.116319533101499,0.31068487303880055,0.07029458886930519,0.3656695622176108,0.48914568973571954,0.4824218105670434,0.22411804618150322,-0.23491945634598563,-1.0186735426631797,-0.8936990849435158,2.0157595875410017,-0.31830007915632874,0.2190655884083086,-0.047957456231436935
-2.68785346188758e-16,-1.4791581652188017,0.2759117339433968,0.7427950328214108,1.495516790026255,0.8263163950461615,0.23369918724242872,-1.0497943055289374,3.077929300889931,-0.8223623015136482,-0.3757981929363557,-0.4015974221389941,-0.8283720018874776,-0.3769018963216737,0.024019508445185966,0.9961256899992583,-0.8909820747185209,-0.5727957882043113,-1.6226766738356244,0.24292531529591468,-0.4465460100909649,-0.058717136668829106,0.8603926427913688,1.4861355947172283,-0.6456454554590024,0.8674558657457291,0.18226401880332774,0.07614147362508433,-0.018405680340033398,0.5401007217727625,-0.40016406222921697,1.1152162401958856,0.34693567937924474,-1.6524206996020372,1.9580995709923728,-0.6739091234610844,1.3430696368495496,1.899514577184752,-0.17727200940076182,0.3635249098507961,-1.131348049456274,-0.2019371806678117,-0.008224897437188308,-0.0795294473674136,0.5219088958399742,-0.6939799332878842,-2.6798871095154277,0.5103850814364761,-0.39761747014819704,0.6462623880784385,0.6160511843341228,0.44958820621287193,0.7682768133647392,-0.4434393081689841,-0.2395154800748092,2.646525923178123,1.5306918621202958,0.46370784261699327,0.8825678337205325,2.765906104088066,-1.3989660417654795,0.7991800412212665,2.0226286117002434,2.2528760622310453,-0.6035936867699243,-0.4014312340441126,0.20926195327666502,0.5255881109030874,-1.9185620094050893,-0.1919674038345947,-0.7433314664816095,0.7517100851610701,0.32277002853591497,-0.6544518942921587,0.08922275038029819,-0.9704539393881935,-1.1576318609334435,-0.2893517297769028,-1.7542593384708904,-0.637665895807451,0.6786616144058523,-1.3492732192648866,0.32028619139620923,-1.8828323097134558,-1.7677862068727725,-0.37466252076929246,0.028636393416663297,-0.36768446724027043,-1.1491710068599392,-0.8046157508267269,0.1651136549752002,-1.1732436247635671,1.8086668874722671,-0.7511360887259845
-2.68785346188758e-16,-0.7769666283655986,1.1062716915370436,-1.3180956427005592,-0.43696692054949654,2.685568344311838,0.2602209706238817,0.7675367372708523,-0.34940268137028774,0.3650769443591908,-0.2595618464626391,-0.4730744292114146,0.14487600330296257,-0.5577463252875051,1.4328759272011293,0.9366333185849889,-0.2874221052884395,-1.2272968768534351,-0.45503884876375056,0.11599277894470957,-0.525708600876583,-0.4390661549900287,0.020639368167556765,0.039074760845015995,-1.2982644866265411,-0.04527779415082005,-0.6158764576773088,-0.5799318968502075,0.6032523517253667,0.4361422581088801,0.5972892708666502,-0.5801271493431803,0.2767792879579857,2.2040262100057704,1.1761241580403137,1.0763082273216318,-0.5494161835828464,-1.339605149164828,-0.37971335356319924,-0.6233775871183805,1.3181798208933402,1.6289767874663807,0.8022287882273886,1.7172689229462512,-0.319016145349027,0.07405732783105134,-1.5037994230670955,0.775374372713698,0.42862703318846884,0.8388435951427817,-0.8932183788499539,-0.5904219911745392,1.4432477790135418,0.17983289898828497,1.5205939399628103,-0.8959705790015203,1.3177134965032393,-1.099871000780131,-0.026399431249521932,0.6187031734394607,0.11342849088276663,-0.3786422325802835,-0.48651810938350537,-0.5211472219430638,2.0646922421349996,1.2306033978231474,0.6378198403639642,1.7407681694981458,1.4332371907576982,-1.6909837172535138,-0.6376339016653767,-1.2247703085269948,1.056036480793269,0.4676093536731847,0.48299126772322376,0.06551894320513141,-1.2916458979491825,-0.626409546332787,-0.3480557389232697,0.3782559440068199,-0.21086965991617357,-0.0862182884005401,0.09970576416806151,-0.29858874862194823,0.11181258367776437,-0.21156285664005625,-0.7849210397281516,0.9448059633268111,1.17074033319537,-1.0745354430919196,1.367921126447305,-0.47321523656742703,-0.3465610663501295,1.5698811339835999
-2.68785346188758e-16,-0.211485658736578,1.315111589895014,-0.7927183105559681,0.7069485262899227,-0.2990800814900578,-0.4347502307917666,-0.5982573269497882,1.417788071326811,0.2840294700498813,-0.9750555838501942,1.1035968812351227,1.4861257688666818,0.11426230726821551,0.5734191609968831,0.09467634430353788,-1.331798531262842,-2.4226223948626657,-1.9139533119207188,-1.2450458428417797,0.05348918108115595,-0.5158450051587711,-1.991961746240111,-0.9139495394835341,-2.211944707764081,-2.4273616074645648,-1.9574100911424028,0.45440945545878697,2.9539814043306465,1.0182234836283102,2.0911383185722316,-2.764583255618372,-0.2537715051190923,-0.9863697895162298,0.08956025863015499,-4.395095374125434,-2.832100172851305,-0.9500340969547283,-0.25819692426028285,-1.5954696592562123,1.1856192598795745,-0.2898258105990462,-1.6995937431109256,-0.03540383303761585,0.6347980013770811,0.6919061253307747,2.0057448394840143,2.022884918169605,0.6214245213315125,-0.3303922400288785,1.2174341145212981,-2.476165490263053,0.378901961541941,0.8445384001439095,-0.08063131680113295,1.2319580032039257,1.6557916307378229,-0.6708259923972801,0.14252015615825467,1.4788943033104653,-2.158719395856857,1.0877392984289382,-0.5249087250761002,2.089966087406242,0.4662316471925969,2.219517295568348,1.4163017579253272,0.8056643891526212,-0.6355047126072305,0.09279505656786066,0.4273785940482572,0.26582562377410146,-0.38196172720786037,-2.21726660640061,-0.21893882746392285,-1.5698153824852037,-3.2174669723699636,-1.6044585822565502,-1.538116035386177,-1.1866045154740041,1.6241305544029423,0.2750288747758617,-0.5370041691925842,-1.629222172041951,-1.2346929039332402,0.628763361575521,-0.36502819110679696,0.29168833851562065,-0.9917571882725501,0.9914705258739076,-2.236553612280531,-1.87027852331481,-2.547605618522736,-2.592944522969671
-2.68785346188758e-16,1.5664822985972604,1.2853420311702684,0.9085799911510629,0.3559672020432746,-0.5670186359161655,-0.8717782903111213,-1.4354077340181115,-1.1498725590947139,-0.7941759667436958,0.3188202596533503,-0.9774131830504642,1.3662937606551004,-0.6138930500929615,1.4007352443931766,-0.6159982288666745,-0.3345472091285463,-1.0690174796411211,-2.9049403239744342,-1.9631745526411108,0.16470215254879844,0.8808055553968118,-1.4719849490677683,0.6748473178855158,-0.3911602251212692,-0.41786491993789243,0.6406812937210603,-0.062420152722480415,0.44068989942510767,-0.4387392950438609,2.093063333594748,0.11118663054486644,0.08826387077083536,0.14140533578325865,0.2915476750682927,0.39478018407214666,0.10965222590847623,0.40342616435942275,0.40032387274504405,0.7867434586852478,0.3463451591858904,-0.8812085749192821,-1.9759119096221105,-1.366652157151837,0.5787519594667307,-0.2035884997632138,-1.0603995628048255,-0.8015438595217802,-0.05663351965635302,-0.7455384055626179,0.5984672102799199,-1.2388727091376406,0.46493726441439936,0.3674331205254426,-0.6978316968277966,0.2602493966858901,0.3421443696998913,-1.5286818528001729,0.16940587627178405,0.9333413062158482,-0.4474132744508451,0.6053591184876969,-0.43602850035277796,2.5803340988853964,0.478217871607029,0.6326285685054327,-1.096892292511031,0.12487105579035437,-0.5460715261270803,-0.18318513327517622,0.7305904790469605,0.6058024826909496,0.015695150781886824,-1.6638204772378056,0.5430495672872108,0.6207886496792876,-0.3437960274369828,1.0276849253791596,-0.22470461001798314,-1.1653870760954557,1.242359567189307,-0.2285536218634789,-0.1685331820904486,-0.9158908903458433,-1.0877131849488055,-0.4511855881570209,1.1943197169807152,0.3369415068567798,-0.9530563696561508,0.4385994861387847,-1.1738826185841673,0.40091634759309247,-0.1388568951237849,-0.7164635328712383
-2.68785346188758e-16,-0.5237795846220737,1.537979635873453,-0.8319501956705914,1.2548053428233819,-1.0284152661948704,2.2837979454894928,0.5566120923983315,-0.18892697648567713,0.13090923535477497,0.037167328574142074,1.951161867395657,-0.5496149865638106,-0.04412060710288024,0.6547577977328963,1.3266118939343108,-1.009064772287067,-1.3741353916920023,-1.4576270543029706,-1.5245354723619602,-0.026051563469241333,-0.8454616738644047,-1.623579962945373,0.2760933101878165,-1.270768747891196,-1.8230026030352757,-2.0228377138574523,1.298910089063403,0.5134888908603298,-0.6993213188669954,0.25893852537528317,-2.551472656425786,-0.35482670289094603,-0.30161225932848384,-0.8117745900227508,-1.6195292443034173,-3.3460151786242327,-0.4484586831803011,2.3927116670717776,-1.1019383785222323,0.5292702432204752,-1.8318707379392478,-2.210582629892179,-1.751731665024435,1.465299068621363,-0.18980619744390115,1.4677766119746092,2.2894063843119135,1.2447297929469718,-0.4753868829074801,2.666110611173097,-2.054536085092256,-0.11533755450019234,0.6595657209135695,-0.7502684852310325,3.324311409506035,0.15169895838010394,0.5956889464733546,2.39030842538549,1.180162001074716,-1.148744144394027,0.9446323933648251,2.521450369420197,1.5399408807255965,-0.9922482676845905,1.002519673135066,-0.6281966865403138,1.1106079740622947,-0.7932324680619643,-0.1802151444684954,1.3772486017289614,1.2867325619636192,1.134298903076401,-1.4039676788953706,0.3496869380713876,-0.10227466800251611,-1.7450069304221298,-1.1492016796212738,-2.4890295737076267,0.4405255097152175,2.097467282965277,-1.7353337450997457,1.0327181637970078,-2.1936642671847597,-1.8863149382170195,-0.22386545588988588,-0.33109097799173665,-0.36075174706872065,0.23732911148889008,0.3587717948458948,-0.13616923168825273,-0.059625961769116165,-0.5905946707566169,-1.307190831188108
-2.68785346188758e-16,-0.31451724769819933,1.4308142371937105,-2.3369689359350523,-0.030889539370389962,2.002376317506219,-1.176284694389367,1.363420961573959,0.3878162679521961,-0.5107974190863324,0.5817025204796664,0.7456903619087186,2.2433055384385145,-1.568016251498119,2.638415779102465,0.08756029524758181,-1.0090863550969849,0.10899728408637155,-0.08128582368966941,-1.429361529329887,-0.08195359795800214,-0.4272539138849609,-1.8872373882828009,-0.018066404153128268,-0.754082547799074,-1.8789243935328432,-0.3770034826111609,-1.0940195265276529,2.341169115323438,0.5103205892456181,1.520269865058569,-0.6892598910183956,0.6980969870822714,-1.1217009816887522,0.15862536156347895,0.8217379563051044,-0.41047184373455514,-0.645280755759304,1.542662346720466,-0.9444000834249219,0.8108744386239453,0.7787897769787373,-0.17150644852844865,0.150978855921774,-0.12346578802013569,0.8590807126754633,1.592167515311941,2.034275600872335,1.0210547321574268,0.431096243532076,-0.7321009665639828,-0.22692076442049958,1.1247812369760397,0.5263690867412631,-0.7060484275612546,0.3765311153893335,-0.07059575604585037,1.6882909394020018,-2.273475267965088,-0.6213074967230481,0.10987723962190771,0.12662404037371697,1.5333080400778885,-1.5877436914862932,1.0666906792905189,-0.1188526762468034,1.2074915101813857,1.1105173126300587,-0.20804992271175715,-0.030308229322288927,-0.2965491458881726,1.732184026472235,0.9786738831798099,-0.4357315596736807,0.7534257338844185,-0.7134322184652484,-1.53877407560466,-1.2538168043284612,-0.02595356490047971,-0.4721098310486299,-1.1107954627632775,0.6298149345748463,-0.9888215964029998,-0.16759986885429304,-0.687859949888781,-0.5932815675923724,-1.0153662383593205,0.4882009118737185,-1.2848153571306402,-0.3308755457510875,-1.4842812883549965,-0.6049684648143763,-0.8766553424846959,-0.5985151489376623
-2.68785346188758e-16,-0.514818025305211,0.34048343979462636,-2.3513422014055285,-2.241137272644462,1.6415451273529544,0.22148562417043646,-0.2818573146814321,1.7216540458155676,0.0423394210259291,0.3103490158564659,0.7337006980051172,-0.33383912712515273,-0.5510179971586697,-0.5712062766708327,1.150627576569675,-0.6087978566212316,0.008124038296348668,-0.362453368046931,-1.153014195452906,0.5595182434355186,-1.370090652940231,-1.1267670543696013,-0.6731684064606915,-2.0296503032551945,-0.7382196332812965,-1.3446834026448715,1.197414821563911,1.145168775561732,1.4982896277825608,0.5254199090831362,0.6792110552250723,1.9174837293852358,1.75155395479105,0.5544977255023502,-0.28135216706371924,-1.2110514132538586,-1.8906140035178436,0.7616613705807576,-1.1834286458787218,0.9705514688960536,0.502769641221886,0.28714370843004866,2.0283758016623414,0.8865894592728991,0.6089604189629656,-0.8839251697907237,1.8397237374415245,-1.1018192662390982,-0.6702298044867084,-0.2160683128710692,-0.7173267765733233,0.7388809261984042,0.4083383711488274,-0.42850506401596455,-0.0010125624158207058,0.7200040102490499,0.004805793492687838,-2.6754054538138843,1.3628656783046207,0.4462747173542658,-1.8692188620410297,-0.7355362770313737,-0.35049919648438566,1.5810685919235554,1.2718558136725169,1.4727838170027117,-0.057503164687492836,-0.09956485800297771,-0.0843199570661952,-0.6623094289838798,-0.36794026005654684,0.1342894060378242,0.21103009891976923,0.3153687548816406,-0.9034000177144692,-2.553055044839458,-0.2922767914801061,-0.4165327784975173,0.18321955673063317,-1.135023169385636,-0.8409164859498259,-0.15339546194268425,-1.1712462730848727,1.0119877754469888,-0.06125071507106159,-2.842479808649725,-0.5458815223641763,-0.1816054519371127,-0.8547248500247961,0.5806820266150429,-1.315415573286988,-0.023912345419285774,-0.2823499174263123
-2.68785346188758e-16,-0.16193347681154655,0.49032552713826993,0.4986083343577923,2.4338568200670037,-0.326279694976468,-0.01814664774493912,-3.626756507236225,-1.7216808821166507,-0.17202751261213933,0.4257152251016119,-1.353344422086513,0.1834597868523175,1.2659652667359262,-1.7611649100768028,-0.2409123645708247,-0.013046801418941156,0.4564200869757231,0.18000678139391427,-1.0457522400433803,-0.652708368252884,-0.21611537640599657,0.1621221026882679,-0.7006986685281212,-0.6634968488159089,-1.258153046059658,-0.6049276168832722,0.1505396938594635,0.6315932044042127,-3.300294262896629,-0.15039400824244797,0.9195352480774868,0.5255327032339183,-0.6904063058054344,2.797664968000024,0.06930217406274884,0.03981530458530652,1.6428122640832412,0.7580783448507826,-0.49720346230198786,-1.4448355776713049,-2.324759182982399,0.6297677230237846,8.501710021269204e-05,1.5436066428238364,0.22434527022563805,0.1701118297834293,-0.6440631798738077,0.14389343624023798,-0.8271171589150593,-0.8775834459678811,0.8203767595891673,0.6573468027811367,-0.227447860088409,-1.1123445723919265,-0.7043370513914405,0.21455590922133466,1.3969845432196233,1.257885337095301,0.026569212089399885,-1.1816778616658348,3.5946303496511653,-1.0068429097726415,0.7457464004236616,-1.5193826583852075,0.04283094195455306,-0.1110047961127445,-0.5097259271839314,-0.48739502265239143,0.16748180975168686,0.8713241655301088,0.39717305156937427,0.8244353419129002,-0.23279439586464248,0.08010531561559796,0.522492892145369,-0.965705418125856,-0.32686743361142045,-0.11881903738496777,-0.49847039547021876,0.03014884043244009,-1.1042256733358249,0.2874440130376536,1.2508550498676998,0.28705053187832147,0.07289888822904603,0.8772209100792168,-0.4843309199780835,-1.5435110173018762,-1.7470128878620939,-0.4957099785432505,0.44405902345853354,0.29755533644021415,-0.8664786954597604
-2.68785346188758e-16,-0.8345977008666777,1.0621207338078336,-1.18560102721202,-1.3859967473663073,-0.5026884308335866,0.06540068801669463,-1.9308241270685633,1.4921038060310088,-0.40180044852333135,-0.7430897305966699,0.5019552938602786,0.32456529549261937,-1.415690085600408,1.0469196440097637,0.7903204362060017,-1.9719309171683812,-1.3625516829304654,0.7551494172825204,-1.0936832942035775,-0.6394187327728778,-0.5272097748587257,-1.329043561578446,-1.0029156423418069,-1.0155730917253312,-1.1363796840689755,-0.5331469423529819,-0.45521002458156634,2.3364806880466737,2.76779113355971,0.7940204919737346,-1.2013938860946232,-0.7375256014662583,1.924620019784094,-0.455993203178633,-0.4176288794339746,-4.213571885561931,-3.18617827868008,1.6870200601609058,-0.9973947240084071,2.852932259826182,-0.24213548959496312,-1.1580224368357228,-0.9119060754051553,-0.012571082198465477,1.700516896615918,2.803812483253137,0.7254614112584602,1.115097621100725,-0.6395324681651515,2.19628109892086,-1.0556306679673428,1.465995166151894,1.0277324752592585,1.3758584943997882,-1.8870880654257531,0.9628320134819052,-0.12958077104856724,0.5200433125170993,1.5408550371461314,0.9686224200146932,-1.1785042427981272,-0.7946823693323724,-1.1547984089489018,0.4889106907418599,2.743671750534077,2.5063407321742797,0.3674014370014961,1.0078043873993812,0.10179789514907693,0.054906006387425696,0.922821285121747,2.2481554926679035,-1.5336480346470398,-0.22650049658588592,0.43804374370165466,-0.1789506662935234,-0.9972478983905684,-0.9005930759204335,0.0006734642722087125,0.62025633129662,-0.5212276821089775,-0.3886638267934607,-0.908902721650964,0.015802879985774898,-0.0694683443962346,-0.9910905297694572,-0.5096730468052898,0.1874311713106412,-1.1302019897397488,-1.0598848281982027,-0.9927850363483044,-1.417641360300582,-0.4210224679151021
-2.68785346188758e-16,0.2116850797380454,-0.6880615943299248,0.8471014894892517,0.8102712105695541,-1.6674906814582644,0.25331753231638887,-0.215289079953143,-1.271464855999762,0.05568410314390275,-0.30104153687887103,-0.2403859131518351,-1.1055126402080149,0.7405908001394698,-0.9731508247721088,-0.19407335738344736,0.18493825989307966,-0.15595152810256405,-0.13007850959024636,-0.5874203106738818,-0.6699216504443589,0.4148029061962343,-0.5329972726836127,-0.15548010449484964,0.38221828034872424,-0.16423300381059242,-0.30504664254924585,-0.814129190381574,0.12674934386264092,-0.6499264660403783,-0.3690999342695348,1.3766244023840115,-0.1954737537569456,0.6002928077301466,-0.04518449966213195,2.139468460133234,1.8047598844878534,0.6280953720484221,0.5980780121239966,-0.14685856787560636,-1.2534031692727097,-1.0552609531267618,-0.29722541874354536,-0.8784179518290754,0.22087220242113342,-0.11189405028501864,-0.35504021057297275,-1.708880687971783,-0.8509495563678715,-1.5469848425335533,-1.1293630977018028,-0.6587692839206275,0.4328351903663632,-0.35108887190081944,-0.0047673171941333276,-1.0006268602081148,-0.1863519828292636,0.695278966894281,0.8933858143157511,-1.9402198057024087,-0.12267885026198516,0.06503334724500576,-0.05421704833775437,0.48277949887205346,-1.3786026772996496,-2.8043973147936607,-0.9518025503498504,-1.6675930924733537,-2.1145489582337924,0.6601424406197323,1.4682338043082024,0.11203855037247118,-0.5198804746429164,-0.6115314512359795,0.10145715145730416,-0.714043636628969,-0.2057886405190007,0.5001654244914537,-0.712438535472503,2.0286931579704794,-1.2011110635299715,0.5035943450779888,0.4015612695444375,-0.5310524039808032,0.9727499834414849,0.22725115012986238,0.2821560001363721,0.3263028454230213,0.014893958395743312,1.2069561278564627,-1.1563893714769384,-0.3572818361879941,-0.30458574988701215,-1.6685995524229615
-2.68785346188758e-16,-1.3178896934599766,0.9609629844620168,-0.22624848881507353,-0.7210884696196791,-0.2017240139386704,0.5098497891900782,2.0421912943409595,0.5977225980388496,-0.2702775836242693,0.04579662165709306,-1.376646791617968,1.8630186284985537,-2.531456710502365,1.2401797897055578,0.2567988905032759,-1.1100489795232096,-0.4382966637629837,-0.9120972978613866,-1.7934212264967628,1.1454916236128052,-1.3374340374984488,-1.4965981312760885,0.5003081913794919,-0.9704839732455912,-2.0715482206711537,-0.4400065858548934,0.0851837365639874,2.6761306646536696,2.314143821781355,1.0060733602051903,-2.785141904395558,0.18097082431680706,1.0182067622523872,1.1956523984400282,-0.9977055042152488,-1.0000381982233597,-2.4147546513042832,1.7037352332771911,-0.8612666310063101,0.9771302714270795,1.3791483345558038,-1.6084812226375793,-0.6232524860708804,1.2902228038143093,1.2213654867248356,1.6802371252882986,1.2900910840571704,-0.01035049366309293,-1.390116558632276,-0.3120320850460715,-1.4240871842610312,0.20378262058806934,0.6291987179543368,0.29624021700189246,-0.800669089009136,0.9599375904149383,-1.4703478352482644,-1.04977333398278,0.8453775887258979,1.9783482348491557,-2.8153933158328717,-0.23601985482527033,0.6136257399894115,0.35490335610634316,1.7246709969666052,1.1164478362936083,2.089067469769325,1.1211757771284967,1.6896097438574007,-0.91580905214999,0.7849440321707718,0.9306927259521369,-1.2414634107862295,0.34634467831913557,0.7786988237364698,-0.0553749087760223,-0.522217261118013,-0.2847845765722515,0.2574071588475092,-2.8214390773000284,0.64946695755279,0.24547729956679737,-1.2532539455019047,-0.4590517584658155,-0.4161411635881178,-0.7478381705424543,0.044376023982039305,0.345077176432351,-0.8622216094206354,-0.22276458300588398,-1.0916926914030158,0.0558047753398232,0.8353566566299618
-2.68785346188758e-16,-0.013937051589803816,0.8331876565872862,-1.8772567701185523,-0.2366373466733311,1.0221857555580125,-1.457937553555192,0.9012530072970644,2.836709829988904,0.19017809225036092,0.10597425326044434,2.03489116490048,1.6882534983722042,-1.4518368771284034,0.791284382579994,0.1679753574687343,-0.5154307053910763,-1.1957829510366618,-1.9522094920402469,-1.5500934676712004,-0.5113644429694275,-0.2897055378038881,-1.6463339869955216,-0.08929984344557418,-1.828597422350883,0.7573046551683101,-0.18269996916783404,-0.08688405211873493,0.5731535874822625,1.2467252047979465,1.1014806376095165,0.8546059113944241,1.4511342942787002,0.7515994414500478,0.2683533416101834,-1.0758114518089397,-0.07996083966576895,-1.7614271200846239,-0.2081489316574912,-0.9492930760889844,1.9064154078830893,-0.7849872312682387,-1.491325459572491,-0.06569967439545041,0.9851082915102393,2.9020155106997505,1.0220324023512226,1.6364672057806695,-0.961280882159754,-0.25704167563577696,1.7674407436192934,-1.128316097815301,-0.8431606892988214,-0.43947530927458117,-1.4586268851100306,-0.20317509475451914,-0.6925423426671237,0.9258450542862557,-0.894206503969903,-0.07120517227505219,0.27822153406129724,0.8311781475999617,1.0280012681093396,2.071476999398733,1.1462552110009965,1.3243087409054666,1.2747609107452058,1.739154760368932,-2.7356743419765537,-0.24628859840384484,0.23613536938099022,0.43347318104550536,0.806432316433644,-1.2218102020145334,0.013553980729273309,-0.05964840326398779,-2.802936999417154,-1.5062217491778123,-2.5600263620706474,1.1602851144548652,-0.4107885347310434,-1.8148863454947994,0.26197440684768425,-4.933166405471731,-2.4076995195616417,0.39376928020094065,-0.2405876091699526,-0.68483681185057,-0.3673696853071297,-1.7906458697106704,-0.8131382196241101,-1.0672329021678555,2.223752791852052,-0.5257898289934344
-2.68785346188758e-16,-0.5256170393579894,1.519627444262016,-1.7350379418598636,-1.6834432548821963,0.42069819637591144,-1.1366692273114862,0.5968196161232027,0.13783930769526542,-0.2756381922390653,0.30816670015191666,1.4225422760614106,0.7725909925572603,-0.6916679303598838,-0.40713948943317324,0.8048247132825622,-0.844210184397852,-1.4478008060514849,-0.5330551337918216,0.2918219273633028,0.023799155186437885,-0.53608368424872,-0.6854985619207007,0.5362175201144683,0.904383676587049,0.03297043495277474,-0.31386916096538414,0.714535311015731,-0.5533088979552276,3.1225186980517723,1.7330443196914502,-0.1582639222323926,1.068910558463097,1.9018584030722963,1.1699718959871208,-0.5218393274543801,-1.6344378716891002,-2.6180447076850557,-0.5605400046104798,-0.9023313363855411,1.0813090045253555,0.8049393428000983,-0.15905963410451274,-0.6149708247375636,-1.5606125797315742,0.8723259728823745,0.21932305614861736,0.19844243602680461,0.33783586063709686,1.153801171737744,0.34484577554759094,1.5651722529776262,-0.17406560724955505,-0.7999827550603438,-0.13162270871481424,-0.7698890896125486,0.1938707434293234,-1.4812738082551085,0.2171355899003794,0.7191797477225128,-0.4608273635738045,-2.0715670419028585,1.3376183363004732,-0.4341083368167469,0.5752100276890615,0.5838973052668266,0.1820570312655303,0.4770845316132155,1.4281506113370566,0.33796916463448073,-1.1236148726431043,0.9329698834642558,0.11828485447590971,0.4189738688966811,0.1453767723086634,-0.539965485352096,1.2759096547121924,1.184028799667161,0.875641509125795,-0.666669799361977,-1.533068155896729,0.14745105637116934,0.06621890064819273,1.8919891163157458,-0.39407314343076005,0.06693510506429949,1.0016702792944945,-0.8289156083185129,0.01056592206313492,-0.2386657091405006,-0.9274782392973948,0.7983595479150911,0.6289885297237964,1.8510518765990762
-2.68785346188758e-16,0.14908873656434357,1.7593575337515093,-1.0650194485151185,-0.6620096070988626,0.3495650244963701,-0.05766902614591058,0.9335321751949244,0.6710528595963843,0.954977744213598,-0.07402209198900142,2.2666440138506476,1.4542223322207242,0.42502907345490915,1.4766343735830798,-0.3909619824411357,-1.0889580194326398,-1.3050605357192877,-0.9129224282202506,-1.5299018440786438,-0.5732554665017721,-0.3250064248736736,-1.7041136301822946,-0.22081275180166748,-2.1046912939745277,-1.700111380505685,-0.1907307232948635,-0.8144774417323618,1.8801967184942783,2.5804731275479718,2.3267049783190745,-0.431230571420735,0.31075560176867295,2.6841082067049027,2.567753349283963,-1.4696635874689106,-3.701755025060984,-1.456414469574843,0.6917948291271638,-1.6682818128050956,2.0596203227215977,1.6194317934970024,-2.384135022289652,0.3714217055130867,0.1580125336589583,1.4419235393403145,2.7983296626841474,2.1896419296658665,-0.26598496069437955,0.18326582023544885,1.921555569172918,-1.3435319713475722,0.9410558718398705,1.6160304010974584,0.6386055526742227,0.522883029791539,-0.17663178490707573,-0.11018297387872708,-1.6584417937954097,0.8869169356129899,-1.1219524265144687,1.4592743291152606,-1.4417835968681199,-0.06775253445458355,1.1401580516541323,0.91213474782875,1.1650228902606259,2.107985453801993,0.21460252608482858,0.5770037053343902,-1.223533314723725,0.3673432314670265,-0.03137892138731768,-0.8102549216814479,-0.19894900222880538,-1.743198197807438,-1.7767136919023434,-0.4010176368967928,-1.1985227616071208,1.352047967797933,-1.8113312640567252,0.01063536804153764,-0.3657209171282211,-0.7732792426797536,-0.3754844658057913,0.4279787888908098,0.1301206953088223,0.24539428576764769,0.33937287994318177,-1.550209906302671,-0.3948438610740645,-2.0632281216102992,0.34791251611844554,-0.24017560204718869
-2.68785346188758e-16,-0.4208618885078302,-3.470249627252751,1.5181665636475783,-0.6118072292341717,0.7396142183661308,-0.35088150401202756,1.9143599627328929,-0.7255743198419161,-0.019123812141913665,0.40609631955985026,-0.013147648665331024,-1.9348364854110458,2.901189322925769,-1.3649733167825702,-0.9396194570533899,2.3517199595659224,2.0181644138432793,1.8915838544362251,0.16344310442805388,-0.01907595962197453,1.2853577038949535,-1.3483290505120566,0.45380354158913455,0.8810222025962461,1.2128439121062327,1.2128462988539859,-0.17069811888771932,-0.004842301683146921,-1.4425854538843508,-0.21954801088182108,-1.2325956245135108,-3.4842291199783824,0.9084511259310755,-3.72913305835169,-0.129084660628498,0.47230002277721267,0.4136697180189647,-3.9400051679101686,1.0829893651406262,0.38171508257731007,2.00429293756545,0.7956688789220389,-0.7254244529947864,2.9778982621415446,-0.49490709714666686,1.1344714845911652,0.1868920776730384,-1.97113432379679,-1.2100146370293612,-2.46219335039049,-0.1505111234654143,-0.9331350174774379,1.3771548350611866,0.269336503409686,1.3683740449407868,0.40905383396781475,1.9309643581589637,2.884226715822281,1.1780418641282902,-2.669215648986195,0.9385000600033893,1.4281275116680785,1.5190071208719804,-0.5852023403145533,-0.5577795578349563,-1.1530557618481052,-0.19251513700730288,-1.5753305232376473,-0.20934781769432692,0.5037957885856688,-1.1250903250761393,-0.453525814789111,1.0035411578718862,1.6077098016834461,-1.327416894666275,2.3579418756171258,0.7218107780793384,0.2675224824571823,0.5811908905011159,0.2823365182044213,2.9238285187899327,0.13619059231455924,0.7015170980002342,0.02712265045525497,0.84698035927499,1.8595231190597377,-0.2656476573240286,-1.1649963303845974,1.0267496711421424,2.3187556139393872,2.601349342391126,-0.28905621973712725,1.8767183004192738
-2.68785346188758e-16,-0.1302860470935416,2.4690539479691287,-0.8677138718946198,-0.1368807757835897,1.052299421818224,0.8820802508248796,0.11542069854776837,1.9421196554644498,-1.580722964722956,-0.6641606554783487,0.559228052183582,0.414013727337575,-1.0741921240411738,1.4830528886295589,-1.1673183139249002,-0.8184343230159428,-0.791182585655609,-0.7877523521068037,-1.6483349413019974,-0.15706320673323526,0.1276806894291838,-2.8445792442244313,-1.0202531083867399,-1.4450357330681767,-1.1138227197463835,-0.1264365865529642,-0.6408080735231962,1.9695584777296502,0.05490558508823734,0.9533257357951315,0.6997247541059237,1.0593000305821292,0.14038016875746784,0.2851331053387396,-0.32336922533724255,-0.4759496428490597,-1.0959376982530724,-1.421004922424258,-0.9168433962037813,0.9111561768000056,0.6339207579191137,-2.0295179780095047,-2.2061944179162367,0.9146157341387033,0.909903449737646,0.6915379208760496,1.1991645885857596,-0.11458512565989273,-1.0415016036827682,1.1283669327001098,-0.8217476187135057,0.004716039717945182,-0.9812479021136994,-0.4375946554744665,-0.24516993083665195,-0.9953908002829867,-0.8012267360508449,0.5008207098197217,0.43585455982110943,-1.1439745841823363,-2.0097508351061375,1.1723891460553861,1.9309599553448165,1.186523977749229,-0.6587754569860931,1.6386067156973507,-0.756389014240741,-0.671588041825327,-0.6653934034842349,1.6051747597662533,0.7578174750892233,0.9736094901334555,-2.1515463070281102,-1.6259786256556306,-1.3316788264623205,0.583761576040105,-0.5735976812252876,0.0031578906697972142,1.1027214982028948,0.7817230465265171,-0.8493442228239836,0.6591154486474247,0.522741556341232,-1.0510732383875383,0.46938733775351615,-0.6962442159863244,1.0465492573255066,-1.493523115449255,0.16782874939513226,-1.0849284319810653,-0.6710002001339286,-0.9600955557450006,-1.8858677882206019
-2.68785346188758e-16,-0.3842168857346343,1.6138001237039528,-1.504799303223789,-1.5180048007508407,3.1840009152382343,1.1460496271479306,-0.33070324964876696,0.9448446162136261,0.16713756809630614,-0.7715712000392766,-0.05533588298473846,0.5796884188112905,-1.7294462435696645,0.0295329683472485,-1.0027394917056673,-0.48253785146383643,-1.0025773653229286,-1.4597589995450324,0.21437478148163508,0.606116424549409,-0.28243445078491086,-0.523430805564168,2.1856867886604725,-1.0303903484759391,-0.06065072263272009,-0.6311955332541109,-0.2729731723209168,1.4588078314583544,1.1396439861912513,0.21576604184203507,-0.44497276217652354,1.2041235392981253,1.332387194934493,2.1350917761807615,0.16540935121740602,-0.6048864391522798,-2.29292100517749,0.7789641521762963,-2.3100190004467125,1.776868088464431,1.8761346928534115,-0.7693478692362566,-0.22474145215861052,-1.3106889785005083,0.4084464754130117,-0.02302713353469532,2.740412682783542,0.2707913609015449,-0.42953494753744126,0.5939082246191645,0.08407746550399303,-0.549699511876091,-1.4741412616061516,0.31585547876066866,-0.5576230261503595,-0.4928182450631566,0.10697906502398685,0.29026733411049965,1.6211809778122324,0.4526198714911719,0.7135228049143754,2.102968207610713,0.9246689365828443,4.061552934691342,1.652865621501934,1.6636805892238442,1.4229020220477202,1.3856051148563464,0.8245381459932128,-0.3506563785298605,0.5829415724067479,1.2325084123343797,0.5919579207562246,-0.7622682001625312,0.06976058404869374,-0.882057941439433,1.8945955539865085,0.48938829664241124,-0.29789966981413984,-0.7678402958724966,-0.9354877864849407,0.7873043689950091,-0.47026215484029743,-0.4427962131501505,0.3364691726393555,1.3840643437324527,-0.7295877702932639,0.4118623208046752,-1.002317217622255,-0.2130834214746452,-0.9308633503045687,-0.4438728073767041,1.3037366272676048
-2.68785346188758e-16,0.4121321919094853,1.6580182299505735,-1.3020630156194035,-1.554907217571431,-2.117021258234129,0.31767488331877775,-0.4991294988399006,1.3997408830362394,0.3652190094420677,-0.4941537001213428,3.1147094907186474,2.0784194492725763,-1.4623685522616214,4.546635611561899,-0.2051280890051548,-1.5361489076821875,-2.370064695563317,-1.128143608409141,-1.543012203279398,0.13251145918643234,-1.7140319107707023,-1.6527922897730145,-0.5823174690126421,-1.649196068451582,-2.3092485941002012,-1.8034073381368203,0.23208175337318437,2.1496820124900444,0.6776277711103404,0.6314344491957322,-4.366821181278594,-0.831005193039585,1.4112535092294771,-1.8588601800242406,-2.630866713158124,-3.225231265454941,-3.0834796527594186,-1.467137128006384,-1.048701853252797,1.4684187642959285,0.27854054791381755,-1.5097605300973103,-0.6335979991792065,1.1951107940425152,1.7663190143021157,2.5564968599937723,2.356407774506527,0.07677881913655926,0.07737404126332123,3.1015974237177746,-2.2641083628106933,-0.3191372684361617,0.3102070406545955,0.419423101051314,-0.27701432759934197,-0.5429399575845574,-0.08133862037400363,1.6803945901298774,3.3809348624908133,-1.088124526236197,-0.4676502848676629,1.7891142484851186,2.355123695667984,0.11865628030825603,0.9226537114164026,0.8370584383996348,2.5869584587659586,-0.9607294563808679,-0.321359404405309,2.597771965115188,1.6565899408004832,1.5503820829313677,-0.2253237444645284,0.23047248273413054,0.622310615581203,-2.028194211695517,0.3161273332653564,-1.0080465894900965,-0.18728310382594143,-0.856677431863758,-2.8310581518920404,0.4234087924435443,-1.3837580284797375,-1.9825443319965403,0.11717853195541235,0.030832603576823603,-0.3983480171274262,-1.6778701500478423,0.0606113635219164,-0.9007836678458534,-1.1453396054245206,-1.6890235621054652,-0.3351674082715066
-2.68785346188758e-16,1.5121964095538776,-0.014691470031573964,1.1019913229578038,0.1647241782259407,-0.7100750886668514,0.10509203982026785,-0.1070786280580141,-0.8835658673334266,-0.7093006105734441,0.2555396619011209,0.18220075731981827,-0.7443905305605187,0.49950732196618564,1.7080141718510709,-0.1671661003195429,-0.18282099727326695,0.8543561077329858,0.6495392759228582,0.5736315248325309,0.08506698663589253,1.542473254460159,-0.08713853071160393,-0.20130821503599544,0.9594658319389833,0.5705037715304924,2.1093686603864077,-0.9260700089244287,0.8112113465900842,-0.36842495594972297,1.0256402120555232,0.5012990472357504,1.0203700898008607,0.2036332561317363,-0.8308980270596942,-0.6086882667454625,-0.8676845348152169,1.128033622589225,2.8359388965877947,-0.2755126325755668,0.3664593471783305,0.24469302950856536,0.4902212183179127,-0.12313059719785735,-1.2655121332237693,-0.04676011915685452,-0.5347357072631882,-1.0312867409561866,0.5796164107040171,-0.6465883247170322,-0.36975855713046646,0.3407793973627451,-0.8267288090715527,-0.7465298364265207,-0.30588187394056476,-0.5755126699857029,0.6581494900753445,-2.1577998768064024,0.23098490370516894,-0.9263850251361663,1.156295709372483,-1.803473839941058,0.09467391235231223,-1.0275835212929034,-0.6060048647853474,-0.45987897700733776,0.725413044838799,-1.7577545585892422,1.0068269821282398,-0.411424086059354,0.32915453114239557,-1.0800501958338309,-2.0698471026804572,1.0150737113874806,0.060887537109199676,0.7455872742942169,0.3165413308992536,-0.3729364824346793,0.4623148478921504,-0.6668321775646997,0.6713502744559612,1.5809598341895832,-0.732241138811933,-0.4174930371208491,0.6188409622114514,0.20972754835671673,0.5335021280780958,0.4645223613565071,1.095887016997978,1.2510078429464577,0.2336423105069129,0.765781966950237,0.8103421722446842,0.8171904963965088
-2.68785346188758e-16,-0.7769675033302609,1.436483246443875,-0.5417066952347356,0.7277861688306204,-0.4539693617399543,0.5685433266824562,-0.5874696223916074,-0.0463674221413517,0.26979168421194766,-0.10342615807840957,1.3821837314814645,1.0727990898032607,-2.0537146050543567,2.1222070574332843,-0.27109533373663464,-1.0703403132333935,-0.6402631939018885,-2.305363797429365,-1.2351758632969894,-0.1288971832140022,-0.7951226285348088,-2.1943796836793257,1.561663896115161,-1.6606994463399027,-1.0084697185410696,-1.1693125324809677,-1.410661548855948,2.290362310409062,1.0633548462616615,0.34437297221225055,-2.150227667552503,0.12298866153443522,2.2826528874264964,0.42038417612872336,-3.5024148488489897,-3.143928113218463,-1.1550632365495481,0.8375399699715257,0.3856383189968483,1.684642468971568,-0.8802377070638705,-1.7061017861635683,-0.14440472385720002,0.46776978629008453,1.0968710481989663,2.316143852833065,1.7805024957960116,1.0241636299586077,0.010865627399427697,1.4262297418075205,-1.8599811772083596,0.7886259995004173,1.6007855743237496,0.36403215320923277,0.10601209285024632,-1.1050392126390964,2.8339595638036976,-0.04998396555370155,2.203659804074167,-0.9986876997717633,0.3824265434210095,1.7585125477352155,0.7311668359897132,1.6670687219339486,1.9922818109272562,-0.6321323678432382,0.7547555259654081,0.14175146271389827,0.9112477455634712,0.030290303957275527,1.8590532871423282,1.0654303110167773,-0.4227693499674718,-0.15717257745925656,-0.9894951992851632,-1.5245290186339375,0.8886693342514242,-2.1605144035844948,1.2096201126090296,0.5231242050608519,-1.5964667299478539,-0.2701926056610018,-3.4303429572235764,-1.3170997932803525,-0.18852298174538157,-1.6316428081277876,0.7051166156857348,-0.6981057468194491,-0.44058371569737975,0.6715367236234022,-1.6261979525600192,-0.07525932212398573,-1.212433360220837
-2.68785346188758e-16,0.3088763505471429,-0.09068073805141538,-0.9570428416871366,-1.7125083501190317,1.6825668453756577,0.47840902703887767,-1.290653417203492,0.0027898032705069298,-0.703366763140839,-0.5736928582329024,-0.4371759653489152,1.054718558177139,0.01582047283061616,-0.046405475380818406,-0.3081877649406417,-0.45041627269657236,-1.216443648510117,-1.3627358060984056,0.802852979326466,-0.04332259099523244,-1.592245953035228,-0.5804982769525547,0.7945100926402799,1.2304292761545244,0.9910842118384592,0.056198332610765844,-0.5141563334966552,-0.0340654468082468,2.0668821796924597,-0.6238401589571074,-1.9470689950223232,0.6413402055516237,0.8115049645264568,1.2440348534509433,1.253998672753399,0.9122983654164584,-0.6784018844683797,1.0935992528120406,0.4592396064094807,1.4251055011964906,-0.08315511885762039,-0.06716010853295601,-1.7781837205313717,-1.2380251893847183,-1.909201413167041,-0.18556670082777904,-0.7593517189581882,0.7630976148071886,0.6572757412714518,0.5455942097820241,0.06867957316912388,-0.31860218712687144,-0.19307358706496552,-0.03833113830806539,-2.0041423950752684,1.3638148164081676,-1.1055542615853575,-1.190125369255604,0.8688805346345402,1.137620888511976,-1.3570763302190758,-0.2988259753371232,-0.08593001035534881,-0.692157901675563,-1.0049636427420519,-1.141652976695866,-0.2844072940052979,0.059470260341542125,0.3099709998836291,0.9485636439268184,0.4323657572364641,-0.3732829979237407,-0.34201908265833014,-0.27649976131010373,0.5112480473318282,2.7940730989959466,0.2800746736199212,-0.02055701065423788,-0.7466084541614972,-0.6672549401678999,-0.2011272208087319,0.4204171494884888,0.12092640911151846,-1.8929041066638805,0.14683816442607592,0.42061599293697083,0.24162972969721608,-0.14256234352080657,-0.8660064475255188,-1.3276808064840235,1.0611862919237778,-0.265678118500818,0.38187276299354767
-2.68785346188758e-16,0.3520397739809691,1.898207752225622,-0.3788729133169864,1.878835662263457,-1.5265458749417387,-0.4988857607155461,1.2885185404761095,0.2561854035509492,0.24986239972871324,-0.4654034240666807,-1.1055259634344563,0.7987532122692825,-1.5874512533922136,-0.55996437545754,-0.10747430845113971,-0.6491943223100094,0.7245865938746516,0.323081638494888,-0.331390902877002,-0.8426713354686275,1.7429004843102582,-1.9559002846071687,0.6246214653834039,-0.22311058872229733,-2.8070313741145565,0.04828911296605365,-0.5218831749229857,0.1231200278122831,-0.0035592958294619684,-1.0659848029298802,-0.174182285234069,0.7283212227924339,0.2650543717348559,1.5111473205945296,0.39107189209656845,-0.609454980336017,-0.6360319076329343,0.539335601033488,0.8737085347605884,0.13236848314794938,-0.6605777003484539,0.4079445633842061,-0.3763488769188837,0.4092724453364596,1.8607018854340924,1.335279222881363,0.10186995223434292,-1.303919437349276,-0.5880575968531526,2.782774900779405,-0.4650090138355363,-0.4192793160122829,0.43854122536914836,-0.9813329179207406,-0.06070782053810253,-1.121095196247792,2.4756953567544686,0.9717646012488478,2.042922702141786,-1.6928412222141798,1.0503966436772352,1.3116248779299164,0.2941777824734537,-0.6483013838732907,1.3510026543084661,0.3631050367781584,-1.1238336302885594,0.6442146595203161,0.31962374398205495,1.5078374360277973,1.3332188466202997,1.7654482178163449,0.18231065552719883,0.34948288853137005,-0.7743876125156738,0.9884241953497491,1.069053938791126,-1.0043750250869994,0.38370484046635994,0.8472867444762007,-0.8576892960559145,-0.2637668425900024,0.8369815236440722,-1.3779735418238044,-0.35150423069237213,1.4028733068335768,0.003273575968874154,-0.952810905719621,2.2552307302963097,0.5436534721213747,0.4750325173258249,-2.5970681036427283,-0.5309511869072854
-2.68785346188758e-16,1.4514597451443885,0.8395869216195672,1.0187497702120172,2.374239639330924,-2.3780061302942834,0.17488929603213685,-1.3485849803849685,0.6267734845417665,-0.17306314410988846,-1.1549426879725138,-1.199147292703157,1.1329985565659502,1.1424464824061529,-1.5193061871552673,0.3021681524391261,0.9507236568026773,0.3409851620839356,-1.08882654938771,-1.3028524013206115,-1.063951968600083,0.39209220602650385,0.5073001538202604,1.341333021383828,-0.23410700574840926,-1.9107557448077577,0.9542595216113133,0.8270745495576136,0.2331384773074345,-0.8878064022096068,-0.3988683224299101,2.152204526390441,1.2033670162273193,-1.808838042261884,1.0189455675097336,-0.19527353074508685,0.21618654536861875,0.9918166491675929,0.6766038751147729,-0.5299169979776412,-3.163340816375478,-1.354768398265036,-1.3821036087916223,0.5275188273248814,-0.8994072404371478,-0.3833492926877758,0.9474420473612114,-0.3264959109669012,-0.06377588574270432,1.1149378201353155,-0.03632541905194642,1.1562884916433063,1.1435994024749006,-0.1062993009135737,-1.0246476440403858,0.0753195280859453,0.14474157148331301,0.09590580660144277,-0.1783295526317913,-0.1552548317105319,-0.0674917286601826,2.283582436634156,-1.2148264026288638,-1.289151463309778,-0.7942938507632994,-1.0741139381217144,-1.1863164901738714,-1.4402249310526236,-1.1559908603543976,-0.26861710866429206,0.31204953045997486,-0.05336986629527041,-1.0943699036098706,-2.2266868179199815,-0.4787665522730048,-0.9180106263991887,-1.3570647371675757,0.17243705569787604,0.43621243301124746,0.10077924227119917,-0.749656643578664,-2.391846906673697,-0.8798557277892378,0.5617218607766081,-0.3298806961897283,0.3065610220123935,1.911883003988575,0.5276492800017504,-0.5305050987563562,-1.2842472143922858,-1.2468005873970482,-1.32968307314326,-0.7208647703201436,-2.17469198430282
-2.68785346188758e-16,-1.4529570706320267,-0.7404583007056902,0.7775343437040333,0.7277340632378757,-0.9360004544749538,1.48136294663252,0.4622132862618642,-0.19123654197606055,0.7877913528874356,0.9099708750223507,-1.4244935604476368,0.7521210906072355,0.5527300648342308,-1.7394869035296614,-0.47939787644900506,0.9854835837853185,-0.3514853422911095,0.6610115508070786,0.6801135072599718,0.71206931307755,-0.6365785695878126,1.1361879717976617,-0.39868533631795183,1.313161796419402,1.404028526656004,0.9856333509716192,-0.7668529917431832,-1.3276419999974918,-1.3835071559381604,-1.7681008913138905,0.772669550112911,-0.5532181993973041,0.7509879822763599,-1.039445060251796,-0.8110484575007678,0.5325477231447368,0.4555542877624912,-1.5085884398338036,0.8740955392805253,-1.4829391011268247,-0.47804783156229946,-0.6456839520122962,-1.2842234642613644,-1.5796206757634925,-1.2335329642579345,-0.030184097584328606,-1.7510264819359487,1.0957271640882729,0.42995264883722545,-0.41234002506537193,2.4404652147701618,0.4911580194393247,-0.14122291760016883,0.22680865687412405,-1.5094816763398904,0.10851608677781927,-1.847774553385049,0.5985159329330181,-1.6205141832862475,1.293284626478843,-2.377000524597049,-0.6719095041013444,-3.327477656943465,-1.1528425348011773,-1.5763892526859367,-0.474892492385078,-2.6281228284598113,-0.7148708862494655,0.7290106194410916,1.101891319085414,0.4936953642403788,-0.7145776197769348,-1.0782015095972897,-0.35259155975361806,-1.2191209384223007,-1.567897090237064,1.5333169919056742,0.5532682632751129,1.8645807641108885,-0.4958123073946473,-1.014320606979927,-0.09911475355168986,0.6539316603314377,0.15911019470031584,-0.23758575722266698,-0.5071338868506287,-0.0939441735500608,-0.04514428894633926,0.7362003841477774,-0.1782631894561294,-0.20903813518327902,1.5582527582200818,-1.447965879994611
-2.68785346188758e-16,-1.0701071068436758,-0.22732270454090886,-0.5358013982897833,1.183584021945259,-1.8139173560397999,0.9103045626003327,-0.5662263922197526,0.430955077271621,0.4255978287587812,0.8692124587152941,1.172807504392174,0.9901430121950168,0.27530372872652853,-0.42426575956686785,-0.38906805636647807,-0.2114369963584607,-0.6824161727780247,-0.08794713997289143,-0.036311332541971636,0.2503129669023295,-0.2842502719183224,-0.6941832690723311,0.9265318482887743,0.2943428360779852,-0.12102910502031189,0.1460007794942288,0.4349846444989258,-1.0607167665383554,-1.69233884598403,0.7513292057672394,-0.35574147588168836,1.199660782597353,-1.0869718413618092,0.2851840605529451,-0.5094747522190202,-0.7421277517834207,0.2655608942963943,1.176300156314553,1.2741082320795671,-1.280931175449124,0.31483405128479824,0.048177506106372614,-1.033986621123017,0.023125925132003067,-0.5611365549336611,0.23259678808403034,0.9324134457831387,0.43262207950920223,-0.4474102864515301,-0.38988044200524224,0.48802950751789953,0.22303065513201048,-0.0998082931097726,0.26687730624702594,0.8166223151461842,-0.729707703783959,1.5308008135370752,-0.1286467541013594,1.5046866846245313,-0.8237118819210392,1.7491766067911123,-0.6214958170879876,0.020534767212587735,1.560136948041297,1.1885200146272044,-1.13928965438043,0.06595776460021585,-0.4910297969323889,1.11941863830892,0.2336793158420607,0.14760823879515328,-0.07642065443431188,-1.1127962144807646,-0.5639529112900438,-0.8048478017245247,1.4060879721796453,1.0250139032593093,-0.5315899336442161,-0.5125796279970348,-0.3620190751532425,0.7640798504630595,-0.0035045270371050863,-1.175415458543193,-0.8366729930091223,-0.1115742720624932,-0.19930268591593303,0.27527547343585107,-0.5049639978613738,-0.3419970884968257,0.4776910716816358,0.8869817187771846,1.4968775724328145,-0.7179576293654407
-2.68785346188758e-16,-0.41404047470432787,-0.4893045486514267,0.28126710056399096,-0.9646989234254695,1.932536663633376,0.6986312491554932,0.8877298998551914,2.1287389545837296,0.635175093388227,0.22346520036919804,1.5555451108541059,-0.3120093010949595,0.7335518777920514,-1.598466179447275,-0.30857942547251815,-0.267499118147538,-0.22984633675748045,-1.3977533051789122,-0.0468428706724586,0.7140319549470179,-1.223580036681098,0.3066179138334563,-0.9661727909079674,-1.4366488022337356,-0.9512426263948672,0.03922387482185666,1.2246762389040826,0.888771966066851,2.9616927429122195,0.6334980347553864,2.164066272283564,0.40108336193465477,2.253012061296334,2.064347846418009,1.6917063929639333,1.5657172812292615,1.5925152985275535,0.7118047111129346,-0.4390787452836302,1.7629374874121049,1.4525068666948182,0.9054560058854748,1.457642259856151,0.4450879300727047,-0.23269737224915754,0.34864622684778823,1.1468394907074368,-0.7971375292476109,0.6517540521369705,1.0180450677632424,0.5720434332614028,0.8437853827114348,0.25759878491493754,0.7251587664618504,-2.0528027297066096,-1.6096102121563052,-0.31995339745097184,0.45214352250199497,-0.9900110515072801,2.4544405651496737,-0.8029614597106111,-1.532748362266581,-1.2339335212017617,0.18845742150489453,-2.193270752230279,1.4182869122916841,-0.11695265353683454,0.7513168501859497,-0.598199238621372,0.3152480640371699,-0.04898997525141996,0.16562413958487388,0.3115388940536631,-0.15586523516903558,-0.987429699563749,-1.123141219585785,-1.9721782928759102,-2.012587829975346,-0.06541327088857374,-1.7772240309599123,-0.6345038013206292,0.06340706137877992,0.8506620866157653,0.34871784959283714,0.12367471837824574,-1.267930431546998,0.10489852173370515,-1.170179383987108,-0.25397772364400734,-0.44142204216042397,-1.7898120131818298,0.09728242218418029,-0.91713568221856
-2.68785346188758e-16,0.5265687596358716,0.5107986535084554,-1.433690614424982,-0.6732348509245614,-0.3051734526640325,0.451252506342831,0.31945426774802127,-2.0802960116248412,-0.889966678756683,0.4468493805478687,-0.6500552192218906,1.1302901378396115,-1.7060063688204297,0.7390747176468557,-0.44294008208651553,-0.810015689830499,-0.30294459579540034,-0.19412975390438003,1.73509124845988,1.0105990065676456,-0.061532076364603894,0.48530070534763065,-0.1356713493717693,0.9637538963394665,1.160358010670393,0.07191701990315069,-0.19472382478088482,0.8358144644887284,0.6134789280210552,1.0618535159389226,-1.4048943842379693,0.38322043239920955,0.0006814194193898171,-0.46959918644712917,2.811748328995942,0.20745207385421477,-0.07513428752394874,1.4764587717830284,-0.8995375934992058,0.27385601602427845,1.6851608571619678,0.7729603136235568,-0.9521947710859591,-1.3990428701163413,-0.9855887517402093,-1.1487756550113197,-0.9868135114155031,0.5517453676980059,-0.03510400008099533,0.2941826112408512,0.7664746470733037,0.24067995680257184,-0.39709487909515884,-1.1698162532910599,-1.006697000932675,0.8647110320015614,-1.851530860378051,-1.3293359793525585,-0.6417795341782078,0.014700050928738273,-1.551594876402193,2.846872054473785,-2.0624173169791935,1.5876105987491416,1.6040869553689074,0.9752022112114846,0.14510830405737718,1.4395126450470026,1.3160635020388205,-0.42481257691212854,0.7563631934319321,0.35840106833308855,1.2465429252227156,-0.5705570332349059,0.10798172450626825,2.3504341680798495,0.6443808154740727,1.045956114764017,0.2166459116519579,-0.9674667661901938,1.0899195889085367,1.0764129624526582,-1.6901720337671788,-0.05721190471267053,0.23815092467380783,-0.7603114592620301,0.48497669365010393,-0.8641852904258289,-0.2631144812297819,0.32729140043079696,-0.6634732362250649,1.4030481205538523,0.9363840860681069
-1.3046031469419848,1.5587767392634126,0.9469381272248762,0.24080192691441926,0.1872331581934205,-1.8296113575954829,-2.1446906533765047,-0.8083135877655052,-0.18970291390678495,-1.1572250322547861,1.6223033595189877,-0.9722045242182411,-0.7215217369150136,-0.9662516632047189,-2.3184869770465584,2.5447203279611035,-0.23410589873297993,0.6345876409268714,-0.854706541523193,-0.18095322816370618,-0.5088170418252871,-0.4478655128482556,0.19493149583670993,-0.6372105048537925,-0.36882238623855895,-1.3250351003529441,-2.0998785701382405,0.6964790969990277,0.23546532931966696,1.4869552090997504,1.2401606118749007,-0.38773001584021827,0.2280408130518869,0.8270459503885088,2.260252843058107,-0.24703554353905488,-0.48606980497735053,0.6459577803339072,0.9361112704396105,-0.9386632183672539,-0.6143631545483859,0.2988003744774222,-0.12563460625008785,0.1240622909508679,0.9104065932848884,-0.25368739531425666,-0.3419967367637923,0.2639621012855011,0.5264498997327149,-0.35827587048085835,-1.0036178808498302,-0.2992155802497401,0.8032802054538759,-2.4795651232201052,-0.953043037430493,-0.64263872844252,-3.1409267804510366,0.5667302112624004,0.21437513770842598,-0.21388646660656607,0.7365907576665094,-0.5305232898710235,-2.1671417727237414,-2.9261506737387544,-1.4103386040192534,1.4568857141354552,-2.1576417781818598,-1.270688160181962,-0.5213581356650722,-0.5662829455475965,1.6509038778449296,-0.70320040885072,-0.7080672858743102,-0.7319069494528638,-0.6137019928868491,-0.8746493249059288,-0.8868439461182304,-0.20240902181069978,0.28778517208900223,0.87552954302131,-1.2059693866193346,-1.141983900789266,0.6748080466384399,-0.960924715997477,2.0646538975168633,0.09664062747326582,-1.9958617757290802,-2.2973613965812483,-0.19039377717355105,0.018317993214032713,0.6033165753714402,-0.07685093700959034,-1.533369695224719,-0.8586886118268625
2.9606592312046325,-2.9585932428670336,-2.538552784237893,0.6541652928085374,-1.4553449926086173,0.26974825097738014,1.7648979550731925,0.4982229630735656,1.258500871353115,-0.5126977791701036,1.826210155412767,-0.17040100756956367,-1.2059049292129287,2.668116423273713,-2.3619054204378065,-1.3477766542747933,3.272831442406765,3.84170414963437,1.557461801699934,0.20200441364595578,2.4025197378095133,0.2893146966356809,-0.6891574142320636,-0.2549330083861232,0.10790786034822059,0.6818883501563068,-0.6026323073731492,-1.6650844951592159,-2.190555276993529,-3.851514856336402,-1.3889928379873688,-0.6701389130459949,-1.7947087512662983,-1.8925877878242137,-0.5669254375780495,-2.7462493910309465,-0.9122673222337176,1.7251862350260723,-0.9394390901175815,0.9811670427707292,-2.3351530099003632,-1.04130849237659,0.5540908876849896,1.3448721401649784,0.8560752898053996,-0.5773796232345721,-1.3128218055453038,-0.21239967354417433,-0.17668024568163676,0.5684501350945813,-3.7983470436877926,1.1660296065283575,0.3228624907467904,0.1631084221473969,0.5025239954125733,0.9281826040533989,-0.09371830708549382,1.0813976449572316,0.305515781934095,-0.7779529066181895,1.1505862243092861,0.6854593497320645,-0.10563163421794969,-0.4319003840250761,-1.7256402680621217,-0.889519826757235,-2.727513713143286,-1.105464573044114,-1.1875901146973096,-2.8803776834539803,-1.6670128254673893,-1.1191023000684825,-0.6384427033104938,1.669835256994871,2.875462298114797,0.8245652577440452,0.46010030348058983,0.6590482383752283,1.3089853429818954,-0.6137662466684923,1.5497072275693233,-0.5313342276940625,-0.20042651975965303,2.3447451539832924,1.5360091229896349,-0.816740041117797,-0.4869904055470129,1.001029125088203,-0.10304303488718392,1.9591747728512643,0.6691562263359148,-0.711057244490157,-0.267159596216854,-0.5310606297900292
-1.9091060524741272,2.0867294699980947,0.3629798686511704,0.47228720500165144,-1.130826670607863,-1.7375689031623296,-0.7869619388067453,-0.5816757686136388,-0.5196884793991294,-1.3654550537187933,0.31064425700618004,0.21440134725188753,2.302368909639657,-0.7008957124602788,0.15104411015271138,1.567731538198343,-0.22769716542528295,-0.7395358972622884,-0.34712134652990934,1.1451796202764009,-0.958420709712938,-0.8690503268948869,0.15986290058657515,2.4686048690572076,0.8743649882114286,1.3266889796542092,-0.5138712250097691,0.9567014489061375,0.015527197965067074,0.6441432791515175,2.152209683809203,0.6194356890348547,1.3330982091368118,1.1727565741717025,-0.15161583320334449,1.353174220821364,0.3765391246565807,-2.3530141456337965,-0.7972106946927677,-2.2546004287693497,2.139770934310408,0.34894821444600227,0.12236899971801096,1.4871349283552437,1.2252305457568207,-0.94566384025624,1.5008784568683993,-0.10087302411673266,-0.37891940809157826,-1.694769784031417,-1.1611988678506326,-0.7988155551967313,-2.8224520371098,-0.8918747365374871,-0.6046525018642563,-1.008886135548504,1.5916682323623457,-0.9962930491463533,-0.8653719038601474,-2.253864026358801,1.5910039438171606,1.5077981460089012,0.421528301940307,0.27744744734601046,0.14129279648834434,0.41523647754755383,1.2888680538918338,1.4828486816334836,0.8676313475563453,0.37757761673500556,-0.4405537558941983,0.4730408310904348,-0.6199408021213605,-0.5913099081010731,0.5325064496366224,-0.9340460711236489,2.1622054790617558,-0.3893251999246531,-0.7727352445664799,0.21151759734335976,0.008737468324027442,0.7973010155359833,0.3990691037781631,-0.08371605928447816,0.7568490438974246,-0.6495600293654492,-1.1318269097978426,0.48597352516458237,-0.5513910094650547,-2.285732950092545,0.47393016106605934,-0.5370711927180826,-0.19373546022179594,0.8781143517055183
0.053514471167785,-0.6310077039741447,0.8604830719025393,0.06593553911787375,0.602071672421396,0.6559329392274049,-0.538122174464092,1.2290917832023722,0.31298287979036765,-0.9667636053851657,0.8680079226118719,0.9007825550817986,-0.3834799244406759,1.291991842898793,0.47422278404115503,2.693537791653439,-0.5247240961237275,1.2498030752560956,1.7142058155180973,1.186788735686163,1.1542354937278052,-1.55022172901514,0.5575053775461494,2.56515343322339,1.1098819485059084,1.646991221804344,-0.4609479407252063,1.3736287131627554,-0.7040798118036358,1.3929500678409144,0.6668398318068633,0.5869553880274749,-1.3250834956631428,-0.7014155229836221,-1.5894361914383726,2.355903397499606,2.514315290519734,1.8582855846578672,-0.39376705488684904,-0.1086528044563147,-0.37689586410970716,0.5021446606302289,-0.17653385603051364,1.570042203622262,-0.4448776805597669,-2.3292340525053055,-0.9503263476393176,0.2688151389219993,0.10644620287547354,0.3429076286834515,-1.4831309868300222,0.5885493098444003,-1.1742981157234165,1.7600979193134654,0.2564775726513608,-1.416334720719301,0.2113311688134405,-0.5758950690340315,-1.2028349270004297,-0.11449385729297037,1.0559890015846618,0.9290646679870627,0.13004740929007574,-1.2073922237331902,1.1983786263140153,-1.0839564183843948,-0.4987230826664266,0.7200673258937342,0.6404820194175642,0.4997504633333407,-1.0780786917222354,0.10871924124294452,-0.6895882307397592,-0.3022308314600534,0.19442597974086095,0.7305553846671815,1.1546274190644676,-1.274575008416096,-0.6174953300007423,0.33637870171536,-1.5916507140582887,0.3249399760175046,-0.43148057535719003,-0.09984267799700246,0.04427114009409864,-0.31206030543401564,-0.5359478905008248,1.0084687980929414,-0.08506783328477212,-0.6730034198358912,0.9368171251908612,-1.2374532390866022,0.13986420719723786,0.06928671133582573
-1.1461082786843886,0.5724557106543129,-0.024486379109558042,-0.5224497192877983,-0.42204517950616205,-0.6842028459916494,0.3679711404242545,0.6098200672149957,-0.6397297755134721,-1.3883654702236339,0.43205662345416,1.1044070746818184,1.31009170655837,0.9781653296263189,-0.2702231362159706,-2.077490703691457,0.25390859249028996,-0.6245124485835267,1.06753502456288,1.0657792512546194,-0.7569665250761062,-0.9576738516508413,1.0741161199856446,2.5342243157453503,0.22683985845653715,-0.4721244381772439,-0.06337924975414294,2.4312938135822733,-0.2074469494980825,1.4998367178697913,-0.03027773428665914,2.0654223100271465,0.2851679554115502,-0.724251287437753,0.9592893419293627,-0.5705885917055411,2.7843904431106594,0.8195377753903018,-0.4920739823360018,-0.36827275266181775,-1.455712892509351,0.7694005058742251,1.4239245317727598,0.6224590290427074,-0.660185364366419,-1.6763035055228341,1.2250578230349367,0.0250557974137805,-0.9396442368244344,0.35509167645538686,-2.3058476113989768,0.1444437656874793,0.3915946408165533,0.938627307986455,0.1705677070400094,-0.950239363320736,0.07218009381160434,0.10617790783695501,-1.6484755023322324,-0.41969258531003883,1.8759310996840743,0.9337895205757216,-0.4406727340378881,-0.030638842775013053,0.02086660704276666,1.4285584270858616,-0.21391939921254555,0.7717518340885177,0.9385551871170534,1.0040656569105053,-1.1362649848641524,-0.2751683731055045,-0.599815815601571,-0.9670661696316205,0.27066593361288555,-0.9961626740313843,-0.7749809020473554,-0.4890022601649564,0.6726240365024758,0.7136520423329545,0.8272920210361285,0.4513528980346136,-0.0854854674998285,-1.0739212223779981,1.0214597008684114,-0.8887986483017664,-1.3554756281356133,1.8541810334546933,1.260889650530216,-1.3253673767655614,-0.29174497066076915,-0.4463930478545658,-0.2912755625097029,-0.14789360547326158
2.7555112061338565,-2.0767312681834644,-0.6244144591465157,1.0686160775200766,-1.2869689646722187,-1.4741188995150214,0.09849576485165348,-1.5498839568853982,-2.3725309329335387,-0.7975870706640524,-1.324778791197145,-1.3523074792941625,-0.09794431061577186,-0.25730559501027583,1.3877559258077197,-0.8205233769090178,0.9089224974058763,1.0729606377789358,0.5476910924188672,-2.2084184500595443,-0.25150655429716645,0.09347283955416424,-1.490930813613851,-2.523620119646646,-1.003531397210016,-0.1368169028358897,0.4101263949343638,-1.209867492742828,-1.4272960243609862,-0.7061221690969212,-0.3240991073666206,-0.4555611822775577,-1.4543814126846866,-2.7642542045113254,-2.2259251555250943,-0.1972068397384304,-0.38960853788576344,0.3962084493459971,-2.3983298565079543,-0.4989868932971009,-2.609797030488825,-1.949256985043965,0.17364916886542714,-0.6076195333471857,0.15265263971108953,-0.08235919263798502,0.8886529996635739,-1.054815623544385,-0.9736551507608222,0.4019968533633673,0.035050981266362025,0.15768532360784993,0.2843883892041875,-1.2154625003587716,-0.19515035444681805,-0.1785722631129823,0.44375119784256695,0.6262411155029372,0.7252735413815932,-1.3967804193222793,1.034983567776216,0.8423210844507393,-0.08707399473112559,-0.28993886548728104,-0.49935136686526355,0.9993824023405521,-1.3284591011689186,-0.38258294472513776,-1.4223266404910018,-1.5062828910054704,-0.7380167766494414,-0.5934068333594059,-1.7364935995576922,1.5072610838501337,0.4039523394641497,-0.49012666687956175,0.11165413175465806,-0.2598243481304562,1.4422702115550436,0.953919759375461,-0.8199092637288453,-0.179411007796061,-2.3406474789392706,-1.6355212523217313,1.2781144997625513,-3.192070236337846,-0.7806814720295057,-2.07673509691473,1.018659848872427,0.4203360635702521,-0.7183573218994472,-0.7858692015311303,1.772793002792119,-0.564080508974103
0.1364598332881906,-1.7306836638995016,-0.08312294157586358,0.13546762978741161,-1.8937506338817252,2.4609262960198524,3.868038713212526,0.342323017524997,-1.9770175981502196,0.7331785096116255,0.4039217546955358,1.5175914907312884,2.42626909923351,-0.0005663080021988121,0.10326914078031516,-0.7834520619587435,2.1597892333460544,0.6514743351916732,1.9305491683763125,0.736660606666194,0.8772190298205127,-1.0197016585052678,1.269514155096835,0.4338290588320928,1.2754648615407045,-1.5229829466201028,-1.4923614878293745,0.501838927036961,-0.8487932760790331,-0.14480120470011562,-0.7008270231622313,-2.6941411591014592,-1.6858715452355943,-0.4916854356603373,-1.3877909890793982,-0.19109946631683752,1.5067582199421363,0.14366501709713583,-0.5899263782723656,0.27985664076982875,-1.1850583613205075,1.1360963547471647,1.0250945437157148,-0.6010786729243176,0.7558236735928576,3.563493533382869,1.6377685651744252,-0.06368565945644372,-1.80159546660472,0.9304463766181461,0.6611485042204607,1.0842744723415674,2.2073573497690564,-0.023677384630899218,0.42688406571957144,-1.4328630075272935,-0.6399606228846288,-1.6936160831051494,-0.08793845615532492,-1.4879225390333435,1.837874793731238,0.5580297735845701,-2.54563845483227,-1.044145977888147,-0.1461365274156216,1.166360625031631,-0.63789990845729,-1.5147417165023478,1.42347255132597,-0.8824930319206146,-2.083783439299162,-0.4549966978960147,0.8405515252544676,1.7752744450650604,3.220913256116016,-0.44756834358048814,-0.09541467808877052,1.4434702598110816,1.390619639780248,1.2676673245713619,-0.29653521492710094,0.12374257138910585,0.9268662546372421,-0.5218542479338115,1.911878423264268,0.9427371716357064,0.3307226411486816,1.3745358119394337,0.7389738421909818,-0.9223920087014638,2.969266428117111,3.248626471540055,0.2684196488676643,-0.29869311296587453
-0.8414769289222834,-0.2880082855709295,-0.16147756499058202,2.3831372496218695,-0.1264593408436231,1.0126215336015527,0.4374934525386636,0.31293114719323833,-1.3980032980462993,-0.9133980305539641,0.8381250377654025,1.0438709307733625,0.5932991138188994,-0.7230832595810595,0.49006893909157606,-1.386651662707954,-0.7430713584929677,-0.7813805486329589,2.228090128448872,0.8574480718604106,1.5488163320687067,0.8710112937182943,-1.1721754986846666,1.0373484017200871,0.414018308090263,0.050041896690013604,1.2028090626719932,0.7751970896990342,1.560768850617853,1.365776212653786,-0.431561138809087,-0.9536756186494845,-1.1392628231401345,0.8858250846702836,-0.6894145301390472,0.04110315222944849,1.590335306960179,-0.6557787637296376,0.8947947180025129,-1.2262592029819233,1.1065361575916026,0.9931151128130549,0.4334856365188414,1.8476913117053138,1.3743625529180497,0.7481027768493251,0.4810076916087128,0.529715016993944,0.8534736789403914,1.714259183491082,-1.0164978541445633,-1.1046525292016576,0.7043845492710873,-0.34532972002382917,1.8781187411197546,-2.6158385427228907,-2.134685459984333,-1.9150063247720617,-1.3307725057611828,-1.4678368858646285,2.0323338996662175,-2.149255659422693,-2.4691569688544135,-2.4969310272996386,3.29621168485905,-0.20633627864525084,0.3233801766227957,1.6853287402389032,1.685896789248378,0.8619774623724374,-2.0896752129580407,0.7887457647837426,-0.187761045331575,0.16466935735635768,-0.29142266257197347,-0.7652983121434006,0.0004326935040800655,-0.12454566220232549,1.8535977036729891,0.6739872718207148,-0.8733873406482542,0.8372333135746456,1.423773928002681,-0.5476404567151093,0.047436273212702273,-0.4638462268615905,-2.761230074493583,3.824497971160638,-0.42240145696244974,-0.42156732856367674,1.4376874175110692,-0.7838992564290967,-0.28924960628358676,1.298346329370417
-0.5087396317433078,-0.31073427934523035,0.09260997261148018,-1.7602060065945604,-1.631715884823652,-0.8595706771987023,-1.1177700801174946,-1.6046971185010743,-1.0299459016772299,-1.1239664539843492,-5.24544672445012,-3.874204489803966,-4.824960307163259,0.23752278836404558,1.2506645477326492,-0.7235823813926365,-0.7693380558051375,-0.05042018681430338,-0.7958286734702917,1.2171361727159844,-0.8103531489453124,-0.05818853542734426,-0.47989899002661507,-0.26957887631719235,0.5700535721849948,-0.5082912369889239,-0.40350294653851293,1.4286569009835997,-1.2447528606756637,0.8116203656025206,0.17276667081317287,-1.9234956458475447,-0.36908409961076316,-1.6717027818951795,1.1679472964837947,-0.7992248049263913,1.8838364078763634,-0.10899375602588562,-1.2349948072976962,0.2384817857016409,-2.289797650868329,-2.380238541472214,0.01271050250664113,-0.8387289669483273,-2.3614277767528575,-2.208754240445849,-3.060041006712295,-1.6994804473537812,0.41817867807160186,-1.3057475387728963,-1.6959396104308866,0.7057352328485895,-0.1340361015831007,0.060797043155145836,0.006115010879818,0.3237768570129693,3.576723940801452,-0.8776918445520859,-1.154098831186124,1.5706714074755013,-0.8295086541147674,-0.3536903532477137,0.6312803849314911,-0.36339667934568476,-0.09989547774276808,-1.7483674692126452,0.7874074730347255,-0.45871241843074917,0.25101599290051185,1.6026955746895026,0.7932621321263578,1.3050975417273305,-0.101288192097513,-0.01390471850324737,-1.3976819575858153,-1.2046554782901469,-0.7044374403117462,-0.7687845822217187,-1.5029710626738493,0.14169761660614985,-1.2394348530605637,-0.09976446744255839,-2.1699461363419577,1.211161235870645,0.24719899083040797,-1.7254967025459036,-0.2852831244533498,-0.6349500313060509,-0.38216734572359223,-0.6499529514641416,-1.575866673370844,-0.40847816062202896,-1.2367300909033339,0.6627019690289343
0.7483110570633911,-0.7522406763823287,-0.35093899845630294,0.3557375543212753,-0.5467215354879116,1.8864155179159598,0.18464606269337147,0.9840151076097899,-2.1393058114881964,1.6448314146479444,0.5335806993097061,1.0070846981540016,0.4855919445681362,0.8125626331175074,-0.6976435324427412,-1.4817643118648987,0.727648446477914,1.1983979083952805,0.35654015951213935,-1.0137339842997761,0.6021095842231057,0.34400745741231475,-0.4110042966107632,-0.011807317081212992,0.3419884454147281,-1.178821435016658,3.8639271675364326,-0.5284232655295975,-0.5375304330228821,0.6208396286400382,-1.1516755828353107,-0.20930197315060328,-0.5510856330665569,-0.31053437883304486,0.7333469326658559,1.1178993684149139,0.9971590003566027,0.8764293098684375,0.6120623759231807,0.9969821312464461,-1.1212596357286875,1.15459104461289,0.5966615375402832,2.7456504419006693,0.40207465868727865,0.8779374231623199,0.22273958174772646,-0.41141601246680026,1.208931892442246,1.2332775782746326,0.007964688288748967,0.06352958772204809,-0.01690858696140296,0.11316988226100966,2.5593645135698493,-2.418184863455871,-1.5235250022415365,-3.0848779569077,-0.8613814992754889,-1.8556173898861617,2.8993433678863347,-1.1644749227899425,0.1300319638156764,0.08475282918677685,0.6305891948273605,0.24609657291016224,1.5437210043218785,0.7228419347287081,1.5648305017720578,-0.6034424304227342,-1.754654690102849,-0.7804324502306804,-0.8096198087982739,0.29371484207342585,1.8483007977402055,-0.41831178543706593,-0.6293330296708963,-0.12020906456880404,1.3294024202783672,0.145612101882766,-1.4134678800409817,0.4175704434682328,2.523603954377986,1.0089347617327038,1.0821447250832237,0.8391074675637593,-1.0585119138894519,2.264350429334689,0.005380053720413941,-1.4613741478250466,0.6175316799679649,0.37975889217470205,-0.8038666988886773,1.6593436894388625
-1.442599977584606,1.2774766764655194,-0.2378119410783028,-0.5822952938887143,0.8009398732034633,-1.3176540995941357,-1.9730830253888212,-0.8332994104072676,0.9121079303832917,-0.6581610757430888,0.44906011873104484,0.4667370915195005,-0.3138972825247122,-1.3710366341662246,-0.07541165058884229,0.7827338019125524,-0.3049709472752831,-1.6809392018015048,0.14035443972532058,-1.523181865028459,-0.6043198396058406,0.29115434728800216,0.2244725318582751,-1.2894092198996643,-0.6003670550718352,0.059018528258010516,0.381608698509634,-0.8231585294584245,2.140339326112953,0.5987825193049188,1.4340906513759635,1.0326850441065416,1.4851012471291065,0.8249952106733398,0.8703948526790751,-0.242410262135117,-0.2871527292999509,-0.7155294494025912,0.7961090854169202,-0.14505047735126822,1.6166216946692784,-1.0327894461290872,-0.4233614572112414,-0.9520921767264195,-0.7520593453186761,0.8625324483321923,-0.5742784735248764,-1.398235905308344,0.08962995202785068,-0.034425371425237605,0.1449289209394211,1.2152921248239261,-1.5930569404130026,-0.6187494115712204,-0.5553263850770238,-1.6143648967979507,0.672529273564863,-2.037576511047016,-1.0091446096462358,-0.6091950179694886,0.5135920872675729,0.039201126606430714,0.6132771048604961,2.0705517457695444,-2.273633107198758,0.2684400976625506,-0.16370474247127376,-0.1796305793476012,-1.0460352632894634,-0.4312705656908784,-0.07204969890004284,0.3422382017232912,1.2552258674373016,-1.2138626404150763,-0.6134519370658631,-0.9548536662989564,0.4537665643681855,1.621934286650501,-0.3451774639067714,0.7267351408269692,0.030938154273867258,0.4566376349754606,-0.08762509734190313,-0.17234480240992844,-0.8646909899604639,0.08840029250065914,-1.7333382769992176,-1.0469267518900245,0.4842889828245745,-0.09995932385816636,0.1868041938188586,-0.5842222790190109,0.08472401932841553,-0.6736176777090074
-1.121596884217414,0.8972587345943236,0.40153444900827273,1.3894009192658425,-0.7073788992373206,-1.1807526580038599,-0.3061022615194431,-0.8187228901191405,1.0983694368488708,0.681303582776546,-1.1882295350289822,-0.5960571813330239,-0.40248952189356185,0.14975676939401392,-0.5262483080634598,0.8747726797085057,-0.6356342169518779,0.03611812931347108,0.6575525547772878,1.5820994658022705,1.8242738148627236,0.5525519298940046,2.279239254145086,0.870527544930629,0.6279246571527929,1.9980251657825476,0.34111177806875564,0.8954073814710986,-0.4387339497288935,0.0823301016963747,-0.06086231872106569,0.2950672466204163,0.7163214790175519,0.5067058240518909,0.94791819296813,0.7359315969179241,0.7384638321653401,-0.403157925364708,0.8080897794464867,-1.1492707215235507,1.1066567973778618,-0.13313679404856793,-0.0992249809621526,1.6437103390903125,-1.191284240177875,-1.58790664099899,0.1737406900622185,0.30632224211922376,0.9436498875485808,3.3503873707519,0.7168475118783069,0.2230250248063902,-2.059409305261579,3.3298981408231647,2.5719406770292057,-2.0450523972157173,-0.23917996451582502,-1.639751749470871,-1.038549814587578,-1.176051879403855,1.2716955794524283,0.3917698281151471,-1.5487851539311115,0.5224789876673718,-1.4181402525590294,-1.728648972998439,-0.9020545363431658,-0.271609382295971,-1.0904452284133275,-1.0985326172371135,-0.13839117824241876,-0.08748853537699094,1.0787184877443505,-0.8425614865422442,0.44358609632601986,-0.3877130727790697,0.5188717755990696,-0.7412714295327144,1.281119454234009,-0.24888328760819678,-0.5106922499415276,0.9093495163583359,0.5343920300880172,0.0784862471994856,0.5662223581736343,-0.4583708574448516,0.3678209013226078,-0.4110790888955688,0.6209951212004838,-0.50160556778458,0.6252730373167377,-0.8926293322792508,2.4234176505608103,1.2085818629544107
0.6336809679738544,-2.1721471593269945,0.6474475413116546,0.21279980385983022,0.849645058484989,0.5883793131059095,1.065710261720315,-1.5715740879215583,-0.9430103670235241,1.655378794493684,0.5007453655518406,-0.8615773436534826,0.46157646682405906,-0.8137815232600152,1.9131880951588687,1.2590286102309816,0.5251219054140623,0.9239720637002782,-0.041966318906730166,-1.2021277949145837,0.2911910572312373,2.3861562744861406,-1.5814324383973133,-3.504845001452033,0.09526184767695461,-0.8709007747305213,0.4176361447839736,-2.46835320496129,-1.792249609470367,1.5942824822808466,-1.3591042400705837,0.3318801059397686,0.2195396963297843,-0.01631362605180997,1.7262809075835246,-0.5419953162178341,-1.0798897156263472,1.4311471954500696,1.301881665251225,1.5559987571863516,-0.9683546419392595,-1.5206050113473752,-0.4165757925123671,-0.7965390040689103,-0.807691361662333,0.3827111065696983,-0.5783143910110923,-0.349220320538828,0.024457081782248813,1.0167993273061704,0.4469264022089166,-0.3032693721197823,-1.0817012041912932,0.3498596101902895,1.0587576511195977,-1.2962520792585464,1.1027286590639833,-1.487498520676732,0.6994473882845078,0.10146300005150699,1.1634056036221396,-1.1881088645607183,-0.20781253973985436,0.9881367117310152,-1.0287916311984175,-0.1486201413897938,-2.7737585132563902,-0.2508159051599521,-0.29336421169879223,-1.783951314291878,-0.2796862280484731,0.1600473899449486,-1.0254481566186262,1.4190756815326688,-0.12318557474269651,-0.20939074646587053,-0.07565321637636244,1.1781529378725653,1.3690064599073848,0.715446177822884,1.40251019380859,-0.6696713135667508,-0.8689293409757424,0.31873255724494653,0.8017211897711284,-0.32882901998500724,0.5505967861231348,-1.7050125784016894,-0.011052587225708677,1.2343962909308017,-1.486205917778709,1.0909195702542467,1.2635010157076496,-1.708276533862907
-0.9933706409522624,-0.627285564571753,0.26576269889270127,-0.12858548612634385,1.0086147541677937,-1.4335206295365914,-1.7782515004400161,-2.3352175507969735,0.2714961840460902,-0.3149993936665528,-2.8705567233106133,0.13680581967499306,-1.189774886966001,0.3375580909062348,-0.8736226576687967,1.9761762015702762,-2.1266245435692723,-1.5529328475818667,-2.191974079618441,-0.6040881215904078,-2.8791289193080583,0.9617359360647557,-0.5709315597566554,-3.2602646781325366,-1.8218875992883843,-1.3961452813242592,0.1549085943961853,-2.6886452859932275,-0.038458938465092074,-0.3731928205213456,-0.26284288944976086,0.20012914636514728,-0.05522234723087732,1.4001780106764412,1.1712211110493793,0.444594032352029,-0.9217859376686799,1.604684450013492,-0.4037239209882153,-0.30945645349225,1.5244865678978687,-1.235780481867187,-2.0539839201323,0.7624044175278963,0.6382121872539007,-2.9688651489212208,-0.4071082316170692,-0.7864592757047092,-0.6925921388375311,0.17918410581624966,0.27399329862492217,-1.1959904898760518,-1.4151316191990726,-1.3917323553162906,0.1520743339933328,2.4392959356901627,0.9855070785567376,-0.3755135451715959,0.21505129753252394,1.3488001395610076,-2.23191335716886,0.9247387320743322,2.013483864924636,0.763700714356506,-0.0587833182271876,0.7644186273155276,1.704275489177822,-0.07942269899259868,-0.4922226420096675,2.30600169065434,0.6278971483587185,0.34409296275778717,2.3618376500760276,-1.1032065237598254,-2.6948378726926823,1.793429850709239,0.2561529355048744,-1.3014672627861177,-1.0112004615413648,-0.1962902045102451,0.7870382208391778,0.4848116258775456,-0.8020708826510203,0.7211148040617898,-0.49654764533007767,1.6260670310786038,-1.5750813094799163,-0.8586783987905232,-0.4212933212133261,-0.91272764892477,-0.5327898495074748,-1.063734211788748,-1.6737744124274152,-2.073788172538452
0.3337672174760052,0.6217315929263314,-0.03918174884706138,-0.26909975523607654,0.7092817324583903,0.02830560307191976,-0.20069053220199706,1.1648356676399745,-0.40423469312429083,0.8787776438534414,0.5894937736060222,1.181571704127307,-0.0287165159582094,2.4663849322732263,-1.2290170975593289,1.2945192595320787,-0.5075420587086948,1.3761749859386068,-0.7664070359436763,1.86951462093577,0.6205275939338601,-1.0786540060289935,-0.21907449704004744,1.363769581778783,0.6840917943550229,1.0607348773278138,-1.3749506095601989,-0.2380401174372645,1.3706036326960314,0.7602393936418811,0.853446261878443,0.09079948472646421,-0.054892785129901034,-0.0636865357980102,2.658925322928178,0.10015944798262122,0.616693236013732,0.8260308353154585,1.4616307347396422,-2.4503488816722596,-1.2670831898957327,-0.7654167770138958,0.9196065689502368,-0.6051829452888029,-1.0730878599617526,-2.1069121402497686,0.8452876166643246,0.7214354958078003,0.5149709339247669,-0.7543111577555947,-1.8832842281384536,0.3923340906679237,-1.7068608599247144,0.06351677608000658,-0.352316112271925,-0.1683203229321784,-2.1437858941819163,1.5083563397295856,-0.4611295613840374,0.05223898859040421,-1.372752002988002,1.3810299599313351,-1.39863031828835,-0.9192170862285851,0.44711886778451976,-0.5232668139017974,0.1457529716334549,0.2979282218506377,1.0565208826024541,-0.7182170329123919,-0.2140545212815006,0.8843605635797473,0.3009540368734741,-0.18037252894276287,0.23662613014917772,0.6617250985134793,0.8326146673769987,-1.7524229545467442,1.4712495069384428,1.0952722147057254,0.09675382807917338,0.7224419847708441,0.9839315782256797,-0.4283797736450963,0.7906478483909403,0.3600278655063074,-0.9878367784875437,0.2578242629210383,0.05903708244961357,0.36948715339274796,-0.4107544203878281,-1.0239992429298823,-0.01932765034931022,0.8294373933283197
-1.566311959241626,2.5878467338265505,-0.10129122090913759,-0.7476167435667019,-0.5960411630845641,0.04720864759572141,-0.5173829049865133,-0.8999722268639105,1.144293981707766,-0.7139279992645106,-0.15765958747768527,-1.6299206529768853,-0.23489993630931782,-1.2104956518946175,-0.06732823311946272,2.047361051206804,-1.1425728966445272,-0.15269654186504233,-0.6459674732026441,0.7480975588109212,-0.9946959552450246,-0.7832873748153795,-0.4572458146212824,1.4900505158657804,-0.7708349397130236,-0.01008741971649929,0.9773190025474141,0.007475208116153098,-0.4927918362420504,0.7985108639851123,0.6355079728112847,0.43623878166042923,0.6123196414043711,0.40818286308336094,-0.8012257452535128,1.0601013455405492,-0.13809463117587376,0.3394662186101434,0.7449701844052175,-1.835286640380152,-0.5586349065603986,-0.7089037993099819,-0.814542642797587,0.45061147396388856,0.2499911434564681,-0.6843579770957084,0.3292286972447865,-0.6813892434796527,-0.1092072031463735,-2.60271926452112,-0.3046572124956391,0.8335633925596251,-0.8424002207936648,-0.13102075372228122,-0.6602705646116013,-0.5100847495068837,-0.9136720205948488,-1.1017664262285871,-0.6250723659519131,-0.18114779543584275,0.2435535100645139,-1.4927864853915647,-1.048466894909103,0.5345274289523178,-0.00432408965491432,-0.3555383669352792,0.24704506340280707,0.9979746512878304,0.31175180131229896,1.339752831927469,-0.7110338374935551,-0.30604033379895873,0.23840473821706532,-1.39647188300933,0.06072711123470664,0.012316944381727923,-0.47191971894339396,-0.6524522381259784,-0.6069557429423009,-0.6217749241854066,-0.20879944441054668,0.6640354588853012,1.1242032829450024,0.07434051135754127,0.5486435826980615,1.1221084127861267,0.1373085809175556,-0.3141105118595038,0.26044840923654294,-1.1190712260214273,-0.6629857667490429,0.001474292690813117,1.4674400524367637,-1.1732096757288881
0.2396090351086469,-0.30805105601218874,-0.18201618743945616,0.35248150670953704,0.3512867670701093,-0.11510127377949764,-0.5053759522590109,-2.3900448282486204,-0.48337018907973117,0.9846152225434093,-0.6881214412366208,0.43392470648165665,-1.0586146174310311,0.6118898879526071,1.0089158785426178,1.8477099785543127,-0.8442065044043187,-0.2240183789550192,0.5181922010628299,-1.0586658923144945,-0.12064698277103726,-0.40154546201175434,1.9935679587455946,-0.16736857415185116,0.45712284985397666,1.0190468876270162,-0.49498315942927307,0.7787038591058413,-1.8681693574120708,0.13228106378925578,-0.10297613893046687,1.918004129973606,0.899886836713621,-0.8770480805059471,-1.1273286894587555,1.8219955840188033,-1.7408798168009976,0.8406699035074833,-0.22805927294125855,0.8432758534119664,-0.4241206111310402,-1.553649509205751,0.9067309384280102,-0.020363567319329506,-1.2143955409463634,-0.1435656271096401,-0.049723050377210476,-0.6430168125765428,0.28629385491499937,-0.6330558413422894,-0.5286880050303799,1.4838774930207237,-1.7136391759249912,-0.5149621687470154,0.9495768846066608,1.4782910695796936,1.060813536777652,0.9199252561090833,-0.62587414371438,-0.08025790875782854,0.7523557306771993,1.3035343200672371,0.2694864890099219,0.28020931331247245,-0.7581985043579079,-1.2423360107488364,0.42972418555006237,-0.14916140843228054,-0.23473881651100556,0.12194949009791994,-1.050433036352613,-0.6347719681915661,0.6091794515139463,-0.22449603901893744,-0.49302473546469444,-1.3049853852391622,-1.2318700085690149,-1.7007658035707114,0.7454692694254014,-0.1791725112142015,-0.1330644559538453,0.05496593089992641,-0.617324236813529,0.8451186692395087,0.6839594053294392,-0.8530725272292311,-0.9591948485952284,1.1913624879668494,-0.36492158520173673,1.175682375216311,-0.13165629659889966,-0.05490478084581171,1.9927777886109386,0.5636165026994404
-0.437798627852603,2.03765457178286,-0.19396304446901885,0.45926572048537,1.2999138143221942,0.25725926729972426,0.3535195627858582,1.7672987503418809,0.8251855298704049,1.1517160912645679,0.768096178597782,0.09477555595708925,0.4777749060803617,-0.16385368294094316,0.87124002257022,-0.9875084658536649,0.9221820443831021,-0.16537085001044374,1.47649060276209,-1.0752980831104784,0.10281569636580179,-0.28927371791894385,0.19828671583524296,-0.2993244530394452,-0.07683354682493426,0.7709509118834726,0.09268811656136067,-0.47360767310249396,0.2177051834309019,-1.2057029960239525,-0.7668328951323904,1.1764935789886932,0.9921721440195196,0.7030008618869923,-0.5560563084707426,-0.4795547354515908,1.234541111595235,0.6547468145845561,2.210515361864819,0.15121817930328468,-0.46867850753726736,1.4600764173197007,1.2274303928902206,-0.7732716404841078,0.4430694552823419,-0.706741612402051,1.111475989502617,-0.684371394320951,1.0310950415528528,-1.0196907362041547,0.7655908370695355,-0.8434799752717443,-0.14587001242140096,-0.1607542692930869,-1.298811166518081,-0.7214699290158888,-2.2648426927368965,-1.4148416947433269,-0.23352965226799158,-2.710985449128299,1.971260786261467,-0.3243093577394467,-1.6883862629813113,-0.5785106413041002,-1.8904326301061434,-0.2846545360969273,0.918577515697719,-0.3502868252135174,-0.24351187959963408,-0.9312806918593471,-1.4270973582282602,-0.3634956066272915,1.7047222238629802,1.927607827067146,1.290905694155417,0.06567442441117527,0.29929399793168826,0.5922430173673119,1.5135033358236651,-1.0380540217935021,-0.28816522703649877,0.19022974893243863,1.1554258271792284,-0.20088056213638653,0.38347907049377955,0.7721805662227936,-0.38055690519637186,-1.0312878663266964,0.08390983021704759,-1.6858599420187796,0.9799862764897881,1.0943488132960717,1.531974368291583,-0.36226672951465644
0.7965473564956372,-1.001826897908496,0.8689938462725986,0.4171533810079828,0.9386324014156981,-0.07954177747997693,1.939072892179412,0.4335914822349189,0.9445207943770959,0.38151247122719245,1.6172538934131706,0.13105878892135409,0.6261080454122228,2.27232171495558,0.6041006649447415,2.5360186218560816,0.601228447190298,1.3298531100979218,1.1815742848778399,0.8810134404022619,1.123251823660964,0.33806314432090334,1.5547951192096758,-0.11198060557932685,0.1273397417187027,0.8821273485103087,-1.0649322841592082,0.04894417958530378,0.5066742900553527,-1.105399563068616,-0.3324572018907853,0.473061704700404,0.47096739332529536,0.3754097740761686,1.1605002301237548,-1.8791882524807173,0.5271770938471693,1.165553633350805,0.5348965793205381,-1.2476669786814176,-0.9037295559608033,0.04251306675698084,0.14140016809805145,-0.8421807327314976,-0.3220709055867212,-0.20374976885093937,1.4211865811719218,0.1345861645641441,0.1432267918675304,-1.5818645829785396,-1.6059215348041682,1.8780153132230555,-2.095479602420684,0.5966473626820605,0.35075942467101706,0.16594273727301156,-2.2906244937345397,1.6504258333935633,1.1177422649979556,1.2521683985805514,-0.13993026210856246,-0.19214723281664792,-0.27845069178400883,-2.1880263618041003,-1.2536465520642548,-2.0093425635145388,-1.1067486027961029,0.3709354327625224,-0.9767064454782857,-0.3497674753083839,0.23175261603277306,-1.0209770834986385,1.4269805116082566,-1.22080604011528,1.0297723947825053,-0.6654413001510844,0.3293230633649401,-0.9576612517220261,1.8736144468317586,-0.5292049627927198,0.22845671030760578,-0.5173874336922233,0.22196809261375228,-0.9429994678794786,0.5721744331957922,-1.2502700730849705,-1.3008620137741802,-2.5973996920967712,-0.37219831704261236,-0.5193957663850328,-0.5452415610396926,-0.155455481851071,0.11983443577950237,-0.38741525944030186
-0.9683835977100828,0.9235183443413091,0.13442773620157716,-0.16459886656522296,1.0072191465225022,0.5132940006868192,-1.1314385512484337,-1.5473042702801991,-0.5216835751464496,1.0354087048893785,0.563742063550714,-1.2076872768304838,0.03276415227817453,-0.792263436913323,0.3106427839877227,-0.2368244755899831,-1.2579168876361133,-0.7873062401151739,-2.0511310165134806,0.38036475117857993,-0.9236487183751269,-1.2805625852113272,-0.7101846938012101,-0.42469212688666347,-0.34060556594323377,-0.5226565368436675,-1.8558172666397836,0.4872967456993462,-1.134857714671625,1.2250735147117364,0.37785817709871417,0.1746129730530468,0.1257889645663629,-0.0021521752422820617,-0.0002852982257660619,1.6050391642492654,-1.0129074502472997,-0.02095344018524864,-0.32977843519361866,0.4526181717630762,1.473945560274374,-0.619219187768906,0.20434277424212532,0.0016925214406829925,-0.7572393039380921,0.383984493470655,-1.077539717287924,0.9674537967051102,0.6112696618244391,0.46089193323419153,0.885950625260211,0.8726164098793006,-0.5656805826955005,-1.1113974132356432,-1.0158480410061004,0.15174211051577824,0.2789460632307512,-0.20678948108699585,-0.3203990052766671,0.7152688194938113,-1.603008431750009,-0.5321287777490613,0.38733008851988193,0.15032017726212787,0.47157165528604894,-0.7568784169470661,-0.8904658755801311,-0.7121074540876019,0.5905625882439813,1.1956523034386513,0.9570768090867935,0.5820412712599443,-0.8054666705767488,1.0931994707126973,-0.3893061835932853,-1.3466862584469035,-0.8834041587283793,-0.6929082340702883,-0.6030160826261859,-0.9631729866244063,1.9695087541496341,0.33910419254307683,-1.7539941970300177,0.41235606895287497,-0.9819413596278559,-0.07931203351950394,0.10911415323693148,0.9254249388268356,0.14440739362786761,0.18463661210835583,0.8567492228972635,-0.36754618100634945,1.2316011846547705,-1.0399022623333354
-0.5882410782149261,0.039626037547540904,0.17798921041076013,-0.5495400125035483,0.9301090537863124,-1.6131684378867825,-0.32292504501940184,-2.228837389940714,-1.5834356222848573,0.016531015254767856,-1.7345994359718615,-1.7049244644400168,0.1681930171063295,-1.289597912646361,0.7815170077372322,0.1315863439359451,-0.2360670357747092,-0.3319526750932362,0.023589491591700984,-0.6914443059935393,-1.0749955227115937,0.6779317478182072,-1.3323276445721772,-2.3698984705649604,-0.551966661260857,-0.017660960920747204,0.5195428915686816,0.6801743415270252,-1.336747833991014,0.9885300262520658,1.0181688746227728,0.008547569619334006,0.13586284057790174,-0.016354003077454753,1.0972010588631504,-1.2185744706646584,0.14026893126956375,-0.1657568542056085,-2.5449031206484882,-0.13625740387427404,-1.3355289070068983,-0.5635418802024286,0.8584077648405857,-0.20592275992829784,-0.01440611973777578,-1.695027076414198,-0.6063116343320772,-1.7010693178962617,-0.9967903295203324,0.4168593317068895,-0.27630200572336067,0.06033386643383337,-1.9579075080136366,0.3024094492042617,-1.6753790947381542,0.2855522960239171,-1.2781987271591353,-1.5409790356425797,-0.37555292361634507,-0.09630961365791024,-1.4299551590204964,-0.16678200349573097,-1.6694601910690259,0.5274796084563105,-1.212947522350452,-2.4184754536008617,-1.341656554680706,-0.5415015281482852,-1.9836854527175496,-1.3390538715035936,0.25152572826380637,-1.4393034230597024,1.666457421260807,-0.9367294221276394,0.3420464171652606,-0.9730037590965008,-1.3795809809997894,0.06647256167008331,-1.0623139600469653,0.3395962787201007,0.24482231478952887,1.680157540030986,-1.35470272697215,-0.1838844084032035,-0.4180985606310469,-1.721440110852938,-1.639715073399274,-1.5996719825545844,0.06603866298816259,0.9494283671031235,-1.325325854376064,-0.11406190268397698,1.8137458289318253,-0.40025430116739213
-0.565497895683117,1.4269010528856052,-0.2345993568400354,0.3101861204527554,0.0574039854451161,-0.8991447467695738,1.67618445445525,-1.9312401322260828,1.584327341867142,2.3074188753590703,-0.1711062804037634,0.5175872379549651,-1.183435522324498,0.7076345360670184,-0.28983107167506705,2.161880724472187,0.2476429175762903,-1.029664617998925,-0.7858138777641817,-0.4139116054806983,-2.299126894654035,-0.3239162787962243,0.6285884723358248,-1.5931092384909136,-0.7253970700728737,-1.9174689537177712,-0.5399403696091076,1.0991836728520503,-0.5691262271202691,0.44342835005939485,-0.6938821145623045,0.02821047555560391,1.2133838582132581,1.4148106723477984,-0.6788407088355082,0.8045994250402806,0.48983623231967255,-0.16009540425138533,0.3662781965077065,0.2706845213089669,0.6454455477817382,1.2295462050738508,-1.458082617884725,0.17540284359418581,1.5520735040127946,-1.1001001457590918,1.1147064360985555,-0.593710298312851,-1.2918653410439305,-2.7856640091921676,-1.99699688347919,-0.7907390982065334,-2.1776444061734903,-1.704544411514239,0.15919006796208246,-0.18196855849216156,0.7528357919916872,2.106188358170125,0.8558175480549721,0.316715267552777,-0.4359540142248253,1.126359430985302,0.31943980543579237,-0.19674914284445869,-0.41042325436214555,-1.0960783632884565,0.4981442653292854,-1.5475276410464773,-0.12643059077755758,0.35050350756001025,4.274766801935142,2.432139885389767,1.1417793790743413,-0.9716863787553838,-3.4466479395837704,-0.574554447530392,-0.3665880979656877,1.1746116790194938,0.09010370693695641,0.48844959963399825,-2.3808839171510883,0.2812149781303591,1.9545350616413855,-1.5842611151282568,-2.0085870252622384,3.327374645150342,2.2945604710620504,-2.298644783009539,-0.5087435543910184,-3.31373035519011,-0.9811276161458498,-2.2586392910238673,-0.46841023532784964,-1.1166276711487946
