Cells_AreaShape_Compactness,Cells_AreaShape_FormFactor,Cells_AreaShape_Zernike_2_2,Cells_AreaShape_Zernike_3_1,Cells_AreaShape_Zernike_4_2,Cells_Correlation_Correlation_DNA_Mito,Cells_Correlation_Correlation_DNA_RNA,Cells_Correlation_Correlation_Mito_ER,Cells_Correlation_Overlap_DNA_Mito,Cells_Correlation_Overlap_DNA_RNA,Cells_Correlation_Overlap_ER_RNA,Cells_Correlation_Overlap_Mito_RNA,Cells_Correlation_Overlap_RNA_AGP,Cells_Intensity_MassDisplacement_DNA,Cells_Intensity_MaxIntensityEdge_Mito,Cells_Neighbors_AngleBetweenNeighbors_Adjacent,Cells_RadialDistribution_MeanFrac_AGP_3of4,Cells_RadialDistribution_MeanFrac_DNA_3of4,Cells_RadialDistribution_MeanFrac_ER_3of4,Cells_RadialDistribution_RadialCV_AGP_1of4,Cells_RadialDistribution_RadialCV_AGP_3of4,Cells_RadialDistribution_RadialCV_AGP_4of4,Cells_RadialDistribution_RadialCV_DNA_1of4,Cells_RadialDistribution_RadialCV_ER_1of4,Cells_RadialDistribution_RadialCV_Mito_1of4,Cells_RadialDistribution_RadialCV_RNA_1of4,Cells_RadialDistribution_RadialCV_RNA_4of4,Cytoplasm_AreaShape_FormFactor,Cytoplasm_AreaShape_Zernike_3_1,Cytoplasm_AreaShape_Zernike_3_3,Cytoplasm_AreaShape_Zernike_4_0,Cytoplasm_AreaShape_Zernike_4_2,Cytoplasm_AreaShape_Zernike_4_4,Cytoplasm_AreaShape_Zernike_5_5,Cytoplasm_AreaShape_Zernike_6_6,Cytoplasm_AreaShape_Zernike_7_3,Cytoplasm_AreaShape_Zernike_8_2,Cytoplasm_AreaShape_Zernike_8_6,Cytoplasm_AreaShape_Zernike_8_8,Cytoplasm_AreaShape_Zernike_9_5,Cytoplasm_AreaShape_Zernike_9_9,Cytoplasm_Correlation_Correlation_Mito_AGP,Cytoplasm_Correlation_K_DNA_AGP,Cytoplasm_Correlation_K_DNA_RNA,Cytoplasm_Correlation_Overlap_DNA_AGP,Cytoplasm_Correlation_Overlap_DNA_ER,Cytoplasm_Correlation_Overlap_ER_AGP,Cytoplasm_Correlation_Overlap_Mito_AGP,Cytoplasm_Granularity_2_AGP,Cytoplasm_Intensity_IntegratedIntensityEdge_AGP,Cytoplasm_RadialDistribution_MeanFrac_RNA_4of4,Cytoplasm_RadialDistribution_RadialCV_AGP_1of4,Cytoplasm_RadialDistribution_RadialCV_DNA_2of4,Cytoplasm_RadialDistribution_RadialCV_RNA_1of4,Cytoplasm_RadialDistribution_RadialCV_RNA_4of4,Nuclei_AreaShape_Eccentricity,Nuclei_AreaShape_Zernike_1_1,Nuclei_AreaShape_Zernike_2_2,Nuclei_AreaShape_Zernike_4_2,Nuclei_AreaShape_Zernike_5_3,Nuclei_AreaShape_Zernike_6_0,Nuclei_AreaShape_Zernike_6_2,Nuclei_AreaShape_Zernike_7_1,Nuclei_AreaShape_Zernike_9_5,Nuclei_Correlation_Correlation_ER_AGP,Nuclei_Correlation_Correlation_ER_RNA,Nuclei_Correlation_Correlation_Mito_AGP,Nuclei_Correlation_Correlation_Mito_RNA,Nuclei_Correlation_Correlation_RNA_AGP,Nuclei_Correlation_K_AGP_ER,Nuclei_Correlation_Overlap_DNA_RNA,Nuclei_Correlation_Overlap_ER_AGP,Nuclei_Granularity_1_DNA,Nuclei_Granularity_2_ER,Nuclei_Granularity_3_AGP,Nuclei_Granularity_3_DNA,Nuclei_Granularity_3_Mito,Nuclei_Granularity_4_DNA,Nuclei_Granularity_5_DNA,Nuclei_Intensity_IntegratedIntensity_DNA,Nuclei_Intensity_MassDisplacement_DNA,Nuclei_Intensity_MassDisplacement_RNA,Nuclei_RadialDistribution_FracAtD_Mito_3of4,Nuclei_RadialDistribution_FracAtD_RNA_3of4,Nuclei_RadialDistribution_MeanFrac_DNA_3of4,Nuclei_RadialDistribution_MeanFrac_Mito_3of4,Nuclei_RadialDistribution_MeanFrac_RNA_3of4,Nuclei_RadialDistribution_RadialCV_AGP_3of4,Nuclei_RadialDistribution_RadialCV_DNA_1of4,Nuclei_RadialDistribution_RadialCV_DNA_4of4,Nuclei_RadialDistribution_RadialCV_ER_1of4,Nuclei_RadialDistribution_RadialCV_Mito_1of4,Nuclei_RadialDistribution_RadialCV_RNA_1of4,Nuclei_RadialDistribution_RadialCV_RNA_3of4
0.8223759364110835,1.5367478853534773,-0.920193240655415,0.7029753877392946,0.4397657339943301,-1.5260954982245085,0.13203915945452616,0.8041321284525293,0.20472528527077577,0.5190965551463397,-0.9689080045784081,0.21633057473429135,-2.5479274302733654,0.2690618086057387,0.44016077460433706,0.6592504823387835,-1.141433667784567,1.0480933732382551,1.0646151417733702,0.32196914617943223,-0.7310786373225666,-0.5526003048356017,0.9095226309662813,1.0081387671369253,-0.21029184976420762,-0.7379461848591083,0.07879357721615693,-1.1509788311806872,-0.3799349094766451,-1.5849691688819891,0.13857247106719606,-0.3674801731658456,-0.04272375869046414,-0.0489831292365841,0.22636427916765434,0.4746401820294378,-0.3889654125227614,0.13880638801481948,-0.7434843669299855,0.3998906348170921,-0.798491639706478,-1.2501874325798106,-0.4523325439527293,-0.31849751515869956,-0.6479913903681197,-0.5994055843122604,-2.7215686489702344,0.9883901962053832,1.5787568161107703,-2.504973933715968,-2.521498216194474,-0.34224227945483054,-0.37661418504102445,-0.701234075119076,-0.32565174388447193,0.3315990162106608,-0.8387305509645546,0.9183481881190529,-0.15003879660348893,-0.08223577989787778,1.15346570142315,0.9625091463195948,-0.2819513042756878,0.14290785629437763,0.8882269390638802,-0.265044731372835,0.39783659314584185,-0.08640383764010351,0.35751412399587823,3.692483201266011,0.5241099589791531,0.05662834222373059,-1.995602348457699,0.9892615753371928,-0.6387916807237692,0.09498409361958485,-0.08346299739492588,0.002018272776559138,0.8635101115768287,-0.08216121768935436,0.7940488591655281,0.9507541630681702,0.22252218299432816,0.9537848843032566,0.5608447180879621,-0.45586282543153883,0.4808661164946378,1.703987074030002,-1.4188638168914962,0.9146106537854214,0.49288029659675814,-0.5737815734050813,-2.854381256952933,2.3500138468276925
-0.5087120183330938,-0.19386102640726488,-0.33859222326930194,0.5857875847362155,0.6012067287774101,-1.5089712348587117,-0.6904424504339731,-0.19060394589637983,0.300716431571901,-0.49938486021224454,1.8441617316376164,-0.6642242249272021,0.6585179236398826,-0.6747608862638653,-1.3793381786212053,0.8684921181028681,0.03547779735090459,0.4370014783493057,0.837351011263365,-0.27094066032768677,-0.029675211140747046,-0.28979251859714616,-0.4171701455476641,0.2701001420266198,0.8596150353026456,0.9156759049046965,0.7640380336823649,0.37016706538701627,-1.2856499039734204,0.45098162553906596,0.06369806661381074,2.585928914682169,1.1951623291570594,-0.12913614512367805,0.09357306433826285,1.1194023417004177,0.39147117708101764,0.3966249533573545,1.2218991872977147,-0.2966199003109674,-0.6284813946920874,0.9627148734822286,-0.0015445341794204648,-0.33674726185072856,0.44510973764565354,0.8665488992740331,1.5460569483593942,0.03698876490580126,-0.1292491357991521,1.6603963378839006,0.8861373488206641,-1.681553253807307,-0.4839601966229553,-1.0716129117968227,-0.31568481722741865,-0.5036691130596455,-0.3483733363593025,1.0263280464994566,-0.4649909555437308,-0.17855693615762797,0.5309314207873328,-0.8332146109381673,0.9319543535586166,0.5973950658553999,0.7997041906110613,1.2613173699414237,0.8925826396204161,0.6974351952412345,-0.9624032851626256,-0.557158221585045,0.11420282070107485,-1.4942123669116256,0.07877534408448658,1.1937296284154493,-0.4474865188279269,0.10050439512102248,-0.681797330738948,1.072864434943323,-0.4857346198751393,0.46356708696174076,0.8088686464558422,0.5137402170991254,-0.6710676931595607,-0.2789369280156946,-0.35677577687515155,-0.4912039631446355,-0.09668978112762133,0.40259445841779273,0.5624560225986931,0.37392580677633397,0.9458806930529119,0.6949571275931774,1.5898280207164452,0.7621070613831673
-0.5148274434251079,0.829239698200771,-0.21384298244178992,-0.288381306119756,0.4811928704320817,1.975938983280129,-0.5251630705410373,2.2750790470080386,0.26203271513373316,-0.06345208417677872,-0.7950940214879396,-0.2590568846089082,1.0140786717013681,0.003952419122285139,0.09484394226318708,2.1465383668401827,-0.38597133352760016,-0.21553418740958982,0.4856379026932204,1.0400615193398117,0.3518656066637854,-1.3983067680286556,0.33829179461745734,1.1528306905136678,0.042002927684026595,1.618208065565265,-0.40338661398997644,2.1311505598671596,-0.4738447631359392,1.0779696298546502,1.0150542366502833,0.28399855108285993,0.08599730694142005,0.3893725506509502,0.14603370717636632,2.2280352795264413,-0.9892581186703566,0.9033315930237935,-0.6185522956869929,-0.18738007973834933,0.07791430066767918,0.7971011847129925,-1.5585404502784348,-1.440535861732579,0.04562437011439935,-0.11054346515855284,-1.9607433906451928,-1.138104365520573,0.5482855224601783,-3.288011473466809,-0.4948730569128315,-0.08925125177812426,-0.29899704599923965,-0.01700391354166053,1.311326614780894,-0.07088445498568258,-0.3804370874293089,-0.6554855948720797,-1.5450533358357093,0.1016348359330249,0.010030344320564988,-0.4280259576301139,-0.6195436394327526,-0.9214573599713314,2.001455961179744,1.2047625951822267,1.4319282175295083,0.12995859845303925,0.06283626345163373,2.7774645081559957,-0.07215745947314046,1.291181853559681,-0.02744138043383368,-0.18691127987831668,-1.0343040167904283,-0.32501390996774127,1.124701849190867,-0.6346512688487116,-0.4166163132315458,0.29159360369765513,-2.278219986911136,-0.028210536626201536,-0.41815554723515197,0.7958135218242308,0.13107852555169808,0.9885733905171856,-1.250478767535176,-1.0399720500736653,0.02309795914999279,-1.5582689805243686,-1.1319709209981899,-0.1273166289356209,1.726216577825707,-0.1405331583503467
0.3931708819745235,-1.2363919726017134,0.22624624536754798,1.4851739799014778,0.9112329713621348,1.0022053600590968,-1.5173218059387046,-1.2107470807175935,-2.703341740835386,-2.4719904614960417,0.5536795648861468,0.19618814279202643,-0.03855190428325217,0.43498103162282353,-1.375251457909557,-0.8413720753388065,0.05209297525435772,2.1465847687939545,1.1039408787671379,0.48146808376895356,1.143126814418189,-1.138808867354208,0.5571572999572246,0.8287033885212595,-0.18449968031924383,1.138045635385402,0.10688599132186247,0.13254866238942192,-1.0674349199215003,0.05891747910364948,-0.422760365987225,0.44670945840803106,-0.7182194105563879,1.0646114864359735,-0.8747795049558554,0.8476928282520965,1.1230799835939402,0.24610582717996732,-1.5380019734536758,1.1242411275652824,0.23281409102767203,0.0688904841062361,-1.258900985963011,0.14521000089756364,-2.6503472508082373,0.27864141331480263,-1.3266508058383482,-1.7851032546462942,0.052007961901820554,-0.9188227302809179,-0.5621525314948851,-0.4606067007374009,1.4582934667666407,1.077064367861496,0.7736229171506397,-0.08758317124934234,1.5605075309518912,0.12836178439056745,-0.24228191448663916,1.928240608193525,-1.3773983503164975,0.615658485950352,0.9766795631446753,0.138461935134092,0.8515487370135953,0.7867111507462483,0.4483958193894913,0.044848094265081365,0.29926537230503136,2.7975780562287746,-1.1005826026168504,1.52615326562424,-1.7474718519175392,-0.4011341828084513,-0.447176809429818,0.09079579166197871,-0.07177639631328958,-1.8160051372335126,0.23455794652672401,0.7383087974319378,0.5290095122064914,-0.2743406416491339,0.05056213010613436,-0.8649635997883705,0.43115105084250704,-0.3670828356440003,-1.1590552542936978,0.1467919400498842,-0.2774042816801391,0.7702607534646124,-0.4475247936307775,-1.0817136422905607,-1.2149384406691133,-1.1009174403927486
3.277288117648684,-3.4165875254997946,0.35440187764207115,2.499951012345552,1.5576219347011706,1.713834451266406,1.7385973979958165,-0.16100478943848917,-1.5194489980465096,-1.5241010979197847,1.633943807670777,-0.46096545280497303,1.9923655557311335,0.22921002534066626,-1.1644685539904907,-2.3806088134540846,2.0429405805144163,1.0721568405271267,2.1614179556107747,-0.30760122579926374,2.1539538318524065,3.2692541979520686,-0.32452270861618837,-0.9840928129862049,-0.48593273840774137,-0.8924531945528139,1.5195489865719012,-1.4561253642366168,-2.5785651362161137,0.5076072712649815,-1.7949407147283212,-0.007074633612118131,-1.604374372637632,-1.5483533270396406,0.0320130098169894,-0.7020771663035767,0.774999543853698,1.2386413260895417,-0.06437468592198908,0.7583500387599306,-1.7483906890178373,0.033510402040843545,2.8419191242103974,-2.0870914959692635,0.11344292635482284,1.5811792225297865,-2.0644303607698458,0.33600506670921604,-0.05045175958338782,1.604995484762251,-0.10884667611439036,-0.8887448448254405,2.2264319985367282,-0.2756816698784194,1.7211365595274188,1.5191956423719675,0.24697412664719176,1.1587450576875113,-0.35683167353646505,-0.05887652445576158,1.492628922800194,0.4125986169864251,-0.34821328446939026,0.9271287635202575,-1.9687394026747222,1.2161781051334253,-1.0977484677651648,1.1816144436617804,0.33414550806202115,-2.726838481971473,-1.8441574045807867,-2.626552522314693,-1.5536932468344768,-0.2160476698316276,0.9155275852132813,2.0776909148540774,0.910607132585793,1.6438296244784922,1.2256498668084153,-0.04542699135965448,2.0419156551061017,-0.16393250294687475,-0.6478042425036016,2.1641637423987405,2.7564486866915003,-1.2299197788352858,-0.7972894701652311,2.152243844079319,0.5880299507224588,2.887326570914528,-0.4327465877127634,1.093326125281278,-1.9998398396721255,0.44020382627238014
-0.8429442634430968,0.10341908173380299,-0.38188309572526635,-0.5413403520262077,-0.6395254658323484,1.0732543375162404,0.40443966348595123,-1.1146939110436258,1.4019293145270597,0.5181911796177752,2.6605775698008087,1.4005578769614975,-0.6046021956023311,-0.6803112891239834,-0.17308659213962424,0.9247055093927927,0.3216591866348029,0.6626480738951717,0.31574201531191903,-0.86302932249048,1.1215753759369247,0.23299232720985022,0.028940886755210338,0.6751559655976244,0.07565349752409672,0.878220955006761,0.04347457711723823,1.1639464393584973,0.1446973505980385,-0.9027834320128522,0.6835658038898706,0.43092954348043555,0.4760253669640336,-0.3602805558071771,0.7028445793421875,1.3646520741284696,0.26528768711825756,0.3625559950743824,-0.0491570945414036,-0.2937125582245247,0.14315749979724218,0.7920047906413545,-0.6799361087215523,-0.32725182684078846,0.6976985641734316,0.5379908144313776,0.9019045346323457,-0.8918641590776445,-0.513961344543021,-1.9530876048891175,-1.2010163755599848,0.8394988382911983,0.8910814163570259,1.7960585176085748,-0.9495400687739077,-1.75244386988933,-1.269124466012284,-0.16606388571427105,-2.1149594841076595,-0.22754193111310747,0.19734893622644276,0.05847033754417319,-0.7547522114408463,-1.7347982230554497,-2.196247627522016,1.237280990399968,-0.6177418082313937,0.09360444166836435,1.2556861119658151,-2.5722951808699857,-0.3652348847769816,-1.7772363295068765,-0.8126824634427485,0.4804867374557819,-0.2379249786983402,-0.6838958302737035,-0.46462086687987825,1.1843687278941264,1.0057999460917866,0.5719040690607493,-1.0057727540504533,0.1943749173723919,2.0914340224090195,-1.0466028879281817,0.3633857461382608,1.1308265728207296,-0.5558073073142923,-1.5178200316151,-0.12957269763088428,-0.1897826556324802,-0.9626893083299889,-0.23092103090933097,0.26607961481879416,-0.004752184397061071
-1.490104683612115,1.8307096046434204,0.04035383219259479,-1.4621449465480396,-1.3022415270845902,-0.494417527859063,-1.4062046008273326,1.4755045301983973,-1.910530605442907,-0.9671638817402364,1.7220866942608972,-0.5503430696529453,0.08370641869375028,-1.2781268829534715,-0.288681461876529,1.7230007296771617,-0.11834515215510218,-0.6796822298111265,-1.1850739615024262,0.605410543291742,1.8188389842181425,-2.0031617461657127,1.271115838132436,2.603467005996344,1.7773943389840463,1.3897800083181444,-0.04560400659815478,2.149450703904043,0.9240928350760345,-0.15871615223466734,1.7583827131544267,-0.5485490946254643,0.3111189198426494,-0.12076585075955604,-1.2503781874261823,0.43339990331098716,0.09462592964012484,-0.7459357910680553,-1.298374153879744,-1.601759525583117,0.13875750411920518,0.7382315263658078,0.605712799023155,0.4150814663177995,-0.8931734397817546,-0.5400727470537997,0.05430359319928357,-0.24852120514496834,0.5507599609732935,-2.029693336269518,-0.5512200015839643,1.5198913900032287,1.4979621333147528,2.950537521488405,-1.4918738553828805,-2.126154148857139,-1.0629680774183017,-0.44447019821687506,-0.04644366310756315,0.7764456820616575,0.6008847450364021,-0.8716110510414986,-1.1010329424956633,-0.9970361110049389,0.8106068123706394,0.6287923746544647,-0.028564426855454544,1.2160789774463916,-0.7554683601374518,-1.0804932535293204,0.9033059360134311,-0.5014564808209229,-0.7427012285924187,-0.05689761502112334,2.7171735179583223,0.8398859539401723,-0.12799388481549817,1.5424843445389365,0.6667032642854724,-0.052830417632994765,-1.1115711460689681,-0.4177979860176401,0.4291999411473996,0.9871313847725928,-0.02656899659225148,-0.11288302011123275,-0.1094265791809253,-0.477431410917761,0.2859329545312568,0.8717821900334151,-0.4351927107439275,2.9178951987758546,-0.7816059548781497,1.4952869843605012
0.7249782808588632,-2.439384280560093,-0.5588966702598872,0.10647425174955227,1.472516152218886,-0.3902486358137099,0.6913601350054377,-2.1638267110817657,-0.8425657853940811,0.16802307713382858,2.226867926041047,0.81537850173436,0.234303771188062,-0.8421264544415862,0.16820965783813846,-0.27156977671379456,1.043084368863615,1.1375215293868615,0.23233236883423236,-0.5840995385645937,1.7405051900550808,0.5500688198642341,-0.03597343215972426,-0.008396873325879461,1.529667015728247,0.21095398655546432,0.3307203692132893,-1.2431223502281301,-2.1991568519753204,-0.5018649121414855,-0.7234430120997499,0.5655183046783232,-0.5802287893039026,1.16833998754719,-2.025547861086225,0.02093702521103924,1.7067439876970925,0.30725598826915046,0.18330517957861125,0.8532808029022975,0.41830286413355394,-0.018461980152556845,0.5999888687757702,-1.3789527534248727,0.7917267705806814,-0.027468426538091062,-0.27381947065424034,-1.2279734318459017,-0.1912482074838845,-1.4600178068601224,-0.9108837427993756,1.0796931967410213,0.7352638139814491,0.5568820326744651,-0.005127172971818084,-0.10103132665475326,-1.7962484573176298,1.5553211556165387,-0.9369766536743069,-1.1419628813227714,-0.5839797492190213,-0.019232580061397997,-1.6240987132020743,-2.2443580358714916,-0.7063305997446884,0.6593788251186459,-2.058115367565105,-0.5833690898445254,-0.8320135163135804,-1.5213119340571943,-0.9459733849863037,-1.8608389992994323,0.1117346142599841,0.09650464639198919,1.8752976754479098,1.4414051088138864,0.638393656630567,2.136856223100817,1.12348737925593,0.8375178528047272,1.3956754026313856,0.2200542689869617,-0.8017230636595503,0.8698641830676046,1.9479553135822014,-0.5398900240862297,-0.6406297609355809,-1.8849158120857736,-0.04184480122995432,1.5138665465627796,0.7964009021776841,0.7554981922810818,0.18499494938117111,-1.1377345438842896
-0.7803177058955049,0.30329952347957234,0.11407435776228315,1.126239838092353,-0.10114578531305163,-1.0699135923455827,0.1824308133176633,-0.11822713916610406,-3.07900700073005,-4.231903667445351,-1.8068040917808377,-1.0082974734512034,-4.096096741400732,0.9080226246151639,-1.243866335437561,1.49055282792888,-0.5942272419437775,0.6794166565239387,0.2457142254547505,2.562711962616138,1.4191941288766936,-0.8830246682378449,1.7440986700730976,1.6394353323722521,1.2658409511472775,1.8807438275047434,-2.1354536618729627,0.9562256190770217,-0.6883652070047181,0.46563408690546854,-1.3665024653203113,0.02316808059904557,-1.1702610816073737,0.5711498059159404,-2.7502540665427215,-1.4080633932084063,1.630535621040615,0.5192722384623963,-2.5492676969849444,0.5554856283517747,0.12418422081272229,-1.1825303139848846,-0.8043317855025043,-2.380250362741577,-2.2540139564452817,-3.444807673316253,-2.6380347885494597,-1.3594753515379088,1.0398745333360067,-1.381274528374333,-1.9537605363174353,1.4199157128903308,1.261486042756809,1.0128270867083784,1.1492720278888604,0.7516808452215914,1.5536449408326205,-1.5380949338634897,2.691751373962011,2.4940534864212234,-1.5707551724627233,1.1298019996154123,1.1511119359754947,1.352495427308571,2.0939098736594417,0.8288178427381198,1.919354226877843,-0.5493870042892977,1.6398716639462476,1.6153009571646262,0.28754993235431914,1.0078796270860477,-0.9585221849565295,-0.6638009744900559,-0.8594652838174244,-1.1460778703164116,-0.662904260548462,-1.4056554839072632,-1.8719460755752988,1.1333829313306567,0.45182185813474374,0.5103790679413911,-2.489048106834937,-1.0164869125063545,-0.5002340638111805,-0.1398891316798757,-1.7251999560829752,1.1857721601990394,-0.13866814011934103,1.136062824108953,-0.35311045419533105,0.4151589598430182,-2.3738342109789046,-0.18057128510442455
-0.3676112018970305,2.2304041112919686,0.043195549822258185,-0.9507566323813371,0.08937049107802757,3.478556053065679,2.7731173815602457,-0.04363494809734636,1.2652858634237332,4.894539608801082,-2.5094969763708046,-2.925958481327002,-4.031071163080747,0.3264709649987332,-0.9241647545975805,-0.5473515060020403,0.6737522936995851,-0.5974348694417152,-0.06314206453700277,0.9024056491298781,-0.30500095934094024,-1.7827948240289666,1.0485380640460682,-0.24652990493632887,-0.23609201584514883,0.40640631905485525,1.309366610349834,4.248236701605977,-0.13485750858102477,0.05714431159103998,-0.8526786734229034,1.502046496587072,1.9492176211704002,-0.3860013139626748,0.9300212286519456,1.5328479410798943,0.513432332603788,0.21569648918866097,0.09350713059899124,0.43940088275583167,0.1304990641801724,0.8505689480808014,0.587990511095271,3.1658628642877815,-0.4669802921089703,-2.543067889122952,-0.9611885828020503,-0.7641424221302457,0.8471947696013042,-1.3782806418766806,-1.6517220379071398,0.8533966380862903,-3.6201366782145237,0.2572545647694948,2.893608633656194,0.1267753126490454,0.12217584358697837,-0.7814012975778875,-0.6374566630960166,1.7615906578520466,-0.12383343093146422,0.03568134088940486,-1.3079705379374673,-0.44776905826788127,1.491207449096702,-4.437051243490223,2.71491742253952,-6.132301261430972,1.7357148576602,0.3138730479827667,0.8672163699367437,2.138402614870417,-0.4188712288723944,-0.8058607604705784,-1.8620061122699327,0.018497823711342454,-0.1769817523241227,-1.5176935887168388,-0.5964363291483542,0.15981203394433938,-0.837114190098114,0.48735596089401984,0.7885051138244185,-0.2661668622097154,-1.4949090151408313,1.364227973285672,2.8256657754475114,-1.7969996264681751,0.08823133944709323,-2.736767709658798,-0.03388985581743945,-1.1303166229464854,3.1469715115063313,0.9704995212616931
1.061922076567792,-2.381441094309758,0.7948908854672339,1.277324124820121,1.643032313293663,0.4241381373867129,0.12248164502605252,-0.3617259127053247,-0.42412972533590965,-2.679213126040712,-0.715719474210388,-0.4412810508946055,-0.46589998653176345,0.7298312124143266,-1.2936512261620925,-0.8320686089364208,0.2874230461804811,0.956890766666446,2.5898728971627043,0.7487035643909781,0.625627346318101,2.3614701432805996,-0.6931729289306579,-1.1880927827483725,0.5744037063087316,0.343987025324663,1.193682857099076,0.16033945919442383,0.7109990683081309,0.9098229422040106,-0.9067066282227597,1.3465451975726541,-0.5211413945654237,-0.4588752166341495,1.642078572898003,-0.5288720013215136,-1.0716496842214511,1.7877209630642954,0.646429559922719,0.6475215698089213,1.2300954308941248,0.3238823761108705,0.30781064952762893,-1.2142467203597131,0.6874141732414762,-0.9181639453187198,-1.5983213136168157,-0.7200861742690582,-0.3429983051161137,2.331353015560045,-0.3185888490772324,-1.1073459286291176,0.7200978520188068,-2.8450391220168747,1.0443679929862855,0.02469877585509317,0.3711712772899552,1.1186648762382805,1.3503462369100856,-0.6144902852864137,0.6215767697628671,1.0888811412528718,1.9759072032236529,0.7597600604376065,1.5452833651871438,1.7175816951727998,0.02046882204170769,0.2849434412008083,0.16409666663778266,-0.1644411903659218,-1.3757282416998207,-1.8935753429856221,-0.6234097965849776,0.7237005270220489,-0.8020021857441457,-1.833075467732185,0.6985761153908071,0.1588137906387334,-0.8852253211644628,-0.14655841785095586,0.5140530107723451,-0.7726413798359228,-0.1635367046673879,-0.2415210397391982,1.26242769302825,-0.18670163279669394,-0.9288456509081963,1.0148404577974808,-0.25025652677057697,1.1857961034802367,1.4987955069588315,1.317159953561369,-0.05989013991942982,0.9797683620587411
1.245270333764266,-1.0483205984794783,-0.19110566836096396,1.0757769589872326,0.1265655958850841,-1.2290382868032521,1.2095267667211451,-2.9589619370348705,-0.012165574713845911,1.4607841154219823,1.8271189153332448,0.20192489002253639,-0.3922838235890147,1.47209679148077,1.2485285464511602,-1.1459384418083811,1.2108062812813125,0.8593815726641459,0.08715477964505075,-0.06195222796296991,0.6003259733592958,0.566826726244726,2.2897154236652426,0.20559703243758876,0.28998053244270316,-0.18570248195939631,0.4266044836229983,-1.1852157897194746,-0.3478059777896271,0.21491300239000927,-0.41615916053417373,1.4657709044813512,-1.4669264011485024,-0.45057549255336604,-0.985289935664406,0.1969312298533774,-0.04010223149967418,0.7028491666861599,-0.2464660336105135,-0.022308067102408367,-2.8706020702892734,-1.012859051006341,0.3773075614862227,0.12902421863027808,1.643462185096452,-0.6906463620193709,0.26631229861769873,0.053709268238986474,-1.479314916838731,0.6908028369830687,-2.1295938372228744,0.6095378810522418,0.20544335396336627,2.406415489836721,0.9428622378474873,0.6986949582234105,-1.040356959157375,2.3072517076880037,-0.005607882630732919,-0.249413619616432,-0.6075595611731137,1.1391789691485976,0.409300687245591,-0.44210698231217516,-2.232312827247678,-0.7936641743451316,-0.1446341287095605,-0.6720216139975755,-1.0969906736650836,-1.8867921675834332,-1.425404512411814,-1.5054175251626654,-0.7011007294659938,-0.10184978950691659,-0.7644547120342318,2.751118917700282,-0.8821998996105381,2.6004782153222603,0.5648036673573255,-0.031320395769012806,0.34571823349942077,-0.8273461153501137,-0.26435057791501865,-0.9158949778832791,1.5905336653655826,-0.5326176095977023,0.5680619398102948,-2.1467723531832026,-0.15768695742710556,1.5481121424293138,-0.19352983655133182,-0.7019217252690433,-0.5017909027909344,-0.42055187192459953
-0.4452045047136437,0.8811341893121495,-0.27632068984908265,0.42093859569450204,-0.5220206625944861,-0.3214264220104769,0.11481242250291668,-0.15944749731415966,-0.7230752831752804,2.519111673442593,-1.3770192913158543,-0.2110580066263965,-0.1868081991784818,0.6265257955290916,0.43694269601173524,-0.6028036679530151,0.3408136186214324,1.8462939443954538,-0.40036677700651246,-0.3342251619380431,1.981988151151879,-0.19817249820548768,1.1712954136089218,1.3856092552179728,1.288467736865156,0.2754565592287964,0.29864928840665794,0.3479365416199858,-0.05011100720265943,-0.1603033358661764,0.1854197869055337,0.16101585073744795,0.7517422472637937,0.7543175216113949,-1.1452033376961577,2.719826165449415,1.2709601523270737,0.45046004128165895,0.18502970608818847,-1.7065054610694055,-0.1906014153309718,-0.7535984692196106,0.042699568577300506,0.5019434268481798,-0.9764447950622968,0.18648206914988663,-0.042731361646471115,0.8011657536614935,-0.5588876179195177,1.2743520279342009,0.028307436287338505,-0.03699347190868463,2.8390858390307,2.0785001571499535,-0.1999093535118329,0.13114817711492704,1.501968567410675,0.6932948016752226,0.1805859359820908,1.0971141064878691,0.5389496766501216,0.03368126691307699,0.20468788086535125,0.7284349384397784,-1.4538713453840213,-1.8235853959282862,-0.31508572738731144,-1.412507722455994,-0.3280287776099452,-0.8451678051501356,-0.07347657606208857,-0.7809503165540201,-1.193584371661403,-1.9012716399979601,0.6172289069695241,-0.1447394679751398,-0.8876692965774904,-0.09772542854480797,0.5523138450900422,-2.0233537126544436,-0.38287016619566977,0.27389372762642616,-0.11885952957209989,0.7470082611590679,0.3543918164055315,-1.2760433450629982,1.2169560521129699,-1.1088769370121143,-0.1651168816557991,0.5230786131445615,-0.08521030609731915,0.27479933444517496,0.49568932821268885,0.34735868388670055
-0.4882492450832161,-0.34017282070394644,-0.17750742343459203,0.22146638112945463,0.44694015833999684,1.0703738680757273,-0.9914079788169522,0.0904441903794164,0.03018527168867602,1.1941334195624544,1.1120607015883632,1.0640261402127695,0.20237566001095816,-0.5516392131289346,0.15432157261924875,0.2324651542867975,1.1720082057077754,-0.7666128081402753,1.5344505821355008,0.561894454552331,0.8656291573531687,-0.7332283515759284,1.4626247573656648,0.5796248892397259,0.36683742347526826,0.2011456078892867,-0.5702669015949222,0.9175899594810445,-0.012063685546008451,-1.0389085685038735,-1.035659761523587,1.855235806112856,0.6405613707028561,1.4426322196708743,0.6593974745879613,0.9778030235931503,1.4686272775880995,-0.342877559699147,-1.0790050689410065,-0.7334472263929773,-0.4457029703259956,0.03711962174447786,0.6217646569534447,-0.9213174753365284,0.6526066548849685,-0.9076356464237868,-1.5173091449991207,-0.6153915669843631,0.1076450785134566,-0.5645182041324353,1.1181412595618403,1.7494703147681954,1.1037077457729183,0.9664609351347907,-0.7644506871009289,-2.080842572864088,1.1814659873616313,-1.6205655239461128,-0.19794681179759993,-1.1676213882013775,1.4203307866185897,-0.8033782098873947,0.8330054044061832,-0.5268586238686804,-2.555939037890278,-0.6777510768809021,1.0026643664528638,0.8958407342157466,-1.3807527571873606,-0.18892697632473993,0.079908548471289,0.4440068238950017,-0.9859429323325168,0.9385580754442397,2.059675831259956,-0.6965856200602453,1.2286280202725977,0.14020238378678207,-0.7308239829063699,0.8070294013624101,0.5727187409898244,-0.4194844796159551,0.7934900996853436,-0.15929867874547302,0.7305980816664995,0.7960825618687122,1.4040767194471675,0.43585744381172675,0.851670051707102,0.8144262898730842,1.355339731566018,-0.543798787302746,-1.2095185410352374,-0.08384849672421962
-0.5631605395149258,0.04710539308551204,0.07985688791096023,0.018958797867323574,-0.7014137188980702,-0.513452898356165,1.5653285171760127,-2.6432447929807896,-3.0182530562929513,-3.124638201005379,-0.7450982963800182,-1.7162634165642552,-0.6879456220278239,-0.6736914240106433,-0.13583686277136917,-1.3197437777218368,-0.8914336004861223,0.3082787021671002,-0.003919432356989383,2.4188307609320265,0.2760783908588925,0.35652348953812696,1.3723941912413635,3.243100250655064,1.907793979505696,0.5525583832671062,0.7194322751987925,1.766964101647033,0.09914198642682065,-0.3796459136804227,0.09234347265322046,-1.3264430198351405,-1.2131898352684374,0.24715065873240633,-1.801696698032501,1.381718801764094,1.5369639463275386,-0.14416379301797067,-0.6927636978735655,1.0481047585815322,0.06703809825396423,-3.1746076112554498,-1.390729918073185,-1.848948491664599,-0.11886762297268927,0.9163553256779366,0.5830736555870768,-1.6157114612147168,0.7072618594204537,1.0474215670808504,-1.0604758177937623,0.25960031421712015,1.0757217341074494,-0.5675916221489236,2.301706866681876,2.724468929751497,3.9172857867708304,1.2962258836897311,-1.04372702043581,3.2127250817818123,-1.5029164727314699,1.3036361277037312,2.9791726406411265,2.325758019274788,2.087126110534867,2.6215956629557047,0.2638497232170274,-0.9128361757941417,1.607359316333207,2.372256095722385,-0.07795784476728346,1.5517976016591328,-1.7468125547166,0.606317093500232,-2.428267400525315,-1.7926145237425137,-1.3315594632362633,-2.609122705081472,-2.3563691294497557,0.6220167874550048,2.1379912976813458,-0.2729157319213937,-5.528981367722676,1.220260391921765,0.8733979696563556,-2.6956025177635254,-0.1109269775914802,3.892453678362218,0.37662982530632494,-1.2767020324834608,0.08796135144741496,1.3056771560551337,-2.926316681010554,0.03849216875204059
-0.6087397745340567,-0.9493383204084604,-0.6283375502299718,-0.02417932815450119,-0.039916395903191126,0.8341362241560383,-3.788390713672219,0.7662450793580675,1.2164685246199407,-2.55320046988683,-0.5862087244382915,0.1005245955301578,0.2937186622079788,-2.36100053023835,0.11910862975038834,1.4260072957605547,-1.93780053501139,0.2376413231413666,0.13990655453131756,-1.557346326922319,-3.6950333410318392,-0.7979268122673054,-1.871929556901598,-2.206548831288511,-1.8089043873797186,-0.9291847419053585,-0.5144476901932373,-1.9531888756182658,0.22982644322807655,-1.5192954917450059,-0.4313803667636683,0.41911836810997405,-0.1078432366441619,0.690110179279641,-0.42589485080415546,-1.9044684465211401,-0.31051353182165115,0.8361137426272405,2.6144657727666525,-0.5858829522029696,-0.13243544493282294,-0.7351098765505519,-2.878351283578719,0.4714389375497392,1.7012874686226214,-0.48871522566668696,0.2614816196823131,0.7368498764589533,-0.17999568527516074,-2.140675706645524,0.28038924636344775,0.01758552301448635,-1.8218306587397448,-1.9378839302566822,-2.1965328779278566,-0.6551274218537567,1.3784984480755575,0.42106584458916496,-0.2689112943950853,-0.8333173935662427,-1.3553692640482176,2.101939995897986,0.07340975379532048,0.5716642723730054,1.2128137896610451,-0.42451043491383833,0.4545261272375968,0.3835218984487996,0.5401174040216506,3.2907886792505043,-0.18661598024825143,0.2534594676344081,0.3716944840225712,-0.08728578322732583,-2.396930755621748,-0.9388323029719389,0.03448266584086718,-0.7359276338249776,-0.5535944234428494,0.12337670132783914,1.6266733289653121,0.7831524886859795,2.592928103489755,0.2720191550577197,-0.3290750038076037,3.3513486343947982,-1.2115076238815408,-0.8530838822771394,0.40425316351316704,-0.8502115814870587,-0.3612100931924146,-2.485936774316337,-0.0998638989519512,-0.6572991595623927
1.3534006365367026,-0.2968743156298629,0.4033462406195512,1.147318749955478,1.3832098883279342,1.5654036908044224,0.37589445438368757,0.9126814248997677,-1.0911526637077387,1.1534129906891262,-0.08803461097322174,-1.3637461158244608,-0.5402101391195052,0.6978793694148554,1.2130883351416268,-2.4875863054353524,0.26493972712433944,0.4998004104955779,0.387592352276638,-0.4766814789281977,0.11673051464521689,2.3627280813378624,0.8106732743433895,-1.9140273375391867,-0.32586201736148007,1.032212680244285,2.339338517251578,-0.3916186732325274,-0.41672925009951,-0.9173406321701875,-1.106971292598936,1.853777217608609,-0.523129782032999,-0.682455018574012,-0.4005348284850533,-0.28132500926968673,0.19096367522784224,0.33205923834111506,0.9317106824686892,0.5874675052511706,-1.0218463126932242,0.38835336494759787,0.48769253687707015,1.1259819395770503,-0.9573827524233998,-0.5388319469858744,1.0888080440796246,-0.12265947455102638,0.5071445366526839,0.9638976710871967,1.6407128074332147,-1.5080857405859835,1.4322245056029055,-0.7811459463712767,4.174164965803891,-1.1734654912720657,-1.2791937887222962,-0.26913733477843305,0.052602834197693626,-0.6694112478488367,2.2979595949131726,0.08176564195216496,-0.14076022842870506,-0.9167890568716638,-0.6087711588913118,-0.6593096605131958,0.22765864632031585,-2.398392474304625,0.20821716506191118,-0.8746321504838858,-2.4132176987950746,0.36364318694054065,-1.509575634466736,1.5499281353003918,0.13772798077289677,1.0008728956644655,1.7372745333736488,1.660463332416354,1.3064626621176862,0.07239875066485352,0.8870735757329442,-0.6891385111872788,-0.2556488304698022,-0.18071231204783303,1.759768099682464,0.18572095499110308,0.93916656298452,0.8335973104231992,0.34231519993114756,1.387561626643843,1.7955682554237673,-0.011855160060044917,0.9084289764522301,0.8274409462832898
4.368480994559428,-2.5798832991621703,0.19702626922623417,1.6182594119192963,0.9166827847039349,-0.7881605649351011,1.9459765096728008,-1.3268575786118775,-2.3845649093332817,1.0573452809521768,-0.6477338637211361,-1.5920157023468564,0.0849604313530396,2.1229800301987383,-0.6597643924466553,-2.6059743516254446,1.8053412332838934,2.67915865286089,1.4172404484285903,0.4931753575380829,-0.4689783122642034,2.636904025776076,-1.262451179511727,-2.637249174060194,-0.13078264049911617,-0.6727592721469042,1.159615927653989,-2.5901221754629957,-2.3047896146636546,0.8194165751486697,-1.7959627266346943,1.621678897502433,-1.8607929480116947,-1.7965151906442416,-1.4949592107139908,-3.771732323948376,-1.3211780823904917,0.45736098011866155,-1.341143661981698,-0.44552588562288,-1.8341619745313573,-0.5316034325846811,1.3595304510973294,0.8843630462979063,0.4707757509713859,1.1864922531871924,1.1636700398657438,-1.1838210166507508,-1.0080800969859345,2.201753934298342,-0.3260655260680744,-1.5050088295871369,1.2129804060577611,-0.8447863069974865,0.6248181188427198,0.2288420030149374,-3.637350657939339,1.4605885298643697,2.9241320008064555,-0.884772466021696,0.12601716510953107,1.4563329571492527,-1.4556319739305679,-3.3866962827478204,0.0601051305180047,0.6745990512425151,-1.447216962651863,-0.841798844547726,-1.381353342662761,-1.9287142152268058,0.6951408823733741,-1.1970275378980266,-1.0227294176041295,0.5366629339784753,-0.10458528921540022,0.43545035387800646,0.5115755099696833,2.4207360595480325,1.1144352074156059,0.047746028164439756,-0.8136316588642309,0.019376699031215045,-1.0915139758698813,0.16409691793373654,4.049756124170431,-0.13375606525021833,0.9312544401005655,-1.2322743465479706,-0.4479365437627669,-0.42921267946564656,-0.3177408034975443,0.27717656670281465,1.1082563860167483,-1.3698326179158764
-2.1050749560120083,3.58414786643794,0.3192053913106964,-1.8115121346229905,-2.13524407260149,-1.47554692661127,-1.8149195266645899,1.1376935136651012,0.8846359094923852,0.7257293394448641,1.9385337430996912,1.2100030715754144,2.3909759997205406,-1.9973279605389427,1.0643983045292504,2.6223808859262485,-0.1343168393956608,-1.912099941291522,0.6348821928932242,-1.0649146607854483,-2.0216437123027946,-0.19596554639328576,0.0606527156478634,-0.2855143578499344,-0.3452897369468545,-0.3317731827637716,-1.049943408237267,-1.0845968250678693,1.7176926112777016,-1.355925442156437,2.4060508261991105,-2.3652379839904576,0.7809561955189578,0.6599875115895559,1.2657265327740355,1.5795327274854234,0.8466384018195323,-0.5071198827793357,-0.5573052237548014,-2.1480276897131714,1.1065022958591908,1.2339790214274138,-0.4320751000006743,-0.5368251032754912,0.08193111675572004,0.1592371490030119,1.30115833193596,1.3207651476184938,0.3883166650068266,-2.2493437360087447,0.5064176176933582,-0.05775682648793046,-1.8891968221568756,-0.4767536001129901,-1.9027549556161882,0.17143244277878533,2.012756535268191,0.051281254088944364,-0.37829103715030854,1.7148579015489047,-1.260390558131906,-0.32479879397429195,-0.003231034687234874,-0.8345463620081046,0.09225877212214406,0.549118916041424,1.3027133846459777,0.6901339678243015,2.0282225016270163,1.21181318695568,0.7015837777871026,0.2374643912731035,0.5595497947161914,1.317076034794177,-0.608865227380871,0.04236890281662742,-0.008245966971956164,0.3449640866432821,0.7424741867415793,1.0356360207236242,-0.9354978809195497,0.7916638966758198,2.338780080642139,-0.22456212355217517,-0.09413890894151505,1.9180287351681506,-1.3417937478389927,1.8704289668205816,-0.2543662216814445,0.21204130281230332,-0.3912306939867086,-0.13937803963279466,3.039296681753075,1.1036454365664081
0.3245259905306072,1.611725551682098,0.5479857823767093,0.13586884830177798,1.0736839330115666,-3.7453886523807176,-1.5874942670879526,-2.244855633223038,-2.3275138943320983,-0.4343997142383371,-0.02458757738913582,-1.7688252745193946,0.3545516964043174,-0.022560965653162013,-1.2916836688514792,-1.0888174004405615,-0.057583156390338994,1.211533923296941,0.6288014823084125,0.13284815160182073,0.7621508753101258,1.071523783861243,-0.19350627672452914,1.657073472163453,1.5640373012667639,0.6301795148885158,0.483253879351336,-0.08735075348000221,1.2503643567200218,-0.7024275781439241,-0.7909239868855252,1.6088611405637603,0.04013364597141225,-0.8329564305281919,0.5302371808711852,-1.085621217570339,-1.5616466019878095,1.102009435011737,0.4671968337149495,-0.6519435531803927,-2.4830670683045852,-3.20382392276071,1.6983667977519523,0.7283832734952245,-1.3925102551720827,0.5044319363810114,-1.153694617520135,-1.9705221356788183,0.767149845150484,0.522130032194215,-0.41616119998328616,1.0215463611801618,2.057307558114167,0.6012387121547522,1.7940337181645463,0.2555670139945985,-0.32324331493538005,-0.16507048088158116,-1.4295295828648604,-0.2928138555386907,-1.9199744906476237,0.22015934575895008,0.0074353018932236115,0.6371429264888642,-0.47335036664460006,0.8973178061698744,-0.10991021343027763,-1.7830214536548945,-0.21983917939262532,-1.589783166029452,-0.3694268945800768,-0.862624909179785,-0.9899888976400464,1.0266296761165998,1.7499061709978696,0.8334627650097011,0.32133877645255127,0.17188019024991935,1.6212643604108101,0.003993569374436926,-1.4605998952355181,0.39187710763303873,-2.522194722149797,-0.8083236748894566,0.1398590484300307,-3.1554069172368395,1.224199336854392,0.6512674091373497,0.4686742032494769,-0.8309535665324483,-0.6469366399024077,2.105111124528583,-0.00896284385213092,-0.32643886438264424
-1.2132982152446896,2.9173992833812035,0.6983250199509192,0.2552415451936043,-0.7737028397125305,0.38588329865169124,-1.2630124409990502,-0.3513161371180969,1.7913089913208768,-0.1535439162831449,0.7602826470331983,1.0462474827815231,-0.445027927580223,-0.6378357165024298,0.9193031551770938,1.2532488454185904,-1.3177603164644274,-1.310142597237767,-0.43910501399718943,0.17378081715548735,-2.0670718039569316,0.541191471575381,1.1512662045652418,-0.31734583015141565,-0.13773257121852267,-0.017307853395863788,0.6020842053209147,1.7359781951574167,0.8379755723621607,-2.2711570401018655,0.8481992198454301,-1.2610551105568464,0.9306663920182312,-1.0228134044189496,1.4579636998120271,0.2765521669079731,0.7078422079173737,0.6086221042077414,-0.6177535465590892,-2.0708261167744815,0.42209247948075346,0.8887826873858884,-0.3962435433200484,1.5686046657050927,1.2627766892696093,-0.3628367991303575,-0.11974485884993141,0.04846535427612275,-0.25161952820801037,-1.9176219817841214,-1.5221063275447204,1.1453483388627546,-1.7457744942080518,-0.2453547020514607,0.6524316568080513,0.6602363036397029,0.06439256042991115,-1.0968181327579236,-0.3179265391895594,-0.8082806336339179,-0.8570503309233544,-1.3120336536411856,1.469845268053485,0.06158740289625125,0.5273722378634365,-1.8237424928060888,-0.17607192968281715,1.0541004593155505,-0.1562644811020918,0.8156247160272989,-0.811727754361619,0.9797421477701351,-0.6718967598242689,0.22312297527487363,-0.32297806267925483,-0.8444101357683929,1.0655692877201224,-0.3884615820966682,0.24103261117054423,-0.07574740604207714,0.07286284054513648,0.5849164110098103,2.3910955030113663,0.06521651652008804,-0.7640951515031521,1.8861756904217266,0.8479199402889004,0.2805211811609259,0.5812609407646808,-0.29165615748505835,-1.0808487890523524,-0.9243649538487955,0.9850352150001866,-0.3369301678128437
-0.8716899309782794,2.0258793883285637,0.23938897215605,-0.6108126530296755,-0.866007922252481,-0.9688500707156026,-1.1869682344741277,-0.4713364966517856,-1.3402331847562676,1.831049710231197,-0.4431564976041815,-1.2716766987838446,0.23460536186147818,-1.9331915445204106,0.6241492685840255,-2.3673849633712107,0.14172952057308713,0.16360383619231994,0.7674103610773042,2.2520845137700887,0.17597658705911456,0.5738084111314757,0.9981178387313095,1.5759069060916668,2.0754851211347827,1.9482300867974494,0.08448523578379084,1.2171965373186093,-0.39963814086991833,-0.9836713711996704,0.3922819061143095,-0.8589050043034334,0.24229821240411198,0.9046952886453145,-1.4614991072233443,0.6749844419739209,0.9987261876049573,0.4205484166069049,-0.5901617668707781,-1.2336305541991468,0.8581869390080832,-1.5049760205760632,1.2803376632774577,0.716685284408717,-2.2815713800271835,-0.39910901311058705,-2.522391436781362,-1.4587630427206841,0.3092347986140529,-1.114651929359854,-1.3011069056725182,1.6980263338090713,1.370343295832195,2.0831037042076512,-0.5526939569109284,-0.38134656728886757,-1.2878743411516553,0.4125946713330948,-0.9211551866363055,0.8397907382721321,0.797830150322591,-2.36718342288545,-0.1360537873241494,-0.8859985437813046,0.638055991704136,-0.2285033326097894,-0.2867724696454066,0.2768965817099296,-0.4194164457247958,0.254147582005448,0.6350253003486478,1.2568777807298503,0.0856106620136968,0.29965068272428286,3.0050966752649284,0.4576162961200925,-0.10950582539432198,0.4405164870636587,0.33454734219180626,0.15583713854439224,0.6772493253233337,-0.6807678723170204,-1.4414468195621448,0.5216385005178701,-0.569014852305924,-0.8739479808356088,1.1036175346226984,1.598073975233817,-0.28797267471968047,0.550738749700646,-1.1691218327585378,2.7775642357372066,0.7042244079923832,1.2380184787856727
-0.4611971534578232,-1.2666141836718054,-0.3570190409612202,-0.5892287752943951,0.25442046362197507,1.234768290535677,-0.41848190069882185,-1.5881111708653046,0.18337540290847365,2.131372600530142,0.4536322358593892,-1.3569640096332534,-0.3482898521094826,0.1627458123450209,-0.23735662942160954,-0.7893024009060474,0.42457827093671385,0.7267984404283039,-0.8427244718331817,1.5151539200507909,1.410980533171459,-1.7467019496845853,1.9254024707464528,0.7809828397795311,0.7150751478818512,1.504882886436686,-0.8712544289384341,1.394989227126873,-0.37783576447768735,0.5690635622134075,0.04839981359217935,0.7936278411598385,-0.2584005639498161,-0.6092127730012348,-1.5706852046993998,2.008304595623193,0.4451006238201387,0.4200839744674429,-1.2798120401857158,0.6107623401523302,-0.11867008916422106,-0.30355380630879936,-0.6495145534977836,-0.05482862929153522,-0.563664701231781,-1.1848882497726654,-0.7483920051316346,0.5955339958153398,1.214357919439644,-1.7473617784292679,-0.19271738411149864,0.5673997195755335,0.292871954484176,0.08898860947996279,-0.26012804919910154,-0.08434349734837218,0.6979950535155096,-0.2342706853874514,0.11440158327335642,1.4235305722013152,-0.22204593615178966,1.8633541516145289,0.6686737334849745,-0.3001733894616469,0.20243829225568566,-1.1449054787976658,-1.3647057985812712,-1.127052239326344,-0.4715797736993766,-0.8164604547106622,1.6716757085727632,0.3936538511514382,-1.7802338428563227,0.09515429132830941,1.0537057809019044,-0.24666795992491397,-0.48862522631668237,1.7734269952992738,0.6275244350943326,-0.23426955671553784,0.7989874503536278,0.993236812416744,-0.7250644724385502,-0.9882138689523264,-0.6849107264479178,-0.43000348188705817,1.4250079288793214,-1.0751677804573807,-0.5885180657866261,0.08380704337691958,0.620473014783727,-0.2945894341715489,-0.6726472934417402,-0.8629706745831804
-0.066202885377753,0.5851573289007634,-0.7333896305734083,0.8155184118347194,0.18115487543154332,0.9335204184997249,-1.18995937990644,1.5513324411433698,1.285379430256148,0.7355857958710305,-1.374746802301662,1.451511870875784,0.23147156443598843,0.5767589961267541,-0.44658025587462263,0.7901981323134819,-0.04646122490803768,0.8887802170082901,0.335621985661634,0.3757027355498951,1.2674008759826054,-0.5796017679927937,0.9369470512060609,0.14939821070245507,-0.5025879847136066,2.451169458281867,0.16750422828812045,0.002954556211557935,-0.5375421281395839,0.5299265068494423,-1.288303226086908,2.057287965197999,1.131102051738124,-0.8648513108582052,1.0514482019176623,-1.1355196352033925,0.8674558018016985,0.17438973441453498,-1.8650191174350554,-0.2711100431924406,0.5503177629394218,1.3602197619992602,1.0260079635758936,-2.010210321200399,-1.1693635378900584,0.9318770577244515,-1.7054529170374482,-0.5333756192319545,-0.19283611507876197,-0.5932015798869561,-1.6717922027457375,0.0013642190867480253,-1.2762167770035369,0.7632938723332123,0.8605845856260003,1.0442406436977596,1.4014366582318725,1.194446549928735,-1.871748912265803,-0.5214291942771832,-0.5885957282167172,1.1087936857591758,-1.1875468987423634,0.2942787767589775,1.4945678101482955,-1.6986605929415433,0.30507805732026927,0.84760122861351,1.2381306020437997,-1.187900357881718,0.07580341949409063,0.6115566347674679,-1.0971211869064414,0.330404096457777,-0.07953952404439144,0.8168580800685652,-0.10629263022617269,-0.1688793951054403,-1.2639731115366535,-0.0008261899443602393,-0.8918949763611255,1.6557414312432084,0.41243234795810196,0.009791041008071478,-0.9555075549496596,0.13090384011724632,-2.089303584831204,0.04110070928246534,0.04946566758375581,0.36697594029899205,-0.4576387262980413,0.5014162318420723,0.6260516378052073,-1.6732648619948796
-1.194052819967963,2.111984582871824,0.17850684827546118,-0.34765041245141004,-0.0682313740930455,-2.3483385758061712,-7.211117037388315,-0.9438225701498535,1.5803141017519602,-1.457520796197802,-0.682973869364735,2.1195193375769374,0.6381679318472622,-2.829119315824637,0.3947391024415934,1.7533869671553584,-1.3413481868686832,-1.4749646961128198,-3.639377520560255,-2.652388026124565,-6.230684160115343,-1.1541668867583663,-2.8613830256977786,-4.801811481792004,-3.8112946302212096,-3.0222614276197204,-0.2918827851075708,-4.304450193864036,0.5329578464313773,-0.21517004406070545,-1.9284198527245406,-0.9907674002995346,-0.34628101868598193,1.2384073290019697,0.7513901503809848,-3.029393589247764,-2.516424458236787,-0.0571459326066405,1.145740230840809,-0.2862109973187892,2.6816317718751006,-0.3881657775127913,-1.1184354350253245,1.2969914102460045,3.797725066604203,2.423548322545966,3.001175061046781,2.8485912527979553,-1.6145806093939317,-0.08622035151569063,2.680488826657031,-3.102391429418991,-3.241586914621821,-5.522346940912034,-4.631312192792066,1.1247697159827355,1.1914583956733007,2.158481857316333,-0.42121110166123943,0.7153416468432507,-1.094787443939089,0.7640517073450335,0.3402244458693551,1.1081804386050786,0.8668767395980779,-0.0327507971355096,0.26966143244388985,0.38870911643701556,-0.05862248869771958,3.639718140718481,0.022983984368014854,1.9059149610367696,3.1070005392994045,-1.2672374678557257,-4.5553516326776435,-0.8671262418525616,-0.8507849255837575,-2.0823251445381805,-1.3065102830708035,-0.3904981494857256,0.5328331498441861,1.017006298741729,3.6174892973870145,0.16083975266507464,-0.8773426216460335,3.406137371439925,-0.39999458488718076,-1.3348004752789029,-0.10138676780970586,1.386807568773868,-0.2815801444354141,-2.027720175488027,0.025874326987638696,-1.4020055706450647
2.239580664082616,-2.4058831005590613,0.006159172224089021,0.7882918845391673,1.3678595569873075,1.0620862925369585,1.3545489355381828,-0.24580308699639375,0.3770772452101496,2.7226379752463226,-0.9060505595452701,-1.3194147538824161,-0.9666528344048432,-0.504731262481988,0.3450926571602214,-0.8694414016950042,1.3224390867873743,1.6042577890571077,1.3047771361679372,0.4660385720988949,-0.34928156567857604,0.03184188263948046,-0.5228327210695876,-1.161065801485442,-0.6105662026636802,0.1733145137607012,-1.3495496658828636,-0.42062937929484745,-1.8452444112670414,0.906256503871693,-2.238026428324614,0.17440113084203956,-1.891517499947821,-0.21838120123312788,0.15399790983309353,-0.30305563676968394,0.898315181212377,1.0720303609939141,0.4703695175271101,1.3705489781834312,0.12148100066565759,-0.984069187399948,0.1907201545359174,1.7311196542420104,0.37559570548035004,-0.084311114415137,-1.6643561990222762,-0.2657877816032559,0.06862116060044954,2.1091572186984293,1.1692712712257798,-0.4807905927406641,-1.6661911761785912,-2.241091947629324,-1.1727010557880355,-0.6092737151060391,-2.33134276881396,-0.4810020905840534,0.5566951876119087,-2.5244921267731577,-0.5783885769277518,0.4057016211970774,-0.9003829953870143,-2.2010835797201898,-2.8358835427263442,-1.7231632015236436,-2.1611547468068872,-0.5766865956393896,-3.5886280457287527,-0.6488097291881983,1.8490634864944662,-0.7149327114731479,0.756659702052493,-0.13037927264576035,1.109071226610426,1.2457425940447457,-0.3734021298930104,0.4079954527541357,0.17224611848059868,0.2377424474734526,0.6063202929420929,0.7084088432756431,1.4328269057926735,-1.4153413237931645,1.5701620677431487,1.321575830910035,-1.0867540712457315,-3.271599030571584,-0.17868660606972347,-0.9856105579954886,-0.7921862386321699,-1.4796739239334435,1.641512642594856,-1.6670762281307967
-0.4447575586490345,-0.974891588131085,-0.10512695851061714,0.3420501603736864,0.26505914096249955,-0.007775972160670497,1.0227236571440135,1.7474950008597308,-0.7728690617935803,1.3138390254388672,-0.034161779671283976,-0.3041536831403841,-1.465140048629311,-0.010860189246708007,0.8892712904955914,0.1672750809769749,-1.2984851389198664,1.1270244377341219,0.1985893953790469,2.1735996407546843,1.6960375741956097,-0.024554629945404582,0.3372325619490946,1.3908067300096763,1.786060795832053,2.2443631795642562,0.6799485673499022,0.07671440530864304,0.3980469659348176,0.5763868616713101,-0.4372864334831321,0.07777859358802874,0.6029423433036911,1.0330170058003223,-0.39661037166266094,0.11441029048233498,-0.9462953650188677,0.21922169708113284,0.3099805281601842,-1.0182770810560209,0.8810862078358158,1.259532647965062,1.5077637536440625,0.28467865195744246,-3.6229790704651426,-0.7793710570303359,-1.1714852276592,-0.39606251686622584,1.241109219349085,-3.050649879521777,-1.1232231987553831,2.2560695278796605,1.0052161763216094,1.815554368393474,-0.5613319588361269,-3.0892353052585926,-2.6433613985547804,-3.1843501569597077,1.348679318541724,-1.6890883098131024,3.2412863277805917,-1.5752859871232032,-0.38938612076842954,-2.604406266797613,1.2478927412467054,-0.024922185019794985,1.0201037757627782,2.243408256797692,-0.7358318343184558,2.44163618276717,-1.6354312078496092,0.5629337169963177,-0.3978364589699831,1.282374968008474,1.2733489404337264,1.0076555742445628,0.7734172645426425,1.3748438631927966,1.6933127255325724,0.3916127323924288,-1.0772438046136574,-0.36893464761658773,-0.7666021686294601,0.7468229889189609,0.4279368400317346,-0.27767911966071845,-0.10686232022423736,1.4604144961565229,0.026677271874469628,-2.181288422110563,-0.03324494063299288,0.8111289876640639,-0.8473600384142573,-0.05336955637909102
-1.5270925364182537,1.2062817395843553,-0.010088408778272608,-1.0731025170166038,-0.9814362856957701,-1.0898627609870875,-0.5031618808168798,0.4479392594887328,2.2686735206886564,0.5256977453060017,-1.8547411097410706,-0.6283796649383565,-1.0630586869312268,-1.2515152208614373,1.2829296524962148,2.562999855359654,-0.7208383059141619,-1.439422138740865,-2.961011220055882,-1.23203232333594,-3.2010186357825727,-0.018775388703032476,-1.337316648822486,-1.9320879505900335,-1.591350964192871,-0.5120727445836175,-1.4216337409188387,0.4121116483592735,-0.5810814844696944,1.000276096222178,1.7011577474117512,-0.9321153549466765,0.4823117283942948,1.2084224008934752,-0.051673649318400676,1.714937922181047,-0.11397241971798819,-0.28233626032085607,-1.0236411753362353,-0.36952829591928105,1.5233246353234389,0.4531552267457478,-1.3878806691677419,-0.5994806962428305,0.9813764100937308,-2.7554659057341686,-0.8379331279699886,-1.5242323764268098,-0.981876291107586,-0.9939929006062783,-0.5046101924840088,0.12266572974240546,-1.118263672913857,-0.6327812984510646,-2.6433293825321136,-1.0452125245630526,3.2422469503141316,0.759312165022241,-1.4475255064995391,2.137619548383108,0.3966316584191836,0.45608145674149336,2.349216274000667,-0.24406863282003521,-0.24846243101667842,-2.157013195517372,-0.04390565607810881,-2.801381732109614,-0.7402092969826907,0.13023752850301148,1.8191740454324465,1.2516180962294854,0.16050386074591394,-0.20731705991586227,1.1450737967100166,1.9505812015484958,-1.0278253591617557,-0.315706258086908,0.01388246885380362,0.11157290353352607,1.1825445901353526,-0.7958163574218551,2.7233913493529514,0.11087313789370307,-2.113953958406915,2.9379372778958834,2.4854207450432333,-1.504569411796416,-0.3170345396598431,0.9242638351639385,0.22119249697064575,-0.10034267463451144,1.3739981433875752,-0.740199058071765
-2.68785346188758e-16,-0.2799178772468197,-0.04024876534969092,-4.209388279731192,-2.6311370802369893,0.42662582737982757,-0.14365702612328318,-4.234238805402534,0.035469254236774606,-1.046803793287367,-0.6731942271810957,2.7448117073889717,-2.1837245879366267,-0.6396974525003708,-4.007643531292347,-0.2773607456931054,2.1336278838294693,3.651860218344969,-1.2179705236254197,-0.2770644862755872,-0.8921964643102952,-3.74135633931961,0.5098137555304982,0.2100497908939919,-2.3042018221207545,-2.6942443266843816,-4.503166322809182,-1.084954426615526,-1.045727640012432,-0.869143372724805,1.5333777469953525,-4.3873297726487035,4.593258930629915,1.2154707120565746,0.5518320367511657,-3.049454817402247,1.6648125224380257,0.9665613763739842,-2.253754614554619,6.709243438376982,-0.9085231538085973,1.234871968122485,0.12543827969403895,0.47637488286738683,1.157254480594091,-0.7639509300123752,1.2900816725535393,3.220293169921298,7.886142031778041,-0.6410993732146797,0.2807455755971386,-0.3047467873298092,-1.1368727059202481,-0.5729901955710518,0.8922492233528716,3.857861303282594,0.7021351085408167,2.530812022435886,2.6979219433877093,-0.8567139351988432,-0.8897590525074788,-2.671843080056756,-4.598938513159001,1.6392285090404648,1.3063412888366015,-0.7748863352458581,4.699865997234514,2.2103714468260547,3.7680033905866734,-0.6517207356857384,-3.326730031319017,-1.7407901285744638,7.819743796654106,7.107980086176204,1.6341842974372847,7.455105124165336,5.336435075007241,2.658644139724083,-0.5802990619252731,-6.725729555870808,0.9521739895116355,-1.879709779298176,-0.20576166902451853,-0.21182643145697821,-1.4183471364830984,-0.3987519285690709,4.74263738906471,-0.30512667921626274,8.46330092694253,2.8924461656821348,4.281488560481502,1.6921495025123836,-1.2266356899945259,2.1187440930331003
-2.68785346188758e-16,-0.9013802227175621,-2.166313701834789,0.7006638440530424,-0.711044226883007,1.9446842685895052,0.09925405195001612,-0.23176208627557582,-1.439901875305877,0.3399124691439175,1.348205966326959,-2.0814035726965163,-1.0205419581531352,1.7053914913314676,-0.728601094330589,-1.2320263865913335,-0.16543107623386955,-1.2848029513316448,1.2810259373427608,1.9723386311407074,0.5650093861056479,0.5299655099273002,0.6901777272275109,0.025955534857093787,0.19819052748153254,2.801330117792579,1.129198748458081,-0.8192005386471072,-0.5038871188780377,0.8999468611994212,-1.3253741035074975,-1.321023872104264,-0.6241530836315966,-2.525163119807526,-4.514761214304558,-1.6701639844285614,0.08208277265365205,-3.2652921388915117,-4.151519988357664,-1.1414015066739653,0.9801540977997625,-0.3639850815848542,2.226241755737687,0.24172198564084213,1.1893687992603021,-1.0673683473700948,0.44837090222045267,-1.6499846254696329,-0.40245516030654055,1.3015067315110593,0.11707144567656069,-1.1240332660866703,1.3162789125942203,1.1959331157857394,1.7976518421665344,-0.14372446814717107,1.1192503510324905,-0.9682293787326534,-0.6089163079537339,-0.5383253960339383,0.5815349626213818,-2.323307682898681,2.4558049279108785,-0.6597096849486306,-2.23210147364533,-1.7214145133726748,-0.5502553985677742,1.8844556563813422,-0.08101243641692024,-1.4240133010172327,-1.2968605570455456,-2.4148102598560244,-0.963768231906487,-0.47962208507653226,0.43027542411397973,0.5447231542443054,3.014915250362842,0.4946661533139265,-0.03608360595355048,0.1600076979150058,1.560659485515071,2.6747206152119536,0.07753821014386768,0.5631815960661122,1.9033004959333075,-0.32322492959355176,0.9351666263907576,0.452796001283127,-0.03562920449321433,1.5424439167884438,1.3160516989699715,0.551147885958809,2.1301251325445865,0.6400731913217682
-2.68785346188758e-16,-0.04787234714431917,-1.6672595519565507,0.7139007914768309,-1.4173446353128032,0.8152903363281809,-0.34033464472826463,0.790710735276251,-0.18104825797987295,0.8035839312160865,0.2550024378889626,2.186949097441844,0.03622036840083109,0.5464075958258476,0.7012577262359854,-0.41128219476843214,1.3869097732840463,-0.20547766259423056,0.27649183747341033,0.6183480818897805,-1.5074063689691668,0.04899917147184185,0.6321572702526528,-0.5070691605341752,0.6536899250043718,0.4047190083490412,-0.4602924864339901,-0.3360799825086741,-0.5822332960059735,-5.1222620879506024,-1.2422417105965722,1.7871481325416063,-0.3170626853831927,-0.4859629849982859,-2.0361196873804235,-0.9604505823323335,2.045473555256736,0.29203921758001206,0.9274994526625464,0.7970964898457573,-0.06620192500260774,1.645184525160964,-0.5874980495334441,-0.5890139864325623,0.3791138305499446,-0.10592867706316278,-0.015041382022098149,0.6971377561261602,0.0318396795542959,1.1800752163078705,-0.038819360580522044,1.346920460263924,-0.5400508740192504,1.029114537853334,-0.1005203813792782,-0.7188176734997948,0.3525200832132543,-1.7617629081685875,-0.1582237252233588,1.1513683436710098,0.024001511727074487,0.023339420740175032,2.0223535146156872,0.5745890439971459,-0.6094988416506861,0.9299331281786289,0.5740566466807415,1.1053086976307331,0.06336194639290887,-0.13323983716911708,0.14210344412213755,0.45012489604346717,-1.34868022011791,-1.4608804774691895,1.394482612088254,1.352742065447895,0.39095415639709896,0.9479148959831856,-0.16914684226422905,-0.32476903535029,-1.360074665882391,0.5491208447288549,-0.12133403182071574,1.89880204713749,-1.3258645647559293,-0.2411472389755893,0.8722468116029589,-0.4019197100730644,-0.3685404477476889,-1.1581908145900095,-0.7258061172797788,0.9423475364845104,-0.6442734328794,1.5237639748658993
-2.68785346188758e-16,0.028236636585797597,-0.7063998769887638,-0.4480519420006581,1.1287342083947514,-1.6582314941597749,0.31927108563803047,-1.0082727865085248,0.17298517677774672,0.8163158680130053,-0.5444300430081552,-2.3495529446928765,0.6864209584440297,2.921866675108788,1.2912937033161427,0.07109134343588135,-0.9334976885272686,-0.7519494812531982,-1.1913008419858166,0.4524973283830336,0.8500208975354259,-0.12010389669459698,-0.5890527487781977,0.9432012851096634,0.5623464584448924,0.952235677293432,1.1571188000464876,0.3827807439881843,-1.128453120716926,-0.8536008779437676,0.1250331304212613,0.6424406181532947,-0.6456208451749492,-1.204708916485282,-0.5025337925811522,-1.4064093959198818,-1.6858508977945665,0.6519917496245025,1.3102279845506957,0.9221174349605075,-2.6764312551345824,-1.016253179362479,-1.6666498476390856,-0.31954933070772407,-0.8436851319594011,0.058193937567832345,1.2468754370397035,-0.21040014597387358,-0.5679941487668401,0.21024313225491492,-0.40783844410949754,-0.8041090537578693,1.0155240147316973,0.892932587782794,-0.35108669563230305,-0.45048301342011576,-2.1731659183207275,0.7414902131760659,1.365357738418024,-1.1645393827388584,0.49624893612784493,1.134575144339725,0.874497900386572,0.9472388624499622,1.8036817038145214,1.2373195276084392,1.4362570201269271,0.554149808633407,0.13866006313070695,-0.00841375962824758,-1.0438000825293865,2.2996443089369305,-0.703528508758496,0.24189613231688278,0.2960686017486004,0.6816366141987404,0.7988837210125875,-1.353387483376181,-0.31408667694218256,1.7233746638188785,-0.5354660891813473,0.9633290049405676,0.3800792597162714,-2.351369687914932,-0.2717862934201627,0.08751563528676302,0.06063163824934863,0.8060788147819458,0.6089346953932406,0.385977343813962,-1.1568883111720416,0.5435255114319277,-1.7213863895099948,1.7247429423021183
-2.68785346188758e-16,0.49611066897375466,-1.7106626383105086,-0.25036833365678224,-0.8129745565333797,-0.6127129200657238,1.0959472224368998,-0.618935337886779,-1.5799953291888187,-0.5689706898776249,0.7546823128037868,-0.8700432362499213,-1.5337225611635708,1.0494001495109422,-0.2346919288897405,0.24108150780371837,1.4529901600282304,1.6753624637618132,0.11593001755155857,0.6837607074011673,0.4631023330356227,0.1759298613174394,0.5275051176608938,-1.1129481934083836,0.59645360236799,1.159114391906254,-0.36604739865923747,-0.7549765406828585,-0.5377938973600029,-2.2101349179469,-0.17358637724610548,-0.5153085323585372,-0.8234621043880481,-2.149173042068918,1.8965574121768016,0.799639767768784,0.04088962595246462,2.1915261806988253,-0.4681831851505222,-0.4663357140857598,-1.0683218540515727,-0.5554075062797617,-1.05845586574373,-2.0702768073409183,0.21901149933588837,-0.7450171096088103,-1.7109562671551661,-1.776780110301483,-0.9260802265160702,-0.1746465855054173,0.37958592881232023,0.9257059274299322,0.6518062034088965,0.5841337174994177,-0.216183586053504,-0.7551781567723732,0.6227115131120236,2.129334639189033,-0.15116253946326474,-0.4181742532499625,0.33066399165956745,1.0399855761225503,-2.0302248947403303,-0.18575636882185306,0.5054708905560563,-0.157991121550979,1.2498296359473395,1.2948166641885357,-0.5684013525638826,0.7970731586864389,1.0471348127952274,-0.2993599178541077,0.6550523786319625,0.5162171295818234,-0.2555710396831569,-0.15060607922254762,-0.9522624800763837,-0.05104096950599728,0.07158083204607164,-0.6946614036078327,-0.15186684853191149,0.36910573514605166,-0.07629463310929176,-0.21498210564235826,-0.6778813627060203,-0.3480279162264198,1.255874147275434,0.6865388977514243,-0.7061815526855786,-0.2707173263057119,0.08429815444198921,0.8427878803311568,-0.6718288041907202,0.9171692175668297
-2.68785346188758e-16,-0.15880023411627492,2.155058502260149,-0.41486165018062093,1.0167412272240928,-0.8967096183896248,-0.619503826801021,-0.1759735122193018,2.200522141170569,0.31780950082142556,0.2916645746438506,1.9546014399053462,1.1838918141344759,-1.213999468828162,0.7216925279516813,0.8627178750719754,-1.8373685338710348,-2.4639063754213604,-3.3687351620490045,-1.7836665625413852,0.3116021789997628,-1.188143866654145,-2.3739831972202508,0.04892844205158162,-1.001040275147439,-1.8477202521474616,-1.8830708187742626,-0.3769169633459789,2.255925039433605,1.592552922942911,1.3301607275875627,1.8318614372449575,0.6728981950943995,2.542452653957371,1.1722840855714936,-2.009074405450146,-0.41898703120879033,0.7845291914124277,1.3428171957195767,-0.32471753071020715,0.5368716323081387,-3.314421277294863,-1.6987922399700035,-1.9905991478598595,0.8061284086506288,-0.046639062279776655,1.4133752006644584,-0.4739702330644334,-2.067305932290711,-0.33229969875047216,2.326907835915759,-2.459873271207108,0.2865731656662261,-0.8607946143316754,-0.8692312540167886,1.7755244865390258,0.08719111248171095,0.6986715628194896,1.245151372923715,3.8973569932360315,-2.175826716758022,0.5019554527027539,1.6183352736097865,2.085073643530218,-1.971242440547453,-0.6075403262769955,-1.539247225883321,-1.3725658254890996,-3.1453288291887405,0.5852976473466989,2.896601739984953,3.450799177079481,2.884126882300402,0.04018135006558493,0.26205313011428816,-0.5153422098605932,-2.060912318500188,-2.0450107959547483,-1.845588940132104,-1.6521011101892389,2.1923500179754956,-3.127214875408168,-0.006272420766240537,-2.184810069333281,-2.6709369427566867,-0.08178550379949269,-0.3992243916436774,-0.0006399412908427901,-0.5116858258501575,0.3020911251223009,-0.4579315530327164,-0.9112791001194913,-1.1360272615234308,-0.3618725357708388
-2.68785346188758e-16,-0.7751433177506127,-0.006822013538834049,0.5271229001392022,-0.21139331936708747,2.2030450117122338,0.6540651939953377,1.6021212508646712,-0.6604076469657157,-0.544097819831824,-0.7255109665151991,1.7980094743512134,0.4019846157702826,0.2549375122020919,-0.8860889899928159,1.062205624064673,0.1623815651998778,0.4374847738129531,1.83945162130217,-1.021340864071041,0.05894430425113239,0.8585208907255037,-0.5720753245872736,1.9298493638902736,0.12474580741351093,0.6087365134620387,-0.4777923822665376,-0.8222711766694737,-1.4276493827164023,0.6434243017787731,-0.0012157163150699202,-0.5409256168840402,-0.0742144145212626,1.0250846301212877,0.7191901075921407,0.09731969329628809,1.6640694140627805,-0.7777904139042184,-0.7981421976284155,0.8528529773633843,1.5697813073266063,1.6626768366544757,1.239018983759774,-2.3864669993131016,-0.3562897693724086,1.385137094776378,-0.9015239845935936,0.4224684523032126,1.6619173793967676,-0.1544029506029157,-0.17962808144156478,-2.1247119905639917,0.30392880605583733,0.02197431695597286,0.23573709451392919,-0.6226963183232928,-0.900028956811411,-0.210503709728867,-1.6522461526571817,-1.0441986349006886,1.8873141932584123,-1.4703555583408807,-1.3981424054814733,-1.3959401012743915,0.8468607565411816,0.3462019136122838,0.8518822070634515,0.2429730636499054,0.41965460421012984,0.37978707193402145,-2.038468699617013,-0.35489509499175304,-2.3650065149564132,0.4221477084595885,-1.0077139177790306,-0.35920284509087064,2.508100096017558,-0.6789286624387376,1.0341925616850394,0.8489419249811366,0.43083578568159875,1.8483442477838898,-0.25822106161599007,0.27378883778749147,-0.5322307367430845,0.14299229982734316,-0.9194079536336452,0.4165159194334706,1.1711726215422595,0.37590412110140525,1.1326273963411098,1.1988534255217007,0.7251056494577024,1.1454339351310465
-2.68785346188758e-16,0.5603910509947027,-2.2155909255803032,1.878408606884544,-0.9343766704998149,-1.843314533739592,1.2464393611402889,-2.5836250776644913,0.46690653978156677,-0.6022051731055974,-0.7372612791511608,-0.04118237859360685,-1.6041670348920882,1.7424501077403414,-0.8594956726669144,0.03609789498206419,1.374235565404122,1.5985715669758234,-0.26466526301102733,0.425814507046289,-1.4050484720058147,-1.0869666613890088,1.005997829220517,-0.04619457802634053,0.9931354852555225,1.9383819177600152,-0.857392840136326,-0.01930396371522237,0.15530732813270554,-0.7197743249697076,-1.88698690385749,0.2699539931088473,-1.5599871813809463,-1.2783523151006158,-1.3554234187921879,0.36437100974226233,-2.2073623828106044,1.044454648133041,-1.2983276353561104,-0.4488493699816576,-1.0510473592757466,-1.3423677410623789,0.5294299774603894,-0.9890061098917529,-0.12098530613282588,-0.17193614515643652,-1.4321522082484206,-2.110214845736275,0.14294066396948912,1.554809727217875,0.12265135851301412,2.00420209634934,1.2463715859304565,0.07738097870104321,1.0153272035061598,-0.5805523385296633,-0.3299811721645839,-0.35287753093605606,2.0532539944980917,-1.2703712092557506,-1.3911280115869757,1.0681281273945655,0.9280472756151179,-2.3171957583402425,-1.6652204296366349,1.0387995638311847,-3.737671603455394,-0.11701756474223174,-0.5130421209819522,0.4826971615129889,-0.17091378597499784,-0.3544838985911928,-2.144798057890216,0.9343618668074778,0.10412832273586041,-0.36566893884529517,2.063830550017951,1.8711668034702509,1.0613506465973486,-0.11390552365091045,-0.11652318251874955,-0.26707108379912153,-0.5575748631274883,-0.6294018127571767,0.22955378271222052,0.37838705296745545,-0.7555564025398909,-0.18771503755966565,0.26636836586526835,-0.18003186513103886,-1.7295503039074551,-0.6564209743452828,0.0016238932044867205,-0.6255456358077484
-2.68785346188758e-16,-0.7976070514482044,-1.7343525975310243,-1.488670378268105,-0.10450369151262648,0.8090905925502639,1.1412834268966865,-0.09464745583174239,0.05914735995296,-0.5446080250133205,0.5861420649409181,-1.6900376300894069,-0.7275033611516948,0.5690016340528654,0.45879961055330787,-0.6456651264684969,2.1917237486087946,2.1168650449584394,0.5018139930188356,0.1890273724277055,-0.05041761699735777,-0.11596024376847935,0.9139446479151758,0.29501909402435894,0.4920075737427272,0.14659706719074234,0.5660099227378119,0.5031763169590971,-0.5225531566120747,-0.8111150933925251,-1.178480936122309,0.5423706741601011,-0.9503681690563816,-0.13668876192655607,-0.4015335201853586,0.5249226056356919,-0.590726368103071,-0.15664717111379434,-0.3006185132555801,1.243201569296375,0.5795333565880788,-0.28325152149682414,0.24034088642752505,-0.7059276888650131,2.1431559468945354,-0.43438986309824107,-1.5772037586004282,-1.89567643814783,0.26787403771090285,-1.878464347000664,-0.9332138607041824,0.7722976392938735,0.13521824067711155,0.37491976149242456,-0.6923583378197071,1.1372967491464503,-1.626077619207884,1.7807638186779338,0.7864705832847365,2.271151883740325,-0.21440898375801692,0.560417470934096,2.0351086829621603,1.187101316477486,-1.095833336864481,-0.6715776260162438,-1.0964067263844086,0.356733044279963,-2.060323139845175,-0.17067397130589915,0.7955507605002732,-0.9244952398359441,-1.0826183083233551,0.8145653631126273,0.48224954322727237,-0.61435927370524,0.222214680035292,1.6883471014734268,-0.5542399623199015,-0.8858621318751405,1.4140487176050085,0.46218711447091326,0.5116851273267277,1.9151207752017227,1.1843959874884928,0.018411390354554955,-0.05849384704648508,-0.07726362074397217,0.22162392301163386,1.7479360914453528,1.0956531036943744,1.0706342085704577,-0.04757334636711377,0.9865638635763556
-2.68785346188758e-16,-0.24032996549505922,-2.3871460080253577,1.9537537064579449,-1.1468172898414608,0.9825684837055477,-0.2392021781021307,1.4343457237882986,-0.5684249121561341,0.01108592327589589,-0.03997721079174894,-1.3456076265286254,0.33589330367083003,-0.25252563048882876,-1.22280811671649,-0.14611205598295307,-0.24287921516207733,-0.30539165282270075,0.7237809689457384,1.2113460547162764,-0.49495082469039303,1.0173462780553502,0.8819284941660486,0.6306213400101592,1.6734317476314393,2.08739791738912,1.4280176964822004,-0.09782928870809415,1.3644431113535482,1.6045636686529423,-2.3563380641230935,0.6118161894011833,-0.5117864906300875,-0.7246794529001255,1.567319919451555,-0.4462876033169138,1.9040052830568148,1.0055777015253855,-0.8263926553014445,-0.5074403662000213,1.3136489991460685,2.9732628094373768,3.2701704875507867,2.3118650586243117,0.26736471106592113,-1.6807275621150632,0.15715961625313046,2.0012661018742017,-1.9246713817677716,0.10271150784886438,-0.8930619405034438,0.5853087301572206,0.13108858990186847,-0.4666551961520136,0.8143298234254858,0.4911145164894972,-0.8604384435305793,-0.485196850648809,-2.460802547735552,-0.5096499736680395,-0.11540915663208515,0.339795880105773,0.3621258005614496,-0.9756924219488539,1.2467540696810295,-2.2474019816175606,1.3995885424079297,-1.2879808218620865,2.3273593846814844,0.15297118384943478,0.9303717229971531,1.0769672288425347,-0.31044884451571336,0.4913052701722498,0.003969148760777321,1.2040486348658557,-0.4494763504532109,4.244716106810473,1.3233738978281924,-3.010752256927245,-0.42593296687157567,-1.81008629630986,-0.06101294786145031,5.197747461482339,2.685027829069411,0.43396032444873894,2.29613373603706,0.5940319757299033,-0.2622223877405921,0.825477264987203,-1.4084617356691003,1.0430294160125515,-0.413487827137825,0.10945100168364902
-2.68785346188758e-16,0.3411105221085852,0.7716100743559586,0.900091939886964,1.5180486739195596,0.2024547633162087,-1.286947985255401,-0.3785634760463823,-1.4390174583214543,-0.4123743931823891,0.49482363837544907,-0.7716797939105144,-1.0812692735483398,-0.7021218977488102,-0.4334161801341412,0.10091178196970456,0.40928082423085166,1.0530475603108942,-0.7029014348952694,-0.12637284879432248,0.48847688708462894,0.10420592543702767,-0.262761986430973,-0.014757351054413417,0.19855273628323716,0.44398014663998087,1.554820544217746,-0.2526358065014535,1.4320483932946737,0.09963329957486569,-0.10037246127922483,0.3600465879629616,0.9081923571114001,2.938251556981001,0.4668737193399076,0.10373553621200193,0.7530318794091426,0.26151461537218407,0.23923246530725295,0.1563052805835679,0.3321931581542759,-0.6846636535653177,0.6774112695804995,-1.4636089942626227,0.46632943697964885,-1.488143966840669,-0.47058310208496784,-1.135035421240697,0.21893454595586992,-0.13952171829767804,0.04107215135779829,-0.46545030919001673,0.0018098405546951193,-0.7371160882350987,-1.4887992605438654,-0.09390289616202102,-0.2588169266257449,0.7026509578667357,0.4961948251843626,-0.6111810646063564,-0.3726248025283566,1.1562875819574305,0.5748008734978688,-1.0886820198462925,1.6861439995139562,-0.6245148085036015,-0.9936808673241694,-0.48769579838071114,-0.013068907914938283,0.7457540245722332,-0.0840239660244857,-0.32334027534281323,-0.2101993076359425,0.8260662686852235,-0.24617628742307754,-0.37759261730901794,-0.1546289234948334,-0.9677247198195823,-0.7700731356933266,-0.5347783394949384,0.05480322274433308,-0.2883936849592142,0.551358691407417,1.477971604066909,0.9418384143391403,0.011024725418637388,-0.42577459697345926,-0.7426018041240714,0.6404448561171937,0.06097610967983513,-0.17500214504074463,-0.4497442077795054,0.18561557037381926,-1.8082255997145702
-2.68785346188758e-16,0.0784784434548726,-1.1231903178278009,0.7704751119529188,-1.4338923951806986,0.5521515333721116,0.7000936796907961,0.47209422892436304,0.6992230583795864,0.8912617521488798,0.17404259028113248,0.2521751536456882,-0.5744119300370799,0.034516650755869925,-0.3240556877585304,0.3360667735020526,0.40653436520226205,0.6053222404780846,-0.41469649138242115,1.006476890101505,-0.6315625812229064,0.1452742584812305,1.5410006074298577,1.1995547729518632,1.499856673368218,-0.072504715805913,0.8698510273701392,-0.35390450770703963,-1.2839948182717456,0.45158941027158117,-0.6026948392820897,-2.706306585562705,-0.41685092154739706,-0.13716127972790315,-1.8071685746096717,-0.7191083247006425,2.5651501922663513,-1.120757610629707,-1.0221759775379682,-0.6883288401977667,0.37643494940066513,0.8505838925634882,0.5135282673353427,-0.48110647252672456,0.7679022741617914,-0.12800163631413453,-0.1566170586548887,0.8177130264686768,0.1680545333901926,0.011216155121740382,-0.8955469440024717,-0.09581871043209356,-0.40701793939148667,-0.995821146461266,0.6355706139609381,0.4819841112125317,0.7046282689813755,-1.4216301509734077,-0.8552724027749613,-0.7307169169142569,0.008554952889121593,0.25469524590513215,0.20110418875208175,-1.9543557693833906,-2.1398845642532245,1.301390832136329,-2.0024580564787477,-1.0681876908347663,-0.5511262672300888,0.6064293635298547,-0.6500877485593956,-0.8484940944458367,-0.41101885196701476,0.6847336159253876,-0.3498096555871326,-0.9810936446621293,1.124207013613245,0.700414206335989,0.7726405659381371,0.8372536999717677,1.2118288653094644,3.4675014424510993,0.11320651933347659,1.6441534913168516,1.5778932646659825,0.29218072624927466,1.0757308860326633,-0.18243086880475456,0.4498343649750155,0.9537007385979304,0.05091183103575658,2.2720370789422337,-0.48055720815311703,1.4064990784267957
-2.68785346188758e-16,0.03469509654073301,-0.24886381892298726,1.3828853497539377,-0.5177912978469494,-0.11286228374100804,-0.6687533775044874,1.6999248160898126,-0.9345501860666614,0.20318303374520047,-0.028339624340049354,-1.8624697120483007,-1.1487470173299201,0.7807141550072408,1.0178856679766084,0.8411757342142415,1.0580404724895647,-0.8944457606409405,0.5124114386058356,0.2898252993741923,0.4452112818416502,0.35001827695314897,1.2515262856367455,-1.4073261392744245,0.36470678876515616,0.9321093210965213,0.8708253357367421,-0.040148985520440335,-1.5450109068084918,-2.219628636224451,0.8604996535048918,-0.27540796215709556,0.03665529997873723,-1.710509319396756,-1.3206073944152594,-0.7492232006237591,1.7427278260454186,1.5265901700470035,-0.3105997216556876,0.9215958486137178,-2.3170656052158005,-0.015160209021153115,1.5138171782084564,0.12508978328852433,1.8912598080308862,-0.09137158564591019,0.08493484893183012,1.0883534987854968,-1.6601364009077637,-0.7686713428023686,-1.3879274794750383,-1.0088866896114803,-1.6746094968219307,-0.20132444630599727,1.0440281754823448,-1.495946413856566,1.2377823822150054,-0.4620145571628711,-1.671311960525413,-1.4540034278301601,1.3609780609030575,-0.32801170695844106,-0.561719251552232,-2.3089532938626514,0.6735855822559105,-0.6307960173429362,-0.8936158199620541,1.2313469246136286,0.15382996819013434,-0.2016600442937191,1.2319109199273466,-1.8908271536743213,-1.0638216726255378,-0.45336893085253843,-0.5631736272624607,0.5973159021013279,-1.3605976773045065,0.5976447422498183,1.0480812599710339,1.6045807241397645,-1.2851781831329772,1.04533505879539,0.2587338808533793,1.7990676398480767,0.2891557452435916,-0.4209253584054434,1.6168857113121027,-0.05044569296605253,-0.6451831877200129,-0.7974073863839176,-0.3489123708031526,-0.6466566616404841,0.6858189410123511,0.053331472321015094
-2.68785346188758e-16,0.26396880624126096,0.5325042443197523,-1.4030489391227023,-0.06904778349773091,-1.871186977328586,-0.2853417942534128,-2.540424756071031,-1.1576619082810213,1.1756946641814554,-1.0583778998549682,-0.8490984149005694,0.918372747809899,-1.230870630238525,-1.7664245048342009,-1.8656102109399526,-0.43385462974375244,-1.906774634574486,-0.03295311248353583,-0.47941730230553115,0.5832990667914898,-0.8687973945668946,0.8869078945687431,-0.04112229271423324,0.31594664977851394,0.07155534002170083,-1.381507541509564,-0.18655285564859092,-0.7612497103043068,3.2552989199478644,1.7887200359679771,-0.5869486778900923,0.9986936670409695,1.3864775346762672,1.523763271735104,1.1586882834602372,0.810382480894767,-2.102877499784061,0.8646630798115763,-0.04353274149977199,0.6224175685158345,0.15891033524352943,-1.0428880345258063,-0.8723090510186416,-1.8362380456874814,-2.10421374337173,-1.1039440976568633,-1.1690249890469613,0.34691682489710085,-0.20220192789988323,-0.7692819459870286,-0.03208840125436552,0.7052313741482295,0.9782453991954632,1.0457458716942223,-2.218242167563452,-1.4558976756622939,-2.129513583084488,-1.7270354895341091,-1.43201157926506,1.2254391991211233,-0.6727836394674036,-1.9518425533177224,-0.5897850571130878,-0.052381297784708486,-2.051174836134302,-0.3944139614420714,-1.1571691258683843,0.33362568574920604,-0.40825293166690063,0.36161645089721556,0.29537983651367533,0.060517336255981546,-0.2054070874194187,0.23598112055590548,-0.08577879935021848,1.221460415012185,1.8089206750304603,1.3257984367903122,0.2547513837597059,-1.539116452689899,-0.24756246833059448,-0.5290491771928627,1.2856998786961644,0.2930635625741987,-0.37731159151538,-1.3448572666465048,0.4699118800545301,0.05442665609134084,-1.820896431087285,-2.0230396861225604,-0.5112263472471427,0.7930203936158969,0.16109426349953337
-2.68785346188758e-16,0.2502408380419535,0.509820643991644,0.6477725547732566,0.9657360411493092,-0.8844003234372793,-0.3321821711109688,0.8377953896031244,1.6354252302548407,0.18063990864440208,0.2715828512028006,1.1504718124798234,0.743922376119326,0.6649765977719284,1.5588737131603705,-0.5203260622025032,0.13425673579041714,-0.7470109701148716,-1.5526704635919886,-0.25634017850574364,-0.32736521435517746,2.2899038762611257,-0.26196662780209,0.5529942300237283,-0.10885389440638144,0.8835667175117619,1.14555624317529,0.4165159760577118,-0.04234919089840314,-0.12514716786170532,-1.5068937842452517,1.883778780130052,0.749564396283255,0.883115513375468,2.3239754067279295,1.2205058645121776,-1.3595995343183271,0.8157544105132516,0.3523129583709065,-0.02574847244747451,-0.23850766922117728,1.601013455511693,1.4504022085155621,-0.5693856437350017,0.4923235551751478,0.02980155279475108,0.3124074735371988,0.7850978072686532,-0.746354138802765,-0.714584647156462,0.07413930215318407,0.38279055422557184,1.6749590046739118,0.022165483600304216,0.8006877484347683,-0.18357814651792237,1.2353497536880291,-0.34177294097621186,-0.4111593713137448,-1.8726241647435362,-0.2226992606157761,0.5199104022474699,-0.4521533945684377,-1.421447479428016,1.2091785727027542,0.5529179278699475,-0.044024660361438955,1.7715690149721022,-0.24087288710440785,-0.044464795159603186,1.1045070641088253,-1.0949044120573346,0.10751271466805468,-0.19831278328037846,-0.8472584141681498,-0.12657430345064058,-0.8063305010705092,-0.9782071171391493,-0.2837517860874184,0.500828390604827,0.5807211813589713,0.48346184137540366,0.5362499857496076,1.3502924148723925,1.4134966154640025,0.20716702440100535,1.9391731371295018,0.16504697272686272,-0.6121077459236284,-1.018307865929409,1.6687385889736452,-1.0222623546215648,-0.11594004767582894,0.42809741727945283
-2.68785346188758e-16,0.4179773630574471,-1.752607357789261,0.6874944913162297,-0.45673587482068295,-0.6961597231545638,-1.0523789836177717,1.9414702208150647,-1.1287830639635514,-0.21059860380409082,-1.0974847728599655,0.2036377659979407,0.08041425549637182,0.0941913814173837,-1.8458613715542667,0.378635030709202,0.02520859916640103,-0.1756166780052555,0.23469482274111025,0.4972111542415408,0.3222649163819488,-0.20189142333101645,2.5339916783635275,1.4888513534481689,0.8644297178413423,1.605876678849461,-0.024267923431011,0.04333891846612609,0.24295834264144128,0.17927649643283977,0.6116549702362616,0.39820478798158215,-0.9005839868093303,1.0281285939228884,-1.141650185139147,-2.0424066020642533,0.6983668026758952,0.9098565926441415,-0.4717169906638808,-0.3778640167610544,-0.09280859814793813,1.659617936970535,0.9095969538798234,0.5860035046233683,0.6064924860017263,1.0292303898494308,0.294210643843185,1.4606742111656514,-1.0530200468333364,-0.3418443608472207,-1.4786013277621888,0.31292779729515696,1.180543650580032,-0.1366954629689741,0.27275259688130027,-0.6041557688358934,0.67983882398026,0.644787242529099,-0.8386315915973777,-1.7593028876893353,1.0077978151851894,0.22526909747897622,2.2667006621597916,1.2776356087994438,0.8288597484876103,-0.49837175771258224,-1.5411762001189075,1.7204095757682638,0.8120756506311234,-0.1475178633282523,-1.3466880549097873,-1.1972754345403662,-1.667921363935216,-1.2178499646721686,-0.5201200075204713,-1.3512909387184315,1.9051070843561215,0.1723961691281347,0.6888608358918419,0.2680898416805939,-1.043070443127448,2.6238340979788948,0.30552540797847705,1.4750269667986946,1.2564768235087924,0.2753316662765514,0.2828087351670746,-0.035951987833663324,-2.3455622796322206,-0.4230775813903613,-1.0806067031492805,0.40999316003027536,1.1278763035491015,2.1596470136647716
-2.68785346188758e-16,-0.16359769155544338,-2.4626055725868414,0.1458888898167388,-0.7162419096657304,-0.0670076657588331,-0.011933731696170076,-0.5697508543863804,0.5670663825911221,-1.202454990608768,0.11129940601979334,-0.5011868026172933,0.04770967884797257,0.33431935600003104,-0.5603272022201982,-0.3832519648621868,0.9472133307677547,2.110903435424026,0.17423116000995476,0.3808984541228532,-0.548080682054003,0.04004473019003335,0.36585029230421284,-1.117534376775329,0.6161567665862925,1.9393782665748587,-1.3907989857727374,0.08412971339879853,0.12282280976373283,-0.9385424832092221,-0.26228252517800144,1.1166931089104963,-0.2933881558017195,-1.5915672335806759,-0.3394573937617053,-0.4387184433397834,0.26637319750730853,0.3263551013367792,-1.3981123096984107,0.08546715525288995,0.9223459064284577,-1.1739330978244902,-0.08618904457518028,-0.6313758201288986,-0.43103337999377245,-1.3459100390178464,-1.6049160875055832,-1.6740003056918127,0.6014410122476207,-0.5608958476088102,0.3364514524637311,1.2580473966519252,0.21766559144007303,0.3366306310269977,-0.03473375214361155,0.7106478141959947,0.8919098593732312,0.22623140778313672,0.5780482079330944,-1.2537181515363236,0.36861457640804673,-1.5533505651271606,-0.4740483156065872,-1.9033846524329583,-0.024471284583215902,1.32116432660558,-1.9069050697698193,-2.099713138852927,-0.3257567645938916,-0.2825692158917489,0.07466740277929507,-0.7115380893314012,-0.5125529731204999,0.6404238997971965,0.05970843251766068,0.050157647768657915,1.1586490327473888,-0.4771404307749706,0.974662349376334,-0.16210644294967713,0.0672588742913451,-0.017578902487275408,0.13007362620461907,-0.564241303275614,-0.31985533740556094,0.11913149096294635,1.2352338368579938,-0.5311413604688984,0.4495753862455289,-0.3055763857536456,2.724533381954841,1.0728975551724482,4.250168957070331,0.7927715761583125
-2.68785346188758e-16,-0.6331323797612871,-0.5912279091077072,0.46019002244942514,-1.0722839097923058,0.5812858915866292,0.8871385688363684,1.6614705218486634,-1.042895187657881,-0.2999768634770387,0.23720868224914066,-0.8580007803607776,0.36866806319541545,1.5617464288473304,0.6234958345029216,-0.12665798953831123,1.1439830921909084,2.18230618004937,-0.8744001370867716,1.1707873131502244,0.4459228342552676,0.7335097561868862,1.1907497458723997,-0.2536280054781345,0.6025263281459586,-0.06315359958025335,1.4808785750108,-0.2508296727318196,0.8872646985371688,-0.9445797792044773,0.38104687573237395,-0.7939657424927336,-0.3169055396573876,-0.7901881517178853,-2.221262194564706,-0.3644588548563724,-1.7504946873501006,-1.9458983885098002,-0.9473830683787361,0.5678380576020075,-0.5276251827781034,-1.3802115990867316,-1.3856863580197036,-0.39409702714737116,1.8112912529702307,-1.526132288410141,-1.5880952555396766,-1.5102915190799566,-0.9596581506170818,1.0765604768933479,0.7357641817543539,0.7024771729945025,1.5902280383746532,-0.5380518645863418,-0.13562735957706828,1.9448918082600493,0.9205262678586257,-3.63535901801008,0.8810966484836981,2.0132719365100735,0.6706734859700881,-1.3964594536969643,-0.12707040445501327,1.8262870318512499,-1.961819070553727,-0.8968384836707182,-1.735683085552978,-2.0056522475766694,-0.7490360264571095,1.753100484022481,-0.025900764666061504,0.40758755606912334,-0.6382184152379395,-0.15924159316847664,-1.0118484728734054,1.7897996400065548,0.3102819189591826,1.4299912898236589,0.7620588354850947,-1.0607077518462995,1.3286452113728877,-2.3319149035072706,0.8902648823134248,1.2353570417211213,-0.10778445871189557,-0.09710445285677437,0.40905494068129644,-1.4826141181769308,-0.31085470754987665,1.0200727769963591,-0.7775441747288122,0.461794769605218,0.2294183838831212,-1.8559893856692358
-2.68785346188758e-16,-0.13480747901549417,-1.2256482969639992,-0.830648632256831,-1.238983893326724,3.49408413072687,0.4483304203440483,0.7750998273853016,0.8376132791414229,-0.013127695574268038,0.9475111651943496,-1.6793844098580264,0.8634701068780832,1.233963412855322,0.02429835734544339,-0.5324563156025744,0.025599808322426254,-0.9015599041780944,0.05609557771193008,-0.4667166306462078,0.7272138095321777,1.2086959689488128,0.8085833603036383,0.2848684595149397,-0.6582177290577,0.5038386709183343,-0.5530601675432826,-0.11280284047428338,0.7758854955924659,-1.8350351709831767,1.267844477740367,0.021030198301523417,0.3738279743753984,-2.4835441357040584,-1.19653422849717,-1.739022349853272,-0.739892606107404,-3.8595053438424447,-0.6470024454014196,0.9052151996444031,0.4490724992245033,-0.5218274612802755,0.11005679672912344,-0.854815179906222,3.048599945525458,1.8108784178694988,0.017652687222635466,-0.6163169392690491,-0.5136630817844727,-1.1546265732936187,1.6635175012811825,1.730059381794494,-0.6582430397562983,-1.8957646087268254,1.0633396872641434,1.4075209290145105,0.9433553371272875,1.0073572874539494,2.9626714426267524,1.9158971463360333,0.6746924130373981,-0.5704088548518818,1.1619732554339035,2.044023539091662,1.509548447395025,-0.6945911238988268,0.21574406724769252,-1.1477595689106437,0.7328994646938798,0.2799733184152496,0.7645654052400392,1.0152495473442666,-1.2631878876188132,1.398127737391644,-0.25047109339902707,3.7718458340660233,1.3601728035781555,0.041620972598918726,0.6983629327912546,0.2624119908156427,2.8294552323060063,-1.9515340453428762,0.5297471746475088,1.630114683079491,-0.6003572396792842,-0.162648439444503,2.208781683778483,0.522320816206138,-0.706949518350062,2.2008056549704693,-1.1378029221269448,1.2664228850867136,-0.4343362190573132,-0.35383991841757134
-2.68785346188758e-16,0.026943524690984183,-0.6534759479836935,-0.48305879927966217,0.3015032890230598,-0.32893811683022456,-0.42341998978571144,3.121690537910465,-0.42492558449068646,0.24065017873058345,0.9241702984676309,0.12164724774649108,-0.23394823057969089,-0.07940995682669538,-0.5746024851830167,0.06133483467232588,0.5252925230513974,-1.0577368674082241,1.4944799101428363,0.16301543553175432,-1.2215093599357287,0.06783373254335362,0.7308171897640873,0.28146748969902946,-0.13147093760019657,1.3567179630014683,2.201874616332468,-0.6650089414020622,1.2360417521432183,1.493103523588971,-0.08985269949620989,0.1757032718156033,-0.21067636349576468,1.3228892779885528,-0.6618094295492363,0.3326258678134455,0.6434283742216241,-0.10500495973073698,-0.3058189870651932,-0.48971660516664195,0.9787456318364809,2.0245092425285542,1.9690531895626586,0.755977794490019,0.10077699320263897,2.003175992370939,1.2886802222478075,1.3357369939973904,-0.5852745122640467,0.023450631088305276,0.08588548023560327,-1.1753646130470257,-0.7497738276642116,-0.5207896329620486,-0.28717884705069247,-0.3301495627544465,-1.028279812105808,-0.5085331837819179,-0.1655047086119909,0.19658244710560985,2.0413459520032298,-1.1365963643908554,-0.3033440566986233,-0.10986498706487402,1.8341841100737781,0.5521360205670804,-1.930212558983269,0.8753471671312958,1.439009653596273,-0.11045259820784031,0.6950566729840107,0.7311765580749342,-0.8128869359604772,-0.2036646597372973,0.3744199286955641,-0.5410520604107711,1.2393636551144123,-0.07635815872607932,0.6231774273991921,1.2718916772013193,-0.18833203708364515,2.7482043730531167,-0.09117355518038729,1.9944500355092885,1.094875382821852,0.21965703319490867,-0.06136735288176293,0.09398729421856793,-1.301830187987711,1.2018862333597364,0.4716293730127088,0.19773514499251743,1.8631590989292433,0.6923928634426539
-2.68785346188758e-16,1.2031675701635123,1.0110330408626207,0.10043328791610126,0.7034895307037418,-0.5416276539551568,-1.0255793519607566,2.67049675172856,0.8338220466253384,-0.3630355777436472,-0.021752408845827284,0.5914825165719658,-0.4397667925425155,-1.153668384327631,-0.9898491203322468,0.3812207658197412,-0.5446935137561844,-1.8195843778549334,-0.0999247396062909,-1.268763536409046,-0.07967857801699937,-0.027289787710048724,0.38437149399716586,0.3852647601945554,0.3662953047875382,0.47874060066483415,1.8847274612901432,-0.030502037864575605,0.5190123474771875,-0.934085434458974,0.5166255881129925,0.9917629912753353,0.230623178014978,1.4831741625442127,0.38888332872350406,0.3251376966274435,0.8374291886136238,-1.1187026983680841,0.13209557859569648,-1.3606872043879157,1.5548518883161335,-0.21723556664950427,0.012213512727676124,-0.8219079835999703,0.7193764954322851,-0.4319181386232315,1.3744592354446454,1.646206913476733,-0.47598612511000926,0.9699558294269784,-0.39899572865078026,-2.001330751647439,-0.6777224237671166,1.0148934698245562,0.20421761126230414,-1.6636212268878243,-0.10682800811925573,-1.5125029632616647,-1.0661017501807322,-1.3484188911660326,-1.391772663779116,-1.7336142312361136,-1.2361940713854098,0.10877205601327256,-0.3405960786241585,-0.39012200210942716,1.1966610224103615,0.6475437129057418,1.2190507561319375,0.11338703663998305,-0.3055808897514497,0.3649430806695883,1.5357420976299523,-0.7233030782836557,-0.8137174243389513,0.34624640634608034,-0.6223437840909148,-0.34299026349998973,-0.4286612051607303,2.1234937359552366,0.04152385160313543,-1.176034107201901,0.16703111458127928,2.110693011155505,0.49450779867672784,0.29971082821956146,-0.3741891054136073,-0.6631222170696083,0.7502925337841617,-0.6451881573110836,-0.8269574879998924,-0.8114456114260487,-1.5430304665386247,-0.48055054798599545
-2.68785346188758e-16,-0.2922687948735863,-0.49805178091826485,-0.49970934641445997,-0.20662517676501463,0.6800873873213193,0.5720368672117458,3.0785491145988537,-1.183069999137496,-0.031112771087339956,0.6079579785261255,0.1116496673309034,-1.2992212178994795,-0.24599812643029917,0.4497277983583229,0.6656731169572337,0.869385589295878,-0.32585647577660504,-0.4262280480808358,0.06370985240688504,-0.4324111191861869,0.12216289042740247,0.5802119730787758,-0.25659249143680424,1.9341674414422,0.7342390822755944,0.3385676133405978,0.527647532863162,-0.606201211435187,-2.349043394674804,1.0178528052664837,-0.6802978122888341,-0.5911406916481834,-0.5963657263898923,-0.30368970031769815,0.36423769982342113,1.0619850586401232,-1.2702327448165347,-0.5373699897579851,0.2792278233153376,1.8127744365237495,1.875546065251059,1.2962991646478526,-0.1611477164578492,0.18164603414457597,0.22766815963090578,0.8873080043691857,0.8928898577466433,-2.503857414859128,-0.2439831252522127,-1.3807908727755607,-0.1032144563951477,0.18756053802965322,-0.8805440872882984,0.2516865551178772,-0.3047663513962586,0.5194597527733941,0.5685028474865724,-2.2142774185087943,0.10841571029409658,-0.5953066600614494,3.0209039641072124,2.134952381411358,0.5321888852266572,-0.3273656997516023,1.7421605925753378,-0.3081871322972725,0.058571272956078335,0.8937114512149744,0.3990367963908007,-1.1379248704266365,-0.9078842056017395,0.13455263408054952,-0.15879211199374876,-0.13821945444252126,-0.8877026920164834,0.4730688201753239,0.0424373586529026,1.8389494842388643,0.5155487386347567,-0.11508535540409226,2.817758925050321,0.3938257130479726,1.3702265401139804,1.4707701199988712,0.30375937786556345,-0.123031360980126,0.7605505905267332,-0.8554227260803408,-0.7859295692665176,-0.8114848723333243,1.030000403357387,-0.25057622806559987,0.885976730468059
-2.68785346188758e-16,0.19207503525985223,1.40133661677764,-1.3679042694458352,0.9801847287475077,-0.18425293105883822,1.601583623794484,-1.89624254672639,-0.3405116471013556,-0.11961953750193385,-1.0068692001150863,-0.6050908127335813,0.549479175346119,-1.0839495202144713,-1.6499203432895904,1.2974814918285742,-0.8720024312771255,0.3405643226801643,-0.531101428428209,0.16623606551156367,-0.13718247856343946,-0.9700819843274269,0.05518228602897973,-0.19769906831553902,-0.48010179613009085,-0.47750448443968185,-0.34858735249491624,-0.26554831031945403,2.0203945766096485,1.418504616561599,2.288668775506918,-0.42181780381560685,1.2579804806325536,-0.07538887111074444,2.2878853424316956,0.6598789378493395,1.0842817285848572,0.11152914260811408,2.723813942440092,-0.22809193274722445,2.3777082276289487,1.1606960249264664,0.8060306010228674,1.4796137663326374,-0.8122778978795434,-1.7675565791594532,0.3123607262903567,0.15071538488760466,-0.16704923895603685,1.0520283061922273,-1.1506010976218473,0.36557012905790076,0.1898424455046672,-0.324889151138086,-0.3697732413883974,-0.3334924459426565,-0.37320505466823456,0.7981538707999469,-0.5929480817493639,0.09530473408458384,0.6825724574666867,-0.15662127566696565,-0.6758607422089368,-1.4971722058665515,-0.17358843618459208,-1.5964008136019658,2.1018680282844144,-0.7200208708445958,1.843832912792202,0.4774129948801597,0.09428830857454937,0.14053003836082611,0.27930545067475,0.31222597022156784,1.0550266036725835,-1.5480023376846201,0.038796533859233984,-1.0827672701195965,0.7977027056323585,-1.2675501405451757,-1.140675264035438,0.6570868673529044,-0.46621633598935674,0.43881269505600773,1.1276786389871374,0.07766151922269926,-1.5866643403435736,0.057697622461077985,-0.41461835817163695,-1.3625178976441001,1.9744410390410263,-1.364622108680182,-0.37183453716812664,2.027724317012648
-2.68785346188758e-16,-0.7006728993678092,0.3023429052981609,0.8132574718859826,1.7389468797982854,0.18652338792953943,-0.48884506287253626,0.003546443169423208,0.6277276167535875,-0.5909416498562938,-0.34174509853192525,0.04510285581850215,-0.5141813913623727,1.189546089569928,-0.2378722275650047,0.23764740948068777,0.2756823645757328,-1.5025902201720054,-0.3494633415197137,-0.6537785563620643,0.004360117882698926,-0.6142438115199627,1.7766940432016212,0.5416734484024252,-0.46075977272468266,1.2290711728563666,-0.12937724201688944,0.3267181755728451,-0.41692815476510947,-0.04755235251465832,-2.217235821536363,2.3595487879799295,0.21677034553949523,0.4170573159307233,1.1373973667622383,0.6717930726848483,-0.14955916173433492,1.314712407324151,1.3334171806335555,0.7245535550143887,0.764990987465738,0.2775854881514855,0.11068793162864266,-0.11946358038588739,-0.2727790704940401,0.6943862976203189,-2.36169698503503,-0.1744448376555649,0.210941150750607,-0.5211540068927619,-0.611636732343474,0.22570383534389565,0.7440525766883161,-0.7960086473691439,-0.6134888359394965,1.2697342915375582,-0.15888044991350223,1.331829456476802,-0.31405776098286764,1.181889160919178,-0.6846372468098054,1.4293022668136341,0.8624493949859143,0.8140050469576083,0.23054571196182994,-0.7990278081386384,0.2664165217472685,0.38162686047265754,-1.1638388724162576,0.18740877907708908,0.8533041558176014,-0.03309195501963502,1.067193628320214,-0.44950113663637414,-0.004119788152296593,-0.898421767573374,-1.989268306556501,-1.6251074630733573,-1.073915571906215,-0.9863625493956907,1.6800875131339361,-2.3147768565538884,-0.6963638409884001,-0.9344925874506613,-0.8690434961591974,-0.18991942882775403,-0.27536025609821335,0.6192799796249335,-1.541411415813638,0.9060676537679018,-0.02737733512533219,-0.7363336389150885,1.7141624921851797,-0.27965038637583367
-2.68785346188758e-16,0.48444074029388284,1.3022016595339556,-0.37305980757523105,-0.685186590334915,1.0980041274206838,-1.2888729164555857,0.30553686932828555,1.24179685528438,0.1406729858364363,-1.2420047772097302,1.1166357082070748,1.631847220230335,-0.6160222450332482,-0.9849065827026496,-0.2570618064377377,-0.4707859721488512,-0.5782952816831475,-0.6329135727478066,0.6075134489604477,0.44471482123362766,-0.12280699125843927,-0.2711345862725535,0.7066299247040079,-0.595619341433193,0.1243115209828887,0.11690020611299412,-0.0557704521754755,0.14286272947952927,1.5193982329869233,1.0224286155508522,-1.0014887347917547,0.688731349479955,1.3355827863372496,1.5601026329261964,-0.5131806227990948,0.25340344515663027,-0.6249793767657351,0.22017043866201008,0.04490974929041347,1.2186985628248426,0.6048572198021014,0.3792225205418977,0.8232467828322846,-0.8156632237028791,-0.09062593817200237,-0.34006743627058766,1.5246332364044362,0.8158282879546026,0.18028117309866323,2.8831958559812287,-0.7025214282486104,-0.5542746310884097,-0.2582043796921543,0.8845228871251768,-1.3948684587874258,-1.3956901134437465,1.6329063827606265,-0.3350809089713742,1.412664800301477,-2.012366005909681,0.25243350837932116,-0.030065750298124416,-1.6339177827870648,-0.4714567380307203,1.3297942198417787,0.3288007551983465,1.6076111732721003,0.8229446653861076,0.41966003745221797,-0.12589810008929825,0.06815619425640523,1.637676533306769,0.4596962232607614,0.1784534659647067,0.2044982951338823,-1.0877193131346874,-0.6721121144909936,1.2251574371146545,0.16243738911865238,0.32408114515642383,0.888361149051634,-0.6056595875806616,-0.295064445526648,-0.34899200656868273,-0.6148745152254597,0.3129231825648888,-0.2717672177175685,1.8457108097315253,0.19926735413828328,1.579491874780722,-0.5721223167686369,0.37357511883650096,0.7390085820893519
-2.68785346188758e-16,-0.89780661303175,2.1171391674739084,-1.1404982576430251,1.1693593637384907,-3.9381225531114286,0.07255139088833965,-0.32207456464473816,-0.9525098145525599,-0.6379764367094114,0.8687293423209917,2.4483669173615916,2.211503917148341,-1.0098636242471293,1.835045664660968,-0.44996992670723573,-1.2133257448043537,-1.3860915923202066,-2.0505657833979334,-2.958993361233824,0.2978209855724197,-0.3017869222795007,-2.0294709458584785,0.19504874749582773,-1.7752637973484993,-1.2901249193668618,-0.29543617726128557,1.2205400169629945,3.9877950219473637,0.18950754153854588,1.272560353154072,-1.7946680499927186,-0.30867650812986686,0.09837435463695376,-1.4868135305862906,-3.127123824594572,-2.6850946451307967,-0.9473290971875757,-0.39259138656412723,-1.4735412426376118,0.7471023430264204,-0.3299016397906064,-0.9689140615107348,-0.7063284611990294,1.7001856938038553,0.9058970902138119,2.07854218993399,1.7709260023525115,-0.07588638854842251,1.164607747573887,0.8334464153902083,-2.2657021753549973,0.8579377847303037,1.0224141283285255,0.06823970092508158,1.6133064847006198,0.9997987340451018,0.03536707545465101,-0.7637812379209695,2.54890250701051,-1.4367840886185577,0.10724721017292338,2.278121065585829,1.813356284682944,1.1437179766774859,0.1778121570294573,-0.7538496744231276,2.4291236578214987,-0.4160834236196681,0.721204699319839,1.1300461616501352,0.21644322022833218,-0.31836899916181016,0.5801475123662403,1.5978472818864882,-1.2202432906632978,-2.6788371508590747,-0.5899036421936719,-1.4108837389877507,1.3009965818502163,1.3542888303527345,-0.549870110671902,-0.0633846837346633,-2.2958154876110433,-0.6229039773265709,0.017429090506829482,-0.012075076998075751,0.5177159876526515,-1.4336001996510548,0.037978283277561864,0.31487625723307283,-1.358458607986912,-2.380476158053505,-1.4979615563130153
-2.68785346188758e-16,1.619931082903803,0.8402160674146817,-0.39252769778016844,0.5434067437503507,-0.5382904837419797,-0.535881464173092,-0.17339741461800257,0.005064098984594756,-0.7400888720072439,0.01624133624954058,0.28882061563791733,1.3509542918578856,-2.0657895866595664,1.4994364195706233,0.13200412018662264,-1.081668053189876,-0.3353519492218365,-0.7954223338988532,-1.3757386721991158,-0.4387770965016322,0.4117061728816529,-0.027259657568986073,0.42405830812902046,-0.3814471323340115,-0.8273379170824021,-0.4818627306165228,0.9472305089841534,2.070130588591739,0.007605193108836117,-0.24706036226444628,0.5929772792675523,0.03063426615038245,0.21750527364408145,0.1432782917138613,-0.14625858325220453,-0.9416148652597467,-0.5361743875852547,2.1046989544004138,0.0690253079638658,0.6279547886880572,-1.1757595931548106,-1.0456039056280886,-1.3351125494943163,-0.3095410701210481,-0.3903540983059089,-0.03930730308576802,-1.3287887901609463,0.5103631990084898,-0.040340593311167225,0.3941748572312441,-0.9443842046282596,-0.1979078284587495,-0.025226503040953994,0.9754539304970301,0.23702825219278567,1.227121915409225,0.730661189252952,0.45786559493482254,0.4234389619954207,-0.888703283644727,-0.43983683460055023,1.1015900795607567,0.4699378555452134,0.8186779850140323,3.1176306919088574,-0.5242584760268348,-0.5253752048995923,0.25128332225565786,-0.41465152451583787,0.9144981224606382,0.7699825631164132,2.003665179505274,0.6172841503547613,0.8464040737499453,-0.9162792675155547,-0.011630827561524143,0.7400770128354948,-0.7474384840922956,-0.5761722858712031,2.059736633342883,0.11665601301153201,0.1756085172904634,0.44740441887707394,-1.2470461345946546,-0.28713647865898495,0.7869700281157198,-0.2511178767358334,-0.2538334957870779,0.45337384089259253,-1.2709046439504132,0.7471246475998915,-0.7357677007125325,-0.4572441567476525
-2.68785346188758e-16,0.6665211009985966,1.2838234358546003,-1.5725417132230657,1.8741121872071589,-1.4197417177440579,0.5177339267464022,0.37537443710902674,0.5099367423470973,-0.30354994525098816,0.5684755243764092,-0.04576553345344636,1.654405892996846,-0.45944750318005595,-0.1353675884870882,0.24265787362643068,-1.389545140968508,-1.229383036212744,-1.4647477545915646,-2.0582224535582982,0.5708208632748619,-1.359419614771038,-2.5307883570257697,0.0876661271709763,-1.9962218016766735,-1.999545369781532,-2.5889189424555874,-0.1046314015559417,1.8135086012789878,-1.05549465550974,0.12085247956587832,-0.2872769553286575,-0.022966278002448742,-1.344589423371067,-0.28083260859445125,0.24815600560544038,-2.0971226372553184,-1.090570368718426,0.07996006313907267,1.1687904640740387,0.4918390047637163,-1.185619895250252,-1.8988053018083146,-1.3584055008208475,-0.5799122382348814,2.2716140617439002,1.4977354143267858,0.31241603324836587,-0.01961174810775651,-0.08879744775367918,1.2839314711724281,0.09341198691035069,-0.2943921197124185,2.044667375137924,-0.6838696914837564,1.3916212049709875,0.19572290380721347,0.11234712932638624,2.107243463956618,1.301734225779803,-2.2418305681348016,0.11284947274057355,0.6290110557222522,1.7391763366265685,0.0759572505220622,1.2647909036673448,1.9592416209443577,1.5512261906071911,-1.2265419252857106,2.2641752413399927,0.4833241130552416,0.8535503090060754,1.990009865456536,-0.02541736095642322,-0.3942681485006865,-1.5008831373989862,-0.8977925092162446,-1.1059348212137148,-2.452360288609494,-0.45668606565493464,3.77963681695429,-1.2766503740726205,-0.15014677903336002,-2.822492109962809,-1.7238624440914807,-0.7065218234573237,-1.875038568172725,-0.39740600918923313,0.4120829266586229,-1.0861598087592097,0.03799968774197571,-0.44239430742955826,0.13752918658965874,-2.4482470334185082
-2.68785346188758e-16,-0.5170641595521673,0.847962411087256,-1.4676965606084904,-0.4105585914891973,-0.03189009220634351,0.6588745309420382,1.3219000403442192,-0.703282375172794,-0.30959147555687216,-0.5300130473399499,1.0070137502376784,1.113521309438009,-1.7820654913869485,1.8584746049508174,0.6025298380806385,-0.7336676850443465,-0.6314034133475205,-1.3559415259009624,-0.982720818012805,-0.5573332646605178,-0.2952887154951367,-1.315389072277788,-0.468663532273515,-1.2813077465314382,-2.361046663543415,0.10589954266985968,-0.4487834671757704,2.8350578742399,0.611748588182418,3.5669683554801415,-0.19198806471056706,0.2127752686750789,0.6391974995607452,0.5927943148208501,-1.2146396292891288,-1.8860891071410073,-1.271440537537836,0.696687489453017,-0.5411294286755614,0.5134890007984995,0.4126645274034164,-0.5255065112041681,-1.181084177694342,1.5068633037471169,1.2060993260753974,2.2384517735350267,0.8836975226704334,-0.2696108456469515,-0.005360060555500741,-0.3324967843652988,-0.6773940014175222,-0.25524520749190177,-1.4365586952841314,-0.7024795116475558,-0.6725823144759393,-0.9170773487257999,0.47986537259526285,0.9579276581480357,-1.4925354858961435,0.27760748174732536,-0.8468000422811222,-0.6661078678083004,-1.5793459704298893,-0.10891332326648046,0.70833103912828,0.5510610745890276,2.391907053090878,1.5747381313810591,-0.2888142564641802,-0.7373379297223684,-1.016582053939945,2.0591943376283117,-0.5682930978457489,0.5299904748586031,-1.0107833529488823,-0.6478912358025439,-0.9252009884410984,-0.36080123869259423,-1.503243557383932,0.08257301439765463,0.09445273562589726,0.00671944369887029,0.8309966566150503,-0.7811046653339693,-0.05747596005990353,-0.9705839002674099,0.8147992949172109,-1.3885227846696262,-1.8545819647694812,0.14481044748437433,-1.0583729799399415,-1.581069420387719,0.11699688497645358
-2.68785346188758e-16,-1.1760205350253865,0.8746588151122145,-1.4959617601607489,-1.654719412621878,-0.9557090403339923,0.14260402024272897,-1.8653384082723348,-0.13469268962911274,-0.2006041850381831,-0.40552103798572114,-0.3145318263677277,-0.07594806020545819,-0.7660026525346137,0.18721103976521714,-0.16905174525274652,-0.4681653467858684,0.27231220426286695,-0.3524069110440212,-2.2865380097016157,-0.14709622546583365,-1.015166772436534,0.032474182752933456,0.38393233949787303,-1.7362878791741634,-1.160966752128321,-1.265693066188768,0.7991498440731133,1.1839204705556774,1.5398762507272379,2.789049671787523,0.41350359168894824,1.7973741435375619,1.7356601308850705,0.931536607424949,2.2296722516857304,-0.9004409669686183,-2.5859269012658284,0.295356449811572,-1.7880986911925019,0.6012632374213663,1.2511346715253093,-0.07075389679224839,1.5069827613336237,-0.2038995596751254,-0.296776485417664,0.10119881997524283,2.3193496774768576,0.1356607294787372,-0.19738209473432322,-0.3520236216340815,-0.6360951499480005,1.6280097850310862,-0.09493228378709698,0.3647473612467271,-2.3885599142378644,0.8819181130391696,-1.472685119663522,-0.9419961272225191,-2.661260631075356,0.7300961474716618,-1.6024039179547,-0.20349775455234506,0.1687315888120231,1.4372129270991705,0.15257790980857866,1.4089306672524244,1.5659010738049477,-0.3525497786068572,1.1744612335109301,0.8472283431479707,0.33479943357662817,0.08688193391894222,0.44065493531314937,0.12119571757794181,0.1169624200508883,-1.1736595769251703,0.014898797338642522,-0.38425044296168165,0.519676504454228,-1.1273084489427758,-0.39133905358058096,-0.5066214117393968,0.36199078094365555,0.593771631636933,-0.1667997562941602,-0.12027449282222658,0.6220726591867033,-1.4474403013025205,-0.8481573627846432,2.508247006676542,-0.4485651490241618,-0.28336246082727845,-1.7162979002464676
-2.68785346188758e-16,-0.46677686778626576,-0.4950858893567198,-0.41883647004645774,1.69431094011476,-2.412141185982686,-0.5706445267857895,0.032917245744437995,-0.5598917412800795,1.0723656758567637,0.024367315517873255,0.3737224869975012,-0.27649582904357145,1.364035117568546,-1.4753644252289866,0.4631343703785087,0.705418851643887,1.2596042723325538,-0.006083446925525399,-0.04482891989855131,-0.1814193378946678,0.15020056117936215,0.5327350510933957,-0.5597056298747641,0.564599331706756,-0.6511707854186808,-1.6298684140723019,-0.34873288875291725,-0.46596526432332874,-2.4010342580518724,-0.34156692941257694,0.5570520570915707,0.32783620847261596,0.603928222573707,2.1879663350699556,-0.5913163367257245,-1.0048058060750038,0.897461140454371,1.795658482640375,2.1594953902769087,-0.8533494341254348,-2.0199698645083903,-0.015513787975021828,2.200434650505834,0.8371393482768839,-0.21153404820690036,-1.443164766761117,-0.24152396805448906,0.22509225596210514,0.3127998633801145,-0.29093391032230387,-0.23488293405236,0.9935169890642983,-0.15720078361428633,0.7178475796753415,1.1242699897462152,0.6499469491811295,0.3071763041816048,1.355312546089758,0.5247527875442075,-1.5663167931655866,1.4763193146252322,-1.0054886472072355,-2.006688196969551,-0.71221154211728,-0.6902369916869109,-1.618741915247428,-1.1245728524231455,-0.9359170041563938,0.7209212607157036,0.8031576526711757,-0.16506106913834862,-0.16885011961573906,-0.9232374104857443,-0.3070607602872691,0.9764955002791433,0.7725313686574758,-1.00201771972125,-0.35193903254238545,-1.4855293584472673,0.16503358853272415,0.215072758925135,-0.09530246409742328,1.6867958118982134,0.5574499346828489,-0.21176045788883488,0.9816725273869553,-1.294642319941532,-1.173330585771685,1.5161538243612542,0.32342413597733655,0.4137951339496397,-0.6970976721974997,-2.7308710184383598
-2.68785346188758e-16,0.02799987346489465,0.5613581339751019,-1.2594945115142282,-1.07938359355281,-1.7299874875171974,0.2313363796941381,0.47490724591460115,0.9937327227974667,0.419189776945736,-0.01385474687457407,0.6956526278077964,1.1417536544717777,-1.2325831589252223,1.6028918402419254,-0.3743400015578563,-1.6899712660483197,-0.7706828503091591,-1.9368965482135048,-1.288468274642106,-0.7475499389540714,-0.758395791407394,-2.6878138046473237,0.632778448035088,-1.6538295428390637,-1.9657023262970106,-1.1027177697610588,0.1424911913554458,2.3206537490820542,0.034260722503367536,1.340706671659943,-0.2780175069841686,-0.5640277449666947,0.6699597275291437,-0.07551527822345686,-0.7995315676006515,-0.38365471110788407,-2.2950053218137643,0.45051687428999154,-1.2475793716366135,1.8766014059785807,-0.6782275878258697,0.43681559047802154,1.9696338957472894,-0.24090674495984837,1.750964541877244,0.9679032616156568,2.5792007743466563,1.497454756040228,-0.6555853205068475,-0.20261860653143593,-1.80563155862535,-0.9369548104754674,1.2013227993856062,0.08770519374033618,-1.9532406100780455,0.8866225844122526,-0.7876787156935873,-1.938061887406333,-1.5727821643395663,1.604483842154389,-1.1727439443003653,0.7536430695323789,-2.688014239992425,1.1324052506573377,1.823793831277417,1.2631225059094124,-0.22959775456708975,0.23346499888466593,0.46452408904365405,0.8556118362850995,1.4867125294876642,0.49628175895346904,0.021361279674317335,1.9665525787264877,-0.9143487140136641,1.1921137147733347,-0.8002621780683785,0.08599455486832397,1.277916799029247,-1.1448482254544379,-0.7254543226577664,-0.1810866528441566,-1.4296718689101242,-0.8970675638957631,-0.28552941711499646,-1.5470133837771054,1.1454200961172845,-0.6105702641935702,-2.1495860483353875,-0.7554370530694215,0.35583699233103294,-2.277616278763799,-0.4085454714366908
-2.68785346188758e-16,1.3593388561024158,-1.1317719897152365,1.7746549978671236,0.6453713982812267,0.7785978280743949,-0.20762912795895572,-0.2079876695534641,-0.31306493552639647,0.21633611230786062,-0.31766321289536187,1.384737280567975,-0.44892435400645536,0.6885470690508957,0.18317319029031087,1.163970278071525,0.4265819037651746,0.6864743564730731,0.8287260159712578,-0.46360973108390363,0.8581549927015127,-0.2187308013965557,-0.12619476691839732,0.8034858639644163,0.39534940699787874,-1.0349485101295743,0.6511262287025336,-1.6751584535410102,-1.695050806237517,-0.3674929653776425,-2.774887379277779,1.301085648150027,-0.019045018791834567,1.183746484187988,-0.28845140295642596,1.4579169344567358,0.318120136573784,0.6901685412583664,-0.18005418927033617,-1.6228779542524279,-0.12463480011713302,-1.1348819833092318,0.4134154741348135,0.25255878889284955,-0.15831936220799347,-2.03540444931503,1.5507997114403889,-0.4786888382188676,-1.5534237565792348,0.3215748455305626,-0.13120249101020276,-1.0462554555215144,0.01096482392642995,-0.295004927038519,0.41449927351974253,0.35978127307226343,0.5214074580817302,-0.1350023740992975,0.6745610327995537,-0.9981732552520223,-0.8992320846620971,0.993710127106844,-1.8848126662821112,-0.2826178675389192,-1.0201580483652974,-2.5797733216953427,-1.9962023314620538,-0.4184953562407302,-1.3461240342966643,0.015734983018843712,-0.8111843506902857,0.5916785580582189,-0.31544824251221054,0.4032369315913088,0.22602111025539268,-0.7153255230295307,-0.49792663637281176,-0.8998969483717981,-0.9943781830272891,1.4161131994510074,0.6110563225250953,-0.4112690638887031,-0.3562933511508571,-1.4330582575466875,0.48220170732082646,0.1722171973529483,-0.2511809408634753,-0.6722805356597812,0.10177691276622569,-1.2295062983505005,-1.3531026901136334,0.4583468787362534,-1.1260049420802136,-0.2468300848374747
-2.68785346188758e-16,-0.011669956387946177,1.6986631908362337,-0.7090148659885117,-1.1929767393496318,-0.2877583984937995,-0.4375614521877371,0.6309813021358333,1.5958602859966342,1.1335555097456815,0.24660020717352013,-0.3250584445533685,1.282641703342394,-1.0030353838217096,3.5586059141838158,0.563732959561932,-1.5783745089250178,-0.6417231930562483,-2.5755366699462696,-1.668537333166908,0.19664104452057107,-0.6439590110172422,-3.453719918587639,1.6051445635631685,-0.6183681921448907,-1.154070313115823,-1.663634189133433,0.1576847995017179,1.8478631200531255,3.02658148076359,2.3421596071350033,-2.165671303222,0.6216713514075011,2.3428255013336696,0.9342367416917016,-1.3201796426875254,-1.7923894073695008,-1.3098621734461566,1.5886801546242781,-1.3622637529476185,2.0234725684074872,1.6216829847634597,-2.059400575667615,-2.6754552268373657,1.331256921401275,1.17816781487859,3.537182186788621,1.284566479815688,0.8476111322259372,1.5337762224862397,0.9295216671191937,-1.586593930046002,-0.18956860523331448,-0.22556357352386044,0.7839501299648991,-0.8496200850803411,-0.13759602914576236,0.5562943864534451,-1.9878461359917794,1.5913184278224937,-0.020124079038724152,-0.4146231498834221,0.3084692473309335,0.11448913106050658,2.3947369191172685,2.8808147460471574,1.1897920689887393,2.280865003871407,0.7440451262100112,-0.12040874211220644,-0.4207651757991667,0.8808300564210968,0.9170640510673668,0.2552292390942159,-0.9474519042645781,0.024152032308780436,-0.396986213543287,1.4616594912774428,0.7942789764475433,-0.41468352208172293,-1.1269116099236178,-1.2456109932496018,-0.3727269316744409,-0.21447082048555327,-0.3900495393846516,0.12609741427401494,-0.4406302346536834,0.45010983084895234,-0.3169355350953616,-0.30668956329073804,-0.10822497857293867,-0.6316764653186793,1.8731055937801506,2.0473672164578174
-2.68785346188758e-16,-1.3425657363315053,1.451078162758349,-0.8428481014812117,-0.21898567342394132,1.3606959886638519,-0.1607446394067871,2.215199369401789,2.1898109436035464,0.5843515466633544,-0.020874611034298496,1.4982191197999497,1.17799085398449,-1.4924208557863392,2.973643443937181,-0.22766308538568464,-1.5680060230765493,-1.1559538917124896,-2.420101710243323,-1.8362194953103725,0.22941074533274794,0.3682810499321839,-2.785915025354318,-0.7451689139644544,-1.778263467153185,-0.19685126459154528,-0.38064483293523926,0.8006814162517297,2.5308810323511794,1.0605105884566337,-0.49023232206953793,0.793209198619288,0.5081020822501859,-0.1398558850263405,0.8563865745107744,-0.9834623679284253,-1.367783612627013,-1.6633013040873026,0.12543217124245998,-0.7487977079018664,1.2996318704889869,-0.23840952468368154,-1.652096695638091,-0.4991249645104982,0.8877836223381085,0.3307371717777463,1.6106107523629578,1.6692611419815802,-1.1075301867340204,-0.4200459841654429,2.4614283119777314,-1.1759173727698493,-0.6236813222589199,-0.7670551248447783,-0.39859506497241853,0.4453357105400788,-0.2171229929832828,0.2536374215213878,-0.7208607276261039,1.7051839033988148,-0.12175006006217504,2.3692841777298708,-0.6879974621468534,-0.2639134154146833,-0.7421636672659057,0.8149042705570269,1.3420062526889274,0.7266393604620207,-2.4942285971108284,-0.24059901964580258,1.9658909414304215,0.4914681687533565,1.460065039357294,-1.3374415813283933,1.265161429664504,-0.819943536426182,-2.39185288046703,-2.82023832805509,-2.918881292962977,-0.5135943159523263,0.3760441492297631,-2.264709293371241,-0.5034507526367655,-5.354591012459032,-1.8583576104662132,-0.04296771208211733,-0.010262590759424262,-0.18872733113597973,-1.1640263195679936,-1.694019258695854,-1.6257626779479681,-1.3744299454783742,2.3497355584012807,-0.5645824403839149
-2.68785346188758e-16,-0.8542921458698137,1.791860849881342,-2.8113401875329984,-2.0594549020082327,1.9373518742663949,-1.28232801564112,2.007760916754289,-0.09041193730578734,-0.42149330501511134,-0.46340701947980323,-0.46127499257747984,0.4358168414417329,-0.3911919392717408,-0.6002625747000249,-0.6847490857190595,-0.8884767100539672,-2.5325406474453187,-1.572797885418664,-0.8414636975861312,0.40714574748207966,-1.6530068798546966,-0.9218802913889382,0.3910024174522598,0.9013540924921349,-1.0372153821634713,-0.5858236387834629,0.604845224417091,0.06421023221130207,1.3625033635132668,0.5869380113732752,-0.34865510295617147,0.7679484000937656,0.20504601449678683,0.8886790099630884,1.1906340711253003,-0.5123165251305959,-1.919668266852738,0.8813664347417256,-0.12638784762373811,0.41832954450178383,1.4176851078374206,-0.03806757213038969,-1.062002634411106,-1.4162389491630993,-0.4819794217509117,1.6690507293471664,0.4957782693297097,0.4147308984447678,-0.3516246383131638,0.8290008088725606,0.0759069333248506,-0.05797770815540805,-1.7885135398197307,-0.6500685390608084,-0.6691231738728702,-1.1270177040892613,-0.7497746134659584,-1.4860479768001817,-0.22098180086072,-0.16126542574382846,-1.6713088296654126,0.4502411994989587,-1.0068808897390764,0.7093297031709931,-0.050376253471846044,-0.5657425302399597,1.5040935455389177,1.4843443210359968,-0.8165630320459767,-0.4364798288336985,-0.07636875460959769,-0.0014851009710867003,0.3420717584715311,0.35254699496770775,-0.14869323528144762,1.539890450150696,1.1152936253183474,1.2832193572616082,0.11787246430622084,-1.3607389484481422,0.34499423912702276,0.7352870449410608,0.19955174454947977,-1.0071180190592939,0.35964331399381866,-0.2551051473405527,0.023059439153187228,0.6662612377825532,-1.8310691948234235,-1.6711718745102848,1.0400470175711696,-1.1993672694317188,0.8496405276109074
-2.68785346188758e-16,0.6979071249238655,1.5908760377200313,-0.9989503796435819,-0.8461388718837708,0.1990104150513693,-1.4478992878977148,0.4046692401576051,1.8851815383078643,-0.9067674063729231,1.004820137741977,0.8405893235078106,1.6316471749435228,-2.114953824161266,1.7076527699024757,-0.02820239898766371,-0.6145487415511837,-0.9995134975293363,-1.2789467086177457,-1.4065375457063092,-0.23919022500160114,-0.18244336899813707,-1.2718259319677991,-0.33354054557680307,-1.8753340459359633,-0.7762934157324404,-0.39982611337030854,0.38370870600173795,2.677787760738155,0.5169034518621126,1.028074876305948,-1.427082039822117,0.17748093650494112,1.6294493858895573,1.2820005308222473,-1.6355579287915625,-2.0735669636966,-0.45229795231671244,0.8557418951881469,0.6358114163119153,0.44630274541659454,1.006353363060981,-0.3097797195808313,-0.04656093674795744,1.1883186633613891,0.7626759992311606,1.4980025676993423,2.324776100728834,-0.6345668177667232,0.08946143336249567,2.0833361068812675,-2.563750245351237,-0.4720289791835917,-1.0845578908342484,-0.22696398316352712,-0.30333866313806745,-0.4037481079903166,0.5157567499326453,-0.7725953261938915,1.13137406400697,0.7906983473013177,-0.20893878310382236,0.8068606482684604,0.2667282972687661,0.8914844861399318,1.0063472613325324,0.34540840621603275,1.8254221468344451,0.1163329566007563,-0.010704575776009244,2.070782956468922,0.6152534516285335,0.4093047255043543,0.2671532052014288,0.43375555136095606,-1.4158695986313574,-2.7873937732763667,-1.1404986128336743,-0.8956337962076397,-0.6483424958842474,-1.2571967837275375,-0.7040159210984493,0.4241958490807414,-0.13793321668051606,-0.20645228756535028,0.05163172154160479,-2.380673962550227,-0.6031860409149865,-0.8433772816444587,-1.376016531472641,0.46174538693883105,-1.26149821978048,-3.608192816477605,-1.27902452311054
-2.68785346188758e-16,-0.2324367118068513,-3.2953679022967948,0.9450693985118446,-0.7575542359745878,1.1504856742566378,-0.3824835862686262,2.542394892986987,0.9359823543784574,-0.3457192676798121,0.7185890015583991,0.18718162361425372,-0.16469496510791304,2.002471933379222,-0.3595364462625633,1.162823509254775,3.1676487868022227,0.9109286025769024,2.8400213263023346,-0.1757483340938727,0.10639770314973712,0.8791327270078877,-0.3973043400785051,-0.7589125450273226,0.7343686991650964,1.1745187691854846,-0.12935954730228594,-0.21438307841652046,-0.6426047511763758,-1.1770629374432429,-1.649078520544371,-0.4045135081681691,-4.205533398372091,0.5077736331681993,-4.979738410168405,-1.2906729999926057,-0.9310513492739998,-0.41532979170743867,-3.189291364148522,0.46439533678791767,0.5473688244357778,1.2519739741718412,0.9703044761370514,0.3465992205183465,3.0516324664635164,-1.4395450259979556,0.08360545170686814,0.5236359466290439,-3.046597828217387,0.6496545923763544,-1.7196513261024962,-0.09713371562695647,-0.22363455048038908,-1.8536728462213479,0.6591794598387413,2.0142887822856395,0.4366233175630999,2.34688225193422,2.2708921941383813,2.3292999184147445,-3.3689333857780506,1.1656719941349818,-0.03054355369389028,3.3688353889440794,-1.1816399479840958,1.3916644940108833,-0.8793905018835135,-0.08041819880555982,-0.7072166575960468,0.7980808258548159,-0.769601783543993,-1.4474503710880569,-2.3631936127051882,0.34794197535958504,0.09436146138247725,-0.13897448925348432,1.429795170413295,-0.13136482976207872,0.013491740821732668,0.010328423526733022,2.336351391636498,2.3670679258733722,0.21265460850285212,2.2048874403036614,1.1913772918964913,0.3581490954731588,1.1818212104732004,-0.020643328403483596,-1.673767725805335,0.9141492782274623,3.1161662667044796,2.2477250253674423,-0.013189203506844382,2.1542299794971966
-2.68785346188758e-16,-0.06666248884294958,2.5216678549017564,-1.2594431177474315,0.6517162049313321,-0.34321778107100176,1.2390693858157211,1.467509922070727,0.49287349946870446,0.8475840190733914,0.010443743047706953,2.945767971378832,1.7383395327190927,-1.880884653597332,1.8432377627424281,-0.9626323782229961,-0.39527379482252845,-1.0897002545856784,-0.8403711378794251,-1.7222186813685256,0.637700510617252,-1.2845821434220925,-2.544512436572005,-0.5730687604407874,-1.80912392477355,-1.612768124672709,0.031132037646350197,-0.038618539077883485,2.0855277349974957,-1.7535201057529355,2.249667609797199,0.5266358954390935,1.014190300165265,0.48498563035890074,-0.25918883590918573,0.1963512024129928,-1.106664511754168,-2.7743756429192983,-0.7130263506830403,0.38615505683601214,0.2510562312776313,0.6122501436314004,-0.5921163968145877,-1.0538278551989364,-0.04388557861881681,0.6287210428777934,2.851594094643427,0.6278518754925067,0.11826956237788866,-0.7345079116299806,3.26786426257323,-1.40466709539785,-0.8925234417775575,-0.17094438613058363,0.4196355978583192,-1.0770541594289016,1.420329346330401,-0.9827758988899719,-1.7925871851770543,1.8720015232182958,1.2088955568677113,-1.1457524953219715,1.4307229651878088,1.2657601881931226,0.6206788624307454,0.20041598174631084,0.7884443972715839,1.4849915093997599,1.1555342804355746,-0.06376502037166064,1.8685064661838702,0.8240443338306777,1.9153415785525385,-1.889915521069391,-0.3604501774064686,-0.9513281308084156,-1.2612901438490043,-1.1718356863890542,0.6105152887472123,1.355163789839231,-1.3012234481547578,-0.5119387142810139,0.6095967055613367,-0.6293246123525108,-2.603569353016823,0.04542042728643934,-0.054045681072805385,0.4745531391731696,-1.5688415756331273,-0.8436688996868114,0.42383352017810527,-0.22258172026986245,-0.11016486655980046,-1.5502662223976733
-2.68785346188758e-16,-1.554363270888743,2.203698513449249,-1.6022131956007613,-0.9965453481558871,0.04949798720357523,-0.0500887465630237,1.2517168669509544,-0.412144740831332,0.12074646929900833,0.5599068640676511,1.1915469849552207,1.313039897678764,-0.13586107584268992,1.529511566162539,0.11894373584025458,-1.0858813652765722,-0.8976867712197699,-0.7098208106797229,0.39590554168281344,0.13375051937181937,-0.29769217592731423,-0.40787032490287256,-0.09520641181462987,-0.658757177266192,-0.541974466499678,-0.08779602384028212,0.07901103625763581,0.3008674492666876,2.415884553293993,2.393291653832231,-1.6009813825641692,1.319297333026567,0.9372435872434791,-0.43382033624902694,-0.7227791103557653,-2.1131707071547523,-2.0890170723895274,-0.9542823815056101,-1.2353530616873365,2.15851728974683,1.1836263591492653,-0.4798901314633133,0.1174118453307722,-0.2617666645408784,0.5740093226066965,-1.1881730082947095,2.1962715106178625,0.8194073110973601,0.1215459363534125,-0.12309890059759387,0.7860942745818958,0.315644439327325,0.38651489473841993,-0.5900301330711853,-1.4154644332196857,-0.31926305913886494,-0.980520821474953,-1.1818328926691792,-0.18597855973348754,1.2262345502681913,-0.9520255118982,0.9168566017747897,0.3016514407334089,0.7200216442097609,0.6974422080541521,2.017480093252356,1.6432688692075001,0.5896348143320108,0.9954483371750192,0.09331104012834114,0.17300321104914712,1.2303613405780167,0.425036163500973,0.09005074199156342,1.7650592773612062,-0.31352583424677855,-0.1182616499420458,0.06439865242003606,-1.3742439786478269,-1.93917633018224,-1.5119302490498636,0.20209021447040537,1.051692190626206,-0.5604036754914754,0.09216240293504405,0.4948554092780071,0.27288570749528257,0.41210514509491,-0.9429062614687979,0.1030367582220047,-0.41892899981309184,0.6006403267838129,2.4324653798722347
-2.68785346188758e-16,0.16282337738970737,1.5450982093572039,-1.3658475624572197,-1.6096629849113542,-0.5060819211661969,-0.0004705046700432742,-0.655625720428004,1.133803590622275,0.4207288489383885,-0.7641556300663296,0.8610628317883008,0.9584779084835429,-0.8606696063542179,2.9674735430859034,-0.3383755581317298,-1.4247409228572123,-1.5554031554692622,-2.151914692094488,-2.2149424927389614,-0.14023188920370494,-1.562418025686801,-3.023730407487177,0.2942743900190546,-2.9750999548215646,-1.954016824231518,-1.9978596291043142,-0.9270399269087953,2.4058351599132197,0.9485522845868583,-0.30459174016791324,-3.725576183464856,-0.9048587466380961,2.636827502253874,-0.3945274244578463,-2.116492003102965,-2.3757351272979204,-2.578507241069916,-1.3218343833723436,-1.597203355554524,2.391556786431154,0.4728914719320724,-2.486819869540193,-1.4244702529236064,0.10985521905959028,1.1832635783054835,4.048800027633126,2.9187198100426857,1.66601696253224,-0.37726977143435914,0.9877912732845626,-1.9998496682051834,-1.9533104342511427,0.30810532687081205,-2.113681947786471,0.9454302209369916,0.3941300416865254,1.8976149324613334,-0.358040521119201,5.107894751687974,-2.2937142873541125,0.10066414337033674,2.921309392452189,2.4396145192210557,-1.0229917737062921,1.759463655577326,0.8005059575624479,1.9882449484084894,-0.9886836641684613,-0.011505661097585428,2.9533095195974517,1.6721128519809056,2.4528868006819042,-1.8999221670053714,0.1427143599152969,-0.9109508278164993,-1.3004068302215663,1.4851358574692302,-2.1772932513221406,-0.13199094122149835,-0.07665530691723163,-4.0038742154018925,-0.09100984489255574,-3.3228686397684584,-1.695389347300186,-0.11873310126623303,-1.118253457748191,-1.150820236696245,-1.76202876813308,-0.540889687635717,-0.5897473285081345,-1.6211301363199226,-1.6169006352142785,-2.0389489500341225
-2.68785346188758e-16,0.9461701367672002,-0.3266967518410126,-0.014068410695476152,-0.14037990119307897,0.2658249453216579,0.07178860309251806,-0.742539958457733,-1.2237723263082043,-0.5869074447830711,-0.4322728781668572,1.2988869593474703,-0.026177965215733123,1.0072042486560702,0.5761939326691746,0.3049779695119733,0.3438392791339048,-0.2571792365125864,0.07825744237147535,0.11130665368057502,0.48944838299070526,1.7339874004650162,0.33163840910854225,-1.233670257636578,0.32384100724602105,1.24684956567746,1.4783219029030836,-0.3020405952329027,0.6013437221430535,0.16417062825984535,-0.44643648614553855,-0.2786398765733822,1.152380951375079,-0.438421900192585,-0.37756510097761276,0.65527193992973,-1.1928393740306693,0.5513721865240171,2.5190444637366225,-0.1395188826617076,0.46243209895522064,-0.1369551732878569,2.018149404225583,0.7096783549303607,-0.8473490302405093,1.2135036954773666,-0.0865393323211387,-0.7307385340117628,1.0106710090925617,-0.6005258596922125,0.8775316907449435,1.0942871548738882,-1.1001367513912468,-0.6470520376554468,-0.1576840436644415,-0.9270393313662478,-0.01069953180314301,-0.9669078568749034,-1.2015802674198974,0.3591972020661732,0.9710749190373364,0.0006379152470243343,-0.23410273778078783,2.0172063794659745,-0.2235781462424451,0.17847686772245544,0.49479689326154364,0.4894905874524093,0.8357647925203662,-0.4264153606162661,-0.41347662302980626,-1.343987242672292,0.45661747058852376,-0.5294077967163568,-0.4443846998413573,1.1295330546849343,2.0151471465614366,1.5956773661360186,0.038186501053011926,-0.053935891854267226,0.5314479094964046,1.5420989335023338,0.41655479883933966,-0.20998257419876892,2.6019702080562936,0.08975194506268255,0.6093876282588163,0.41659854249020356,1.1941024702682212,2.8770355434860457,0.26162163227129565,1.125910792812935,2.1978732352281063,0.9810582770992018
-2.68785346188758e-16,-0.5822230962807687,1.5976897565098034,-0.4189896072524788,0.13335582318791855,-1.2185614444339936,-1.830732558960859,0.369048193155856,0.49259382706828597,1.283234370338067,-0.16886006894566835,2.3964437732456587,1.8994967916794523,-1.560415641362467,2.559355942988201,-0.4669676513982653,-1.1154380328882962,-0.969124383299705,-3.3950963828943164,-2.2866912132853074,-0.6205227576728016,-0.34753266337720623,-1.7205507487566818,-0.8315992453499114,-2.311376087325403,-1.441710022325179,-0.5873001275812532,1.003728009873893,1.464421660290421,1.4228978336990736,1.7504564858896345,-0.016172318603768998,-0.1364952563689175,1.978640982379305,1.363203564516044,-1.4016340574433235,-1.75715614920487,-1.608681777353635,0.6850000166676606,-0.07879863409547622,0.9017985262598445,-1.0384785128666094,0.007486141823538572,-0.4702566776264746,1.8171911207251652,1.8679137593105015,0.5142103900069656,1.7578955246151353,0.891876386148248,-0.9671636693684945,1.3593123008644938,-1.5611039325169656,0.3273370471573951,-0.47142637603618887,-0.9057487183787434,0.35542248247783453,-0.46957541364526245,0.4642056519541429,-0.019428358304665272,-0.16307445099014428,-0.8487474239935127,1.3124315021875002,0.06810116928403698,1.6550429300082512,0.36463189604566604,0.9716558787337187,0.8092308800681581,0.016072748122339164,-0.5669247216703377,-1.173165885223399,0.20142222031360893,0.9720251353168229,1.6949190643540675,-0.36451289883616544,-0.3466566109671846,-0.08554108986317621,-0.9799040435550633,-1.1561901221165378,-1.258045635830392,0.9842572983090544,0.36983276469930715,-0.41429960571781665,0.29017109228687565,-0.7296335033641119,-1.418522654865832,-0.10816248991499297,-0.933398617721103,-0.3384930477972527,-0.6970377490520461,0.15413269864717544,-0.010785853163568226,-0.23295636159469368,0.11956330008617382,-1.691818049466045
-2.68785346188758e-16,0.022961982318513877,-0.18449515016160176,0.07325023314193735,-1.2969037628216848,-1.08816045197725,0.24332724062938058,-0.27352882750392954,-0.5693464199412686,0.13679268721391188,0.003120771731123446,-1.0117377687234328,0.4229555471973386,0.36315674433771444,-0.6142227281645369,0.5617067372613694,-0.2098447845918825,-0.44415717776979885,0.5944510018967081,1.2992324171541052,0.7026029725311563,-0.08888329935865413,0.5951843405536393,-1.0434095733946338,1.7614631101483726,0.9638506539036582,-0.06064660781303838,0.7857969342171519,-0.9724716016731476,1.7991404551857437,2.591197408202633,-0.14283342097536256,0.6675229589859131,1.407062051779166,-0.19374038124378595,2.104311987014968,1.5295170012827577,-2.6680824901879,0.5690460227566461,-0.6778685687629709,0.5710750016940113,0.8230863246097838,-0.4517431083446087,-0.3533636313409707,-1.48028116521992,-1.7018534325338472,-0.11331162960705082,-0.6232992290233111,-0.0510202109589768,-0.14060423466803587,1.42991952584995,0.5282831692593589,0.9618098101418652,-0.4589347647540734,-0.8722794113782637,0.12598056029786697,0.03796183294466557,-2.2073993857228977,-1.1959515806289391,1.2827689611283928,-0.15891434524495351,-0.9327644084487645,-0.10609073611299646,0.47269750306789415,2.2336116183862664,-0.48380872188081947,0.3253575943663972,-1.5426903831447887,-0.47986575860256137,0.0676866777327184,1.2335467881898612,1.1032982577505104,0.043967715509363355,0.1817232575827733,-0.39182227750807014,-0.15904441491802732,1.1422337023854165,-0.12086563239834694,-0.719045765788202,-0.3849863595492933,0.15545124078317363,0.1874322769475717,-0.3656531398928131,-0.4194626853885968,-2.1276662911730164,-0.21088356361583568,0.4328474527751519,-0.10618348988397372,0.19526215872180686,-1.5482636179522122,-0.9798016281500037,0.8181229249996373,-0.14667025441220716,-0.6530270324350108
-2.68785346188758e-16,-1.2031160690024367,1.4036923177180456,-0.1395637810296895,2.0038318131673507,-1.6992499393356284,0.04229171608499987,0.2336264236522858,1.338493330274793,0.22761215158296938,-1.1847786456718683,1.5264988035248495,0.22448036258581783,-0.33428458090667257,0.12611117783046966,-0.8719820656660116,-0.7079774567912127,0.09424702196958779,-0.4239838079964088,-1.6783825892824877,0.7411994010440828,1.4565760295705168,-0.9424196704365605,0.7764780189103194,-0.731542695291338,-1.9011930699088375,1.8338034814498565,-0.4071576514257775,0.13314346356731083,-2.174266591720996,0.5512226556377948,-0.44950145390222224,1.250684010764751,0.9831438332482754,2.105647385143276,2.21140469060555,-2.32299455499407,0.4778520403712771,0.008663944639245247,0.6453378421758471,-0.6919676144937768,0.1832350314518884,-1.7662390377723087,-0.12378395307490475,0.9692199606875883,-0.8274662330484027,1.4593199535736752,-0.29595838587391365,-0.4286295183175358,0.13981393387960234,-0.22938141164472015,-1.2128980643661131,-0.22191783351076416,-1.5378567281304818,-1.022858445544913,2.1523141955575347,1.0749793920664468,1.5343645600307705,-0.6685196571379795,1.4206914471379497,-0.9151098718409729,0.41403238476474724,0.4694459130163843,1.0091167260199059,1.1337657360661828,-0.11528365235090443,0.3698245889431008,-0.8951414617026225,-0.12726945671953338,-0.9185548924662781,0.9932283528640591,0.2624343538970916,0.953865130863478,-0.5113743932084597,-1.3698111963470867,-0.4403512688568551,-0.5198048316341738,1.0261521781123135,-0.9975093123001426,-0.05734846184961412,1.168064943412364,0.006668130302623088,-0.08893605275760677,-0.13188285401993377,-0.6273556694248683,-0.44998423917599994,0.09012680957421221,-0.41182868888477403,0.27481721687404603,0.7552373138193661,0.7465519402572234,0.08979021056890812,-1.9426499566543205,-0.8198309468452336
-2.68785346188758e-16,0.21067305528479796,0.3592770863463008,1.1061475946952664,1.4365096942910713,-2.639360326919155,0.4004899883019836,-1.2402293632786099,1.3346588696976092,0.49141378668929303,-0.17206738489989948,-1.2019165198878525,0.26825271719158067,0.12881824846190615,-2.3229668703991035,-0.2858551004372059,0.934033850666736,1.5617315164113759,-0.18625304687366667,-0.772269960198377,0.355933208025257,-1.0038968970068316,-0.3556672408181991,-1.314127311314428,0.4911675984715725,-0.7968617140058449,-1.939199444721916,-1.4313264092715323,-0.6928045610117731,-2.8395000044010574,-1.0993198538546531,-0.038590742980018744,0.9117644569468681,-1.593779118185812,2.9451021256426277,-0.32714906882532113,-1.3072058696928917,0.47690854706424834,1.344820827500997,-0.6413858226859803,-2.749856220800844,-0.8192192221877075,0.13594007903268351,1.0699353019883355,0.28303935769600164,-0.11085752272992239,1.0646997053339085,-0.006159221232490963,-1.4098096906509947,0.808594835536816,-0.6649431787654414,0.22310403085430766,0.18473574533850795,-0.4305072482619933,0.838899112231689,0.4895921424698336,-1.1081442409851625,0.07128319396026395,-0.2527641462886766,-2.8796176003716027,1.3747085614219974,0.5666692708801078,-1.1500443569942222,-0.7851106910579255,-0.6357882338904822,-1.7221575149420096,-0.6543241075723693,-4.077131428906002,0.0014553325073969337,-0.0603303773210856,1.2813898668375145,-0.03380957595757217,-0.6250697924305377,-0.4458112258450744,-0.8013235868812747,-0.7808835043391982,-1.4717708295074492,-0.008699990687139239,1.2549775046279759,1.225873347478696,1.0430372599946724,-1.3255635561093746,0.7398134758924211,1.4104675483987539,-0.271422658718813,-0.13523948474775513,1.9198139765188327,-0.00721087563884194,-1.5574546069586297,-0.038867872537653225,-1.2231667721095958,-0.1351241805718976,-2.5171265255883974,-2.9016230714462536
-2.68785346188758e-16,-0.6000371192184354,-0.6410883167406822,0.8141545187881646,0.8097859738913491,-2.2529747397089492,-0.38088555856623335,1.049624543875559,-0.08762008739209548,-0.2711755381371576,-0.20814475232681126,0.020357985933426637,-0.050996985116188345,1.714079153952672,-2.541938539681806,-1.2252409790038186,1.0585697861191432,1.5217723119771427,0.19964649540406498,0.10105915765124479,-0.43938260241010274,-1.1360409792367707,1.5893757326961437,-0.36991876657509154,1.4549386837379727,1.4297979092180557,-0.48745466207687416,-0.43943974317355666,-0.3586252814615445,-1.7275101914613011,-1.053807670112723,0.40149942423464796,-0.45397882437814624,0.7428426460078787,-0.31348663373877245,-1.5414230075108701,1.1599256473699366,0.916220576627485,-1.8059705958372325,-0.06672546610350341,-0.09067487843944663,-0.12669705157435218,-0.20148035177397852,-1.0561014335672887,-2.186026545305275,-0.39517926757972943,-1.3455605364940775,-1.7141582033812819,0.19625390041083846,0.021933917868426474,-0.9577795359067495,1.8603245909912056,-0.2847266471751938,-0.026125471209244324,-0.334262913577028,-2.126937142271041,0.14450262078805548,-2.6474143352304242,-1.3694479904080388,-1.471214102277335,2.322039569211122,-1.0237606753966344,-0.6160776280843167,-0.803739565953796,-1.3104395738471961,-0.040093591562739395,-2.6853686150162694,-2.1794083017029156,-0.15001941423098092,-1.0497770571752694,1.180055950589178,-0.015706240639411284,-1.4195106835489986,-0.5448640870571735,0.6859926002041538,-0.6910550668255309,-0.6493414213287704,0.23229023213675593,-0.474073733760607,2.7209319592040253,-0.7566499009300438,-1.3618699854147154,-0.18657021796989495,0.06681557447120182,0.09310391122257405,0.07544245590549396,0.9505433178230659,-0.41401050962255886,-0.7194029757231729,-0.9009612623911203,0.4211681004472194,-0.5575065205459777,0.5166570816702726,-0.7427613846385039
-2.68785346188758e-16,-0.2767494251795544,1.1442597935751433,-0.2349453505311372,1.1250265794887175,-1.340143206981237,-1.2758019010849488,0.20322137739396395,0.395820905307645,0.7161327389978622,-0.761336752158125,0.43926420251675147,0.6263192234682747,0.7872986141070843,-0.3567322962309582,-0.015660708808275796,0.014098900186212876,0.4850774541268089,1.3497191700095406,-0.45508045174976564,0.8612722858822403,0.26278840275386317,0.22764095535879908,-0.06837617447418072,0.1183017705393887,-1.1335168065942929,0.6266036774451663,0.43683823173058645,-0.9342047854735482,-1.5358063659614212,0.34258265450043673,0.40889437716019683,1.3087233268841754,-0.22899249527347298,0.38154159272058785,0.9989388542879075,-1.0192169568008393,0.5412251135635582,0.9079789480449061,-0.5385106611884185,0.0633100166051489,-0.41029539568491913,0.4914389529256321,-0.4822788179501446,-0.8504721591184643,-1.1710045959749882,1.2233565320285136,0.06059723427198242,1.7100359356605133,-0.9838165652876798,0.835582647779604,1.3605064016333415,-0.49404847262735785,0.7896646035336952,0.021214572841989004,1.0683564498829297,0.45331957908867143,0.09830341028846856,0.772589408601412,-0.32405123141451475,-0.7433742194994323,0.07283737095454956,1.6327544901992033,2.0514472138250293,0.5834031431956861,-1.4874444826572397,-1.0105793236460359,0.27619147581558834,-0.10677606728077492,1.590482476967669,0.18270002592748735,-0.32458079777300497,-1.2089852171209259,1.2173487207274338,-0.904763753303818,0.7309692075611457,2.9628920431617853,1.6267698365982535,-0.22148974639775945,-0.5364500301792472,-1.48380508595951,0.41034515108502745,-0.5425603930983524,0.8684256005094689,0.8444845863247007,0.44855468388954833,1.4878499850852367,-0.4264948627835194,0.236010185734541,0.7130732817396941,-0.8944928902728057,0.5332447474254154,0.3488157294768637,-0.08442534753957337
-2.68785346188758e-16,-0.1725383019631717,0.18812461819489312,-0.28115896910958704,-1.4423210307158207,2.818534720529911,-0.05776727648678246,1.374972644686646,3.0689966797531447,0.0984757849732668,0.6939432672384864,1.6545311501347808,-0.8055067601185434,0.13987897393634857,-0.600277146388771,0.6215699955560388,-0.2799256299892863,-0.9899179490609926,0.7844991017656187,-0.013688939987395843,0.3787568779256649,-1.041251956187892,-0.40102760235047036,1.6024294696693884,-0.5358087721550535,0.5087935863307202,0.30926486336748726,0.8895832916786156,-0.3004944882222471,1.0060051843589881,-0.527717244412471,2.6065861944705313,0.7181528527529548,2.1568360266015403,1.055760953026532,0.27580183300643946,2.0464273023463226,0.8755410543933673,1.1135635254922203,-1.449386117937668,1.6526707620267485,3.3397329930643167,-0.08524666140773418,2.4206665037212174,0.6818723344554528,0.8286291631253134,0.12937435394279562,0.03354218235932249,-1.1950033177183206,-1.5602339751145193,0.9023726693144223,-0.32754807588927726,-1.0388685418807628,0.7283562202160814,0.8507234620432033,-1.7295065855018055,-1.4883672831389625,-0.7628447757914842,-1.6711722126436652,-0.07353520143408698,-0.5537211501918526,-0.1684558451330389,-2.229326810542039,1.153851687241314,-0.3800397569736507,-0.5795630824418663,1.681558748724305,0.736527447711494,0.959186428522733,0.5058968458802188,0.1395930657554377,0.3339114203356002,0.3647830407708503,1.2103011640811618,-0.5383316285060683,-0.5020568268140015,-2.6879592828540844,-2.3159692658269964,-1.5333792788231553,2.1741191005470393,-0.2411465908518236,-1.6025713542905795,0.3704214654098366,-0.7852987703839096,0.3112194299702389,0.40323185008712864,0.2837704289776384,-1.4555035819802353,0.1879449411930746,0.4644050662885914,0.7257920462360067,-1.0490926608855151,-0.382848999372303,-0.9822157809457964
-2.68785346188758e-16,1.0884791541923466,0.4869562740902524,-0.4690977871619407,0.4096292031447445,1.3685770220617637,-1.1593064757267677,0.2503940747187659,-0.3785171822948731,0.13762668613181445,1.389280437185949,-0.4412381014395131,-0.15012674007432814,-0.9350705557206715,0.4627636513147162,-1.311240112110088,-0.44485952785169236,0.02020466485282063,1.190482898135624,0.5120116160898094,0.5547472852052157,-1.6232483402529556,1.127042435244412,-0.17683759498663298,0.7980583664024115,0.37125222880946934,-0.7386804840939333,0.1888190581969308,0.8596355742163021,-0.13476889692901117,1.1112228836991465,1.174878569574082,0.45140962438806204,0.06184100448922414,0.09680411715182985,1.330812074658096,2.021597594015962,-0.3025759300336791,2.1087102642043916,1.2975142666019421,0.35973805570515854,-0.12188843513120051,-0.506157430406333,-1.3298580340571413,-2.0096947870264974,-0.14537067704247625,0.5378834958376562,-1.342540749026731,-0.06872133755774301,0.6936621825491556,0.11014222735273371,0.5069479194468565,-0.16913350737238053,1.0339331089364636,0.04617192423109466,-0.9278450266214076,-0.828027357678439,0.6136046414949025,-2.1178032229480257,-0.5370453389169624,0.3694320157417542,-1.5424769892164165,0.0962750227613729,-0.512977812780959,-0.4897310063638626,1.9207889451136677,0.5750338366256934,0.09759348816676822,2.0716587321824904,0.2236088699995247,0.34356173281821006,-0.5429502691875031,-0.6351870281420101,0.6501681709145033,-0.7487503112871315,-0.7156575403138923,1.8862089847560783,0.15901370587925623,0.8377177349888041,0.5498387228214476,-0.9105606951864998,1.9248207487607256,0.21898176351586365,0.8674622055243003,0.6588793150663105,-0.18693244984763718,0.7723923458536238,-0.760416558699408,-1.6982954252197833,0.7192449016981063,0.13082599775314485,-0.3271040715115079,1.7442152189249742,0.9986134409546559
-1.3046031469419848,1.0971510243641691,0.536900432251577,0.22642041773624164,0.10912793550473776,-0.39562306999617514,-1.206411796981434,-0.2865702707815859,1.9249426820999105,0.8858701380815437,1.081278875610046,-0.000536437569316095,-0.4826041533372136,0.603765491070277,-1.4641330398173804,0.45182390635199776,-0.06227476704418261,-0.026494078352470085,-1.527188602812666,0.2178821832592387,-0.5869460360676304,-0.46577785964325547,-0.6314441126732415,-0.6206793128150491,-0.3612464604395026,-1.504496157913073,-0.6371895267452548,1.329098065138156,-0.9495632302231506,0.04828043552343031,2.264568057728773,1.004711932836785,-0.035817350607201925,0.7735120530542318,1.88897061702911,-0.012784065498611052,1.9541877465844018,0.8373219750924548,0.06008391646942764,-1.6318323604097387,0.8916582220420577,0.17154663523526964,0.7877545844051936,-0.826626118705172,0.3485861198769785,0.21346639440699863,1.1282023233013296,1.2527736912712273,-2.7481094258763834,0.48586246790601656,-1.5924738556396603,-0.38751285967850846,-1.6186893445173987,-1.2950941768393638,-0.8303170816576005,-0.45829435082255543,-0.7393895653843228,-1.238178062814997,-1.840129571142013,-2.165969230342432,1.2497721255480096,1.9450224674068215,-1.2305589983090996,-0.8923699060088397,-0.3794739099254796,-0.7819803712337563,-2.186145127111382,0.11919167549323921,-0.2719141672967625,0.1511080056405283,-0.5328531062686497,-0.9045804474013648,-0.830429785971722,-0.7468369687814227,-1.1492560123750923,-0.28567137189622865,-1.5967254318712114,-1.0085494774039967,0.7324647707105664,1.6440273928446758,-0.6831179550798905,-0.8131867722513965,0.25512006350635563,-0.8940778625828047,2.1676875658927854,0.04090961951325202,0.12998129515726953,-0.7633262435811042,-1.0524270657784465,-1.253307829696356,-0.06528217382725587,-0.6290313549546889,0.25913348269140385,-0.5583726886861391
2.9606592312046325,-2.5516820150571173,-3.806902160237796,0.36793492967223124,-1.8726446242805985,0.6973742788523755,-0.6006042424631484,0.8284690889645617,0.4259621326799425,-0.4898328541481525,0.7431159714333672,-0.48178603043041485,-1.5835751576057808,2.2178589665252146,-1.103847900501365,-0.39448568080938795,3.048587695123454,2.5356212959557474,2.4474197854800233,1.6356079854131957,2.3289273961366064,1.213017576454249,0.46225760190098697,0.02980083264256428,-0.4120686309918421,-1.2507899678566607,-0.16901719958841815,-1.375039000051118,0.6371108510014831,-4.035034607099528,-0.0732052222514914,-0.8439749512846833,-1.9803057013487366,-1.2227660242807734,-1.4132323240249671,-1.4834036623456301,0.4246602402097301,-0.14201396719520898,1.0432966360226215,1.7587348959494944,-2.044915197944464,0.07307020005089837,-0.10818282650153854,-0.9357020786781656,0.14724895110520284,0.35385930743829014,-1.0316671123575376,-0.5475656899484739,-0.08664456820337141,1.0468237924101227,-2.387771918320816,0.2194153107487491,-0.426559941711257,0.8161576002842161,1.3561573612006295,-0.10307940634728172,-0.15188500550147493,0.37398263603777987,1.657977006411674,0.1932848545484515,1.0215718440008625,-0.9881785078940954,1.8874114837098905,-0.4170402245426483,-3.386067171707286,0.4412290787797015,-2.637555381142556,-1.7524497920697613,-1.876668515800272,-2.840794704143946,-0.511523049946813,-1.2008975335148468,0.07362171204032014,-0.09799584786798676,3.7761393428145604,0.29602038998061786,1.104447855284366,1.5533911405825813,0.9776522550914075,1.8006706844858922,1.7128445562580223,0.6240685057202079,0.3136894520788569,1.5304825843748748,2.289137722687598,-1.3023804557229324,1.1001521911646992,0.08115148904629252,-0.11189724291398984,0.23461365171633686,-0.10007201602206961,0.204418932151875,0.05139196116297484,0.009578015315479277
-1.9091060524741272,0.6214320421229576,-0.05074949841183443,-1.062349725673974,-0.8492676939558446,-0.8096358888116006,-0.6074475152309645,1.642235566243511,0.22589231614675742,-1.1502750402672763,1.6277513256490783,0.8245051323372049,2.0500694405827717,-0.6403250703315742,-0.30718566393768476,0.8180387185209552,0.2125061840742502,-0.9560018411015592,-1.3502264498305756,1.4266907526253134,-0.22631595183682984,-1.2610075904886038,0.8744428946503146,2.2663789790669737,0.5734424291721985,1.3972935155315156,-0.2241970282261404,1.4793295042668948,1.2730870325335402,-1.4787863218618795,2.8249900275838433,-0.06611617339647968,0.7111445071924805,0.8749682882583735,2.630856621577126,0.048841553812677185,2.1083060796388406,0.054443468692399355,0.06108572513643046,-1.9432274924937687,1.926290032118286,1.146796154371205,0.4941377869271917,0.8181083863053034,-0.3209748275443384,-0.4127644057981724,0.7206813395343978,0.11054428635848007,-1.070479139109199,-2.842353139310452,1.1817783028164885,-0.5979913019284209,-0.8790278700443253,-1.2488608098969036,0.5024726422782521,-0.8312320631657734,0.7592438562336556,-1.1030269405470168,-2.398331351249546,0.12969129194818074,-0.8124439056062708,-0.3898094413786358,-0.9261413330127408,-0.6406981911095857,1.6159375433843812,0.2897239354121536,-0.2419076759686165,1.6572289487096277,1.9976333623412836,0.07732951922850151,-0.01711333706699869,0.07207037333412696,0.10228265037525172,-0.4544947250710547,0.7689865477945858,0.15711975891493501,1.3961726448816603,-0.6937979310780608,0.8375668767101104,-0.2222819322000534,-1.0188286454633646,-0.3949772525241571,-0.3144182337153342,-0.2622238272991968,0.4476233732379962,-1.0179297532409717,-1.4500758422030082,0.13732588441598953,0.4181394819446288,-1.5678402800138087,-0.04125406654951458,-1.4349358737897093,-0.10104116231727459,-0.5826484190276434
0.053514471167785,-0.2826853525850652,-0.0371057492504253,0.9906189130394705,0.8123232885536633,0.30972605025182925,1.0840048025209676,2.047689198764255,0.27195896207542386,0.5309166783186162,-0.10498562644951759,0.8553607039714968,0.02991799513649257,1.1519960898028585,0.5564855436931142,1.9707866049521923,0.3998277128365183,1.2420007214814466,1.9244491422176744,2.313059995593667,1.1519384647722903,-0.589564751203367,1.9760346129738156,1.8244428525727447,0.9389144254867583,1.324918545086244,-0.1240486791258569,1.9633515573615,-0.5033176478909039,-0.45925819840801235,-0.6928140157471011,0.260146506828825,-0.5027873923344038,-1.1396178669609247,0.1557668535159612,1.1792256153230345,1.3778265175655193,0.3847111839202686,1.2056704784938184,0.5599642724992158,-0.8523749317063221,0.2667403953460488,0.38004246282999166,1.020156309140443,-1.2143724939281249,-0.7082983740570757,0.772385033790348,0.12983822981150483,0.07835025876086624,0.4866047959119278,-1.1412831727016968,0.9273854224813555,-1.1475558689545726,3.4641200128479586,-0.8220281210074887,-1.8401904099367792,-2.4787422554581826,-0.6591698952989632,-0.2269833079536836,0.8974476536603251,0.4675214307884821,0.865308413384759,-0.626523818230291,-1.0965508481234487,1.547229008032664,0.03634052915946352,1.3139733257515465,1.174377400267896,1.2681228364644839,-0.7450843230489901,0.4231384676558562,0.33500456646336885,-0.27649259276220256,-0.9265836317325371,-0.6870560699947998,-1.1597577101103185,0.37760401275885036,0.7986527572347891,-0.13373145820090526,-0.5347830617808944,-0.22392086041218517,0.31871216958334414,-0.3203223197148594,0.9057894530841025,0.19129684959033522,-0.7582988403822168,-0.060462114058406846,0.7927404408938918,1.1437644431504663,-0.41214214074498035,-0.39380605080324416,-1.3685030318316587,1.207297805840279,0.2654614858156718
-1.1461082786843886,2.389331406450204,0.2918199517736487,-1.0262474717307373,-0.850741859542206,0.8847419532865185,0.5464055210329298,1.3689368119081748,0.6213143126939887,-0.7225779016927818,0.99601982220826,2.636003632507126,0.7723130244019147,0.31694552697057327,-0.4311485540657913,-1.2117854066612868,-0.060241615804609655,0.4701011345615806,0.9910354991821018,0.6246339930107808,-1.0544033955510315,-0.8098899926608858,0.018268333239807033,3.404485832785241,0.47134482654956,1.0483454610298564,0.696703434348178,2.7328871451759618,0.11134999962180203,-0.06890693815561634,0.5067371805399066,0.6157877106330655,0.5395497616362132,0.5447318629758623,0.6008932074811302,1.3239247412726056,0.20154776035634225,-0.5833298323585786,0.23182353865498045,-0.015117594533003383,0.3783914783520672,0.006228891106209167,0.14323961604530114,0.3648630704754793,0.8090238940496072,-0.10319603484533688,0.1342513993299066,1.110456977283347,-1.368310587051123,-0.49431573103632165,-0.8186065364612256,-0.16146766159936704,1.21020303531116,0.1371202653954826,0.8827763962063891,-1.1091856177225103,0.25685459872646066,0.030823402172387965,-1.5796309149226548,0.6157263140573574,-0.7277044445715821,0.7716644446596088,1.0498089277307594,-0.9982874076002655,2.2944930020193506,0.17825034251295369,0.6119745966820235,1.2315068265666833,1.5796522313880632,0.033182052774295256,-1.6687094278545231,0.268661928125591,-1.2967539405278425,-0.6898739536674369,-0.07707474016866553,-0.05408600844800299,-0.9132273531813041,-0.3493382144008855,0.7277861008781075,0.3187957951722054,-0.8861929280862509,-0.48961054611116567,0.5929646176341952,1.00218550009547,1.188825111945127,-1.3070255161546522,-0.01845070405297977,1.299657420402642,0.07392343703636536,-0.07322042667088391,-0.19011080247847617,0.34842304680044406,-0.11382773508267092,0.14681068064195124
2.7555112061338565,-1.9688385672077664,-0.009159347050212645,1.0521163141463854,-1.0239002212327886,-2.586446784607499,-0.7205529910004355,-2.613546553091033,-0.4829499011986842,0.4056407339822189,-1.8188852266833107,-0.8338588675212149,-0.6122114019877254,0.9209268413062089,-1.0351144444817522,-1.8664439143423366,0.9632537937892885,1.4263428439998438,1.7466970669571584,-1.9298145040709216,-0.8698702884169265,0.17583583074763987,-2.228793048915516,-0.33513991812593147,0.37137099312516375,0.04919738553135672,-0.2370524789747887,-2.2622697355754795,-2.0521341184848416,-0.9944503976990265,-2.3691621608286075,-0.2575265841719645,-1.726791625550494,-1.5595551675567094,-1.437468010638128,1.6693860857996021,-0.6362656314634167,1.2118632293363527,-2.4382895980598596,0.3822405199438895,-2.102032972404018,-0.8166814222893806,0.24095080169936356,-2.9751991726244116,-0.36451578634779114,-0.1480745949620488,1.126723154643256,-1.1463911188355387,0.2023005207781718,0.7436953796453557,0.8165187467572308,-0.8066038088827824,-0.260809016889973,-1.5409214735614485,0.9145586965434218,-1.064447742308897,-0.03441695415032886,0.2214553366690355,2.094274361843673,-3.0337065009548336,1.5491693801037734,-0.2916204201176612,-0.1869809112823411,-0.26291041258222697,-1.523541840646474,0.789670218666652,-1.399407311018065,-1.062499519104875,-0.11893188393873233,-0.8104835743206507,-0.9865513118568731,-0.5804363245390025,-0.313229060259676,0.004997889604109296,0.5314545282393425,1.1410386577873033,-0.6545554855589414,0.2945496891327553,0.3033970412124851,1.0214322728551903,-0.5502121729232634,0.6504457758404514,-2.1203510909475414,-0.2661352270364114,1.5566550467418734,-3.1249194436269567,-0.7700735469830582,-2.5412535034843327,0.40947159429945146,0.5441579183710118,-0.07539528856378455,-0.699518119586929,1.3747073391567934,-0.5625602059598861
0.1364598332881906,-1.0486233395539741,0.13942915896554503,-1.196686998405654,-1.7840362462935837,2.1336779966025152,1.9079566394568859,-0.5424872745062395,-1.2507034634679957,1.3204093873838032,1.991762642516599,-0.8296736568187018,1.1770366889752861,-1.30505571737915,0.5547718798597676,0.2398056769434609,0.9240047182878167,0.4285329248714131,1.9069528434811223,0.3757440701867409,0.8071362712453305,0.5964662946675798,-0.20894777523062308,0.10567011445516539,0.9934130682493186,-0.36468645677105876,-0.6273274960882547,-1.2029381105769548,-1.3966380775261216,-0.5434202296768796,-0.6643094793801615,-1.6918586843411008,-1.707864103007249,-0.8906614060333994,-3.5497189258730426,-0.2125298740309221,1.6407149151353817,2.1529625067814577,-0.7837962336729349,0.6307579339733204,-0.24045239074654912,1.2308724486829492,1.2140537596717695,1.0527879861261749,1.087589403947735,2.492668328200728,1.7484683705278743,1.3956437043818364,-1.8392399128720185,0.4512848292652414,-0.26470602041614777,0.05885141722896069,1.01504688217462,0.42960340329222657,0.861483635853994,-2.4901118473479187,-1.3560421981496324,-1.2448100775020636,0.9421182205542269,-0.6890787605509137,1.9974254918047978,-0.4757679299073754,-1.6198703828119851,-0.5788362552573932,1.8395023705535334,2.0756542715489728,-0.46082240947895026,0.4699501094928804,0.20324969878976262,-0.9659092466256128,-1.240839176914114,-0.1139722341903493,-1.909788670878851,2.1574826731374426,1.679590802020535,-0.10766174847720023,0.30250766697200987,-0.5791369155908578,1.2086794349635706,-0.5774247713265667,-1.7132327027609549,-1.0838298800358974,1.6285853575558473,-0.5825833506881036,1.8857530795964692,0.1807695655786882,1.0078669882839817,1.1181404428036097,-0.2933995962865869,0.17860223871276829,2.638268851478529,3.627025946339014,-0.5950321525361404,0.13984089537041156
-0.8414769289222834,-0.24232057160055945,0.19352834580224107,2.2220160218225367,-0.4717107236687215,2.478532452695812,-0.6816122086365275,1.3338517458732493,0.08644933175931646,-2.341407509353767,0.6963352069077622,-0.3843635641609029,0.883925400818928,-0.16315537268481162,-0.8581184576389587,-1.0585311518592475,0.04199784692210662,-0.2859329708607091,1.724958097866398,0.5374706140238598,0.5582822088501709,-0.39442950907268876,-2.2064404562783144,2.493476144040886,-0.3353253931598372,-0.07429077799931655,2.0175039224937765,0.8775376686384897,-0.31086192094411835,0.7979590108643283,0.7655998206126561,1.143592334021964,-0.5514429687815506,-0.1507870528273415,-0.5463883436208522,2.9513990148254745,0.8484173255699374,1.15099052578276,0.9855236689058813,0.27021950118584637,1.4928643866119786,0.6291882169317524,0.4359772774408459,-0.11044271078416024,0.5635438077336505,1.048250054942037,-1.3630011516171798,0.34472872588586645,0.2898179459705404,2.2802949769951044,-0.9407912223008323,-1.2267153028726319,1.0877597744010206,-1.7882387807157498,2.2863501556275185,-2.8856037029255663,-2.5352278381315356,-1.4549928175798368,-1.5949186067598422,-3.3406133313760074,2.373108286483128,-1.095728424807812,-1.3965348243802245,-2.819201719457188,1.4217308996655473,0.9206176422594257,1.8348721021507188,1.2307936014830274,1.7904411354224243,0.9754210236849402,-1.596491508660666,-0.11826650457716575,-2.0510473152514646,-0.12511879682828314,0.6836620932419333,-0.4000293165866639,0.45464157447722897,-1.1541083151370584,0.8871550748060988,-0.44110558000037414,-0.9983624115945526,0.2056580913304536,1.498009047205829,1.0859815648583162,0.5544945643981578,0.08414021044278888,-1.71909874856144,3.1515217831878313,0.5161207368177579,-0.38863034140092023,-0.5340848054913395,-0.7746590733457295,0.4188915602248957,0.48137964655543175
-0.5087396317433078,-1.1916657847454424,-0.288815239743195,-1.2556009687341252,-0.8983773203201317,-2.5426072177907217,-0.40975753676292337,-2.4822341530340077,-2.056651199799385,-0.5665585516761513,-5.274238274881915,-1.7477339741821065,-3.1701355217418654,-0.5075466739224731,0.5176776615661526,-0.12000437999418079,-0.723956182490834,0.437141582242071,0.8914580568184007,2.0335241066443217,1.0960439782043716,-0.8134896269824936,0.983113167881166,0.2808974638982553,0.20456617258659204,1.8363091064293182,0.5290609876052529,0.9917500305090645,-0.5340080459883164,0.9198077419876346,-1.1188087550206736,0.12291037804085292,-0.6735951542445695,-0.8844743558223706,-2.3911079188376365,-0.3665003627085116,-0.6111562226854732,-0.9108561498140109,-1.1753907562945853,-1.5906518424881604,-0.7131047053567581,-1.6021067517606564,0.9245611750175692,-0.675160323064568,-2.9765670168823393,-1.849053173303242,-2.732725104656354,-1.8369413036899669,0.8346063513053497,-1.7107122011920954,-1.440992562404577,1.6745299015744952,0.2491706603419967,-0.28124003965203337,-1.1361958835257981,-1.4048934891415636,1.8447218840520412,0.3564748138504972,-0.2992359669269932,-0.5049571843607185,-0.11733773225398103,-0.7256485759742369,1.9362967607376074,0.9022395320429122,0.40158889663549335,-1.6943471479992094,0.29847229052475693,-1.248526009200176,1.224549571820365,0.6239665650668843,0.20383454800407946,-0.18220002227273935,0.7162747885263383,-0.021071180750853014,-1.4342253182504279,-1.4083602625038592,0.3007132225385805,-2.741496220076325,-1.4836284834595448,0.9897899637611791,-1.4198485851961744,0.26963173748960495,-2.553426172457538,0.46222678882971213,-1.6229495725036274,-1.6593797272256237,0.41516699284577796,-1.3266120855075632,-0.056254019973431345,-1.1374791552472137,-0.7170080610207771,-0.39109350700305257,0.8719148464983969,-0.09213752675428499
0.7483110570633911,-0.7841342634154923,0.7374903741755198,2.537357786306237,-0.5907762084760603,1.3026523370278564,0.592682794220219,0.36724030839913224,0.5716014969070811,-1.0579218356326032,1.2148036476474993,1.4370389811331992,0.20017857139607292,0.6483520314574915,-1.6128057234905717,-0.6858732571954221,0.6149399530338256,0.4410027144236244,2.2691767629833928,-0.3569953153524783,-0.33705545573798007,0.34765125512444967,-0.8443133290138232,-0.3110324838478509,0.09868162693741561,-0.2809432195300299,1.4210539437047747,0.0594639022722413,-0.8456421759695302,0.9760812869746364,-1.681805611087027,-0.3900546702078648,-0.695355072097876,-0.3215455970703374,1.8454770437763632,-1.8991158274080562,0.505258865156808,1.5082352612151118,-0.8702625693310905,1.8652217134593623,0.5965389038773119,1.1274439747474065,-0.12642949871376674,0.15826117803057294,0.01537919348528452,-1.3265399331059833,0.40774786677691893,-0.39147941745294257,-0.1290256783660294,-0.08874170556372529,-0.8678450446990138,-0.5202584028412691,-0.2792662297898758,1.3076290796913344,1.767340351607472,-3.199727216606325,-3.3118975303203646,-2.325650538169814,-2.0489226213558522,-1.7646857764496275,3.4443108378581804,-2.073704143470071,-1.3625673756889036,-0.12809035715335904,-0.12126167365861307,0.7795607564903826,1.671552784153202,1.691168289927092,1.1141814191135007,0.3902198028665719,-1.7989704077244872,1.0240096431077073,0.050270590119706804,1.8511815437241954,1.707869717016217,-0.21307234823735963,0.8803120593886088,0.6169402897737927,1.7642494594343376,0.15100779828968303,-0.14699359666433542,0.18877903429404352,1.7889551012801246,-0.8310055794522343,0.9455175764582011,-0.220287015135757,-1.0309120449696931,1.379696949006949,0.23147728500363726,-0.06156866562367247,0.18398436761963413,-0.34399214521144184,-0.7496937007339567,0.6985063231378975
-1.442599977584606,2.6865798996546193,0.46009846943801913,-0.29201372021627986,1.016610292616435,0.21631083613517188,-0.028952301386279355,-1.5113259945925255,1.3894083588971187,-0.16982203099453513,-0.03337524388833779,0.11361240252878482,-0.5153285619083987,-1.3379763595643395,0.09631753038660733,-0.6252928388732928,-0.3763420646666582,-0.7908895610259676,-0.4251822695328523,-0.010336413572610503,-0.31853161584745593,-0.02983620172932766,-0.8366822607249529,-0.7039256491352628,-0.080062482907853,-1.8609410886244804,-0.9010532155578742,-0.49716878941855097,2.170753835911011,-0.08140584194954888,2.784097909728629,0.8696365107289932,1.3357902981565282,0.8030677234494993,1.0292665039989481,1.0313694909975168,-0.3365246121339777,-1.7915387353680166,1.1527343437732902,-0.631347509483643,2.4726063888056857,-0.3898639589220493,1.164389183660672,0.12741413862278672,0.8049297554746407,-0.024797192930961387,0.6301794831367545,-0.994939096707168,-0.16571844854257173,-1.276033890621371,0.6824090828158573,0.23164667464414596,-1.0709873733877553,-0.5306054724329112,0.3027178215512464,-1.0554632706901805,-0.7595052623480912,-1.4669185335919894,0.8069384140920851,0.7281329004009038,0.07987816046151786,-2.2008526530388917,0.25876625861114966,-0.8321401387884735,-1.2357458850410674,-0.2615274784256172,-1.236572883300258,0.8586032238918055,-1.4677204843097809,-0.6138965502082186,-0.4554683028697455,0.01572638585740016,1.0363025483197414,-0.11038610582720386,-2.154762836434301,-0.7073078374160451,-0.5594132132236308,-1.2070100672752222,0.3254944736641042,1.2695387356663415,-1.105124316577242,1.101319597223894,0.7916769799589422,-0.7586140531220674,-0.5688247964466118,0.6155166729956738,-0.9491527672042691,-1.9335590885568767,-0.4714956084298409,0.41909721822722906,-0.9500204875450821,0.33987945075680925,-0.8687512854659258,-0.6241897312295094
-1.121596884217414,1.0386365412334104,0.17466804539029127,0.4076942519638712,-0.08510530733398824,-0.5407237884129685,0.2322165313512724,1.2699322165349858,-0.1011685637254755,0.21384242051301605,-1.5713506327420634,-0.45212360163784876,-0.9929736837021026,-0.45444612189852784,0.41358623931773536,0.9116564719700401,-0.06530340126165927,0.15610711474379246,-0.7684084010163932,1.0232288868094053,2.4766014337824895,0.7540091987108296,2.4858399723810387,0.1161739714611768,0.9204461383444125,0.6614099459121148,-0.6380174254789143,2.914907608810016,0.003093773637226585,-0.24243732910348584,-0.6538664684485124,-0.4372910430743854,-0.207554760629503,0.6592941887586503,0.5806052820618466,-0.07963610241093688,-1.0658824074185838,1.4484062755948839,-0.09485798878321428,2.4798387213078725,2.301618556178777,0.8646347031180694,1.7703456341298007,1.7792494191459476,-0.8607589952247432,-1.8451400303997543,-1.0630812015972309,0.3917836796486215,-0.12880342816489948,1.551291121749327,-0.3108655131809902,1.0976630473750428,-0.5162054813949538,2.0574119714504135,1.0201356183273214,-0.8074233137335023,-0.09111713067482574,-0.3908749066841891,-0.1838965866655694,-1.2214895543351154,1.418483388852221,0.020037383852979096,0.29176061455861535,-0.6394410526215851,-1.6231146387327164,-2.854400919603969,0.4786322904087915,-0.3962130084805421,-0.017267655994611664,-1.679470852585728,1.005997175667625,-0.14232186408142725,-0.951064333321611,-0.006415896399476706,-0.15270298538629837,-0.9783919661907364,0.25484116903776416,0.31632283309966885,1.1375887496213806,-2.0899314985311346,0.5377295511490023,0.3210603697591327,0.3535729169197866,0.0281585017296957,-1.81253638234374,-0.3588941380965065,-0.5539717927552983,0.2470158380971293,0.4531718210553452,0.48308464470447643,-0.2654105867506539,0.4015635785798387,3.05645976247666,1.6035127433136926
0.6336809679738544,-1.596107085527998,-0.5771889385979752,-0.30878322276742,1.0149400487342954,-0.04376104516771728,-0.48902441521760054,-2.0113673298415047,0.322479738185696,1.15944025278155,1.046671502259747,0.22715645648484273,-0.14128387918302474,0.16115098788458238,0.9218579834575552,-0.39928602287083853,0.5510943307390604,0.19264411270549608,-0.9489548442564596,-1.7797729988944397,-0.09790535369522457,1.0335398839095096,-0.7678287794148018,-1.699418876477256,-1.0769754747206035,-1.0994540008035967,2.035068604176804,-2.309228072192378,-2.1318796398395152,0.6857399793198933,0.7396951243164767,-1.087741233466203,0.18770791717653537,-0.5352249500101967,0.6209548746316287,-0.5356601985549752,1.501278652288787,1.695768672362453,1.2401062183944427,-0.05903118671175256,-1.45206021354943,-0.5764582565014783,-0.7915286421388585,-2.12045302978633,0.1037142367095848,1.189790033559543,-0.020052766647619236,-0.8520537244815493,-0.36951831457070217,1.388783112951992,0.72503499808996,0.056129362812113254,0.8282847982629766,-1.2177233553404851,-0.4817132632095554,-0.9813307596701455,-1.330786794293929,-2.7312409645729847,1.6171643788854362,0.5972155174470648,1.9487250860686047,-2.627405677934652,1.2162176576565753,-0.15729604565074212,0.17751661098556348,-0.3951626798391596,-1.3785011616535567,-0.6724893066896968,-2.5905910192657107,0.12987096106272356,0.6621107120881768,-0.7879815792461907,0.5385107418276099,0.6502004869448275,0.530233656331502,-0.07416107582224274,-0.14615328847156306,0.4153594561433097,1.3801421441362016,1.5761353945773642,0.20543977883349074,-0.5159010806980118,-0.5899435837212885,-0.9769744688304779,0.38956855914754485,-0.04979120139578613,0.5133710343751337,-1.0434488870985634,-0.4349892495886122,1.0577707288734493,-1.1061865778845423,0.16529194366727662,-1.4433317598132493,-1.28836861813156
-0.9933706409522624,-0.0971145890672293,-0.09885457432538261,0.07658014318814271,0.6371610630342314,-0.22613528772453523,-1.9333439876688678,-1.1402808655029888,1.3287586558262046,0.798352056475659,-3.3851854906778556,0.11451723640907718,-1.2910112426767733,0.43229435235223546,1.1288871957220985,1.0364229023945728,-1.864656250308466,0.20205472285429404,-1.4570963426394936,-1.0660637703474558,-2.1821046546257583,0.22343946965760297,-0.23229261873048834,-1.227333831787032,-1.9249887612186,-0.6037078573958775,1.8468825354196583,-2.711202614232127,0.7817207933888248,1.4952604055940497,-0.8146607243947486,0.7651658637146429,-0.605285675155441,0.11287716434439937,-0.2265764828748334,0.5053463304506829,-2.5706840505120185,0.03190518970527911,-1.5915366972377827,0.7198908356524678,0.5669220483253469,-0.8407935800385625,-2.383431080217777,-1.9838787295453058,-0.26286772784789686,-0.6238785065953688,1.162256028497422,0.06423519003806472,-0.6427599749229443,0.4704298706063216,-0.691363173709216,-0.7099261514574271,-0.3780989630852509,-2.284223325597179,-1.7060777730837893,0.8444667117751132,1.5600285796844837,-0.7320591017656934,0.758172861490284,1.662552608763332,-0.8501452972998109,0.8481633851665658,0.12492921344053198,1.0062591045040197,0.6195856627279784,0.02973143979026835,0.7452482386156016,-0.20450405916689746,-0.21574142866946888,1.7636724979006155,1.1692579663874834,0.647658589970334,-0.564703271883927,0.278264032462192,-2.6070640046606477,-1.3522205464732562,0.6971071557182161,-1.4023511447029893,-1.1236809737718434,0.5392280583252326,-0.4935258851691702,0.3089948100352109,-0.5211562636198808,-1.0957364256403708,-2.6518156548046994,1.7663835391161697,-0.32124716479885607,-1.640095534719629,-0.27977454460819046,0.9933875688728946,-0.6444000829387345,-1.1637665533251202,-0.3020664166375307,-0.9825440365780955
0.3337672174760052,0.9364083578502256,0.009002297856723832,-0.34941710969930573,0.22425075301496436,-1.4782560173091301,0.041663134874559415,1.649685065569773,2.412326018393947,0.7304312178932953,-0.012414838385832683,0.13087649579046262,0.041753293152648197,2.1483783024706584,-0.4417923169843283,0.4207310300350072,-0.16278739737569137,0.8343961714795064,1.5962974823943799,0.389722505580261,-0.3297861227408356,-1.5382042963506122,-0.8879113804587291,0.350329578386541,0.8784705943103236,-0.7383028639556797,0.40199732742936917,1.3717913124305943,0.2787919069919257,-0.6113424940486182,-0.989714905954815,0.5913045569682868,0.008958720549599786,0.07487109693299432,1.3708764413877854,-1.1352004082425569,0.8067876528627855,0.6270038227180361,0.057099071198580154,-3.030466564420758,-0.45679782210105796,0.15533412937702928,0.23118814779317978,2.34504622237712,-0.5107622507200744,-1.6885514237736843,-0.6692860010399106,0.8904489114526934,0.7458523433056011,0.5372330641961603,-1.730193055986041,0.07344273728046091,-0.7238653856016538,-0.19796008101047377,0.17504717010017762,-1.3153349702434638,-3.564069224081522,1.275697653283332,-0.44827744551010235,-0.9131575479363342,-1.3493828644799044,1.6911589935195017,-1.6687581701584164,-0.5211952500343761,-1.0472022472378433,-0.5847918305627876,1.8114237528871713,0.4588593932985996,0.408157894524105,1.0919404178693117,-0.9917747164697058,0.13631231059149745,0.5298454276993336,-0.2549495463126799,0.15407230020555135,-1.184517301716651,0.7878453033024913,-0.30189244967206563,0.6114243598614726,-0.05750053465876952,-0.17036767450800852,-0.8948750150026036,-0.0644833282295938,0.5080059072012778,0.7184764355822554,0.09387555316450585,-0.8297653611158696,-0.08444876507662347,-0.20025026905479396,-0.03664446381620723,0.32966188392588686,-1.5665654682011942,-0.06915366800319389,0.47002047462895324
-1.566311959241626,1.5930602378843683,-0.8359578771988526,-0.6907416382990371,0.6490158738328627,0.6007439292184633,-0.6708827017142133,0.6589457230917827,1.1008083963575244,0.4326886570634166,-0.9538847706278095,-0.10010726600432729,-0.6100579339859965,-0.3638312731463519,-0.4983751846576294,2.6411638835480735,-1.4081723093745242,-0.9658638009226534,-0.11765278185867983,-0.3212420712031031,0.25116461516478783,-1.2916376713855338,0.4419315618712075,0.21685461916968807,0.09980923431026006,1.5497418588784755,-0.7355822200302569,-0.2659803675386221,-0.47004286767001596,0.35553513035609285,1.61483901170406,-1.2500687174244405,1.0049364063459625,0.6112285225391495,1.5919669779806407,0.2560149864018611,0.7002827773631408,0.14310426986385533,1.1959666528778978,-0.1761421593436212,-0.06494018717075623,1.144629406273097,-0.5752766797193736,-0.1932902096976186,-0.11219860875028431,-1.9074867709720433,-0.20328427415804412,0.16086133319100707,0.12740787520307018,0.307472671975096,-1.499327271301978,0.002244105902973803,0.11237041912906144,0.673650749401093,0.33846598454846694,-0.5495573693569985,-0.2684774524564096,-0.07861002552856824,-0.7857426287100719,-0.31844447667224746,-0.8561879205442762,0.6029933917203171,-0.35464370932300043,0.32256642910835864,0.8144843590725375,-0.07410496159530655,1.2954858418715736,0.1528685212716952,-0.14552901015023745,1.4947999749957446,1.0718776993803276,0.23644073471439045,-0.5959491342420986,-1.6887344852248098,-0.5427099235584185,0.02427530209286577,-1.0895758162625404,0.10345911916753803,-1.0693098722895336,0.24267981063003669,0.5440725530682893,0.26908245485736987,0.4522397520307624,-0.7134305350335552,-0.08259685049847132,1.3743408360686935,0.7390449551299616,1.241092109211491,-0.17784895558024255,-2.1754571877364,0.5163541451586056,-1.2724385595831966,-0.08447339654884589,0.7738409078670407
0.2396090351086469,0.6201838866530243,-0.1060956210791556,1.4394216938592854,0.9795476617558805,-0.5703199582741726,0.5001823249257643,0.45140354301995333,0.5793689189001665,0.3076040764770026,0.33020125415725426,-1.8005490944249773,-0.35843805981422594,0.1694619047611976,-0.22943908724011522,1.2242394742921485,0.13178175101921805,0.15095643105889012,0.14447498342969894,0.7945577969747748,0.2863534680314104,-0.4438097099715286,-0.8715531532810501,-0.8270872611153972,0.07295281312315732,0.08552348546977062,-1.1553097765532034,0.3321557900017449,-0.38270613009847687,-0.33669768254949256,0.0010947746436630323,1.0106092116004575,0.461021736086527,0.04032213715137867,0.5340472465957283,-0.9972397747271603,-1.2633822009975368,1.0683603467291811,1.102390066496042,0.6257561748988125,-0.2108640798396325,-0.6837183705610184,-0.004257626430488826,-0.6044016510744441,-0.795155058949572,-0.18882728937264925,-0.9186547242750017,-0.23435475709822612,0.13560312600874797,0.6733802511406421,-0.8020563403341823,0.22456744718232577,0.02645077536599283,-1.6907782558260571,-0.20026078502081057,0.5121977886165945,-1.1876505988340766,0.10680487711191677,0.02647495240088038,-0.9631632398662774,-0.004044155432036706,2.7728884825215356,-0.8788378267513662,1.566859418438692,-0.8510402622140127,0.6876701228307582,1.0739286509750556,1.090461497634168,1.352940051065601,-0.553311708907947,-0.7525192769594885,0.7223827560946214,-0.20792279198949565,-1.023269407935821,-1.251864169466597,0.8999249687022961,1.453758515975205,-0.6408113507900415,-1.1601355569756056,0.9156625707354585,0.7610712561855935,0.41624998168879196,-1.281602665690887,0.011021381757090902,-0.3577781848994181,-0.879230138142209,-1.128071466876956,0.28567552709063515,0.301980459616739,0.0335102841793978,0.0027166998796854316,-0.6230221510598689,1.2768516643861438,0.13530078093189796
-0.437798627852603,0.07089818013023486,-0.03212306063591124,1.3507672099450732,0.42213897515183263,0.03061042367617106,0.38949366503265287,1.2672416001066793,0.12061004980491474,0.0833704524518169,1.676280266646086,0.9268475606014385,2.4632756597653693,-0.2387241024588831,-1.8058724780960567,0.8094841185188826,0.6337935803330292,0.4165672468207997,-0.747651860003761,0.11527680890640765,0.7088877048035811,1.6335771020386933,-0.05917582555888896,2.0801866892848064,0.3209221427480179,-0.47059032039937765,-0.6343648505075585,1.7071330544634045,-1.6598035252974086,-0.1584495675309104,0.7201401763859658,0.796968611934298,0.6411222047342157,0.8391113527831364,1.541607919471164,-1.9206875924930191,1.2927081219156487,-0.5951420881279736,1.9135042723088584,-0.6659832052498917,0.010258214679861488,1.3002062974639195,0.6199110026679218,1.7177451619112227,-0.9373566827901778,-0.23191131417465416,0.038224344190160964,-0.2210904290239597,-0.021226134247431083,-0.6320029246346031,-0.2072026367527275,-0.5988069045672249,-1.5985407688612612,-0.11090870595012747,1.4184255376640558,-0.7224596026442563,-2.1562537166984512,0.10094041146879162,-0.16923119485804222,-1.2365636692658286,0.9650463083153338,0.20695791830225052,-1.739570213792671,-1.844815100230051,0.21637258236738666,-0.3837757186420899,-0.05996760098425716,1.5330425059220605,0.18961956752216436,-1.7308192076908586,1.0471505049653094,-0.22561018204608818,-0.9963248219002903,0.37955906752716445,1.5595763049068545,1.2566227757398403,-0.7125310017508617,-0.7617478429510183,0.24785147150289966,-0.93990429511085,-0.40784314126635257,0.37766855995639553,1.765710271621443,-0.2633398633879674,3.0687465884487635,-0.13010961554077338,0.05126086736056723,-1.5610068608035985,0.4350977966943113,-0.347769115709138,0.8220468193150798,0.443966147119623,0.17019852423833604,-0.2820310644619213
0.7965473564956372,-2.418659037101846,0.6751764917967427,0.7780973654295671,1.595130268902067,0.26110681234480637,0.2928207400845561,1.436133866006403,0.0061222405033733995,1.7052103437312471,1.6865055018513255,1.8841204964986058,-0.5242499992670009,0.5720102984839963,-1.7425016583146216,2.5591216077053196,0.9975796085012407,0.5714988721953663,0.8206988350417765,0.33054796788171054,0.4712246809981662,-0.09690942607624001,1.0706047954772313,1.0034098455143512,0.4003118756637236,-0.2848269426901215,-1.5530345960855167,0.11003849903066118,-0.6375283794212276,1.1675806582843304,-1.8889570627467196,1.4883927111279025,0.38004278159573646,-1.790950264016843,-0.2652655423154976,-1.3832053211657627,0.5561631583301044,0.8355546346157643,0.8134271466213452,0.21903973566922613,-1.7363310274441743,-0.7738195385889408,0.24028896871604866,0.29764801701163124,0.15386678023837547,-0.49885945746352545,1.1670560729779111,-0.6016560338843967,0.47035548497795954,-0.3852157562772857,-2.2849311654581057,1.2917929453433994,-1.4489390069093318,1.4304379964931506,-2.110519143851829,-0.9273412250473176,-0.9991131905324477,1.3542589525656497,-1.7958247613984244,-0.6414528656353703,0.6383268896990856,0.20018522344090842,-1.4562781772170084,0.2731109610864595,-1.1223055696916289,-0.25432014399515324,-0.7175478226602933,-0.2877879459694809,-1.1189678129928031,-0.7262692010670362,-0.3743423618888737,0.8855094085204948,-0.1882380762658083,-1.1722754418495742,-0.029067979782467154,-1.0398399220593841,1.0665473131886578,0.5065689844882119,0.30337009692163086,0.8065822007662288,0.25620360089401323,1.054533790812267,-0.12748754657472822,1.1439906905350492,-1.0902576571827929,-1.6587795580575317,-0.04513942920768291,-2.0300817257027877,0.05444631012911549,-1.2674790586905962,-0.9349678056139413,-0.6689416320924082,0.8693036173072298,-1.7623922236674376
-0.9683835977100828,0.7413464369539904,0.06391532107151897,0.13894438094438924,0.6095767754777013,-0.3056029284821563,0.28513446232329204,0.01966224871504696,0.34256210750433663,-0.4230367888599702,-0.8962285932121048,0.7493607980731569,-1.4181281164701331,1.0876071069633673,-1.3236626185698122,2.4039160431016287,-0.8690358892130995,-1.0926306481682935,1.009395075286406,-0.05309930202753188,-0.8876691354701591,-1.1046971238619383,-0.7393258510938631,-0.9073376556349447,-0.1684956287043337,0.2195698470427259,-0.34918373043822626,-1.1965316044492653,0.0732004198155159,0.4719350538168237,-0.30039782353097244,0.7568047729092459,0.2996037287686948,0.5361325524699897,-1.2366978100421573,-0.9961178221667566,0.08853799916240873,-1.033951570638668,-0.8437407598909034,1.2400397237113299,0.10283038533077313,-1.3049256151096063,0.8950047267279305,-0.13382696255899423,-0.8246002177778705,-0.5534567491195227,-1.2147192680282495,-1.4792111568502415,1.3181406181477877,-1.0239553747086443,0.09187251591543222,0.10786604283187001,-1.3096938025958311,-0.2350290017347364,-0.01983450116381269,0.7537709316900273,0.915991989819729,0.227630074602507,-0.14448259427940957,0.3210802357758046,-2.4908086032380004,0.8126453537304064,-0.18749426644693723,1.8002706919999398,-0.2563535459936291,0.814016188513007,-0.0564979227170751,-0.14942772044756525,0.08859717619881682,0.9688076049815546,1.9111875645541159,0.1577940546448684,-0.020192587362396822,0.021579905052762638,-1.4515030533493483,-1.4991208574710244,-0.33381075390378506,-1.8503795136167032,-1.9401364001367905,-0.20484924918992423,0.08638109738616606,0.6044489942665029,-2.0908056722183286,0.31721616364340727,-0.2959271913083197,-0.6502627812917152,1.3009284248511412,0.842515197828232,-0.666067730949252,0.8278042039402393,-1.6218142647221687,0.838931192702254,0.12291279706590445,-0.014276925709209132
-0.5882410782149261,0.009176556840100047,0.10101954223151494,-1.0731944385543104,0.004155482887525652,0.6367501454937636,-2.363932053446078,-0.3638092300841651,-0.8153029008701357,0.21834372074529979,-2.578149271995845,-2.5500024514151427,-0.8779412048578319,-1.267313332592015,-0.5118069359759199,0.1299681814537602,0.30474134374094675,0.16979553047812496,-1.8821515646252327,0.06639924319450907,-0.6583691810769767,-0.2570794661391473,0.6995145952923649,-1.993088891062302,-0.149805018995585,0.8481513033748986,-1.614759642928293,-0.16134905955706036,0.6286336222625531,-0.37626212523371994,0.4975779613866147,0.4712589365370998,-0.25472051849351857,-1.4608764863097994,-0.016141522621554494,0.179212745940237,-0.09623486183989756,0.1171066593903284,-0.5688345900334044,0.6652044969990113,-0.7900749574877715,-1.7398079272543678,0.46396419122682797,1.24503030044085,0.2940511056601854,-0.17309640938493082,-1.8351488214089042,-0.9501035121423149,-0.6349378629409456,0.9727225413834546,-1.0195210427681072,0.3187239649722154,-0.6909506251710987,-1.0284895742417035,-1.1912495794319882,-0.7471081797205888,1.4650571756664654,-1.2880140043774762,-1.2200366254605362,0.5747013217701826,0.2761147897380453,0.8983496930282289,0.9287621427611579,0.734947583384092,-0.5821323424691394,-0.6830974616160166,-1.1681565731760866,-0.7440690039251252,-1.4708906110830353,-0.14133466034060405,1.6004042747625373,0.7182461788373713,-0.17605570541377455,0.29195916301820074,0.6410266680895,-0.1864667008204771,-0.6153330761665317,-1.1623751376768094,-0.30424854706712223,-0.0005191559781925841,0.31201655214857443,0.17590753157832278,-1.6165549427987627,0.4065207398235741,-0.5776845768054844,-1.7611978844536023,1.1654590297750302,-0.37726762562508465,0.2992796783681908,-0.5208404365140581,0.05393116642894202,0.7914541228257372,0.1057465722532811,-0.22210253036340194
-0.565497895683117,0.5946937091722693,-0.05129166802666258,0.4630681831884186,0.6577089340092821,-0.738484518008052,2.7215398125446093,0.7164864082087482,1.6737773005225014,2.1834857027101653,-1.1828959106173649,-1.6878219302736537,-2.331242856421961,0.9605772823469596,-0.261035474391809,1.960991352438291,-1.0508629841248416,-0.6540100123442903,-0.7422117709834608,0.6500684112962546,-1.7315964899433496,-0.3187386099409762,0.2760970795637882,-2.7855253294390425,-0.8636366857004683,-0.2784631293613724,1.1034280477630267,2.65048910874372,0.24215086914308073,0.4848557477326978,1.0814187671292324,-0.30511821635419895,1.0152892428416103,1.6485901941884895,0.45720173715676693,0.5171166129970369,0.664287781833352,-0.09271879727302355,0.30063384675353355,0.6542801339075855,-0.4672928473430871,0.10002129803172516,-1.082201069918158,-0.8164002162574427,-0.24913807943522315,-0.051976263482074736,-0.3292230764682779,0.5679550261291851,1.2640652084346105,-1.0805335049077915,-0.42299404085765724,-0.6129386697453727,0.0925113992918376,-2.8446319663545516,-0.19641388482871547,-0.7475476287930612,-0.018387425980732154,0.13549556072162303,0.9579718882979503,0.3904402855309802,0.5625275234226476,0.9068921139624144,1.444472539153619,-0.34107002832348166,-0.447469879706632,-1.886585379453565,-0.02942671687039633,-3.3724627901223085,-0.23634430893400668,0.33435618488184654,2.452910590854921,0.8189189495339861,1.3572391156117645,-1.4908394392089486,-2.860122460937544,0.7190114737513889,0.4105938174476827,0.5255398903669587,1.666520559673641,-0.7930618497269262,-1.6341276345852238,-0.5343970012230329,0.9735012804156546,-0.8353855739133524,-3.7298263272894925,3.2644490785063223,2.9124022118409454,-1.245117584896633,-0.4824477626795091,-2.7987938546174873,0.370642779130567,-1.6437460354704245,0.7224063977151282,-0.10064680416481786
