Cells_AreaShape_Compactness,Cells_AreaShape_FormFactor,Cells_AreaShape_Zernike_2_2,Cells_AreaShape_Zernike_3_1,Cells_AreaShape_Zernike_4_2,Cells_Correlation_Correlation_DNA_Mito,Cells_Correlation_Correlation_DNA_RNA,Cells_Correlation_Correlation_Mito_ER,Cells_Correlation_Overlap_DNA_Mito,Cells_Correlation_Overlap_DNA_RNA,Cells_Correlation_Overlap_ER_RNA,Cells_Correlation_Overlap_Mito_RNA,Cells_Correlation_Overlap_RNA_AGP,Cells_Intensity_MassDisplacement_DNA,Cells_Intensity_MaxIntensityEdge_Mito,Cells_Neighbors_AngleBetweenNeighbors_Adjacent,Cells_RadialDistribution_MeanFrac_AGP_3of4,Cells_RadialDistribution_MeanFrac_DNA_3of4,Cells_RadialDistribution_MeanFrac_ER_3of4,Cells_RadialDistribution_RadialCV_AGP_1of4,Cells_RadialDistribution_RadialCV_AGP_3of4,Cells_RadialDistribution_RadialCV_AGP_4of4,Cells_RadialDistribution_RadialCV_DNA_1of4,Cells_RadialDistribution_RadialCV_ER_1of4,Cells_RadialDistribution_RadialCV_Mito_1of4,Cells_RadialDistribution_RadialCV_RNA_1of4,Cells_RadialDistribution_RadialCV_RNA_4of4,Cytoplasm_AreaShape_FormFactor,Cytoplasm_AreaShape_Zernike_3_1,Cytoplasm_AreaShape_Zernike_3_3,Cytoplasm_AreaShape_Zernike_4_0,Cytoplasm_AreaShape_Zernike_4_2,Cytoplasm_AreaShape_Zernike_4_4,Cytoplasm_AreaShape_Zernike_5_5,Cytoplasm_AreaShape_Zernike_6_6,Cytoplasm_AreaShape_Zernike_7_3,Cytoplasm_AreaShape_Zernike_8_2,Cytoplasm_AreaShape_Zernike_8_6,Cytoplasm_AreaShape_Zernike_8_8,Cytoplasm_AreaShape_Zernike_9_5,Cytoplasm_AreaShape_Zernike_9_9,Cytoplasm_Correlation_Correlation_Mito_AGP,Cytoplasm_Correlation_K_DNA_AGP,Cytoplasm_Correlation_K_DNA_RNA,Cytoplasm_Correlation_Overlap_DNA_AGP,Cytoplasm_Correlation_Overlap_DNA_ER,Cytoplasm_Correlation_Overlap_ER_AGP,Cytoplasm_Correlation_Overlap_Mito_AGP,Cytoplasm_Granularity_2_AGP,Cytoplasm_Intensity_IntegratedIntensityEdge_AGP,Cytoplasm_RadialDistribution_MeanFrac_RNA_4of4,Cytoplasm_RadialDistribution_RadialCV_AGP_1of4,Cytoplasm_RadialDistribution_RadialCV_DNA_2of4,Cytoplasm_RadialDistribution_RadialCV_RNA_1of4,Cytoplasm_RadialDistribution_RadialCV_RNA_4of4,Nuclei_AreaShape_Eccentricity,Nuclei_AreaShape_Zernike_1_1,Nuclei_AreaShape_Zernike_2_2,Nuclei_AreaShape_Zernike_4_2,Nuclei_AreaShape_Zernike_5_3,Nuclei_AreaShape_Zernike_6_0,Nuclei_AreaShape_Zernike_6_2,Nuclei_AreaShape_Zernike_7_1,Nuclei_AreaShape_Zernike_9_5,Nuclei_Correlation_Correlation_ER_AGP,Nuclei_Correlation_Correlation_ER_RNA,Nuclei_Correlation_Correlation_Mito_AGP,Nuclei_Correlation_Correlation_Mito_RNA,Nuclei_Correlation_Correlation_RNA_AGP,Nuclei_Correlation_K_AGP_ER,Nuclei_Correlation_Overlap_DNA_RNA,Nuclei_Correlation_Overlap_ER_AGP,Nuclei_Granularity_1_DNA,Nuclei_Granularity_2_ER,Nuclei_Granularity_3_AGP,Nuclei_Granularity_3_DNA,Nuclei_Granularity_3_Mito,Nuclei_Granularity_4_DNA,Nuclei_Granularity_5_DNA,Nuclei_Intensity_IntegratedIntensity_DNA,Nuclei_Intensity_MassDisplacement_DNA,Nuclei_Intensity_MassDisplacement_RNA,Nuclei_RadialDistribution_FracAtD_Mito_3of4,Nuclei_RadialDistribution_FracAtD_RNA_3of4,Nuclei_RadialDistribution_MeanFrac_DNA_3of4,Nuclei_RadialDistribution_MeanFrac_Mito_3of4,Nuclei_RadialDistribution_MeanFrac_RNA_3of4,Nuclei_RadialDistribution_RadialCV_AGP_3of4,Nuclei_RadialDistribution_RadialCV_DNA_1of4,Nuclei_RadialDistribution_RadialCV_DNA_4of4,Nuclei_RadialDistribution_RadialCV_ER_1of4,Nuclei_RadialDistribution_RadialCV_Mito_1of4,Nuclei_RadialDistribution_RadialCV_RNA_1of4,Nuclei_RadialDistribution_RadialCV_RNA_3of4
0.8223759364110835,0.4941756424350635,-2.328617881120741,1.2664198621448328,0.9330500414919525,-1.3002827915725597,-1.4261901148055305,-0.46000538689564335,-1.1214109699407595,0.660591672555629,-1.9384817090662783,-0.11290419574298771,-2.1910445888328405,-0.3512621369153306,0.6752370015075893,-0.4338738354353284,-1.851646657804394,2.395701317758761,-0.6195854200044378,-0.4188872952909372,-0.7873046675360028,-0.44153146444244595,0.013928404676024353,1.090099039362191,0.22966330871761675,-0.8124485418958515,0.2317873449516075,-0.41708742064787463,-0.2650986483173482,-1.6567887450291556,-1.5571147982375964,-0.2357826671148844,-0.05581832801418258,-1.1520797976023112,0.2629485229015853,-0.3658908441909595,-2.006356639980621,1.1762989968649196,-1.046330846923527,-0.35223524048184957,-0.6113453867042877,-1.020907913462293,-0.4829864972676598,0.43933623049720016,-0.6655553984290985,-1.2002197146722968,-1.8852431867481125,-1.771999235039374,0.2900263496575942,-0.8181259971869653,-2.1920338811382685,0.05200614226784894,0.12535019552078244,-0.06848086443758505,-0.7534675721367489,2.087992953793451,-0.04629950886604739,3.58888884448624,-0.5012044842653173,1.1047665572423107,-0.6584148985155753,1.8344115022520924,-1.8655566409167954,0.5437053516334659,1.962643287522123,-1.653461638267073,1.1762423386691527,0.516118507097653,1.5590244211342181,1.917568894814038,-0.5858544155306646,0.7766153761415305,-1.2518035571933428,0.8018428402442795,-1.3738959268280215,-0.7953415940524643,1.2808145550715246,-0.16591308886557954,0.1567026428958321,0.921711112959093,0.07533070577780188,0.6973447519924225,-0.2973740455709133,0.7287028771665252,1.5870780567308036,0.0617650289786227,0.6846398983756674,2.662800367181227,-0.7276621625309102,-0.12877369395018187,0.7022823177700548,-0.3729957428587193,-0.5144870662182296,0.08868630893722028
-0.5087120183330938,0.2706440200250859,-0.34077223707196347,0.10782604853098021,0.43189542909077216,-0.18888214520743024,-0.08095364226465496,-0.0034204414599122157,-0.6675054699080941,0.5994925774234034,0.4408306667247588,-0.9121916071308149,0.3567323924914202,-1.4235566486476803,0.7539698421250056,-1.4447859186036245,0.2759998422883536,0.48771715331460086,-0.3637416161991993,-0.8803184378147118,0.3454333754766022,0.4384490507791889,-0.5887592905351493,-1.1426537600199096,0.4551772997412371,0.32830405142116786,1.311836016367565,-0.7360544025958751,0.23370761089745262,-0.5174944855595788,0.532243912881657,0.18366636518235446,0.881946358083418,-1.1925562658244873,0.9011878249018724,-0.9365841788073067,0.17261704152588142,-0.24505433201802918,1.424881494290193,-0.3528178957315986,1.0210404799659696,0.06103054982658024,0.8176620712207014,1.1099130829181982,0.6436954969010157,-0.7480619703105151,1.7399639571159342,0.7846479721514272,-0.49473393659377085,3.6341571738411242,0.6350754803192477,-0.32769142714210875,0.41462154230742276,0.9384284927527848,0.2927941632836922,-1.060071444448262,-0.46145379899536526,-0.6556921666705574,0.6972596847718178,-0.06968152350979998,0.17427755540002562,-0.22919871970204114,1.9195796636568272,-1.7808687374630876,0.4385184172452541,0.03067564415457713,-0.10740276623936612,-0.05703794313661906,0.06057905183274184,-1.0467633426465188,-0.5895750500880435,-1.4906292652476214,0.0773621184715611,0.3365520323104358,1.0467147268829367,-0.6554041621108309,2.8775124775842746,-0.3437724026871634,-0.48753544778792696,0.5088136921771351,0.11228975013583972,0.16050351818844077,-0.7376417535426221,-0.6605359647342012,-0.22874497945977626,-0.9279382248457275,0.3946658340341041,-0.3389631352580472,0.4186457494134617,0.44467741272122013,0.08401849771597034,-0.4457666947712906,-0.2040196883086357,1.9323299692515434
-0.5148274434251079,0.41267807842860815,0.1655397597885542,-0.02075405312485583,-0.15223543478681784,-0.2294257132294164,-0.32610563483169397,0.2729028130722048,0.8565350072220099,-3.072611372218816,-0.568229283770305,0.32427012597516447,-1.0963734259707367,-0.8551336932419031,-0.7207424392259675,0.16601396485669245,0.4189675954848586,-0.28631708648180293,-1.1312591992167196,1.4254501821392715,0.518704679350991,-1.1753460825372861,2.073922633278962,2.0391728713264476,-0.243004459114792,0.40688733591603055,-0.48167206283318237,0.667248208103689,0.3157455288835172,0.8322851740981227,-0.7466045795658822,-0.568806691346299,-0.3197325312780257,1.9259189878742997,-0.4289592991676209,-0.1524296001490315,-0.6424353569181485,-0.021927461433330936,-0.31699747247405075,0.2909193700594263,0.46656975991124494,0.8232737724540115,-1.105590143933993,-0.6121385931632018,0.10626876050251599,-1.3655499935919149,-0.428599697995815,0.9093620294140083,0.1753177550563531,-0.753280163472712,-1.2232252809387476,0.45388990821491043,-1.4194337457689854,-0.5618063190680928,-0.06470205860727507,-0.6238101697709291,0.22371969178590134,-0.7509448856061457,-1.9955978621461619,-0.6142393417129938,0.3670891777699151,-0.7734449780443273,-0.14027145595955415,-1.2494779275582628,2.2825419402245375,-1.241559755824316,1.9238193031126436,0.6838718609657041,1.9428999616045561,2.222797274084101,-0.203345419374748,1.0829864629480361,0.9171595874409609,0.3534241761319596,-0.6034512249071045,-0.844017497584101,0.8984224270052695,-2.7169064391739326,-0.40672776790556897,0.1543553851780339,-0.6475304293679153,-0.7098359376831865,0.9214012079632314,-0.9007176242181233,-0.44464945844776244,1.3319279993584792,-1.1094904256173308,-0.06706134595355168,0.04373173514038796,-0.5351249144834277,0.31331386284401086,-1.5311119349712141,-0.07047637661833692,-0.7867834458190477
0.3931708819745235,0.5321791108719061,-0.004751609101422069,0.2813196795496034,1.6237983057403906,0.05766741027239142,-0.15149482654865978,-1.1283637841193392,-1.2557184641884613,-2.321103210656341,1.0567500961454295,1.4103141753900088,0.2054509897141792,0.46079935278678047,-0.8086871312139337,-1.2997593437794164,0.07821391486944221,0.7138556805156177,1.2002338975222315,1.602821636107261,0.4478265030207767,-0.09062723600303024,0.39989901064275135,1.3130592448406941,0.7457609456419998,-0.11952875277089225,-0.5007365330809055,-0.3990932725654317,0.09293327573477872,2.126314411670302,-1.3517298123794959,0.904011077140548,-0.2585185839022762,1.363594003064163,-1.3197107706045104,-0.5285874544336231,0.5163546267353083,-0.2834486567175968,-1.7571851238024716,1.8372596104440455,0.5337540521626327,-0.9014957943088346,-1.09794011131396,-0.8258762197482196,-1.8651876931879396,-0.2144313643075555,-1.4623894354858824,-0.7176715485639753,0.8335150481667783,-1.2104975517547012,-1.5376217401186874,-0.14700838300193048,-0.6959361783601852,0.7746378224012923,-0.3600607449362159,0.6798556964170245,1.7893498648376123,1.0030952486988558,0.10064012484736251,0.9953413061474085,-2.4995769155914536,1.702278495193601,0.2630331983106067,-0.20690251408403815,2.104286619134564,0.02835379728901183,0.539761754895344,-1.72875382267033,0.9645411746314516,2.192865123781496,-0.9030688785520328,1.642700284293582,-0.5536597812236457,0.36333285690309014,-0.7443668653153244,0.544247901175107,-0.6701299196749831,-1.01215023731359,-1.3667318131019024,0.15294167550894916,-0.8694331610090937,0.2008511579943879,-0.019352219475193194,-0.05528770480119242,0.33724321870588536,-0.24982563711769176,-1.6016631307798277,0.022693098260637562,-0.22236398728359968,-1.1735829807199258,-2.066546971742235,-0.08488880084626962,-0.6254060734692277,-1.3034869610917064
3.277288117648684,-2.6222789526056873,-0.03975836060744007,0.698725762444757,2.077450181867818,-1.3497436375908567,-0.4940003104387812,-0.5936498136137525,-2.8074203151526724,-2.415488429671478,0.45896854196714343,0.42660899441683886,0.504613115363685,0.3928859519882305,-1.2577368290902116,-3.5456095674114314,2.5955286647141858,1.5056131357710454,1.5970754541888381,-0.6439250299161573,-0.26064200651486846,1.2732559800481231,-0.900983429323482,-0.11283391352144245,0.025548972795807062,-0.5503179493770328,0.988790786760246,-2.2108277694837533,-1.6269559067634916,1.4738342526561143,-0.24994728752026218,0.7795672957425215,-1.5996407908281909,-2.400496123886069,-0.4329716405842056,-0.7808280121009622,-1.2878187686504585,1.11192669766572,-0.865458983131864,0.20560402498336777,-1.0056107810855301,-0.02216078109348074,2.6199791779880703,0.05118453282139146,0.4958057422673551,2.152360158732487,0.8789165514684184,-0.2809605989064398,-0.11074505855960459,2.827973800566334,-0.07801958068339898,0.5627238244223742,1.5531242588458851,-2.0767728255074296,3.008326789146988,1.9202541734100829,0.053470475180848576,0.9051009192357816,0.09570137629510712,-1.2451294412984966,1.1918329275796156,2.6445043411519324,-1.1726958204292497,1.1812616407270895,0.1523616594668492,0.8596647916311767,-1.3872873811366526,0.22510556161315232,0.4280799761742939,-1.7839989159255403,-2.916037481816458,-1.549755964908159,-0.1804581121043629,1.8245131922617217,-0.20509480037450445,0.37739699870192134,0.6121436004910439,1.7589531600515613,1.1333456684160348,-0.6197448285813726,1.640917681773513,-0.8649721409515989,-0.8654065479603615,-0.2694459973670877,2.166120670835215,-1.2830179866246352,-0.9048211351027527,0.546466204728367,-0.4708418505164921,2.114931351028461,0.007055968276959312,1.5513322623385828,-0.9392865426308765,-1.551220167052831
-0.8429442634430968,1.8327565769453038,-0.6546525555576164,-1.176482697377086,-0.22476961512392532,1.4071733787534084,-0.24915940252456636,1.1617392589845568,0.7317165869922178,0.7544558377417728,1.3863918536196307,0.7711863028868354,0.9176911327281649,-1.979181842945632,-1.61554071691578,1.31043369196346,0.5960107361181921,-1.3652215372975849,1.568333985387021,-0.632426861419259,1.1276301430656246,0.7719317808043955,1.1033075432123711,1.0543089357459487,-0.045164962229041206,0.8671130599439277,-0.9258412989906923,0.5168113023179739,0.6452717526179572,-0.7120826695820046,-0.12820659601009843,2.261692528594714,0.6866923587914349,0.009384314152859896,0.37794137190717025,-0.859989991499754,0.6543715996799402,-2.176069231244662,-0.2554068586613107,-0.32883200393915135,-0.08485972706281533,0.7420204552165892,0.14827757383931567,-0.8587060917346421,1.802175677592004,-0.7396974103092798,0.47782945673782656,0.1082617520681412,-0.2763510072326801,0.16624124127164563,-1.9464109067409823,0.1720017576053121,0.5621585919980822,0.656033930446378,-1.6809976576203751,0.014775390551146517,-2.2253680189943608,-0.10491323741427483,-0.6424998853588058,0.4953337852449774,1.5709792527006914,-0.6295321113998193,-0.85976964562796,-1.66477097113456,-1.5573094287000653,0.804718208883956,-0.4572279420723236,1.3089088351136469,0.9125026393773299,-1.449692267549406,-0.49352767999664054,0.8810912239786681,0.47246049958973485,0.9304691121184137,0.5069961004434503,1.4865989409055451,-0.3611901985321714,-0.24489123219179965,0.7060089722529115,-0.2284676874978632,-1.323030119871615,-0.040017949243151045,0.4898396797421327,0.6544418250238547,-0.24388066006249398,0.908550760170125,1.8220055683027878,-0.8679584819292188,0.9334940958330853,-0.7509836602401054,-0.40285149246699764,0.7308502003857767,-1.3282135160061694,-0.9570256110712133
-1.490104683612115,2.3053745492689384,-0.1427361168596876,-0.47524163043216805,-1.304557384598918,-0.5644013739040595,0.16167673785296582,1.1620417514496237,-1.5617153868918672,0.3133090496238933,0.5795928869598393,-1.78659921226606,-0.062481217633760355,-0.8084689544922241,-1.1509707989785412,0.43322444091007983,0.04010241673689581,0.06319018575207558,-0.5524374364858805,1.621964943455441,1.0852286820292698,-0.6791335758430022,2.136783443274967,1.8543213923245951,1.9252462671500994,1.500357514888645,1.009740003292988,2.2531209850222376,1.2357469865896715,1.6765866629503723,1.4441749278315081,-2.371342963374709,-0.1291744083650694,0.31997288940110724,-1.0179304028491118,-1.4730772761871371,1.2736605170260415,-1.8046286771670412,-2.0091686724454836,-0.8666883590552932,-0.42132475336967723,-0.42179146429065584,0.894493811001247,-0.029860888399307783,-1.1130417684559106,-1.2096664967441961,0.30657887982490484,-1.1283153471867842,0.7056481375501421,-1.8158098057973513,-1.8942406666038005,2.8007223225955036,0.7825206373030797,3.141997211206363,-0.5864330494718828,-1.8837560062334695,0.21341818592365647,-1.3988903990168373,-1.2871009646873792,-0.7597858412749724,0.9251103258792134,-1.2100834064070616,0.20013710554283337,-1.6001042014522866,-1.7057314042836822,-0.5107075592174585,0.025034764028699058,-0.10194220831365997,0.2146099197241424,-2.4232284301122955,0.5747763682932324,-1.714127439940977,-2.018089155342666,1.421775550353961,1.3408078222047575,0.32583607459451086,0.3415978911332446,0.8639901995484904,0.14513065782342932,-0.7801929135685597,-1.228661348893247,0.5608065910675873,0.2287289537033309,0.08316452920501435,-0.6862403174232332,0.5886298172434961,-0.6640800198172552,0.08720248163837939,-0.27477233884711927,0.006435018852674779,-0.2139229793876225,1.1788107588560715,-1.9500714145461284,-0.5719773359198078
0.7249782808588632,-1.4066534362508365,-0.5171473523295155,1.7881228911759863,1.3587983528926089,-3.0526084640223163,0.25735846623471986,-0.7759279639839531,-0.5115523054805045,-0.34315773909188607,1.2334229125526166,0.6180661528961926,-0.7250558745559033,-0.33891638443043715,0.2932863298281997,-0.6836692947975755,0.5339574831924747,0.7292912705080663,1.462298885206135,0.6921848445566218,2.0094475258824436,1.1027977910046396,0.5598171496470121,-0.7440515993173151,0.16749637612855361,0.6394853855367183,0.7144767156041774,-1.0500906943471386,-0.8979360359547963,-0.5853874955792601,-1.807819431941783,1.755856880160223,-0.46875457705746826,-1.1682850692093594,-0.5886575820568342,-0.896433931309941,0.9312686991610855,0.649287270191097,-0.48492227838471114,0.7978634438423109,1.0365593311127563,-0.7880109873149093,-0.11595577631038079,-0.3033203490680369,0.8230876676931007,0.596696737494431,0.36765093686436034,-0.5432932145280795,-1.8865864406468604,-0.3299492426794891,-0.48700709603294656,0.08939193067486222,2.0715335820156815,1.1501323818560794,0.19619245305289135,0.2235162378839604,-2.6858913590806646,-0.12713250035998425,1.2146568669403297,-0.6801224343445536,0.8926847293795932,0.27846266978872963,-1.4568911263796802,-0.8022919968409022,-1.79339305741196,-0.14688947647361084,-2.6868837765282514,0.5078343859145121,-0.7770908403358633,-1.6907961163116458,-2.513742399560292,-3.5734639008284477,-1.0306338325737152,0.4906394972288089,2.018028190809472,-0.18783025676542653,0.17749435523906515,0.42548402974726107,0.18109531333502749,-0.03567916173841869,1.143884802124861,-0.796353282885946,-0.7138050789927393,0.9775996111995116,0.6719004092542877,-1.0312790154274927,0.5941203669208288,-0.4704728823259568,-0.2082558064532278,0.518505201236204,0.8152609813765712,0.9556766247948927,0.5115815043168254,0.7937819940610049
-0.7803177058955049,-0.4021865647168291,-0.05511988238703217,0.03582876505009264,-0.10238341475781382,-0.28690667219325877,1.8853043853779943,2.5083522196234225,-2.7782691385418925,-3.6476682396207942,-1.2738784443132178,-0.41804724238288726,-2.6718654976329086,0.4389389922803306,0.32734030853798657,-1.9550437296665102,-0.23261230162346774,-0.407449191913096,0.29414059067069215,1.856113341957935,2.5619565421013597,-0.9200550543050865,0.3888877661149837,2.6424745918950254,2.313591336760717,1.3875246688565397,0.299707833843135,1.536776671456264,-1.7780733159523279,-0.03141070782964864,-0.13529242859892715,1.3392458701038423,-1.4153363038210345,-1.0758999376916498,-2.722203671190843,-0.5484233876265857,1.0266616082488487,0.3519313275478583,-1.7416386262055563,1.5086562385376494,-0.5559741150395623,-0.6707814231703979,-0.1935315753076048,-0.9633055855899201,-3.4005959287280674,-1.615184079464869,-4.059545653894316,-2.2077278048065025,2.8221776445674545,-0.9470341214112572,-1.185837918505746,0.42849043262223685,-0.8584022628274215,1.7228220020756209,0.7089607542732155,1.4223744397371387,3.3900033849553752,-1.0246462727336492,1.5284996081640871,3.0705057722367637,-2.0539235848379587,0.5299041133042044,1.8746353473023383,0.6143288683614595,0.350260072692812,0.18819664032372746,0.9875382902018474,0.19065809796133204,1.2351350079360268,0.9765277593212789,-0.9095688252847234,0.8087505810183886,-0.3492129888933007,-0.6080379552633779,-0.20157368251945146,-0.608743917474198,0.6985945943031908,-3.2161616505293233,-1.7098939659364087,-0.8385389704727534,0.3235115205060005,-0.34017164157218094,-1.5196231092150376,0.7258115846703462,-1.904991336084204,-0.3894409061813644,-1.0906997011343131,0.48612586233684624,-0.0363324155064005,0.18663032550570924,0.2078900144338539,-0.16248569227423598,-2.1545193834500878,0.038267529168337755
-0.3676112018970305,2.070335498313891,0.5068663836183573,0.3051010356498554,0.09509481808888104,0.7539931182954464,1.5403912139511116,2.6820813595982895,2.0703311839491634,3.408745353137878,-4.765978057339297,-1.7104931772807284,-2.095164465132342,0.7246208468046864,-0.11312903876132294,-0.5924793162256986,-1.546553456353925,1.2797921076936203,1.5300224800969633,0.5086219283560743,-0.06675052307955798,-1.2349183236585843,2.5959039327127336,-0.6980703000871386,-0.48156732333693164,0.5888969466557722,0.4136589210665167,1.5774755021554991,-0.09300679006939655,-1.2269633432254514,-0.6046414858464985,0.22849005783018467,0.9567235730000501,0.3971814840583485,1.029479267512623,-0.2149987379999393,1.1193145695371658,0.5277417838820706,0.7711188656719046,1.8237732524303922,1.16429861580774,0.20145842844244033,0.7234614500323742,3.474069187183691,-1.4856640908014536,-2.9862980565828527,-0.2208105738265136,-0.8670576019104762,0.6362962987572699,-0.4207676001270245,-1.0629691024076577,0.20763002001402422,-0.6096789980207387,-0.19436795481488006,1.1580246687015447,1.3294838454012885,0.6381869992561584,1.6616540228981032,-0.47733072512458097,0.34086341422254374,-0.8878389793510901,0.5468162044400912,-1.3560397458952915,-1.5601777480940673,1.2664949818307714,-4.188059134138289,2.2843993479463744,-3.6338830987524506,0.5990295975835784,0.31141598069293175,2.5229978026288356,1.6889711076336198,2.006948669348555,-0.9142654341524962,-2.4418614098526126,-0.371024831422345,0.49244326607864713,-0.33485097975055567,-0.21953566736901797,-0.24992963850015365,-1.85083734062345,0.7072713613112684,1.7729875427488722,0.5817370280703422,-1.5434916872444575,1.6338269797776153,2.3215838083247955,-1.0382708564400853,0.2339098439456904,-3.9866033793574784,0.018506525361616486,-0.9651482866156241,3.523394346013572,-0.10170392503100045
1.061922076567792,-1.2611932534175088,0.5286362331450728,1.890506064708334,0.0945951039998314,-0.12092145387599323,-0.7487211672185072,-0.7996474957895596,-1.6898845009695789,-2.5444558795351355,-0.32336441598731763,-0.554431050270341,-0.18049165181680893,0.0962301230596691,-0.3495856030047722,-1.6101865730765157,-0.4368169392776932,0.09391859070983422,0.3376675204178509,-0.34864870210021237,0.40564465484555967,1.6365996781036543,1.033743556402975,0.7370193492836675,-0.2905337681392829,0.4541648783150715,2.1530875743410007,-1.6420699801420182,-0.6431319486840164,-1.446646611392328,-0.42685331753440314,1.468413635224551,0.2020050316773086,0.9715125427166422,1.7310143107591438,-0.9211208529320422,-0.2902853539706617,2.4721379868558104,1.4421158548458344,-0.5054811403206516,0.2173742994408887,0.3859958517797679,0.18435260322317615,0.23433449962609904,-0.10106104990809678,-0.35535757161920917,-1.4204131336459604,-0.7702872015461771,-0.27083869214092293,1.6092472540465488,1.267127138126171,-0.9648483125207465,0.9427287476781122,-0.7991350565800404,2.7427441134799,0.6176238247735362,-0.16591969192707456,0.5801545052442211,1.6628432949609824,-1.2953852893892484,-0.15413744916266192,-0.3756441082026629,-1.4422988090786937,-0.610537299176704,0.4686707184032588,0.8808116040388506,-0.5418025147607184,0.21288583988308785,0.9080849463991857,-0.8869708320514982,-1.8659443843132018,-1.6847982425622068,-0.20797876965073603,1.0698548149814298,-2.2134410993560723,-0.05501670241962797,0.21871838138717078,0.18855904532571405,0.4231759163448122,1.384014658870495,1.1086199885563497,-0.46788273992636864,-1.3066232381473597,-0.3271135353112841,1.702368563343673,0.2094588575222619,-1.1109542649544624,-0.11950137789456106,0.3899503271066374,0.028194102147080846,1.7304146663939446,1.2382605756058278,-0.6067611781456648,0.37802339933528883
1.245270333764266,-1.3938101132353753,-0.7927851620050003,0.7500268685282298,0.9214943156403602,-0.2785871836842725,0.21166684994817775,-2.914974721840113,0.4974812766451152,1.7161773801279145,1.7706916626066191,-1.176736675448122,-0.6417518083912827,2.200332268489713,-0.5238902969751992,-0.541379135114129,0.4184713423545816,0.5008991242959264,2.012609910544179,0.6858104654472553,1.438465394796725,-0.5599692557692765,1.0449023480907034,0.23087697772776872,1.0968971391662756,0.6646998573056437,0.014601722429466309,0.20136772963821292,-0.4553471315343688,0.5086665113791792,-0.8120487198477183,0.8052613683468217,-1.2844427845156998,-1.840029761424165,-0.4193261746576883,0.6665104125201851,0.5399586929189023,1.3928949894048,-0.7722922685417006,1.8080305450178602,-1.5220588709150233,-1.9965417234264304,0.48837623714044187,1.4742435130010274,1.7208432283423096,-0.7622243429712381,0.7592304073341042,-0.04107475203767477,-1.9075011120457512,0.5594029328729897,-1.4436901213085926,-0.3853053334667953,0.2724031009044515,3.1122758444000773,-0.18361033242883956,-0.47169784099127315,-2.019374437841894,0.2585170206315124,1.0029476701177187,-2.0015761423105958,-1.1786452760609043,0.5376251268741219,-2.334612563166742,-0.3419278082625065,-3.5699913250312134,-0.6444661573745759,-2.6170134513606325,-0.6671965411156928,-1.2114988415213856,-1.9076064938767234,-1.2113965832941105,-1.3888274753845207,-1.9162130038389211,0.3634396712649816,0.5346811440703398,2.0591326224175313,-0.12488962240305936,0.2038228515557463,1.082144927478207,-1.4840710909241035,0.1805597858978412,0.7593014385839821,-0.8053713151293554,-0.3657333046815252,3.1691599063445173,0.3701834761814594,1.6189354855304001,-2.910100082860546,1.2988427165660446,0.38790150374457855,1.5562133953448682,0.624146452037647,-0.23804704672802124,-2.1245279776929467
-0.4452045047136437,0.21179174589315264,0.6343443329225462,-0.7230617164687703,0.2403908692634289,-0.9158012964548874,1.0593039482182303,-1.265493975395654,0.5673597815084724,2.8780547624040103,0.06686917575674586,-2.643343706314643,0.8063118076865776,0.18537303446994663,-1.9887295208141846,-0.19507673352931942,0.6834334594101429,-0.4992692568803199,0.03182522485044034,0.3431006085197063,1.0463591032733652,-0.043892717709092866,1.7103560061484069,2.33658140218747,1.0664000324475484,0.7195948842347286,-0.793039237506861,0.8458198572324451,0.7867790957800713,-1.8487215556594445,-0.7500741735992171,-0.5350471376389265,0.7088192559693898,-1.3990153794775788,-1.5313367750528741,2.581842235113645,0.567882124313184,0.6433728669998682,0.33365808997302476,-1.0075035694492034,0.009129804624017968,-0.7874948222655841,-0.13910063011353369,2.009179671717013,-0.5293699573973631,-1.5551563486832678,-0.050005444562006965,-0.5146523121505487,-0.58683744323012,0.16705509437436664,-0.5795541887923727,1.5163213233527384,-0.977740071233389,0.2099628934604667,-0.13268406181606668,0.350385756413346,2.0014139441624934,1.2644392469448957,0.2602004870524946,1.1432165355995783,0.6120340062715679,-0.32317687397168626,-0.3257033768835636,0.1416784075879462,-0.8932604785544168,-0.26609364743656394,-1.4754449434570398,-2.30359586016875,-1.6502574811939872,-0.8760865515803571,0.8796343269699444,-0.3305230568076518,-0.00986562431821103,-1.3731231304681422,-1.3187135484837234,-0.16738787880188377,0.42725400858315665,-0.8990426944404175,-0.03564774802098397,0.9603451946702415,1.0812082868508066,0.4369795009169921,-0.5460169709263576,-0.09195417137311875,0.8636641338733115,-1.10005727280003,-0.03266109680748552,-1.7059077278875479,0.15628415330344214,0.5148546682921824,0.17963262365440308,1.0627346971641864,0.8599261130774324,-0.35938302912588405
-0.4882492450832161,-1.2618005988897603,-0.3809448736029453,0.37038407368654264,-0.06921953464241196,1.9760078746570477,0.13176443865760878,1.2365125756271642,0.11230683845648015,-0.03307430173516246,0.3300668402703556,-0.4012057480836617,0.3881999229175426,-1.8612619974059061,0.290229466572367,0.11244616432344906,0.6867754206276103,-0.6224283218431343,0.5625386421068542,-0.18384278509401075,1.2272550441310413,-1.0125737609629484,0.9638922382479558,0.8280220333634207,0.18004929734961783,0.42464557942325437,0.9652118384166202,1.881531689230311,0.039271081124404306,-0.11496041530221258,-0.1201108921855315,0.7414342514861773,0.1599420485572799,1.147133033373455,1.3738369646497819,-1.310514106383156,2.261918190066494,0.3912343691705852,-0.8559982461271645,-0.441163062571181,-0.0016992075842720555,0.049334545946363606,-0.22272736108473762,0.8011617930517663,-0.34847077306646956,0.669654605863132,-0.33785828910845617,0.08483908545450386,-0.35310147916485113,0.07656911307532405,1.4109866427336553,-0.03959652752567755,0.6993202975596642,0.5146479755380629,-0.06232269278740049,-0.25584404981581527,-0.7656550703132272,0.6388108282822528,0.937998555431037,0.7161814891168629,0.4829930340588855,0.30855289221038745,-1.9172260676471133,-0.7490227759758363,-2.590494251720906,0.6933533205470874,0.7774987493534345,-0.36627928064613857,0.09691612329937394,-0.19843573023349792,0.27394174723094994,-0.7605710192223339,0.9188658457120111,0.6683833487199391,0.4267569591457201,0.8374806259559884,0.16206199471104804,0.01819689515627962,0.2003199950268524,-0.4457706776716077,0.22184072359740115,-0.5805576614622141,0.7828143806806666,0.5667876501162864,-0.37375607057609334,0.9204043654009414,0.8919830615019886,0.18774796697146373,0.7403720742231602,0.8040597092224946,0.6612103224365347,-0.12946553279177814,-0.8046759744088807,-0.2720181130899568
-0.5631605395149258,-0.0897064597911853,-0.23457414336367052,0.5326629866938893,-1.0228982708907066,-0.6140723779049835,-0.9687958355696996,-1.434319086146435,-3.678596964483519,-2.645810184378533,-0.203326556508057,-2.3946596751566913,-0.568448135855137,1.1177985704721778,1.1632090269404565,-2.3241936533992513,-0.9032092169440431,-0.7901628826956731,-1.1482522116149245,3.682070411777862,0.17731553750662488,0.09578580371565226,-0.01070449165922227,1.3872283029568153,1.921824248799248,0.1573300310326321,-0.20602046252664785,1.1617437989429895,-0.7991319754483956,0.06477682751135228,0.1663029742825019,0.7200968837600921,-1.3276798020650253,-0.4364515251062811,-1.8665552544833066,1.024194963126248,-0.06186438746144396,-0.07823031470750563,-1.184427195595177,1.7043589552290068,-0.11822401711415469,-2.748040768097953,-0.8388193971083404,-2.3246632068795323,-1.4965570145809184,-1.4744312052051631,0.2628061562391868,-1.5489953633121756,-1.019752490342778,-0.42699680733602985,-1.2036284005034008,0.23856223188039205,0.7455201731945984,0.13622838916354263,0.600567874104566,1.740765583778616,3.8829886642139186,2.859393871737786,0.34055289262480354,1.4960591238424361,-1.945010034779354,0.61505214921264,2.238371767896724,1.1993039694988261,0.5549296189785948,1.2072542004812485,0.3976004234796235,-0.5411960586124764,3.160410591799495,2.328909424094893,-0.19863500767851053,0.6377707359805613,-0.8629985724278356,-1.0412246284206836,0.17510584346116775,-1.453997749970242,0.12579806688306816,-2.3980835950301707,-1.679605648184655,1.9277401951968711,1.916503392192057,-0.014055328006486404,-4.758005742625703,0.7256442478732331,-0.09896809163093201,-3.5068722803182664,0.8118383442608067,3.219154314738995,-0.20123084257018334,1.508733297271962,-0.33177664650660493,2.0371823806258367,-1.386828959007366,0.06042905612235744
-0.6087397745340567,-0.5920454610764465,-0.22402285448545542,-0.15334690653047936,0.09790494234267627,1.6240017360760806,-2.8358845472731407,0.9639894638656361,2.2964543805057493,-1.9624241510608464,-1.7413907589245117,0.5285151025599474,-1.7535563660818636,-2.0584177005154096,1.0888962203337034,1.7131336203153917,-1.5170713863016947,-1.3319306673908131,-0.7056685767823156,-1.5545874563107598,-3.103954298613757,0.6408290428836658,-0.055412062721850175,-2.0740419946876276,-1.535348045040263,0.3214493535337324,1.3394826732208376,-0.5329085429310645,-0.6079803424056788,-0.8603012670769692,-1.0151904091253705,0.3175374689093666,-0.05210946686600221,1.7723346815387888,0.7272257243385908,-1.5779092869383087,0.29356885899011,-0.6667035961097821,0.9170502029733724,-0.15217927688496663,1.481168824752043,-0.6138846319021813,-0.7652684197907232,0.5296106909223304,1.5373574241100423,-0.13717523290551067,-1.7363377547569727,2.062914901252795,0.9517554670822437,-1.6401415088263278,-0.4393887593435341,-0.4294832029323602,-2.0906560907293104,-1.0397625290114099,-1.2425223420375797,-0.13394610283682407,1.1345008775439105,-0.07180041250981975,-0.9855106208342306,2.98168684706378,-1.9607533189185236,2.9291574485978478,1.2653212385523018,-0.7206754523980868,1.3637160123737682,-0.14118717957073687,0.5725488999594105,0.1068967651106629,-0.2872313416671316,2.8852018970121307,0.2687866086772209,1.2062741476417644,-0.3863480641810969,-0.8721244315486363,-1.4951167499135791,-0.9350986508632898,0.47853210628919246,-1.2946408432292444,0.2663156013377779,-0.050199334424163244,1.0223101089434659,0.47203680354953076,1.650751497523211,-0.22550658157623923,-1.564172876395447,2.5991806045083665,-0.7176475537671058,-0.9874199281783969,0.042306925228631186,-0.7678612100232153,-0.575156986217292,-2.928019523413271,-0.14037891144011524,-1.3057131678937082
1.3534006365367026,-1.494877732876592,0.20513268235183071,1.2780077986024874,1.1458781565027252,1.4112980973368905,1.3517551197133573,1.0787506309737311,-0.6436554992993908,0.7354824181855788,-1.6208200190177542,-2.2063176891542535,0.7149068729291029,0.4897870116757112,0.2048370609437037,-2.288201797040038,0.5782162337534792,1.2249113370446842,1.8780350195674824,0.4147774282439744,0.16962813471687377,1.659738338677799,0.07205580793717231,-1.6524852574718962,0.17966854194212317,0.794296826021968,2.7850467411250053,-1.23719540344729,-0.2020286747999368,0.7372506534499601,-1.541077822367243,2.32397376529913,-0.7136952607543439,-1.8907143654296035,0.26769167528044546,1.2014228162731855,-0.5949434774221263,0.4055527818288647,1.480673757262887,-0.5603147864056129,-0.712880355183339,0.5816793366149123,0.4899015728584253,1.641712812710638,-0.896811665927278,-0.8728299794523051,-1.6919977663747159,-0.2200715882351572,0.6748977258287778,0.9300930949291576,1.126847897272171,-1.434731001092763,0.1390437572058646,-0.31250519123638054,2.705730288776087,0.13707769118390253,-2.5280294275825255,0.3321047109474262,0.3888788613548445,-0.9263038939819931,1.1950568512917223,0.3538565324760869,-1.0208168810692133,-0.6995963559777536,1.2476418713677162,0.6578810011955405,0.5977557419601878,-1.2325560497740946,0.8621733361675509,-0.2873277131232261,-0.14581952962903122,0.09887061482269129,-1.0094692661001587,0.33099199476374536,0.4881431125427372,0.5022823162758661,-0.9426565419363625,1.9225152892779942,1.5757888004397065,-0.2601786004639091,0.9741523203709153,0.1559032777736473,0.03442073088800262,0.9222237134834297,1.2269129346367642,0.19541978475156785,0.2782255685446939,2.02185058060787,-0.8968345713075225,0.9693012162537149,1.105860264173529,-0.9130433516908365,0.2837677399767442,0.8931883394828252
4.368480994559428,-3.240900970524029,0.5429961427467197,1.749388414725983,1.0612518918724836,1.0160508158291348,0.25114820189191556,-0.4993647858825977,0.013338372765583806,-0.48537283480052507,-0.102962470398133,0.7130606595385723,-0.17092350619983945,1.7379432463251256,1.11412764821757,-1.7657212632585841,1.4637167772197752,2.2626779308300597,1.0027988067237021,-1.0062072330392218,-0.40511222465362146,1.6415751319672864,-1.0160918991833232,-1.2840191611265828,-0.4917321543694644,-1.2399692317244986,1.6740511034866812,-2.0902733510376783,-0.7770462967669839,1.10811296745058,-2.0527816800688177,-0.46574193848371803,-2.389770578722873,-2.56528577692859,-0.6419551538568262,-2.8726870062303904,-0.9208817649268142,2.1448443333178453,-0.9418252192441976,1.5388717669387557,-2.8507325907990158,-2.043097762691686,1.1347944826322687,1.1643763720178848,-0.06321546766395636,0.6063330583804907,1.0502618985828451,-1.5186626417224622,-1.0977295814393404,1.6357290592308087,-0.7119773497648771,-0.49115407384537463,2.0419035556494065,-1.4633283300768047,2.902203073792164,1.5276289433479207,-2.6450288511878988,1.884966070534131,1.9724077720225273,-2.876341281065029,-0.7001394275886608,2.538989067913276,-2.4565627799686762,-1.318620148872065,-0.699916154553116,-0.4143563897722848,-1.2018011708944112,-2.175121958024388,-1.3054545258836834,-2.0890848437826977,-0.07536579456804993,-1.1830465425561378,-0.7740852880090741,-0.0685202538116407,-0.5233999435214324,-1.6339814887523247,-1.138414427085271,0.3327709099551772,1.3456441680041296,-1.9184901386618478,1.8488443061456739,-0.060757045211559293,-0.5009811439958334,0.5361247137983641,4.00312228703114,-0.5725402448193013,0.36637760089909005,-0.6159911626509155,-0.7505820320723149,1.605343744669355,-1.10509123975901,0.7655260825625917,0.5583607128439045,-1.208412629160604
-2.1050749560120083,4.431518229456941,-0.09217723084029145,-1.2464818885886308,-2.8904283625987865,-1.1578621413682018,-1.7978189097545216,2.1847931039153834,3.9348364797115107,1.0146282312188193,1.797997781394889,2.237301262649555,1.7618146054625448,-2.000643860385695,0.72977039753341,2.2007834099373933,-0.6932284533043501,-1.0369897981821348,0.4046692419835592,-0.5169826892391732,-1.9831381454660555,-1.5920192923217855,-0.46634432549110316,0.8949059073728693,-0.03457130936887365,-1.7341944736279322,-0.07330765623596402,0.48689385176964506,1.919256150541758,1.6136651839940808,1.3168323186173536,-3.533421959174947,1.148005836730283,0.36181607484704,-0.8622410333784539,-0.18515422598935216,0.12294594457035368,-1.3997044878147107,-0.7517808099732416,-0.7562297031192675,0.9379542539108917,1.2648064320931245,-0.5193124471248295,1.8557763512944832,0.9215053136216118,0.5055360687016306,2.3755091234506738,0.9623682954017003,-0.6676038776091351,-1.3793725813630888,3.3819664408605017,1.0903481903691166,-1.5066932056967954,0.18117084379451587,-2.646916387417009,-1.0237447079781115,1.6013429788696323,-0.6733036725569197,-1.929183561622322,1.7873705984016712,0.6691268553422397,-0.3647124751888838,-0.18478247352744048,0.17767380384664602,0.0397331921448979,-0.18471217803728518,2.5378997541048793,2.733464103351566,0.7015198214505195,0.7506128183704186,-0.5596727764484202,1.212324417166001,0.7859892144012779,0.2684538184842823,-0.12619409362884867,-0.5368736477731479,-1.1430274434285335,0.5666572960870586,1.5192021577029493,1.031126994171252,-0.6402210245531637,0.2680779621858378,1.9572537677109063,1.7679613696619747,-0.8496129790792555,1.8335492040929373,0.07902892941256068,2.316132051695751,0.4292237610381978,0.5310485833872449,0.15774481973493795,0.5816234831867532,-0.5835174154980202,0.785441750846188
0.3245259905306072,-0.412022045122151,-0.05738561741682838,0.7340752364023644,0.6804806332435294,-2.4361001283470234,-0.04506488106612805,-2.3608397420010947,-0.7646101352126329,-0.6154303290776103,0.1190804749592956,-3.4070894643715555,-0.029922309865706403,0.48074245442644714,-0.872461045736368,-3.6742834590413915,-0.0032743881229998152,1.2245612286351486,-0.5687845129539715,1.1651348258635221,1.3766961901352297,1.6344630227668948,0.8608199345767887,1.986109436754094,2.215760087537004,0.25411264840878905,-0.5494457387172645,0.32380712337795986,-2.2090624570904374,-0.5497471798316195,-0.38794630512510403,0.42570801164066513,0.15657554225926815,0.672437895465753,0.9683979606022332,-0.5822331203491182,1.950263004301886,-0.152973671418351,0.11493946592893992,-2.627146370290278,-2.5081009493810345,-0.9899405710166914,2.2577149464254536,0.27508064498880064,-0.8357447027335798,-0.5621774349022224,-0.9812870085565348,-0.38041305301659634,0.5162490894253451,0.9358890430868673,-1.26257027966038,-0.19204438625613518,0.9941338763129898,-1.690890053223666,0.4681268436656375,-0.9133485817153388,-1.01630757588011,1.2909651577255183,-2.4672376956452307,1.6496014148970755,-0.2528638981756628,1.6285976153486241,0.3802585049709767,0.08025273828056032,-0.48170167497077865,-0.1793255180366114,-0.7822241018225119,-0.9030937063687545,-1.4230581993509195,-1.4627055416106554,0.11828714962188615,-0.8314969673952365,-1.0882874439011982,-0.07150005111427166,0.514437002835374,1.036127232585675,1.0950658219446296,-0.662786552318483,0.8307061988012626,0.7649257132543126,0.6346610230519492,-0.03448218396703819,-3.1476802272794075,-0.5591646016161765,0.33328144557498574,-2.720981830088581,0.3915800475060874,0.5520829434740439,-0.42408350627352964,0.3226233129120963,-1.0278247523437403,0.8761693982652881,-0.11748384158743069,-0.9771203381935276
-1.2132982152446896,1.9618006791240088,0.24715420564003887,-0.29315552162447533,-1.1484978265436836,-0.17647337354883041,-1.528886339385373,-0.36639083888300145,1.8068855214323507,0.16277106438819156,0.26260601945648415,-0.24297948681789544,0.23870034835893938,-0.32483652857700696,0.7655031321981582,2.329949274643397,-0.43812840908717476,-0.33132693275081476,-0.5784676078113627,0.21551394979353283,-3.020020564550065,-1.1833195173720537,0.42137009012489657,-0.7589780643368107,-0.091394804433241,-0.08735816770964022,-1.2866095217553593,1.1256907939628324,1.6834188477881837,-0.5216226758097402,-0.12520212150693444,-0.860529211219075,1.4160611754846695,-0.18647458327837402,1.671858967393209,-1.1072298427768865,-0.7673446952428974,-0.844328785285944,0.5655482863020133,-0.4625635760064477,-0.9071367650988548,0.7115177465485398,-0.5874435980975374,1.9032785859289825,-0.17619001896531755,0.7441259152540214,0.3265460796946584,0.42477825770154576,-0.6844998006600008,-2.159100555604205,-0.23204902747941814,0.46153400750317275,-0.15713800407162648,-1.1445019860588248,-0.32289180056429445,-1.084018712375032,0.31596181125370015,0.14904703214171966,0.24602491011783512,-0.23343342463501765,0.026747853863108545,-1.7118980365144376,0.844312689194705,0.09896886361107243,-1.7684879433271266,-0.013383232501991638,0.9503226376461287,1.8560074620928095,-1.4697704179626367,1.4184319847069826,1.3054417956023703,0.2846488944646527,0.929463476873142,-0.4615369593040789,-0.5584442631133144,-1.1200305351553175,-0.16885047606440728,-1.3302758356228175,-0.16772289256607556,1.5611225527522585,-0.5990240043996264,0.5663457656422842,2.5510324971947753,-1.2199705373661531,-0.7836366382754263,1.9556830876523066,-1.1324099337459372,0.866075879619711,-0.21044533675459862,0.1131602629632324,1.4164403060426332,-1.1487196409027969,-1.089808753630565,1.6730120999003248
-0.8716899309782794,2.344054606688694,0.6219648574871025,0.1669227399304486,-0.7967458026097837,-1.8660067293019607,0.458335326532094,-0.9305455310472781,0.11416724473457651,1.523415061401574,-0.6440524233271205,-3.4623455313072506,-0.48878299295566985,-0.9416550213323616,0.2268346850948892,-1.1086059710997986,-0.46120038741499353,-0.49157926595719226,-1.8466719874326352,1.4283001275791554,1.2376064126943565,1.0436988831319047,1.2231689381876674,0.5481659734271616,2.537151544215485,1.881005067614502,-0.8014470501622126,1.2986512780388368,1.0694429805821608,1.0922203835099082,1.0579337618841753,-0.8161567513387569,-0.0227522188589767,0.22991893227577753,-0.2121255630566512,0.9269075352171019,1.0089522589869464,-0.4466914713994801,-0.24652312466657747,-0.7706408041877144,-0.5047890283811313,-0.4156515672902886,1.189251300660212,2.399416604342444,-1.0763410537806202,-0.06651577500306949,-0.288033863151403,-1.2259786818180398,0.41667700630787485,-0.22294384643059822,-0.4628304344057148,1.1875156770236803,1.001234865997909,1.2559983711761082,-1.4122595849603965,0.202342099445999,0.7440806273702538,-1.7198912402953526,-0.45519862587321064,-0.9947842504053311,1.449942929355612,-1.3304916471762813,1.2097784538537264,-0.07383234831674064,0.7243115301393347,-0.5173998399079306,0.7664177474312254,-0.3543876956276931,-0.12744909583988018,-0.9548356033112396,0.012118542002681087,1.0658573814943988,-0.021024542387142547,-0.14289728828939946,2.7148318213096565,-0.3554757071534601,-0.042458885550004176,-1.1834093839751703,-0.16366960399471797,-0.31424278395835115,-0.3200192304371501,-0.301967350938135,-0.9170726362060975,0.4705950505436707,-1.0024830036925185,-0.9686900934116944,0.5707415532293544,1.767857694124933,0.40440948367601043,-0.7118739375255713,0.5871379701747885,2.1952755471797616,0.38329062216076604,0.4880113729227761
-0.4611971534578232,1.0550457469586805,-0.011812451035887992,0.8302900481287734,-0.1340869257126428,-0.8959456047541471,0.6756952966089884,0.38771520794843617,0.7709236161084689,2.5014812655356917,0.01506410297858607,-1.1502129447135865,-0.9327541037578858,0.49958824372818744,-0.7702280768742388,-0.7704757989017665,-0.6863534469697079,0.5119347376719512,0.8316700236464715,1.4167435727937794,0.7008877135859711,-0.7857129218881636,1.121880406227123,0.8479855472307504,1.3543027214351373,1.8747074547306646,-1.1994146452174483,1.7166306129129683,-0.4083932658764302,0.7809767289840928,-0.552233672376981,0.18628421812097723,-0.3766917798425704,-0.1345100019896986,-1.389347514471878,0.21717645327841195,-0.07460554801465202,0.8544024148073299,0.22351292931042055,1.2119111515930634,-0.21646090299889625,-0.7915350317271173,-0.4453508741518911,-1.7203659247397338,-1.6280899543133285,0.2898059315389184,0.6834751548165472,-0.3521606911701266,0.6500231452800457,-0.20701779355134942,0.35771964490622304,2.6730590309265105,1.5174006760374086,1.938571488543411,0.760935093334799,-0.7591231055908261,1.0630434575068992,0.5166394072828614,0.4077661007634044,0.17939984763899983,0.45430559141789606,-0.7690587812083229,-0.26515617341558123,-1.4418673480276647,0.03612198356451368,-0.9719745548490798,-0.12344281671086976,0.8106004302585754,0.028277492325658682,1.2469754391066965,1.9086348684854149,0.1022716782397904,-0.5117330726698321,-0.8100905043289341,0.18590498782006215,0.8987889275785628,-0.5181843946603054,1.3802383624834857,-0.23178870714724759,1.1731857756963795,1.1660062987364683,0.2397511796301921,-0.4512939399072788,-0.12913620361371048,-0.298444749491146,-0.763647833923049,1.1642375142916779,-0.6066625535452468,0.3649012631794671,1.4391405538824809,-1.3480073367270566,1.0077770674047848,0.7489402341227416,-0.9210854214488625
-0.066202885377753,0.13051725942488523,0.4291295878172284,-0.40374507511171,0.807590120099523,2.8664846327117486,0.06182122140483734,-0.2967470631746911,0.8958534408866354,-0.40074236392875723,-0.35200075876824155,1.4833880200695626,1.029109394881387,0.27524811909033375,2.879567945467985,1.0114236755915387,-0.19829443120200801,0.069954251834723,-0.24002733374420004,0.21337028111117984,-0.6501188112377572,-1.838452617043418,0.0729003682401046,0.5639332224988945,0.2207626813104993,0.8744441173983956,-0.6329391521703451,-0.12894874456610017,0.6137723108358669,-0.9129553940170462,-0.6950849758033204,0.2109810927575831,0.9788631095506721,-0.31773808936186454,-0.5141671418186137,0.22006593839743516,0.5299104960223285,0.19118209200877773,-0.04844052726174669,-1.063757192899595,-1.6871384271162584,-0.21174031856709266,1.1453383418172145,-1.1099969504233427,0.7582882895769654,1.2904248831810663,-1.1219667884610782,1.011288625273657,0.3954007127384869,-0.0149576156489696,0.7766495581331959,1.100483933435277,0.6698191826441516,0.1364275786372952,0.028964346132798968,0.8809808015498659,-0.04578287021387817,1.7190254712056068,-1.3070710437912583,-0.08517934518270975,-1.4487577662249969,0.25664479832438714,-0.40611660979839226,0.4123297586735977,1.9655428314341161,-2.3145660580398215,-0.09820378407286667,1.4971328559081671,0.20265441368601628,0.7296059630688578,-0.49416642770403524,0.1719517937934283,-1.7037196599910391,0.023261440635217775,-0.12691404957297947,-0.5871851945965986,-0.8054201414251208,-1.0187012713483197,0.158003845323967,-0.6588725773422305,-0.1612550607686501,0.11416093073631513,-0.06944343982372492,-0.5802091102851122,0.9612375076082946,0.6941414399999282,-1.2576590971633643,0.13039382545675215,-0.24049246333109559,-0.18767512982658596,-0.1687639539854092,-0.705633204586112,0.801828034714781,0.26541822892191513
-1.194052819967963,1.2243747725199743,-0.2347307149855578,-0.20058435619854653,-0.6313355195352811,-1.4845794069731284,-8.111522270431054,0.10985515885850311,3.3471076798696027,-1.4106362850591325,0.2527682599984834,2.499453761414963,1.425068328401953,-2.6672463299538536,-0.6068110637298455,2.277863528773864,-1.8929198793570678,-0.4545833241516498,-2.266713729692384,-2.5166978476539645,-5.725145145528247,0.44407711900484637,-3.9053423159878484,-4.787129645558813,-3.4528072038092885,-2.378441509079055,-0.9435219075900593,-5.161850778421729,0.5716128614747226,-0.37959312332013206,0.16189445387988805,-1.071829664636954,0.4419501749593032,0.4399828875372914,-0.29710921999998163,0.014360514629885524,-0.48153848942282296,-0.04901902710197739,2.2689009459904543,-0.5401442492938222,1.7883778606419831,0.3734723476840393,-0.15349996280273603,1.2884203511575012,2.7469272391791684,1.3199073925742986,1.180289267043082,2.3123683422889925,-1.3920859121678841,0.14823484225283684,3.4778041800468227,-2.84353606898752,-4.233261248948883,-6.112798170624054,-4.489778061630612,1.0578908986446596,1.5954967943146539,0.770039314515575,1.2142003557356424,1.5156806215877927,-0.37380283511246426,1.5336376137591925,1.3145932807887568,0.022788570887669612,-1.5887239684937937,-0.46033306210518776,2.0241498662827477,0.12590716719636963,-0.7631363752591575,2.421505662998938,-0.6417504054129246,0.6147363019851672,1.1570153566589725,-1.1596385892584546,-4.741363991878392,-0.13103562576859373,0.3634787979887151,-1.695743647057018,-0.25010251114980386,-0.2728653393320116,0.24966786783943,-0.13054407179207747,2.9928076784158577,-1.328958443639525,-1.1466437020528777,3.1668547939427127,-1.3687332711261968,-1.019768120586734,-0.791619255695071,1.6739827445974773,1.3253384990794284,-1.8649718074108224,0.8295889771184348,-0.9547112394741032
2.239580664082616,-1.1341881315693785,-0.36703526314291446,0.8012084521600293,0.9093685474763304,1.0685262267646096,2.3539348825127813,-1.6319694590641647,0.07908580667142329,1.425331726643937,1.1087013273719815,0.36442042349043624,-1.2535557326640367,1.2949210283111854,-0.4239763446890807,-1.5931968959607807,1.0267434002020195,0.30619651961110383,-0.41058355535649954,-0.1497304707188081,1.1562431357284446,0.44561600121243794,-0.8907731102748105,-2.799429223084561,-0.4450804339168536,0.23194364743810755,-0.42232857235171606,-0.26637998469430935,0.9840159724596569,1.7560928297980138,-2.068618886271574,-0.3086395148001714,-1.1601155980684568,-0.3383115981952741,-2.2188855994932215,0.682672666423301,-0.06702418699014645,0.2259026928507164,0.9850064511225235,2.4956834450376038,-1.0099856977259067,-1.3131759416693192,2.170351313044815,0.775266820279869,0.5209642245379373,0.7110643745573065,0.7799857579438094,-0.6966271258981961,0.30143593973702065,2.101994944430777,1.5988362578642108,-1.0983170220338794,-0.6315900863415546,-0.6667353007888611,-2.288084842467056,0.7504473212269862,-1.7152250701655931,1.526913996379081,3.2058857710010287,-0.6648800719952052,-0.3182213531209822,1.2704349051549217,-0.49966162268289194,0.4332811431183594,-0.9872268751376356,-1.5807620540207195,-2.24105291775672,-2.859823071669358,-3.2704538288802434,-0.4463236925606568,1.1603473358387615,-0.6603456051254553,0.025492681030746867,0.7150189643858984,1.7552816172728174,1.205896439490574,0.18674968535355307,1.9920101552609022,0.7448358208601592,0.2557744336474936,-0.3506682684643602,1.1112746866854137,1.1950382491775207,1.269857532494609,-0.22746374084507492,0.9606085541202025,0.5532649590034263,-3.2745922032973938,-0.15665171780181716,0.16035752801757347,0.07996387769790159,-1.1122092000668435,1.3113765944457272,-1.4939233679996164
-0.4447575586490345,0.8270860538014804,-0.06846351438431644,-0.434854450268521,-0.43431162615802166,-2.065198586942922,0.1957685981214652,1.3631790669692712,-2.331647608989579,-1.081124823022193,2.345146110085276,0.06022562440006862,-2.341681617068693,-0.1015265838333207,-0.7096274832772548,-0.0019806171280236096,0.0055100240484546315,1.256171748688209,0.8838338291125826,0.7605040539240746,2.0772240588571727,-0.6993594121341258,1.7009666704607525,2.1054679341822364,0.9340745036280103,0.33305472320768736,0.026322693508664733,0.6908814785403045,-0.6635867944764773,-0.38740158415771314,0.632355423835884,0.2525383669074407,1.4133849177000943,0.18677863317925802,-0.4232607378135746,0.9953196573109265,0.8079375348006264,0.1523672581503535,-0.944279049155313,-0.8619380913272714,0.24626043073451265,0.20195398534500994,0.05234421577572368,1.2560686160517855,-3.2546924396544,-1.0777079756549772,-2.0271785902889734,-0.5010043238323798,2.174205736499279,-2.434879757808061,-2.53446882677543,1.6276684152580996,1.8623028332226776,2.346025219168941,-1.5520905662161781,-1.5310880681559347,-2.832461915247588,-3.3283986091120714,-1.453020042898029,-1.139583421958147,3.0159313187230476,-2.232452336274743,-0.0032721898757911427,-1.3853951358205414,0.9916893055981439,-0.7624171059636571,1.224164815546829,0.8138082474238222,2.0010625872087138,1.900252433150586,0.2423953968906264,0.898768637450831,0.9313965906757999,-0.6661270508954152,1.1717494936605393,-0.05598974388991339,-1.5621514814916673,1.0545750095196884,0.6973062521721267,0.5719028971831415,-3.047678917406863,-1.230789741374165,0.11217754760917342,-0.08534708431069268,0.6310781491481188,-0.396611031371244,-1.899015041530371,2.0390064923568847,-0.8454265549560699,-1.3735567400570625,-2.208294649615987,0.7692050614900967,-0.9059879369037476,0.5630279039914723
-1.5270925364182537,1.9084128350790601,-0.128741476812276,-0.14514821307257586,-0.5486215487016756,-0.697993025998868,-0.19324013758261904,-0.3808720920233516,0.5598455482645668,2.0018864681979993,-3.065548916824681,-0.6720205324752662,-1.9743054874125736,-1.6776126336617256,0.257337478968827,1.4797558869699619,-0.49150564936761937,-1.3762801384430479,-1.0482298762227615,-0.268645962159601,-2.8305933659920073,0.4889893282277813,0.29600885132531685,-1.9477102676090177,-0.5371135101020906,-0.8260079580401337,-1.9804590033555574,1.2717656503669803,-0.832127630457043,0.22667858907034158,1.0990706599352424,-1.9216537575714452,0.48194132160747305,1.4599883516835581,0.4555682785528636,0.565953163873727,1.4181810843341967,-0.010614036485386613,-2.0501719914333094,1.1048988263295962,0.4621950909636507,1.1739325002645964,-1.0108548460327933,-0.7009784250329638,1.4839036472619462,-2.352071389040382,-1.1493556362811361,-1.089971136758911,-1.96711092004607,-0.977475347348541,-0.37207574373820185,-0.7690420803421624,-0.4827129270157289,-2.4984323831940562,-1.7792063513150942,1.0906736125417773,1.2646469775931688,-1.9096808471912312,-0.322504183135146,1.7074711010761185,-0.9971220193621934,-0.4593306027862507,0.18343935655920673,2.466592608044947,-0.5285483990368669,-1.665905811875963,0.2741783402409966,-0.8809754232702528,-0.6529910796655947,-0.31434407814382215,1.5202106567373426,1.3694666902667043,0.2827969546709984,-1.072519706503034,-0.583979744358831,0.2767405600973132,0.8091665322936803,-0.864599873650439,-1.153416217175982,-0.6797408347726651,1.89500590745377,0.040152420220531865,2.1563608486155963,0.4706818155992647,-1.8512646396039851,2.3489513416113064,2.0921375438471808,-1.8212084632202807,-0.11200835209258948,-0.3065562655990862,0.4113121486579683,0.41784084633068574,1.7070355862183415,-0.4724820686107204
-2.68785346188758e-16,-0.14459586312229802,-0.08925945763242668,-5.082391342431114,-2.5950957730054784,2.811546843198985,0.3824921392203027,-1.3141093684419212,1.9606549128364588,-0.2716497237117874,0.41467453617455435,2.357323695664536,-2.218352134626561,-1.6142361040150837,-4.485430282918907,-0.0002689629231548188,1.6568646937197071,4.16034412451689,0.05334135783010385,-0.34872546569483753,-0.480643792271699,-3.2926445976106606,-0.006388247252321268,-0.3028333225441629,-2.353531846654162,-2.715272717981137,-2.151122177659323,-0.34342489229199763,-0.9483047453293038,-2.6594093601455433,0.9610035985271146,-3.2747965814332813,4.377723569873719,0.5608040596306787,-0.9295207536743462,-2.273620382271301,2.078453348047168,0.8242997865779587,-1.9415462436620226,8.470957778505483,-2.7205822226958354,-0.3089478048627071,-0.1340937217057231,-0.1576499708072292,1.746755027604483,-1.8352896523590772,-0.3145588318594883,3.002194329809178,7.5494376361276,0.0901634127706532,-0.1524236889846723,-2.0991200749406476,-0.7947429347755227,-0.04612061564375439,-0.8098222707528219,4.221153030075925,-1.107836210347533,2.438922044928543,2.2322815051247495,-2.781832442468935,-1.3041998827151124,-2.126631669263211,-2.1219838912860247,-0.12999808088114462,0.04811911769648436,-0.6138273986076659,3.632377357740857,3.9058201118883886,2.8487336466755675,-0.26332922649313295,-4.314867520409733,-1.3330702393725982,6.6434334630470016,7.86851430645749,0.7195664668787972,7.697624216384973,4.353634959431174,2.113249239505403,-0.6620567793853083,-6.846343620347906,1.1763367033900414,-1.1899298620155723,0.0558189482377306,0.09372742558810335,-1.018189546111208,0.1824996171750546,5.516624386441458,-0.5094565141896353,7.980780436288544,2.6123997082824575,6.642671848387687,1.2929186653129177,-1.985937545400484,3.30512823559352
-2.68785346188758e-16,-1.114353030607668,-1.695357876671025,0.6414425240026705,0.048705238724525146,1.5925633052012487,-1.508717577439621,-2.343385405394188,0.8748755568963781,0.3264365228335591,-0.11901155044865575,-1.5815815517462113,-1.7795989018018026,0.8820279535220303,1.1315968248294281,0.09168844944077707,-0.4113743195957774,0.3888346746900239,0.2173236795988822,2.321474928960814,0.0006749476968769451,0.8733359240088632,0.21433823067679392,-0.5131003545669106,0.9286593066985174,3.631040973415386,-0.2497559009485203,1.5732790604467957,-0.7668780237460976,0.31921519554811717,-2.389906770602714,-1.58978822358407,-0.570852682272201,-4.639620445762327,-3.330222588465917,-2.675808586021646,-0.2222149750613348,-2.781228278281387,-3.6718372587178467,0.8143277387165946,0.7065635641428711,0.506620428359684,0.4417831331893751,-0.042177956175021875,0.9699485261173735,-0.48846436767458007,1.4777433039483885,-1.091784736738711,-0.07639512954397704,0.885000402068213,0.9626650708383542,-0.4635532637923675,0.008425940961748805,-0.27444272594476343,-0.2696167295310354,0.6895892115610712,1.1627545082496804,-0.8814447652069304,0.030913136135225505,-0.5406024636929327,1.4419893864599191,-3.617277923466317,2.7865689450909112,-0.9156230693762102,-3.232269903655011,0.31068565932025377,-1.8975079693470744,0.6885903243049624,-1.2506622921232577,-0.0037245524808009103,-2.5350344269310865,-2.3128123677807286,-1.8116935965694045,-1.0367863995649484,1.1346977208725924,0.7337612219130294,0.1581410561370986,0.7246683492772577,0.6452863758584232,1.4858504884731176,2.0681701978389513,2.1065208799368484,0.004376533049372546,1.6619799816633516,1.802082004921321,0.226591383660235,0.25619872367367647,-0.5177011000290552,0.23840332086376306,1.8768220985067234,-0.021132595168940727,2.0273496849749755,3.7848313621343914,0.8907563550388109
-2.68785346188758e-16,0.40110526350575376,-1.325486503447307,0.8421417780749179,-0.23301191975496505,1.399555441888225,-0.3311511529796245,0.791648667032472,1.279135125816127,-0.5636945922407681,-0.3758567753997001,-0.49702810419495747,0.826329747250417,1.9884746653939653,-1.680274407687211,-1.6379610416769435,0.8441776372769184,0.3082694853730593,1.3339008114959792,0.28818411579472164,1.2300595585513765,1.0232952846399526,0.004724219263472218,-1.0870654793057757,0.36483310991216117,0.7211766143423387,0.23638865090779532,-0.12359481369397893,-1.0595879404622552,-0.8643572276632809,0.9509977277918418,-0.08951799802494714,-0.4192028345671342,-1.7985878546856866,-1.2001733170956015,0.6795146905927967,0.2070601577924217,1.1066722081840887,0.03550882393957777,-0.5385611986089116,-1.204926807500626,1.895610699165855,0.15861994356932463,0.03210651882975868,1.606447046854119,-1.3575719889448545,-1.5506499527150426,0.8798566479598938,-0.9591422763171805,-0.9670506416261629,-2.701440919630564,1.2541360242537805,0.6223550637776804,0.4098079538308,0.18583555212398944,-0.4876189307056205,0.7184306169739957,-0.03573728012514854,-2.297974411001985,1.6686288892732246,-0.022047739288955565,-1.8087643759699987,2.817252100736103,1.0897350563353492,-0.40977798047950953,1.2933346377087405,0.039913067460276286,-0.007434379764551746,0.5661277963766597,-0.7613938031612719,0.0780180636178181,0.8840027470072828,-1.6668394314468424,-1.179295723729724,0.2409543946526399,0.8629269519174148,-0.5182153283610026,1.6395755615030954,-0.08562532505956921,0.9847652362345745,-1.7734087668138834,1.3185390015494902,-0.12149831667589717,1.234254554085517,-1.0641730350333485,0.0514746554941239,-0.6028439491522594,-0.6164826784696007,-1.032659322112838,-1.2785264893609476,0.14813471270549405,0.6012561306660923,-0.02837707185937348,0.8288520853024379
-2.68785346188758e-16,-0.398180791612282,0.01766855053532157,-2.6460383267977723,0.5426210676778849,-0.26450338024935993,-0.4010577424725001,-0.8961214701093071,-1.0524465547492814,0.5303961799750653,-0.23741889967355062,-3.2162544727175897,0.503290919772228,1.223231319192805,0.5813167828757467,-0.05042796194356728,-0.8227332075351683,-0.33463284501932844,0.10421820743211224,-0.11896374734902912,0.1573110034314381,-0.028790959677415434,0.45807250334247773,0.34177738430138443,-0.04389006836601439,0.48373601421341206,1.6504534712408911,0.34593868075621764,-0.6784574556222793,-1.0780941988663182,0.07887108154662159,1.6878811194047934,-0.8138770840454195,-0.5827728994657416,1.2876320379286559,-0.9663978293696652,-0.7524796811405985,0.2816577459996152,1.2108095179562661,0.14267789298419015,-0.8389264425164148,-0.9115296277899994,-1.9679622076863728,-1.5212052250360233,-1.0230840486878465,1.482116689551848,-0.6437593777933046,-1.4931681429382198,0.771337742079298,0.714007685079838,-0.2133436155193058,-1.499293434665421,-1.6027338523911345,-0.09050766428586236,-0.7913348308985986,0.1079632516987653,-0.7841453333287667,1.7589856886993638,2.610961475062162,0.979434078117705,-0.3278741877973132,2.1024943917205166,-1.3175233201896144,1.2479677260471134,2.262021590376449,0.8459059674126561,2.034464988903332,-0.4352787680597192,0.7796602019748329,0.9168745479147463,0.636569955573024,2.1683687819417665,-0.1910011026794573,-0.03796931195062386,-0.41583591379541707,-1.3241466482889412,0.6901905156757036,0.1017140342880305,-1.0374469768754546,0.7348197895444613,0.9877480379479553,1.3659109242194731,0.4414309035081213,-1.9072698850019443,-0.550852219390339,-0.42104936227862433,0.34036391145778905,0.2363826443694136,0.4074834626810256,-0.309637840101787,-0.8873076187691433,0.49902265710247073,-0.4694083597494899,-0.5890243597173437
-2.68785346188758e-16,0.5698239933281538,-1.7586164948765726,-0.2238285768177779,-0.03949715476474733,-0.3204896380524347,1.0565919989217067,0.6820749879396963,-0.6368242398257339,0.13286570472815026,-0.12690082550876242,-1.0722717354735685,-0.20176424426457018,1.8831216739282985,0.23580976925787445,0.52290452412219,0.3388304332877752,1.1460837558487285,0.6436840579580448,1.1730475412382197,0.19868611501312436,-0.47547762213868744,-0.40246767262879923,0.3848320221844178,1.3040802189285614,0.03577597510914732,-0.7737173133933108,0.1709091918007712,-1.658781790035733,-2.3622436368345934,-2.1851924999341903,-0.7766959901572716,0.14882903370278167,-2.1736089150970255,-0.9194582942789258,-0.5191195745905617,-0.052664946035822974,1.079224681188554,-0.6308044370169971,0.43370188569617996,-1.415444537155147,-1.23283735592457,-0.9744398423551777,-1.3814141734975691,-0.2638726933657531,0.4423351676913667,0.44539034803990507,-0.6311003739136396,-0.1443345497707057,-0.08702049046331399,-1.2150900661817576,0.6046237013607885,0.12268511176281045,0.3029481309113669,0.3112866282674365,0.7797324105989527,-0.37261431786764737,0.45792414789796254,-0.03436233537533157,-0.22995791375637764,0.24076064077946685,1.9131065612966238,-0.2537357366218483,-1.6886150592353588,-0.7888201791756362,0.7347813680828686,-0.10856248663195639,-0.8418945057374779,-1.1709870153847457,0.0849937480948686,-1.8240177767238972,0.09744469861202965,0.5863813774535994,-0.20814057154747562,0.9954488215467726,0.4220144768391273,1.5492441640508985,-0.37055524137262374,0.5175085253726887,0.5449505584991485,0.3448075421710494,-0.8638501294176354,0.2423967817505544,1.6201883102413106,-2.169253454573848,0.8595686124988753,0.12787480804620377,0.14349891219361038,-0.5077221029306478,0.19962992051505424,0.06581155976316798,1.6413481589373728,1.114285968138372,-1.2043526858902425
-2.68785346188758e-16,0.14484180368867003,2.1099299575148165,-1.5983978937833587,0.8154232528257458,-0.8144205162289284,0.19365517012112826,-1.6189785209366223,2.0997850832796487,0.6529658855268015,-0.7680722410132877,2.141873739827761,1.1502086787807144,-1.1674320754330139,0.5178686100589494,-0.7652180250339421,-1.924227029554636,-1.6950757726194956,-2.051133384501908,-1.1654965070770515,-0.6270579118536677,-1.253881156185965,0.31333711167234357,0.5005739534996594,-1.5273021515277099,-0.4504651516018241,-1.4722479170212721,1.510969233384139,3.3982948188540005,1.939480423048867,1.7245247373403525,0.6928133497845907,0.7396885514937042,1.353585383830467,-0.3115984738763451,-1.2332858206513313,-1.2253371229914856,-0.3644384108033111,1.5336921115681454,-0.675664628380709,0.6707370110726085,-3.326151710293691,-1.87568833230732,-2.65206344025706,0.9873875196817472,0.11194504801914629,1.3850897024556208,-0.3188385740969859,-0.7712417997909466,0.7244657882115807,0.969610637834553,-2.899687399615694,0.43366900525780094,-0.6026420596527903,-0.14195327170475883,1.9806041799795164,-0.3633240644067828,1.7479288384571194,2.366043345831855,3.2705975131893967,-2.351086300844993,-0.11611801810039417,1.3139050319611236,3.514713322888574,-0.2774333296544882,1.6591670263651994,0.34059037172569456,-1.5855407166205233,-2.5989778779021484,1.1776672912741846,1.005751187209433,1.8432411085211347,2.5511236930327015,-0.6117688992532119,-0.09019550342326009,-0.7165423971867321,-0.3693175515769258,-3.1543643999321738,-1.120206283166663,-1.4467759521148136,2.8477401809990828,-2.9123651280066434,-0.5302674714078711,-3.895698511867718,-2.7825188612808045,-0.09128830531479488,-1.3250227627987454,-0.06579038344595556,-0.5757406289897409,-0.24007139175077907,-2.278328578706375,-1.088216448162603,0.0073182751404990976,-2.154524723868159
-2.68785346188758e-16,-0.9596634071145445,-0.48572054658611813,-0.10288403251313713,0.21724030133118843,-0.48374820418673803,-0.15526329541442485,0.47250703827561513,-0.3204958945807964,0.040228314644878464,0.05325512462093575,0.055515544522136445,0.001934515018906624,-0.622406540153089,-1.3219594068058198,-0.29606860450900574,1.0195591664243593,0.20356758463180247,0.29051166501708947,-1.5175412254652803,-0.05068280925690909,1.1169122745720155,0.5086811526743992,0.8162996903412175,0.05277505868714005,-0.1310985640621702,0.6966279030990803,0.5583347998671203,-1.4587797476731281,-0.3394630013171111,0.6906118104336163,-0.6092726188140749,-0.6371556289744331,1.1372153849730697,-0.8942760838284252,2.496724365618317,1.6126515095268958,-1.7848535819475733,-0.22678166732916033,2.2829078244095853,1.2817284817217407,2.2644156114112906,-1.0835368113169117,-0.2370259775507786,-0.32708310398717394,-0.416816510766158,-1.599810760092752,-0.28375442143447127,-0.10024844011680611,-0.12642186100071603,0.6675477181703245,-0.7836718415447405,0.9282190733735355,-0.7739906865222715,0.978718953933033,-0.8203292201144795,0.5685889019411492,-0.7558021745573885,-0.47063452113865556,-0.8464946763462456,0.38023528447707655,-1.5137908758184218,0.325827113236634,-0.860638829407044,0.6063818110998905,2.1029958008408083,-0.7932862697837082,1.804254461666788,1.3545680712198016,-1.0648992927425192,-2.039176717223816,0.07439732017080068,-0.9595169934198433,0.3399442773234326,1.3063383863648281,-0.7510477191003275,0.590584776403958,-0.020740292443926445,0.6068035884467137,0.37542353491601543,0.2684604791551935,2.282879203602025,-0.1903888387030312,0.13642062380657433,0.1779668870120314,0.15119592297428053,0.4929951148435921,-0.18378059184134238,-0.08800734235097464,0.3708646362871171,0.35817355411146357,-0.6562022098497591,0.8730625790606628,1.3723982095039724
-2.68785346188758e-16,-0.2384107895316001,-1.6767811411805134,2.85601777733697,-0.2900361487324713,0.5306809366195614,0.25070538442203105,-1.9913222692736674,0.15861368876503906,0.8793180034079682,0.3608193980202785,-2.505931949899718,0.23542358611853142,0.19922143309110574,-1.1143170219653402,0.11308292513902524,1.196164385758204,2.4446594888324285,-0.18071362491304702,-1.036591091881117,-0.37766702827252013,-1.1633137736804935,0.26560396719147894,-0.35806988540140855,1.202242065252374,0.5090604377477342,-0.38328354619407207,-0.34572095538830494,-0.03999367203306137,-0.6518338588454928,-2.169196154263257,-0.36015356521430003,-0.9995814486309302,-0.3959178239720311,-0.7907397949634362,1.1786150213542148,-0.007501457209803941,0.09509833292253644,-3.461090299306573,0.2381749851620112,-1.3413630638284018,-1.0617732234009332,-0.6427665689978379,0.6023010113417365,0.6848040307926287,0.5734081551047667,-1.1634476237913387,-2.282099432370913,1.2462807437138284,-1.2667893182107064,-1.2490367062435834,1.0562654837931362,-0.256309432902623,1.499773587892908,0.7196562490952196,0.6421163407336796,-0.7289776965390047,1.3594143572465764,1.1461427737711736,-1.976297195513881,-1.6454360728311588,-0.24186276900189507,-1.233765180692826,-0.5462610895565756,-0.5634472625734032,-1.2937465158019972,-1.3349340431160657,0.2519232086698691,-0.6347442276966658,-1.6329700742511721,-0.0835580040844816,-0.592865620024366,-3.0000689570893746,0.09266356175955759,-0.2851731580578918,0.37580696964429106,0.8920042642443121,0.5552638635080481,0.21433087780143617,0.7395468421588804,-1.7794778772488757,0.022412179220336927,-0.623603731965714,0.8557790505002774,0.0408233917390248,-0.13805257563020581,0.473877507088777,0.17005075089844898,-0.6517164404668627,-0.7047405310898522,-1.0478790631118742,-0.7105265671879597,0.4608169963605123,-0.3810996329810184
-2.68785346188758e-16,-1.2743553743977616,-1.3099021998902585,-1.3523661283312798,-0.14020820437810766,-0.7625451162419572,-0.20745842918441376,-0.6211862211051647,1.8365076867261745,0.564736624874424,0.3097561601171308,-0.04266940428632171,-2.6019955628076405,0.7452657107908465,0.4678876147830898,-1.1298894943059457,1.7154244450723637,1.6304826818519353,-0.01285336639558296,0.23619748964622544,-0.3323673228886385,0.17746120488709205,0.6669029918838811,0.9097416761904471,0.6508952713864189,0.8510018752278101,0.46784386197261707,0.7352071595808668,-1.4766111177338064,-1.853326445598778,2.3376847251086277,-0.6970173823400234,-0.4326946311638322,0.188523946326196,-0.6032560316701913,-3.265027435040356,1.431383319909443,0.5510566502214459,-0.2707649805933622,0.6013807893014498,0.46364394809035725,0.8306291238162452,-0.5035567417316791,-0.780101757359523,1.8871049259204749,1.4425844775210002,-2.635910750615795,-0.2851317329355434,0.16421060932331186,-0.24457618250770383,-0.9769229364103396,1.1903210175048202,0.08189650258829366,-0.2533800778304708,-0.45531149004162047,1.2614872416901077,0.10845997032729511,1.804828009096476,2.5794960327621386,1.8010804918316121,0.2590149377082862,-0.9831019874330523,1.8864159879908178,2.335549792434579,-1.8464535319947801,0.24645828426292854,-2.6548082821970693,-0.240227638212799,-1.0199226815842066,-0.504846253480627,0.17523029699531525,-1.3385974334765094,-1.2490286884229027,0.2352322841413127,-0.21349093798051166,0.8453591660943514,0.45462248794041593,0.6252282418774107,0.5744351993395691,-0.829237564255454,0.250624209147735,0.5432166115242951,-0.04805942961972341,2.3972900001050403,-0.19693430350916474,-0.21434052659473482,1.1490927210461606,1.0792012394576525,0.03879948795714444,0.3004005119759454,-0.1370181162748948,0.5619117925760514,-0.04269667649188558,-0.5970890740363954
-2.68785346188758e-16,0.9384215339745967,-2.1110330016446177,1.0725273887041975,-0.8863097803133304,1.4766063207478357,-0.12025697448587272,-0.06968077691105234,-0.8629535257668504,-0.29798475991923606,0.27008051283399276,-1.5769926830061194,1.2325913127494554,-0.13791691162389424,-1.231028368047042,0.6259489668536169,-0.2136051741031635,-1.7668355640159124,-0.5612078601248758,0.9051856556573042,0.10550572744042176,-0.2183726002280859,0.44392090387678373,-0.7293009322712846,0.7177912097125093,0.6260604777463314,2.439753503569464,-1.1828775572349164,0.30671138951648513,0.5080643418710415,-0.0316157212470326,0.002949711144980771,-0.5595217286546503,0.03012369060763831,1.6473024093017974,-0.2504927332322025,2.2798794652027263,2.1553777050010376,-0.1478980161772245,-0.5145931674234366,0.883112976683632,1.82628720135,3.9329521095649866,3.824315005531642,0.3998525460414702,-1.0343702382669562,-0.11601479155017917,0.1250713263779064,-0.7412873754640925,-0.5183284360507803,-1.0168031983076906,0.15804754491887776,0.1658196203304067,0.43093499062222446,-0.5699442808887247,-1.9034011111036837,1.2460619760970033,1.3624849964124657,-2.136964182318298,0.7823324273352192,-0.6519725383105683,0.6051280598968973,2.002481065726851,0.7004709636103775,0.27297097715510876,-5.211645102204135,1.1674592343025803,-1.4087402455614992,2.6562110347941026,-0.452485151074765,1.0283223726617265,1.3121327713438227,1.2163470795996945,-0.7231901112891858,-0.7723767410074306,1.4128951826773521,1.2329563568219002,2.5226642114063393,1.1353818013591659,-3.619839150646009,-1.163016618447412,-2.900093768867286,-0.10069495322907376,3.3950154263261587,1.3039571574740263,0.3873470222717268,2.8877628416064507,-0.751419248346931,-0.37287182856194645,1.0811465447768396,-1.463094110398452,0.6018514916432999,-2.0638549518885454,-1.1704850094500008
-2.68785346188758e-16,0.3582980571578237,0.32346343091976265,0.30000096535479764,1.4055608596012197,1.5180309711304674,0.8662775568367355,-0.879093184517723,0.7510510261870058,-0.4984103830503784,-0.4562648844911083,-1.874180780982526,1.0048412511146825,-0.286788510845281,-0.07199598439543112,0.7523816456426687,0.485925748176009,1.5868082299776118,0.11730363083777115,0.11541458496622028,0.5921569066203515,0.1556565639278491,-1.1752947018972875,-0.3295357950037724,0.007708743449564494,-1.4027531041546637,1.6776260750188776,1.305568868738022,-0.3714097129272895,0.7526499729053866,-0.5522209267147319,0.9379179934679245,0.6835695287582579,-0.3577709362155943,1.1029303377130844,0.22345863781282108,-0.8292829469853336,-0.2030378640579616,0.6592934088607634,0.9045563821394405,-0.14080067422459572,-0.3575233951540936,-0.31127452291063934,0.18123690093346892,-0.8225900526070583,-0.41896424290589096,0.7610939926432687,-1.0243077862800904,0.9237799372960269,-0.47459544017985994,-0.310108964878674,-1.1994655212675855,-0.4945856737218566,0.16323131762423018,0.6371219976205699,0.4487238787507795,-2.2904715356510774,-0.34595502245137755,-1.341812589188695,0.010997239825752944,0.18631706482237287,0.8862820496927984,0.07672890866254517,-0.8710435909418942,-1.1001054558984125,0.43101821873747515,-0.06962819789987607,-0.7441183382273671,-0.007283184688389621,1.842236194538503,0.22242085542090834,0.06625541205536928,-1.5262945308891762,-1.8883356721651414,0.2527787503149998,-0.670959484033649,0.06979548156952413,-1.087393436417015,0.03424216344416081,-0.936006104179618,0.36904715648972686,1.1534700214429616,0.11949652942928692,-2.4985016062682934,0.7255085910368586,-0.2714532195737131,1.0272048386138914,0.16865863921862922,0.555930898591015,0.8702769755945479,0.9387101517759162,-1.0367978430220959,-0.022373951174312512,-1.2159800433734542
-2.68785346188758e-16,-0.2966818571170069,-2.2726128877508462,1.911242249677442,-1.6168243172805474,0.3480124920397713,-0.6975403246908285,0.4888734623228684,-0.8179489942075995,-0.6747446621183235,-0.868084008812628,-0.28067799035881724,-1.808557838220335,-0.8748196337542875,-1.1290532656624384,-0.4351237500196214,1.0637018830946399,0.021172202095795956,2.1873145175619184,1.0850066945936354,-0.028534370187983677,0.3257335446381902,1.7036783622176315,1.120179200352373,0.9655328372118498,1.0616732746212587,0.5093931734399972,-0.36296487849304293,-2.200237426728192,-0.9324948784633524,-0.6286203699573714,-1.9860137978091694,-0.49969664317579093,1.3579842153728912,-2.434234693206468,0.9565992208208647,1.133189055063878,0.5551706435737161,-1.6918063824579805,-1.0433370322129116,1.2366068028417707,0.3755735727478583,0.8336743942242528,-0.007512240686305849,1.7569470571260304,0.18732883275329637,0.007005779491251247,0.5442556778521181,1.4892966271965742,-0.3298095162371809,-0.08474973962543281,-0.030583830177486893,0.26241719653834966,0.4530436899661795,-1.5531026985009813,-2.1790667562476713,0.06613622413542539,-1.2955796307467884,0.03344658998361161,-1.5527883992674294,-0.13999931937538912,-0.10831657599325129,2.362210424732732,-1.6678826029545952,-1.3294205631380978,1.37447076334874,-1.4090220758763567,0.29272885692206985,-0.7378673449307654,0.5052589845667049,-0.7375099484640056,-2.2565336542930177,0.08565728727705468,-1.2302026291045296,0.35940313984584116,-1.1578703933072485,0.37017624516359526,0.8280014262062471,0.1107453093518832,-0.07659026323690038,0.5014306480942055,2.8362856571674144,0.5541106593246962,1.381848147171346,0.8763018084256302,-0.3066802801301034,0.29179270267900564,-0.055770705428096,-0.06048799962798568,1.4663316226262455,-0.4230578410841689,0.9490905576805821,-0.12997985648023305,1.2475546884756812
-2.68785346188758e-16,-0.13348293461257466,-1.2385095733295686,1.2382233256831736,0.6633040654822966,1.9084221782198914,-0.5549534411883152,1.8912077801468352,-0.8720402805937797,-0.004588122974877531,-0.10613647089473417,-0.7658668197214296,-0.8619660819360057,-0.22613529323488085,0.6306871641814552,0.5758081419163601,0.6802517523933422,1.1484248644419066,-0.48700622719755815,0.08781023655072207,0.21692280611336054,1.1616953141717494,-1.5346100104257956,-0.7702334468159217,0.09020807495270641,0.4815485522200564,0.5668038388351818,-0.286671013760943,-1.6924783189371257,-1.6314525924632457,-2.5802350518491437,1.572124250302919,-0.6887551741124286,-2.485089080326338,0.7314634575279457,-0.6528928947091941,-0.55804409377933,0.724411046223601,-0.561690064239326,-1.0551519638002502,-0.5210121483536465,1.9827077640661692,0.8609819000680081,1.1426469270201118,0.32959715502962117,0.2698729542253767,0.49351194063203985,0.4834964989294577,-0.7421536456975673,-0.4762302135145792,0.6023809311294732,0.5685898845823653,1.5482867226570336,0.8078413323036244,1.3469374638781477,-1.8928692592631458,0.9268047344249525,-1.8172702589694287,-0.7062958095283949,-1.5887730319881235,-0.7958305100958067,-0.15265558791618467,-0.2088328769614573,-1.278136109711501,-0.028063719398695897,-1.0023554547503626,-0.4563400643522325,0.7066592359011928,-0.38536206098265086,0.7133638537768137,0.581185269005184,-1.0335986225888876,-0.7456517955670288,-0.32609413157101885,0.19074909640045612,0.36652710064240895,-1.7852613158397366,-0.7126501064753756,0.9158560580039856,1.1319511161991782,-1.1605222262247108,0.6153425329550627,0.3537378915169967,1.6578376083087805,-0.3801141821513432,-0.4040330729934695,-0.6901672241684729,-0.18125907024158883,0.9096154789099788,-0.9597792198365043,-1.2439563830421978,-0.5767692314796393,-0.5602219394103393,1.3128134514393413
-2.68785346188758e-16,0.19905082297495727,1.1075157242292137,-1.1451789300791628,-0.29215790770062067,-1.2796666060935364,-0.24618934899497155,-0.8133020043298891,-0.25706882703809575,-0.24577036003496808,0.3598658960675699,0.4911691646817695,1.3096806517884565,-1.3841849463888667,-1.0605420238782948,0.49014250997363545,-0.13638269906248576,-1.6669261941672575,-0.11671714470707739,0.25565865043020386,0.40170721240451496,-1.1724999124769835,-0.5741061259273847,0.47956435255106,-0.06860842850111931,0.46142254669477556,-1.7368427679152116,0.9552504906429705,1.0057685864841839,3.6088492934560295,2.3820522635400985,-0.3892882778517162,1.1575937173672632,1.479384187991829,0.48684605763104877,1.624437950516399,1.0899068890843382,-1.1470122638263576,1.5939225420572796,0.5157141659874248,-0.2467410849189543,-0.7267073579176079,-0.047084972679182546,-2.314851033920188,-1.782466584367711,0.03703240686375098,-0.3540679037420077,-1.3817384965481962,0.8855762387917425,0.5398458037931779,0.04888952417181569,1.732215472324416,-1.2251943741052862,1.089006586400031,0.35452941475335453,-1.684000538827319,-0.36033792678048154,-1.9029683897386054,1.1766044879134852,-1.6977827246015242,2.3919218225245773,-3.0110096310493923,-0.0056176404758656595,-2.3522467084253793,1.3524657037401235,-1.5871326581595455,0.18012113083986125,0.9614671904862527,0.14830423367822815,-0.45364645529705805,-0.6775999144855079,1.111591201713249,-0.32427123067471664,0.1361055091686278,-0.2858237422122163,-0.6979887883657501,1.726519438767533,0.7609131284474644,1.4463025567231813,0.6760741904202765,-1.2204033116519448,0.1504419680204565,-0.060928775965453055,-0.07926691304322697,0.5750353840562312,0.04939747923477977,-0.8720266677763687,0.3193827175676865,0.17733281361090908,-1.0699464159304646,0.14699881719008373,0.1501293831253649,1.3884030038878443,0.1968104040427826
-2.68785346188758e-16,0.3839630601432591,0.33094292934093034,0.5322262028845953,1.7899533740970632,-0.5547314459596095,0.05564100426135434,0.9216935232731209,1.7254311612963436,0.65136480807198,-0.029143463993289015,2.205556510734751,-0.03644126860050995,1.3028894246751894,1.506644464449455,-2.054748525379354,0.06670675779135843,0.3497173167217627,1.3243595406632696,0.6495146696355936,0.16103010200512516,1.17026008842795,0.9249926949068632,0.8253552440195826,-0.5665366631631706,0.7423637557832864,0.9214722322091753,-0.9260203157966083,0.82883009958004,0.8840822227357747,-0.6308670627826054,0.27770601108261717,0.17365717172105255,0.5029239554724917,1.1233454023107772,-0.5890601206801948,-0.5710767388718463,2.353677719491719,-0.18348401723386595,0.4957713171141417,-0.4337059341482984,1.8587916846233012,0.6238466722984887,0.9147791548346442,0.32060098658934644,0.7969985889066371,0.41926921775404163,-0.7374565454045809,-1.3518303736481718,0.9187424244341875,0.16875884899273857,-0.6475975899245265,0.7944924635466545,-0.29929750638856667,-0.30300591075755495,-0.18403244574317434,-1.6124961799650572,-1.397569070279129,-0.45930679625904625,0.3038497835090742,-1.2172165483897532,0.23447585916183272,0.22422570419444018,-1.389392522216552,-0.9986705533400932,-0.9645876179818045,-1.0568643079390656,0.773494977696784,0.7523766560666243,-0.6739354504630746,0.18216091910915402,-0.785725738483611,-1.587668590723796,-1.3339448606892872,0.22944244141980327,-0.7522602578784701,-2.715655345714447,0.5935325553507513,1.338758565252134,-1.034526726057463,0.1777501528643285,0.31084051943265156,1.1280151905171922,0.540977039182535,0.0872173385602264,0.4853876120713087,0.5433062484894932,-0.1288707040190311,0.11182033775279392,-0.053184892134517985,0.6126864540515151,-1.0850781750870628,0.9994074903602806,0.09676834728731382
-2.68785346188758e-16,0.10638494937984153,-1.6940441883261328,-0.14711116804099944,-0.3270827062543325,0.29293319339444246,1.8789838747521757,0.8993689919913259,-2.321984754325217,-0.25495823152403513,-0.5778570777940943,1.1241453789644937,0.5176698708542197,-0.32515525198380235,-1.5789503216053038,-1.0364842014792877,0.5780541494824105,-0.47840904886996,0.11470093230032918,0.1519360581824447,0.924099734460188,-0.10401589338174257,1.0315181026849878,-0.31223943285288525,0.6136215362730963,1.749230655077985,1.421990698320097,0.17176910671930296,-0.34017763177097826,1.046085141001892,0.4588499901880434,-0.4866946326068562,-1.3851351028253616,0.3461537362387004,-1.3440038310150078,-1.84773889533185,0.7207949656517871,-0.5112090623978264,0.4172477775627074,-0.07282456197845161,0.2663241646389729,1.1015648649619703,0.9642925444511532,1.0327267457350513,1.3114030648486619,0.8545232601294697,-0.2659305897328542,0.5037127543967521,-0.5979202629530692,0.4748144909242264,-2.968613891662222,0.37174576059671754,-0.5866611820768071,-0.7737025243656985,0.30323012356771545,0.517504220730922,1.158750361443457,-0.36033852889376977,-2.4530816256383785,-1.924757220434539,0.17517842901228242,-0.7471063583171507,1.0118486674608775,-0.9591323784819117,1.118713274855204,0.8128286156516888,-1.162228853600678,0.6725202795835309,1.3912202903935964,0.36374547978027544,-1.3868596931469486,-1.1758620206767372,-1.4694406053136375,-0.7177095941271705,0.5724358155176171,0.44365639672710033,2.746288142031042,-0.8350632536159579,-0.17356471531369944,-0.012453258168627412,0.2679331308978878,0.6931369740997935,0.7455468837767949,1.2296337773338126,-0.26257318677849917,-0.5608842814449807,0.7216957580339718,0.313812627884188,-1.0496218195611673,0.10941635379797153,-0.8667958060180542,1.7324813995543713,0.2840256092615935,0.9909536715813976
-2.68785346188758e-16,0.7158246869441501,-1.6658478911133343,1.3933926582034426,-0.2365432079440274,-1.7072808471003162,0.4841012697525425,-1.1705933644878859,-1.6199224923227513,-1.321719617963674,-0.3796709436265318,-0.18814438976328643,0.13050986607213183,0.03286819049375525,-1.4896546045936714,-0.6364633229303441,0.3115520088832374,0.4512174515615375,-0.3070661947991679,1.1138420722732034,0.2906256091759842,0.47819624539079464,0.8999053741641668,0.7195188713668829,0.39955963297917907,0.20724864936202747,-0.2535850008774897,0.3799770623717466,-1.8545513810654528,-0.34047799045757765,0.004207409250139071,1.1937585357818572,-0.26206654866546003,-1.8970279602656146,-0.7991022720519302,-0.8925067134327108,1.483032102148493,0.12644722786278279,0.46856139132640107,-1.3947008568699641,0.3219190037706335,-0.21072030644217735,-0.12500901787207602,-1.0158632566255252,-1.97413062714234,-2.136211476996289,-0.8606286395834726,-0.12540405869335436,1.3099903073791768,-1.7808979718411526,-1.617661207475439,1.2222249035857633,-0.1355727001311644,-0.602914723155977,-0.6553511538378956,0.178700766627725,-0.8173108876181512,-0.7260076995001618,-0.6086825695055769,-0.7136926385034941,1.2530943005556632,-0.34495385141449436,-0.7355312649948131,-0.3777499578150619,1.5197062809036466,1.3552814121523407,-0.8947795337816409,-1.896660256449503,-0.1964079532157496,-1.0324290872873472,0.8963772416484541,1.0307528120674192,0.07473789142056425,0.13298628010768265,0.3545748966948694,1.5983371293046047,-0.9912387890171441,-0.06627844154376528,0.6622804863876969,0.20483689587520837,-0.42166230120843773,0.37287873764726287,0.28124618730813095,0.8772890937382163,-1.8816860144621255,0.2163963879069269,-1.0752375090776285,-0.818349836852138,1.027682896765161,-0.7820961758207978,0.7678070460528874,0.7792162656758247,3.453894410732537,0.32720499266337294
-2.68785346188758e-16,-0.33469740574502804,-1.3474869191244938,1.0699708359385351,-0.38024415400459655,-1.226395214642955,-1.2426920098345264,0.049256076005358806,0.008835936906464642,-0.41833748981063507,-0.3166706374767431,-0.796192885151951,-0.09363322356104598,1.1505642096248923,0.43169824827902836,0.03356889103713637,0.7832781332527716,0.7739905814999648,0.9737045637919995,0.8347488996877198,0.6779835034025677,1.243645740626699,0.34930982356253915,0.11641826863030665,1.2716675816093195,-0.07473313060892861,1.073166050510743,-0.03459188709213646,0.7735757581883858,-0.8185004370497514,-1.7019897291098087,-0.4698348325562063,0.014146261720953679,-0.6607346121601252,0.830887895526462,-1.8189675977187463,-0.03975658855395725,-3.875552018372107,-0.7740649079996891,0.6467375577472666,0.12051575845553686,0.3159257751001565,-0.43389590807690975,-2.1319200171345694,0.5463396661286881,-0.1490009301558767,-1.0162430286509097,-1.8295416285572361,0.9568680661306793,1.4010619168285547,1.3842623254195878,0.7213594718114951,-0.3337436001066765,-0.5578104201456267,-0.5267881535529082,0.4760673657132579,-0.5027600978071721,-0.9166926841667766,1.8096274107590327,1.8387414634741397,0.4647407457491992,-2.1935368749246202,1.1090565760238564,1.9993150190886197,-1.0064993982871053,0.008332032471449508,-2.40139126077736,-1.2419138626131512,-1.8824400951723417,-0.5807531502900715,0.9017960160381447,0.009229178737957228,-0.7965411923041392,1.1033111919022103,-1.6757884161914807,1.9385141225365659,1.2214672313222483,1.1407702766034988,-0.25774951715253724,-2.935085667970884,0.7643458055640472,-1.6528983998117217,-0.15230816323245142,0.5910814561932936,-1.5977948758559886,0.3481957139229853,1.5192392907054226,0.4976877048880222,-0.4204156720074036,0.044541207410786265,-0.6551009516317393,0.7819723685385563,-1.2047376037892832,-0.9640108367197531
-2.68785346188758e-16,0.384143102317743,-2.2752778278581762,-0.5874443826328454,-1.4211625978834552,0.6074832315560026,0.29327089308305476,1.4308370243688082,2.07794581566237,0.49103015697484964,-0.7064191644330807,-2.6892162339343635,0.6972961327678862,1.0239318782958398,-1.5735674143749252,0.26892445838568413,0.1898022498103981,-0.7675760774153962,-0.8263809205128804,0.31133586805588126,-0.560245653015676,1.18609857571702,-0.5352159266866741,0.9458073046181442,0.9021517799899843,0.7662974230361999,1.6763685495824356,-0.29496088523329633,1.2162170390046554,-2.0547475060488085,-0.14132051841894622,0.2171998046589702,-0.15119264790570636,-1.8373477355375196,-1.1411886744406736,-0.8463974057099684,-0.7014460779921405,-3.1911675253374865,-0.6409069473689238,1.3126906544183687,0.46176099199525594,0.5641727347652843,-0.34375676110001,-2.302867601122119,3.3689324648619277,0.8953036535588461,-0.6689658161941112,-0.5690431302376687,-1.2258635380352467,-0.29457103012917896,1.3751624052381508,2.340915614643671,-1.8504695826798718,1.1285446461613877,0.6518821367384908,1.0313950119903272,-0.7201718098091116,0.33169195861040224,2.504256757207403,2.223921436319349,1.101700161712181,-3.3567970614923404,0.05893723999061346,1.3174082187732779,0.8478210233128539,0.1883359633197631,-2.0113230751724904,-1.254804195057178,-0.1702028151594296,0.11060706347242182,1.4851722898039126,0.4071761947134078,0.006728815038186786,1.0169447095546222,0.2808018724323433,2.992240566845849,2.885904433824832,1.2096669727137948,-0.00963441862397224,1.6311774902918417,1.3530182553581955,-1.5283899471498847,0.25484178547349057,0.4857069572527585,0.3820964136607926,0.07944470941710419,1.40977054947719,-0.9958356245065964,-1.016708297008554,1.484071926939866,-0.015702529290858636,0.7467740822480308,-0.6532514354702451,-0.9000887320968363
-2.68785346188758e-16,-0.29351457898595057,-0.25528023255583626,0.7675004002899526,-0.2263985863066675,-0.5019534308146586,1.2340407147656756,3.921778493567886,-0.18717044258066068,0.6744924031347942,-0.4410913053848683,0.8514243952632785,1.1676781678783708,-1.266931192350143,-1.2791734126805738,1.0378410099470334,-0.43364823471630654,-1.0065561375296757,0.04694358013295946,0.5351158692135466,0.5888973771966657,0.29282133226876017,0.4296342607293753,-1.8027374142757675,0.6362763870745634,0.10698690156894294,1.0311664044747053,-0.027872508808726548,-0.9398291849282949,-0.5037168748581222,0.9987719261496939,0.5061353350847311,-0.07475546916075768,2.385030834272756,-0.41653363462372667,0.1984446324451613,2.8443084495465873,-0.35568132487040166,-0.01598010484948005,-0.7763862335169354,-0.35570232363359405,2.339708660470907,1.4094663426109204,2.9081682118005077,-0.6650497807429754,1.394478254038133,0.2854476509863134,1.1343045742770506,-0.4912627536097053,0.5976948370427648,-0.40464265245737074,-0.14661246656109944,0.05651271284391743,0.006930145742656272,-0.057764335992714785,0.3098666519023695,2.586808711221401,-1.0789033479046621,-1.2531567285284537,1.4151682967079648,0.08831586485941134,0.7603794719395769,-1.4271674078817989,-1.3376576973375394,1.4421216745505845,-0.7289665509194101,0.06858785616046906,1.420254839573028,2.242463297254957,0.4453543407985639,-0.9972221631110942,-0.5789520598084127,0.5251440417102248,-0.5180815314260279,-0.6074172103268872,2.718163404648945,-0.12477119972325557,1.6198026676054638,-0.18026824948219478,1.278432856747213,-0.47971227449151466,1.754217419079093,0.43733257914497997,0.23171352979409043,1.3271484747691167,0.5108156437485737,-0.06320236364364368,-0.2979592296490797,-0.4515302407911804,-0.07797442091712681,-1.2879325403325474,0.0638672944938955,0.7507237856277936,1.2017300333807357
-2.68785346188758e-16,1.0560720409422093,0.6760361846791332,0.10900829403313089,0.5504916960864721,-1.4939662276237609,1.0646659548348392,0.9556598753405606,0.7912421032335234,-0.39341528505428885,-0.31961593837354635,-0.9966529958958269,0.6008740690877791,-0.7031828146527047,-0.9286303123166186,0.33542482583447686,-0.3557930248214726,-0.034866556791276815,0.4997982331542859,-1.2333710569508811,-0.6130372464198076,0.6614548741747324,0.38949575549710813,-0.8542483816233292,0.04159727560935462,-0.9939194114483753,-0.02700746831191897,-0.6406618536460629,0.21371662818819454,0.15296486249978436,2.347843031070095,-1.121997809645845,0.7970677135045598,2.3575490887582484,1.2978812899079757,0.5541447331759093,1.1597905376341557,-1.504050199050739,-0.5876059894198147,-0.9821584417129744,1.6749029242424933,1.5606247435314866,0.6810577486314381,1.8081230888768285,0.8293812628237925,-0.40845259843344806,-0.20940158043741286,1.4225715534757912,-0.9525982794850114,-0.2474888833973206,1.5858436393178523,-0.8794277980671719,-1.041022808364627,-0.14188536117498102,-0.44504811977349257,-1.0341891057644679,-1.0422367388864946,-1.1891610578420775,-0.055761525272976176,-0.4365469715338839,0.8259299406870796,-1.709744711182103,-0.8547819907602076,-1.0918570596235224,-0.08813276048170315,-0.9708692676543658,0.09198996507768485,-1.4492692945933228,1.4748194049869967,-0.597046399510953,0.23428382903410777,1.3577589932027228,0.6504053153970006,-0.8290095054664913,1.6876562906962627,0.3365806677907837,0.24722760348611178,1.5348967963333184,0.9898924006353085,1.5503843549430574,0.44945162636051805,0.2589176782861161,0.1400546584020837,0.2417063371685042,-0.5235678540040023,0.19095673288333553,-0.4691575130475186,0.19381378283933864,-0.02447743011485118,-1.600125285414625,-0.2527503234910642,-0.2794483810666538,-1.2278191204016096,-1.159583552071136
-2.68785346188758e-16,0.36668485971996256,-0.6641195744982078,0.41249251761690026,-0.701223137417535,0.8278104748924551,0.22750417401778186,2.2615279672446453,-1.2028366651159335,-0.5864358824927268,0.6607899735164253,-0.21803924805945357,-0.25785597151423306,-0.2746332386436554,0.6909055536968476,-0.892890497424689,-0.36271282834581275,0.44752152017337377,0.865820251440017,0.021032666332140904,-0.5331585529370113,0.3484288695778876,0.7742264119012258,0.6720032648962296,1.5039840448306938,0.47587520103614245,0.8489465365098733,-0.4550531723665524,-0.7690963526488537,-1.8515518773899324,0.6356086088048188,-0.3321225702061407,-0.14382647241857668,-1.5788157473880644,0.5809728539930364,1.731763142620409,0.36466862788504734,0.3391540488258694,0.41805313688238,-0.26016830604102753,-0.3156530735342109,2.211153388000424,2.0498586756282924,1.5864113779581306,-0.06858853118553294,-0.03291769192947608,-0.4626360891865955,0.23801313115141015,-0.6996320679765591,-0.02526048952772401,-0.9746325350984006,0.13439251308631026,0.23849093296236284,-0.29590936887034835,-0.4033610286026246,0.5033798042666332,-0.987428976482602,0.48735946253614126,0.7793592171989986,0.921404927846899,-0.44430903429708246,0.8667104367121794,0.8660632968554295,0.21173244969617483,1.4288065621364177,-0.49076944292217506,-1.1700882262389434,1.7756973197138488,1.0386077656086172,0.2506460850395016,-0.52381619100591,-1.498503007239584,-0.21017635239923904,-1.1005904937547784,0.21217245970899748,-0.6163992449691549,1.140074235068067,1.5764181559887385,1.1658539770679832,2.623814778245853,-0.6307443472816254,1.6025627481566345,0.35585736658231043,0.6249248782293476,-0.1987367199698029,-0.10514036131731032,-0.6948231742803173,0.1708873931086354,-0.5116548593716044,-0.1405849547956857,-0.9384943947443924,0.7680662882636698,1.9010999399220467,1.5996741248656536
-2.68785346188758e-16,0.0026610668757672726,0.5836326240787129,-1.1256077792578794,0.7193632190264326,-1.3572640424742117,-1.2352852100975729,-1.6328551097380593,0.46171266838009406,-0.04207547533515476,0.6846345433209745,-0.4173434146254188,0.3142148208241545,0.1944064360360278,-0.9359363926335429,0.4966521601132954,-0.5692367318340403,-0.7136851101604273,-0.04392562093090857,-0.2362598757177134,0.8119172184937351,-2.0360534591984587,0.3651807993592185,1.161634185621219,-0.7413026390372889,-1.6459895873450998,-2.5920596908628424,-0.8181906210320254,0.5989546045544355,3.609209561459071,1.5287082976583273,0.6911973420620666,1.2379191832757959,2.2242123115053287,0.9460872818274555,0.6889316736953732,-0.717773612454062,1.2091619675424687,0.9625052662787392,0.39914454969807917,1.9897351459138828,0.5481083200466682,2.035628749845433,1.4012155563989006,-1.8409711687087102,-1.3737246023487286,-0.8236896859531486,1.5773296360652975,0.16113933495307492,0.658660101849273,-0.4379085357342762,1.274797130232948,-0.12249619120664654,0.11844548480684189,-0.6528522238117959,-0.6185994767863674,-0.9887776700869133,0.6612485376302395,-1.395505017216317,-0.26640682009600836,0.1911516664875766,0.09533766030923582,-0.9823452190854753,-0.7078248661544335,0.040877149743434926,-0.8953820196305949,1.385327523451226,1.8244719555630295,1.635483345517674,0.795660754403673,2.544986434229843,-0.391193392534001,1.4352760907467736,0.3549932778954589,-1.6419179742998888,-0.15791388949654606,-0.05784318948051431,-1.160480376069351,1.1734366894431936,-0.17133653265003154,-0.6456489475029282,0.09854911134296374,-0.5360386248043119,-0.4842472480909374,-1.1505041031505236,-0.02838507884752031,-1.6067445016026234,-0.6020561730517505,-1.0151355368795176,-1.2739087942963636,1.0352395067815483,-1.4974086472384869,0.22039748394380543,0.07804243973375966
-2.68785346188758e-16,0.1817555333807286,0.4219203897932319,-0.07839922950227324,0.9984218083071433,-0.13989646967646918,0.20522452268947525,-1.9683135275779675,1.8793639584862818,0.6709642634389773,-0.9526115098951138,1.8750560343432916,-0.8377521026897528,0.27481706743593237,-1.2820568578094678,0.5135083724469758,-0.2500659133577765,-0.07593887521331263,-1.1178265934675686,0.1734432836748926,-0.6676957201032527,0.9580004814125891,0.06876113321893212,0.5926371174826841,-0.7710747172777025,0.6944722653910648,1.3505476867026822,-0.5542875022463717,-0.9146189477670633,-0.28494816506485937,1.4156761920613181,2.5102307416761045,0.6911406821753336,-0.5077704664674488,1.9807377355074505,2.0541986180925202,0.5347434189717892,1.5740094618013365,2.6771416889272484,-0.12894476247949183,-0.19860425345879118,-0.31988345164872733,0.38956986271208843,-0.47954671882531197,0.16528416505547727,1.210075368348984,-0.6143728904350414,0.6402301451615069,0.6536038917201978,1.135192504342432,1.4469334207069267,-0.10039246570821314,0.841421686291026,0.23018885165135594,0.18350090473292663,0.6796110519265764,-1.0613627254241016,0.9356641729259629,2.310137214038807,0.8621967859234058,0.8168768761177201,1.3976606695269278,1.3213856153438144,1.5225120138377473,1.2717174753354972,-1.235934404048146,0.8622970621585853,1.1956449271101601,-0.7191078209224545,1.0588949489917134,1.9709291688248307,-0.5923161205934616,0.12826200266184962,-1.8644390141545606,0.11157038576361022,-1.492178752792113,-1.2425361555240677,-2.394910472847471,-2.0926088326760155,-0.045725255850739006,1.0567929851425286,-1.8377315467929436,-0.10199094267066997,-1.0014245443901415,-1.470817432004909,0.21454261817593415,-0.905908023113378,-0.2709285750436428,-0.3176649119163142,-0.16450898763124155,-0.13336269660388542,0.43233752607602716,-0.40688422463137597,-1.4090851511578721
-2.68785346188758e-16,-0.13636536393666,0.19941407651068999,-0.631898789763028,-0.26744740985072113,2.8110426247547506,-0.2564377313985024,0.10895520624201499,0.21738872410888888,1.0810452923078357,0.9448192881652404,1.6258676135253871,-0.6569463775095552,-0.9505655527252581,0.6814767296779447,0.6180003048993645,-0.7736066154137409,-0.4474935940370383,-0.5814421761576162,0.057866957240502226,0.020607187807715248,-0.5755844645091728,-0.4802027629458085,-0.8165058416309733,-0.5554802555135862,0.6231663832426468,-0.4077088030847559,-0.5966049943709982,-0.3503425174318885,1.4860932527689736,1.7289881491306998,0.09487153965299042,0.36618252756483055,1.0421971527662568,0.9032299029145421,-0.054053841964491006,-1.3058377707117126,-0.5942959933098579,-0.4295280367311872,-0.15506172080174763,1.240884748486595,2.3635258204289373,0.4999313397106832,-1.3724259444423408,-0.5141827702562587,-0.06992399823579065,-0.9955806117917265,0.5501415039159778,0.37785984009468765,-0.029380878444194833,0.5928485710349436,-0.05588438760509276,1.1676586196093526,-0.8782669395977549,0.8319891486772869,-0.5229554078273793,1.8084092226280275,-0.6606633696789743,-2.529534984841834,-0.5041945408354221,0.07304235498802725,-0.2878013753862258,0.5364053057392163,-0.04658943527855139,0.5368373325308984,1.51683307725845,0.8804610746595851,0.7469193823054328,0.14278339844685217,0.38439189169656757,-0.9870567838554891,0.18223036646041352,0.38759986419801823,0.8879049168778297,0.10517175835719852,-1.1296831575270632,-0.5549695140549898,-1.073578300562668,0.6280008845278473,0.02740374205209023,-1.3543015919775372,0.7191203998862958,-0.275078656138097,-1.4033350265386346,-0.10980778341972777,0.38430717642171747,-0.8850884458199062,-0.9236649437412181,1.0420295425768213,-1.1851213098793998,1.1145410452356788,0.2313409989165509,0.1907586621226342,2.2940985074575364
-2.68785346188758e-16,-0.03775112978784232,1.362372687970004,-1.9031872042654219,1.259323550572449,-3.9313101710581835,-1.6984040583519904,-0.17581045007458512,0.7505038597536587,0.8561995403429684,-0.02386533524619595,1.668350507279796,1.3259344365583825,-1.2812388577919038,0.8142590219507406,0.06920431410720664,-1.3546964725504949,-1.297545573586973,-1.1221481128129172,-2.4003154151221056,-0.39719746970342196,-0.5116837426791508,-1.6795631313419386,-0.2434726438103053,-2.122021175801384,-2.273435272297851,-1.761359628955517,-0.279517366163214,3.390574729119458,1.3959108279636117,-1.6199351304761038,-2.6648017631048058,-0.0760171240713986,0.14070880349847154,-0.6416508459785896,-2.656104416626517,-3.2233160847551887,-1.742875106113698,-0.09914281836502747,-0.714995097477504,0.7153556950783766,-1.9435386949488054,-1.4546606240581994,-1.094993288369091,1.2208903414958299,2.261203662291236,2.329481872147258,1.9892599383334268,0.5300308847598639,-0.20946242854218222,1.4256108288663767,-2.732050074041587,-0.25133536295362474,-0.12575680647885537,-1.3023003693489166,0.5143783395503123,-0.5169243597796257,0.2922407973137779,0.2138965294351318,0.908577666082652,-1.7000439283467976,0.8807072950114025,1.2835091906350133,0.42483125545286726,1.5920610375069268,0.9227637096182446,0.544374847899311,0.06824404692594288,-1.2309910971438405,-0.27819828557380133,1.0297564319117143,1.3992753423251814,0.5199493099632642,-2.100602329827659,0.051875290303413285,0.21628094428007705,-1.3575694310745257,-1.3867453958977092,-2.9589282458562263,-0.4565248148335428,0.8746078488898551,-0.7629846032701747,0.12388969368754747,-1.7444800768337303,-0.8341501798452341,-0.2763406862174662,0.6573666258896205,0.2785342865165776,-0.984257116862698,-0.08260719757642437,-0.09522212133904548,-0.5428525427636249,-0.35667595219400217,-1.9989565275136045
-2.68785346188758e-16,1.3889557365750098,0.32073384287582213,-0.5234763541924491,0.5200173271783872,-1.0727439800177823,0.49457605435827817,-1.9957695764123036,1.8230440333426627,-1.0606836195976492,0.7790271444215185,-1.0541266885066591,0.8870135794027254,0.16443790107643508,2.1089525856127924,-1.012033985179935,-0.37849807168359345,-0.10718762053529252,-1.4063751636642055,-1.4833618110853055,-0.3987850968769038,0.8014454812382004,-1.353420679628914,-0.281715650424365,-0.48957596981701057,-1.1244025905350594,1.1060932763907407,-1.1259292290409288,2.488924373985759,0.1978761740228625,1.6492593860080804,0.3855619260960638,0.7389216722583152,0.807485873429535,0.6758315386733811,0.8285175485022203,-1.120190107357786,0.2268898931770077,-0.09147708350971806,0.14420160183875094,1.0283289057407814,-1.4797463777968647,-1.9512669941543797,-2.6380892394314266,0.2965720353286615,-0.2694117149073247,1.8560559901965377,-0.7783040987704845,0.7243159301439537,-0.9869216399935832,2.4135871867034764,-2.0751173932666456,-0.2477892303833633,0.13189872570584432,0.6259168947157168,-0.8279326054041521,-0.1078201954686165,0.6177624148215377,-0.5972404655782192,1.648550495186245,-1.391264970250229,-0.9198034845596201,1.4816017002896973,1.8691093640076146,-1.1374975067720183,0.08133237996017639,-0.2250026564821138,0.417445032983843,0.26077626786574715,-0.35849233270365155,0.2041828456709684,1.4622491750827458,1.295006207226357,-0.015423408990299148,0.01023148952341493,0.07258171686117318,-0.8951344725437156,0.045426736658957606,-1.7691745017908385,-2.2306763671167467,2.7896473116233964,0.8046231014165511,0.8959121632714117,0.29544341871024415,-1.2848963124301216,-0.15967759218806174,0.39370927010517504,-0.18139456789738767,-0.13560089986396112,0.04919557542563853,-0.5080507748457759,0.06546656483165667,-0.995507146473545,-0.872070425607619
-2.68785346188758e-16,0.3946272731890658,2.1720674332144987,-0.9029219352719003,1.7942015476786528,-0.7308193102700833,-1.2366797524274578,0.010976245471253216,1.1626921963790804,0.01976211583996014,0.21279787953197085,1.1016466257883548,2.085462887507493,-0.34720751276499845,0.9531210507617163,-1.3427602575603914,-0.8721171695746688,-1.7999150158240331,-2.223375786261216,-1.7533961832427907,-0.22697891581019383,-0.8936242746568092,-2.2735817854426212,0.5302732586448925,-2.5567059710529314,-1.276725585964412,-0.6363297600184322,0.4332527854419367,1.6305211917146238,-0.47277698647998123,0.8998351967001175,-2.651463244916356,0.09847076653225978,0.26156516627226556,-0.9463003447772288,-1.3828999629095564,-2.4564652700523113,-0.2043077159792214,1.1286012836538655,-1.1745212126582731,-0.10762999050900307,-1.9094995457776087,-2.5976315089642625,-1.8951823328272328,2.437415324639691,0.5736464652677847,1.6930751991454507,2.005518137184214,0.6292176711529651,0.572402059829313,1.6728350848353586,-1.483582360666419,-0.16096856081652497,-0.19349703257727702,0.0063053339244867525,2.1188134202499063,0.5511223335986304,1.605753458748282,0.49464279383275955,0.7396296931703117,-2.73260163595878,0.7360175524056313,0.9929285655572077,1.324016157141953,-0.08466467260608322,0.1933000152366955,1.6328724232506069,-0.4532768622577932,-2.0563602214602033,0.47922531463440254,1.0554494984368947,1.0529559650965514,0.6131186972082925,-1.074118091309872,-0.01173184761807376,-0.3535837412069737,-1.4375040985595469,-0.7661947890874026,-3.734405746491685,0.9270456031006489,2.400482361691224,-1.3863037795203437,-0.6762653807169233,-1.047165132434763,-2.9550698796917185,0.04852905988527538,-0.26115318839701546,-0.3806154611610826,0.46851580451145314,1.059261036620871,0.7240680059820512,0.2834646808791014,-0.9344964248402856,-1.5969951081931493
-2.68785346188758e-16,0.3723498302679603,1.1166140793744672,-1.47000044315714,-0.3303772629746451,0.16064676365141425,0.28420020396267065,1.775189638811475,0.5118988202266759,-0.13570957409299167,0.14252286086029808,-1.4201185290441694,1.7833052771950573,-0.22526263750593922,2.551339528717512,0.20168224258415726,-0.9473706642315856,-1.0928034755357494,0.3611097524477034,-2.015802291990111,0.240663729476202,0.46146877550513066,-2.1971210347546695,0.324356660701697,-1.2531581441953734,-0.995944526404809,0.24625356704708,-0.3255301287540616,2.9207282679408464,0.38074469268433625,2.7191162904776807,-1.2361841017427264,0.995842690606952,-0.11846744684259047,0.2176816551230235,-0.36471824811158066,-1.6487210613613066,-1.1570924659027677,1.0898197186575989,-0.476294254896658,0.8928149431628659,0.40313148508754726,-0.2042563492552426,-1.0613597650483346,0.5004604728729455,0.5990537544968424,1.0269143520797592,3.122652333095706,0.8322237025918515,-0.9350234772282042,1.9995272116441825,0.2728250315956882,1.3636666278919278,-1.0029848322188335,0.7284573188562946,0.09508267752943061,-0.0702384630535137,-2.1886162867477097,-0.5096612756989094,-0.10160567215817534,0.10482831121684072,0.7242166621082301,-0.27410811019064013,0.6165411553972835,1.5572743311825001,1.6221212877300824,1.6859291952899367,1.6799691416457718,-0.14210629981539769,-0.03996608173710113,-0.4400467268923277,-0.19746578039774287,0.7562691322679489,-0.17943661147789897,-0.17447580513546032,-0.29203697382381866,-0.5340717690160919,0.1948281239204905,-1.0730669868767635,-0.19449491699998483,0.23720125987837393,0.28427681557488094,0.31479314034366435,-0.08178506836463617,0.23473876860683104,-0.34733407222047463,1.379145240652396,-0.26105872063083646,-1.3194476946996803,1.075492400765282,-0.09090046574160637,-2.0344127365851263,-0.6345500536137941,0.3591703206175553
-2.68785346188758e-16,-0.7029586555889941,1.5019645138495163,-1.5749309208773987,-1.2051170054224818,1.3913670192158567,0.5516943809639782,0.33053133820753056,1.8686387368138355,0.2802683008440557,-0.5598376097501552,1.7617744715614883,-0.36144320541559427,-0.41847715676689806,-0.09444745751011344,0.715998555856636,-1.5156291829470043,-1.0826314919726625,0.5505124288594219,-1.3833180440110118,-0.07425754759979133,-1.7428749638914764,-0.3637255120680057,0.4568956057508802,-1.0226827287071305,-0.6358911838209189,-1.0471870239323744,-0.2957742976271908,0.4752653486617813,1.6444876339779768,2.7645418019038335,-0.15064896060779098,1.730721411315721,1.6092834537320262,0.6428049292623761,-1.1081417247351406,-0.40847525045764194,-2.2441971786970756,0.8501536843550038,-0.7748619459924088,1.0953730067611798,0.8344837863419818,-0.31217097858449794,1.7765776025772038,-0.15300962900626836,1.5314857348739552,0.8980779924908323,1.2198056570410143,-0.7656597790648649,-0.2289680320076036,0.35804077114559674,-0.3190743954212754,0.36534028480516206,0.41259125539255,-0.08378822967668179,-0.3811642133351843,-0.0237718507511383,-0.8781210513744792,-2.192848168400001,-0.15853970841455395,0.18161975845187622,-1.16749872653631,1.9759151757710394,-1.7632914716200903,-0.8165258373498203,1.0548191162359426,0.3872048964616473,1.676245183209565,1.042990386275216,0.7788534257049813,-2.288482309157306,0.3696024729503629,1.0377461707618743,-0.5595610437509428,-0.6673846517124224,-0.8302377496324838,-1.9249194379879504,-1.1439186883091186,-1.7220600334512342,0.49941547950071363,-1.5858667146460628,-0.18847119471844254,0.011144157078216362,-0.6072362162912,0.9150642904660945,-0.30260504929874726,-0.8268875676658802,-0.24807502393295616,-0.935986986187175,-2.6993757457991414,0.8835133054150051,-1.786922122664901,-0.6284033633531736,-1.3319192205694306
-2.68785346188758e-16,-1.3791274775112983,0.3250701028700328,0.1315759574610938,0.9067644303130211,-2.3465378359383062,1.749029634107338,-1.7580663322580437,0.960464891426388,-0.3111514274488519,0.3422728861329919,0.2716313257551312,-0.1833761541245243,-0.05126784785674876,-3.5515110869717033,1.4515320561619294,0.32065999179431875,1.4723878221085256,1.3482058351158226,0.11569927578252259,-0.0773497503940227,0.008102798326741378,-0.547489630741831,-0.2709791928137302,-0.02621503539630743,-0.7775115691653849,-0.11170882842062788,-0.37157386986530827,0.576224673648204,-2.7087878811877286,-2.1455445823748587,0.8633224313733164,0.3538977751511417,-0.5355429301000759,1.5584129345938904,-0.7453058318264856,-0.716847440443372,0.7967873316667864,1.2295535123485255,-0.278604961255281,-1.1972959387542017,-0.7695351481906814,0.5565065294729257,1.0511429069792533,0.5903365138291636,0.40834378465331084,0.10054407166863116,-0.7668017677872391,-1.0008277874057812,-0.02858972085904204,-2.0683903179009886,0.5180385278051828,0.637166565846276,1.167086872620654,0.812884102953117,1.2291645184794715,-0.6667517687897195,1.1431486164210347,-0.6048529735967261,-1.8378374697333244,-0.9976840356820352,0.9948134803492377,0.6534858318290664,1.1471876707314181,0.15604939233484783,-0.7188435003891955,-0.9329604250811345,-0.19845476262120287,-0.6683513269843132,0.14647502455501762,-0.05299557268092031,0.983997964873498,0.11193827057068759,-1.0366652493243795,0.4814540395450769,0.6197544024344713,-0.09914708391271337,1.92772107614613,-0.2440929371914279,-1.4132806126081443,-0.4362577600773013,0.6130452218497334,-0.7277073498137946,0.3043515078704688,-0.7146441549572375,-0.06683232349205469,-0.22254531646745257,-0.14132423949315923,-0.10858629119426397,-0.0627994954592287,-1.6271695042804764,-0.2146690488261228,-0.9679514409921194,-1.3838218410302994
-2.68785346188758e-16,0.6040029118858992,1.4912816130412314,-1.584284268135552,-1.2348119706273222,-0.8137688425636069,-2.1500016366620147,1.0252447672717673,-0.3032745967327163,0.5144912538861073,-0.7539459916999875,2.5939351470825898,1.4735902067330344,-1.1154140271714068,2.0980548448182583,1.0918770921413987,-0.8320350690871385,-2.0276095481225527,-1.9159908503753673,-1.6620181138745547,0.13805906153201966,0.14432387701064442,-1.9604197896798916,0.7342523111777064,-1.3899380826354804,-3.1759841705295866,-1.551824589391411,0.16062736335358463,2.868514928485248,1.1717099826324713,1.309039815227523,-1.6393692079676407,-0.25502066815858365,2.594559451279461,-1.2686924416858114,-1.6451412450912022,-2.4755188193659237,-0.1961000136802411,-0.16001743942585056,-0.9155118051405561,1.6348534918958753,0.8872636550160768,-1.6335226322273637,-0.6422483447272886,-0.26380478550047776,1.1374409655703324,2.8205913926696864,1.7880851947629703,0.746823304188703,-0.4100850014508426,1.9427968957349047,-1.071644002943416,-0.5716698996091203,0.0772333804490645,0.5674342157035687,-1.6753312467820818,0.611112054001712,-0.2450659924681946,-1.6255721930631741,0.07438962746303455,1.28099283838241,-1.5003336788631656,1.7099722869464091,0.3320955109779229,2.7879344957036016,1.4143985179651761,-0.8827876326663455,1.3087222321332845,1.1634937349588284,0.16654615340934056,0.253747272539819,1.2834432438762275,2.169296084128969,-1.199773996424271,-0.19040668106503897,-1.0207543959067866,-1.1716518927715698,-0.46358063696696344,-0.9591831143613985,-1.8480901897340025,-0.696380266344921,-0.9529397654072235,-0.7095415610216448,0.23556364722878487,0.22520904856990098,0.5052988014090122,-1.756938449785248,-1.2912648368912236,-0.6588280825126835,-1.036878824245659,0.6193211852977126,-0.01837301072298292,-2.717468988572828,-0.49324391557135167
-2.68785346188758e-16,0.12139808530443447,-0.8530944094367257,1.7109153666235195,0.7465654661413039,-0.13729488429271486,-1.229543268348428,1.0312250744398967,0.5610264577558417,1.5371015534644707,-0.3152209475351424,-0.3133778522779014,-0.5003296094594252,0.06719196845749123,-1.4379337815959214,-0.7014288034013372,0.17031604012797041,-0.30176579527391334,1.8792361048053041,-0.3681568441624725,0.5795833880654532,0.05922852955932919,0.8535812754288916,-0.22449072393955008,0.8158237929293528,-0.6183260917769173,1.6746332419872667,-0.8826839546131645,-1.8622822393683185,0.5735845123594482,-1.1151526910159122,0.7228289169448051,0.45208880013598374,-0.2339814831376451,0.36152890372754326,-0.1564296471172711,1.2789866576938511,0.6182887285898523,0.9655283556496423,1.2956142876827574,-0.9047297302777382,-0.6838173496182796,-0.6731930071919641,1.7000144478853987,1.392746752022596,0.2709665374466879,0.3949636153328889,-2.0036040046100756,-1.6219279884171796,0.30908217010999267,-0.6353290283048811,-0.26592620777441756,-0.39088852934139284,-0.3195045736299193,0.72541199941989,-0.504064565356801,1.1064648681181537,1.6023043868150553,0.3811656338293585,1.1876994538054908,0.25118499384677007,1.6409301247032781,-2.8427795309568453,0.958604252210234,-1.6332400155332871,-0.7564088222221985,-1.2006828673998624,-0.6509905675765517,-1.106329954497901,-0.061692830359684675,-0.39883697517000316,-0.38904702805185604,-0.7550502871081409,-1.4530006419486692,-0.6244204159615003,-0.5666110978713951,0.8036310759905648,-0.3018295431086875,-0.6028562283626946,1.7270636755418067,0.021924470060199687,-0.280331442859202,0.34500871797124255,-1.4469210048578143,-0.37187743240400384,-0.1702063690288074,-1.1219108721817324,0.014014189620058574,-1.0111640485264526,1.1058763132307035,-1.8326049403168803,-0.1790989944302261,0.10968133296390437,-2.1539165390510786
-2.68785346188758e-16,-0.10009720962994625,1.6705472639201115,-1.6729636487450585,-1.2162112535002556,-1.1937542084570683,0.6844005165596705,3.22809265498892,0.4859527439455836,-0.5695659812886606,-0.8324872408617592,1.6814167217104483,2.4805008133220667,-1.9511757343078768,1.9764586919275682,0.5527834683120922,-0.6078348984481735,-0.9588627748900604,-2.492958846191182,-1.6453388615609412,0.6671548601151882,-0.8997282249181122,-1.5575077825914414,0.7513675858264076,-1.219121973451159,-1.3681475059942816,-0.5619708622758307,-0.4324134116962364,3.63031382487119,1.4786105674282268,2.658444477788419,-2.460382203120388,0.8742758414014813,1.9042618603907746,1.5049436297907681,1.1365589671442862,-1.0891044201922209,-0.6095389606756205,1.710758953120001,-0.7462057019920213,2.255184325369025,0.9980136856388663,-1.0672334144250104,-0.4844937335172985,1.0959413525903816,0.7942404638181187,2.6913846946845705,1.04418517024662,1.4466633074408148,0.15764772977985994,0.06666872060255569,-1.4927621951803538,-0.6141709934812548,-0.4377587389646402,0.04541219931140076,-1.4618037337956862,1.56807861187909,-1.6262879238408738,-0.055163946113906515,0.0249149623312081,0.6180814378858714,-1.346929522116791,1.0405980819235183,-0.3597295539900297,2.7235458568437743,3.1237536511090473,0.7236626131560571,1.196031403208023,1.3714228488700735,-0.31711573267979026,-0.21319210189462182,1.3281536105099194,1.1279758614484625,0.20234569347878495,0.6988565813760922,0.5726140017578425,0.26180990507709095,1.7869911678311872,-0.20960547455130318,-0.2164915394601617,-0.83189570442506,1.036053133141364,-0.2595320312333244,1.3779024942420268,0.07078747713414857,-0.3627584070381048,-0.420423334681544,-0.4168602875928577,-0.283338775990595,-0.24876763236977817,0.8393581258576708,-0.8128975490026439,-2.0086484124874895,0.42952209412939113
-2.68785346188758e-16,-0.1376612464157177,1.4040209465332059,-1.8989492563278958,-0.058115184017619365,0.976322436193832,-0.6167346537811901,0.2588848443216605,1.525369338941432,-0.4123524528770885,-0.8328071732435327,2.5226105895704265,1.4120752576922746,-1.8682524189434409,1.5991122871132117,-2.286215006223077,-1.1759133568706304,-1.6245098109152878,-0.7753728267851134,-3.1817371248992385,0.2931419924176555,-0.33574644814713905,-1.1868028252448308,-0.07464033746210678,-1.8152772030593725,-1.7917285185773346,-1.4101585479532366,0.11509478257090643,0.35180547558911424,0.7528441907585153,2.7936962251698745,2.0956549701751195,0.8254965779890469,-0.4010338454635979,1.4473018494771233,-2.320483538308756,-0.569093746901378,-1.5894389580766073,-0.6357226102561815,-0.7225018509956316,0.5350280835670692,0.7463560493348401,-0.804401944158649,-1.0486956922699497,0.3158169577525183,1.3456094039531399,2.5695194772747265,2.851896785113598,-0.6058463532651116,-0.8301629505676074,3.5265685248804406,-1.505840745879248,0.7670589980614585,-0.2932066032759017,1.0030372401582304,1.0476396371771257,1.1667707474916724,0.06330863074646861,-0.596487209020307,2.471962534165322,0.3554754391928191,0.20227870989374175,1.9777969034067389,-0.03929689051172769,1.1233572352577736,0.48122722495838344,-0.02254582792837434,0.5997735069694737,-1.5608372467541243,0.9151685736632925,1.0133607657772616,1.5755324557249943,0.024818440580442802,-1.0727897101280777,0.7411828832893235,-0.43823782810003964,-1.296567108085214,-1.4712660616254847,-2.6781218940519818,0.6525361342172507,0.2236011592693388,-0.6538517658770802,0.18051922268268092,-3.381031660606493,-1.3114389848304957,0.22167908281457582,-3.1370945807400332,0.6079097982052075,-0.7160752971162027,-0.23170628704256613,-0.6734385905252374,-1.8300342439104242,2.366016758108778,-1.1211495759584675
-2.68785346188758e-16,0.0787575332167717,0.7911849983589893,-1.5609197606431262,-2.1288738902031143,0.6577850696101701,0.5212818182858118,2.4942880084331702,0.20976415526815428,0.23800018475943222,-0.6684224139003058,0.43643741239386974,0.3073794461914931,-1.1450747222281563,0.08834435326549572,-0.2504472045821795,-0.3550688769425167,-1.2691611885926175,-0.14168398261706672,-0.04058596270740447,-0.23341955390448407,-0.411224468431005,0.03395026978992888,0.009846694432127268,0.7952781048420221,-1.1654823561509928,-2.495351629416351,-0.1745781359477465,1.4283184931106818,1.3649455785414,0.9550383445741011,-0.8837438961215509,0.75485376975664,1.7589504400290676,0.01747222906444834,0.12844780890553154,-0.524199373622974,-2.539700044914979,0.597993121586653,-0.15602629128207413,0.44415787555945485,0.5899647534213099,-0.16794646007018343,-0.40465194857402,-1.2667275748216684,0.1521028696265322,0.4073580831158937,1.0574613889252142,-0.8074960548707274,-0.806468411560347,-1.3746222231160317,1.6006967450165357,0.0807935123637488,-0.18511075762612106,0.7193554136144267,-1.186350972943253,0.19384766341761916,-0.5864717046777731,-0.6973729775209125,0.69489236406139,0.056372770817513324,-1.7971795316010064,0.6518807360878631,-1.8524518797497114,1.3669750005897092,2.400405460952557,1.372181400303479,0.34449559571734545,2.1596158765250553,-0.19890805418726656,0.002439641243703672,0.010970108346790797,0.6555278309203169,0.6252635566221997,-1.2620720958622755,-0.624031186001222,2.312655642572924,1.5395348655903676,0.4120636661979594,-1.573069687718962,-1.1515283833894658,0.5812004397456572,-0.48098728164433413,1.7465058236573794,-0.37408543534208477,0.182538327355089,-1.5103736475012814,-0.3382092399559501,0.3265466404168975,0.1574049646649397,-0.2043731347871945,1.1899049236710568,-2.1319871621275404,0.8998046988759751
-2.68785346188758e-16,-0.8509268834125366,1.70430383754762,-1.8001672167601361,-0.2614446100090922,-0.19156396528698358,-0.03139213333798547,1.621232612703982,2.0406537515423584,-0.7789924503237239,0.43405127686239564,1.7753332594243163,1.7111716793579488,-0.9553258116746401,1.7699422533656235,0.18519984604997058,-0.8275438587033273,-1.4279491380742082,-2.136888908572814,-0.8726125161461233,-0.9385913049584542,0.18156629462055773,-1.973013366667027,-0.5728722192000059,-1.9219376581471974,-1.8773062398434233,0.13645671340228005,-0.29364886097296455,0.7269550308143282,1.6863016994939115,0.40240673688840967,-1.927408038906047,0.8809162911566022,1.4041502601243467,2.2073892650559825,-1.2995537749619819,-3.5533311773054255,-2.2648692602951144,0.1513016597369044,-0.4384534538229877,0.22311639837408193,-1.6649542116399525,-0.24395154233139482,1.3468349712722871,0.6434269307618732,0.621465509924648,2.574331101749086,2.586178726685135,1.2738815791957516,0.44627705623322783,1.7169163614990268,-0.9284110064340743,-0.10213864390166251,0.0269559929611105,0.6353560157304076,1.4552094614613242,-1.6329397129088832,1.3981888445643373,-0.3166317860545539,1.040028515935027,0.7836050768012313,-0.6031874081885382,-0.44244450818692604,-0.48999589871272037,1.4510097486992617,2.160717654219951,-0.8379999031588885,0.18947473648802338,-1.414764388735794,0.748199452178676,-1.4199080405601854,1.3263250068605938,0.5675064291381606,-1.0591588768458873,1.4080279913038865,-0.9210471610813635,-1.1138013022090163,0.0029809109162030056,-0.3671858629948401,1.01419720418266,0.24973809896654564,-0.5702311060072702,-0.16742368028382945,-2.1994319747888254,-1.079814002481585,-0.4550149883276809,-0.9341299477720881,-0.21814838992394014,0.20111375045511437,-1.5141555741821866,0.34400649678929585,-0.9459143665751544,0.03886653013151409,-2.0205171298853903
-2.68785346188758e-16,-0.27976392162551433,-3.4557804145463233,0.1524636854703263,-1.2394226761457374,3.5421772716848814,0.5169701922631559,1.5246452629253866,-1.0817044163625325,-0.626053297432688,0.7954322134144194,-0.563336357036024,-2.659504797518169,1.8818060475645253,-0.8189895737337032,-0.9036892470181285,1.6274853891975443,0.2660418231194225,1.2025806567928603,0.5233922201272342,0.6846005341112714,1.2546830169381722,-1.213136433809174,0.6891299035183783,1.7481643069062232,0.3032550092191218,2.6642030348096104,-0.688722206741489,-2.141998870870246,-0.245707684266939,-1.6020077777446415,-0.8121209046349159,-2.8677678572906338,0.42331248006017597,-3.456871453071162,-0.3085481942361191,0.34979107392027825,0.055821783112325774,-1.9725966741775773,1.2480730757574767,0.014574121492174519,1.4110966650929764,0.651013948934886,-0.293402967496974,2.723712614963725,-0.7797959860760376,1.2560061554025312,0.46381716747555235,-1.5293903823845083,1.0603436766050605,-0.887835294891403,-0.9666625715105129,0.26327520401556026,0.060242155507578055,-0.6093820931371112,1.9623012885440958,0.9570402196073808,3.248411309675102,2.95470957480376,-0.6163520217901222,-0.9751212407994334,0.47406193014437903,3.7614203477528054,2.0388077140264844,-2.9449527028625773,0.6626756532788485,0.14155652260086038,-0.31921223130718207,-1.13187723576704,-0.2841291840594229,0.7733913403983567,-3.055361290397939,-0.9232605766927569,1.5348259343306532,0.7973365463597007,-0.45887105257426564,0.9645883668399056,-0.5461264576716107,-1.121180899912766,0.9290678961545027,0.9193408972049859,3.6249342110381946,0.37779616681156675,0.6373754619333755,0.013186614521283002,0.2943285782274208,2.4105408841762106,-0.8640424767211303,-1.1903915269407572,1.4265904474572562,0.38029410650138185,0.7892332464102414,2.2228728508598348,1.9111156633732955
-2.68785346188758e-16,0.36712589177633925,2.7769887376510782,-1.035771805358322,0.04513300795512687,-0.8884895020595391,-0.22374239122852335,1.8614200049199514,-0.07595163721891374,-0.3428178729957513,-0.079438124149781,1.6375111880835138,0.8789456014980659,-1.868534646394255,1.5666319653198768,0.7982391751958973,-1.0623809219134357,-1.0831160889442144,-1.8121565342193637,-1.0177619067602257,-1.0239698674585345,-0.2162350778522914,-1.015366362169166,-0.46748694783947126,-1.1753394456712012,-1.7935202514500765,-0.13764534751990953,-0.2956032252938562,0.03796803894421452,0.9814141099007967,0.49727297109555946,0.1776713783912773,0.8178699287851312,0.2802594567891605,0.21383794098073683,0.388909585711466,-2.258310652776856,-1.0620395415691601,-0.5056149930533209,-1.1695371002270805,0.47474637678324605,0.09510603674571314,-0.9857579942208974,1.0919875445139826,0.19771337587677468,2.5325699584910906,2.429277914220991,1.0481345285258943,0.9326603405252185,-0.32690334992768905,1.0544597210458482,-0.6432577050694701,0.18948797681235735,-0.40368743245535016,-0.20738517371445447,0.23968463635491066,0.21553240568111132,-0.10379219783330851,-1.7384974040502887,-0.06968461704581658,1.9493974516652783,-0.13125190351824845,1.5831148235539845,-0.7482061048932023,1.206392668320328,1.4532277682516825,0.37417799184675815,0.38800233946116824,-1.3836702249212183,1.181088679229536,1.2656248335412585,1.5809395160057953,1.1485581123117625,-0.41226999311331064,0.16750201332683698,0.7938055920392523,-1.1517005529564674,-1.7823781287275535,-0.6863697809221833,-0.9114481234462187,-0.6186527996876102,-1.3612414241500805,-0.020881328265787015,-0.41846176113259714,-2.1138825669987544,-0.19784006586020916,0.13582469306171951,0.3278437250751326,-1.531267208624618,0.2706460826181091,-0.9373522840804558,-0.8563156990248869,0.7869452052227476,-1.6575828385094025
-2.68785346188758e-16,0.8946339486606059,1.130972644202247,-1.8692833430135856,-1.9519680580007375,-0.44009613813673876,0.13508043571073483,2.3097075654798083,0.36712368584206867,0.5896795188275394,-0.5308398552093873,1.2175922942247723,0.4823119665589409,-0.8977490146242559,1.0154187016726863,-0.32524845491792714,-0.848717606268788,-1.6110344605180238,-1.0435761890824282,0.46696346469104866,-0.2391420664585157,0.509574538465192,0.7155246601648191,-0.415179902604002,-0.8961958039247961,-0.2938059286885995,-0.2746750579876438,0.41085738614240874,-0.09740246515370599,2.537111051595325,1.6525309719720966,-0.3787410770012033,1.000842218425049,1.0281931117762726,0.6009582340893748,0.604292470352183,-1.7097278163938447,-1.6333197891024505,0.7406421990940456,-2.768194518771945,0.3881983106340894,0.9908100938120266,-0.3472572442035847,-2.1062723325185733,-0.5489239248570026,0.2198763361100735,-0.03300499066992546,0.46203526281217044,1.659357666491236,0.4479906221519281,0.9454612885277193,0.547474449739823,-0.9496017882954335,-0.03079919610513887,1.6357679848624986,-1.4867079035913608,-0.7045189373273445,0.6280886675847508,0.06545047218845268,0.6318610865327292,-0.7016761101069531,-0.3616046620372304,1.4190657872767884,-0.9702552947722936,2.569775313716545,1.5471547730487831,0.9186632056655176,2.4353689345168665,1.472604183725567,0.10670151383489689,-0.8154753651936559,0.4949700515594876,0.7080692629459069,0.9698264784960771,1.4814269169660033,0.4863048805486799,-0.2996110746844658,1.4109589877991207,0.905628546113195,0.2741196688127029,-2.1755159970174587,-1.2985011660946553,-0.37912758104400524,-0.2781408779396941,-0.1670566247058488,0.16108394869288684,0.866763839775974,1.4680418965261997,-0.17394887164989492,-1.281151691551346,0.7964380625941956,-0.5775951276876747,-1.3028063081744654,0.6036095769787018
-2.68785346188758e-16,-0.2530132777430642,1.8101152060606405,-1.8742927053371252,-1.211085077978463,-1.8385245338129061,-0.12065010008531643,1.3869704662156983,0.7820462570186116,-0.6762031493826463,0.19838548768119982,1.5327113956901106,1.956746740500198,-2.768025345775896,3.7371742132718415,-0.053085041777738824,-1.3301608071267519,-2.324872074039377,-2.063879619247995,-1.7484591699488927,0.44080823358671367,-1.686334272103306,-3.347060107557539,-0.5778605076752263,-1.77030602387676,-2.2678689082030137,-2.631630493022149,-0.3816798022601417,3.6723094238349008,2.4342099190771513,-0.26315481564737975,-3.842755123659961,-0.8971974250965941,0.8988738546568817,-0.4511209264041609,-3.1157044812592396,-2.264935143247139,-1.8989218835633461,-0.21741982261541898,0.2018355166271255,1.391200326705334,0.7293840638208575,-2.20468403831549,-1.3922338534001362,0.8754702856484126,0.22100917601933334,1.720139593899098,2.0846026922854684,1.7681187207625566,-0.46418714147518014,1.6007680243696472,-2.683588980638973,0.4598360931624445,-1.2210922225272482,0.15456723779028766,0.15295648374176884,0.36169142599711146,0.9019529763869073,-0.8945821544129506,3.7048100338500896,-2.2170105854203825,0.7411305779152156,2.275499696259275,4.028165727687922,-0.16856055558486216,-0.15554086022063318,2.538657672623631,0.6281583233424489,-0.2969755167000149,-1.2483600941865596,3.391998396179855,0.8480764734872922,1.4871750011355265,-0.9481775158585046,0.21027281023647995,1.0970508311416836,-2.5226062270659826,0.6436203884881346,-1.6128026940613738,-1.5763341236138073,-1.0854314997013919,-4.3693754612059115,0.46294489181949905,-1.1497177885364778,-2.717906156062017,-0.14890049515370268,0.08636097873296711,-0.8666591798438564,-1.53872719354321,-0.12807191199999873,0.14323951349027197,-1.8000639226526918,-0.38184711764158297,-0.6160430542832428
-2.68785346188758e-16,0.13056355544472092,-0.42967993736867827,0.48312906243812437,0.5725582749552816,1.112157911038574,1.8261898614608982,-0.842116950319353,-1.985826828107431,0.9755138689166507,-1.2944553954317266,-0.40870143360400396,-0.5528907704187753,1.0907390168375801,1.2706049637327568,-1.0500744903625117,-0.039959212317695364,0.6919715185839845,-0.22348072790570364,0.872926043882154,-0.23537291022630488,1.5315170058827154,-0.10220876715728111,-0.10813501386243493,0.7993696877854903,1.7627320582701782,1.8153741871317588,0.10705030929816446,0.42110445340978914,-0.9363993619394508,-0.8026686825320029,-0.8481191806885193,0.9640971031609985,-0.18139328600531668,-0.29124953726922403,-0.25392266227254784,-1.2271487567182515,0.9869947451127936,1.8677709275265633,-0.06094562544030083,0.3934756488615809,0.053429612241721824,1.0312318185730445,0.4085301382728357,-0.9963723298011051,-0.35174107253468545,-1.5991845074229405,-0.3593098293995275,-0.8133577025248675,0.4894284090569756,0.2755366652906588,0.8630423479572484,-0.31528384087406175,-1.1001804585437296,0.7272999541488454,0.04978430011508095,-0.41110795318776355,-1.837558584332295,-0.6509629929264378,-0.7283026788319911,0.8275758874853757,-0.6320417502313852,-0.3179100585688658,-0.4275927452131417,0.526910613322034,1.082624500169966,0.7040394972800381,-0.7107570133694586,-0.6939108219321245,1.0042864996325291,-1.3567013891615718,-1.0921677668710936,1.632288390678688,-0.07037620726319677,-0.4653445401111107,0.2100085657740084,-0.8163730028082716,0.3896789609313986,0.4313550764926587,-0.8801759495827293,1.035408520818197,1.4561164426710784,0.1742998628278932,-1.0146603845302247,1.4698461282176645,0.1342975067242564,1.4339725732561281,-0.0962241570499049,0.6226529540875152,1.3313543963753047,1.094292491097744,0.7403924537530323,1.511470127276342,0.21037880086401883
-2.68785346188758e-16,-0.27480559495858403,1.9909540977536682,-0.7893043901869087,-0.21610270721601113,-3.034154953778164,0.14852070139863982,-0.43745088959866,0.7131117583630562,0.02483082975916698,1.1922550316006868,1.4898654929837485,1.8550251522491639,-0.5786289536312963,0.47500043630772315,0.2599521870456297,-2.3461536319916254,-2.6222646331325015,-2.279405346938247,-1.4980099253992103,0.212869677979175,0.600727370259883,-2.136132721561296,0.648715604352646,-1.6234285952825682,-0.9337375116501752,-1.9685274656274698,1.0511257082661591,2.3618958437004727,1.7412154019006276,0.852157823729602,-2.2442075027827073,-0.3605468221934086,1.8192485398965532,1.0136795677027686,-0.9198907514098995,-2.470493231941896,-0.408806472693533,-0.6522201964236337,-1.4093041146480667,1.0858356833166114,-0.2292971912349101,-0.43394291569567955,0.07660320760654593,1.1485453886087866,2.0560727595039543,1.5059566079933013,1.7527994373420366,0.9093222946827256,-1.4458756463352271,1.9649363527890924,-2.151620161806286,-0.13669160669776287,0.9810733548885854,0.37814393781736594,1.2514168885915804,-0.5722856572094375,1.7861955504616045,-1.0349096613984174,0.5742988719721306,-1.3045066345729972,-0.14975101613525021,1.522091703613421,-1.1049148293418858,-0.6672108449886679,1.9113094302033726,1.8686198099212552,-1.2637904065518066,-0.11067126644516645,0.18970360232217187,0.29558692353264016,1.2099121103333905,1.7773081676849203,0.26277600030721204,0.8191591552939412,-0.738740560446878,-0.7674062139046873,-1.8753912627946905,-1.6225382812482914,0.6002863385334349,1.3678024652496625,-1.6586415892663018,-0.3412086102871561,-4.043275141001208,-0.5529076752854292,-0.24363467657212354,-1.2683276838410138,0.32213628567846314,-2.54992552599064,0.5758255862042874,-0.8048238111648673,-0.515131529457842,-1.2028276507829334,0.19149316622958135
-2.68785346188758e-16,-0.35771999933383886,0.0608564485675287,-0.0266405086299194,-1.4371306060946203,-0.7332171286153313,0.5254287049008645,-0.2225647618096478,-1.9186681155132521,-0.006220034523052244,-0.15474065177314184,0.005652807606514543,0.1358847913850062,-0.4720866229660658,-0.333305849773464,-0.05577562813344471,-0.3861213030440059,-1.1355306919204466,-0.06380362787216226,1.4247485436386575,-0.24655373477076736,0.013103320338290314,0.39412642971077105,-1.2725926857313268,0.7244660414723259,1.1187235228476835,-1.193255932768598,0.47173700935956764,0.9928792078054158,2.7112625290263566,0.28199921654150395,-1.2997169038483016,0.28181454084071345,1.6481593860046408,-0.46851563527764306,2.3859948741791257,0.20362526167125022,-0.8209686648605847,-0.3782748048609713,0.2149609001923244,0.628809198094138,-0.8470868705344292,0.6102165640008652,-0.5516225400301892,-1.8923871549259612,-1.63220939985798,2.1296844230985283,-0.39987840752727155,0.12110674661492404,0.04080090512031742,0.3446165545696947,1.3292733263260936,-0.9074575436145295,0.5103494651434314,-0.4532707071437526,-1.1882131966583578,-0.45236906044096714,-1.1185527493832328,-0.16490655379048558,0.6535240532349551,-0.6302190918573736,-0.7691416927432604,0.4348137196794919,0.20795775992218044,1.6837131498435085,-0.1698497392739965,0.6170031969178367,-0.6213846480717782,0.5986587331272908,0.37061869274691134,0.9624070993269819,0.28296592848115676,-1.1024845831434709,0.2814705080895134,-0.6505120027317128,0.16425426827967624,0.6692743713025102,-0.9653582569002829,0.47051291706411114,-0.060568798817297376,-3.0484484699565124,0.0020512862169547175,-0.26387336692455293,0.8355980099230788,-1.5508911834162626,-0.3782322923751601,0.7029734814195358,-0.1817947903649004,-0.0925050004592057,-1.6713467838078941,-0.2703628110062881,0.5562782515404752,-0.760128218879735,-0.7271627571384665
-2.68785346188758e-16,0.24408584300197242,1.2193607618011393,-0.38001484738959923,1.2931114423587051,-0.5491700711903718,-2.0071231528311677,-1.2857095850462172,-1.1025505091694572,-0.13639058731899803,-0.45151184154245133,0.6815071593631037,1.3505465686842046,1.651945514458087,0.6868080822746818,-0.48591345882964804,-0.6647655244141524,0.34567138755975196,-0.5110568601842977,-1.0909890924177155,-1.063135333207205,0.30341279238303254,-1.3433268896144681,1.8422993004292394,-0.3271235871853666,-0.8459582651791081,2.0801693604780125,-0.4900568412583191,0.7611139889578172,0.885569975265817,0.31922193157449147,-1.3098759554785986,0.8810258210428676,0.8384896038884745,1.3690441765310384,0.6421899232421888,-1.8645028093020517,-0.043734468641014865,-0.4823927736452062,0.38429840326605863,-0.10888621278149432,-0.5437284308287542,-0.13176999978377574,0.1936322992897289,0.124191077743391,0.49889198356892633,2.4834562937757108,1.663915379462849,0.1473000136351237,1.0003248649661256,1.1584705833947313,-1.1849084982720377,1.6530903317625012,-0.4180985769812432,-1.8086930427865353,0.7064046813493545,-0.9018544703748088,1.753389680831092,0.10603488015854245,0.9038543105564187,-0.1108835497694467,1.9828886415575226,-0.6198883812224036,1.776800707045161,-0.4483971072333721,1.4712575702182167,1.378448812989412,1.3052695619885337,0.9697890151892161,-0.12998263496202833,2.2827971150047253,0.21302261012011714,1.8024793163298927,-0.7784479400853714,0.43536598875068183,-0.9528556122491719,-0.24783430678796547,-1.040991317010749,0.3150359754087837,1.126049544511685,1.4129089968403468,0.17671245371380895,-0.30238120963122456,-0.2513763163716199,-0.3641680247129692,-0.021436843965088784,0.7243219616137666,-0.6552069624117207,0.7868962325483069,1.662737671434603,0.00507626474860913,0.873022173285402,-2.0951252571873846,-1.1228910550076396
-2.68785346188758e-16,-0.724229982136324,0.15935864402022687,-0.14888578785144535,2.226336313486805,-3.48551776581372,0.3734090356905326,-1.7761977564958134,0.5007973666833563,-0.6707960262131859,1.1308139943254274,0.16011962867913576,0.37337058594092615,1.4241144323280497,-1.7415076374086387,0.12258454503214856,0.6499785758254446,1.6743186095063132,-1.936295390946059,-0.6756370080296832,0.20291742922039718,-0.40328941891242787,-0.07261768013259286,-1.2302616473436132,0.8969098159406625,-1.9656009761510358,0.31802643692834043,-0.8077189157832698,0.467847297785003,-1.9025707404816612,-0.8370463333219147,1.3295710832975742,1.0383833821797717,-1.846215797317463,0.08724252386770748,0.016881662992777713,-1.0065369961485462,0.8308325607331246,0.9493263712735547,-0.10819938799599951,-1.1213113520696554,-1.1331452634956607,-0.9643943921689032,-1.2073467395436848,0.5539812747392034,-1.3522290362983285,0.5430452596040223,-0.3320006515764746,-1.0301540068221597,0.15732468011800876,-1.2103075265736796,0.7902004383219092,-0.08810430859154288,-0.8127132645975497,-1.1672685737443254,-0.5412847383245218,-0.31741435142834185,-0.6874600690579286,0.3660594710141097,-0.27775290359204885,0.4365252834173427,0.7545272393956117,-0.11663873104447631,-1.1592252032958985,-2.1235368334959692,-2.360803335288802,-1.3793303543080884,-2.8664260186354706,-1.0566809895503075,0.19467667782621514,1.1559658108885122,0.29721807625411184,0.6051602152618165,-0.8287295306796536,-1.1733413728686708,1.0735749898132103,-0.7968349511778279,-0.8434662096762862,0.29720569641721106,0.5464592390515228,-0.5903297342704243,-1.9525132880780456,0.3209034424576764,1.2477097474658303,-0.42744067716365947,0.160229458709159,0.8023628774638151,0.06994928827198059,0.01479057741005857,-1.0240258394460264,-0.6260444599943626,0.10197499731733468,-2.917682034347243,-1.7712753635041238
-2.68785346188758e-16,0.8938972870145788,-0.2160848344916777,0.1791754898042171,1.499503743311303,-2.062223166243454,-1.2758415082824188,0.8921889028254415,-2.18368989627017,-1.4655251674932206,0.10466745020227392,0.3449552320300744,-0.8190009165386222,-0.2898468849888778,-0.7659639229621973,0.34385744063379076,0.8985265387462102,-0.17994738135622268,1.0848106437333456,0.9080355512697931,-0.3434026254953241,-1.2912301362138312,1.4510398661452388,-1.5981612355439887,0.8947848757545387,1.2225724047398934,-1.202087837242634,-0.17685356392281726,-0.31968673784907564,0.06436035011407149,-0.918292107037012,0.7459912096380854,-0.6362568042964138,-0.5355876861209564,-1.496587580122545,-1.7985042088830026,0.10310677972480986,0.48327436779143385,-0.5850500293805024,0.8140108687015853,-0.6365381761551128,-0.34845440006584344,-0.13144557361042566,-0.7680455409375181,-2.54765546682369,-1.3642320239846435,-1.3535648773735418,-2.020817939964929,1.0063161071557698,-0.5268574691700486,-0.9529097916943632,1.2990450806485532,0.6687010592778819,-0.19472485942988793,0.764279485716775,-2.1729559648909578,0.27907400570698304,-1.7822831413771407,-0.06538911177718043,-1.8865901178542965,2.896267566787493,-1.5530907071237015,-2.021238325128924,-1.0766953660287113,-0.5244999156852634,-1.5345085647398191,-0.980865348066821,-2.038417090307658,-0.13190309395176397,-0.7237460111651748,0.4640536711782115,-0.8680719226756162,-0.47381828214662985,0.14444197013000082,-0.8029360124676164,-0.9373396068274102,0.01328011059576122,0.15902618179819594,0.8083561166289934,1.8507325644934753,-0.5446656123857226,-0.954036136049009,-0.09095698250158281,0.8098306488799599,0.3949185862622726,-0.057285673973918164,0.9984384669130321,-0.017772860430579716,0.8709092734867583,0.7438087129478688,-0.5491133837769498,0.5197604301350404,0.1989782098107249,0.32906502298199025
-2.68785346188758e-16,-1.37266929397637,1.3659876088540133,-0.33065588494823844,1.054756524988887,0.1716958070245027,1.2474840687432152,-0.8375810901013874,-0.11536557944657949,0.585171976966164,0.4270509063335898,-0.4801146689821386,0.7505577717796991,0.07701457412439873,-1.321797954894294,-1.7050559881532774,0.0992573540773142,-0.16659159048312933,-0.6472966742477989,-1.394632894992796,-0.04339667019904593,0.3300532510595962,-0.6779086818074869,-0.03628063285002741,0.6338668088028797,-1.589426114435867,1.2735416497273815,-0.4237875443207646,-0.4951467243012283,-1.0177638821345492,0.3160500855874377,-0.26823651316896446,0.8914021561750207,0.0241531550371607,1.4842727049739004,-1.5154553941400788,0.14464587210389868,0.35266416489328056,0.13910555562068028,1.3767773886462042,-0.5408413721571916,0.6768332926987888,-1.039061649060911,-3.878136699952419,-0.7917200189912432,-0.8436031625830719,-0.30244728415200195,-1.0537324161733366,0.4104521102360102,0.5817995613713475,0.23012704538056372,0.2451240222349736,0.12167851730953906,-0.47191077579916113,0.07459568848689913,0.5666032153344526,-0.8011256346868892,0.7909787232533478,1.092998079838853,0.810085400020012,-0.22985374705351924,1.8520583464828202,1.357545973396276,1.3759239096784788,1.6045121536114753,0.9171179448567068,-1.4399713988620195,1.0750165167256778,0.7328200520616575,0.22336322697884467,1.217573949110235,0.9855683423462178,0.016251112827898064,1.287939207435475,-0.483654971544335,0.10807250307442914,0.00259439399357448,0.0696641491697915,-0.10143164470816837,0.15873525281965634,0.4916920290593213,0.5520314684499155,0.16636766963880445,0.09377846273827004,-1.2541303355702964,0.08562078357060046,1.2099976117068714,0.14503314129031716,1.1291753599267977,-0.1363887173471865,1.4448095154082512,0.8557822455111864,-0.0015134448606632933,-1.4251923094623673
-2.68785346188758e-16,-0.24479689134009242,-0.2119421507928846,0.5758177823079754,-1.118484904159951,2.2870769659292063,-1.4898101424210395,2.075759137899607,0.7434342118334563,0.3952102420062445,1.0320559653016983,1.85987811677702,0.8496211494973152,-0.4830496875507026,-0.6553289222259621,0.3878886930788962,-0.9573954162874896,0.18062565468797687,-1.2038187155906466,-0.12807245368048187,-0.27332743229027795,-0.7201335070285781,0.4183293884976363,-0.5322680952027277,-1.5916390093717454,-1.4731599414737109,-0.3310447451955364,-0.22365568756342316,0.8199295682544991,3.632431339356451,0.33422980067840535,1.140532586586481,0.8356700457482864,0.8647185808968255,2.5231215598248715,0.20916073695864879,1.2218116300048922,0.600191688822532,2.0967206371846574,0.13625528548945826,1.4006052391596076,0.723852065151624,0.5072015146614364,2.7030736346308,-0.11476953407229101,1.5554963189386726,-1.198681713617475,2.412533890616367,-0.8084925251170597,-1.3252791476708008,2.432945927860338,1.1933672820825594,1.1077577050415646,1.7926628796470288,0.6969824149919004,-0.42507799699338816,-1.1132058026399243,-1.2992209072893832,-1.067711904994952,1.0261384181085298,-0.4889534854969031,0.23982616835982992,-1.0742826814236,-1.8625644616342107,0.13036034551083958,-1.829691873543962,1.037219193950682,0.8452790637196272,-1.6056479163999084,0.9467800757314261,0.39244400323191664,0.8730204717761945,0.2576527040833456,-0.4334479361486047,1.0229618103287796,-2.131296103961325,-2.5276259061086597,-2.3158898967869472,-0.8916897478377066,0.9770606626249365,0.8964672362519115,-2.158663714983383,-0.1623702531187811,-0.09791482160788134,-0.9457898460895688,0.13277961217631623,-0.5238240043003916,0.6999467019741468,-0.42333901764738224,-0.65198662810737,0.42142360241818033,-0.5413619542317186,0.8737836110293952,-1.6114744881221925
-2.68785346188758e-16,0.5774550722636502,0.5590024664746542,-0.681325181484652,0.003832027585844111,2.0687717231816656,-0.636940696565896,-0.5066971783379887,0.15745042899980455,-0.14328109115315013,0.1648776100756123,-0.9046036831322433,1.6679138349837945,-1.3696110896508755,-0.6384671891484464,1.5954454002958816,-0.14287730209294872,-0.49033366687367197,-1.2502007944351852,0.23453160345210278,-0.4767978901186566,-0.9844768767873175,0.317959544282127,0.31115323333858186,1.0023216541438504,1.397668664899275,0.37586642263161607,0.6092327443504737,0.054171609861995484,-0.5464705553749158,1.4665869800480569,-1.3155284261241629,0.2505306630789558,0.9084960947117534,0.9128016850659337,3.074654912029072,-0.4414801249860477,-1.5863723903914915,0.46682479207371275,0.03906552452810742,1.679279144459524,-0.08576803222454121,0.07085025587370383,0.11603803979257132,-0.43257859522868425,-0.11765739207731335,0.45031478512584167,-1.698022389930365,0.8488882611694375,-0.6733879182380643,-0.7479034839391321,1.199234209025519,-0.14623997339949565,1.0179460891454206,1.0170655811165925,-0.234959115190837,-0.742214511473041,-2.170064391913772,-0.7936935982419752,0.12627007699915505,0.2995438618354288,-1.1574681668647313,0.29546825850792213,-0.4780042722981991,-0.12865205936687152,1.3343405424239823,0.8848769777159631,-0.36112048606724817,0.8594358166106228,-1.4814663793395537,0.4869037548287534,0.38390180702579807,-0.7065717701217165,0.33100633664010354,-0.5684723833612029,0.1451204071763646,1.8742010372091806,-0.4267163465179727,1.2052842891611946,0.8018276941700834,-0.8822298632062715,1.7377509441013093,-0.17200712998445847,1.5459833518312909,0.05363634607541954,0.056786345336242966,-0.4963058259190902,0.16942305528325752,-1.1226419045407001,-0.31883691992838803,0.523487546556574,-0.3765041820798263,1.5974179374011581,0.4055254330328355
-1.3046031469419848,1.1781009612498876,0.22751846830235245,0.5512279352086571,0.6636501720357876,-0.17979777396487714,-0.34291119467016407,-0.33331432302273145,2.874896891964403,0.15702133796933623,1.014557893612986,0.2264608572270589,0.03867284716426847,-0.6461962511956567,-0.327129608188569,1.8697176252777452,-0.605099248611475,-0.12173434999211691,-0.8694257391430782,-0.9476124333164713,-0.5419767015433301,-0.17101446723816238,0.7806397546793042,-0.47180284379470994,-0.9901336284674758,-0.7717355164233984,-1.2188458544233556,2.700233129631787,-1.258270883050939,1.573013379859662,1.523313520960548,-0.2922686421649374,0.7988219240747755,1.3872370756140375,2.1935316315360884,-0.30234842303874065,0.4590814897995379,0.7882265504849908,0.45479276977108135,-1.0916696404388817,0.24823107110660883,0.7928094520455766,-1.0589951886447337,1.0960141033831943,-0.07731804829313532,0.5386184480050531,1.6229561002276913,0.7576716677007904,-1.2974338912616306,0.2408599197382591,0.8734086444049369,-0.20877293992488954,-0.9149627744090156,-2.533853547615415,-0.6157319947464787,-0.3785245230161698,-1.7043679265076093,-3.4447264975094014,-0.2969461539072741,-1.8686584803640154,0.41902948225978487,-1.2810522655958645,0.08699191528223682,-0.5672657232552599,-1.8622607463740581,1.5371908849825207,-2.3919879662174637,-0.7896073365305332,-0.724497544033912,-0.3283533127257847,-1.322716283864383,-0.3374784342573007,-0.16104297587049013,-0.3391055024439512,-0.5726967536093388,-0.9159815011504364,-2.478255914426636,0.8711867729138846,-0.6292547131600003,1.0679089319705535,-2.1379165092128676,-1.9814455241504236,0.21383318751060698,0.4986327393769071,0.7000239761271374,0.01729894217705956,0.41174162266973724,-1.9644610847815145,-0.24684199573375692,-0.9188090086293622,-1.3957599946777393,-0.49083621031434316,-1.1332399872685714,-0.866643860794398
2.9606592312046325,-1.8719031489448397,-2.9169438700268264,1.7543686718971192,-1.4038088950017775,0.9103919894878896,1.9040030383589999,-2.9660784443241335,-1.1633159591496722,-0.5769236534158364,0.09378475063742231,-1.0997647178481258,-1.0183668129664372,1.7494171288390872,-1.3935556703672596,-0.78248277208141,2.9762170155666507,3.1938994488624988,2.275341178857814,1.1292980606393206,2.4961929703451475,0.49821996048608325,0.06071466614214249,0.06476644291046774,0.4318409913023308,0.6834795159515912,-0.5328864428369993,-2.1574303471880767,-1.2166652685974615,-4.676422002451076,-1.7431777175414616,-0.09846296531595544,-1.3184530812161488,-1.4663521522046659,-0.7663162158920761,-2.0031880594137186,-1.6869411745601168,0.8865878841537788,-0.1686239427867886,2.256548460847674,-2.802155462827207,0.3821760353124717,-0.06383033339109234,-1.1692719792734048,0.678871021325347,1.3501749652252428,-1.0602312938645806,-2.0280706016286714,-0.9546129164121407,1.7337096033882822,-3.001819904592998,0.8714086725798191,1.0289002558814042,-0.058441853931822496,1.4637839817310339,-0.09550731302884616,-0.6588864273050561,0.6098651076545171,2.0440514176011986,-0.9181082064779604,0.2404665692980647,0.35443053543814046,-0.1797286347350095,-0.330487499166617,-3.059498003078167,1.5471907345543003,-2.3488600245644102,-1.6413734878282669,-1.0052084796876757,-2.6253397327228836,0.02829718188087571,-1.9449388430985048,-2.024920713967244,0.10833098501260241,2.4232709330949747,0.8104214094084501,1.2327398301747168,1.496782961309334,0.9185284771643533,0.421926980767434,1.1193115180943798,0.10618521961961547,0.05549685365126346,1.7912694818572805,0.5607013526035759,-0.42974866269497375,-0.0927762537197907,-0.035384502636516574,0.742826498885159,0.712744654940966,0.8485742399158356,0.3261083317787582,0.9103071340460545,0.639534478786504
-1.9091060524741272,2.4601324346905646,0.09617884153462947,-0.060252336349717606,-0.9976836898421715,-0.7846668585423575,-1.0622207964931696,0.5596660021342665,-1.0228991069915268,-0.5101411378399695,0.7278888227848396,0.40790816140592684,2.0582248878008977,0.8068451491142454,-0.5938609322485852,1.2755599941875537,-0.20694244147583363,-1.4326989641083367,-0.8969330870066105,1.5527867857229156,1.0119231373623823,-0.8322490577299325,1.9539617999163652,3.148295310613137,0.021690406372743887,0.24728395025715122,-1.7176850721084567,3.3298499494266194,0.6205109399898009,0.6937032155099261,2.8550789953439875,0.5467876927882724,1.2553737267520018,1.6102434586882672,-1.030890716062514,0.7033386327455444,1.0316724247820979,-1.2251049722235523,0.4543394915613813,-1.3909025837731464,0.6146799532722396,0.4740017968490337,-1.3638408016161323,1.5287812311654558,0.5885080681251629,-0.46709103118457485,1.2695220600586445,0.49225526413189813,0.4263706674142284,-0.7858371468941756,0.19669965835487313,0.5564708738435676,-1.1883869437025438,0.5507662544913662,-1.6002976654443488,-0.22063864120832122,1.8947492306529294,0.8858153849800168,-1.028911510958907,1.1907277100144344,0.1830143317768827,-0.48271354207272554,-0.8046805369561723,0.010061129675697889,1.1020562585212879,0.42202375691045746,0.7216888640071445,0.30420797588709914,0.31442092747211003,-0.08427184744268135,-0.05479789875271934,0.16574715251597297,-0.4378676224019479,0.2738729607864149,-0.4381229329968846,-0.05212205198282982,0.8412729960100142,-1.3363314125269143,0.2629811373831539,0.17755569839759539,-1.1760015076691201,0.5989716148228416,0.2805011734559949,0.8310215022185433,-0.31763954251138704,-1.484072302229185,-1.4642528414299327,0.7476289843122002,-0.2740300115607851,-0.4916401653797078,-0.5956838471380114,0.5629783888411832,0.9206015274114311,-0.3256188969301006
0.053514471167785,-0.9416307156970963,-0.18109967859562434,0.14737684232659165,-0.06509072667966992,1.5908895559022007,-2.0403500991088355,0.36453171047669586,0.7647422357903884,-0.8328494821432474,-0.055497489784130494,1.0601068970152645,-0.008675412637045465,1.3750255733483043,0.555055511808076,0.8893677409475078,-0.4551016439000788,0.07287295313075426,0.9003053889576687,2.0692157775170252,0.8341784246639797,-0.8471209643463509,1.3088775174330918,3.100458900811547,0.8650378988088828,2.768003096503992,-0.4726658327720932,1.9415208942110946,-0.8327047836000467,0.01587816972252374,-2.028411873849789,0.5106134630372582,-1.3366367850781655,-0.19221860202324384,0.8499813467901953,-0.8892543108155364,1.493401967354424,2.2881403537310683,0.3885480751467582,1.083861323992829,0.08043665743319439,1.5198606707054114,-0.6856015285463484,1.8248540620403784,0.02765467889753026,-0.5263926256790621,-0.8140412574457154,-0.7574851982451198,0.3215112091844111,0.03256709520694154,-0.28297865871301764,0.6300176634397149,-0.6725080955048945,2.594991696751959,0.8616289792788895,-0.39339630580449475,-2.3641198437687097,-0.37342313780476577,1.0753222528725845,-0.29502795245547614,1.5051908279273043,1.140964616604706,0.9375235885003503,-0.17445578451547417,0.8362208417264023,0.521616783792137,0.4024093516295173,1.170372795089985,1.783464162448293,0.7838051630359546,0.9864447413730102,1.0721680958858928,-1.7853676671707244,-1.5885333063551745,-0.21612004586476746,1.4193682458351562,0.28797849767207934,-0.4083835632490958,-0.06659560159205918,-0.4421927533928748,-0.7338244137181036,0.5285710984717727,-0.4033772207533726,0.029290107008431657,0.44547447561091824,-0.30178584990349655,-1.1107923009758471,1.7288149025455464,0.12998380465627873,-1.2038887093961552,0.45666754277722466,-0.9483017957420856,1.1008713870021642,1.4797960709316689
-1.1461082786843886,0.8774771968081996,0.13871790967235814,-0.9090289842227796,-0.6521007392312469,0.35515654880002473,1.9330826229979472,-0.21947433605524336,-0.1311800281534522,-1.1142414538810128,1.4528099136682733,-0.829718945453895,1.167304775129638,0.29395220814894013,0.4832034532063837,-1.5414406505399938,-0.27588202313758725,-0.4696831007755465,2.296767950870775,0.4190966121538161,-0.5530439776493095,-1.4460552171913346,0.6144335790280286,1.6034326916020387,0.3929443736287221,0.7715471468457843,-0.6231282810675058,1.6620337892018124,0.08462971360237659,0.2622224971365089,1.149926036430937,0.7263052450513383,0.6829690977873669,-1.038284204198042,-0.3708520698339137,1.2546241384151977,2.018843137719277,-0.19795927482033376,0.934432313592926,-0.2345092740408216,0.1721070123715127,0.9965575829766391,0.9556154618545416,1.3203003476427657,1.0338250961567157,1.3654139139054429,0.39057271461548543,0.7718098976749881,0.2923947926774362,2.0427144030896267,-0.3012188237246969,0.12403456080691297,-0.956682414561977,1.431020104241571,-1.1589014746242137,0.23024174680283938,0.08778047104853637,-0.09837184079650829,-1.5161967863116093,-0.3691556634617396,0.15022734188876696,-1.2217331288994362,-0.24760221861900195,-0.5906757555833145,0.47436781623266777,0.011326787572413122,0.3564169481253393,1.2286011640109185,1.337661237335742,0.12000657052588423,-1.8761672335328243,-1.1224097598305787,0.5721613411479797,-1.3172146511535747,-0.3601554340464612,-1.1924740121753434,0.21262265697051133,-1.6571037291726582,0.4122733930624837,-0.8006045412462655,-1.394864306250585,-0.014617232073997552,0.38658417992216776,-1.615426941424885,1.7555556041239595,-0.7053773829868142,-1.02353850868927,0.724544271957166,-0.5714704969304801,-1.8326120220219284,-0.406019053439984,-1.1930245172683753,-1.0302717159577874,0.7626621572912553
2.7555112061338565,-3.5110289276841904,-0.013613146185302053,1.665291912295285,-1.220342364824921,-0.3597445637369449,0.08245429013349642,-0.6918987098643201,-1.2578866417703818,-0.016601506330230276,-1.9816658321148415,-1.2008013203252934,-0.6807533228076268,1.282345102647593,0.8198531875198845,-0.16721777723331233,0.09151663358718864,1.7802423990913663,1.777214675810798,-1.658691075048734,-0.12524480113626135,-0.9907922072697113,-0.22082086610257579,-0.21555980167117994,0.07233575030996463,-0.23237670033215233,0.9965043139235346,-2.331581573525402,-1.1533296184969783,-0.18350564290782095,-1.3627552254397477,-1.2037306314252276,-1.4247491759342021,-3.19265342697022,-2.341964439543007,-0.0957118953764472,-1.034452675760731,0.7124751891585526,-2.8473661332147624,-0.25876390363035606,-2.1499148196874343,-1.1400428705870789,1.0675092345645734,-1.155624507833718,0.591351001185294,-0.6505131531951283,-1.3529178051824127,-1.8228520297657498,0.4182961486122738,1.2705911025308336,-0.5016109490178944,-0.2636597825665339,0.1923936973238634,-0.7711334747287636,-0.2932790287153146,0.3089089898810223,-0.8365593173853757,-1.0757114961056375,0.6425071449866074,-0.23672497550589144,-1.1793742058552783,-0.39571058677103305,-1.755472386471071,-1.215743760953039,-0.16060075129008122,0.9277137295241882,-0.5345838202244546,-0.5640745636169228,-1.1775054767095867,-1.488683661800796,-0.4608962720606202,0.07539665371079574,-0.30872272737423967,0.1192591955343511,-0.6048471803716233,-0.8029389970958998,1.4723080586788322,1.5547693972631542,1.263435115167166,-0.5183866564721102,-1.0036121655615933,0.5042613709626691,-0.7224680990321555,0.21737468240739155,-0.5143588986222062,-3.022909852966103,-1.2322286723767548,-2.082018749443741,-0.21417386408149355,0.3253099330031829,0.03646642452130988,-0.7870205231924176,0.07166905221558345,-0.8525599110800632
0.1364598332881906,-0.7013529748429601,0.03659733063409422,0.6452731298353916,-2.2048238865232657,2.279724839899046,2.754422913689693,0.16253054987330928,-1.0379071252145318,1.9427211442134533,1.6288580744778411,-0.44691781641769246,1.4785311422711405,0.4351588201165623,0.2161901434468981,-2.308951914250656,1.4581090461751811,0.9623430795942589,1.4661491735653478,-0.6095823345206163,0.2734525121287323,-0.3526588101695047,-0.6457185461298436,0.9338225553879549,1.6162141418478264,-0.3830912368977261,-0.18669908719504924,-1.034191328064555,-0.7487099551420571,-0.09819126079879958,-0.2647789232629072,-0.7700889227847785,-1.513671293921228,-0.22845913010168323,-1.1731060128155693,-1.0085308957440517,-0.12084477230015245,-0.6094764857583765,-0.37212334155841315,1.6152026814928298,-1.4398054859389051,0.5630412337075322,0.05191932579695979,0.26714699634957284,2.9047475546289485,2.473976987868338,1.7560297305552457,0.47874353259717506,-1.2875398833304434,1.9971085229199024,0.6850710940967986,-0.09549389759456091,2.905482290715579,-0.7315197498889467,0.08872667170146631,-1.1027617165142243,-1.8201623758628254,-0.9630923314769351,-1.2741869130725172,0.3955303302979126,2.824836880814465,0.49245943714318763,-1.9268265716981166,-0.7001763082226492,-0.5492722863693794,0.8035853230612804,0.049948281268464845,-0.37464603413859343,-0.08815845104437525,-2.3798598803414626,-1.9366897068606925,-0.8371375773598384,-1.2580728566189645,1.7575089677102365,2.77911715519953,0.5322278053372975,1.2493381982883607,1.7839485817397271,1.6359150377372804,-0.028760072914812217,0.28490649303887333,0.7635748018263783,1.1997535808087816,-0.5343300857169375,0.8676298721783223,0.22793570861508003,-0.6152450076647193,1.894187071010159,0.5944400313450844,-0.04319779746472224,2.297885556038716,2.8387618673437505,-0.17821436752058736,1.2320298154243303
-0.8414769289222834,-0.27509597187948404,-0.3951053465426836,1.9522312658829428,-0.7605233365567508,0.9068606051092817,-0.42819728536185153,0.29277561932280083,-0.44436150902385796,-0.6274946833312818,-0.05952648824937301,0.534930936768306,0.2542893891751801,-0.27559481809210196,0.9527195008591632,-0.9146634506834405,-0.06250271162470994,0.21011522918745912,0.7855977726091319,0.6089210422468759,-0.1660356918373369,1.3639988186689354,-0.39996067826439313,0.2422850311739848,-0.01817882138249563,-0.3120097564596669,0.3530925614863042,1.2951807589643305,-1.3025079782636961,0.4543552364972697,-1.3038703899774593,1.2878952970868363,-0.78687897151129,0.38029435070416023,0.6224962696334005,1.2034197759565355,0.3362463930726518,0.9942578927872703,0.6829024765102095,0.298504303537374,1.0634585746731684,0.13597728039691148,-0.5096816901580884,1.6102689997077708,0.2889324740981298,0.4695075572083859,0.3296212805593874,0.47819976661316554,-0.24968864281740724,1.2277245354009145,-0.25151096919737315,-1.4190543342933477,0.39848046744873283,1.3605463472465036,2.28279316738861,-1.6484366833249298,-2.117542916560159,-1.9377624213822946,0.22349839655306492,-2.836031312866056,2.7386822707018945,-2.4337503146859474,-0.29938253125051506,-2.583766617352917,0.024041325664295954,0.8415152267022492,0.926104718762617,2.541606222739569,2.935529291313708,0.18604347489286688,-1.2756619066490238,0.4865192116256329,-0.44540743207480626,-0.2904714569297568,0.3631880673913966,-1.3207075765190348,0.21078536676266768,0.18082796506073184,0.40624520315334606,-0.9717492003508351,-0.7868762147135614,0.24352925403067327,1.2018814848306973,-0.3409120510512701,0.5363248339364225,0.5673707587840247,-2.3194814516008564,2.668241075060663,-0.4003149335899285,-1.073168716677702,0.39811378651846463,-0.595167064098215,-0.9609799048275831,0.09651367212861939
-0.5087396317433078,-0.3193713294808259,0.04389920969073503,-0.7442052152124452,-0.3000428807263111,-1.9854979058245397,0.0728024729026121,-0.2973230604721072,-0.723696338663799,-0.6943331901392521,-5.981362454957149,-3.0173642171818713,-3.963760353859153,-0.6929809317216342,1.0881174524324864,-1.0650759463181958,-0.5991253098643656,-0.625024779196798,-0.6690411869058689,2.115518842566039,-0.03172109968949577,-0.6690507273427581,1.4553122000491092,0.431347196964577,0.5075879919668603,1.2922833452488138,-0.3446006175046884,0.1323567735255513,-0.09169645062924481,-0.4822395547204323,-1.4770609798363803,0.18465523634194692,-0.892758564504106,0.20922453962063448,0.6327172615751594,-1.1440201841314868,1.235306906218213,-0.5967829835598979,-1.978048991501185,-1.3159736903025034,-1.383299591844987,-1.327126065982482,-0.3078990268787665,-0.6738453459160014,-1.7951972240973062,-2.6442823084136826,-3.7433533526911966,-3.2385833815743315,1.4931803637448267,-1.3398211313569508,-1.886790518787782,0.7674746072363811,-0.5688615451546255,-1.2524320128669166,-0.37037865646950374,-0.011750255664800736,1.8228649728888706,-1.6427839276594638,-0.15686758225398922,0.8673644911764569,-1.5294577510559615,1.3236092708440164,3.905001555476786,1.5479891059822708,-0.3827759120221523,0.7481061828653642,-0.3249202865565685,-0.8982723295736601,0.801475712665404,0.7348239436567832,0.8942802321234543,0.49642000547380855,0.5236894988109702,0.21880199911852422,-2.123937320213309,-0.9647758544301079,0.04725857589151434,-2.011231188914235,-1.465330189764317,-1.423019076312647,-1.6111115240764102,-0.3208198644186937,-2.68686861471716,0.01644376287166661,-0.8104066794819178,-1.727931860583733,-0.5747880442375102,-1.353487558813426,-0.5019599389488676,0.41927346598985427,0.09776097244322579,-0.9179757664830677,1.090469676558813,-0.7368135903967883
0.7483110570633911,-3.0806086194310383,0.8713841372770991,1.2677220522150017,-0.10376337036785871,0.7762883204950399,1.4028330978181431,1.0212862518002543,-0.11220376996591663,-0.4525599170772997,1.350345132183543,-0.07255304021523362,1.627652885675081,1.212107505706315,0.9092285890694648,0.29689241233058694,0.5680045018831332,1.0059484407701447,2.1358127651829983,0.841381817534195,0.5512351227159625,0.3794332927941441,0.10822493456742904,0.6627011107457514,0.2109954962697547,-0.03924815770106349,1.024658038419823,0.5343509129059547,0.35207881203824243,0.42798404028039705,-0.3922309394842374,-0.024897198663387465,-0.3996627036467286,-0.33845937294362877,1.5557069303952273,0.49666761841931883,0.034816598922848274,-0.20807890354144676,-0.3852765686751771,-1.7124981387568008,-1.5933729171035504,0.8893101349258792,0.8172210732457827,0.09970101228644968,-0.2672075701299053,0.6793671694647471,1.9661705956064528,0.8168015546541465,0.6160759297348023,1.5132470143746155,-1.4496637519514681,-0.8765237833139001,0.09415626552621537,1.0926831852258667,1.9123547044091485,-2.444930717518529,-1.9189627886639355,-1.0040184008093795,-0.3484418076687873,-1.9387535308168986,2.386669701692603,-1.1191946999526696,-1.0220549530162608,-1.5143129912001574,0.07329546512043861,1.4044006621515441,0.37944080737477776,0.8305679185957673,0.32912801433579064,-0.6626814141268648,-0.45255331825707956,-0.19781270152104546,-1.1867254094131316,1.5862714323092497,1.4299139170887787,0.3672380428014709,-0.1379094995689648,1.503197790973731,0.15284904250774933,0.33972327289488174,-0.019172495166549286,0.32055779876978335,1.151534206767216,-0.21022650265819484,1.3493260232777626,1.3020778290686352,0.3057449218272429,1.0820101941564517,0.6188204083652024,0.3769148402887065,-0.26801916685299754,-0.11684031934516795,-1.279058056735963,0.15348419597009777
-1.442599977584606,2.419918278524144,-0.24619816323657295,-0.15818333735676282,1.0051603609326993,-1.0469443104188674,-1.3916110471667733,-1.587917455431472,0.6703205904124308,-0.32639122935440645,1.2210818604858875,-1.4675882597970646,0.023238183167853463,-2.013016484843498,-0.8624689485121875,0.8866109581343719,-0.7646845768108943,-1.4173798210874686,-1.071295185666175,-0.549753148078798,-0.4653284389294007,0.25120443292645395,0.2595457091607162,-1.673592425235893,-0.24022401209143512,-0.4704402826729984,-0.28518837834709404,-1.0064102662762113,-0.06301518531091699,0.11795456083397043,1.4364238238054492,0.9049653707409184,1.2806755634745022,0.47689229441545844,1.1777332831943559,0.8349285376469899,1.0273012892253586,-0.14337624581968506,1.5946198480868172,-0.5025639519754067,0.4275786235053275,-0.6840976210273062,-0.6599559740635207,-1.2480099478307032,-0.2329179646943248,1.4809228397539909,0.5708489796186587,-1.561786856873291,-0.9064859408626589,-1.2635886682664088,0.6050811865739608,0.538360890944197,-1.1976899744236593,0.9542916058642988,-0.9699311508779158,-1.3078230571666036,0.051488047116766675,-1.022508562971256,0.534094130716488,0.3238172532718617,0.7652212465670308,-1.1409710879297592,-0.16904294397607672,1.2031112803413917,-0.4254599488991002,0.6908184605413277,-0.1666675201817115,-0.029115201696521098,-0.4221976167611325,-1.007683049324135,-0.7789427552787147,-0.6316198036307352,1.1860004936275623,1.9129917513541397,-0.663183542907073,-1.3670972936789054,0.6694048441069426,-0.5675530234729425,-1.3753065839829888,1.2018360215160813,-1.950602714449872,0.7372994501892562,-0.25742091458891864,0.18501539739046785,-0.3504160288077802,0.32370067520213414,-0.2912890942444125,-1.905610421566971,-0.7647166452099964,0.024743430780929943,-1.334693835375706,-0.7278143185390041,-1.0249444634801625,-0.5001485042174536
-1.121596884217414,0.6482661465494606,0.537997690204499,0.8900987994955383,-0.601557127467406,0.33021220955893904,1.5343291812753543,2.3111786243027685,0.645494390593873,2.2112659803021057,-0.8152059777038972,-0.4699671762972329,1.099589551265598,0.4603513147623931,-0.3109226016685888,1.2907598311866577,-0.14738609323930135,0.5854739765658987,0.8435261324262456,0.21929385982763216,2.931662489506548,0.17590258453404473,1.3507253255900424,2.214750643480814,0.471576217466021,1.0512979392800776,2.1715738483595297,1.1504560836875812,1.053249961893942,0.17050473734010907,-1.6388769769804301,0.44439840532651836,-0.012911928908300951,0.5224643155654939,0.7372915860832961,0.9516797555492438,0.26792326345503403,0.7065533620050719,1.0191647125722336,2.021921435223885,-0.06284802035496284,1.26340966703346,2.872374397052317,2.365670238380817,-1.5559933968618544,-2.6005193003647644,-0.721553361547638,1.1625486738460458,0.2150394519225803,0.2298168916083272,0.1844056068287615,2.1506194649990023,0.5881742403232506,2.555291275020703,1.5468820989472707,-1.9230324250312756,-0.761149328285285,-0.7410609520275014,-0.6881162118971276,-2.5149248764158316,1.2121526224598154,1.8053284154721285,-1.8169108233454305,-0.6451456450750681,-0.5267454257509765,0.5505536345388513,-0.15427052308928205,-1.0345244119154737,-0.9739793219435597,-2.502727366235949,0.2937650756325755,-0.4301180722255201,-0.21725933989828702,-0.6214129470012297,-0.43563930354714214,-0.3552659519330469,-1.489955430720836,0.6208898698925812,1.0467631387802832,-0.28171733411636757,-0.4934870788656931,-0.7390509047536479,0.20467949507443847,-0.11581816214535233,-0.4508456279997861,-0.804575316957794,-1.8324105449168018,0.38952995982605704,-0.31712339595979655,0.8034634166853032,0.9467000573108109,-0.507334319289589,2.4879030878847357,0.6304767871180208
0.6336809679738544,-2.65705846430121,-0.08555209720902078,0.7885131801036163,0.8684760916559795,-1.8834233631103832,-0.4334402230032688,-1.2073472968364332,0.9472504541516782,1.9943337908984389,0.7856089903709487,-1.5367642728547495,0.9468488650936603,0.1421539621959128,0.39445820592250097,1.135025537304613,0.36266481149187135,0.3463840712665728,0.4340211984294039,-1.2605130864109662,1.0131872499827326,2.4366448267648764,0.17719859104271984,-3.44715804066745,0.0532306386886624,-1.1053473011933657,0.948569715603322,-2.5860250246261334,-0.25210007400379786,-1.0793532133176886,-0.5749216784858419,-0.35523635103854345,-0.3491969160296778,-1.3333626500122318,-0.30167442613822937,1.5785037791580412,0.23393237543334433,1.5923316614961092,0.9326405965714595,0.11949560748232602,-0.1396456308126871,-1.8546772990769913,0.9267009703522713,-0.7947026287404753,-0.8042091623567796,-0.7888105562989666,-1.2785016204563555,-1.121191106544062,-0.41504276402349216,0.31871851497732706,1.2217761334687232,-0.23520113509679735,0.8614246356928504,-0.22339326528171013,-0.4162578933669513,-1.7530669580802554,-1.9452525914058543,-1.0654192126007793,0.6521707374577967,-1.4428133867223643,0.6749096822117538,-2.454851887294623,0.457074262300949,0.2789261277993032,-1.139935247546582,0.8355448170008242,-2.428361789136703,-1.4294918617744474,-0.43276100535080864,-1.630030469578251,-1.927861504331959,-1.187211062544411,-0.5604635866815582,-0.3838376147607582,0.07137195217037484,0.8550404776835325,-0.3921746278072619,1.0332921457264446,0.692245711391494,-0.5033808735096224,1.947571966769587,0.21385990134229932,-0.9652688905391996,0.5016565646078036,-0.4714398964513734,-0.6731233311536895,-0.7355055260943203,-1.554404873525583,0.9712142776965941,1.4597778022245484,0.3154379539550737,-0.4372068363448486,1.5479546003207512,-0.5380302338531529
-0.9933706409522624,1.7312058914719204,0.2390125934453635,0.42096292695935433,1.345698245302159,0.5204405016461333,-2.5382203576706774,0.2586649604598382,1.2043513910048882,-1.1494710414600258,-2.894467962534131,-0.8914029181245107,-1.6383493249177101,-0.6763244739596072,1.8294290404855882,1.1827290763740708,-1.8476739633743013,-1.2160211596765338,-1.0105602042812165,-1.235840601884463,-3.2447125632589313,-0.07906704733555153,-0.8270766399224896,-3.050383776062384,-1.866676700243681,-0.5436009262943982,-0.24187586946806194,-3.1238874250149165,-0.13135170792432094,0.6850140747444938,-0.8435643382637846,1.002268518508854,-1.0402875392514241,1.2226253018320055,0.7549874194196324,-0.7109364202852289,-3.080815148547461,-0.7878458132204172,0.5334367759384945,0.6741655059016506,0.6815719283234779,-0.28050495044549895,-0.7367865101654779,-1.137687598016393,0.7946608027314049,-2.100245109393941,-0.31548516255490566,0.9110436312808986,0.08990653114341546,-0.5877272356515333,0.6807577425626584,-0.8619879300422602,0.2617089155654928,-1.1047975026510193,-0.8686018875620137,1.4282607626603012,2.1939395931166716,-1.130275650944531,1.8150596403438295,0.739942865980333,-2.147398487670153,0.01972953214582862,0.11104479147761714,0.7832303414501952,-0.4405854901256392,-1.355552469564235,-0.04120637221189576,0.1634607306450654,0.8286701539107283,2.2124135895705805,0.17855739488318179,1.828133783418711,1.2414609222070085,-1.7083198648430882,-2.2827491051327877,-0.449597839047605,-0.607460980336666,-1.9514222977629765,-2.215230527227394,-0.37630041831888894,0.2735922475860289,-0.1311973916130763,-0.9449073557645487,1.7334790479910493,-0.3724206481269755,1.7644131397334735,0.592904485141472,-1.2714184252271603,-0.025024246535920967,-0.5805923261449664,-0.13637003138980008,-1.421815698513321,0.4057600052644977,-1.3561833781561172
0.3337672174760052,1.0353968916390062,0.04404089634732717,-1.0906257766432599,0.03070373653861312,-1.358713960216952,-0.3505943979625269,-0.4027761074666162,0.008839931309038374,-0.7166598893887406,0.8737203084064397,-0.0153225188237599,-0.1506575551956859,1.7839002582775942,-0.18073712976237802,0.6384412880326008,-0.9937923202994876,-0.22102564813174858,-1.5245632751327665,1.3616989808386144,-0.3526350288033295,-1.5824721470816558,0.0555635634994005,0.21277771159042447,0.6052709740195198,-0.5496166264569243,0.39969190358121504,1.156741984898522,0.6254329498658482,-0.3295974619976592,-0.7531903677900399,0.30931638191797095,0.1533174372147294,0.2417759650579946,-0.30762172604057814,-0.025905456398730542,1.5027502103285553,1.098796346785234,2.214103222284898,-1.794023767408504,-0.9747072004882822,0.4128109596677556,0.5491137545328564,1.9520875736485297,-0.579791292621623,-0.9283564606043206,-0.5316800060674769,1.0492864606417989,0.8510747057859838,-0.3139710750906637,-1.9378284164314055,-0.5447987056669166,-1.9981941665494012,-0.5468030744710047,-0.822463428980337,0.5842453417023918,-0.8591227850108824,1.4103731134695536,-0.6007161754232997,-0.7543370742517717,-1.415275254609658,2.184500711273743,-1.2300648294576655,-0.3968992484528967,1.0747718697508757,0.3127412091625166,0.9521911560158551,0.4429173996742767,2.106310569634544,0.7290423797899405,-0.4429998932539127,-0.6897159238276822,0.04335318509027061,0.02630621257487939,-0.6701960393440729,-0.06564451399975152,-0.14536395893041545,-0.3438340387178298,-0.07152978820943384,-0.36505919758167715,-0.1117217442953315,-0.6754999933537388,1.1058475169669522,-0.07534539274976777,0.5238931696056787,0.328573910521525,-1.3059807560400052,1.3991607760716342,0.2515691747732631,1.0776519372212918,-1.4545920029200448,0.18690062274913888,1.424605452807601,0.19545900512547085
-1.566311959241626,1.0268568062458296,-0.04115761002361181,-1.9033707397038437,0.9483046617196567,0.40244060766571477,-1.9687409926296477,0.8920619078383002,0.6761725277560928,-0.9090799632528613,-1.3984736334904477,0.024447419306093725,-1.172023879813946,0.07514965310812616,-0.1623716807927191,0.6811099908233124,-1.0891154650695059,-1.8983664494885708,-1.9310104713852778,0.2102871008744719,-0.3821401985465299,-0.19479105648651057,-0.5167394626922182,1.469560156043253,0.0617103237872873,0.8918802655335234,-1.0978501908990006,1.5138851899843146,0.6073469642672431,-0.2891823487893775,0.31533133523363666,1.5985408705917297,0.5161361499394109,-0.4473056117278944,1.6585236642844057,-1.8129901837190543,0.6125605153256358,-0.7003757206830347,0.7264830294312432,-1.3324333011495189,0.48060799366270046,-0.4783865251945265,-0.9725692796332772,-0.614001775375864,-0.9860967349746608,-1.3524262898513524,-0.6674699020670603,1.2698472433925254,0.43618836298327035,-1.019795966349888,0.8127701367309861,-0.35686639687341276,0.40783297351725023,1.0623826351308543,-1.5558142426309338,0.32407160520263095,-0.5823054418537201,0.011208744473730603,1.5398728560554527,-0.843162256446814,-0.41914843935652046,-1.7112831616127568,0.016342897291281022,-0.276828640151747,2.1496894953679515,-1.1009292646334479,1.0127943699303927,-0.06772340518877598,0.22274450521860295,0.33370363039120754,-0.3049607516612881,0.8981475719389853,1.2029565178699304,-0.20856148215439946,-0.9482297143948182,0.7811071497851905,-0.8800190641425695,-0.7944991768318401,-0.5159799303507396,-0.20062314917838125,0.3562182697276603,-0.6804971033826602,-0.016644777313922776,0.02981707161366183,0.006746383692752489,1.6707869353712081,-2.2978638210805418,0.00945412031497006,0.0364202520431282,0.313077179673416,-0.8285037282185167,-1.1960750120982868,0.43386488295746306,-0.9505788665849649
0.2396090351086469,0.08601934767071473,-0.2530153855806804,0.08218692518987658,0.5654284418616892,0.012660202104414986,-0.10108335155889288,-0.030889164809088196,-0.09311380773353631,-0.32011980358181613,0.35332776584106557,0.06146324542198717,0.2764328257557679,0.7407766183809092,-0.6725052648497344,1.8318020701426518,-0.21506973166556367,0.6342330279766492,-0.8223259865855874,-0.2626216935388915,-0.6381084442760412,-0.19872969905512416,-0.7471330786164221,1.5351374423909863,0.3914141961627293,0.8345556573458052,-0.0716767337359468,-1.484017496220787,-1.432944923438946,0.7002690861974606,-1.2424496714447033,0.37979685617532655,-0.2814462418167712,-0.0458444315193699,-0.21610117315968122,1.7563455668768613,-0.1818594236717309,-0.34630257097612216,0.500564274315586,-0.039744386355809125,-0.8640689819963385,-0.583880872549828,-0.1245866306340851,2.321733115563891,-0.2605547019898259,-1.1359853084389218,-0.4743294020755126,-0.06320891031352605,0.18996676666977932,0.15667706910339235,0.26886757818232576,0.3262918140435425,-0.9024989016740389,-0.882098543528184,-0.6248375471164243,-0.3780108303234626,-0.4195855265383238,-0.7660752254589485,0.7884570831311879,-0.09280086642096799,-0.6873938613539262,1.6938665087747318,-1.5897718830292562,1.3460033270918466,-0.8204518570458916,0.02520632393625777,1.2981454933346268,-0.9669829476164835,0.06923553890962078,-0.6210573094082372,0.07927241219890635,0.2493722289646438,0.26159134227246905,-0.6206173641998342,-1.4254618032923458,0.16511784468679414,-0.3141149150374063,-0.7798451158850326,-1.4512475003984582,0.28475095742827816,0.7199116617799008,0.8758618822131602,-0.6998008162491189,-0.5802851787484408,0.8998014087663154,-0.24399825614767695,0.5826215830089996,-0.31622855121023075,-0.2071245208284673,1.9930698177773027,-0.1400232918755696,0.17276322432606284,0.41476995498043756,0.6122685447073294
-0.437798627852603,0.42259054297748233,-0.6230188331470259,0.5571589744467409,0.2533797587309251,0.4172948222331392,-0.18764201288998306,0.715554411956733,-0.39008151667001684,1.3602849036189757,1.4360341998732058,0.18506886988367743,0.7823608602896583,-1.4995960025597217,-1.1769937385894422,-0.09104850778181961,-0.07403720744444653,-0.023606384131160674,1.1835730793560337,0.07163007431608573,0.27582793074822437,-0.37489891527497443,-0.2006062931425365,1.0994598926430417,0.1988868454906485,-0.21579867688354157,-0.7923938100892517,1.0524600364731,-0.5282150006555408,-1.5591557438972585,-1.754820278515306,1.1976450944390162,0.850491173164235,-0.3445503764415443,2.3735434891255993,-2.313550328949316,1.2815980361924662,1.4268932582759812,0.7736478922907399,-0.5499208980090898,1.2248626127061755,1.693396459343476,0.983244435996343,1.123386959605769,-0.02819891378899958,0.7216436181959105,0.22551940647675434,0.3983481795847614,0.6779174620396355,-1.1297174230125904,-0.01606350160476877,0.08368396627895469,-0.7071319127560151,2.1658653255614,0.48057550519315007,-2.0216081251474196,-1.7342617055751697,-0.8666133448229429,0.6923852702916847,-1.588445516153269,-0.033233544605473564,-1.538714161721972,-1.2276385305099697,-2.312242763642748,-1.0596281198492672,-0.10247407411035868,-0.29794461024416385,-0.683656507937948,0.8024120557615833,-0.9480030111056484,-1.7890934904118567,-0.6438059001150278,0.1896543631519393,1.7334437486809509,1.6029514520721595,0.9648094547688988,-0.6595356716837157,0.42166786654108734,1.6052403872549075,1.0223122865016756,-0.4678987225708256,-1.132798478461365,1.3402015335885034,-0.45350746111492635,0.9454175493887279,0.19679250687832156,0.9389657333901938,-2.1635997935623807,0.8844744084146435,-0.6431101106179321,-0.3472695885389611,-0.775206499218868,2.328855990238489,0.4966528211434692
0.7965473564956372,-2.408283044153839,-0.33547803628888,-0.7583021172959161,1.1633434378217062,-2.703664223562501,-1.1326880142105746,2.072708473389559,1.7555193484848743,0.6109429646268416,1.4013142465012187,1.0502953548862504,-0.39435427174834486,2.221149725849478,0.29680452189926426,2.769812159452749,0.8693659695149836,0.559294669761422,1.042134763065068,0.29641288815867184,0.8851724225393298,-0.7748351500372378,1.6413585238809267,0.1299465147390933,0.17744858252853568,0.7292637037936969,0.3129553843886692,0.3132444436322766,0.684983501525293,-0.7352027690399061,-1.0114609706614517,1.5493886518801703,0.876301713315855,-1.1405811091153237,1.492850630489905,-0.598121469076199,-0.7531408368091846,0.26951230571850093,-0.4543523667519274,-1.0961936240755377,-1.8461936640877308,1.0520894016950832,-0.43820226092585557,0.9414316812532437,-0.659999576774907,0.4374063758585778,-0.35169240393139356,0.05407863384996422,-1.6789646475065059,-0.16615894866229658,-2.2036409241187203,1.3135359813278367,-1.5900866808028153,1.598911377737617,-2.730281645639043,-0.8515530473975331,-0.746328163823528,0.603077220634976,0.15198608510882228,-2.056331483528161,-0.9123790197575808,-0.07227397426353488,-0.4841176004073878,-0.1125140815124479,-3.191003977979439,-0.15739485702055134,-2.3598882837756987,0.28325891956160143,-0.6672004786919978,-1.8395792019092403,0.019943523542375607,-0.9284825650202773,-0.40409109297286583,-1.223190605520354,-0.578599440029028,0.05679195048203309,-0.05917996517004253,0.5300946807538677,-0.23709547607807802,0.44174732596464306,0.12104003777075695,-0.18495867466867866,-0.1918974758553527,0.956813115428876,1.4538622870962865,-1.5360446377988761,1.298399355824387,-0.9093793738081524,-0.5168270487827359,-1.7128761358859976,-2.0519537594353987,-0.4848029528266024,-0.15323169499574205,-0.7937079350612183
-0.9683835977100828,0.8094659254844294,0.0981881342316165,-0.0015457317916864055,1.5676758960145531,-0.8019154496723644,0.8453584137608896,0.18547069455050058,0.7151022668464834,1.3886126268265064,-0.5605275281170495,0.7669447782519534,-1.4718774125285183,0.19621596352000673,0.7495791065563457,1.5427658416535888,-1.0859207302054412,-0.6129313796095729,-0.15417991395055614,1.1394785128937632,-1.356292784576916,-0.21634592211224374,1.2106283156722255,-1.0430970646436781,0.20985295891026406,-0.3386610842504505,-1.6518224082408755,-0.3677815339676049,0.5526378912861839,-0.45994242912780386,-0.37120573680041447,-0.540974906058016,1.202343956875918,1.1530079341962571,-0.5558584223855247,0.19782868667802112,-0.3151975345120095,0.7776339178842435,-0.5322462481521002,0.21887027370440196,1.1032845784647929,-0.7975902120675225,-0.03973975508698409,-0.7341961125043515,-0.24227194308405853,-0.4268654609400836,-3.2214191522266513,-1.6148341944231066,0.29939626727078233,-0.37209813322330076,0.9502372174306881,1.9311002370978279,-0.2799497467817388,-0.09401577944100598,-0.5914530556060598,0.3589732101843972,0.5886372571643782,1.305964299430736,1.2504090889352273,0.5703444843557072,-1.8914475308808916,0.9863888142143608,1.1366401420436085,2.2440741875097308,-0.5459186414109365,0.22069249471584715,-0.08779993858474192,-0.2539601116739245,0.774464813722433,0.8083542612441454,-0.8391689884859276,-0.9577203277700926,-1.3778516275501576,0.2957427749021544,-0.3046632866273876,-0.8832086969622283,0.2971102043941883,0.1278374444346122,-0.49581223322155693,-0.9298672535089412,0.3171501841083627,-0.31432729904925233,-1.3284102404250433,-1.543983391657192,-0.5836486186106493,-1.332515683030297,-0.023804380793234686,-0.054418038609143515,0.5132160020637417,1.3281549882553203,0.29360672654990017,0.02021226249036355,-0.6766197086749564,-1.4346596530870475
-0.5882410782149261,0.9074666283820164,-0.7747940556580589,-0.2468697035520602,0.8526587381190384,-1.1753622253314429,0.19562246588640975,-0.6484912607161339,-0.8054296608196556,1.9299764629214813,-2.7931872752486977,-0.6550068821684407,-1.1678650968548623,-1.2375859525887845,1.2788596490418906,-0.35251043032431517,-0.45657779591242054,-2.530520157269508,-1.256222203397201,-1.0568698544813033,-0.4074158354159559,-0.46490787911125797,1.275404696578422,-2.4691350349065777,0.23381904614367743,-0.8109660344118348,-0.4039252737291523,-0.33789376073758853,-1.644612555561899,-0.6847342527972402,-0.5629391353096135,1.7289527317721687,-0.05036201710625077,0.5365524715636879,-1.3695446763424632,-1.3576358137560918,-0.838810149322186,-0.7298248223759704,-0.7232877982889209,0.01820787997404838,-0.22805852066938137,0.0253499613208491,1.0673877716976583,0.22818556179988936,-0.7857177137170759,-0.32539844488822894,-1.4250968192545872,-1.3784193469201336,-0.1888218535358432,0.4778461001653598,-0.13210417017530135,1.0574335989791708,-0.21519940103122792,0.026838389948571906,-0.903698248104754,-0.5390018158931011,-0.3506723067195655,-0.39715601971969716,-0.06746320387273852,-1.3669770756163304,-0.7547870475024432,-0.9549617693593473,-1.250907621442265,-1.6008204026467865,-1.2236107430144112,0.38300468412183264,0.025955324870838625,-0.6205664228052343,-1.086799871225799,-0.25482407041213506,2.0599451269401006,-0.5709135601242746,0.270481813679079,-0.5027757113391931,-1.1820507738651291,0.20679542412909988,-0.49071055475899455,0.6795633343525469,-0.21003234978856974,-0.2095460317620668,1.8320374532955512,0.21777667917536775,-1.4003961819890605,0.33800338805584534,0.9516519986277029,-1.9812157902111118,-0.05775592219671705,-1.1044113474334727,-0.3991595483669214,0.09536812941627643,0.8772598103611271,-0.5917984409910045,3.3541776001044945,-1.078108367273489
-0.565497895683117,1.1892088045340747,0.0710481893049281,-0.3738150393340343,0.47648264642490623,-1.0806867075737197,1.1192768409868126,-1.1279619178123768,2.4587766029655747,1.3066286531916325,-0.47675934810548326,0.13703820710657477,-0.22890374916984318,1.0932293045008834,-0.425276635417776,1.839354108033148,-0.4568030090489787,-1.3524659750526307,-0.2779846308587859,0.05425837594578231,-1.5916001300288545,-0.6123494558791807,1.520445877649954,-1.3580347186495838,-0.38349622569241004,-0.19952827563581665,1.2198912566058748,1.7121392201396293,-0.5463147518418601,0.155113116527458,0.886483565650926,1.1511378101536482,0.8238624915787962,0.9730711211219626,2.5112932312530742,0.48216500425815007,1.452854209423145,-0.3141329866197836,-0.8332958649342419,0.9199357745108925,0.596532859426042,0.03874870258719018,-1.2632029719852838,0.11416413230416966,0.9381302605959636,0.5999671338054552,0.9771151442936412,0.907618086165835,0.7529485232243235,-3.2841424648307114,-1.071786943152785,-0.000514738142243315,-2.1651760846733463,-1.7866268195895147,0.6384104176926153,1.2296925333533666,0.8827804982630717,0.47077726488094696,0.9680920950845461,-0.0651697031436229,0.17857234296850477,-0.000207541676553874,0.3597236110949567,-0.3176909911141249,0.8186956535349172,-2.01287522615532,-0.2961042890965483,-1.0112133975003093,0.4338602776881973,-0.4329707557766377,3.856483463839383,1.4704980764789672,0.5158621214737266,-1.2416450933172891,-1.6321707175208444,1.3534719017635302,-0.042808742012661195,-1.3849772800612348,0.45275341550428805,-0.4043257200693477,-1.9284852038291036,-0.13649399561395156,3.0798871933394074,0.24961500483061225,-2.00570120768536,3.012034048783926,1.5074403629193402,-2.11643475831919,-0.09189528786517391,-1.859937424181464,-1.3722672302571985,-2.075907954698483,0.19061595574117585,-0.4583783781844014
