Cells_AreaShape_Compactness,Cells_AreaShape_FormFactor,Cells_AreaShape_Zernike_2_2,Cells_AreaShape_Zernike_3_1,Cells_AreaShape_Zernike_4_2,Cells_Correlation_Correlation_DNA_Mito,Cells_Correlation_Correlation_DNA_RNA,Cells_Correlation_Correlation_Mito_ER,Cells_Correlation_Overlap_DNA_Mito,Cells_Correlation_Overlap_DNA_RNA,Cells_Correlation_Overlap_ER_RNA,Cells_Correlation_Overlap_Mito_RNA,Cells_Correlation_Overlap_RNA_AGP,Cells_Intensity_MassDisplacement_DNA,Cells_Intensity_MaxIntensityEdge_Mito,Cells_Neighbors_AngleBetweenNeighbors_Adjacent,Cells_RadialDistribution_MeanFrac_AGP_3of4,Cells_RadialDistribution_MeanFrac_DNA_3of4,Cells_RadialDistribution_MeanFrac_ER_3of4,Cells_RadialDistribution_RadialCV_AGP_1of4,Cells_RadialDistribution_RadialCV_AGP_3of4,Cells_RadialDistribution_RadialCV_AGP_4of4,Cells_RadialDistribution_RadialCV_DNA_1of4,Cells_RadialDistribution_RadialCV_ER_1of4,Cells_RadialDistribution_RadialCV_Mito_1of4,Cells_RadialDistribution_RadialCV_RNA_1of4,Cells_RadialDistribution_RadialCV_RNA_4of4,Cytoplasm_AreaShape_FormFactor,Cytoplasm_AreaShape_Zernike_3_1,Cytoplasm_AreaShape_Zernike_3_3,Cytoplasm_AreaShape_Zernike_4_0,Cytoplasm_AreaShape_Zernike_4_2,Cytoplasm_AreaShape_Zernike_4_4,Cytoplasm_AreaShape_Zernike_5_5,Cytoplasm_AreaShape_Zernike_6_6,Cytoplasm_AreaShape_Zernike_7_3,Cytoplasm_AreaShape_Zernike_8_2,Cytoplasm_AreaShape_Zernike_8_6,Cytoplasm_AreaShape_Zernike_8_8,Cytoplasm_AreaShape_Zernike_9_5,Cytoplasm_AreaShape_Zernike_9_9,Cytoplasm_Correlation_Correlation_Mito_AGP,Cytoplasm_Correlation_K_DNA_AGP,Cytoplasm_Correlation_K_DNA_RNA,Cytoplasm_Correlation_Overlap_DNA_AGP,Cytoplasm_Correlation_Overlap_DNA_ER,Cytoplasm_Correlation_Overlap_ER_AGP,Cytoplasm_Correlation_Overlap_Mito_AGP,Cytoplasm_Granularity_2_AGP,Cytoplasm_Intensity_IntegratedIntensityEdge_AGP,Cytoplasm_RadialDistribution_MeanFrac_RNA_4of4,Cytoplasm_RadialDistribution_RadialCV_AGP_1of4,Cytoplasm_RadialDistribution_RadialCV_DNA_2of4,Cytoplasm_RadialDistribution_RadialCV_RNA_1of4,Cytoplasm_RadialDistribution_RadialCV_RNA_4of4,Nuclei_AreaShape_Eccentricity,Nuclei_AreaShape_Zernike_1_1,Nuclei_AreaShape_Zernike_2_2,Nuclei_AreaShape_Zernike_4_2,Nuclei_AreaShape_Zernike_5_3,Nuclei_AreaShape_Zernike_6_0,Nuclei_AreaShape_Zernike_6_2,Nuclei_AreaShape_Zernike_7_1,Nuclei_AreaShape_Zernike_9_5,Nuclei_Correlation_Correlation_ER_AGP,Nuclei_Correlation_Correlation_ER_RNA,Nuclei_Correlation_Correlation_Mito_AGP,Nuclei_Correlation_Correlation_Mito_RNA,Nuclei_Correlation_Correlation_RNA_AGP,Nuclei_Correlation_K_AGP_ER,Nuclei_Correlation_Overlap_DNA_RNA,Nuclei_Correlation_Overlap_ER_AGP,Nuclei_Granularity_1_DNA,Nuclei_Granularity_2_ER,Nuclei_Granularity_3_AGP,Nuclei_Granularity_3_DNA,Nuclei_Granularity_3_Mito,Nuclei_Granularity_4_DNA,Nuclei_Granularity_5_DNA,Nuclei_Intensity_IntegratedIntensity_DNA,Nuclei_Intensity_MassDisplacement_DNA,Nuclei_Intensity_MassDisplacement_RNA,Nuclei_RadialDistribution_FracAtD_Mito_3of4,Nuclei_RadialDistribution_FracAtD_RNA_3of4,Nuclei_RadialDistribution_MeanFrac_DNA_3of4,Nuclei_RadialDistribution_MeanFrac_Mito_3of4,Nuclei_RadialDistribution_MeanFrac_RNA_3of4,Nuclei_RadialDistribution_RadialCV_AGP_3of4,Nuclei_RadialDistribution_RadialCV_DNA_1of4,Nuclei_RadialDistribution_RadialCV_DNA_4of4,Nuclei_RadialDistribution_RadialCV_ER_1of4,Nuclei_RadialDistribution_RadialCV_Mito_1of4,Nuclei_RadialDistribution_RadialCV_RNA_1of4,Nuclei_RadialDistribution_RadialCV_RNA_3of4
0.8223759364110835,-0.03782714836425166,-0.441958014126538,0.1637466781900832,0.4844558582579333,-0.8061288281790545,-0.17876077343402175,-1.7898976199864165,0.1112861088233763,-0.2593662530581028,-0.9406762689109973,0.05061802256434389,-1.0970102039829508,0.24811973528644177,0.01206901931070481,0.3888606477921753,-1.0674095150304184,-0.2768161483831301,0.944661515761505,0.31867432703870613,-0.7761115831794663,0.3953204337894678,1.0469871107844018,0.2679710748462196,-0.21856049794340787,-0.006156606230332873,1.4655191345275964,-0.11021996627886754,0.29480270534759645,-2.149190684131513,0.2172404272537326,-0.27685267661706137,-0.43482156444260905,-1.1308666446439193,1.5507659181535143,-1.740278363332672,-0.6198878995581514,1.5051527936016829,0.22637369885425174,0.4654324479270797,-0.09415097911646908,-0.5498372780502854,-0.6913221228848827,0.8340735126842125,-0.488814062252754,-0.2038105165837099,-0.9791791661014081,-0.7140372764394188,1.3542719090528044,-0.282047872845808,-1.79198659216212,-0.22311085533715647,1.0256115177532341,0.6297529178851076,1.2828617424930533,0.8932941767521965,2.3295377614161676,1.0330872690330961,-0.6356071361624717,0.6819871367679612,0.6157650126812686,0.39186246899323995,0.11985145706162037,0.7615170311849355,1.7703009144886774,-1.5869738183255002,1.4511198542341919,0.21595187170535213,0.5588719681656926,2.4086696880681737,-0.9005991151269559,-0.31468839194654297,0.06648805875120622,0.8524474209586355,-1.324431363304656,-1.0565997549101316,-0.7567605643876362,-0.6736340038506088,0.07948145669445324,1.5429824640459489,0.6526838912268196,1.3501350978247828,-0.12326917689129843,-0.596138490599358,0.05793961610492404,0.002755527892291998,-0.13036579262576817,2.419724066752008,-1.2050902869787252,-0.5082834547833884,0.557527072527574,0.5760735034873488,-0.027215657647890024,1.3278876449638328
-0.5087120183330938,-1.3440152649308101,-0.030454171909979788,0.8629209975246027,0.8168582082730738,0.7401057768105006,0.9223743780825148,-0.4068434812632086,-0.7637749643641737,-0.47160672229249695,0.6269582225198218,-0.5949457085716846,0.8464107416018517,-0.1433004501133996,1.0429711948609899,-2.267764496807506,0.45177556992049694,1.5143525986222157,-0.38275357261920573,-1.1099060167944406,0.869244786791832,0.9977642277634486,-1.256477907553013,1.112740243734581,0.21128590958179264,0.5655223699499677,0.690961655537431,-0.6291265581406795,-0.7121930457426052,-1.8845574813208414,-0.44683048836711603,1.2182150282101842,0.9364253654499565,-0.7318135092043115,2.2790429000316657,-0.8039473050905931,0.44954028642871535,-0.6201840798153364,0.9841385434553157,0.1508886888014611,-0.011193381490210916,0.4423281771440972,0.9703348800496194,1.103015494342606,0.17708031437154662,0.49316653228187723,-0.3537894186542726,1.5323468321867737,-0.8266351469030592,0.6030831703719972,0.23358367486316228,0.12006983688829033,-0.18995164500563116,-0.4538008623231721,-0.9490888552114725,-0.30668995219582856,-0.34012753210968594,0.8705166785863558,0.10465209185260874,0.2412529097118868,0.2034581972123348,1.048840779667148,0.19065074383846045,-1.331363757578236,1.9791942700801457,0.5317647507115028,0.07755423898455283,0.31981555565496544,-0.02902363835025107,-1.0033902427271375,-0.6404887111391946,0.11651653529674277,-0.5117223668494164,0.07988177286453196,2.1682828127627225,-0.5802878500464608,0.7196006707021474,-0.9077363645117037,1.16417286325318,-1.4940553328355402,0.2886169102951226,-1.256167120580201,-0.8137627913936216,-2.395846070480852,0.024856798485067094,-0.7118524583973533,-2.230534564108305,-1.1683795437488071,0.5018850606828398,-0.8653678895781851,-1.7189067292193045,-0.06920789998884491,0.1903922511187442,1.312903827195089
-0.5148274434251079,-0.8534285136173436,0.542086263674236,0.27522403467547174,0.3196147834377475,1.0001566601475265,-0.5229233349163626,1.1362251535174184,-1.7927746983395703,-1.9205105945220893,-1.2764805525277052,1.183546335427358,0.49294431945386896,-0.10278719234327112,-0.8308531314274912,0.10720529262997713,0.0825276851679635,-0.34912549358227707,-0.3919404539349433,0.3939073127470042,-0.530131755554533,-1.535212557196167,0.9584896550105511,1.0963695201509966,0.06788252417393278,1.865057715386846,0.4508796345722502,0.4322683239347659,0.04490764814445625,-0.5346097855493926,1.2299667268480046,-0.3127654533370258,0.23014334848730017,0.9754846132249506,-0.4295746230275567,-1.2681098820744656,0.9193606622909971,0.23622878007981274,-1.353418802320917,1.3920257313326816,0.956892241938405,0.1192748180584042,-2.5575462114967116,0.191568850447833,-0.07304824878759719,-0.8771150578447174,-0.5230315578718329,-0.6634264684957698,1.430336301630882,-2.9825139142353803,-1.3139988936858833,0.40667252347702465,-0.7680576277573817,-0.5446412064013576,0.40133100027714586,0.33864184543950887,2.205158750167487,-0.37455420931671857,-1.4184183985939627,-0.6076335909848809,0.510735247905585,-1.3187964522211943,0.7223852024480631,-0.541732427156515,2.1956696147137684,1.2819039093780558,2.1839788298012985,-0.8093037052743677,0.49924357608821135,2.4726537549732943,0.9841874188773987,0.8503661218688486,0.03991907705383144,0.1786890112206368,0.3629679617558319,-1.2647755676464498,1.5232943352126966,-0.6663164322370181,-0.6681706405066843,-0.06578789817050144,-0.6149543632570985,-0.24789385681274684,0.4977224822334945,1.1030951947198657,-0.9151939633253805,0.08764239178196431,-1.0636315319554164,-0.9382402514668773,-0.3809316743192299,-0.5578328074522818,0.8177381674837971,-1.744882238913493,0.31165827479442876,-1.7164849082191127
0.3931708819745235,-2.721768969825268,0.13724751914898653,-0.14292691333160024,0.4800058994689446,-1.3500709684284735,-1.7533852499427294,-2.0049413801935194,-0.8869180525841518,-1.6394788710997705,-0.03652934336853858,-0.5257338051313867,-0.8197956481262715,0.016370220571706506,-0.4125249340177243,-0.7571470044083528,-1.1618727379696019,-0.20738144566185313,0.23143358552218923,0.7701476206073252,0.1146832621339492,-1.3634385107248852,0.7729094033787838,-1.7004476308725145,-0.08129472118493083,0.14402583764576204,-0.6218131068340507,0.29316860512623616,-1.038035317496753,0.7820835491781313,-0.03256003914714567,-0.053165079166707874,-1.3486805306871439,0.4050902240378881,-2.0155801357787926,2.4201441123945493,1.7196911224260831,1.1249653359943803,-1.0484923907412085,0.7160342824221817,0.8702557810168403,-1.3660913844326195,-1.7743590581470081,-1.363819138262121,-2.364346896644064,0.6845093011551917,-1.982512969665146,-0.4003987836657553,1.4409604376861487,-1.299889450729341,0.9122588242995753,1.719200071447501,-0.4336192717724876,0.7412620321540986,0.20267314960353988,1.925600390230201,1.506046542472999,-0.12603494582495878,-2.193210786010158,2.131915228518777,-1.371643691989906,0.015738405577104153,0.7918834247745978,0.5950636044102081,1.273024645610006,0.1881188041686217,1.0050768161628327,-1.4859153809768122,1.1186507011039595,1.020668172964877,0.1396402886933552,1.1428122971881312,-0.6874886985738975,0.11499574367754886,-0.08205368274434452,-0.993475206601028,-0.612374518989189,-1.2610731883567952,-1.4688127896514125,0.5576078850408639,-0.06766658696398765,-0.5591645361134226,-0.9063862290293498,-0.23683568497002241,-0.33603416157794574,-0.2874373579775598,-0.9283674233995342,-0.590927863101409,-0.2841596470730388,0.5122986028767837,-0.9636466401012683,-0.3322369871021209,-0.8483495660284756,-1.2661020960891374
3.277288117648684,-2.684116867336038,0.41844734857982024,1.5804848943410796,1.1938815977737232,0.5613660980010652,1.3196655051447375,-1.6145967438103577,-2.6087017243782897,-3.097104965966546,0.6745312894571129,0.4241267156920549,0.672263240207585,1.0473284628143193,-0.7850135656182202,-1.113584991268645,1.5646097779798542,2.013974443723202,2.7222234069918745,1.3431811161469402,1.388791133327416,1.6116852185651531,-0.5210433687211096,-2.087258129226074,-0.23081731728264582,-1.9224104276125815,0.2238914319893659,-1.368524919460015,-3.741862627433033,0.24216159644650173,-1.9249058195410433,0.7811884087808036,-1.5106175151244865,-3.0851485434295918,-1.404639596489565,-0.5156028321959065,-0.3809573888549085,0.46374929339653215,-1.3402498552466389,0.39027459693504035,-2.110735299362129,0.1418377505507198,2.5524311882951647,-1.6176805606129205,-0.4806928552255659,-0.1011235692185195,0.6118851830216612,0.2912486132134806,-0.8376353165283478,2.4567817147507993,-0.5109757550114721,0.03694916778614166,1.2344456664420655,-1.9225492769457386,0.31575886620243754,2.5899173195735656,1.477191910929338,1.6280370330788454,-0.32305872741496877,-0.8377487180921817,1.7445854014562945,1.500419906205729,-0.029527561427715107,1.1437244597917393,0.24314829055028175,2.1569824183634663,-0.8644938453570938,1.8311575623399001,-1.6263886876253864,-1.2622065787483103,-4.254269373539457,-2.397806558854753,-0.23521972497954557,0.6710527605342128,-0.3523429345965666,-0.5803635562748695,0.28854140658070826,1.7682850192278354,1.1334662351994194,-1.1094060378467236,2.8861975837018754,-0.2974912790579144,-0.9156744904064272,-0.6105247591752587,2.1630642118762786,-1.1069158295318589,-0.5639989573301953,1.7306762726568556,0.22351676026853326,2.296011356971097,-0.26022807629261213,0.7456136673827675,-0.799845874280366,-0.5944736889486764
-0.8429442634430968,1.009768222426886,-0.05959615358320245,-0.6455781911504519,0.6750997377155721,0.9363843970164587,1.030883453226396,0.3212396868122714,-0.4162740239919499,1.0444944703033574,2.2537451049564012,1.3977311918918658,0.3005097720001194,-0.39085021762349575,0.38278518834160336,1.2491728280386378,0.26995181920275607,-0.47603633161203474,-0.41755219863519755,-0.058377157710713806,0.6613982980351986,0.10800311232227186,0.6346074283850461,0.6079768860661783,-0.5114529798148102,0.5447333681539239,0.48831756169341967,1.212178818575412,-0.0024659550209845116,1.2295714795931076,1.7007083459121741,-1.4960529453722713,0.5627852066723491,-0.3742961964817765,-0.002882509148451562,0.7618354965012737,0.6521258650383233,-0.24386827895934549,0.9393465666207049,0.42351654187971327,-0.7581217680978076,0.45879693002781796,-1.2481985777293245,1.2988829078952744,0.0028562313026311292,-1.6380501699806638,2.0660227301288865,-0.4239531712694804,-0.6090775536575018,-1.436803581222182,0.05527993458043204,0.7722894792365184,0.24260793179360923,2.3232754673415137,-1.5695007737680498,0.9906448392363756,-0.5032355599794494,-1.0251824291008114,-0.44473495206207253,-1.3356124719143496,1.0426689242017528,0.33907226404860535,0.5672918690844866,-0.4514537808996839,-1.8337631025678407,0.499532165477208,-1.1815782594457644,0.4252340035364521,0.43161698540802973,0.08251991799880654,0.5826237690478944,-0.7965105686758333,0.48177709857026324,0.5116649343518631,-0.6001142047397687,-0.8032809607623388,-0.9256333042440562,2.044711421736848,1.375145582036134,0.9174489361241176,-1.4322077472301187,0.11777635081013392,1.8460892919976681,0.8584409110184826,-1.024653685174528,1.6984963812296463,0.4370005145975998,-1.9365324196574556,-0.2945524228735354,-2.5806541970053005,-0.8325836822730344,-0.02589904059668252,-2.1029107981535136,-1.444987262154127
-1.490104683612115,1.5387154880867333,0.3176007020189244,-0.7070251683338509,-1.2026165144601815,-1.044011538977921,-0.35739369988964376,0.16948070065310278,-1.6434000112156308,0.5210266036471439,1.1171304955860595,-1.4174153992310656,0.9617849728050316,-0.8236573351419909,-0.11923263403431865,0.08691635289448713,-0.32969957876819667,-0.4982090993890228,0.569012131326146,1.3164067491862128,0.9839883032833212,-0.9295511032867223,-0.11504220084253736,1.503850198288075,0.753309399508564,1.1304421106701266,-1.0592774317232778,2.170114545617098,1.5389878609677112,-0.1316020679561473,1.3343843534398985,-2.414572316303615,0.873142631301555,0.787859552537401,0.4144347367843916,-2.499693760019837,1.281662089232372,-1.0029002752280738,-1.4426573104680507,-0.4705743238074923,-0.8829897706283244,0.2151029102945737,-0.10362620216057694,0.168923510840589,-1.2113947575261677,-0.491461072027955,-2.274873044059638,-1.0846090905778945,1.673710317145114,-2.725110972829309,-0.0056136260847723385,1.8939610514552623,1.5224991237937286,2.617667964604837,-1.5417370472329583,-1.3415782876593842,-0.01591761881014142,-1.9250453248583907,1.3222178469354033,-1.1984125858024541,0.0035549186948243827,-1.855624669713243,-1.2497006485665265,0.32183449449645596,0.31614073273724275,0.9034906122435776,0.26754683628833065,0.7073466400593684,1.3746334575597252,-1.3270958186282527,-0.4133481741086208,-1.3893127044723106,0.33129937003130394,-0.6622765714163121,2.689512753110433,-1.1250421642265491,-0.7042121457647634,1.6438388483276236,0.7447749133900908,0.7638577485355311,0.10166015790059801,-0.9190546797225783,0.20441603134358144,-1.1136367181871683,0.2569930189519074,0.7115767296951485,-0.16041212832298357,-0.2494444791624466,-0.7782749561000778,0.06882415968187161,0.5129266913023234,1.2333192195871425,-1.1096973246656137,0.6674213228825873
0.7249782808588632,-0.06159278574552052,-0.046570849757281964,1.2117918968465822,1.3223791070308077,-0.6318934431717259,-0.750813766129558,-1.044964489112473,-0.630440665017924,-1.0284729908006887,0.31694214342949123,0.5001270607516295,0.4674205921805239,0.6107175755497629,0.8101891022145012,-1.1804135961966051,0.9348424672652191,-0.17175322989950959,1.30814629657224,0.21245662434487636,1.5257926341267616,0.8555929512989351,0.7564519591977632,-1.5976525990860635,-0.06043422889425054,0.26558295693354156,0.47795953595550966,-0.42663630533582186,-0.4401771847261236,0.09349228129786451,-0.9701258734286927,1.707133593117811,-0.06367018502475658,-0.19857436056999464,-0.7505747864946068,-0.3675704599608576,0.06026608499418251,0.6977703845841486,0.7091232222894248,1.690080599972513,0.21004845711004522,-0.16960278335336898,1.1002851216290628,1.2821761765507496,1.8152460612037908,0.2840625051866432,-0.4941751871117426,-0.24981314960840817,-1.5702094410033214,0.4645165658571979,-0.538349739731934,0.8070685672762468,0.9014951894638202,0.40059504409036456,0.6262453197278439,-0.930160960312941,-1.2243107977805259,0.7654153172599114,0.45045733248863784,-0.1297806122779686,0.7759830991594235,-0.6220163866571298,-2.0341757469458464,-1.4249074764803853,-1.2333343410206834,0.3237419021692402,-1.0822462831266182,0.6819341232187525,-2.1081123591194424,-0.7847239175933634,-1.2648796886156821,-1.7802025865483309,-0.35775983285954616,1.3963861581326995,1.8241442978988154,0.05026679214785812,1.3328554029021824,-0.1382342619448107,1.5557387825282736,0.46363353432815585,2.7929875719666173,0.8415193350412065,-0.2322256419823232,0.2493196958908286,1.830626064352952,-0.7735291741217021,0.118455965884178,-0.07258585170679221,0.5314563762287078,0.9232241602953795,1.0171434424327266,1.361386744015632,0.23853156407025367,1.0176988000548903
-0.7803177058955049,-0.8934524476473075,-0.29687284897915445,0.35547176973901934,-0.438867827908062,-0.16225654702748776,-0.5577756365289428,-1.307449640608156,-1.7238345508281574,-3.682874705520503,-1.9445124426490383,-0.9153960242358636,-2.5105186595029805,0.10667612439669538,-0.31527065069238136,-1.7260869725588064,-0.4560093050459109,-1.138870105144293,0.6685966593002496,2.261963266818071,1.9766917886347901,-0.669897139518512,0.71960472475083,1.5840514930398948,1.544840217492042,1.6631161006986517,-0.23446019674667334,0.348949757845103,-1.1405385758269415,-1.6484193592087937,-1.0193934550274788,0.2662632465831724,-1.0469067363508688,1.248104478862929,-2.0701821508284066,0.7799058536367179,0.6995743618288361,0.11013481595962055,-2.7378008768958884,-0.7589458319181818,-0.7239243623469143,0.6041737195323739,-0.5233279498689848,-1.0601702139794629,-4.122428031100624,-2.892386581217223,-1.5746628481737202,-1.465248049432257,1.2286622040144017,-0.6676400748337061,-2.4662618477567855,0.745755776032137,0.7600609562718803,0.6586965534790119,0.43931483403264004,0.9341279599226403,3.2810577683889806,1.5944724501662906,1.441414169834047,2.298718146891169,-3.002180645475269,0.2749013837618405,0.7475055669563049,1.5746763557574197,0.9733565935599339,0.20715629504172134,0.4171480798763097,-0.2524843797023233,1.15039352240618,2.3467110709104055,-0.2708018512962236,1.0057910317713754,0.02697732829189342,1.0701272951488126,-0.6380882459725454,-0.5794625394624892,-0.21222891056898088,-2.1195032761122734,-2.2632933602036784,-0.5148177001642439,0.9769558114338415,-0.12456850117873017,-1.8223211480131274,0.04924396881130331,-1.320184719066463,-0.15327003416295532,-1.3174183773177022,0.1653939971958951,0.04269202955109323,1.593906110889886,-1.567302746104636,-0.09018548645994917,-0.5789525333616717,-0.6287938649621172
-0.3676112018970305,2.4008958501392477,0.37438050403194323,0.06807419534924553,0.21891761698222348,0.42322347317264053,2.097165767321393,1.8309935139590967,0.8929308790632514,4.739374481578961,-1.6759427865716252,-1.1356943623150197,-3.6313634771457464,1.1986787318850485,-0.9754913633314694,-0.4778182663300715,-0.4210288913958342,-0.5399225471406695,0.724470893357114,1.088794999081263,-0.05213654555587305,-1.221501127251704,2.882457037746602,-1.0032765921216806,-0.11600840159307205,1.2638343810423822,1.011141294554771,2.4421449893761062,-1.272737357019832,0.7881270781207038,1.2877953079999052,0.6343048123107781,1.2294487069413103,0.9426222918284656,-0.9553942991587459,0.1867699625333351,0.43637359451925023,1.560555061494069,0.04418747492319358,0.19783549916710433,-0.2835358564864272,0.2291115052664353,0.6232275932915265,2.52579437396592,-1.2040440242250299,-2.7493560140723234,0.0863667403852093,-0.15657452422732832,0.5556063333699341,-1.1233539091386144,-0.9658977072361146,0.9100121230963555,-1.757227725673678,-0.06905774525039388,2.0421940734752444,-0.22457338247031075,-0.07299246368502588,0.304907783034893,-0.2626091212340712,-0.3069324245556208,-0.6611092260441206,0.8312981998333562,-1.2734588622049061,-0.30206554079444864,3.3646970693868434,-3.537020250443481,0.8450041538203581,-5.26833317336362,0.2512609593850694,0.2738403356269765,2.14566369495461,3.1134102797903918,-0.6651027625532109,-1.6545499896671005,-0.7205836019268732,0.5247031723281391,2.917966141200223,-1.3065972167590747,-0.47862344181990024,-0.474527306351115,-1.7048316657825686,1.0106876477991542,0.9498278371251463,-0.33905222933823215,-1.4715653529363382,1.4180783426928452,3.085618971335049,-0.8096262982273326,0.44971436092907074,-2.2979163257385014,0.13764537851695005,-1.8296963478590376,2.0855748346543725,0.43299928888524747
1.061922076567792,-1.3997529536453455,-0.2450294060652936,2.1680622697048677,1.3904305876163876,0.477880109663021,-0.1771626594153548,-1.1226195843695517,0.4576337888651416,-2.3958506175860212,-0.44564603207441,-1.4485451582615454,-1.2313537060464208,-0.2501337813251572,0.44999043468511873,-1.649424097270073,0.2495063941275071,0.6750929529101248,2.0158020383634696,-0.7526877079354066,0.5509512788126198,2.842567870777219,0.5683560728332491,-0.3388549691273468,-0.4980019975415112,0.4314922496238803,1.9105561917660072,-1.3889341967262454,-0.8555532080066215,0.7341571929278691,-0.30815847618264525,1.9434820736892597,0.28956402868433717,0.2658478389105422,2.1715755890736417,-2.1879027718296857,1.1554250613709665,0.7272579185244152,0.6332633484090077,2.267000186234556,1.0780015712846163,0.5528772457005828,-0.17820662549023938,-0.8442451244932228,0.7307270260045904,0.7021446184776239,-0.3108297933905039,1.1176034566134438,0.26300042794262957,1.5196181981657502,2.031740134547243,-0.6839055137411783,0.045999267336767014,-0.9818523487709649,2.1419280377574283,0.7331611333393511,-0.5804684047325291,-0.7556526274581468,1.2422748307192766,-1.5771668583199745,-0.7646847116794057,1.6316506492839324,1.1130508365208431,1.3423798098209105,-0.714867677797953,1.243407506543015,0.6533050644144784,-1.1086957518252778,-0.5185582583301256,-0.9175258398791105,-0.3130203497694787,-1.609908442428279,-2.2113967770641163,0.7788654350057564,-0.991961464182326,1.1147778932999113,-0.38786111795212236,-0.10329671427926185,0.3972872524202298,1.0287632991122833,0.7637806446977915,1.071494984284619,-0.5578223668411275,0.09280537602315705,0.5521157307147582,0.08327068151624534,-1.999997192060377,1.2481249302443382,-0.3905038443785178,3.1312431621462764,0.6117792702673359,-0.3481955346319172,0.6438457698133409,0.9503237989425098
1.245270333764266,-1.9655315265430928,0.08461396821068062,0.9844906165813225,0.80045784610798,-3.019905693087775,0.8779658635996985,-2.763344711953036,0.9516368250146914,1.3487347725088699,0.0661164286981124,-1.4200453384643172,0.913020521186731,0.3878471985933245,0.588833149529012,-1.2301129477696948,0.8216206182331975,1.3906127479795356,-1.3157139179583415,0.3415946872244754,-0.09716475108138145,0.23992217028401644,1.9079217059257698,2.5744695641322286,-0.10153127185763777,0.542564452478344,0.701762609979791,-0.18524923528638795,0.053757741532675984,-1.0564646157644875,-2.5314076766308617,0.4551522833608831,-1.2061787659372234,-2.6262180451707366,-2.138659367603885,1.4748942955256243,0.7610811326913858,0.6539596427614283,0.013113129081624236,0.8213323675492906,-1.3622509538817733,-0.5628344037044588,0.6247009785088061,0.4506562167261931,1.7469250846756665,0.18379018682759823,-0.1964404358153713,-0.07803445988140015,-0.3028050359911525,-0.21657075863100458,-1.0486544796004806,-0.10775216786677821,0.5360354860079103,0.6233041268568456,-1.4620100956434388,1.2663506635617545,-2.550289083847985,0.48751654871067895,0.10081716071263724,1.244887146638538,-0.8447989761512934,0.8877304100416371,-1.9103383168937031,0.6709431709521172,-2.4898221555114355,0.8593909488291503,-0.951730827959935,0.4887321559412531,-1.664507614041754,-1.8837700418428311,-0.3889381134560348,-1.0354941106377467,-0.16250629855441578,-1.164712855828648,0.24475927063864183,2.1823723969890265,-0.14901515543977947,2.024689415137567,1.3563632083838317,-0.7265423930732934,0.5002700045572914,1.0816489718540556,0.43165154709032444,1.1959400508917652,2.552973345579092,-0.5190642144421105,-0.07116647867948933,-1.8663590238084649,-0.35794308178225487,0.40509400778017457,0.30792031744790227,0.3500905672116937,0.21199288861323473,-0.3157259177819478
-0.4452045047136437,1.0832881387990532,-0.027363827135371128,-0.6611118777721094,0.30997877351695885,-0.50695013556069,2.3666950205720205,0.9039754650336247,-0.5164708299205045,1.3986796152630896,1.0210859549393876,1.6543101792815587,-0.6011750254971203,0.2997860016690832,0.06359482787178543,-1.2077331080356697,-0.1360011698274456,0.2789677699015454,0.2576999606322366,0.11474628511782009,1.892954651786683,0.4182177605446169,3.064175240401879,1.9696626099526178,0.7409699181852902,0.4133959678135827,-0.12519678069449167,0.3421815168703738,0.3075423029351322,-1.4570636481408281,-0.9991417245705919,0.17922025209160544,0.5973182988294023,-0.8673530698156903,-2.0284568379575654,1.512028521687252,1.8960948549182577,-0.9677652493529874,0.1508254643045565,-1.8868870516521488,0.09030935419196973,0.11500432467245492,-0.868999046969556,2.242202314629364,-0.7818637712925893,-0.6817426173137993,0.2972416882210338,-1.0481972606320167,0.3340451943453947,2.6812573875004753,1.0839614971275011,1.9066564612357446,0.5328416172475106,1.6346905375474587,-0.1626207064504325,0.20815802057662713,0.8436907282578117,0.8514245374097127,0.5597575745634019,2.654326172863099,0.8320128087456513,-0.1773732775973518,-1.3310786111814432,-1.0424603626836229,-2.1327976194681293,-0.5421994388161036,-0.9525482288864598,-2.3744537727106465,-1.0383821450684074,-1.2608249198741075,0.791911346140324,-0.06415417864006345,1.1194257871101687,0.3006050642782006,-0.8874993396322155,1.5082844354607987,0.5527083743974198,1.1852327096041508,1.1411138150097688,-0.8660922894484111,1.3207654191768479,-0.21710017228250958,-1.0403610818675422,0.37566735857611816,1.4433166409248839,-1.229190382138686,1.2280554821431882,-1.5053681755478876,-0.08260526931596399,0.20576986784972873,0.059102357853167045,1.1512540456316551,0.872371325529492,0.01222488348253422
-0.4882492450832161,-0.2960616521534727,-0.004069515434359633,-0.17509891337204014,0.07173869894234368,0.4357839420347128,0.8817779092037075,0.3151452776031868,0.9457107166387356,0.6338191822311403,2.438551461857079,0.3310951601969137,0.2897704924500795,0.01661636741173736,-0.41973244980521734,0.0725715059362676,0.6545986144655682,-1.4406586361473996,-0.16497444883372128,0.9634990875920976,0.6817082890872374,-0.32383784917202935,1.746804178491506,1.1899588897623472,0.3616249540464075,0.7889857354362054,0.04841533707700141,0.9248025254985551,0.5114785179729822,0.322056228813875,-1.0756183273967355,-0.053271555200283705,0.7696832130648994,-0.45547607951048535,0.30253455956701913,1.5985841218323549,0.6354973253688538,0.6942369142482958,-1.1172301040360624,-0.9958316609631107,0.8817105400204442,-0.5121188348696682,-0.0007993147701101933,0.0196387094962564,0.5340336884429875,1.0237772495304536,-1.7043736952537611,-0.2716589043534651,-0.7624968571318819,-0.36154387273627153,0.6107795204673352,-0.320445644406675,1.0872051161485623,3.43819284964204,-0.5046995710008987,0.05315615810352331,2.4192738019334277,-0.23070162001167718,1.5041265234410164,-1.4472598296885462,-1.4409017594645799,-0.7337498704398187,1.1534917511135,-0.7105788737890826,-1.417273012845141,0.6766660485459983,0.5220248405305403,-1.0856688012038165,-0.6537484145570862,0.6657126051576596,-0.5904605521140598,-1.1144710835083802,-0.16920307643965737,-0.021243243483785007,0.2377693974417694,0.8861754405408362,-0.5178259354611057,0.254125269840068,-0.5661948045576353,0.4532504572434525,-0.5097899927356434,0.7168782120589715,0.7481183484351625,0.8257304853024023,-0.2743235230614513,1.7287527029379155,0.7057399383209881,-0.2198919598034298,0.34851313530077666,0.18354308447613688,-0.9814835486635226,0.31612636432069025,-0.376023937401201,0.3489660978359107
-0.5631605395149258,0.7547021051238192,-0.024741190046912987,-0.2595347328090876,-0.4321523203384806,-1.7226066648383438,1.8752732305365374,-4.6390092005093635,-2.6444236263098935,-2.4765950021347867,0.16113116431214647,-1.8654065402236453,-0.4360948328568693,1.2132333252189902,1.8232807700985694,-2.040014237911662,-1.4339484756142344,-0.9397644431037999,-1.3921643933715682,1.6765448207049531,-0.15322526892347685,-0.6735972116634805,1.9545707903245377,0.9705881532401165,1.8874600766586567,0.9921734754606241,-0.08045008420870947,0.11802906704605887,0.03341223602903459,0.33566356547762444,-2.585796437511466,-1.9419325173231226,-1.655158197437528,-0.545528794066401,-1.2434558930856832,0.9017057397734053,1.370830434084776,1.1715075337444842,-0.8776845496469626,-0.16610553688501556,-0.569433883706843,-2.478442952015194,-0.151608068237513,0.5024584530710221,-1.0587120508892127,-1.0180999933940535,-2.131030751704591,-0.4264332097472161,-0.803273889680944,-0.22736294726414383,0.1438779079581296,0.22691348701922753,2.387700842144946,0.7972481702931504,-0.17940993535914418,0.02290990731622311,3.7056526828127963,2.1111107147236923,1.3817351662405954,1.4282297740990169,-2.3032472403177957,1.7218179913771186,2.197547034094625,3.7280056240584605,2.265918170151113,-0.012906852500332189,-1.374875359949648,-0.6988066550315859,2.124116129625662,1.433054230058063,-0.37394960351827067,2.0179002806321975,-0.8550648454110908,0.11783514842044995,-0.2818322550998602,-2.037996791650224,-1.0899347562726547,-0.6589736458198814,-1.4807443061348673,-0.5121208487599028,1.2799391715415513,0.99200666333678,-5.433284083881827,-1.4881933133165635,-0.9739666829169242,-3.1642526130721405,-0.266628861546862,3.153603586151259,-0.13105495352904895,0.024865680115865707,0.35018013509471796,1.7377455890417877,-3.0486476873080695,0.465966089434667
-0.6087397745340567,-0.29664178600144925,0.23597708548444504,-0.49960185264712653,0.948395360597734,0.3088618460810151,-2.563196671122732,0.8922498020650302,2.420301247495698,-2.5059831386567217,-1.9139780695054593,-0.48421938515209184,-0.6907367556730657,-0.2933051213712804,0.18423991068443882,1.9046401107666087,-1.2009691084622232,0.2836000449549639,0.5217505525562502,-1.409936866327289,-2.604766629274979,-0.7821718493855881,-0.724615546321306,0.08912980893498168,-1.5575728260923218,0.3048956438602879,-0.5727570127956108,0.8422736022670004,-0.12803611672319953,-1.5204322494779894,0.6566401798261299,1.018550266497892,0.7568321006467437,1.9399425989438135,0.6809541146649489,0.21202508179979618,0.44922964110076546,-0.18236925528989656,0.9165394760490998,0.070079990202531,0.6824323459507213,-0.13854753061041933,-2.7827905480736286,0.8588469239538544,0.3388319774569257,-0.3939000526857866,-0.7896117578348958,0.4640577042306557,-0.0997717153717283,-3.1812562202705372,-0.21251297095126082,-0.28456104894307166,-0.99252316356944,-1.0011810769183747,-2.9114470105310466,0.2880038622199726,2.6061345510068965,-0.39870079611243925,-1.1882279407348908,0.8401355513628626,-0.08097333179847106,2.608280282965129,1.521442207691931,0.2771976577254103,2.114478713762406,-0.6626496705146148,1.7027317233343195,-0.25714804604946595,-1.0406606028683127,2.9586641136015577,0.10978262335629763,-0.007197997359567054,-0.1385460428551265,0.0007809758844803394,-3.0861671034704368,-0.22985908964433666,0.5588489892642763,-1.8216364317593736,-1.3148420042641216,-1.0963670496269304,0.03685319355308303,-0.06731471355600385,1.877349288250548,-1.3783681660578864,-0.9464719971441049,2.588350475257361,-0.1629366407184777,-0.193415331115327,-0.24255621752578302,1.1927517265503096,-1.6493154260708558,-1.937255080782193,0.8098129385040012,-0.5862957674023312
1.3534006365367026,-0.6881659990636662,0.46452720152220256,1.0230610185406066,1.4456004908842344,0.6498800820106799,0.29913187882827463,-0.14752593984065987,0.6408941497169245,0.06353670107408349,-0.9202717726101393,-1.625408775579036,0.5415210422791911,-1.2338588084749484,-1.7017686474493388,-1.9617476791804198,0.5183437373952543,0.17973132568214711,1.7648706131417948,-0.5808399452463118,0.3496165918158281,3.2021829622957068,0.3884115699541364,-2.1340854024920066,-0.047821756561168605,-0.6759872782245072,2.9875250646002116,0.8584026883822764,-0.43555439751894054,0.009106626731971448,-2.1622571971124716,1.8608998413197584,-0.5501598486442427,-1.5553630255331004,0.18365251309591243,-0.7420410892379065,1.4869234187568197,1.1922348387940742,0.49550394817555177,-0.036842197097181534,-1.1046808234857293,1.0142783329223506,1.4803106285635788,2.804480634061542,-0.47352824108491776,-0.8735326968206671,-1.2438384074380866,-0.5772766192318571,0.28376484958643544,2.3372368151972855,0.7698847956863338,-0.62989985845771,0.5663181463858168,-0.22488452756561106,5.0598466307042,-1.070235536923546,-1.0790576832763936,-0.1586507345244265,0.5619674753006141,0.22453762328939508,1.5099332189953085,-0.5022794304781981,-0.9554707577180089,-0.9602659746794492,-0.08212277907708021,0.3639541327130974,-0.15672827619801127,-1.1309989520024804,0.3439542533757526,-1.464695808355958,-1.1950623677101009,0.6100858035691245,-2.042277340207722,1.6936891623591523,0.7783629145122211,0.9027121971392797,0.5007914510415447,1.7808733677404525,1.5497663522557212,1.3113559243106032,0.6957430796356932,0.40402636867049846,0.29407256849185204,-0.04199132722560459,2.0350604725624204,0.2369967994464417,0.33700191453193445,0.8630262978292782,-0.8152211105684123,1.7021090675634063,1.2932494751156858,0.23233860378494123,0.012326600129437315,0.889688838352245
4.368480994559428,-3.102217123268069,0.48064655213142216,1.9143078572623566,0.849944973980549,1.5190330586620684,0.8120987475507897,-1.2475211273749558,0.642260555743407,0.6549466865813519,-0.4242164134739864,-1.6895015618520113,0.39390606370154513,3.503250579215031,-0.4922502114707239,-1.3268267574353936,1.9491014681637109,1.1494149313641326,1.1471968529069743,-1.0839981320121517,-0.02348014540760237,1.929951880427093,-0.2619668738071812,-2.3110663368475666,-0.28654395254115683,-1.1538343285050627,1.4609885904912556,-1.6146082779359676,-2.031491792772647,-0.3835346055978645,-2.325709134698088,1.898175420831657,-2.457102325735068,-3.2602881399728956,-0.7524041528546069,-1.3103643370451126,0.9300698796509002,1.4449800074500796,-0.8278003002492388,1.561680361285678,-2.395963579712117,-0.869687008970903,0.13584149543090485,0.973147686952634,0.8457528303395092,0.8108425559534613,1.2316340791093314,-1.3307096648100805,0.3666087664790735,3.9340163377063395,-1.632054680653178,0.5681993096121003,0.027245000071627223,-0.43685268271658717,1.1853072908887643,1.0975619078857353,-2.9328762779462285,1.1109452208478152,1.8800260795886696,-0.88144843382328,-0.7538019348598959,1.217105021461387,-0.5830274597393816,-3.390370192442966,-0.853431364403241,0.9892960089558668,-2.453281087459154,-0.5625108406137332,-1.238101445700651,-1.671618192293886,-0.5342129776341646,-1.7263304499082366,-1.7591697283956313,-0.17069233488599037,-0.22772545619967954,-0.5626473023492915,1.0866318125351841,0.4115397776013433,1.078190794760934,0.15396525772547803,0.13418991176539252,-0.02116459728318467,-0.7453333142766164,-0.7054293130495537,2.7770099047297565,-1.1247397692600594,0.2286592409090416,-0.6495737447165644,1.0120509804234026,0.7109745092883561,-0.33115724595821666,-0.7758804606153523,-0.9613430783498427,-0.39361251525258667
-2.1050749560120083,2.120952350600833,0.11147967811602172,-1.7027431767503518,-1.9884614446173878,0.5932005720519004,0.03560822895757543,2.5878303537436267,1.7915875296943353,1.917724245535703,1.3319634378426817,2.7737394455754174,1.9746333853009759,-2.0438270882338245,-0.5412535769174827,2.020893637394591,-0.44243917459098414,-0.9739508935541952,-0.6601302742652337,-1.3781602928126013,-1.8249259762931616,0.056438173632987365,-0.923566658295903,-0.24313061197754127,-0.1265831392345404,-0.9259685454587336,-1.513289864514278,-0.31798647880662795,2.905848704708444,0.40920808023583516,3.3220930450842108,-2.285560160554824,0.6332760112623864,0.3446950593416564,-0.8478111171436612,0.5948066182636403,-0.7636520353201998,-2.2264336123996724,-0.7369491505042238,-1.5652587449465754,0.6690316405799739,1.666122047183687,0.852406713641112,1.3991229812340564,0.41052162432321937,-0.08666059143037752,1.3055028056997382,0.42996088848128755,0.1926205776177341,-1.871688952195224,0.45397756992572874,0.26920896249835147,-1.8059324989506287,-2.2926227649766995,-2.681391206477334,-0.3684477712882904,1.5266255321050948,1.9060408498480697,-2.4683211134076792,0.3864472962018511,-0.730729695334189,-1.5562432210327932,-0.6306660877093376,0.43624897812165286,1.0114785937261639,0.460313959196866,1.6464841106975556,1.008619277289165,2.1062807471138356,1.4506390977525858,-1.4655083251642713,-0.3516070038153415,0.25775813302956174,0.20710960568248307,0.578343909098871,-0.6446501912143483,-0.33599940641632575,0.9575539461801834,1.1608689113819535,0.32452712167923153,-1.6578624367812513,-0.6501794500756036,1.8038921828366112,-0.25720999071972034,0.49725620396318176,1.4328600035767538,-1.7933846070904855,1.7351427228241887,0.0977434350135195,-0.31013533065687476,1.1634183430890088,0.5831299644010646,0.17041502360566768,0.05041406753632205
0.3245259905306072,0.39918708543388004,0.5894916303647756,0.07806280139393233,1.3235264311969972,-2.101085590751196,1.3124920017758333,-0.39901527875893084,0.2996805571578802,-0.6561837658013259,-0.7291877270891753,-1.6792666451450475,-0.8352308349401838,0.8445386825601039,-0.9530978059831992,0.05941890300973607,0.33654137663764555,1.1048897261609607,-0.18958715185138808,0.8815330969905224,1.2800319883467988,1.3932442520667225,1.3043910854720493,0.834677880178324,1.6666387942058587,1.3073053430304893,-0.21717794179842187,0.7968658918114655,0.5056349851531522,-1.5116361372420657,0.5508066923612369,0.5884186650981953,0.17908083541444306,-1.0598708351710195,0.7337105209336425,-0.036801075131476374,-0.30727618198024353,1.4998655280868138,1.0007482120318245,-0.05504014922418887,-1.57797334650974,-2.685966550989588,1.4911094842789308,-0.09127200333832086,-0.7034598956045996,-0.8229668605767497,-1.4145165293282267,-0.7440680015612964,0.11366888724252705,0.7851850891846812,-0.3732984970132218,0.7930948622950331,1.9526606184988073,1.1355921276361556,1.6174263707211294,-0.41747669449122865,0.09337679328564516,0.9070375011332751,-0.5425280393474134,-0.585045881012445,-0.07963347533362297,1.6651616427784073,0.7834366671754494,1.5618323036607173,-0.47333496301238226,-0.700276270760177,-1.7869998057296637,-0.12447132732117228,-1.9188297629074298,-1.1894554902570147,1.7162037000889605,-0.25396382144696905,-0.7323754810927539,0.5926961808783316,1.3370800850722633,-0.44135689847678483,-0.744463276919418,-0.5614022980855562,1.3206734208763797,0.8508402781543695,-1.5735036040581416,0.5037238177031211,-2.746726612574337,-0.929620884618333,0.6669404679151543,-2.684181828541509,-1.030484945915574,0.2178708789558056,0.32077174948893494,-1.8206157185876441,0.4686297084386619,0.3805946098866685,0.6222320180166296,-0.11809076263952911
-1.2132982152446896,2.7933959450566164,-0.691076987363985,0.43799158075600086,-1.1975426966044211,0.5583151459998212,-2.1612862720776453,-2.2774682615366646,1.1484542009845708,-0.9523180533943636,1.502085619963768,0.4270572232639927,-0.6271526963666454,-0.876023876008452,0.6351866947514031,2.0736974533066896,-1.3516009692581583,-0.3814148665685105,-0.7293128123369548,0.30869828187400156,-1.2398225504191807,-0.298500743273318,0.33199994301981034,0.942834019288907,0.720728598324285,0.07990156661507479,-1.3949674505787315,1.0197067286242183,1.3530428410110358,1.3102073245356851,0.4741084676126564,-1.3988606467199451,0.805839033821093,0.7344342521097653,2.200966388237707,-0.3242941829520323,1.4431842653025047,0.20256057490125146,-0.3899573416365334,0.20250351261777233,-0.17165053382051165,-0.06297975953890772,-0.3776049927333459,1.1315261930696825,1.1094077547568302,0.5680954857193365,-0.48867801071699485,-0.05402299049205672,0.6661437789445758,-1.1358423487003162,0.22229877916737625,-0.7177982265882079,-0.6401721390360536,-0.9971358097185634,-0.9733550657209429,-0.46056003482944574,1.931131523186571,-1.2219164267431395,-2.0443290585650544,-0.3598930746080386,-0.19633726395540768,-0.451922056834356,1.5820834709522442,0.5302086499722527,0.7415068352457043,-0.0031524676349110603,0.9392670007234926,-0.6329135068401996,-1.3951802453216555,2.502177973281239,1.5190751180955075,-0.5401007922943295,-0.03461483835265977,-0.4678053762626058,0.42658641758795635,0.37987347275966216,-1.5103850145849902,-0.4101254210687283,0.6451643562024706,-0.47071565957701816,-0.4927093313294961,-0.14462562542803836,1.8145436135129676,0.3955950640425402,-0.9481849181759345,2.079918951453015,0.17604858412510216,-1.057923232053971,0.6875833214506245,-0.11689961932448871,-1.1186907951758331,0.5511251668687108,2.9197107199119743,-0.6096239561221043
-0.8716899309782794,0.9909615291463771,-0.12778858468428994,-0.6787842363950405,-0.3295501813392611,-1.4745721858368523,-0.5999396613015915,-2.291908379046477,-3.024972652325209,0.30845105721368327,1.0127085221884962,0.09918648464389879,-0.5168219894815577,-1.5221256470746711,0.6859558843493814,-0.35472390880353444,-0.1335149552464746,-0.8931735734235933,0.8103534521591045,1.2372542726077733,0.47842721824433887,0.6947237805686003,0.8822085733588637,0.9127657749733618,1.9157950806790214,1.6829985564638958,-0.48572384560537873,1.544661742217979,-0.7882113357426043,0.29877209827355145,0.005349378146670192,0.06553875768726586,-0.017876402883818282,0.34239236033811105,-0.9662962486376214,-1.3634545622980647,-0.05751790159910952,-0.32521131991733476,0.1389557399416082,-0.5724266049693117,1.1075537922070162,-2.2196230417336027,1.2438922875903982,1.535691802019056,-1.3425152591375569,-1.5206452732519176,-0.4964423603195055,-0.37406003518494874,0.41164417124938324,-0.8330296574124545,-0.05014193581277482,2.2219575986056936,2.6874734305514156,1.5228861256053907,1.0531875655572052,-0.24712837684254152,1.8584838210604666,-1.3409231235654644,0.5367091444750226,-0.6913850116761193,0.07205322789342467,-0.7244404765275969,-0.19006820499544852,0.675585668126919,0.44857380149545406,-0.3897813912765715,-1.0227167231374947,0.11933604260639119,-0.2699564485535874,0.931640205508483,0.15659452296881848,1.4618433409650626,0.0663315863411775,-0.059148148863407156,1.749431446295709,-0.044930377531020964,0.014357375695925248,-0.2700741010078636,-0.006871425366281991,-2.7171107449485787,-0.7068575427523451,-0.3702180542899329,-0.7747830259516283,0.11378425941960839,-0.20018414248831087,-1.4266922679700464,0.30314913986286796,2.0278862235543627,0.6487098394864355,0.9342993352088018,-1.1614242616160149,2.210829181342479,-0.21075366141964402,-0.01496930505900046
-0.4611971534578232,-0.5338754340838191,0.4466296309818442,0.19086581936967456,0.03181018789324086,0.7725299641520897,0.6724043372359227,-0.801101762651739,0.3338890634016649,1.6437750857553097,1.1465087637945577,0.9665304945340994,-0.7073306768194911,-0.23561474317166298,0.30071891260392203,0.3110939344953761,0.03345307565755082,-0.4830999358967334,-1.455582102828073,1.6144590767537725,1.479544732266435,-0.7501140021533309,0.9191929933463736,1.1858890055280416,1.4076208133827217,0.41702447962590905,-0.3317880073308648,1.3674304601588783,-0.47436211528861816,-0.5089499615477323,0.08662705907488497,-0.15414260411677153,-0.05287474743074813,-0.20875042780728215,-1.3738229078092612,0.4867092528715103,0.3744634846091354,0.06946331418555587,0.0008401285550007631,1.547016113741508,-0.2859338171211071,-1.0905131398645853,0.7014444785370527,-0.46498262687147185,-0.7526152000978922,-0.059141216728177154,-0.08198722790689261,-0.21080262030689234,-0.1703581401564714,-0.7228919051705311,-1.042698824929978,1.1390681164501806,0.7321172772255721,1.670340339693694,0.03853866851346799,0.24325342679978654,1.3655594175354686,1.8710395547750653,-0.09262817110033622,0.5497243257351,0.30290725856613976,-0.24137127583986012,0.8384888243969418,2.073976211895888,-0.8572108058372617,-0.9819308301862748,-1.3946831766940986,-1.1328275376649632,-0.0443626521975361,-0.8144085782324644,1.1818153392961883,-0.06298977388462386,0.9441914586622069,-1.369161083541596,0.020837472825158465,0.026341118381085642,-0.5505931936859664,0.3760535269752804,0.12575019139154303,0.9040119535463534,1.781988753521895,-1.0509644076717983,-0.36349228116500665,1.2783899262126002,-0.642489844433795,-0.17340634792891715,0.8847783135387354,-0.9914422076259675,0.40507057738433183,1.3823364481265656,-0.6037621574453296,0.16283782901519278,0.7431504744337292,0.8520022621084054
-0.066202885377753,0.9465409916011204,-0.1439612555067429,1.0057757299693022,-0.28172741480039587,1.147392502820641,-0.17495668789752258,-0.15972696109440626,0.6787195169359184,-1.1032978563169331,0.4155595668741802,-0.38008120065969464,0.0691467654143833,-0.3482971200499187,0.14311163938323518,1.5584805890102382,-0.6973315314314992,-0.49044920105814116,0.07125562141127276,-0.18398188657897796,-0.2953104001962907,0.1283285718467586,0.9679313010002475,0.38306067023000373,-0.7912268509129825,0.4253567595634884,-1.2520986388716966,1.406402794746229,0.7056568575696779,-0.13307085599935808,0.6326482391954269,0.3267842784718463,1.1165831285416825,0.20582176293257182,0.8291529571914522,1.1294014508859727,-0.1697211932380358,0.7352709944521879,-0.6543824225557466,-0.0018827622909631803,-1.0270471979090412,0.70222956167992,-1.0682950932052901,-0.20506279102905714,-1.337377478453757,-0.988598992916048,0.711150298646023,0.2808194820617613,1.0124957166082018,-0.9339306979780926,-1.1015757090349063,-0.5602758683704349,-1.3444277659356885,-0.26955459163722517,0.44581415273000286,-0.04417747680797457,-0.8877678700588489,1.911943204284431,-3.2928332894729104,0.7711678486860691,-1.5065770479288914,0.7951501821209931,-0.6217189155948566,-0.7308682946081371,-0.13794019587898942,-0.6333797245345971,1.1130534846530669,-0.608584519032066,0.2711924663348577,-0.4421919005174704,1.1091129455947661,0.6929494304920134,0.2590946749491162,-0.9640475604416754,-1.0387003342566479,-0.05101578739834134,0.48709261771520135,-0.25204633370089846,-0.21012233007047953,0.42692953103835257,1.005989591460096,0.496658677117473,0.14276158871525446,-0.05302831873689252,0.8764812439689589,1.0241092463948016,-0.807800059309425,0.9157746591894268,0.1787588517966823,-0.13353735238023645,-0.03184412939537082,-0.9515533886293391,2.813117516118932,-0.1395392030312636
-1.194052819967963,0.8770414540586076,0.3489162926415732,0.37066472746736967,-0.2590442839479761,-2.9848581293695893,-5.882200551531518,0.6209454169771151,2.0941848170345403,-1.9974393646903952,1.100333039006209,3.1915816369555308,0.08316255007115159,-2.5574201640530436,-0.6352467424359635,2.5215903435773024,-1.5330177883543066,-0.843458404624024,-2.919978919084673,-3.4940948814955224,-6.1252479371777735,-0.9780915894122344,-3.6887135085073366,-4.506188539631991,-3.691625538054236,-2.297795610462126,-0.8393423782495832,-3.6811638105153808,0.6017435812504994,0.18126511016195912,0.1556452865232119,-0.8967712640602103,-0.15466618197303095,0.875963590982545,1.4212450387221809,-1.358574146525208,-1.642179043972982,2.38833764486336,2.8128147649583344,-0.18798759368156143,2.7326826808009494,-1.5294412025642266,-0.5916698807196666,0.26592017242683985,3.614013349288944,1.5640546256291505,0.7005490890604769,2.336176049751134,-0.46859792988424054,-1.1782586398082606,4.533780317585855,-2.2217257707777764,-4.155840186949158,-5.523655936402811,-3.9729970117570126,1.4634061498657949,-0.4141511721228084,0.04689647667493435,-1.7540388486425202,-0.9490292335587025,-1.5642881148813634,1.6523283318598807,0.3444008717240724,1.4344518541492421,1.175130130648068,-0.09329852489767511,1.3004190248820622,0.8746733055653547,-0.7997159506486473,1.3571640201879749,0.44750117217223406,0.5287656342464737,2.8524294447493777,-0.21363884321625803,-3.6427445919490613,-0.5450061590816853,0.20880031183540987,-1.2587761948360607,-1.3375595323998244,-0.1399958800774005,0.37441698399895085,-0.3041592600495078,2.820410877486776,-1.633859969092878,-0.7341439457131691,3.7862893269065276,-1.9034874431756752,-0.9460433223297483,0.3775596739857651,0.07782164316559789,1.2129733393774895,-1.9489783921703907,0.09353914016675269,-1.7195916186935485
2.239580664082616,-1.7786225565772946,0.5287197969905718,1.6721672001598546,0.8591978302125857,3.0925878399407902,1.4869113896329065,-1.8741821838410118,1.3367917450877629,2.09638340598821,0.2917979969584979,0.3497762536081319,-0.1388603237782302,1.6563923212334994,-1.3904877957287052,-0.14551113246728453,1.2257501748483284,-0.38213521903070613,-0.10293715149332493,0.4982860851785035,-0.356203077113107,0.98403427250569,-0.8926571056956712,-2.351050748093587,-0.7685937503624685,0.4656921032255972,-0.37057699709960046,-1.6556561397844576,-1.9646191832537645,-1.2208000611879406,-2.3883810260896823,1.3766153895951851,-0.9934853891896572,-0.2984002166078573,-0.9733918484140954,-0.1633286131995484,1.4431778315838164,0.906009412166546,0.4196533251802622,0.14272225135674244,-0.1374800044996567,-0.6022975632445707,1.5077524538031506,2.729463547443557,0.2960091852191708,1.0985368996093157,-0.6565270451504761,-0.7306081140293625,-0.3910354045447217,1.5878421548083206,1.0328096033091836,-1.3656747605277118,-2.351935068919095,-0.8185426347779796,-2.910016562611962,0.07210360627924012,-2.242599702781179,0.9615107333471495,1.1896144384195557,-2.0209417939669656,-1.083709770565791,0.12980271060956472,-1.7068974119515268,0.647179521177579,-3.8487740192311444,-0.5791122861834095,-1.4631508190216214,-1.8532143372127967,-2.50045667318558,-0.3287807675292484,0.7818111586920687,0.4796759873953545,0.47786293775326194,-0.5096458130208985,1.4427277532124652,-1.8972199382113788,-0.14638647435950916,0.016143553335192597,1.123227422268715,-0.7842642343301915,-2.0249437498982417,-0.1564882387713494,1.0569515286278728,0.6872008234429293,0.4241788803412122,1.6691604674432625,1.0283606467529571,-2.2160535577789178,-0.16560165255550438,0.9368070217048186,-1.4251220856554592,-1.8915614498881368,2.893021024241218,-2.40946531403535
-0.4447575586490345,0.0661873991951159,-0.14972632034274094,0.39744196578892427,0.615691156385948,1.306012560790762,0.04393805909998505,-0.14219118272427334,-0.2681219018576724,0.15763175966289816,0.40701730645404016,-1.1130126215016285,-0.4867807181451118,-0.3067091405982047,-1.4145069172947484,0.2764205001894521,-0.12526412303215345,1.0831324704694971,0.8431482815682316,2.1604113861190055,1.6185021396138048,0.5176852951224843,0.28331989191605234,0.6851842060011867,1.809191110857219,0.7699252492369655,1.0190498193119797,-0.0269544290447411,-0.6423784984618653,-1.183372644819021,-0.7658149949163888,-0.12511909594983556,0.49035099623300926,-0.3105742042343682,-0.3693358218833955,0.8984676110561426,1.1781700386182057,1.001411214924281,-0.40909545659823193,-0.663029307676336,-0.08651923772317101,-0.7702505659820743,-0.20126928376576658,0.925939149242173,-2.516850783390839,-0.16288410857634505,-1.286805784713239,-0.5192568130508375,3.0313686195632017,-3.081371138780325,-0.914696825756684,1.8906510764627988,0.36456321250313733,2.36526786107637,0.14843478962378923,-2.7487056253352105,-2.6474237540395347,-4.053996072950084,1.0006190596487738,-1.4943115369186575,4.221438884701728,-1.7897828207188553,-0.7444082594873047,-3.2975588653540604,2.375635848671814,1.1703153220753733,1.4801859836322337,0.024919976354277062,1.9582118877948553,1.9629659340035974,-1.4205870974988044,0.4569664409923167,0.8200459858180006,0.6770023811291248,1.831876651027978,-0.2168927419294547,0.3556793035866603,-0.5804802927500284,0.6948046454229271,0.23447123647785756,-1.178423449296745,0.38301095997260903,0.15274179357468792,0.5327399779094835,0.8454901617877638,-0.597458815595428,0.20780171254949054,1.7538540780915173,0.42886986226964924,-1.6751574909458455,-1.6095296595426816,0.6869602834842532,-1.7131761545082433,-0.062313939300376486
-1.5270925364182537,1.6192046646527236,-0.09729563605950972,-0.33465149748435563,-1.9314462609745806,0.7941137115582649,-0.1702803984237748,-1.6556993997698422,1.2180927386388969,0.6230296408316194,-2.4409139828388744,-1.761160725332641,-1.7277185055822277,-1.1311283682722246,-0.821692998392714,0.9930380267542077,-0.3554755790490149,-0.5197104111066648,-0.48315624720219663,-2.228763923083975,-3.458446468497367,-0.3892974697741011,0.27548607696503,-0.9001564125464121,-0.6736936803370225,0.11313770730936135,-1.4200735420598258,0.7994365805823974,-0.186891422303858,0.28439981836579503,0.7424009405107725,-0.25817593398184235,0.23836063256398732,1.0187178756997899,-0.9214956611541183,0.8093865770994053,-0.7943846233122237,-0.8394949875378657,-1.9257958163762043,0.23622887209117216,0.6396290452878525,-0.2961303481879634,-1.9724574353214386,-0.5794230039660877,0.49157202840112274,-2.963128261645908,-1.3506176860432615,1.4376094520169858,-0.8003217496131936,-0.7821981201177994,0.030468817963165584,0.46767171484649167,0.13537569003001776,-2.1476871664870525,-1.9300146834567993,-0.25003656954301917,2.8582393835717887,0.5687721351635999,1.2469651785997162,1.199035364414926,-1.7151446134332522,1.0411699211097032,2.1263333306568377,1.8385051760103384,0.8617420585111151,-2.084532462608329,1.4058701368579614,-1.09653829200859,-1.4284848377314727,0.020873618247739034,2.4992570033065125,0.6068675264961659,2.3661097520976355,-0.20673382937498014,1.595920456049118,0.008592864466349326,-0.7471065882779194,-0.0689338962121505,-1.2209674209295147,-0.568857479641557,0.05354499177511829,0.8272609697162769,2.201455403195586,1.4874330169874326,-2.800890473668725,3.0073849671066544,0.6908261449161421,-1.5189991334359418,-0.6279826931094588,0.9238088588053217,0.7737547621068336,1.045843085813886,-0.20762255435260313,-0.4965697725242729
-2.68785346188758e-16,-0.22632474862194293,0.09959168551321457,-4.655261718503854,-2.6062349737473505,3.8917303727877988,0.14906466291918716,-0.8710789312267009,0.24827105835418606,0.9662980535449487,0.3587488659831276,1.731890679957922,-2.075079364404063,-1.7367763962994658,-5.379899350600766,-0.2311029974984356,1.9266479377904095,3.59737137136768,-3.0423349879526955,-1.0548224701546778,-0.3942732032348442,-4.826288344801211,0.1707921928103351,-0.33784801499275374,-2.3664522027717316,-3.5418967179435805,-4.22459024615194,-0.3407231130449511,0.032101637082826096,-1.8968019929908082,2.542249546747415,-5.111962551197777,4.394625109123187,0.4620299416858751,-0.8664415218596062,-3.934879338112898,1.8108414064011942,1.4895348556734338,-1.8577875195736664,7.694325266635078,-1.5784182465220697,-0.22471196542926308,0.4359883325842609,-2.7017229374780354,0.8986834300259099,-1.0409908968824308,2.4775517024862475,2.4999426742782944,6.740930891108918,-0.4279555734698897,-0.3990935190979852,-1.4634751659051233,0.29234390684771266,1.1660380356368454,0.02014051866672998,4.305971100098592,-1.3974496649893713,2.614481465312397,4.280713210663162,-1.6187627029537588,-1.381112637266829,-2.788470989044688,-3.156139298874236,1.360947011071707,2.1708403577322875,-1.1469269212141555,3.1582643904562966,2.153632546245676,2.6708480683401183,0.006457962962776446,-5.328773868286711,-0.8107074207648652,6.946432407640257,7.987164286367442,0.25040280574510787,7.078719609492063,4.4590955155984044,2.153173381814695,0.26699952325208776,-9.610058218138416,1.2270546945613043,-2.7131719130582646,0.035425690660034974,-0.7288001701097617,-0.3073487298724865,0.6015207343721014,5.051397133847568,0.03584027283627619,8.370671132630733,1.5888277556384447,6.836517874795276,0.8202528008121381,0.34718293236347564,2.0040915037643496
-2.68785346188758e-16,1.5079596435498317,-2.814538646506556,0.2680193363878319,-0.975960415511022,-0.4138875213781017,0.7590267543050021,-1.388657536315056,-1.3779823222436902,0.05701536524496466,0.3192321964940465,-2.568515731420451,-0.39929346417894995,2.9608854916423213,-0.5010482740056789,-0.3905969293276825,-0.07125959518577907,-0.7561535800985248,0.9582744976161208,2.004092805326986,0.4869363819106168,0.006057697391401717,0.10982262995231706,-0.28174893527811495,0.9290085235757848,3.8096163893055577,-0.3477592508309644,-1.0639295997324234,0.3591415157011499,0.5356361043371425,-1.349695328885725,-0.26751136062174313,-0.5809022109669304,-2.930886392845519,-3.113609488923465,-2.806309478410308,-0.03019762557771022,-2.2621230618912347,-4.436954263922585,-1.1489585367198,2.0238071148390135,-0.4560600998498179,1.9357110453066235,1.4757346851707047,0.4720476144924858,0.8869174456082225,-0.0780268899483001,0.3909757649092215,0.6060643853779213,1.1662440823639202,2.141816169898453,0.3082746717082008,-1.3388002418673244,-0.27746811650276176,0.2689900205953392,0.2482096250855672,0.23089173882394476,-1.7828235004151014,0.2714000667596329,0.05748752238219992,1.530111244503036,-1.4927924738717238,3.752133016142963,0.3293536781769332,-1.423470482399959,-0.39796355086204704,-1.7555715127694376,-1.7653309683732838,-0.53848571568651,-0.28934714204941353,-1.8021810495244148,-2.6432380033353433,0.42350792146016114,1.871302245783697,1.2606090525364522,0.8209931722655113,2.2441922359261293,2.204704206612961,0.4965131390459845,1.060821660786257,0.7176612402566369,2.2459744740460397,-0.9786724073311353,1.669544282993765,1.912349096594024,-0.02914357307524001,1.1110710480115622,0.1588439982633689,0.853522470894962,1.480081923547887,1.8275695926122184,1.8973668365272065,-0.2983436298966762,1.2751549074404167
-2.68785346188758e-16,-0.47391740155567685,-1.5689089853138016,0.1500345628079507,-1.522857999540793,1.4452134043909788,0.4764708193553728,0.765816116658689,0.7367535860708035,0.5715827632956114,0.43637981744553567,0.9824433534089697,1.5893426123885497,0.3138393947898013,-2.1212163097145953,-0.6484621977675092,0.18252530975806924,-0.542292756784438,-0.1872471248175296,1.3968575928834566,0.47403025931566334,0.7418482635499573,0.56494506887604,1.009550448472412,0.9852949146262409,0.47528036154631204,-0.13541330022283954,0.9184401524986286,-2.4405552576517873,-2.7664021492374458,-2.106451501451571,-0.03472398579960034,-0.45110252864651407,-1.638708290494904,-0.015840599826745905,0.23836647635227043,0.49288682397641576,0.6273105221706656,0.5328914243575166,-1.3250741025249961,-0.22717676586704932,1.3532776820599985,-1.1327187344310097,-0.5838911973537294,-0.8618043612024177,-1.2362938092773545,-0.6743191087086795,0.6709149753559491,-0.26680129269674135,-0.21607541400815589,-1.4619311507057189,0.12626485007655952,-0.1944155489830313,0.9303850883241664,0.6546730837200441,-1.628102474844758,0.20469711252935338,-1.3051148215047936,-0.595554068939961,0.21179193892276782,0.06329459752641756,-1.8687517885920495,1.253398809590417,-1.5425889510501023,-1.0908086368054777,-0.5963832587301158,1.114494212565494,-0.6739801507402841,0.17232454480492077,0.27372264304948385,0.9488865367788557,-0.7284845537404712,-0.9334134035230739,-2.417871759094905,0.6149587896132389,0.3583937615719568,0.8390709618309908,-0.18748788680214712,0.16436486651201676,1.6389929287999803,-1.8104262940619593,1.9749698137743923,-0.6380846017312439,0.5977203773617363,-0.3157636329116812,0.31901366481191085,0.4810357875930141,-0.6166410222716694,-0.206157099223845,-0.6210206610263871,0.1497582962148376,1.0507549601054587,-0.5480595924538455,1.2962652144246938
-2.68785346188758e-16,-0.416325954057519,-0.6483229485650678,-1.2084466959542701,0.7181669311010729,0.1785471089468348,1.34613674063467,-0.14306373308320522,-0.7452069235435277,-0.22537599558886004,-0.3926483632302262,-1.2640353653391507,1.2586120606611886,2.6227858338593,-1.384770939484174,0.253675439917488,-0.3658558854117591,0.4898723813734027,0.9024660468158527,-0.23022908125723948,0.006464090558515813,-0.6713363828522845,0.19314480834551673,-0.7864138720820795,0.4641731319469544,-0.44447156395262455,1.46930921493853,-1.2070644058218052,-0.7050827677568027,-0.41665884578983237,0.3746761145494729,0.5193236249664018,-0.2548667150936205,-1.9798801586695556,0.7000125191702885,0.13380934264699573,-1.2996228370576572,-0.6688929700784816,1.367316418920485,0.6495940828838758,-2.5124324792852932,0.09384089711396204,-2.023574556200992,-1.290957670525458,-1.2027288855356755,-0.19565735649360314,-0.01588384259526049,-0.5635514268772737,1.465527539587816,0.00767811905602101,-0.8314704078724069,-0.6179764938442762,0.4768287523914325,1.0963231252055408,-1.5615183665396508,1.6100392637009717,0.34445208917538467,1.4391565608520338,-0.3784564814928524,-0.7931278884782177,0.7154175931860424,1.0901479564121492,-1.8967020319452692,0.11750570588720444,1.3282731768709997,0.010288943690468733,1.2001112260039102,0.7315176234251569,1.7016659363530307,0.32435314061982706,-0.855190846978414,1.914280260154573,0.13485959781494072,-1.198513773663382,-0.29962383006048204,-0.059718206792704426,-0.24618755789042054,-0.6585292998811584,0.2650337722579347,1.0509869448971485,1.7043044501607787,1.183949937356823,1.1502108655747552,-0.9195996195727321,-1.0130397024038744,-0.6625043426112166,-0.7578841166211139,1.5299519389967253,-0.28002664747494166,-0.5848898816421353,0.25226928979674546,1.0804227371719604,0.03315816676618155,-1.0062143700083244
-2.68785346188758e-16,-0.20334933776330816,-1.6029945848426417,-0.01786569046413311,-0.06078976535669828,3.2646689851262063,-1.080092179583491,0.09223003738781,0.9252425918538763,0.24967453882832363,0.4810465907140738,-1.8498617877937775,-1.6354358811630494,2.254925377818747,-0.7944261426593185,-1.6183843125770825,1.4505135290524467,1.823380755129809,-0.4262840144093889,1.5988781064655888,-0.3351993271971983,-0.20647129749569015,0.032548994951764,0.15780144554225095,1.267360466114773,1.516822613286395,-0.09895813803861009,0.09286792713358373,-0.1493710802525685,-1.4375760970986198,-0.9319248435025412,-0.38663661337092214,-0.6524037226650731,-2.299729663858183,-0.06666674579800735,-0.43179005196484455,-0.28117863766937806,2.6493716615763176,-0.2808182104702146,0.8905084037711831,-2.1193847929960774,0.7656472587004794,-0.5383035475719543,-0.7302515143325702,1.1203571722549592,-0.6237496656514864,-2.013041358549378,-1.6043353035279457,0.3615248839441304,-1.1072556642741218,1.8215873867470145,1.2258553012419091,-1.4819718454513064,-0.36119723638974277,0.7907340796940571,0.237225810201797,-0.9958058669400546,1.5555355716308967,0.15432637682296874,-1.9020362936266495,-0.9108676277332148,1.727902991230505,0.13097146220265388,-0.09218429877298365,-1.7938187018297431,0.4947229055752624,0.26752237699901843,-1.4713245704972773,-1.5372272242187541,-0.45598059328419077,1.4643824395319744,-0.6509731031093663,-0.363157114396906,-0.5145750794994663,-0.8470811293501535,0.6668154918369852,0.674840071777245,0.3281537464238419,0.4408828829760869,0.9897063073038227,-0.4113995794668007,0.1670575988199186,-0.26569762134817476,-0.7201749075205643,-1.5093217165710509,-0.3276470838721311,-2.418817406732957,0.9898054983489475,-1.0874471847977347,-0.840753880804173,-0.9149568947544287,0.542825465168072,1.4128578093549724,-1.0356925176154386
-2.68785346188758e-16,0.39529996730113465,2.4059593801541697,-0.33199688408890204,0.49984982893878976,-1.129262393539379,0.4297431881714462,-1.2099727346935005,1.685024969090788,-0.6308695771549031,0.6230430734262852,1.2563915427037333,1.9688248966634787,-1.609266582142432,-0.07636893507491349,-0.5440971815590145,-2.0351725712749986,-2.222496875296009,-2.040904915989047,-2.2219309384884647,-1.5170796175211319,-1.104148097172217,-0.9368927046576987,0.5314054612521448,-1.00722800363112,-0.849121836376282,-2.2605190450592882,-0.7060357511086461,1.0335144464975785,3.0082820589438866,0.2050735642943201,0.03384377037347719,0.47519091831978333,2.560890417607137,2.3193824483067926,-1.6780230643559575,-1.3258336488509852,0.07502598141319627,0.43448110805245355,0.928397839850609,0.7234768642594822,-3.7074268626544784,-2.045300384898175,-2.15161889002105,1.3288569162995023,0.9028823896914249,2.026784753182576,-0.02712931918168658,-0.2580910765420228,-0.10419971860587283,1.321395998476009,-2.9328726832237755,0.7663812849890094,-0.5383356887153766,1.0078360853690753,2.828797769105418,-0.7055335904500002,0.0059181492187683205,3.1494594355670213,3.34623703356315,-2.6919543211344448,-0.10372408844423703,1.0022235174934844,1.2545260292000853,-2.154278911774104,0.8884792850011998,0.41009343819509947,-1.4249917943202721,-1.9203125148162663,-0.44192231372188184,4.052607762419466,2.3758077609875268,2.3755750375860343,-1.739999870099605,-0.13851885861312857,-0.7273671872774604,-1.5443787575204795,-3.644702554002637,-2.6529942966410434,-1.5023759623563804,2.6908778863368505,-4.709110393032589,0.09294834796197027,-2.8927724618026236,-3.3030615975064066,-0.20980900534173322,-0.5617046920036439,0.6580781566691,-0.6214909935742823,-1.0848903500047666,-1.958187027149834,-0.9858175042867517,-0.3153621088333357,-1.8419321927000585
-2.68785346188758e-16,-0.11016654080738843,-0.3740311631973898,0.1013599948334856,0.41434658933740104,-0.6144375090862926,-0.5258710128882852,0.944845394417735,0.32351280210265165,1.5242777841536133,-0.8419603253907734,0.6467152529280191,0.757328848899697,-0.44759710326900815,-0.07058552712803545,-0.44857518539625263,0.6759906756646914,1.353322550207006,1.4488714872632547,-0.059030601009749245,-0.936002720986257,-0.5033202886472026,-0.1922863294559198,0.8988674199828248,0.5245902996453147,-0.4666293519256053,-0.7024855968182009,0.579895943415059,-1.4261639299453006,-0.9520946957853873,-0.9080848367279982,-0.37416786008899194,-0.3990489753077314,-0.5009331438833597,0.028651087672333098,1.9741539184899346,0.5047823833471812,-0.0034420583223351287,-0.7889813580213992,0.4724916199200049,0.6483627779029483,0.8604707740876641,-0.2147845731736333,-1.3491754229313813,-0.5679769457053583,0.5445482592378047,-0.6372235859245954,0.4411762184685475,-0.4716873012074958,-0.06308755097033679,0.08317182632379572,-1.2688148929328944,0.35034632046102376,0.2826114233063894,0.9040058129054298,-1.7649466438946089,0.001088956182276042,-1.4594493443608518,-1.1494710719048489,-2.459249279625923,1.3690400516262988,-0.6482271029362423,1.1232436505011203,-2.0947379169702818,0.8240542791336077,0.4762133991649309,0.416450598438287,1.8636755682189572,1.894408748414016,-0.4054107588614377,-1.2625631222717333,0.09973710718339344,0.6424140386871388,-0.18298951510644135,0.9826035059426679,0.6603984202057043,2.5306947765731103,-0.9405543243836403,0.25838157161230924,1.3985776734018383,-0.1186802150331013,2.149659536945835,-0.3814197540614751,0.13255490234249084,0.22673168187391612,-0.2886604614720634,1.1053948778186313,1.124142946745867,0.23522327604832544,-0.14789502084296025,-0.2902432944771479,-0.3585566852301719,-2.006403647369133,1.2188894733958442
-2.68785346188758e-16,-0.25361069118890067,-1.2478438584299782,2.394272372523463,-0.3415826406710704,-0.05054564046657592,-1.0677401693898918,-1.2853518687130927,-1.5533620150944876,-0.4715189222298177,-0.21678734312315906,-1.614003042952886,0.9779853620933032,1.8236120668044213,-1.1355184891427763,1.1897038612208704,1.0497419477247645,1.6867445338705784,0.8507095333785648,0.8916796151483772,0.13940310522886212,-0.7643185844395826,0.03905654981533552,0.1494867067081507,0.6666585692447852,1.2991394286804439,1.1693628998590415,-0.5802896696681941,0.24191335491584498,-1.648756901559922,-3.694696687514778,0.0075211019287061975,-0.8342552160988345,-0.8691529681034027,-0.29941605115121583,-1.4760293353719365,-0.33990305247158914,-0.3468494987011511,-2.8741583019185954,0.6791701982361025,-0.5514208223102216,-2.6631168700364176,-0.7999731324051396,-1.5902161489565945,-0.8555725610100559,-1.02444586175322,-2.7167666090920553,-1.5981089874148149,1.434540423926267,0.7527842446758148,1.7083789103962408,0.4424205873106847,0.5607210435206772,-0.23180636401599053,0.33375956306527943,-1.4436533267436555,-0.5916952144467725,0.19111436055499909,0.9174789052174178,-1.6885718402332075,-0.8363303991211077,1.645571033443742,-2.4005258438838344,0.6825320013503395,-1.760827902465565,-0.27349370372336856,0.24033799945705292,0.25278012577063386,-1.1951990227715839,0.8253677222257428,0.3003470662823735,-0.05249623639163914,-0.08316852770214866,-0.07165541193226449,0.8360268837344679,0.07202338074681336,0.27550991128755553,1.8001071417867962,0.8754134525246285,0.39801579813934673,-0.019274084444350192,-0.15628604756397474,-0.4815872370615276,0.8782908321520354,0.15680560379851022,0.05404831228176158,-0.19259211587420802,-0.3626100724366918,-0.10787168698660868,0.02603058710666417,-1.473108754390394,-0.6091872927659521,2.5116360879775894,1.8595123841135903
-2.68785346188758e-16,1.1863461324192976,-0.8525070026563475,-1.7275243280377406,-0.35872484473619737,0.9863537700752475,-1.1291034378825358,-1.5008836244418715,0.5808271207972867,-1.1668939295019145,-0.36896516811761043,-0.6219521127393628,-0.3569489922536341,0.9787359635573009,-0.5766888383314939,-0.096670033432239,2.4687757282192337,2.978764455675556,0.04893592532986954,-0.20306230282841564,0.1086006931234553,0.9104815781727735,0.8148483928299286,-1.961028897526002,0.5906641234032528,0.8430325026357531,-0.9444887366095414,-0.1282817709722613,-2.0185671772208473,-1.6105115834414443,-0.9058187009324591,1.2077544881444497,-0.7757987503849114,0.22866018830296894,-1.2308717842352348,-1.253274318423009,-0.15503975573938003,1.529552575535197,-0.17347875609244423,0.3532719590849315,0.02042652379692894,-0.323343322603707,0.1468879062051781,-2.320607639215105,1.0055787152404927,0.16730724292444266,-2.2883274350615315,-1.0175520040514023,0.6306444968027292,-0.032126512519492646,0.12079111723500473,1.3253503774847941,0.46631371515060405,1.4449470246720195,0.33450280084148704,1.8092366823067494,1.189827371923098,1.8099031638306782,2.1778397448763034,0.6728192172736441,-0.11213752890358553,0.4009781393584688,3.39654655846706,1.2474186268690768,-2.003938744439562,-1.0193157045833972,-0.4582948845289032,-0.3132288230042822,-1.1269041391180727,0.6700659733856698,0.707449680386687,-0.11078836276137194,-0.3620991408699992,0.038997318734280945,-0.779897322821979,1.5245844786560805,0.27984193061193885,0.922924633708305,-0.36645403703967844,0.09062590091200917,1.0941798709607833,0.7691045213596615,-0.0644499950856619,0.6040217195466607,-1.2807264326071222,0.14236013728142047,1.1478095779129773,-0.11060627218619333,-0.2236802854900121,1.4939846114731594,-0.6662809265634615,1.300400783015755,-0.3990670574410134,0.28948739640411114
-2.68785346188758e-16,0.7119783251806534,-2.0007366953885883,1.9408940474109613,-0.6937769297142076,1.7689710160341132,-0.9860279352253548,2.170482228707616,-2.0017568655760676,0.41217586014911994,0.06849745409722034,-2.6556011497488163,1.691434722070464,-1.4953403463653485,0.3501834128939514,0.4597088079666164,-0.08611400899405977,-2.452244381384075,-0.013069014996229755,0.028160399839010808,0.8075417832786701,-0.3176205947857528,1.1412990576599125,1.1178609989802515,0.8714638816271245,0.9621301222853351,2.8364576973727615,0.7039538730495984,0.4335779245082248,0.5270164223848094,-0.3940144879433881,-1.3965842067887424,-0.9495758609934013,0.477696447033394,0.13991948858668915,0.29808937397554797,1.0177257564293871,0.28238074586889905,-0.9131602554790034,-0.30110063505541074,-0.8404504855073224,3.4410361189692518,2.9645908236175647,3.6120527497067836,0.029913135698365054,-1.0421552624908945,0.14358878440913037,1.7605651213284035,-1.1279323283409877,0.8803177690388415,-0.20501850295402468,-0.3549832665013407,0.3981905149928876,-0.2647697543909098,0.35169399907160437,1.1364937026363706,-1.756118100063653,0.30523753333199377,0.24342014925383426,1.7580669657081962,-0.8786494614363212,0.5680470743037956,1.704352192279609,-1.0212605056482311,-0.26933698360684777,-5.904549831001555,2.5333428513555276,-2.2015139256518195,2.035070200868844,1.5839924142843573,2.1540717747707436,1.9929928387300517,0.36714209834424905,0.19765550814825406,-0.7761172948773577,1.1175348011837727,0.9542981034935599,2.8667404911558063,1.910874661914488,-2.719430624045565,0.11914995683320201,-2.0103313528099145,-0.41927477938445745,3.209135293435824,1.5878305341815497,0.08059275419681963,3.0480922729930713,-0.18485256933615507,-0.28709845180192023,0.41349481008455685,-0.9741797011661687,-0.35546124105762,0.9255152280936375,-1.042348375508391
-2.68785346188758e-16,-0.8268497755629862,-0.09664612717271487,0.2912910422721343,2.0893133633562844,0.9025339257991307,0.7551830108520875,-0.9972329106686778,-0.9416892201968782,0.6836873400913182,-1.0078140663395412,-0.650173763085586,-0.6571616250077742,-0.3141679148755826,-0.8826959893211646,0.216206067470162,-0.03889453072907917,-0.5499911028905566,-0.9687489659799424,0.41060093447880686,0.5364837359612694,0.5133075599431269,0.13855806986361016,0.6364242573413788,0.13555378558387365,-0.2621100872228063,0.07850849722034552,0.3139941555809015,-0.9758620010615765,-0.34722026762916103,-0.7835033394236953,0.08403573496696815,0.8076529076282271,-0.787258553679604,0.9799184530420721,2.0764404774919756,-0.30967721765806133,-0.6506378082935574,0.4983924092745811,0.9511372927625121,-0.059611789836937656,-0.11808910158450903,0.8166844417058049,0.46023699575862603,0.07497841936451671,-1.5878222764756267,0.9155998129394167,-0.8631880389421108,-0.2436067328619939,-0.15876994618025375,1.8977482958102105,-0.4806109589236896,-0.6972440431101493,0.7973236044658558,0.9068539736442167,0.9906223816439226,-0.20046932366487816,-0.5011639775403051,-0.6430090908032352,0.08125222254156685,-0.8209932492755608,1.3465237293593448,0.4748353858817782,0.3894514982900015,-1.5817157217277162,-0.7022488168132682,-1.8827751836934001,-1.461541386339201,0.18490248561837533,0.7653642769573727,-1.7391241263500024,-0.24915583182455947,-0.7999786717844575,-0.8739170656608923,-0.6799656723576336,-0.782745817341207,-1.4060075112495645,-0.7727860633897123,-1.20807982408328,0.23055345858512366,-0.90069309062055,1.0139465468737814,0.043853411212291714,0.3316566345553931,-0.3019384715309491,-0.694237412235592,1.6266719858883452,0.09635418815106003,0.9203901242327996,1.9621557669432221,1.3713084032083636,0.10217539349758245,-1.5042926030981856,0.01775834349923755
-2.68785346188758e-16,-0.19926272194449204,-1.8856522122126878,1.6760641422069145,-1.0183019655911352,0.20887084053159533,0.33676420047297206,-0.2491106371971254,-0.03326985897211654,0.8994594741656278,-0.5807919532038273,-0.11817086765515283,-1.0655713665108997,-0.2616182049652997,-0.40784377440464264,-1.0084731883030125,0.9381844721514284,-0.1494434567660785,-0.14443238644783252,-0.29950939696697154,-0.25572167426247433,-0.025634493610139947,2.14625282056548,-0.8004689760711063,0.9786740474077777,0.27934219524690207,-0.4917049259695613,-0.18878063864507844,-1.630279316010155,-0.05131468260393787,-0.04822216416789693,0.39924476401642783,-0.4443682800944084,0.7498757699278862,-0.9101725711114261,-1.3056193664218618,0.938555601036,-0.2688873084629593,-0.4616788064120637,-0.1811303776784115,-1.075913639588954,-0.29793670908631065,1.53429455003054,0.6022713335554617,1.5194391716023565,1.0778331982164402,0.4072204888475219,-0.8177675616365899,-1.195495073416102,0.17984747254564412,0.2923823865658298,0.5322012489197621,-0.6711530983574662,0.35859182105409415,0.0683184373850558,0.05608855987279726,0.47028693268907595,-0.49958012739991847,-0.7103990532279377,1.3085784884908767,-0.3784333965669832,-0.5522991556642879,0.10664333106806362,-0.5759905819050152,-2.589991342629114,-0.7621422099143915,-1.7527463550022229,-0.22108008550135191,0.6605469398331325,1.0193007843048258,-0.23655732729252021,-1.03507514309383,-1.5278492549178804,0.1791816352890356,-0.9723119527129985,-0.46163689476732017,2.171685859009391,0.12955302955010628,0.3464971901714953,-0.10916990870358778,1.0119203981252651,2.8176210336799903,-0.1040832332199445,-0.2803603973019939,0.4484238741258033,0.4284155434075059,0.9140340694628515,-0.06686407374567464,1.3748014030466411,1.524269833202411,-0.36570163771251807,1.426423980745032,-0.5208652124450674,1.5798693459762527
-2.68785346188758e-16,0.947590140902534,-1.064789199337655,1.4668957715259687,0.8964755767160977,0.7907396737414492,-0.6777301128598208,1.5341367490248303,-0.781792404883632,0.6832722956148571,0.677722414463692,0.7195896076195483,-1.2436496368701306,-0.2561762610179567,1.7524493293634802,-0.9224950197385032,0.9134700017778203,-0.5792851383654549,0.785196226237119,-0.2647899311236224,0.12613207359450565,0.7551201710973005,0.7443424255149224,-0.07971188777016033,-0.19776170589560615,0.7393590693699867,-0.7771328191030876,-0.06860914413545853,-1.3580150922564227,-0.9371882932487396,0.5666266209643386,0.4022709526806998,-0.6317760183889318,-2.105310296706017,-0.90866261922416,-0.8457017771270554,0.09272627848216919,1.6435143274481883,-0.11455144271034805,0.41132132970143453,-2.304148296103884,1.8684452800992748,0.42988478183760326,-0.5558857439117395,-0.2756436348846737,-0.1486804708537809,0.3288251030678301,0.21366596666493934,-0.42930565588874253,0.2644741573004982,-0.08583407672316329,0.3240396861498582,-0.37450710594091857,0.025765222959358656,1.0354804974738838,-0.06313999944416104,0.9738894001431146,-0.6634574384987018,-0.40450228044542014,-0.6494194151745055,-0.107543166684404,-0.10700015526823792,-1.9309793997327804,-0.8065652355943729,-1.0731417889165045,-1.3875609479658741,-1.3932718130185129,0.5799334126982407,-0.386655568056962,0.6933210418804594,-1.0763563856675866,-1.3713143416631162,-0.23937590389473987,-0.11233976483069619,0.045240192336210926,-1.2343943681395837,-0.5559678506135696,0.6786982575708509,1.049142394679405,0.28101028442796333,0.3364797153476842,0.49637953565954884,0.04477757222635036,0.20878855431807142,0.6994846692607147,0.17338773509136635,0.5482096122154857,-0.7217731420409654,-0.02634901398885023,-0.8438668560985935,-1.382366057386602,-1.3286060073787045,0.9421442311305691,0.004398768846320622
-2.68785346188758e-16,0.3263502058599429,0.25381700946422703,-0.23472795884393988,-0.015428302641721764,-0.9447608042891952,-1.037920435329398,-2.067370877196234,0.2958301618385241,-0.21589242356871774,-0.921334157661535,0.6314689685956614,0.13720479907424463,-0.39643708709038983,-1.4853416829775037,1.060275475943449,-0.5547599212730007,-0.6622002120361127,-0.5372787764482676,-1.1288558907787571,-1.1567896410559073,-1.352440584975754,-0.2913036157724739,0.7145156546896144,-0.20927043505336432,0.30949562137831,-2.2245581419683775,-0.43514935714913283,-0.005515539981660267,2.5464651831194782,1.9320082805556011,-0.07857084785431018,0.460264742983555,2.2743573027622417,1.9933115426837726,0.4672440217683467,1.160601342817999,1.3031084065027856,0.46372512285722506,-0.3352675309946992,0.2943562377849296,-0.15203511220186053,-0.6178214913924016,0.01597454183544561,-1.4639580955125726,0.4420328091168434,-0.5251489412141064,-0.10317451743201844,0.5929188509729983,-0.10468834028388038,0.49492462597202,0.2888132950961017,-0.8141036987432186,-1.1759171077973052,0.347673014850412,-2.0046687812841784,-0.24881612080315607,-0.5009477685200998,-1.396236358896509,-1.7799328108006744,1.9357221675073313,-2.5498659847311926,-0.5452661621576479,-0.8757640107634889,0.6265850527894721,0.26941437941127744,-0.6923058723419826,0.5883495305970107,0.07663100839347525,0.5220183490375268,-0.9595907289145006,0.3065751485306034,0.4142582758312673,-0.2535403470394697,0.7735438860438483,0.43600535153914527,-0.3998365888364206,-0.17692647529056654,1.6016622937673766,-0.9353878326291498,-0.8387481619117556,-1.111951391083098,0.1540136124464867,1.8822163303647903,0.14613392854097873,0.060026709486285225,0.44318374786741577,0.47426707427148446,0.5691549302828744,-0.9342679395328645,0.32500966482174726,-0.8372550622735261,0.5440965779693717,-1.063680780986397
-2.68785346188758e-16,-0.18290226488672692,0.9219608242119037,0.3819601046629556,1.4717607078192811,1.553694554673874,0.8309784370470542,0.6895660417590871,2.145335174764654,1.2438509792537988,-0.35998890554552776,1.0402042318862859,0.5885798651057614,0.051012512643971,1.5034409638191153,-1.1588942592676397,0.20918186181990725,-1.5531745698004158,1.2465525508669864,0.01117408291454064,0.7995078998764754,2.113871910831441,1.0816958305119715,0.4767082151811623,0.045108672357973334,-0.5066063988340264,1.8312383519030062,0.3309500720846066,-1.7039138305673929,1.0279916084161913,0.0013144084845144732,0.6054705082445355,0.7535094837980556,-0.08825218380924027,1.7393473831052675,0.4250625588120838,-0.6046910358188229,1.1235070593427166,-0.12401437515382943,-0.6338480791718982,-0.9082997291105602,0.18006573133178472,-0.358292459067693,-1.379186736661393,0.19926729716246958,0.5768759586353154,-0.8832197025314337,-0.005521088419138065,0.4103643479373278,0.16843662373692908,-0.024169919949449226,0.19029691878184074,-0.8658719703274785,0.17118313158584228,-0.33115572907200075,-0.543339963746607,0.7277874225003529,-1.424163163337378,1.4669475736431985,1.1517822382792078,-0.6207734728610599,0.19425340795464324,0.3718922836541597,-1.93150848842938,-1.53881213554402,-0.09045696734510378,-0.7645135163961837,1.2387245175379966,0.17491575320810052,1.0615880164054088,0.2256907476390365,-0.015414595547339038,-0.6631740844104657,0.827852922553923,0.3719962984099652,-1.3069348196790211,-1.425973273298855,0.08750442311602821,-0.906344402654885,0.036005292920038734,0.8738593126226604,0.4300836209391412,-0.3086466218320107,0.7455835439857512,0.37982232028119695,0.0646353855237942,0.5249679451971961,-0.29758457458300436,0.2723738983722668,0.0729990410878543,1.3620107075121106,-0.2734944533807009,-0.04986146599791752,1.9880664939864003
-2.68785346188758e-16,0.6176162356635299,-0.9560274243472586,-0.013903817473101432,0.17998985283699975,0.30372390476078037,1.0320689105533802,3.173129819196865,-1.7507714538833024,-0.9168601657958045,0.23779321253994665,0.5441656193686424,-0.9484272851598813,0.28050231077298804,-1.3252323050214323,0.24486843829297256,0.7592988371004548,-1.3379228187404113,-1.0457754600421496,0.03451719460812738,-0.4953641979683097,1.0338014431485787,1.2009038576463387,0.8673319930682447,0.9965371322261228,0.24727191084959413,0.6876136046499431,0.3289263329059329,-0.8512017097102966,2.326506568875741,-0.6642722739752653,1.4877447871280522,-0.9011441180497867,-0.03785466898944395,-2.013676586392578,-0.4037766489492912,2.9056725655670803,0.018456313397301777,0.3665086832558689,-1.4353140277716925,0.9170351881848707,1.6140344607270587,2.064893409972536,1.4152094091288938,0.2533872980259153,1.3131813733135602,0.26739416414336836,1.029782947469228,-0.7138301877002188,0.16366809668463556,-0.7109438275199548,0.11450591383948402,-0.70368104910739,-0.43253839217490525,-0.437606255707437,0.37398318289807214,-0.24340967589134638,-0.18143916169528823,-1.8551543284946388,1.693245575296458,0.3263985767449745,0.45825152782524203,0.5739190610869088,0.04923097820128619,0.5317406419905131,-0.605571530857019,0.25506956222637045,0.9958432586052908,1.5949546560243837,-0.13142806860141754,-1.5595257159408606,-0.39971028507571427,-1.937048578279032,-1.6106399232952584,-0.5585662612671081,0.13956016258876455,2.5103673488370557,0.638935678253993,0.652751979555331,1.2152609021011491,0.007625247206804298,1.953707335012979,0.36910381623803934,1.5542332789035804,2.095866901870122,-0.035879580926779835,-0.2596927404248321,0.019047782542720038,-1.1974429145363021,0.6074947431370917,-0.23549586346378504,1.0400455164222207,1.2026543583496023,2.160314161288844
-2.68785346188758e-16,-0.8543220069036845,-1.2817338360294535,1.648075466769631,-0.34675681494180266,-2.2149219621035896,0.29910463912401564,0.7959250984968083,0.15297564508808423,0.4230349909588568,0.3612106765923523,1.1011735556848865,0.7927705221987233,0.6085913813762196,-0.5242078146721363,1.0036562462573486,0.6170672772743735,1.823729658213514,0.4753658321472311,1.265416383505917,1.0692750005784126,-0.5411303444112042,1.2604713579882643,0.3719843458307512,0.31576984967798255,0.6089659473237001,-1.140545956593846,-1.1527782663344839,-1.2594598523207583,-0.9321382979960586,0.19643101065271984,-0.06216611113287507,-0.10973414444620114,-1.566661195246922,-1.1971711603585828,-1.1733758402811185,-0.4327219333467661,0.5701280244085665,-0.16867704591003396,-1.440914104548093,-1.0148362922291891,-0.9721763316292418,0.4453858140742942,-1.568127504950236,-1.172196718900082,-1.4713422056669059,-1.1054847306176478,-2.005067840835021,0.45183905774089417,-1.6762919526496494,-1.601112207367256,1.1136492239436815,-0.14611048851990516,-0.4821544767746319,1.428072774173704,-0.012557974029767771,0.7220601901044428,-0.10741356568828542,1.1278615818156392,-0.5873637659874903,-0.8024956705106261,-0.4815998108358698,0.07368067354769821,-0.10042962703566927,-0.209600661450521,0.8851116121838833,-1.7889815850323982,-2.0393181101939857,0.6498097861883385,-0.548736958061135,-0.24233281359652303,0.8836648669016445,-0.19915802968392576,0.8497275788974128,1.038653449321224,-0.04862384622632979,1.3101555780838188,1.0919455710034511,-0.6456432780087087,0.2619914802554403,0.024673740405468412,-0.14814396772014649,0.38793521883482535,0.6472018240807328,0.10251587163683129,0.1705063547038301,-0.6110218704702464,0.23789836860218092,0.33307434785861145,1.1223033264422033,1.3066191682704056,0.7256022591728564,2.5583224758126355,1.6256679773693357
-2.68785346188758e-16,0.46378093272657217,-0.1824023270070384,0.49075999755652555,0.1277149602368075,1.6489830036236284,-0.09369042581682699,-1.5053173669447562,-1.218853879784438,-1.780310143556016,0.7870625693925601,-1.0862633072097843,-0.9396726739878898,1.7352798494793993,-0.29953595757730267,-1.048825866044065,1.327932582883906,1.642442151438743,0.35588768058502396,0.2430476230648796,0.9112150245529713,0.6001346175188343,0.6058206044087316,0.18963637738472713,0.45413020765192824,-0.02685512315963079,2.466102748330372,-0.5703249592227785,0.615283381817337,-1.6666119045326888,-1.3349869645055963,-0.9729429797283741,-0.17061284655176678,-1.5422224548707955,-0.589543857877055,0.5043928367967223,-0.5722477368208634,-1.4237011043570527,-0.9505547222741487,1.1337185596821202,-0.3171687808858406,-0.19297187399657512,-0.7435965130569442,-2.2035290340448577,1.127113471186303,0.39337007505731164,-0.85302361671193,-1.8471709037834836,-0.8646824148384555,0.37635140241600346,-0.15404120510138541,-0.03258093000233031,-0.44612093265199143,0.47055969390127794,-1.4168295795638588,1.5477409416351082,-0.14527519817714585,-1.1122125984253297,0.9849087431119977,2.4438573518525155,0.5361285630139959,-2.0295542401984297,0.26179312111651676,-0.0778493100352915,-0.4039203693664225,0.35978852802575717,-0.5687842549626103,-1.1050489798701297,-2.7151509994934715,-0.1581079833864059,-0.026291956767689917,0.060325606420006256,-0.7223800096952062,0.9328689641111056,0.28243501423750583,0.0032359080291728404,1.137373554037484,2.160212818920968,-0.16605644584129506,-0.13492661699022546,1.1042392722862866,-1.2091557497709915,0.4364766082219731,-0.03609394007727024,-0.9852495494983224,-0.39825586748253233,1.4305160771976044,-0.4064920795409889,0.46122812704209964,2.229063929382481,-1.2397145990318132,1.22963622534647,-1.9186314046943247,-1.0782246526666919
-2.68785346188758e-16,-0.39972157728861046,-1.5579247755763774,0.7083579835427488,-1.453994818055173,2.0830846624373245,-0.3945533892794341,0.001165602476450922,2.563998092045778,-0.44436285819736787,-0.5036164469985817,-1.425796115400459,0.4821367447402556,1.5210378689689823,-0.49478577102115184,0.37159021189080516,-0.003418861285610808,-2.2669577485530352,-0.3251516965928549,0.8304527041742971,-0.14021098937076115,1.2991845868719676,-0.9693320234847622,-0.918098800262412,0.025346886729708085,0.3806563270978871,1.5722541510802568,-0.054343934869361905,-0.47282161661307387,0.36473706372305603,1.3212954655497926,-0.5160847215768862,-0.12317944446041626,-1.6630367362281664,-1.3463472391426068,-0.2108581015410907,-0.5068322272393367,-2.8943909667849907,-0.2995672608103669,-0.29416846174930306,0.09264613716392045,-1.1561301397153765,0.2442470346133161,-0.5691318890851566,2.1085185345690727,0.8604949701981355,1.2113816472060437,-0.009306594827005465,-0.7741042244800499,-0.7860290557897449,3.110943441693843,0.5186744495521686,0.5296349831641068,1.2767339754412894,0.11037588302378877,1.5179384133090987,1.2149233727172672,0.3904486424379689,0.9136535130201497,2.3077600070889,1.7863871958638824,-2.1818821867802307,0.04745936933743575,0.019614191486829746,0.8023082847335935,-1.079156630781198,1.3129655025747946,-0.8463130241145473,1.0809554444054226,1.2741410005977643,1.8589065799120417,0.3482499618979725,0.8521218228111036,1.2847482463135262,0.02927248431813291,1.9825190521961786,1.3289901494443872,0.9463210712723793,-0.7722591170179316,-0.7563711739181884,2.207546159938471,-2.205481322432976,0.10084473948657956,1.2225872746208055,-0.6192532400919891,0.5539501977736172,2.0474144698570735,-0.8201895196773626,-0.7983640646184214,2.357865156359028,-1.4947925093620245,1.0183921009946266,-1.0330396421294685,-1.2068082744149935
-2.68785346188758e-16,0.2764455865008524,-0.5350606214855964,-0.8373829739962464,0.0069109971789786395,0.026044139073323196,0.34254235516150366,2.1282477347646425,-2.232565396821357,-0.9761311414914259,-0.4851881375562135,1.9033948632834015,-0.009916443962020835,-0.7535990679987327,-0.6770591074153273,0.32809790663623084,-0.596119412387617,-1.4334998727202928,-0.18543480298117115,0.016674626944149014,-0.5790807002863582,0.2394776189549664,0.6018485891942004,0.41298077296644375,0.1616483956734064,1.335092665798609,0.2579310407878098,-0.6215991891490442,-0.017968387259106128,1.1502775367536513,2.0574579860958515,1.3650125292874575,0.002216727662472726,1.1214096147824337,0.008814034981335622,1.228368811661026,1.8768553073967134,-0.8046127720817313,-0.0902663900512618,-1.1017012138582691,-0.5865131863124924,0.7097212700013759,1.5837563083351294,3.120382776059796,0.11683720095806052,1.4465902609091952,-0.019147101007043754,-1.134347129288864,-0.7888356968111216,-0.3490589046106494,-0.8925826257918795,-0.7959440022408274,-0.4516018714934715,0.825331835910046,0.47513679003010395,-0.9562722158764045,1.4270696530856077,0.8617963107216082,0.6194543813490611,0.7422756874805858,1.1001649772385975,-1.8195672129624492,-2.600218978573168,-1.865419914366806,0.6843524909067024,0.12870649615913185,-0.3272235224539836,-0.3285184722754072,1.3436890844486822,-0.08795238383898689,-2.29709687080919,-0.5227067259868265,-0.6867688533208834,-0.20742728135634658,-0.060761108010824766,-0.6840397699634447,0.926762973888813,1.4956084596121988,0.7985120024587272,1.2038330861701971,-0.3981035197298284,2.4826300067704365,0.7101683107596595,1.0640667211581516,0.8362454113361447,-0.4726457546511995,0.5928870464039465,0.48272369558360395,-1.0018789418538445,1.2963336176441702,0.6461280600324923,0.2386961908503979,1.7934091997164245,0.24773154642414874
-2.68785346188758e-16,0.49806357787021993,0.1777166158572253,0.03651865456928868,0.15645688887193343,-0.2673815972501159,0.35682586719778886,1.7916433458196748,-0.4248347034837737,0.29168741451554303,-0.9127849575493884,0.05657207514700151,1.2189857916023163,-0.3404131593091745,-0.8344832058404763,0.32058180985683427,0.31162465291278973,-0.9012173986698604,1.7218507705973767,-0.8436926483799946,-0.4103306649981535,-0.01291563269516155,0.5460495229082442,0.44948007251567185,0.22727560231278093,-0.4778534216200322,0.8376900980174086,0.12389869225330112,1.2039321126751905,1.1049932074283197,0.08794796462577104,1.4343477770143322,0.7085052126800306,1.019872641365209,-0.8327712587570372,-0.290371810850699,0.5521606836958544,-0.6659378286746149,0.659282601090228,-1.2466689504281518,0.3946448554427684,0.5627470234842644,0.023842842092987593,0.40880401583340475,-0.6925826478439656,0.2784049051485909,-0.0670776238394214,1.2781153682776196,-1.2240708093693706,0.24594103251996496,1.0500086290533421,-0.08469078538590813,-0.13414625405248168,-0.9484591593341223,-0.33937919636304664,-1.4991719357332867,1.206099015192865,-2.7073152270651053,-2.351107795319833,-1.4075207646317882,0.2224297603422688,-0.4076029217025654,-0.8712734443049603,0.14847252645587006,1.321637502903457,-1.5387725490622282,-1.8558363457690612,-0.8765143729909095,1.362580444394228,-1.006893199433647,-0.13958406308711144,0.44216461674527396,-0.11800615632248032,1.0210706137731094,0.33175295070487065,0.41382611581986173,-0.22306989772470143,0.6696315203722983,0.9294806560038289,0.6892547458066937,-1.350218284210243,-0.6945079813469601,0.6294117097012694,1.265397723110416,-0.8964632225524902,0.14544770308575689,0.6903920654284338,-0.06795777562027737,0.3327292120221861,-0.9440646641584278,-0.1506122224754358,-0.936386790036544,-0.6150540987788727,-0.35030049687034504
-2.68785346188758e-16,0.4159684814504383,-0.21864637601552417,1.1660371278214006,-1.2860408137827255,-0.967935819950452,-0.09508811397636997,2.7419031942634935,-2.0646570579628736,-0.0401879781973487,-0.653781174524243,0.09914467790442058,-0.1803100628737355,-0.9034458678147351,-0.7435824924715027,0.8873019444744527,0.4263742505165723,-0.18912872145893944,-0.40141970386562575,1.3301404296105943,0.41197349199240135,-0.9033275326969199,0.8371678134934875,-0.5714720319072202,1.5781365824147486,0.929883505549127,2.5486707134962527,0.3331875157015715,0.6449635278088439,-0.6023026363805948,1.209343536696513,-0.2147002893594664,-0.842851032851039,-1.085260041479573,-1.209648018433429,-0.0624368892329481,-0.8997241681835464,0.511636635563645,-0.7906216658453993,0.19904706848705633,0.3607002940229844,0.638904503925859,1.331445444959499,0.9710105809528752,1.1651571657363582,-1.7776841169767188,1.014846718446437,1.4027817230081956,-1.8001925306002575,0.7045126593652449,-1.3457440501449123,1.043384917373914,0.2365711476494481,0.6097608729916181,0.1346858595040838,-0.5328941004895555,-0.737765351757632,0.9151933773525481,-1.7188977023695344,1.739694778571024,-1.9561277382786812,1.4074933033265193,-0.10266293978373947,-1.0307429875669278,0.5208617730130572,0.6665174082506512,-0.35246908215886685,0.4512830564692675,1.0103704250288417,0.23148265588403724,-0.07039067016769895,-0.43912388301321525,-1.9429489177919388,-0.7090596727697136,-0.5642900527849174,-0.5930698554696596,1.22242675671298,0.5044301726932052,1.7879427050350944,1.5361948004194184,-0.05251372995446757,1.9143589717121958,-0.5941697157129285,1.5344302246848427,1.8333227019909892,-0.07804293321425822,0.6001503496386859,-0.08962815932589424,-0.12320258087317093,0.2976412237276978,-0.8337451017852788,0.9311352681355672,-1.0188385142504939,2.682854018646129
-2.68785346188758e-16,0.09905151614533361,2.1858837822502806,-0.9695647681564433,1.3215735034534029,-0.09923294641889835,-0.14120390555723586,-2.608706258369939,0.5784215426312722,-0.6716551746017292,-0.05979446501671043,1.0509834306924104,0.023376144765882345,-0.9814213476646698,0.023049823027676775,0.9378533748695788,-0.9046107301423556,0.8185975665803802,-0.9183752226632788,0.705537556010047,-0.1725156240904921,-1.295249053406911,0.6011526556740162,0.6547518192392746,-0.8258261857685427,-1.3522295447812989,-1.1536793547688773,-0.37229953421346085,-0.053104218043156126,1.7924996204365018,1.01693749138794,2.1012900501887843,1.597827985652247,3.0241858599189397,2.8508494891868095,1.239126748172206,1.9005728096104404,0.45073847415379503,1.7093111650464738,-0.6685544846418134,-0.44465265092756867,-0.0410294545912106,1.5887682959200176,2.590656631828649,-1.8965844986287423,-2.2258082278493427,-1.0594430179665644,-0.8354182938714678,0.8887231127696061,0.43377722573232524,0.27360838006106986,0.20332926266587742,0.23720158143457828,0.6639192776590509,-0.8783782660059066,-0.3288825947040568,-0.4307265478357034,1.7863825202826555,-0.9607835229443791,-1.2674131647881823,0.13822251894770743,-0.5391827442769694,-0.8020730440604364,-0.516543652747461,1.1641894473283967,-1.202124486362706,2.267861104163495,0.39710027823728306,1.0744893085853306,0.20018924750416225,0.6256737001950847,1.1213096318640086,0.008965315556314468,-0.4503388333370415,0.0171563487972725,-0.29516621637412743,-0.6359401794611169,-1.4109384674969796,1.7249520794036601,0.42634058418708015,-0.24391547352413023,-0.6699517499498021,0.3928587338619934,-0.41712325663851285,-0.35761098132162605,0.01368723379185815,0.6588489804554462,-0.15035632214522984,-0.14135595520460686,-1.3597266113242323,1.1770265805895201,-1.152731499267322,-0.33744373611987366,-0.501043027254338
-2.68785346188758e-16,0.6266631207026098,-0.5985010696995858,1.5710796408988417,1.0287532063075089,-0.44501928218704534,-0.042886903384678446,-0.08466221962804338,2.3541108857212283,-0.15486448458425287,0.3447257970664236,-0.5644372354795465,0.43699869142441344,-0.13263800626439726,0.03328696970207612,0.7374115907143596,-0.33851860374541415,-1.4892453259546532,-0.6482348326274521,-0.22299695526353924,-0.4210118314917007,1.190288427578115,1.4340444169087165,-1.414831567976989,0.1928271859347812,1.0400810137709948,-0.20209405816107157,0.5029130460989509,0.843022800041319,-1.7412762472479741,0.8512093474813771,1.863806361696544,0.13787921523312807,1.0723609601939081,-0.15541795451642348,1.1477988667452055,-0.9140071679711677,1.185275291669604,1.9892313679658264,1.687577010040214,-0.4284205011939905,0.07979228928772464,0.2284034171728987,-0.17359172165947162,-0.9304194714278045,-0.8492247630138241,-1.557553565715977,2.124897154634944,-0.9179240147786465,1.0139871293370082,0.49774715378290996,0.1824179101740604,-2.332579922703497,-0.5556972596250551,-0.934833985323174,2.629689653110547,0.7889850496322361,1.3696750105800244,1.1086991329843332,1.900806720543624,-0.7787442062373511,1.17906800921559,1.5179922770871097,-0.3159167956718536,-1.0859245457124675,-0.4804736691524722,-0.9963198324999221,1.3829770210642027,-1.4340609501573787,0.29099562378843197,1.5648609070789228,0.7259068905322779,-1.3811771230353382,-1.219279866559683,-0.03399016700597975,-1.31238699598361,-2.4862103205048953,-1.0383098548317196,-1.8754162958231801,0.7764619178657736,-0.5736672813906046,-1.334555769685417,-1.4979356995623392,-2.281437325173851,0.1402294594935536,0.21615795702474153,0.2713149942290237,0.0003411776982220969,-0.9811886198754689,1.332760164701668,-0.6743691119348915,0.1872140344169042,1.1203831332109742,-0.8546523495812465
-2.68785346188758e-16,-1.3507311669587363,0.6706222079743646,-0.20396565510075992,-0.9904418017465226,1.1486845351362436,-0.3745612518738855,0.6836290482447942,0.6164912221594463,-0.23380952083803822,-0.07978822247097363,0.4005746695832564,-0.19647306919432922,-1.7239338011377858,1.7767086085692345,-0.4273308200330598,-0.41929432462591476,0.1560717158320465,-0.9974503913908928,-0.6078395502988926,0.31654065415019295,-0.7373175040386082,-0.12726494833962138,0.1607392453618262,-0.8574475838569685,1.1757912976680627,-0.9822874250670912,0.24443024676918593,2.000640532527903,1.1865087072904925,0.5928355378706249,0.0006304793756818361,0.9014887871694944,1.528500848433338,0.3227509197376851,0.4544028233205732,0.3407688146343151,-0.9566063484248009,0.7137717332381486,-0.17104619025259132,0.8429836041768112,0.7927164688188657,-1.482937291600751,0.2860082528044372,-2.116248994585426,1.0790373950832488,0.17422219227533434,1.4550335012296758,0.5228614094396155,-1.228322506304553,1.0861939842607595,-0.9836266231452926,0.28133054436643345,-0.5951292631298101,0.01691183508802822,-0.7381980788325118,-0.521536744836184,-0.7622670966324943,0.002521675442597626,1.1998644382314423,0.36311522788554906,-1.099221244116616,0.5779394305552341,-0.5523026347794716,-0.06641231463208574,1.6403678915746474,0.8918626044300484,1.2530502904191438,1.118417472816133,0.025141044546671966,-0.4000760127101818,0.1604541351289451,-0.23597771028126813,0.8062361977644026,-0.7824373396922256,0.5852065278849021,-1.1997689855248326,0.7587652172784203,-0.31262896346877755,1.1372140308725445,-0.8235098344068749,1.3182082247800817,0.05046112942764624,-0.2091683465397109,0.03555530702509535,-0.08947740046556085,-0.5437706087079262,-0.36027285572403434,1.0395286365018264,0.25921241530323563,-0.054505827601936674,-0.1912345017848705,0.32827365331424324,0.38701917208219194
-2.68785346188758e-16,1.0811314521681628,1.8652482475605252,-1.3023504985702197,1.2308901248984672,-1.4359789424309224,0.026585729342286982,0.07599199202139617,1.8328320925647854,0.16122092146523415,-0.10874845166835514,2.425499352794892,0.2916739949101571,-1.2443356805412056,1.4721133118667855,0.2593602726937288,-2.0922782369777164,-0.8822086573714059,-1.0153629784618132,-2.906082801454211,0.4443821679214743,-0.500291625503966,-2.594431680422142,-0.8197564654435142,-1.817257571154921,-0.9139788763569494,-1.858942773255432,-0.7715109926814756,2.971163047930057,-0.36799912712827487,-0.16541286151039603,-2.733004953272129,-0.36022329248189056,1.505577185546867,-0.06310177110724269,-3.148142326088882,-2.7905453471859403,-1.6078234949934151,-0.29429189910152864,0.3307743650037863,-0.18650942591935793,-1.3655323896448257,-1.743762719168271,-2.2929691774602197,0.11534755089463855,1.054271362828128,1.0339244058062746,1.8463751971979685,-0.7073354810332293,-0.5480992282406025,0.7949721481943437,-2.7959311851440507,0.09184158407874904,0.8650286316220348,0.42768179248710614,0.32688572372263314,0.762283479651841,-0.4326316885389556,0.15153979413991975,0.1882559305190301,-1.5953642165193835,0.614959269988988,0.511689535043879,1.0009237928876995,-0.3274196621502553,2.5711774650728336,-0.21072915546123117,1.4593319151296464,-0.5520200296403319,1.0947476001984486,-0.8156755824406161,0.806390288597624,2.430117846129889,-2.3864485565460165,0.5241329288390628,-1.1909894277535493,-2.2004022597327273,-0.6591118572137616,-2.381125621521209,0.15449829174630536,1.7012586119356754,-0.03341315461246663,-0.1330534370707854,-2.977284685090952,-1.876148862558279,0.1251500845025765,-1.7462079137192024,-0.6202315985872621,-1.336510751604915,-0.13089027943966297,-0.5551922676941117,-0.05840745531976932,-0.16107637710588896,-1.7703020388977262
-2.68785346188758e-16,0.12183455985485392,0.16825532751243177,-0.6730535021160747,1.1346740866051113,-0.7318271029554277,-1.2782546277585929,-0.43472904329198525,-0.4313680273022963,-0.24428470208119207,0.14538943601812404,-0.037913446886506885,0.9661995384907469,-0.013295153598554044,1.5195704649453916,0.302792987824427,-0.22639025923456985,-0.9163197093394819,-1.984087134878365,-1.5240803002937056,-0.12012267442102495,0.9371696358018925,-1.1746757586549947,-0.6259945880217204,-0.526961491725941,-0.5141873557363276,1.1952778056743458,0.10430339678462489,2.725359225845599,-1.511027912562711,-1.0548846050579794,1.2520921967961836,0.16596292465841855,1.819319932616239,2.6152585515711473,0.11905136017774635,-0.45653529520120506,0.5331891547303309,1.6885048560067974,-0.047496075009234084,0.5258418536072735,-1.1269053306012962,-1.6731702621304614,-0.6748152196846335,-1.0285368485333832,-0.3844681279604821,1.4377555658582966,-1.1983194123524794,-0.6063984733514678,0.32600618808380877,0.2661818676943434,-0.9048025908002706,-0.03362868475207565,0.15437743443983215,-0.3812361536127197,0.6055016288554385,0.9651354194320324,-0.8531251283151711,1.1849981153139284,1.1340911005408758,-0.24326289665188713,0.5248679380888406,1.4242606566291671,1.337261268531,0.4033283877699134,0.4818362020278374,0.18685170467626344,-1.814625856482457,-1.0805609755531498,0.7305094809901213,-0.7527259504256432,0.9602510034890634,0.015956753170545235,-0.6497578115567562,-0.6995740145702305,0.5074592399238445,-0.614991955258903,-1.1277310819481703,-0.4774146689431017,-0.9861109220616808,1.6747824170615813,0.020831662642026468,-0.11485575813139608,-0.985877117051261,-1.6740826968721598,-0.21210433772839363,-0.21630172757668875,0.23270648292025403,0.2480212430606426,-0.9842508584879031,-0.4475339264181718,0.370565239220928,-1.7642292515218774,0.6657983752247096
-2.68785346188758e-16,0.5096997789824573,1.7574651789733364,-0.9836442422745784,1.608510666212967,-1.6630691297376963,0.05343218679884218,0.22925168033029406,-0.10151803326144426,0.1133347126821406,0.007015492939666717,0.4211132831011717,1.6215254504161125,-0.8199200105748027,2.603586810390084,-1.3388100655294541,-1.0186777663166806,-1.1082505614939002,-1.3640974108622514,-1.102625939132197,0.17795182217878672,-0.10900434292406602,-1.7901075569960083,0.5943624984789331,-1.7349283259481463,-2.0826731380428836,-2.312424076866294,1.2758673021396358,1.988550516071861,-0.7026402511685734,0.16491356941066254,-0.4738611050398344,0.6231892970333792,-0.4278518694592536,0.9490465681574769,-0.11624443711831867,-4.295974850421649,-0.7884725052986551,0.9520410716853607,0.08396024287909204,0.5670775397057201,-0.4515480338024057,-1.1615578447388495,-1.399842504324703,1.4462260963976106,0.8978476610394431,2.3881596686421993,1.5534096343287425,0.006813147930497143,1.0008394107343273,1.7713646677390162,-2.6424348582493113,-0.8483212626808994,-0.4979690173970523,-1.179506794739091,1.1124830733049766,-0.38117670220709043,0.25237309803848484,1.500528949151852,2.0496478807054324,-1.7541832467390353,1.4833932590206098,0.8771623593471154,2.8110470196779773,1.0048381165429983,1.5237341193264813,0.548168539632859,0.0238306962084065,-0.8471449982923971,0.8308298388902754,1.248120007062438,1.3516346261893295,1.5404623169441871,-0.5760107538883737,-0.7402536873605392,-0.7973576131467615,-3.5035736140230522,-2.5680784035279034,-1.716011349459262,-0.46997293335797014,3.037030271038137,-0.9458962932756171,-0.05483590624490218,-1.044588183646015,-3.0775149876864827,-0.12993380223582301,0.17499185207777537,-0.5791523922703546,0.5025874123473992,0.23009837597765326,-0.0528820723289396,-0.2547818541047384,-0.26142007442757903,-0.5738318882322069
-2.68785346188758e-16,0.5325119671143584,1.2392784543123194,-0.6541678339354127,-0.7835831251212424,-1.1068318306493965,-1.3198899916894675,0.06912768074135056,-0.6259366375273244,0.6789995855186196,0.17379584532980624,-0.6248758765085249,1.6308974049794351,-1.8404903718601537,3.141226545239668,0.6415984618183034,-0.8167432799085916,-0.9866829729590296,-1.1111733393998173,-0.6630929595689182,1.0399693997620174,-1.9945452701652102,-1.4477455066075897,0.47450291957922497,-1.3375231109619268,-1.7414026847185704,-1.4452427902860676,-0.44642652222737983,3.418793004316181,0.8520082164972307,1.0683004850367814,-1.8434382254513222,1.193401439686856,-0.2216436456671269,1.160432797849963,-1.386652421924319,-2.671409127153905,-0.9649771176380477,0.39295778317691654,-0.8485266599549315,-0.09901570594905673,0.6185111043896437,-0.23500638096507442,-0.24738581990950687,0.4006380818494762,1.009288587493224,1.050495879762269,1.4079252782102611,0.26264343436056237,0.2554431297512541,0.8732336756527485,-0.3660704184373998,-0.5681698119392806,-1.6268321393303051,0.3636035090761112,-0.15667926683152475,-0.35334197785473936,-0.021864405088028574,-1.1323759345330155,1.0513992859873253,0.2619048645911014,-1.0333212359706314,0.889450031818529,-0.22363868044573296,-0.9322343168155485,0.6011520915362721,1.5527911078548957,0.6657018801426122,0.6222025704420981,0.6169056443308115,-0.6933447197702214,0.4941072941201995,0.4504874868067594,-1.1259773457405626,-0.6803680279995498,-0.4601187609758707,-0.6189141454988061,0.2831772890505232,-0.5756555698017631,1.2566073363220198,0.4751841475058123,0.23539217500555792,0.19691314626888454,-0.2075102235014501,-1.0382567204078523,-0.10717488925770445,-0.11321528504638173,0.15276521562790335,-0.43902166482476435,0.7180899696006519,-0.18420266533236485,-0.768604437327783,-0.6262251712153155,0.2912979673648499
-2.68785346188758e-16,-0.432332415820796,1.9395381516322487,-1.0610213209274024,-1.0819709376584157,1.6218479852155476,2.155212372691257,-1.1426125434531031,1.5348876069740363,-0.1008035235980584,0.4228276655017076,2.2489994550734087,0.8622749630740532,-0.6669749888219603,0.44509689130338803,1.182894239608643,-0.37387242915811164,-0.7094155553460446,-1.1336894240956474,-0.38309008011527745,-0.5892449774804216,-1.377514950756635,-1.2042213112657603,-1.3486076401492157,-1.5671942703432067,-0.378750114432195,-1.2933995739742141,0.5624245507230308,0.7383200103158085,2.4065487221222224,2.478414670043724,-1.1735270886642075,1.9620333544324082,-1.4895488871056086,0.4149923193374934,0.21299023484591612,0.15784468606811852,-1.155657567229465,1.2545600860602768,-0.6312870883501455,1.5535545041914864,0.7195312579355186,0.0502759025077939,1.042398241931473,1.5250379434171715,1.4330389400993258,0.12652462920279828,1.9761170005327124,-0.2847211841133367,1.4358868284478763,1.246541705046617,-0.04221397648469438,0.5855776537320398,-0.32443940035862784,-0.7834209616524702,-0.1740706340861482,-0.6288803791436994,-1.4856405019999923,-0.8616306981822055,0.4152420709726476,0.08254580299563663,-0.9447556355297999,0.19376778701639585,-0.9814176198217146,1.7860086173617713,1.2024607681914237,0.3204533106279155,0.6252924525244787,-0.4467964032509132,0.12592418987702514,0.07301870040534597,0.27577861191344466,1.346224636786543,0.5366864891566587,0.2307871464314551,0.20787996554284194,-0.7164128567607757,-0.6008203216986792,-0.6220659230503952,0.5589735014991989,-0.16868635516122055,-1.4323903611900124,0.13819042238030105,-0.4157063765558099,0.7435787502964992,-0.16320851576709425,-0.906720460306395,0.37550099168395906,0.24275309531566247,-0.7381454576383101,1.8144124362350151,-1.2912518823697274,-0.10844428543564699,0.2654785393983776
-2.68785346188758e-16,0.7488653082558165,-0.33425371446101626,0.357505017284769,1.5983328707438378,-0.41670757514111956,-0.6661681128836662,-2.83587508567345,-1.3739299767132727,0.2838583508954264,0.08767800584858648,0.18232076019072313,0.7422951041733687,0.9988050495046206,0.07528028369150919,-0.38102681048653203,0.1642563464243601,1.043347050616445,-0.4936786349305714,0.065115844717197,1.1437683578814535,0.907070380634128,0.01920520824165789,0.6075669679158845,0.030585921123286744,0.04493288954737518,-0.7281761850998735,-0.2797565352029344,0.33520507323185933,-2.49503892210494,-1.7902787344321136,1.8558720651263956,1.3483820723067224,-0.2545421285729983,2.3973838144918695,0.11693652356439793,-1.7661786931470265,1.740623826077664,1.8995761997864018,0.9691187302138333,-0.9475982889434483,-0.7354884514691891,0.09307412099828136,0.7208962229266298,0.3348902556451904,1.8083229258071127,-0.39736874832655317,0.24138977003233156,-0.9241708099931744,-0.3077143901924992,0.011019246117647263,-0.7467821707748717,0.4081655791891353,-1.3501272843494236,-0.03566120238290274,1.1745704265370354,1.5000852593993752,0.8687458371460721,0.00048250573278835196,1.903475403766821,0.10903154081332589,2.2927156653662273,-0.24484946248256734,0.5471268226880426,-0.6062894783255585,-1.317329951595918,-1.611070006323306,-1.095545779808449,-1.2043747690438917,0.24639870692569496,0.14736029101127646,0.4991034114250707,-0.7047526960757586,0.16146721555340726,0.7042036267119569,-0.2434197023730243,-1.4617021319356407,0.6405639279519177,0.7348488831161908,-0.34864974860106945,-0.17588448900107018,0.20700683498969946,0.09443027167828126,0.9188820526882283,0.8900744694200524,-0.13774141961340514,1.5160377361436919,0.08817246873861613,-0.25595032959051855,0.22488202987456984,-0.6664666146311671,0.043287888277237674,-1.1733945835715278,-0.1457840627635958
-2.68785346188758e-16,-1.2317289676475558,0.6936077623585379,-1.4795930802275297,-0.9101437819719325,-1.0119453370079783,1.735812782501574,-0.6661794416522985,-0.6669278964867872,-0.4010184428265063,-0.24011847641486292,-0.6969450487143234,0.7254401854077123,-1.6257822138946243,1.48512078369634,-0.33948156365396553,-0.3487566797666297,-0.1763525722349215,-2.4335421950456317,-0.9110326946301104,-0.8509577247970994,-0.40225749685544143,-1.2726852262064705,-0.14859046969163237,-1.3101618190617637,-2.3494215413739825,-2.0438913828818115,-1.9279774037027373,3.6695216919757065,2.3154613730213907,1.211751163806381,-0.9559543071402538,-0.3395442837743746,1.893662412177545,-0.3922910951322529,-0.2651228440986654,-1.6006528700650902,-2.4363365358559372,0.7324928195110464,0.7662856247893881,2.4966233666715385,0.9416154605411718,-1.1953573853976924,0.5689241562206596,1.281914843082938,1.866651996144624,0.6606185476758719,1.2241728375079166,1.2815583155354338,0.398031621193674,1.5549854481727197,-1.261238245315559,-0.597194230600445,-0.7012470957921437,-0.42881768362783584,-2.2547707213136405,-0.9570215612302114,1.4520173144422104,-0.6096119981097872,-0.21376235529985171,0.05682026027801168,-1.4526005418504668,0.7318736918456457,0.523384275998304,1.1338614720881524,2.1336056021334056,1.1131413698772268,1.6270123362328281,0.578608693411653,0.5124522727307985,0.2126782704064163,0.8564010629682123,1.7757382194979812,-0.42414817619992057,-0.8800092721384951,-1.288354277561157,-0.0025850785800465292,-1.7209166749927132,0.5572085164163258,-0.7190878594117336,-1.501954737769911,-0.2380041808318536,-0.4452452007026667,-0.25970911617707415,-0.16469499785449926,0.11768861447151996,-2.584643755801272,0.7728876834282805,-1.517292205521349,-1.3660100955058074,-0.7448988007144972,-1.6396883158751803,-2.0736460942959862,-1.365280289449327
-2.68785346188758e-16,-0.6823124304652478,-0.6687896736452315,0.5453702416077837,0.24222354719480477,-0.36048496796886964,0.8936961586948898,-0.7170733167486525,-1.0470048420597386,0.8206201012147234,-1.0930906857782094,0.14217726313221235,-0.6556159099478454,0.766364848138223,-0.42771480506017884,0.4406436995036757,0.0491963696624691,0.7929482038388125,1.8336761054823927,-0.2842571362710497,0.9801284276622518,-0.07398482611498053,2.078902847048578,-0.8996995414552761,-0.042552052998421686,-0.3449465023761507,0.09909411665584034,-0.8261269565061898,0.014707112664192445,-0.7968457434352901,-1.3878532668965602,-0.23013109349926375,-0.019890026029252106,-0.6809155318541937,0.6759052236884885,0.8835576711940161,1.482902574082327,0.026469386670759376,1.144101335783023,-0.6624776336249258,0.31913487932957474,-0.4712131671080745,-0.457228145555196,-0.6214425380276098,-0.2885146650519891,-0.8543213157357069,0.13467561162184805,-1.2885243215743514,-1.0794063655219732,0.9886048290090018,-1.6008752327242672,-0.09641147000009045,-0.5811211582911444,1.2848524793249552,-0.030568443500950913,0.3288907731641912,0.43312709843264097,1.5254058651116704,0.22280507711548114,-1.562635655127364,0.19645068061015292,-0.17098321206631556,-1.1372828573808564,-0.7405808745425497,-2.501951882165065,-1.524607549089359,0.11933071965324205,-0.49707463010543385,-0.4670102321221924,-0.14398852758584862,0.7651276373917758,-0.6606162130083147,-0.8630910703052632,-1.3689343010741775,0.5522797289300199,0.5477987575685512,0.46392485503955905,-0.14373240299739887,-0.2774872854774656,0.3949392198825776,0.7951147391658757,-0.19716783442340202,-0.45720306227830937,-0.11150007157167866,-0.7208448073241652,0.07439163453468346,-0.08220419193123753,-1.0459243657413106,-0.6189179471135353,0.1860823099632169,-0.947743044449216,-0.4095184078514351,-1.5528377290207602,-0.3078452801610869
-2.68785346188758e-16,-0.17504807505900308,1.9056016289146482,-2.0481419417558158,-0.9420599201381503,-0.25676558056183435,1.4501518393943444,0.6182819740115456,-0.9049615699429393,-0.8384794123600304,-0.28638473001149933,0.05444133607112367,0.7723858947506217,-2.695174209990768,1.6891508309382017,-0.9251858223084497,-0.881115916973376,-2.482522032795025,-0.7824877746937011,-1.3797946530659622,-0.696809326112308,-0.2219985950181831,-2.410699794872672,0.18028110607380116,-0.620567167583701,-2.5053691487977834,-1.2893717633089696,0.04029249716462377,1.2809754823123207,1.642339248178264,1.574954407000324,-0.6933630883155456,0.12415724107199438,1.69443748630197,2.091087173922303,-0.09146467190464191,-2.3026643040398285,-1.557957546543069,1.998108331126251,0.7678448328480266,2.127796526942535,1.0892623496140859,-2.6285666749369003,-1.48884265829876,0.7942699359275477,2.6570534161215953,4.0579127962292265,3.0151376754301937,0.12120967860376822,0.8506276026238191,0.5090283110373307,-0.6307251436190162,0.486095764656741,-0.8939133338784191,-0.8522346738362371,-1.4273346451883415,0.6914488883641103,-1.2563004739918429,-1.5217966409843253,-0.8730474757857773,2.3118324897093685,-1.0761284971260743,1.1176361730284063,-0.10036251163461261,2.293830597127987,2.326340930909998,2.1070915164061637,2.769552454101676,1.4980054331850472,-1.631320495204485,1.1744158204573867,1.0615370451733905,1.1357507674697196,-0.06626384732663954,-0.43302129827910474,0.1338397048578406,-0.7005305030810713,0.5562519826000119,0.20885712684757604,0.1959948778822299,-1.2771147927302644,-0.20238447162813067,-0.24071262207046626,0.31293323257799843,-1.55525786191377,-0.14049024540077404,-1.250518169237402,-0.9092238970672842,-0.29402327574213166,0.09831228169244577,-1.6804619893302897,-0.13671453782781207,-0.67398451325604,0.670874378511259
-2.68785346188758e-16,-0.8108424318056495,1.6624029916940821,-1.1345291312353174,-0.25001121988266534,1.6468351183953822,-0.23870749231971988,0.7455272378796777,2.450997916826454,-0.013030481732576515,0.8836489617300549,0.2631896778178866,1.0542545061263042,-1.2541570377956552,1.2037229673490057,0.6015885893962074,-1.0457871357971071,-1.223639843710466,-1.3690896204944478,-1.5782495863397028,0.5116077176259477,-0.18920252735643206,-2.6779805358442075,-0.5461608191962345,-2.3310775818316594,-0.26260167790976807,-0.8424279064481104,0.5612848812437319,0.8842893330956892,0.2597762894587099,0.66622464716304,-0.5731230583858097,1.363896897936918,1.5920194865001642,1.2055160416913349,-1.2796992515691736,-2.2874412232576593,-1.572580466864494,1.3178649990529772,-0.9623531459063037,1.3063664160472732,0.5532628559165966,-1.4826026828679244,0.16226060056198488,1.8079581524674873,1.7965515929128253,1.7100201592944217,3.0301159070667536,-0.5012083534247402,1.496514661678656,1.410779476173162,-2.263814096010872,1.3916352894016784,-0.9038287729997392,1.1716165649150732,0.7794898829248531,0.43407365349842186,0.9166222554307217,0.3634361900365872,0.31898077068531244,-0.26037026709176764,-0.47965065438205245,1.9405699319190606,2.2937580719367863,0.3039811482681104,0.8292765842228127,0.28923501891258663,0.5122923096926982,-0.8530536278720697,0.6219830182633447,0.4884893689316878,1.0697577234422673,1.7950988433979076,-1.6783473582533375,-0.20792134314986582,-0.5410851048548094,-2.6107858120196266,-2.6441128078901968,-2.810356420895038,2.514594822971243,0.7581690426581826,-3.6426147964763294,-0.597960728594614,-2.5259283139272077,-2.5197372217874587,-0.12664859507633017,-0.9280089666118617,0.7771978107776127,-1.9806229024260862,-1.237520504274529,0.18809513872423922,-2.1606701970721107,2.3748072121076036,-1.7804923076280093
-2.68785346188758e-16,-0.541774561544751,0.9555124197142901,-2.6099385027151305,-2.306372402052655,0.04517378996885171,-1.0087301318276396,1.746230841709207,-1.3933375731249547,0.310136572318846,-0.1953810594211833,0.3526385888318127,1.4475388314510274,-0.7777160590769507,-1.0006361786268443,-0.7963218968250592,-1.2690600662773104,-1.714653427054849,0.6066392669203103,-0.4338970626859372,0.28633310349254526,-1.9052527987540786,-0.3083455192300666,0.007278432986500478,0.44054291282813335,-0.19342735385134757,-0.8431003533625313,0.9981695035734586,1.74477906986557,0.9801084452409639,0.7600340919279263,-1.4010715796611142,1.2619924277012706,1.1609383321779843,0.8121140725948126,1.5009382881360267,-1.0172482448233238,-2.39965485700894,0.5989349042842995,-1.103047742680467,0.828415446777341,-0.022199645724336303,-0.6080431261580274,-0.8696835847568218,-0.2936672480628161,0.8093750920636362,0.06861143872496689,0.9828093672083231,0.18434217942091585,-0.7481305443205907,-0.10474065476137083,-1.0765278756435313,-1.2381045039477172,0.026526234751855265,0.820333264710091,0.3718010048450091,-0.767298826800818,-0.07218936456318237,-2.102905615863186,-0.12166835172981055,-0.947365970261921,-1.365169293803624,0.45583813155162195,-0.6334773192407671,1.2617231313994473,0.9352909133945081,1.1064891358718123,0.12674863841029715,0.3490155377303106,0.028160878742777895,1.2646780822091537,0.7792316057013559,2.3046553870164965,0.4188648915422171,0.4725135711566557,-0.03375377178464106,2.5413462620760177,-0.15602366770347298,0.6673777403709227,0.5588968560046295,-1.8714738143457355,0.2998593507000274,-0.32666953721144365,-0.22885212570910163,0.02072166260244135,0.2966207850337362,-0.6410694791849835,0.04817068940553402,0.4933234962287495,0.5344965711785338,-0.7013147786728213,0.9225488366188048,-0.811001187388442,-0.13895733693505607
-2.68785346188758e-16,0.6645892040953078,0.9411712027825825,-0.5907498869360477,-0.615124988380139,-1.0084538785245434,-0.5332859627610783,-0.2232371485038636,2.233326671881215,-0.42603170654535666,-0.2166474035327605,1.7783846404583543,1.8267305618607672,-0.968312108441995,1.5701870607925068,-0.5725672787329708,-1.1755495661683306,-1.3894001431541347,-1.5855963022386417,-1.8606112436826967,-0.3152843888363455,-0.6070116901434428,-1.0704604818405836,0.3327388775541423,-1.4209821951203614,-1.9754110661854407,-0.6308335270981298,-0.5000006920693547,3.079881925525843,1.4373849869704183,0.5556605693126241,-0.8938088474569523,0.6912308760895483,1.3466660046043124,1.253274143947902,-0.22712773065402142,-1.2146982908247475,-0.16980111926868124,0.20898100653725926,-1.1004562158377929,0.6143374077092413,0.5036425961864092,-1.008587117691388,-0.18876267276124875,0.930978991572917,0.9946072787893714,2.539333147386198,2.589472988976327,0.7036022971126397,-1.1828920657078206,2.2283818300554783,-2.595213569064657,-1.584784698594345,-0.4120489479109277,0.5849600305296797,-0.8166733112030389,0.61588086376289,0.11022207216634736,-1.2978257510417335,0.46390644990707247,-0.6741117424064208,-0.053662625643040474,-1.3553904123070144,0.9935456472530066,1.2465005831407634,3.3742605703092687,0.7572800372685577,2.0889245330251818,1.8371405089398565,0.1664178527652094,-0.8263776606100355,0.8788864975069697,0.30452173339473276,-1.7223643192219087,-0.0599922892416515,0.5440797438557486,-4.325533565044207,-0.4899445452740806,-0.9865891529491215,0.004836659832007428,-0.9891777599550687,-0.3064256587752152,0.0707980582302591,-2.5967737163162044,0.862794984806167,-0.6106289005784482,-1.880624146560765,-0.2748775612298758,-0.6625395422003394,-1.565228668005402,-0.09800752961425443,-0.9877406780471423,-1.64532544958068,-0.5093969540524064
-2.68785346188758e-16,0.13610658323236832,-4.134351331397605,1.7140893979960934,-0.5022802324609622,1.9487675387730612,-0.03586762565262991,-0.2439289392948802,-1.5594256606859331,-0.46077639244553686,0.31200955950822584,-0.9272775614356845,-2.1720497025108627,2.7213759813261653,-0.4176997199137055,-0.4525207043546121,2.2740744619739868,0.9671876536154991,2.6712133421261033,0.3672584870169052,0.46518754721574374,1.8696605882417134,0.7960953405509058,-0.4131171410495847,1.2871252763358048,0.5971970560981288,1.6789212758588536,-0.21755698880736385,-0.6178570476125118,-2.561334426248753,-2.0308389722555873,0.3290893790066507,-3.410381841851741,1.1744274447218772,-4.853131606522734,1.4330382269120614,-1.4109985972161676,0.30533240405435313,-3.0077027113792205,1.7834878884442287,-0.38996086339897373,1.5911385900531372,1.0708423255263235,-0.09470698528995924,3.563895549553841,-0.49353410499222106,0.06478614976346239,1.5093547807453236,-2.7501851932285364,-0.13461861439500233,-1.4646179164550903,0.6626468134323708,-0.7050669408845209,0.7806223632360043,-0.36598027751050877,2.128328334697537,-1.7118374885707213,0.9205249938771853,1.1515931668708501,3.1216391699066364,-2.004535744771689,1.6102126650711879,1.616903720594939,0.6918212902712182,-1.8590538954254603,1.2869264865981351,-0.4923807989989224,-0.7850486951051208,-1.8575493460597332,-0.4154476318762278,0.853045752253488,-1.5375454404939177,0.15106093466156834,-0.13794629474614412,0.628690990207893,0.7454799719430838,1.9070634575977485,-0.11763383950049108,0.6792563748738715,1.2719956728227342,0.8655069909575824,3.799045029832161,-0.5787709996393685,2.577330028795025,-0.4669504652791985,0.05540643489249169,1.7152005796216412,1.4515611095373948,-1.3753178999676,1.7286774041208282,0.934961852336713,2.3864262882044067,0.6523359323089996,0.8761252517638993
-2.68785346188758e-16,1.2991420126084057,2.1943894022308106,-1.937691713963026,0.6990228875945188,1.0190537154274844,-0.9243016596910034,1.037454365668099,1.1253722616794504,-0.37736623235603045,-0.33245782912755073,0.9833238965912613,1.9807372136710777,-1.6699846967321903,1.5802052750171953,0.6947432214735269,-0.9978108142314444,0.28118448486023007,-0.3127146199291261,-2.1678120416011306,-0.1097032653272722,0.18294976313989453,-2.9821930377475954,0.24887220203633803,-0.4390534223811474,-1.5091419556939347,-1.2800440299760014,-0.6909195526184385,1.2947647257138146,0.06844046356995204,0.6856266142775373,1.0721052114770608,0.733384244629287,0.13901228493924855,1.151970569793505,-1.3149515916693415,-1.5911327861105042,-2.9960068076635293,-0.23038830083040396,0.23630650319911828,1.6220461825882209,0.47245830929112087,-1.165887987688538,0.5859195387348888,1.4956773718729215,0.6571244755237022,2.4473486338739487,0.7784134967841659,0.03708799393471276,-0.8515049187830861,0.8527838191574675,-1.746786760494451,-0.22501395301155072,0.05055515719987189,0.3856391971684694,-1.1535633009351791,-0.8227738285531949,-2.321253063240832,-0.8906897096329476,-1.6355488102524713,-0.1511073325483412,-0.788915448220555,-0.7165068144701283,0.5142373150735193,0.33670720729907233,0.09986250893921661,1.487500103189907,2.1068845537458114,-0.8577142872834156,0.8833856597307652,0.1732881678759044,0.9543988196197564,0.5351789167141603,-0.7614857735910475,-1.4206445346013894,-0.14273815033218573,-2.240777014868544,0.3630917074052057,-0.06685204518894328,-0.31327397560110093,0.16277294407676543,-0.9938504030306738,0.5723245376613745,-0.6263787162485005,-0.41296592055204895,-0.2663856436651135,-1.5974631027581543,-0.9783028946262354,-0.9822761040403959,-0.6786885993685795,-1.476583339125435,-2.1109911146712728,0.011635889108356612,-0.6239632439147496
-2.68785346188758e-16,-1.042560190312418,1.504939252644734,-2.2946304551163883,-1.575176568185313,1.2871446758057714,-0.12261569256188311,1.8124652575450901,0.2175825802892416,-0.3069955186499639,0.6257923934715437,1.7510222137015305,0.9614573173719184,-0.7397268874019574,0.17841109877077777,0.15606653242538066,-1.3861041674234225,-2.0793159632742557,0.3403195511972831,0.8201252206954298,0.15906618057632388,0.027051588518668193,-0.5683806086165202,-0.09629003307529074,-0.9528626120825647,-0.6724567639202418,-1.532590302187377,-0.5898622675830137,0.7685071917120851,1.1844100685892864,1.8528092251698771,0.4001938026557005,1.1584296968702281,2.0481293353740466,0.6292158755463304,-1.0605235915408455,-0.43449349805336446,-3.402679437608774,1.6395140125183991,-0.827926181159507,1.7153332610265182,1.1707858127252042,-0.6441806634490138,0.6257084810958417,-0.5861816771629591,1.9789569279447146,2.536617858718338,1.6174587025668954,0.8970082820663401,-0.41009919973810727,0.31192193735599144,0.2605600677890263,0.3115266005461851,-0.13721711679971604,1.18358964666381,-0.6588192867831361,2.0308588478003755,-2.60861188773597,-3.157850827595749,0.46789176334644955,-0.4047613774946842,-2.5486974507586515,-0.2768662347109392,0.4488958440609596,3.0338797518339042,0.4224807156529068,2.6480123739711674,-0.18649711710936234,1.754476978950638,0.9910575818227585,-0.4844199726884502,0.8093478622773869,1.5517036940420197,0.9234817551782671,-0.17152397669132308,-0.20329313452940567,1.174320672783659,-0.02505496292829479,-0.6400294082845583,-0.7081634118411929,-1.1295387303324398,-0.09096107719471086,0.07378966074217218,0.36872989921790744,0.1847297343336891,0.04579357510089922,-1.7008148035717232,-0.6462489075200907,1.3838522808844291,-0.07996772326743701,0.8355424205949801,0.3091254345563744,0.6767832714843445,1.1231124537166428
-2.68785346188758e-16,-0.5991436574321585,1.5914144611861687,-2.3264623535442386,-0.900084097430955,-2.9432838964058075,1.6610086549291703,-0.3477248538771887,1.3740432507206004,0.25424757668128223,0.1257782371604106,-0.12224047086406897,1.7111219455161895,-1.1478941942353127,3.951453369512484,-0.5291974275796879,-1.6145068462044367,-1.1667674526909888,-2.65481086783826,-1.3485055508001191,-0.405166254363354,-1.1180421580992772,-3.982496114573058,0.18249225564401747,-2.6660784897851713,-2.6909504837734897,-2.3124592825865644,1.1057657317695508,2.559529856307022,0.9762405635996811,-1.0156607157411188,-3.4271403019388993,-0.6848776194638475,1.8393906965728506,-1.0322074140245359,-1.6545837167474382,-3.002281813746521,-1.5968835496354408,-0.7182838904813282,-2.0119656909352255,1.2889792333314234,-1.2531473984333035,-2.191460316570315,0.311167601463199,1.4142556991905286,2.2713848154980965,2.026672149867241,2.903247097887102,1.0263952866535844,0.7713831160043777,2.330639650688926,-2.4725394339318862,0.9861690353383199,-0.14659039995309783,0.23508025783272316,0.6711289306125453,0.030453002881260318,1.5289507386294814,0.0888487574705158,1.964694802145659,-1.7842887699746608,0.1698620703360186,3.8433254880570766,1.2818933516363038,1.2024332677809273,1.8914886493867362,-0.35820693029540474,-0.26710003531113835,-0.8043283846594853,1.9838136324444966,2.5642525469020963,0.7591152253494083,1.315590092220835,-0.349455857780818,0.5003287281058987,-0.31109228786668924,-1.4275111087641832,0.03376558178267033,-1.890384959824896,-1.1138131610102877,0.5492687033281196,-1.8373258209649803,-0.17540753804143336,-0.591837752414023,-2.7337395101969175,0.33848293987127315,0.15897393418062777,0.7818232590425006,-2.149442911111463,-0.535751218303276,-0.5806451577965219,-2.557459543202534,-1.6099278589156603,-0.808961624746232
-2.68785346188758e-16,0.45718893931004,0.16508371374705538,0.525464605339667,0.06939148702057912,1.0367481023862937,-0.21740789887825887,0.9671682068987962,-0.7540237716353491,0.5693589204923913,-0.5426843307153884,-0.5686231896167024,1.3369692425304753,0.9267133198454767,1.8566387055450886,-0.9630760994350342,0.15443029374698788,0.14624649320509495,0.043494031236830044,1.1567371819962522,0.22882942781555174,1.318348433362064,1.3644701026491117,-0.3450806448796364,0.8167742855185017,1.0782264897403546,0.9056793659537388,1.072982190853955,1.368238819765029,-1.0659230932877666,-1.0363805387665599,-1.214276589776411,0.3407317571660302,0.38340086921144356,-0.8089285003489793,1.5571387933209047,-1.608534131127094,-0.04935801895177283,1.1067191491379051,0.10831106560221901,1.3189233598432573,-0.05678706026286717,0.523888891179087,1.7409527322065568,-2.3420024859813084,0.6591483572479977,-1.1267099649863073,-0.9579256322874072,0.35563917543051204,0.3654314910989331,0.742061915499506,1.2874314260720852,0.735539781554553,-0.2542113110428127,-0.31580574896888036,-0.4452769053153269,0.11864356746914875,-0.472492544190055,-1.3126607890497732,-1.4130673835371166,1.6525773957261645,-0.9951161738793027,-0.9681837862118299,-0.9320301264966613,-0.5816872261019317,-0.11412369950963652,-0.981214914858641,-0.8734879928477053,0.3570353617224389,0.5466230990376143,-1.2628227408045785,-1.4935859659903805,-1.6060066546530887,0.5089129081183743,-0.8381161978856263,1.006030492497428,1.6096778668239304,0.9176182631410179,0.30011890413967035,0.3424082391081832,0.8957473502541731,1.383513724786714,0.11950689123493283,-0.5791594884976738,-0.7893553532852774,-0.7015010387810346,1.4797900744728487,-0.2811181548824769,0.9332762148140088,1.6117620743603456,-0.6117607610005966,0.4952996296025724,1.5622354508215905,1.54621513091972
-2.68785346188758e-16,1.5194700733927269,1.8596421435153765,-1.6140693857248265,-0.31199558132657446,-1.6256320806620415,0.9889572293987112,-0.7958705364016732,0.5339304960530933,0.6360296911635158,-0.024321357533327596,0.40132089966342066,1.543786072669743,-1.6066918568024655,1.2004576397449434,0.3733169292100076,-1.182110272603747,-1.0310973717042644,-1.9482147516660335,-1.879834757937174,0.415163683309996,-1.1262000338888922,-1.9785018953175482,-0.14755930475857884,-1.794672939634655,-1.29809073483716,-1.1206986051038346,0.5314642689251232,1.714631907876548,-0.3444234915176694,0.20831632123189736,-0.2736584900636513,0.133776479703405,1.6864330561928325,1.1505530766645213,0.007166323854620904,-1.4148934435864877,-0.016018737017714058,1.470759508442662,-1.2096127494963782,1.3121913139565593,-0.6851995909368731,-1.5436568919363338,-1.5365869537907648,0.557732645379437,1.8500890461697899,-0.18023647911516605,1.978625348107869,1.8766307699807872,-0.2645331818591404,2.109839048187719,-2.555937125525957,-0.1915574146438705,-0.773848100246938,0.2793641807963996,-0.42435248623289973,-0.33945870693590613,-0.989942731383812,-0.5333439487065752,1.9194269683973784,-1.4955737124771513,1.1427758571060764,1.383271901582705,1.8462955723349044,0.2189402807472094,2.1910877695411126,1.015951382528189,-0.2396336065921324,-0.3021435054878729,0.07640659221632096,-0.0689463896332631,0.510815445436807,2.547182498515772,-0.5766620530841604,0.7434469922983453,-1.0500592062705336,-2.8239030141243244,-0.569638665422116,-0.9050859800242296,0.8984705496382329,1.0808443106406123,-2.017924857785116,-0.3182267058227096,-1.0682113128563684,-1.2263091669420754,0.7699760859863348,-3.358854447101694,0.21607808204736145,-1.5783745116769439,-1.8773203063554185,-1.4109266461951768,-0.9552170496261527,-1.2563244930346573,-1.601997453392293
-2.68785346188758e-16,0.941921489343772,0.8995549195017832,-1.8840524794831097,-1.5964330735821575,-0.8642762283493317,-0.42725866853624417,0.47203865541809387,0.7314502435017565,-1.1360938052507323,1.2189351664673547,-1.2971031098880974,1.1952662236232574,-0.13338729952668793,-2.102459422111255,0.35104528396962514,-0.235022080216383,-1.2587760018172718,-1.9637354923413382,0.9324032117374218,1.1646753855057184,-0.396005673525081,1.0808025143969433,-1.2065181378543166,0.7228000845921183,0.8637542094506734,0.08613323243903442,-0.8179934870157376,0.4384890278970678,0.275341313119432,1.334448193957584,-1.3449817538931577,0.013118653507318334,2.3011495044184604,-2.763392664159131,1.8255025508655902,1.8009060136699335,-0.7645624700021918,-0.8714108868830688,0.7910834073031702,2.1216025756802463,0.12737962085681914,0.3428401213119606,-0.06499818537565949,-1.140053213142031,-0.6875984555514825,0.3725248640051444,-0.4178689754474442,1.371223249205598,-0.23508480753767683,-0.2930590041722514,0.9094561633665788,-0.6238548968204767,-0.8791069247219075,0.10170899195813392,-1.6578690338899142,-0.9127701356005588,-1.3341579932210288,-0.038788107913936054,-0.43001101751889687,-0.8243700551125352,-1.6663369492820714,1.4362784002178204,-0.47111146066377874,1.6628589921309955,0.2907917331795481,-0.3962606808176123,-0.9241675470563961,0.5438057538469969,0.04266893426528094,2.7325184920053083,0.1968613972280665,-0.3795644478899586,-0.4225631806870777,-0.5353676900018137,-0.4484478007396603,1.631064673100603,-0.6559247944096407,1.234873468169402,-0.31692485584486274,-0.2741723237283358,-0.49623043095500985,-0.513882845275379,0.43600444721885295,-1.6121133631302653,0.45834082569926393,0.41582631673239234,0.12547150218984107,0.3526324288259345,-0.4312515141278823,-1.3713351576186739,1.8066256251357478,0.8927526427884578,0.5405710898779565
-2.68785346188758e-16,-1.1926038855356151,0.9535493640272353,-1.0725017480414676,1.6282405705493475,-1.0156671203653198,1.9557399950777368,-1.6358537606875199,-0.570483011616179,-1.668762188426633,0.26475964047400574,0.26523079395452,2.2127257674947467,0.31900882588680046,-0.40963188752176255,-1.7671596555681273,-0.9666174230784055,0.19131390962664585,-2.5774957155568643,-0.2818461882114225,-0.38676781107066055,1.5998883912073172,-1.6678521053790063,-0.07277703233770533,0.06343298922491708,-1.861880557195446,0.13956126902679933,-1.264983806941487,0.9505635078436455,-0.7537937563647145,1.5357462689588317,0.5672014052576837,1.0058539998222416,-0.8782324354217907,0.5676150540277729,0.6000194070839512,-0.7826405271490557,0.7795728438682893,0.31786379588324687,-0.44680761737528674,0.1578625338289407,-0.5041770493379877,-0.1732494857562108,0.3219853230715018,0.05031121924628773,0.24810387669552764,1.5527484068877564,0.31195530295232193,-0.6370628677406924,-1.5327501644499955,0.05940635037031372,-1.9155208659330654,0.041130490609005754,1.3795745046733037,-0.965962124899446,0.6876715089307617,-1.0845285039492505,1.2180866596517541,-0.05829607969247408,1.352985374026821,-2.0495128504324307,0.7888676640112908,-0.9916645019246737,2.055937224377646,-1.1873617400426992,0.6030823165544773,0.7726334189354764,-0.6817885964295889,0.9465427829324522,-0.7373043560690637,0.271510364098026,0.26690174946092726,0.40178466245654915,-1.7098439676331232,0.29496271398120516,-0.14615025459442166,-0.6595834407892062,-1.1778202216525888,-0.3353165340866565,-0.5435859594128223,1.6666539028985472,-0.17280359329344108,0.48497729859473176,0.30696609307917716,-0.36198742422371655,-0.17503845736693255,0.9344927760359532,0.4807018133653433,0.049009843809483755,-0.1307610605645727,0.0045528755534019055,0.18984250538624253,-1.7465909018135795,-1.6868081488004705
-2.68785346188758e-16,-1.110118269049531,-0.06955150060597254,0.584560582088876,1.9547407419890885,-0.9800256267963197,0.7580551997488686,-1.135972448703706,1.241311004626873,1.1349256403410746,0.902047057145225,-0.32642489914620165,-0.09884570111410251,0.847354795287916,-2.6677041083055544,-0.9897393053401689,0.011312985120363384,0.32883999657318813,-0.4919812278096003,0.2302899619850296,0.10207101010349569,-0.1856565773410891,0.27050219146213783,-0.5366019219163177,0.29644906143434385,-1.5915558269231147,-1.2725329625149895,1.1448315024321032,0.22919263363413575,-2.5535992366103364,0.06856055399675298,0.17578921615039356,0.40133725434619966,-2.4011919357162577,1.2597394277009215,0.28985356209147395,0.1285443854379183,0.825789500948052,2.098763748937492,0.21675200900393285,-2.369868990559132,-0.7808310301111195,-0.3479433739760211,1.290709325033963,1.1300907882193383,-0.4632407908240017,1.0256423734632854,1.2281991398986638,0.06009676230455674,0.5447342357882596,0.21288524637083905,0.3506432887762194,-0.44305430447665484,-0.14205881431065465,0.28259384748464045,-0.1398208956100104,1.1165912552808654,2.4717689207788083,1.2335535682897265,0.24005512701652032,-0.9402664849440082,0.05796111368330881,-0.8498921609743189,0.5102850361074168,-2.9570940782891544,-3.1998916713901564,-1.7519092569218144,-1.3163715276305343,0.023609305847387074,-0.0660947620746559,0.813190247085247,-0.057835972985808504,-0.39108711301866006,-0.7978878504093369,0.12419618757505256,-2.2864836127178747,-2.689114207144936,-0.25537032362595186,1.4309396201508693,0.6817696734001479,-0.157535829117536,-1.1041333002349014,-0.5154004137799548,2.4082880000309403,1.2616986123343166,0.20763668286430506,1.1723310005042284,-0.8380364725297308,-0.1945006737217764,-1.1486875251676136,-1.3353022293190406,0.25576519461520614,-1.2376793307091516,-2.8444003528836843
-2.68785346188758e-16,0.9588828665159631,-1.5489226356444166,0.7290476543776034,0.2453525958691282,-0.4309968824595105,-1.3926530991883537,-0.11686249589221769,-0.6126756447492454,-0.8903110228613595,-0.44683975365682677,-1.0821097615425392,-0.6727546471231017,-0.4285869585246762,-2.3311964196019366,-0.30723541489302064,0.5761100810075765,0.10137561863303096,2.1032814260465793,0.4316012758873413,0.6329430332685749,-1.5528722713043424,1.1830701639892782,-0.34445490859398464,0.8813768036971558,-0.12666802021326717,1.4804279662558448,0.15991334361119453,-1.1641471536731722,-1.3727578513637892,-0.7532983261683687,0.4203381545859689,-0.804240590439255,0.37944683916926675,-0.016145320731729584,-0.4447740351649529,0.5452899062467346,1.9736378173380107,0.07000383911727587,-1.4573658006721226,-0.2682840458400492,-0.7450705985708937,0.17788502973410145,1.0252168899941865,-0.905074149545114,-1.1941407926728642,-0.7326962730700426,-1.052280617884238,0.2358379288203771,0.2751414684558111,-1.0664814894551762,2.140977300303348,-1.482502942850274,-1.7362841517253789,-0.6586208172431472,-1.5601345195883112,-1.1689988400353266,-1.1817836992218314,-2.0890980208467154,-1.7807603152463831,2.216380646498788,-0.4148896283642919,-1.2643268233866785,-2.147760448604115,-1.5578011985087605,-2.6505066474411954,-0.39216050377964273,-0.9147524725277426,-0.6173166452749552,0.8783314598085019,0.532510372704017,-1.5324937039858675,-1.1017237877958157,0.09457370210895755,0.11512340982602363,-1.4851067383633965,1.078586226824444,-0.7653192896418872,-0.9810441644719264,2.035759519128635,-0.5904592084576387,-1.6922368961248995,-0.0772910710248182,0.16222673958641856,-0.37840328959859865,-0.15847438948926887,1.0594150908723643,0.5556207369545846,0.2655972360663098,0.3951458599889086,-0.0167571055305797,0.08483409088256944,0.5878273890322794,-0.039553803137925
-2.68785346188758e-16,-0.34012427659207245,1.3227063281546823,-1.187754392006819,1.0407783534861113,-1.4486857366192594,-0.915384179378302,-1.3312001018835171,1.717835965348124,-0.16097383410720648,0.20568465823579737,-1.511303084299522,1.5683782906283295,0.09106169298715872,1.1600559438290357,1.8567517440835697,0.13633587403465142,0.45194015316409164,-0.12081706706999734,-0.8173574695487612,0.1599114645523394,0.9366489084504883,-0.5446819093112658,0.2476401600451,0.2112696389468549,-0.3667644077204866,1.1810379318664195,0.25228016481177146,0.28565745966483763,-0.7241239418978302,-1.2008113094861537,1.3081643913945542,1.1112366354786658,-0.7357036979484497,1.840885956292409,-0.7024043458195142,0.5561233847284929,-0.19245028656990726,0.6630324752695986,1.5144824955541383,-0.21419152912814216,-0.16679581122880932,-1.2438149985090179,-0.046001136124118824,0.08426813707892544,-1.1531504597380315,-1.1070405791290665,0.43806463405189416,0.5550760318261762,1.704039790492667,-0.5866027773537059,-0.27676577339512615,-0.7455894719374155,1.3386361526027288,-0.1164046161342808,0.8243277324954732,0.3153254443096659,0.6687994899833598,1.7647280635574032,0.2420788668713758,-1.2047943770425926,-0.1372962216004947,0.48060675820482,0.4505368081939199,0.5395624219032913,-1.4691662338341203,0.6448503024607315,-1.6342048801917917,0.8331606089087039,0.387257839573292,0.9516716090594768,1.14830436163907,-0.4140456440155628,-0.18503553745716897,1.3378164688270933,-0.19701171313621363,0.08708595850752857,1.0004287146702093,0.8246950398805212,-0.09063297232093218,0.45696718104781475,-0.07359964231904999,0.3077166913952325,0.5348543287798395,-1.6016204294880447,-0.32103803779526646,2.379040957250767,0.0012581138859965226,0.6765487756028542,-0.849110070072035,0.13192373720354594,1.2930444331135966,0.048580957363629274,0.03922248852759733
-2.68785346188758e-16,-0.5798239641907016,-0.1626525924261943,0.49230728040597366,-0.9954820555621436,0.6925518026624873,0.40561085776149247,0.5086521228687488,1.5143286769975715,-0.1479028897213393,-0.18252672919967616,0.9964722118150111,-1.4098079765648626,-0.5751181492410234,-0.4780729015638053,1.0110680568533053,-0.8275202688560837,-0.03545533396953082,-0.6832295575304508,0.16290496782916916,0.7739060965345415,0.39886170350239436,-0.3009993113536888,-1.1547680442797494,-1.2457354230438737,-0.9097391120368531,-0.945955061337319,-0.8571203702515796,-0.23094678331122062,2.701195463432806,0.1450243710794908,-0.5846412279181737,0.3521802079106532,-0.3259698122874386,2.4276238305686055,0.4037712928547681,1.7918188228528331,-0.24127244360385802,2.430011677925709,-0.32894625856715703,0.7989086332350863,0.9770218925568035,0.06269640537502019,2.2869145857281152,-0.1108423215661587,1.6838468424406723,2.974235437919619,2.2146558766795974,-1.50279041726103,-0.005887247478299551,1.922436276794091,-0.49992373762774,0.26161768401223523,1.2249563628589593,0.320490293813352,0.19130651623252515,0.4064531312816136,-1.131909450183226,0.11486724359760792,-0.7995050567374982,2.728539115632244,-0.5489425585679545,-1.7329451387079506,0.2460090109977472,0.532751125446954,-0.23562940851046865,-0.030118240173406474,-0.6402762101939679,-0.769155126869256,-0.33770033139467576,0.44330568769121087,1.292209640784576,0.3713093956151956,-1.289012094881913,0.3094292796038407,-1.1734138720055414,-1.3946679220398688,-0.32513453628801114,-1.4643887523068284,2.3024041762896785,-1.9644668201511455,-2.357855127276422,-0.2684216917327408,-0.04290332750875647,1.5918748751753096,-0.29836472249926377,-0.3996025289730511,-0.6967944506952173,-0.6823273833229454,-0.3772078411699741,0.754492357342772,-0.9685371778013505,-0.47958307635648756,-1.8016174100032676
-2.68785346188758e-16,-0.5070099690388576,0.1829519249421266,-0.13937778811962043,-0.375087051499075,0.6663551013155131,-0.20364485891772222,0.287807997458661,-1.3432144803206674,1.739426962400069,0.893825416263219,-0.896883137724292,1.1771861329796154,0.6385462005434777,-0.7294622116412325,-0.1455917873047938,0.050293893656992855,-0.700614610851662,0.9177065795368873,0.7936071528153507,0.640248374552953,-1.3659073601882825,1.607812190708703,-0.5609035917096998,0.29960617122273653,-0.4276471997057282,1.417017161718673,0.9404794503190351,0.6184879875744491,0.49016123006247014,-1.2282392717700055,-0.6660770512848857,0.3330175991799902,-0.6489565087597144,-0.972585912041934,2.3344916585277686,-1.6010004309291808,-0.20816507586237243,0.9746966563545528,-0.42343124525808346,-1.2246755916887269,0.4325100831517078,-0.4675781399780544,0.2798439353910094,-1.5389978579924826,-0.10033914804836452,-0.6669455325158986,-0.7388813936531538,-1.0899413323907978,0.9477190741967884,-0.5755022528490736,0.0825168241483153,0.5500760867625341,-0.22633964976076784,-1.731669970581221,-0.9418469974733997,-0.19019458355184143,-0.8031774359184654,-0.9622943531071341,-2.0761541239481054,1.4824444159443126,-0.9336910862213298,-2.0682543727155496,-0.09771147963710058,1.740801785906122,0.8178607666075356,-1.292953759265402,-0.07851611955953097,1.7828379020637968,-0.12480029628347084,-1.0035550681493706,0.3358162809188843,-0.7530614513704326,0.5936150052287005,0.6797028617807583,0.13353937535353383,1.4821690953583322,0.36984198198199986,0.9520263161690722,-1.9023015216734023,-1.0688732403508419,1.695313587183883,0.6372767844691883,0.5582718319657092,-0.28657317042495156,-0.26676277191752806,-0.17144715144126377,0.49549239950199137,-1.2276649789825411,-1.2729919589506609,0.04508016058784359,0.34030360094719136,1.6205187312544234,0.9752315485800034
-1.3046031469419848,0.9506702691378736,-0.07051511060152993,-0.06088877027414813,0.7767667538231249,-1.5071230626818326,-0.39985443790275227,0.17153570087264403,0.8449757300530916,0.7595124481840794,2.080233045936329,-0.8464110069778683,-0.6096760774141338,-0.2596961251901313,0.07118369743497932,3.323471988600348,0.04318424267085741,-1.1881329147785666,0.2507328670691394,-0.8494309055442967,-0.7194300744460527,-0.1515232575884209,0.9958476872693409,-0.21506736592066467,-0.9162190155777502,-2.5265393272095675,-0.10653767077708332,1.1572458620871213,0.09951659470914648,0.9657940220587546,-0.8613317211108384,1.725287495226064,0.6723857675814915,0.5258460586633373,0.5707745553928976,1.7701440555059915,0.49437697633014593,0.574100484395532,-0.24034610506282228,-0.6428618687739283,0.538774430897665,0.3704388135780126,-1.5081691033817703,-0.3844675806855382,0.20449780777271886,0.10556888985908999,1.2763790920241378,0.6791026710448572,-0.8715837003183958,0.9701960543670793,-0.6167345196950325,-0.42253077135137235,-0.6505135597858784,-2.4089503591343453,-0.970684327394367,-1.3034284323332677,-2.408411403694908,0.3004282265582979,-1.322527953878277,-1.2088137497004774,2.9518924639140787,0.3732325817330208,-2.64319269450109,-2.305786108093726,0.12067578020452463,-1.0535992916101715,-1.5504705751355186,-0.09108180641926213,-0.9886385506945925,-0.11881628282620038,-0.4477539988695307,-0.9744836974443609,-0.8218076173788504,-0.9817419873810456,-0.41713760963565666,-0.7375458437890212,-1.9879855354872558,-0.14616319252472768,-0.3406954177873169,0.9781998088744459,0.4173893312047685,-0.07184423302212573,0.8744142230828702,-1.3516805342694953,0.3514614635064473,0.11241447683021424,-0.2646516464768758,-1.072839656638343,-0.3700846886106813,-1.5963929673539345,-0.9216155482696997,-0.43788935414631036,-0.03695040870798655,-1.1195708514326128
2.9606592312046325,-3.1226942146736847,-2.898216039877233,1.0416015411299375,-1.384229270040835,-0.10410718167193483,1.800114356910595,-0.703795034158951,1.2995109387943216,0.8302083531487869,2.2474726983839757,-0.8834283725071367,-2.3151756304673983,1.7189490157242213,-1.3335651230730752,-1.5847573150074168,3.0680861149223437,2.1423147714958155,2.347057198240049,1.050709061026664,1.5778010984214563,-0.13875567114512916,0.3051922504484604,-0.3063458069239442,0.5172487254513822,0.3533209628895091,1.1517043922038814,-1.9323123857338966,-2.1159651849391494,-2.0243419618012473,-1.4800023938031512,-1.792154988587206,-1.9706829965190733,-2.358791227951665,0.24779923879481358,-3.363674391446585,-1.1959236788511514,0.091131964823007,-0.5366973775996485,1.8360064420366824,-1.6362063926143622,-0.6988415883452221,1.8259297804561725,-0.38766185897240074,-0.618116573050659,-1.281237924852812,-0.057107085658156254,-0.2659462232425228,0.23818550998586674,2.4888090417478104,-1.7526435052130538,1.6705434351864268,1.313095609433497,-0.8492616316267227,0.08727702575620996,0.9190752541277319,0.0814938525367831,0.35392295427612597,0.00505289873562173,0.2279246967297094,0.4827807609944182,-0.6941763442929518,-0.7353937748558559,0.2919351374865269,-3.4752683844651293,0.27589201399782465,-2.9077560027583695,-1.7099883374635194,-2.1990893374377554,-1.9821657388264937,-0.5865309592418426,-1.6673549418460187,-0.37233328215802314,-0.3465412968027084,2.6732098676268548,0.12016604136349829,0.567401486612044,0.15225783335267473,2.2168236844625966,-1.5706034583409136,-0.5422972699478833,1.1247154345032107,0.4357506647647277,2.048627008602309,2.134186671710456,-0.8235046764004518,0.5518502796488336,-0.6369389239820863,-0.10755249561421865,0.8658833040687471,-0.9003625970098516,-0.06110765759735659,-1.5911299846139015,0.020663870177782095
-1.9091060524741272,2.5627028950130093,-0.06846587972568026,-0.09395650558025359,-0.777949435204958,-2.3518082155290263,-1.8377289286841725,0.8641381488505047,-0.1838109748912281,-1.581626518125057,1.3100129276411312,2.374343489118807,0.8516342035656312,-1.9269809196346797,0.8911155516836747,2.4492903429383444,-0.2355081225391354,-0.08509590366049435,-1.9113109694535537,1.3970340407872472,-0.5454812931624692,-0.0506403791014256,1.0336204720445352,3.8198928902025866,1.1550887480949208,2.326946947531736,-0.9111271286774099,1.9679333526394762,1.7018377047390065,-0.9916084523157271,1.7543239142995104,0.01573516250011131,0.9402416128342136,1.6176930666951375,-0.13823415978164177,0.6134585260071338,1.6027073009530495,-1.5330335455787927,-0.5281689123475662,0.06554807281047348,0.9141194794998828,0.6010196887880006,-1.0133004829346075,-1.8694334739341585,-1.2506637404960759,0.626065176831927,0.7682198686911068,0.6060434255006677,-2.103751622964455,-1.3592144874532899,-0.306036234817638,0.19284429060760738,-1.5826238240332042,0.19666255077587658,-1.8365918772455387,-1.2852107228364409,1.5173914939539588,0.3211694891332905,-0.9145656690399585,2.4209655401977828,0.9172149697303491,-1.6900601790298468,0.2645977614430509,0.5922686904326551,-0.5385593521953778,-0.203785275906538,0.7461339632198101,0.344343971002119,0.36817760028939694,1.606385423096691,-0.23121959928763097,-0.13481800966550486,1.6119378818828032,-0.8937022832129515,-1.068400346596345,0.7229500116611286,1.146859278945667,-0.9689017560260575,-0.6042327914478488,-0.05403505113521229,-1.940558608485301,0.05442449854300351,-0.2882780232649618,0.26048837311950196,0.494772062945361,-1.0473261466309831,-0.9415715735315072,0.21666974330440836,-1.0414140805311964,0.4566530383773061,-2.036280401796546,-1.8441707381931767,0.6797300870650133,0.452782858513584
0.053514471167785,-2.5624634057925224,0.39015002098914414,1.0612589492576072,-0.4823953284680109,0.41122574831452463,0.16405653865272746,1.2162880607387363,0.29665869113985643,-0.6751474888666444,0.7898310384722868,2.021313126173756,0.650557507747497,-0.0488512251152422,-0.30753870529010013,0.8558988329906575,0.20094075134531908,0.9639790126012671,0.05438967258081573,2.1198341976292427,0.6369450600016009,-0.4271257104968442,0.5313790753324783,0.873535320703247,0.7596665826003319,1.6839677961772148,-0.46722619898541845,0.21571051448951167,0.8503589017234583,-1.7758669113903347,-1.004619968305736,-0.8711643400497354,-0.6260210586568589,0.12796616059443988,-0.8667723319801951,0.5221015173548038,2.678774453618031,1.102862966584354,0.4942922270502801,0.45839379654633,-0.41439560167627476,-0.3775037783115862,1.3351976599511413,0.4878323119529635,-0.8654059177191173,-0.0006554015596536011,-0.1567690282247427,-0.5346064234295093,-0.7645146342414593,0.4767574587950351,-1.0421775054336087,1.686918440366215,-1.5702097092665883,2.2498236884926834,-0.20935334920101847,-1.0740156040804747,-0.028034163973516546,0.7358640923606872,-1.2247294212367579,0.7689540559629597,0.8523528746325925,1.618550825185011,-0.9880426538166142,-0.5998383309092249,1.8298043633399352,1.063683110219723,0.9007256660820627,1.4672950041068504,2.449373410471676,0.2758707484378372,0.3300459646745318,-0.36957159403732903,-0.9198875538674727,1.0587247960608799,-0.48140157184113597,-0.883578716096005,-1.113385229114187,-0.09242703307280098,-0.5712831508648495,-0.5784306626577178,0.4712158947150039,0.16534419288783528,0.5982826361808299,-0.6135498270081315,-0.02203526757202194,-0.5387952933983491,-1.97716914301405,0.5089437370993852,-0.5297722497051202,-0.5571676427784191,0.9702857375499098,-1.559729683070095,0.39677456114343523,0.5837094989689926
-1.1461082786843886,1.5743559758319405,0.189165516504678,-0.293396937908414,-0.6377234182012853,0.6291480710385225,0.340621933211283,0.43950554129411284,-1.4002581305509119,-0.3501569829744967,0.6968767564437749,0.15890070829730074,0.538403944732446,-0.1877373715429525,-1.2549357812175117,0.04617442315168374,-0.0050957596092708335,-0.5708684026380845,-1.2702441566868226,1.1563187280996203,0.03174487857601449,-0.5301300642736925,0.9272576918396045,2.070176524139814,1.1711243783515364,0.8900436683825166,0.4739015847617145,1.3734706222256103,0.6019934713106162,-0.4166157897343673,-0.19274101105274538,1.3404766853365402,0.7126133827191101,0.6416765767896251,-1.4957268425138484,3.026749672744192,2.5525600460753326,-1.2049853428981523,0.43695144830620036,-0.8467007471249348,-0.4748207096900826,0.35835223968972885,-1.324081112803614,1.673383248643777,-1.3730420596094377,0.24563614151080065,2.130253119204797,-0.9367947503815875,-1.1110176882924732,0.7265490507992455,-0.4165825850958353,-1.36052546573523,-0.240286197639404,0.7299782935381758,0.09394678296877153,-1.000282585041638,0.07675231874242774,-0.9090332397199782,0.45158579247832653,0.2577797101695199,1.2585129878250174,-0.4260345364865526,-0.8747539884244007,-0.3653524185096717,-0.855232936095539,0.8537674622238114,1.5165981962942436,-0.8290314023721139,1.5395592658467971,-0.8043040004512195,0.42457356495301324,-1.2954009298203732,0.17511582085615696,0.15993989723572855,1.2808066731201586,-1.8778560987786617,-0.2404181340108726,0.5550578949580791,0.6348429545540755,0.2945923808759544,-1.3141178494212622,0.42698895371518014,0.12077095656686865,-0.6059871410949448,-1.0133717189731528,-0.8445128208714276,-0.8538985288534536,1.1447187220318964,0.21538659253717227,0.08261607153499206,-0.563693146523505,-0.18040728801012484,-0.7237080859130854,1.4347827616666289
2.7555112061338565,-2.694602132240279,-0.12207746302607456,1.581578408200398,-1.5662721145625338,-1.5874978742743253,-0.10446888538670512,-2.0410294241932307,-1.3170440787144293,-0.5445704898779505,-1.8923129622744521,-2.8635507192954517,0.17245539660597786,1.9159129794824925,0.9267287962163087,-2.1274385731991723,0.42533388077980916,2.1504409325203158,2.211145091944897,-1.4876528868036547,-0.9810579432536046,0.06499222406390914,-1.0927882079823896,-0.9443589916848995,-0.4606575901024265,0.44375966053108734,-1.409439477843191,-1.5894420473631357,-0.4221152274238458,0.8865762179049127,-2.082727046904064,-2.6283567406724058,-2.0026160776075916,-3.081481528828887,-1.712312630633928,0.6484738774960368,-2.17696296679504,0.971106608695743,-1.4275220500302401,0.6682560806278798,-2.6558432489631834,-1.8509453125381703,-0.4937040427591315,-0.3765930587554443,-0.04932448175179138,-2.026686145007454,-1.3284411091077581,-1.9333468997539596,-0.3006084754766336,-0.06497395518532911,0.03522375003874151,-1.1807634853738502,-0.8099166627584005,-1.3111444940923442,0.5301677593858741,-1.9025802722100027,-0.4533413515514419,0.39390990728967445,-0.2422192875900948,0.5863244365431459,1.4654868754176689,0.022907186671786234,0.31211332662638275,-0.020237998029130316,0.2070083695787699,0.33806849135545625,-0.8298525333426582,-0.7707999794164091,-0.476662078173514,-2.0713655613846473,-1.335466979745779,-0.30822912858576196,-0.7615557312761131,0.9169764037791466,-0.46245336780723917,1.8836941136330307,-0.2703352369048063,-0.760362931758267,1.1992895264096881,0.8510063924975293,-0.7592695294286491,0.24902501044308828,-2.3212273086249815,-0.30541776147994976,0.16105349001358216,-2.9443172034931155,-0.09099044802628675,-2.4794402347048674,-0.677803392043804,-0.0030521923564295755,-0.8676683894681662,-0.4729224273123979,-0.07700102664919811,-1.1631495147027953
0.1364598332881906,-2.524003177621058,0.12252544578058738,0.39699607086541744,-1.6423883577657057,1.158722212388868,3.213152238854825,1.1744001239420334,-0.7417642968114952,0.13542813752816146,1.8998739016939188,0.9541165676417603,0.055155982157233385,0.0988341143817843,1.3877651326689233,-1.737455034879507,1.1325613210835297,0.34466860664772025,2.360168934930755,-0.20714077696577987,0.34531725893711074,-0.11038655752434345,0.18485951558584976,0.5522056312350626,1.338598455246905,-0.020721704562191023,0.2845671667201833,0.5076703317399978,-2.553654466722259,-0.16413920362186588,-1.8242360414120848,-1.265448677354815,-1.9291147458078763,-1.2137480262608495,-1.2917325920192186,-0.7635301400707916,1.8961201036324686,0.2812388096106919,-1.5649869804243688,-0.3820554986610025,-0.6860469806615103,0.3660481754453199,0.8834931061875957,-0.050424383851079585,2.479382653751923,2.129338019899446,-0.09159550794404103,0.5480134638076816,-0.6648587103238255,0.6366675671030306,1.5904619377384865,1.2410942097389008,1.5909346794127075,-0.568141724346465,2.575843187899972,-1.247539718888652,-0.8244789506934745,-1.233132584306601,-0.8160543659033592,-0.2444585317283573,0.5083363180447945,1.710393575351807,-3.8200936275679727,-2.6517461479300195,-1.55226461758367,1.3808412229311282,0.04003682055591351,0.7928161257558327,0.46827154938725934,-0.7500099828230173,-2.9554288012391883,-0.5597609672768815,-0.68639075697321,1.7720666139257049,2.6690886156015865,1.358217955007483,0.3635719862231376,-0.3974454400209907,0.8291644154634259,0.016605804025865013,-0.9241592001344948,1.0064413959209597,1.3612201812167413,-0.5616337565948244,0.8493139884226074,-0.048424161192216986,0.6059373555060137,2.096534669183971,-0.060221957839269896,0.18132499947279646,2.082321416837938,3.869049106500942,1.7340759172665232,0.5947756764047526
-0.8414769289222834,-0.5645263043858588,-0.20906991001934347,2.301549360668891,-1.3019966556750653,1.3253432294548082,-0.4854607308665032,2.6700475609337486,0.6127093579753675,0.05935961864752448,0.005594836694044036,0.30870133739877725,-1.2293157303372437,-0.05969615866223532,-0.7734201738957812,0.5084298772475013,0.7282446815038311,-0.22234098325323773,2.3864099304685418,0.7482988486769264,0.2030220768223857,0.4447865309113747,-1.2012637416336602,1.5242642891645823,0.13226181545663057,0.04098783384073493,1.4167876966604833,0.45803109944548515,-0.7192281805440889,0.06813474839939442,1.0006218127794584,0.33245551118907946,-0.4259455855391786,1.6251805148289407,1.0090400209996548,2.6299236047387646,1.5627386114314399,1.8175364942005956,0.7720680971665186,0.664339990251442,1.4684276149446192,0.8948182381777012,-0.3822978956635339,0.757431988125489,1.6467147516689464,0.3500974698608602,-0.7210746203466345,1.1795098235034889,1.242952584747127,2.323985027105665,0.025696775637586697,-1.1651343321924748,0.823999938523989,-1.0971149119642134,2.7492032605951704,-2.674833329166066,-0.606701116511341,-2.509490043363927,0.005547825530772488,-2.5431621653255987,3.5107493044200258,-1.2909202794087735,-0.17086363383910397,-2.81071705672422,2.369971400140325,0.7694734347241714,2.2763224361422525,1.5701432352990654,1.617341117454546,0.4063429709935756,-2.412617045541463,1.2305645754266532,-1.759075282277696,-0.8597682933096187,0.04735811774110449,-0.6157059482914987,0.5493327824952563,0.980424540090266,0.5600475680081499,1.1579738013742584,-1.2402191075842062,0.05694437433159844,1.65947069348123,-0.14201744410565528,1.1043988736100663,0.16168984341761725,-1.9080400469547787,3.578871881524768,-0.025564921362514245,-0.3580126232520521,-0.2231710289459079,-0.6222732821568868,0.7023233807295708,0.24398001686251425
-0.5087396317433078,-0.7337024900217215,-0.22761969102947982,-0.758730820754486,-0.31506954893777056,-1.181273298002317,-2.748299891956968,-0.03966355635854302,-1.776425696961824,-0.3935885661871425,-4.438860057637191,-1.8606655863802182,-3.195848638417861,0.06777108380660388,0.9575273007243768,-1.2480209276727277,-0.47394470155564566,-0.16238652595965966,-0.552051815790428,0.5494766521194112,0.6366566085623115,-1.0755322605506619,0.6934367980821913,-0.7950622516649265,0.42097630901310595,0.6122625775058059,-1.2946699691414665,-0.3220216597183558,-0.6115354958692286,0.8414521209965963,-0.22169740699989432,-1.1241476650922986,-0.6750801239582144,-0.3494944438420336,-1.5761355234775483,-0.6535299677631955,0.359615624630177,0.6661677814418814,-2.6299281704109356,-0.900801114996196,-1.5133060097068083,-1.9216508017581306,-0.3962797434639974,-0.6971449642432609,-1.5577786051565403,-2.424906257932852,-3.098020014189052,-2.2746100145649657,0.3627480467772529,-0.530998442192173,-0.41474324940647245,0.6353416864248979,0.23886109624004867,0.3703991624809362,-0.9371708365464236,-0.24783168059997152,1.2677769991774128,-0.7552165575213651,0.41059685810644125,0.9453530810789682,-0.9858194088581275,0.4413037208412807,2.330674892644508,1.0670821665818726,0.5849339387682222,-1.653607394156361,0.25674044153745823,-0.830792710616211,-0.1444279923012395,-0.3049407160753157,-0.19062552705540758,1.010696555165095,1.0388942830546646,-0.18762828220977584,-1.8137703532335288,-1.1101224227878037,-0.13248434218392305,-2.4906434050317623,-1.196716509776756,-0.7533028249795556,-0.79615362667252,0.30515198063601207,-2.4521241229736734,0.1395552543223704,-1.3595168577992724,-1.293867010135979,-0.9516674523895159,-0.813249474101971,-0.4628032888131982,-0.5717253522671747,0.02966205132112676,-0.4704985777670117,-0.8564266094788301,-1.2406156451637294
0.7483110570633911,-0.37010038358544123,-0.19850818400939182,0.8005569267179226,-0.7873245126409048,2.0148784807069506,0.7447624643002861,1.3587298719317578,0.7592397177056718,0.13131434204238038,1.831383148253044,0.23026697238385455,0.8711112172411444,1.1044136249630425,0.34870266057303756,-1.7710873534184512,0.5880924816163966,1.0515798302207484,0.6134109878959702,0.16722242615954463,0.4056611396548928,-0.03057535760570912,-0.42702395123612424,-0.18230470574952884,-0.12076026958016567,-0.8525604371992228,2.5164197246808144,-1.1084695392724413,-1.3505579750595311,-0.9628134940587926,-0.6396833315883658,-0.7516786831592661,-0.3167590840049127,-0.2450286639367035,2.1006130769941547,-1.8733205908226267,1.2096850636944398,0.8899203668353668,-0.4357331332351795,1.5489117450923633,-1.1975179887217766,-0.34055692352589717,0.8759061015769969,1.1397819107367502,1.1751951640937808,0.4802117897602093,1.13071236820366,0.8823136657371318,1.178239146070784,1.5895968525566975,-0.5012410232508969,-0.8441049646345634,1.0704069126422169,-0.46104872156937116,3.510137590015389,-3.364356786966645,-1.5859930220538232,-2.23563803685656,-0.4421591770511817,-1.3274977322697539,2.0651810439434266,-1.6824822431441782,-0.2047056144518532,0.020201717078793036,0.4673783926492384,3.160469307093973,1.4794202606095697,1.406841073238259,1.8719527885549567,-0.4922161867406027,-1.4078763339370857,0.9955497028218985,-2.0241606358609507,1.4375692446140533,-0.098735467953728,-0.1791237729293326,1.1384992839273205,1.5230438927485617,2.142391087003396,0.7344203813722392,-0.5474061603970565,0.11121282115143376,0.89660090835937,-1.125424240187397,0.31253281079690587,0.4668307773514293,-0.02050754719662634,1.5043796320981706,-0.12121638140316343,-1.079552656323181,-0.29067991216754197,-0.0323385813518092,-0.1881931136759008,1.4439785931346967
-1.442599977584606,1.7796404543499378,0.02810051602142795,0.4844880756913029,0.6811123483944891,-0.861796201187917,-2.5793998906617754,-0.194582695054638,-0.3937828189749587,0.30263640015762294,0.7417749898915823,0.08710031357219003,0.3790938195851343,-0.554986371084231,0.551394555526058,0.6351815551155906,-0.2728779645069213,-1.0044480134358922,-0.8813654328144016,-1.4949239423902747,-0.5662720717233944,0.6327926029139032,1.0807259340240245,-0.15605137346434894,-0.05568567730893326,0.563250789965331,1.4162443442901,0.5538255804684658,0.1055900226844575,-0.052655069998955716,0.09803439037395933,-0.31032411999772824,1.1270022528973578,1.2763155259454348,2.2328546973655725,-0.1126396422020669,0.8253170918562907,-1.3834535804050392,2.4559380143633707,-1.0569433512703497,1.4166805895734225,-0.6215656343899709,0.001371800465022499,0.818622647068858,-0.5736592810290178,0.9893523478718895,0.4962309639271416,-1.2066265743973308,-0.06757819921416525,-0.42162701249798035,0.20967676931270052,-0.11318828903652217,-2.0489107975722143,-1.728778601769358,-0.2473318939874085,-0.9227930466768175,-0.14145258205453842,-0.6974696331041533,-0.32993776261596874,0.3032251193960135,0.7483413561868295,-0.09705059755461565,-0.23167968579959564,-0.703479011572074,-1.5581821766074655,0.6915748097918234,-1.251638168744881,1.001210128456638,-1.2112674039498899,-0.08580069595572276,-0.32964364169886873,-1.1864588239762317,1.0400128566797924,-0.6300337716988129,-1.699865346937349,0.5582911479427373,0.5164594032397563,-0.3395575644114937,-0.5210886672046031,-0.21672320734783704,-0.9627329502299966,-0.06563998488028494,0.3457924229146877,-0.270039708859508,0.8127804141437277,0.4293954114908403,-2.348214315157688,-0.5136988273988303,-0.2198142987449551,-1.2835942399785785,-0.016068366826688663,-0.4120927131987069,-0.13951624742080754,-1.1718809812183602
-1.121596884217414,0.8364660457938158,0.2714268647426382,0.1131320180376818,-0.647626604634181,0.5208372125072165,0.3565422070935015,0.34514666250975534,0.4168148651446797,1.000594746637469,-0.5556274418836905,-2.1443570929724625,-0.2726563034443664,-0.2115420821520255,-1.5693325593724827,-0.21530272591571548,0.05460266529582597,-0.8478343141899168,-0.029602661432733074,1.238387286516799,1.7767019985100958,1.3169049246888431,3.0979419133797954,1.1810121631700776,0.8742912429404551,1.626947899333352,0.6969110883417555,1.9511984109757856,-0.3078773519440578,0.365414173837167,0.31675854518843605,0.4382161058718841,0.26426550038825897,1.2698457214585863,2.2658410734174907,1.3102156667866138,-0.16712527948095035,1.190303888815302,1.117615360953563,0.90338828913138,1.948865158855364,0.5102397652877637,1.2865132075300543,4.031226960620225,-1.5153445792907503,-1.6649944306531022,0.5028704695128551,0.016711505557516965,0.15692595877162244,1.8503555115280956,-1.0973728861238958,0.8400928757268017,0.3343574987324034,2.402813751972414,-0.0955615283053588,0.04211193779318512,-0.21131627292337418,-1.6917587864071564,-1.0372751015980708,-0.15966847684036845,-0.3145512881043424,-1.0091955431717248,-0.15212585694001157,-2.517516615658152,0.6716460658608598,-2.8606214796550953,1.0145549994957337,-1.3114582267446884,-0.698705914835502,-0.7581975226285055,0.4202836081508144,-0.09077344839125184,0.018876961914116724,0.1918365512573465,0.25711754342439386,0.10226066311889467,1.1326774281728884,-0.5144041680285201,0.5561336612229658,0.7558618088287589,0.5073192319864175,-0.5845382925184746,0.25604761434977374,-0.3121088194812051,0.22071662712496307,-0.6461581178500718,-1.2074483932429485,-1.4766969209130736,-0.6462652482010435,0.264532896854883,1.5298867589743188,-0.5453892089553496,2.487708159656553,0.5918195812890693
0.6336809679738544,-0.2574021220486581,0.3125510851876882,0.6984972585687289,0.01165357289540958,-2.002894740274661,0.33090898578989936,-2.388401429132683,-0.43089206911267053,0.9606702239505802,1.3259199727277573,-1.1854298791747024,0.8244459321636451,0.086737484759568,1.4224716946110947,-0.78417897404138,1.12042533379052,1.9674989283980078,0.0030375458822331364,-0.6529113560373495,-0.30396670430422057,1.7644568929092042,0.5276880100454474,-2.434616310516832,-0.08642693041792912,-0.3533232556983379,-0.22027594269630035,-3.5231832423095275,-2.7702805280697014,-1.1154619955174765,-0.048347620539258784,0.1260539775679117,0.19895655531116577,-0.8594370698480941,0.7267520565097335,1.1053434094205383,-0.7159218641993603,1.108237680393731,1.494207977732478,0.2937890254410334,-0.890458977857328,-2.3383442319656376,-0.7101542403388343,0.1037328815940356,-0.1517512325326499,2.6582024330230887,-1.2188285403150065,-1.5958116234055526,0.4782059470415815,-0.672525769693525,0.906985435697684,-0.12605452204001144,0.7623379283381047,-1.0475535922167596,1.8195896130355729,-0.42494042550446154,0.38283954007581456,-2.240799414259686,-0.46403013990531783,-0.3223891617476888,0.125013570079351,-2.2873822251011475,-0.6376355440740937,-0.5498104260557843,-1.6609957920312555,0.6462485307662635,-2.0475219076162015,-0.5197587144621001,-0.6784919495304886,-2.204994457347963,-0.8736921865492111,-1.370596067296732,0.2617539068849644,0.8814528711131572,0.7293033773258278,1.2962904722401063,0.7123487948908097,0.9950834592078074,2.04872490491626,-1.517269310801083,0.5514951615112469,0.2030127963887629,-0.714668198958578,-1.043827267031526,1.4742730031063267,-0.7882407140362666,0.3813186165540936,-0.9220534665113734,-0.18391038671901183,1.0262086050126553,-0.8315643587640535,0.5839724909639765,-0.7722447137142414,0.11646719307789144
-0.9933706409522624,0.6426739469821163,0.614038531756525,-0.41156076027630034,1.0299809801863191,-0.8707858583612922,-1.3990845396250835,-1.19082314980849,0.2865125153540333,-0.5432501491972765,-1.9842565827110366,-0.32644313080656967,-1.7146889178806302,1.2671500779231444,0.6328798111974524,1.6996181688323997,-2.0755255374198414,-0.7506846162369301,-1.8480701278715128,-1.2267720914954685,-3.3042753299082674,-1.104437608663578,-1.4337990859307392,-2.0461889893587664,-1.959683248258197,-1.511994415559718,0.03357399606897003,-2.8203016811781403,0.6793218759091505,-0.9362819153300067,-0.6228303304587988,0.5243299920822182,-0.4137743991566215,-0.9615682736544213,1.1450987357547762,-0.40818513858142985,-0.40756826750843644,-0.7699621782008234,-0.4503603265303893,1.0323220379646374,0.09044024157169805,0.013522732885379085,-2.2300820908526555,-1.4504791000538808,-0.00979211610912152,-0.7516535376831412,-0.6553640498811533,-0.7918767580478511,-0.5537812064006299,-1.34015810807852,0.842723666656194,-0.7293058444540277,1.6637745762374574,-0.768224490628427,-0.5650937165723918,0.8122537343244756,0.7975529904916718,-0.24894097453963332,0.8233559348822307,2.078608312727147,-0.6997588078679579,2.1918798089986873,0.3929314929695711,2.316780511699003,0.13992828403410873,-0.03662332672652127,-0.39666707603895296,-0.5446115051682504,0.36414314559394967,2.0359603067658565,0.8507337847026624,0.3499769453930348,-0.18314557528670306,-0.005926180948399362,-2.947967493775061,-0.7335086919709461,0.3718301119816902,-2.7195732063409244,-2.5419059791636984,1.1496390829780558,0.4596733718142064,0.37477735355839936,-1.649386836985469,-0.8020970103381905,-2.1234588756245643,2.1500579490230844,-1.7974753233245953,-0.8268609142463756,0.02045148451191588,-0.5285551109771157,-0.2137018504663134,-1.4223622589014597,0.4148610836315299,-0.4841783468214115
0.3337672174760052,1.2395700530051899,0.2526574316694389,-0.33446197514353154,-0.29373009859814936,-0.1918741672458845,1.0563166868782514,0.5668386854248135,-0.4043872703058382,0.26713164871640194,2.078645574335665,-0.1251165697084825,-0.22110931669901737,1.7327308668899497,-0.13773996799470095,0.7098141455598405,0.29341384909852575,0.6290109901497062,2.0314175565164745,1.3996479635723065,-0.6777791356717959,-1.5184006839903272,1.136438239153197,1.678030954621239,0.2596611630699515,0.29891854651145716,-0.34857359613078653,-0.05460939582487567,1.955973824792836,-0.9445133124487726,-0.5622415507059101,0.890142642566908,0.6684556230509269,-0.14151270484421763,1.862632759068394,-0.21238776028071366,0.6633254345911901,-0.6797219492134235,1.677341886231829,-2.012864935430673,0.14507297568776922,-0.7510152675117385,-0.41363290745217174,1.402876212119018,-0.12851152168505364,-1.120676075430671,-1.9192899327029538,0.09580444871730709,0.2250375240563362,-0.2294979942997825,-1.6697502814132563,-0.054733505064031795,-0.39498094886257284,0.36682462897609813,1.0566041074734398,0.7714002328226655,-1.6954649292810786,1.8933058763720836,-1.3447805350244342,-0.8107450753517985,-0.4718822677515881,0.23005899006761266,-1.7350731707432079,-0.9746240526880405,-1.5227581594282922,-0.8338450103695703,1.1756073387046508,0.12184636705501722,0.2631371329488018,0.9768342251681728,-0.35482358846244616,1.1781431982913804,0.3727307646397403,0.12049186399733483,-1.3669822140194314,-1.2136800791515103,0.0962301777416818,-0.7921130363736395,0.3350510607408558,0.2936438749564612,-0.39014199177439857,-0.4262347332013374,1.5001875642588556,1.2010567703862571,0.009217957386206788,0.9055082055963344,-1.9947732891480219,0.9716404674460848,-0.18819580412180129,-0.5937557528301403,-1.2616710245166352,0.22181047218606043,1.5268274021873702,-1.74191158448724
-1.566311959241626,1.5030365901401883,0.20848136303059314,-0.004088556286502287,0.44618754303069086,1.0835520569302617,-0.5126130288142752,0.3773860100373419,-0.23892262151212573,-0.1265763126064241,-0.9564368022756216,0.24918409263333857,-0.06868631646142798,-0.39506994061854483,-0.3414016352073528,0.3838035059959133,-0.8512712845059348,-1.475957291613203,0.04055696554828131,0.9927462692441585,-1.462589291364563,-1.3284198903556264,0.7924211487227353,0.42913254792094596,-1.1708747876901529,0.9304003947927831,0.10512770916467135,1.1015932416001344,0.7980465213126711,0.8908596289322629,1.7825824147075537,-0.1702208560138282,0.876093842221601,-0.6659320511449378,0.9123105167345362,0.574867366215075,-1.0658036503819677,-0.19942212711125692,1.4955581934039242,-2.4090574456260603,-0.09130275613461414,0.6791358243002835,0.06906376889478383,0.28216797184115994,-1.2800927664153217,-1.521010409657615,0.9404149129093029,0.1636343943105694,-0.014477542110575364,-1.040758848264785,0.31284968479859077,-0.8880296094883224,-0.5580103845537385,0.7874191010099553,-0.7482900508522887,-1.6718294703698118,0.9210078042064691,-1.6304548603154059,-0.645001614584223,0.44069692308878916,-1.0572052354170887,0.7949329882895646,-0.5610313193133469,0.7566553508116259,2.15370442127064,-0.08507150453809981,1.4126648519715401,-0.13641529837088637,0.44294719251845155,1.4890005374794109,0.09894523676360042,0.38861462063837293,-0.30183133342457535,-0.70706076603363,0.2467927156804064,-1.3711927262888786,-1.0556321104586073,-0.4345665476741322,-0.15518191792714486,-0.003523312071925324,-0.2892621732532704,-0.6196310114129208,0.7792322124294083,-0.06789413379579066,-1.5876758875504433,1.894759527888177,-1.4044686762940093,1.3678229536955193,0.1877917803305623,-0.8635325592972841,-0.630774877621157,-0.5580183502351365,-0.3204540809255543,0.40172752446298543
0.2396090351086469,-0.2196800763342677,0.35711799420147383,1.247647222612354,0.23797630828131794,-0.8306329520778292,-0.692356820265324,1.8481170067800474,-0.5530029283627885,0.20185788366022167,0.4787573243600603,-0.4150543257100961,-1.401183151480214,0.18880407937485943,-1.3197699858147438,0.2793866218883314,-1.0441821551755184,1.3621985481651184,-0.25911996333468135,0.19531645832118583,-0.6285157817065059,0.009351978099853636,1.1532036561241537,-1.661385475429224,0.1687620007470808,-0.006739558495372444,0.49046512146414467,-0.012902852621733019,-0.030561372325023317,-0.442577024282269,-1.6468510799694918,-0.47281261614832293,0.11923333372314633,-0.963313184007966,-0.06540128570519614,0.7711997751153112,0.8069558320063701,1.1539864219776053,-0.09550506115665103,0.6807982047173387,0.1751422307640903,-0.35501414470612386,0.13435062780144807,0.4895588348625567,-0.3652691233073805,-0.9058018200323378,-0.1531092328646495,-0.2678173838512744,0.5127247160849941,-0.3789231023236837,-1.3422342241699416,0.26590138151761866,-0.5369632944487625,-0.8851010955464881,1.048642856592964,1.5053503957398853,-0.3063670918858076,1.6856581303820781,-0.5349790529832905,0.18621303593932303,-1.279800838829004,2.7110572872412244,0.17141639535415404,0.10856927935915617,-0.823395803718587,-1.3633869293408831,0.18976769532951,-0.649665904293439,-0.6070581709709524,-0.5570220736051422,-0.6101008574452317,1.1168546575825475,-0.3088361933963566,-0.12665972686646634,-1.4465030193052362,-0.45985527924291764,0.6548957648733634,-0.3972331472479317,-0.5556085641779822,0.5288885770226178,0.7969393757075623,-0.3505063011818488,-0.7354361773628973,-0.08609159998550156,-1.0830625422803957,0.2357178702088496,-0.18730648289726576,1.0529935295772188,-0.2984248959867824,-0.5465267740601718,-0.7150930094000857,-0.8064301308398567,0.005187063945694237,0.6859788815857364
-0.437798627852603,1.170919707779345,0.6277270883261221,0.7776338533016351,0.36064627380978925,-1.6528770019929475,0.3662685694332991,1.696655126268328,-0.06677220494223907,1.2274068639438505,1.1081127462607374,1.2300567420930504,0.035920547135562475,-0.471682299731072,0.28571836911172815,1.466802578900022,1.0326707059228362,-0.022991244513788006,-0.924739985919303,-0.8869718333777981,0.3759876233405267,0.1931043219741106,1.0361530389942504,1.3456040924503214,-0.2345572783243462,0.19775702051439045,-0.4582945946061755,0.19395832884668474,0.38323002481952645,-1.028365253515262,0.5554939098749626,0.33538567558496124,0.24998899035453792,-0.1293985813283166,0.20812817724675414,0.6236102122735474,-1.4486701412373315,0.049691136371315225,1.6309200859991506,0.3953510364957202,-0.16906079130029644,-0.1911338980344418,-0.0328841142678955,2.363920354189645,-0.2099874145723979,0.6154877730423094,-0.03278222267250985,1.3658976813885673,2.1283850307797127,-1.2972680579777744,-1.3020867038076742,0.6796030484772804,-1.7714765856141275,1.053558461654502,-0.7727443730762943,-1.6647518766230132,-2.5598076366396363,-0.7233580932736541,-0.10522162916227029,-0.9336218513484144,1.522731340923547,-2.490915149361241,-0.5788910334467382,-2.5100388092320767,-0.7706117904337325,0.38321148012533074,-0.3279310274194128,0.7699188227596097,0.20988127786033536,-0.3944286200908933,-0.41807075584390946,0.24158303162206285,0.5594216892063042,1.0100252680199329,1.8961625358390823,-0.0813649546300505,0.2971454451581355,1.1994539611617654,2.4230698292119164,0.5727904500437447,-0.11379298540072658,-0.4749062708190923,0.3026349304369258,0.07425087115000725,1.4453592324453064,0.6768102215053831,-0.8199357723196953,-0.2570426617424184,-0.9396904313584891,0.410892705667943,-0.1431247391351163,0.15561124988853092,1.082719168580493,0.5107373080479392
0.7965473564956372,-0.7959617603154987,-0.3484132576242815,0.6982173363988321,1.0251779094837536,-2.296646593620352,0.36389452778137543,-0.04011035586470474,0.9003900741346268,1.7353811562745312,0.3615032732698177,1.175820498921044,1.2279347102343035,0.5094733371399216,-0.0655991361260851,1.951675529098022,1.0639070914791364,1.1316523439155732,1.1792237090918645,0.29421711009998175,0.044799362369058904,0.030325462557610962,1.7958856737356692,-0.36859271638296276,0.16567565816992358,-0.36511060826825864,-1.6531728437198934,-0.35285894014419095,0.1085865334575955,0.5556180754279199,-1.6381417688577296,-0.13138720153786554,0.8067601648399496,-0.4415726872659359,1.3429514346921565,-1.1767518940648234,0.2430727905997395,1.8688845359785158,0.33270315504307785,-0.5118423292185946,-2.0190587311631507,0.6098506488285832,-0.2682664475437019,0.7285991766724762,-1.4132476187458305,-0.6000683582084698,0.08694915120100247,-0.1409446512053651,-0.9614198881797861,-0.1905156466151069,-1.2860647209848342,0.2646302740720621,0.17378587583359972,0.2607424511170984,-2.0789067877940877,0.03808488185206137,-1.3549351487553567,1.6907082993145064,-0.8328265003375098,-0.5774513050567796,-0.5337324970580626,0.9347144457303678,-2.216570053755488,-1.5306156933811403,-1.2630564729066913,-0.49912324825167037,-2.026266285420546,-1.2967745684169727,-0.20880102076268336,-1.2593061964129642,0.6839896979229696,-1.1239523546865913,-1.1564709408631315,-1.118720225895927,-0.5382420230925867,0.3865791153379978,-0.41999694108536484,-0.4636553727180663,1.4404599755597782,-1.0598816631248509,-0.9131886079134572,-0.278834986602417,-0.37403590216548266,0.4014001867398614,0.7364087497879419,-1.3726586959664009,-0.5305454463913656,-1.904501129126582,0.474844335712713,-0.3302988588414917,-0.6487002236268011,-0.460352681933703,-0.6777726506248876,-0.8337201481845615
-0.9683835977100828,1.0705468199604993,1.0286275656233759,-0.2673535240185236,0.4436116346283206,-0.5681642559240931,0.5814905268881694,-0.8743699124102691,0.24578988745059815,1.1218268474272606,0.9297270524578487,-0.25378923544985094,-1.7932494389811906,-0.2371366767664611,0.23760367792381465,2.3183869356298614,-1.5942391371553226,-0.9501981383187953,-0.940076218410035,0.2954642068287052,-0.6850777820514419,-0.9136167557008388,0.9824735214442681,-0.7195086809691853,-0.06160528890164155,-1.6161047825883645,-0.21815451692754947,-0.25026026006777685,0.018509849912127216,1.4694959211044287,0.6912680971910945,-1.0099891817898543,0.5713424919154984,0.008763443414452121,0.7380774731722901,0.07300943001595273,-0.31129981037016485,0.6990847726577962,-0.3889534582099164,0.16996289202076928,-0.04325108135231992,-1.2374342046742626,0.1063667222879706,-0.26762719885465275,-0.12684718470680484,-0.524703580633412,-1.9381309954454895,-2.123456991623529,0.43781590443490626,-1.1815941425448946,-0.6161539454968614,0.35742435375460035,-0.06035317501274978,-0.14739858597306196,-0.7611569923007233,1.053833133230171,1.9816203530823393,0.3898353627610461,-0.21752290181501188,1.6726530820366858,-1.730165800461835,0.10830297149839813,1.1116798307140578,0.8533342858932391,0.6618712451230502,-2.953647353499693,-0.5068073374325616,-0.8021969610587711,-0.18572765605320735,1.838611512302644,-1.158541340729673,-0.16456937041887162,0.07390001222840609,0.7495066479709904,-2.535504310628699,-0.15693117622904934,1.4497183847431674,-0.729866022897279,-1.142191208538563,0.10320678133779806,1.4742727644835119,0.3719424730096369,-1.7478496733142086,-0.6675492618125296,0.09420626442266619,-0.5709659791074431,-0.34538209324457475,1.0517147143237464,0.3862975757207474,-0.19702520132685875,0.5695594382855648,0.7727243440120604,-0.28839973896376353,-0.8794039418121249
-0.5882410782149261,0.2825394065234792,-0.16437282822293064,1.0304938134789374,0.5426538422272578,-1.027141114733082,0.8927545211462653,-1.1940672438143047,-0.5343549975079739,1.7943505879339288,-3.053410287814895,-1.055876817182348,-0.9926826297386451,-0.030293793441551975,-0.4582321949022907,0.47299229012133953,0.0816477702022047,-0.2422374882665096,-0.6616007082742257,0.9977977835999725,-1.6089696624988794,0.5295983118003889,-1.4552450139005437,-0.6606465444812966,0.0550899118067025,0.1774344493257406,1.6560945195658274,-0.45726546669322116,-1.3953390239953296,-0.9915297262148468,-1.3841344161312268,2.3713142647469017,0.3039362626326424,-1.322358138962583,-0.8277115149051002,0.23649917762526806,-0.4011921141734306,0.8274485454153844,-0.6486646393770565,-0.6553357969103579,0.4954290493360023,-1.0849122367659976,0.8307998118615469,1.305206079067294,-0.8144828550685654,-0.8816301958987172,-1.3633500631735864,-0.8217281347300677,0.0073027768098389845,1.5325961547663218,0.9425651900325078,0.7877836213035112,-1.3773843669793688,-0.7894714056527325,-0.428018583554731,-0.17149732614260604,0.37651574627508233,0.139815183411512,1.7247188720745936,1.4156290746435485,0.5505042403747676,0.3471525151467719,-0.7330879718347996,-0.812465485805002,-1.58245727177334,-0.7391178689691815,-1.1931765061382338,-2.0081207300867137,-2.1132610191446712,0.39118202277541303,-0.8888285986041636,0.2607123929438896,0.8408651145084246,-0.3856009581510596,-0.7716262536318936,1.299431525917729,0.367838744741586,-2.723763473546642,0.013368052237263894,-0.35620605854853743,0.7139891996090364,-0.03601068927908609,-1.3617247788973552,0.7898502164570178,-0.13289826111639907,-1.9114389757411958,-0.4172253425022339,-1.9269757070060594,0.15443247757162284,0.30502350973052317,0.23833238582790583,-1.854304384967176,0.8154332416056866,-0.129212363566104
-0.565497895683117,1.8730296591678077,0.363826525239421,0.6520635429079091,0.5306781005923172,-1.2716745550244566,0.17011664028216478,0.6431169925403192,1.754311735270305,4.061965052347482,-1.819545074695702,-0.5562768838395111,0.8854601085859944,-0.892941833417661,0.9173382493297402,1.7868432389447158,0.003439993220840154,-0.26460125347402363,0.9674577022842246,-0.2339439258319837,-1.9804314411430448,-0.9407926307503944,0.03944568278569416,-1.5172315836964394,-0.7499058903345819,-0.6116934790830257,0.07732480538458264,1.7304334115214561,-0.8062028584470582,0.3867947689367304,-0.13107430262287106,0.920409561990609,1.4752477822672287,0.21472457545069124,0.7079721587820658,1.0101352323572628,-0.33010105395750233,0.3864676582907688,0.2513721490934595,1.5648635926124475,-0.030263935491226884,-0.05861163303969891,-1.678443629293985,1.0960782500415291,0.6659365818825809,0.18563489310848758,0.5007003178023599,1.1465561298671907,0.7642148110312005,-1.2714636303901403,-1.4246577054974778,0.5827398475897876,-1.843743640204496,-3.5064269029566706,-1.6117773315298995,-0.6882633178109783,-0.3969571220448145,1.2577720995406303,1.09197800697557,0.15741399888597532,0.11470952983897825,1.8553241600999044,0.11434593736314475,0.9843718567655144,1.982815949576812,-1.2776274881901317,0.11975786164347857,-2.064708494049715,-0.11333498732745098,-0.4690330713543541,2.405473754848978,1.6474995184872612,1.110164655727422,-1.0427931365138972,-1.2186701143555823,0.9126860477222365,0.22001389229082538,1.3925823278957101,1.039693723469144,-1.2813929936750608,-0.17765644608279585,0.26180559743824533,1.841951919785811,0.7773957576069133,-2.2274415112987276,2.3578392923390408,4.110461587680659,-1.4407688196807193,0.8925248546158987,-1.6766295912722047,-0.12637900016289133,-1.3341185753666442,-1.1523170654081751,-1.0076377679926565
