Cells_AreaShape_Compactness,Cells_AreaShape_FormFactor,Cells_AreaShape_Zernike_2_2,Cells_AreaShape_Zernike_3_1,Cells_AreaShape_Zernike_4_2,Cells_Correlation_Correlation_DNA_Mito,Cells_Correlation_Correlation_DNA_RNA,Cells_Correlation_Correlation_Mito_ER,Cells_Correlation_Overlap_DNA_Mito,Cells_Correlation_Overlap_DNA_RNA,Cells_Correlation_Overlap_ER_RNA,Cells_Correlation_Overlap_Mito_RNA,Cells_Correlation_Overlap_RNA_AGP,Cells_Intensity_MassDisplacement_DNA,Cells_Intensity_MaxIntensityEdge_Mito,Cells_Neighbors_AngleBetweenNeighbors_Adjacent,Cells_RadialDistribution_MeanFrac_AGP_3of4,Cells_RadialDistribution_MeanFrac_DNA_3of4,Cells_RadialDistribution_MeanFrac_ER_3of4,Cells_RadialDistribution_RadialCV_AGP_1of4,Cells_RadialDistribution_RadialCV_AGP_3of4,Cells_RadialDistribution_RadialCV_AGP_4of4,Cells_RadialDistribution_RadialCV_DNA_1of4,Cells_RadialDistribution_RadialCV_ER_1of4,Cells_RadialDistribution_RadialCV_Mito_1of4,Cells_RadialDistribution_RadialCV_RNA_1of4,Cells_RadialDistribution_RadialCV_RNA_4of4,Cytoplasm_AreaShape_FormFactor,Cytoplasm_AreaShape_Zernike_3_1,Cytoplasm_AreaShape_Zernike_3_3,Cytoplasm_AreaShape_Zernike_4_0,Cytoplasm_AreaShape_Zernike_4_2,Cytoplasm_AreaShape_Zernike_4_4,Cytoplasm_AreaShape_Zernike_5_5,Cytoplasm_AreaShape_Zernike_6_6,Cytoplasm_AreaShape_Zernike_7_3,Cytoplasm_AreaShape_Zernike_8_2,Cytoplasm_AreaShape_Zernike_8_6,Cytoplasm_AreaShape_Zernike_8_8,Cytoplasm_AreaShape_Zernike_9_5,Cytoplasm_AreaShape_Zernike_9_9,Cytoplasm_Correlation_Correlation_Mito_AGP,Cytoplasm_Correlation_K_DNA_AGP,Cytoplasm_Correlation_K_DNA_RNA,Cytoplasm_Correlation_Overlap_DNA_AGP,Cytoplasm_Correlation_Overlap_DNA_ER,Cytoplasm_Correlation_Overlap_ER_AGP,Cytoplasm_Correlation_Overlap_Mito_AGP,Cytoplasm_Granularity_2_AGP,Cytoplasm_Intensity_IntegratedIntensityEdge_AGP,Cytoplasm_RadialDistribution_MeanFrac_RNA_4of4,Cytoplasm_RadialDistribution_RadialCV_AGP_1of4,Cytoplasm_RadialDistribution_RadialCV_DNA_2of4,Cytoplasm_RadialDistribution_RadialCV_RNA_1of4,Cytoplasm_RadialDistribution_RadialCV_RNA_4of4,Nuclei_AreaShape_Eccentricity,Nuclei_AreaShape_Zernike_1_1,Nuclei_AreaShape_Zernike_2_2,Nuclei_AreaShape_Zernike_4_2,Nuclei_AreaShape_Zernike_5_3,Nuclei_AreaShape_Zernike_6_0,Nuclei_AreaShape_Zernike_6_2,Nuclei_AreaShape_Zernike_7_1,Nuclei_AreaShape_Zernike_9_5,Nuclei_Correlation_Correlation_ER_AGP,Nuclei_Correlation_Correlation_ER_RNA,Nuclei_Correlation_Correlation_Mito_AGP,Nuclei_Correlation_Correlation_Mito_RNA,Nuclei_Correlation_Correlation_RNA_AGP,Nuclei_Correlation_K_AGP_ER,Nuclei_Correlation_Overlap_DNA_RNA,Nuclei_Correlation_Overlap_ER_AGP,Nuclei_Granularity_1_DNA,Nuclei_Granularity_2_ER,Nuclei_Granularity_3_AGP,Nuclei_Granularity_3_DNA,Nuclei_Granularity_3_Mito,Nuclei_Granularity_4_DNA,Nuclei_Granularity_5_DNA,Nuclei_Intensity_IntegratedIntensity_DNA,Nuclei_Intensity_MassDisplacement_DNA,Nuclei_Intensity_MassDisplacement_RNA,Nuclei_RadialDistribution_FracAtD_Mito_3of4,Nuclei_RadialDistribution_FracAtD_RNA_3of4,Nuclei_RadialDistribution_MeanFrac_DNA_3of4,Nuclei_RadialDistribution_MeanFrac_Mito_3of4,Nuclei_RadialDistribution_MeanFrac_RNA_3of4,Nuclei_RadialDistribution_RadialCV_AGP_3of4,Nuclei_RadialDistribution_RadialCV_DNA_1of4,Nuclei_RadialDistribution_RadialCV_DNA_4of4,Nuclei_RadialDistribution_RadialCV_ER_1of4,Nuclei_RadialDistribution_RadialCV_Mito_1of4,Nuclei_RadialDistribution_RadialCV_RNA_1of4,Nuclei_RadialDistribution_RadialCV_RNA_3of4
0.8223759364110835,1.7637790999665324,-1.079248562192154,0.8200212332203087,1.387630525166552,-1.5059144145803554,-0.40345717490465405,0.3863963340235197,-0.7969557704607652,0.6761968826795146,-0.1404839490993175,-0.936639893827254,-2.828758640672839,0.11709067806017354,0.9310654287944773,-0.43303764370235553,-1.2820058426535317,-0.1441809989183614,0.6959304016319502,-0.45163677354732273,-1.0822583571630364,0.45693305525727435,-0.7170426147736908,-0.07155566099674375,0.23628643795342757,-0.5604252168695526,0.7159741988930131,-0.7912232605284124,-0.6604691511298622,0.10133342917306143,0.03758104951884911,0.32816318666079114,-0.09978460599359412,-0.42074872124584894,1.3892692056806994,-1.2224575156465618,-0.7487758641973123,0.5719492637759491,0.12770488877461594,-0.8033801405921367,0.47281846160941565,-0.3083386714150198,-1.0105121662401655,0.4453160952488959,0.8563755862366385,0.27079995424768,-0.003636531869009474,-0.10946438484577226,0.6086831992925499,-1.372951677843713,-1.4314572655695172,-1.4116926883401033,-0.5816705493465841,-1.1890668952319694,-0.2195380360562823,0.2918800739456238,1.1449632327912462,0.8821771351618909,-0.8295945390939595,-0.31346431862426427,0.8761494894943326,1.640148329887404,-1.4321463835859172,-0.07589992948034624,2.0237653640791264,0.35803863957773496,-0.6692636769049842,0.532610603967834,0.3267504059396803,2.419782972511483,1.1667756538645113,0.012992990595752096,-1.2690922625212055,-0.48282769159326566,-1.8242232473435243,0.1371334535976602,0.5496617435693475,0.1988055703311377,0.6809603127991526,-0.9406094380764344,0.5785864645215929,-0.2443985727759655,1.0056333329384812,-0.4693717934686955,0.9942672479695674,0.14230350930476127,0.28033439694503576,1.8833373930702648,-0.5112271138079919,1.4404131754186607,1.157808698242293,0.25777532448683094,-1.235472254411678,0.13996312578424375
-0.5087120183330938,-0.159054897253606,-0.5267529363516125,0.3938049715860617,0.2357128629894072,-0.44071996589252854,0.6199013202649818,0.9031232880461058,-0.8925449567073873,-0.2701474588072685,0.2624363104378644,-0.931776612802625,0.9353008814164663,-0.3878995958761389,0.46448662566344107,-0.4241744441474803,-0.01847986569103019,-0.2680173390581363,0.5065953364560732,-0.7383368704408526,0.19526733352178513,0.9957203206038502,-1.2669001211691002,0.6479468883489641,0.9544393536222936,-0.28338092729670494,1.1939414792815648,-1.2198150187082142,-0.8676569270504688,-1.387586116798209,-0.33782286391343685,1.1412165176113394,0.9280442466108197,-0.6986767867399339,1.1564156977387532,0.7133595648707287,1.6610037371082953,0.5491246717466115,0.7544316617837449,-0.3223613460320053,-0.28084390970136125,0.023798804650888128,0.9762670831474545,0.26050486655604504,0.11943028056195878,0.2342279094885541,-0.8983264294524378,-0.9203544445305946,0.07567064419253544,0.6519639095767891,-0.06117568861096112,-0.01177539192351304,0.18518486283096405,0.2361969066042059,-0.4702190344299779,-0.18655851377489366,0.07266145408894478,1.3763072203505156,-1.5915330031148753,-1.2862290446026534,-1.1003126226851039,-1.7365834205874442,-0.5772606604444126,0.5741503967376769,-1.844417164749163,0.91250694436992,-0.6783414646456521,0.49570510990345545,-0.6556658537077158,-1.9234561033319526,0.286033948786074,-0.48665956889982454,0.03740237882546037,-0.19775081330248562,-0.4590275391154519,0.969903840764085,0.8958015362269184,0.344081812089325,0.013873649611878314,-0.8593091668774088,-0.718991788400649,1.722859058562447,-0.21557530194811925,-0.7172309370010035,1.3685606401823764,-0.771479003993076,0.08595919725349138,-0.2364869522643629,0.9526858446984275,0.8734460051921844,0.28261791779429624,0.2771769974329864,-1.4785050252046144,1.8939978353821882
-0.5148274434251079,-0.6970011785336971,-0.38276810369843783,0.3841183282391373,0.24267396891835985,1.3866903698272035,0.36379939843732123,-0.2195865044090909,-1.1865311073560552,-1.1224106365344637,-0.8260965980602277,-0.096259972420016,0.2675389801010881,-0.4012154689799412,0.43637703393301946,0.25385080566182266,-0.11563401209081597,-0.4056274994559927,1.0867740489634263,0.44880287115904843,0.7379924535290606,-1.8347017079660155,-0.9050545003465091,3.0492856437216176,0.21392021057032992,0.9480102775986761,0.19082628053456474,0.6442941042504877,-0.9588736991729014,-0.9526169420990371,-0.10396682655933308,0.1301021762148922,-0.8764465261211297,0.7608919260276802,-1.9294603740252922,2.306905830140445,0.08004329455221515,1.0475019140881554,-2.1269428971083553,0.07717362681221202,-0.79851465829499,-0.20347128264495343,-0.6794249360801923,-0.7072548749463481,-1.0843379913192277,-0.6830930833758619,-0.8255683709156555,0.06124014938427125,0.5032916019390331,-1.9888033951229374,-0.19057420510716622,-0.051788316996494665,-1.2916645455161633,0.09134300634188813,1.7320755634552782,-0.8518757502018857,0.8142377999512642,0.24513883340235043,0.2770401356616006,1.9743698290181995,0.98554304640313,1.4256543935671029,-1.3536848432788675,0.9478352080981071,-0.2440368709179268,-0.007002995176562027,1.189671891933634,-0.16718582464390352,0.9408365778409132,1.0781478257549721,1.0837724593123692,1.0892826530991246,-1.1661662550363676,1.2377845890745083,-0.8341938628809733,-1.6934186448559299,-0.05980232743093186,-1.196353707521745,-1.3688873444617513,-0.34928906908207574,-0.02481440790730227,0.2432913891548364,-0.11507319564264851,1.0882916570230543,-1.8266824501662091,0.8591547613501934,-0.6529883928355775,-0.48682726717150415,-0.88645149533786,-1.8863228598439765,-1.6460027187928623,-1.5479603640057769,-0.09458443317185208,0.4324160702499536
0.3931708819745235,-1.6541835389330553,-0.30024423263210875,1.1458029181782805,1.2983412029185128,-0.2428445097484886,-2.270588883931223,0.8051288858487977,-1.2623642293767108,-1.9256494723454727,-0.33828867066216156,0.17062048817150816,-0.9945480057572175,0.6817384556209298,-0.03237619700674161,0.7488279776615169,-0.7021936120649579,0.33024038698720654,0.406707240118086,0.3952369007888856,0.2784634226258235,-1.633739937587829,-1.0147600804875159,1.0192526830064743,0.09142335484246043,2.035675672386054,0.9621718823213715,0.2437053606337904,-1.3353147505677818,1.126527540802659,-2.0904347139379134,0.8182378197899556,-0.9174119784093847,0.49735736119142127,-1.5392532903644094,3.9093648599588144,1.3483603847390768,0.8764286988128198,0.09977960317848233,1.3113526344530935,1.2676193551687167,-1.285892742597071,-0.2979898610604105,-0.5781900663984613,0.01165870709073058,-0.4062348505719656,-0.11317831408200285,-0.9053940272065666,1.7183782856655978,-2.07156397356531,0.31885492894579925,0.8236630278201562,-0.315501708317637,0.8330794374593294,1.1420701982574735,0.5593438591126916,2.6914897835830236,0.0957493376803561,-2.3230443072696683,2.0642676006079874,-1.107399644263421,1.5438431826831578,1.624239403370749,-0.17382448450456844,3.407228099028293,0.24802768717301749,1.1931850176407661,-0.11981767161677302,1.8240271829733703,0.6898431151888371,-2.1132520177433243,0.9879244876738924,-0.6713872470831509,0.7720387260198294,-0.08969269090235482,0.19271868606846365,-0.23436606816176117,0.854437976558167,-1.1264959059872157,0.3261742430845939,-0.43781918536768794,0.5974985397643201,-0.44576532883570297,0.756408809851998,-0.5614106343717569,-0.2864391342320274,-1.4827827964442886,-0.34237093460604295,0.17948665198977976,-1.9137130599176986,-1.9822611985187217,-0.9329782840627033,0.18449385075916547,-1.7346574784318496
3.277288117648684,-1.9924515026273102,0.03126521738903047,0.9472315973951807,1.5371216395732845,0.5669101209683046,-1.22914780901351,-0.35049936341324756,-0.1860216621698052,-0.7203433184560069,0.7301195955221702,-1.1670020338815692,1.3618306139882035,0.5528265631156182,0.6610066738090666,-1.8400868995697754,2.3838392961154113,1.0895293469677378,2.649866810548999,-0.5558624603739981,2.570216950169436,2.2789039157114823,-0.33369416802998686,-1.8385741075829438,-0.4499684261469464,-1.5591630044140785,2.3613214739616826,-1.816037296017964,-3.0539204885912463,-0.08533688111936599,-1.7974214350094373,-1.1878816735139368,-0.9436616571592107,-2.0658197052273186,-1.6073448349834218,-0.49886679006084633,-0.4374224161162583,2.43677310869125,0.07249483104054577,-0.7832833005306873,-1.6230227717528223,-0.5989295758925791,1.5453369126721317,-0.088684661530404,0.9632686304064899,0.3464534306063397,0.7905244433888363,-1.945757063134574,-0.5487151060430108,3.005421667684917,-0.8974985241101695,-0.586515533584875,1.1188406302756064,-1.5786479024776758,0.7119076584866827,2.4737165165538038,-0.2501968605418239,0.6379456527787777,0.13478773939617456,0.33950836016149527,-0.26545281301112256,0.1852183350571086,0.6775852990457151,1.22197086928796,0.14098521720678853,2.540680035340286,-1.5105729031742954,0.8512079817922018,0.18476183855898642,-2.69111394886378,-2.7244245846639443,-2.4140099506081976,0.027165759745921836,1.693927598587572,2.1315254168384,1.06833737034036,-0.25455082841911886,2.546644020823052,0.2688959545915903,-0.24005935134490852,1.738430381841523,-0.23691551062490318,-0.837127330605632,-1.2366554517068062,3.669649700306957,-1.2278771447821064,-0.3163123474929572,1.471180224465698,0.4364476823445216,2.5576360049173754,0.5673325308770553,1.664672323620072,-3.2179217192765153,0.773800017019125
-0.8429442634430968,-1.573349393025513,-0.2075973473218668,-0.5797873711780742,0.1673600746225244,0.28713741014702654,2.081005225268838,-1.1911780939852088,0.142374610671857,1.3118503053830528,1.0305469092026465,0.8457718941858298,-1.6521161099984736,0.15209748061097705,0.12278238864507258,-0.30046258733045883,0.14258676077516702,-0.7854388361448139,-0.5862247217297112,0.680512217452426,1.483541634294412,-0.7252825102157348,0.5159126015397484,0.8568039886569216,0.5564101534535428,1.2475283598431992,-0.01632542019789679,0.9280494118111903,0.0969059503509638,-0.1089462185705159,1.5169383080995202,-0.8145203027780152,-0.04074573698684905,0.09096660654202489,-1.8726489848404309,1.0086081421305302,0.22070113835136435,-0.23124264378716888,-1.161580477887735,-0.11272299496763108,0.033643122105107254,0.718010858343856,0.6107588915490876,0.009649323171864843,0.01986533811655243,-1.1768788363647633,-0.27650489273796097,1.5036396967565047,-0.9547942432396437,-1.5703233768527605,1.8374776472206715,0.038871599302021886,1.8258068104075764,1.669189888369609,-1.2893208978819528,-1.0246999812699058,-0.16514907824449515,-1.3466352530551822,-2.0318469363694174,0.1224312873127841,-0.4189374655139033,-0.4632116303156345,0.5562045811028205,0.704296451038994,-0.4472330419378294,0.04622146237513258,-1.2321562815458358,0.012172864149021079,0.4660606632277866,-0.7774887575301347,1.0115709312549073,-0.5745362871940122,-0.12043939261627665,-0.29455946627856316,0.14191950689539604,0.9665808318223685,-0.3242786132166727,1.5876952155785649,1.1169351109799612,0.5073804764505769,-0.07677379304694054,-0.4408854546879306,1.3758896325645245,1.5224335755702396,1.0257865739110106,1.4503927305003477,0.017688386986517757,-0.061698601204770886,0.16033382644662053,1.0978971774550355,1.3621363630846124,0.40963260018521036,-0.8085851576081845,-0.482396428250661
-1.490104683612115,2.4435608302658958,0.02716913168223247,-1.3614234935148644,-0.9989961620314078,0.0628518903754633,0.8242764658627716,0.4414874271690102,1.3242825374544047,0.9715851436355843,0.44760985601405867,0.8292028827465633,0.8230515401486465,-0.13508490915229593,-0.23334566107120885,0.22270134589424048,-0.14356069948958874,0.13542165558973063,0.7456156239767011,2.5468626150467566,2.114789094209388,-0.14599122509064533,0.5661623460061791,2.506182284430361,1.7201766418864564,1.8220026331956585,-0.34583896109448287,1.8622222353604512,0.7969140361021636,0.01840937859365309,1.6298497560337593,-0.3613837162500664,0.2585992109832222,-1.1910708341374647,-0.8459332259321335,0.6000185281055805,-0.7791842407649664,-2.055980230136675,-0.9861993153383655,-0.14057291325612264,-1.1339776794614727,-1.2778403848003763,0.46008068956306747,-2.119870406184692,-1.4410693499830363,-1.185819247587518,-1.4452051084842825,-1.7866343024679705,0.5446861327849227,-2.2841327167351855,-1.4708570023923375,2.2616095682757837,1.2529847706937287,2.0483924895334984,-2.8689304133919316,-2.5764070172289273,-0.9923692874424476,-3.5240055870864095,0.4330382128512474,0.6750369642530373,0.04828774593037899,-2.0686341809232442,-0.9248040606958614,-0.30061168577246455,0.10091209412787086,-0.4844911259236687,-0.7595040078293089,3.636639357473721,1.0141230714567517,-1.8633416186424174,-2.46949672694863,-1.4764402209321386,-0.7256555210779702,0.8269024385395576,2.790434722043398,-1.4422791503709063,0.14959662820875508,0.8736553240928235,0.07459351318398721,0.7750788441040657,-0.40525461613523384,-0.002937893627773026,1.0646405219167878,0.4986216792887322,-0.7224429870154354,0.24747411151046012,0.8457917564626305,0.5830546510622237,0.26236416166052046,0.476921758519093,-0.6619190930085854,2.4282116009067387,-3.0681794699976868,0.6039349277015393
0.7249782808588632,-1.9327902964528287,-0.060651935109632724,1.6482168660695036,1.1704087579080065,-2.249128118925435,-0.3247014995835307,-2.4260583937884936,-1.771773141740565,0.41030781096708147,1.1602461612326533,1.31282098905913,-0.652932314918468,0.2114837846475693,0.3692233243168589,-1.4330873281785836,1.0403401832831478,0.8836078697194636,-0.8066724886234189,-0.16608057645279872,1.7986427357566925,0.40202320996021945,0.5087756518727147,0.5033494751422005,1.3931189049805712,0.14965382115234166,-0.587923687479417,-0.6172206554744245,-0.3486119936760355,1.8279216056881098,-1.0310619278769644,-0.48719196377196594,-0.7298057915062044,-0.14680578957698603,-0.6998616399950891,1.4216692386730767,0.7153955158129599,-0.0796025550814371,-0.23616449238686937,0.4901429931737286,1.5022602281022137,-1.7735457976553644,0.46605355424180506,-0.24148088821737135,0.012115414824018789,-0.6291072118761072,0.21763269860408502,0.40223422838243383,-1.483416468906464,0.4661572391842226,0.8401459249924301,0.17825625999959097,2.1033560876014032,1.1916270800629567,0.27615638266858417,-0.40784764345196484,-2.4771790018352484,1.4933788427072547,1.0362511684389781,-2.1910690917788975,1.1523648907308324,-0.14339805625155205,-0.7787350066714032,-1.5158415008356028,-1.806929510906016,0.7144068384707845,-2.0796314577916473,-1.1354798065989387,-1.5123094084226456,-1.0931854800047902,-0.14548026632902666,-1.8840582239015877,-1.2764932907943396,0.559404476045995,1.5085746305283538,2.7107602108348945,-1.590847881876048,0.9558669312600726,0.56694789025116,-0.2608590291551537,2.0160051512236485,-0.4606681975973404,-0.5871009599027819,1.2753811381915494,1.7634583478864787,-0.6953909546712409,-0.9999361196522627,-0.5427719222061079,0.1768956896383956,-0.33203076069118986,1.3432662714810517,0.5748100383080327,0.5361097527091154,-0.2592045738681157
-0.7803177058955049,-0.3828376210760121,-0.20167714411582263,0.633743136132924,-0.13698495462376747,-0.13945319353629015,-2.2809093484086795,1.3128547025285462,-2.0133973913720165,-3.4562147227582876,-1.283560460740106,-0.10754444032838006,-2.3879125407870045,0.18955977175489822,0.042732767729604694,-1.4016019814490144,-0.18031013802909407,-1.0549195707942767,0.31511742255338965,2.163520778347284,1.2790171411248559,-0.3718918211700497,-0.409326746246922,2.4340316727651015,1.6142523558068897,2.6460404070156347,0.09680727975245777,1.7683955601281074,-1.1028959127823315,0.2595987451357322,-1.1596995656852171,0.22160493600044753,-0.9256810874397363,0.9147355245208713,-3.008945085189092,0.4918546117205063,0.09639862939532118,-0.07815066281740751,-2.1681376134676666,1.4366864688617809,-0.1565924711354577,-0.24331659088133117,-0.864444195873618,-0.6009227862998054,-2.135728962949459,-3.316722954604638,-3.1259132763367385,-1.7023735591673912,1.5465086013268479,0.23021611572310996,-0.7475016537504968,0.8248286162939251,0.3606759370331106,0.8959034782981918,0.9167667494200045,0.06052062620167997,3.3329143838062634,1.0709812977155977,0.4691096109707526,1.810002504837272,-1.5267876595389769,0.23052057037618368,0.8886252971194238,1.2528104984726929,2.1636513698663746,0.7065575758126957,-0.632969537828189,2.1305644476831214,0.005212087394172227,0.4726495378495431,-0.32921147022056163,0.9234781853792577,-0.4816819091458273,1.2985279856380787,-0.6360953224077602,0.7413794510313131,-1.1328983577633247,-1.0492589327187685,-1.5376630176112207,-1.3077399692698362,2.361098264233632,-0.2741875084883194,-1.6720847626367994,0.7187475237102143,-0.45143337802396244,-0.8303823196400926,1.2352215521886127,0.9883145535655451,-0.45677205544058846,-0.6945161157038577,-1.1544087241570176,0.4600820444980153,-0.4788778665444735,0.07179461328232462
-0.3676112018970305,0.5081462973167243,-0.25408159477528036,0.08049323767199201,0.25254613519834185,1.7352310144108096,0.22940905204932616,1.0327486333002438,1.6525311611614812,4.3346199071322475,-4.3884718283933175,-1.329731417786933,-2.450945772319656,1.8648339978577364,-0.5401108557307079,-2.042068101578386,-0.7182122855578577,0.7517103067767891,0.334627546690338,1.84599321150354,-0.179596573356347,-1.3019485853841024,1.0776336485764548,-1.311541667632324,-0.38880442924541564,0.7389782196085953,-0.1774385059617456,2.3258692494506272,-0.6488703283397805,-0.6609189172485025,-1.7353787117224655,-1.1100368744744156,1.5803783182269973,0.736062005539308,0.43899716704630676,1.4403585411052477,-0.5017362047593094,-0.9660199196517747,-0.8176541024705035,1.2348410800929144,-0.7529876413377501,1.020236966480678,0.7377696676876978,2.4268382762172136,-2.4342375858725362,-2.240747830612415,-3.006763286225011,0.0033053269328704032,0.8868780411573838,1.1885045927512743,-1.479891667983635,1.0041519175068547,-2.6718854772866734,-2.2538339397256952,1.0857913408970536,0.6610516553665982,0.34268934313459243,-0.36737875987073876,0.28279777811552753,0.10998672840357063,-1.2092472177900164,-0.05993404936451405,-2.416549070587439,-0.7255049805793963,2.997831552187801,-2.659046041502763,0.588232312121377,-6.250444140208175,-0.12498195478890961,-0.3841305198508763,2.4278104670136513,3.180176939192871,0.5802357904710158,-0.4389456280848878,-1.1380747221076155,1.0436932602464841,-0.8669553968424468,-1.8486931401824953,-0.3233219504294762,0.8682947989535653,-2.363965098071683,0.22548624218790098,1.3878649653587136,0.7906023241099963,-1.5651819821289237,1.5570170318596641,2.5088852201391307,-2.0295667979777927,-0.7786974818042065,-1.089809861615508,-0.23308582325365224,-2.039150881383032,3.235499416417465,2.289557170642126
1.061922076567792,-1.1450231433304656,0.5366385253596606,1.0587667679630424,1.1443306008264147,1.0859305903624636,-1.1835145457049765,0.92057955034196,-0.7037641582744076,-1.7764767985520784,0.1901422390822466,-0.719639635496746,0.8937185448096662,-0.5844824347816754,-1.2952698373052187,-0.11108180077426799,0.10492594698058044,1.536520639082188,0.9085454727152273,-0.39582789053459355,0.5700098791817457,1.9150154511094304,-1.7744829591582705,-0.5516681409936841,-0.15341513678568164,0.42113259313345935,2.089106748714604,-0.7888389015250141,-1.8265417939038708,-0.7305895890404293,-0.7187323942224539,1.2048835507219846,0.3270221581104305,0.042408861028596145,1.5863987203423005,0.12946647920386267,0.6350693989724548,0.45373038152345746,1.2171649239400377,1.1621756482470307,1.3464048845082859,0.6356350714494484,-0.19928029971694722,-0.20826998118611145,0.5473657395922065,0.3250515907810953,0.014952560570194895,0.035223874675612526,1.1675944419061912,1.4618091389978878,-0.7067580547638459,-1.001352438119768,0.7361015638485225,-1.285867192147333,1.895019274589942,1.7653747389770782,0.859810811175249,0.1311141593770906,2.1546282966781813,-1.1139188906523922,-0.37079924348275417,2.3821546972118663,0.8473770108988382,0.6491418861056211,0.37166260494270803,0.9584095219883475,1.778268440939919,0.48535526999729,-0.25163377404905046,-1.605796198488933,-1.539543092837484,-0.13388053070864125,-1.03160317570133,-0.28617507574208834,-2.173006277896848,0.17268796919876922,-1.0187052866683886,-2.1625218117340808,0.07399642883556018,-0.7360446702690191,0.3290479046290311,0.637849258644857,-1.0746296016019918,-1.0115273391760553,-0.6586616970998146,0.13654868222192446,0.4847780265994659,1.017226215870963,1.1260035905194312,0.3407091410923002,1.4569020601405773,0.5640505981549637,1.4885232300819926,1.8931798010759473
1.245270333764266,-2.166998705920961,0.4787048317803565,-0.38137773152644494,1.1851132082145108,-0.233690037515899,2.3765018314527384,-2.1300529603225273,-0.7499225666818369,0.7545897157364682,1.134355035987232,-0.3065284505339881,0.4223175204341364,0.7616832917490067,-1.169903941188445,0.27946279595561885,0.4352095242637195,-0.4493080852123845,0.2697057157693452,-0.6539447965290315,1.2995414078963359,0.1295132532000143,2.9418112646749215,1.4426368127863252,0.3342942869521802,1.2780128120861698,0.7738069752964756,0.42580311373393387,-0.25185384093547925,0.7361758947592751,-2.5959933266103707,1.3184707892211225,-0.4657380705812261,-1.0256226011716252,1.1860362226042023,-0.9843722860148143,0.802557355739878,0.7654511028594717,-0.13176952639379097,-0.33045442209606857,-1.487889327866727,-2.0605277757277785,0.5832889580796998,-0.4034467093041602,1.6739575227457348,-0.546574310072882,0.4586186661929181,-0.7183138258061958,-2.057963605244036,0.39536508963628536,-1.7720619607030577,0.9867921273202933,2.071132626789555,2.0800826674657316,-1.8696721904881044,0.7776618552028067,-1.8175954327973416,1.532190728103866,0.25693865063942156,-2.0588824030666326,1.4287591034850722,0.46528331940354345,0.21875648027899064,-0.3108571527084121,-2.2396754614755503,1.067722810533675,-2.6079774381904843,-1.4813886145855581,-2.201442254786576,-0.7665705298323804,0.35109815644271375,-1.2513872804506672,0.22761058171452786,-0.18008819093781797,0.5313830025191296,1.1900036014588928,-0.2981352542279272,0.8040616144391484,1.4508554038691024,0.7862411761648858,-0.3496740923040612,0.7378320231830575,-0.14605918031202605,0.8524010585854657,1.2149597431474979,-0.4369184959147983,1.144375098707651,-2.0595310311644015,0.2899679224499252,0.06553460125287425,0.08023003202626938,0.25886660259702443,-1.2662362707882155,-1.2380282629955055
-0.4452045047136437,0.6273289670287913,-0.9545065600611894,-0.5364427312111979,-0.6677558947335375,-0.436452330880311,-1.0499109363743806,-0.12552886617762316,0.7563493760002252,3.6886467292335006,1.0460445324342018,-0.6900330166806949,0.9347231090656517,0.12282240313840787,0.31993491535141455,1.2418463305205947,0.4720661010179399,-0.34142457429049594,-1.645793237344729,0.6712760869461321,1.8239478590319744,0.8881267182737631,0.468487607699241,0.6172034511143447,1.020719337282779,-0.4137282919397912,-0.18061288947990237,1.0771684043647247,1.9081721421109228,0.7962480526347442,0.8663989015050608,1.2828096931446098,0.6389515112627596,-0.06188076157527789,-1.1629627294142693,2.6130289205568866,0.6975029723203262,-0.00011517857750269894,0.4947040777722763,-0.1218479934725728,0.706729978160742,-0.16109554045851537,1.0718560051117427,-0.33980229450516997,-1.1963603709367083,-1.6003151154028084,-1.3071205548153657,0.2843735226147851,-0.544905235194297,-0.2083710119694528,-0.7915501892490846,1.9525157828646138,0.6826105718730262,2.4342924487424815,-1.3465379048946624,-0.6938336292052034,-0.07711023741519896,-1.906383997000651,0.43528435176153024,-0.3591408543693634,-0.7758811512682406,-0.5414571787637151,0.624998486687619,-0.1045734887226698,-2.1562615793216917,-0.5389349647458201,-1.5209884881848585,-2.453207549493267,-0.021934611727276176,-1.7289929826654336,0.2945647350046161,-0.39551623716534,-0.6311145371594823,-0.41351675268604476,0.22265407477273017,0.5926157693129648,0.1483861910473645,0.3910804703586109,0.4866262299877584,0.049894104526700726,1.1271856517867689,0.6352151686224667,-1.2587839953904654,-0.10633751242219779,-0.4517199946344809,-1.7891431772383621,1.228240083958234,-1.505316430953799,0.08193662168609649,-0.9697297274239342,0.7858250155480332,0.21498314501237378,-1.1275767797456928,-0.05593994012304669
-0.4882492450832161,-0.7111379001257065,-0.1520189448315038,-0.5891217365806618,-0.5202820506773735,2.345164406539628,0.9767446701315949,0.991025110621255,-1.4978809277535965,0.8471631467644636,0.8946502672797418,1.0991412868876422,1.246202461607503,0.7469282121302661,-0.7757429521108247,-0.21799537008632247,0.2601043163359557,0.5149349738718236,1.239293622112165,1.3022539573992709,1.2148134638512254,0.04009514893141353,1.7953814488611892,0.4321793108000616,0.035899120709479496,0.266564706974713,-0.4303655312931446,1.2647572186567246,-1.528100307955669,-0.1822385294465383,0.10994814871435586,1.4128985409363946,0.6035179103859777,0.7707309384670116,0.6227936462554775,-1.216809437492432,0.28480529796943765,1.6022073770140155,-1.293915263140847,0.23065690370220074,-0.027930249768719315,-0.3475522934321623,1.028271719625185,1.6252528390077654,-0.7146769112712466,0.13210214898631595,-2.0484926236224337,-0.3487373750173501,-0.21046092489050927,-0.7725574896837406,0.34723431946836314,0.8216384359473786,1.3238426129459435,2.0012221683752145,-0.7464848533563594,0.09736265462597793,-0.9170600677980503,-0.22483795307224086,0.7289960943266768,-1.0032682735487979,-0.3619290658187219,-0.7507593076957764,-0.07630261054239446,-0.42662652245566,-0.48753842012763454,0.04138093879731968,-0.6670106015109809,0.11197357362778476,-0.11205058336700346,-2.055412617426036,0.20581458807116482,-0.47626481938605514,1.2592942178696966,0.08860200430745362,0.20523176233892992,-0.45199644783678306,1.5165786070437646,-0.6496914133607302,0.38675660659788313,0.2918139175918315,-0.5539510065644724,0.4783625942834328,0.6110997874675176,0.7598254821211691,-1.3646127079523946,1.1694051038190296,-0.6394209086933748,0.7337267338929677,-0.5218238079025865,0.6377990933927463,1.143223808511099,-0.6764336275525094,1.1397637893740533,-0.9068211197173123
-0.5631605395149258,-0.3380271152000668,0.22030257818817633,0.9949783632588656,0.13028097813089823,-2.448565756927328,0.7272479303839087,-1.6550048263035428,-2.867122532817107,-3.34446266981376,0.7587103039607789,-1.5571452229672618,-1.0895490973648472,-0.689247561790435,-0.13828053573616975,-1.286569560419712,-1.3342342491870334,-0.4306378984088026,-0.20620135968730918,2.429303499866992,-0.08201568899514763,-1.107903922738681,1.4198904333705957,0.1752615040051908,1.730157161220651,-0.15237993458049948,1.1816099187632485,1.5643687001509006,-0.6187728497175518,0.5239687859271365,-0.8501577663484563,-1.6750687089478375,-1.5481559974822414,1.3485729986796096,-2.0422443125406464,0.4458182823825877,0.9542210634472874,0.9173495742929274,-0.5695256013127841,-0.1490505330609741,0.43146071934710195,-2.213751272145992,-0.6664149195889422,-3.4588380448624028,-0.24614649815761191,-0.02887985794478848,-0.03305842700664208,-2.2113191741228855,-0.4741558419551912,1.141928400741803,-0.029764841032232092,0.3865388929435949,1.0175107920403603,0.8405293902652943,-0.43672908727212656,1.4313517182101811,4.260219730154283,1.7524667354299677,-0.4254901718279735,3.081232602841248,-0.945857506761913,1.1243957089820569,3.4226351827189387,3.066040140390864,4.478804081074953,2.4988655834743154,0.7516047415944165,-0.5180059160067749,3.0916903061287138,0.8469883837844291,0.19737601876306804,1.5489379971288866,-1.4698440519258718,0.9271891042381335,-0.2595749542248246,-1.7058201628236982,1.0697113094856117,-0.9707889479970816,-3.098899919493073,-0.18639422665635252,1.0737122584072745,-1.2073195747805034,-5.183238570195046,-1.3516683396588516,0.7757639870694151,-2.588786022041665,-0.06765328189572631,3.8874065332950596,-0.07222538280194118,0.030844269330019658,1.4174348912931087,2.3259979096520222,0.1018181461526595,0.6323605956653776
-0.6087397745340567,0.8396834516081391,-0.4224572119041059,1.1767000596405166,0.7870086796477694,0.789087616693253,-3.812890070615029,-0.14343253609296663,0.5898507714479606,-2.2091781470235676,-1.5398143183259787,1.0858995154793822,-0.2780304141377332,-0.8965448634224589,1.3561874219580812,2.024681586847802,-1.2268454501517718,-0.5378774388998349,0.9790660180584607,-1.0924633214308321,-2.7721259175081574,0.2332715428276634,-0.9887836638802566,-2.3718647389970835,-2.0782620960472324,0.08817620337217236,-0.35021712842738306,-0.2752070480206146,0.914831891173804,-0.7294780762586186,0.7616478698851553,1.303416511224809,-0.2667742569403111,1.269791207863245,0.29308439375431583,-1.3445307239966162,-1.1317419209766963,2.556629494261122,1.6552737947812193,-0.8587356229520697,0.22720272751473822,-1.6352264597740587,-0.538682065582524,1.30973461873834,1.0980354425147019,0.27834490153054975,-2.261928874995509,-0.10225138246495502,-0.013028750501640096,-1.023329210797016,0.33741076647198154,0.028229003055135926,-1.2417959235621008,-1.5211185745108806,-2.6436837452684463,-0.9377996762154885,0.8385668562314326,1.1200157829490014,0.4410831510147136,-0.8381421258891643,0.5391485404934857,1.7995739880692143,1.023801043209532,1.8143106274009226,1.4129421052640214,0.19070878428131113,1.109548884737932,0.47171308910692433,0.8298348956855963,4.071263267963113,0.2515061621936304,0.6161020782827408,1.1480260600395948,-0.4198642659725724,-2.4121854892677423,-1.0442581962852342,1.0431590945919045,-2.049912749097028,-1.7713503399367365,-0.26957701984980426,0.2538010229522558,-0.8634454791946461,2.2772136523901376,0.41572684087592016,0.41818785791284585,3.5076289164088337,-0.24437651528774673,-0.4619820394964498,0.49498338179833495,0.059209408737880054,0.7286640311772279,-1.8235309274404488,-0.4576580688749407,-2.098441619827156
1.3534006365367026,-1.9602927416457248,-0.3126396452275261,0.7468855592584775,0.9302710524082484,1.8092793889673549,0.6802818526754357,0.31454351824964905,0.21480236964699756,0.7923515021699881,-1.0802459366897148,1.4698344663110028,0.10680382255238219,0.2805158720022105,-1.2583409481614771,-2.858757112765275,0.28771283224921407,0.6351786123941041,1.9383457671077644,-0.327099543220522,0.38912352111093695,2.6473552605485424,0.32045052400113627,-1.3071660743566917,-0.1478318192041772,0.9825171982307145,2.149342080744597,0.10038279757783808,-1.0316287018401633,-1.945023859221316,-0.833472748816303,0.8239059086183882,-0.18631126715064922,-1.918840443799633,-0.4383599695364454,1.616161077961959,0.16750441303302188,2.2487390843997406,1.4386392354993611,0.2642275242620792,-1.0026405735795945,1.0067430913144424,0.8329255429941524,1.5451015545959665,-1.024092789388059,-2.1881013398753035,-1.4136331082338702,0.055254711835977445,0.37490896105003313,0.641726381292518,0.21510975409796007,-0.8568324310888408,0.5411400336139522,-0.5086783089381602,3.919699830588637,-0.6417047466133227,0.5662908196796888,-1.4046420186656092,1.38254762393004,-0.6925450006440397,1.7934854609797142,0.13170063748721295,0.4095462269293978,-1.7518439247486106,1.2216173648028534,-1.5278940575876458,1.0133671159168611,-1.0531583275035978,0.15680605736276604,0.5573852892127312,0.6444360666942168,-0.3791652400080855,-1.3614377451290607,-0.3580239417639126,-0.3947695309869407,2.002763132828849,1.439814891064626,0.3252993922118961,0.8783646536440323,-0.7049205703792792,0.7049879758108019,-0.4084251581960244,-0.46174760227032546,-0.1596616842532628,2.6054480201432346,0.16857219327238998,0.6392811107806435,1.5584871447991449,0.5031119201338483,0.9610850240699376,1.8428932344633089,-0.5017043650533208,1.9894019554138964,1.476029683906747
4.368480994559428,-2.587954860507889,-0.2964000394426629,1.7904281832218099,1.511136661471265,0.3173921943541669,1.2377228717395052,-0.1115954192594506,-0.8489066915964456,0.20019426138278862,0.5540264851508003,-1.121589586196137,0.6840833112844836,1.7694180793173637,-1.177224582479009,-2.6913280533153543,2.1219032950662955,1.9776037701381588,1.8266207968457717,-0.4080967550190589,-0.5576730003464496,1.3116414582211073,-0.6545222699270039,-1.4699627406917577,0.508811291026241,-0.5022007587321334,0.9890046892325931,-2.9950570688321974,-1.7937418305214394,0.7166498267140015,-1.2263641050329255,0.18260379460540252,-2.222598673702585,-2.0146663820287243,-1.075449685849422,-3.9189247531392333,0.01976056838243423,3.88000887831964,-0.2953542538995194,1.3007878219222555,-2.4586781646071376,0.1544682417031309,1.2633459073495759,1.3320867701870127,0.5596482362994608,0.25389718646555937,1.9646775138393981,-0.29596909048616327,-0.1307190960493329,2.8830759165857027,-1.677874645157606,-1.0383343595683474,0.20412149443555533,-0.2130146983160079,0.9910074472699044,1.1775641232532492,-3.4402896784168355,1.8792943351382494,1.4630521593391057,-2.1754177023856243,0.3219022249830049,1.3811374487915793,-2.021489234211164,-1.887596004749806,-0.754617691617698,-1.485413282554811,-0.2956189360551035,-0.31923547329559127,-1.2990556313824477,-1.373882521281868,-2.2911344324062184,-0.5851004874559738,-1.092138784776848,-0.0427456850460598,-0.9154607288293723,-1.3896313747617968,0.17594903433300782,-0.2690582700866244,1.9468762861756046,0.6041310595344509,-0.009347684377824239,1.5232825453280026,-0.650551399975144,-0.10548597199375165,1.7490904375485445,-0.9511086068279604,-0.7763498068580084,-0.5981715766787554,0.4104452204316089,0.7231374032617821,-0.5794995996893988,-0.12810271216888502,-0.0982704696464608,-0.8760780825484626
-2.1050749560120083,3.114611127970247,-0.12543734485149755,-2.0280506308591377,-2.2174251065540673,0.08827527406309393,-1.3141110589154512,3.348266613701163,1.0303733631417857,0.08700872183036479,1.6806494006621622,3.2355521478495266,0.6926030636738033,-2.034553568682504,0.890945880711896,3.2944713895708038,-0.973825120207189,-1.7056961877748158,-0.5071213377079868,-1.638877962734386,-1.208454960196929,-1.2114293502113358,-1.2447163635803802,0.9458114664325287,-1.1551197251008878,0.3025476388828422,-2.350952140530116,0.32572081280924187,1.4979904991379431,-0.22375701521868602,1.6399635317346517,-3.256968931804022,1.3514100322364693,1.1465489038276595,1.375237000152464,0.32517968945668124,-0.17972505186002907,-0.8114356234329269,-0.3573391403870355,-0.8962052289564444,0.6741029933254598,2.4851686082110653,-1.0884862473131731,0.378154999536124,0.1995176391642411,1.5893161510425884,2.150339307200632,0.6854921160223988,0.3497003033794166,-1.85084837346415,0.0352559337561521,0.42239504683646073,-1.4378391584963643,-0.05318912061786962,-2.2799935945610437,-1.5372990451806734,0.6089369708390071,1.3876593600004887,-1.304685133320787,2.2459527724777075,-0.6455420006452454,-0.08293651205909736,-0.3096015798356117,-0.3921609463831069,1.5515371834557623,0.4345220140271498,1.4878363865032052,0.6404110177381176,2.2031049595099073,0.7263646051645818,0.32515218819903713,1.7194293083576426,1.1837270887018172,-0.19114093584736497,1.2349638829218978,0.5602262743910049,-0.7109883180664522,-0.3288768909715012,-0.43708288321844146,-0.4324848523507119,-0.4566141065390359,0.5524488915993051,2.9961693600131287,-0.37317871556480586,0.7366289973622562,1.251863171013643,-1.3413394788418558,0.9908566593099063,0.8833645290641967,-0.4949234260969143,1.7754350360199493,-0.0746449008901851,-0.44201952104653497,-0.36612293798656226
0.3245259905306072,0.19142918618796717,0.19426897026786266,-0.4838334174204426,1.0464393152887357,-1.1799436852914604,0.8396916261216003,-1.0604312705510262,-2.073780423365892,-0.5963489336350919,-0.3608611705651252,-2.061020763561187,0.05976482924475415,0.98161047975753,0.8749952353725774,-2.5959981248283768,-0.005798670510826434,-0.006962662846181855,2.2326687906034106,2.0748222958772784,1.2387710462081045,2.074977838229078,1.1813625792598026,0.5628797752449334,1.5461061472616693,0.17331401310000705,1.3317960082474778,0.8093977703337364,0.07004674070408379,-0.8602248242540201,-0.5051576286030327,-0.4280678822148368,0.3226050124038192,-0.7320761161342066,0.8609884256824142,-0.5354584562091892,-0.7966075201297027,0.6344249152524404,-0.754367123435391,-1.5536414153357088,-1.904978215117006,-2.188216377787751,2.388710856962277,-1.9114510914752754,-0.5029568209377311,-0.1814075349991039,-0.0004151354841689381,-1.5445856118882384,-0.8218990661650167,1.9319709175635416,-0.7068483802743823,1.2555883589765673,0.7828969580227408,0.7120983624041812,0.9070226722310778,1.4549214396658052,0.7238632445235177,0.4167682693268191,1.928660929624701,0.3806219613612618,-0.17144063654736974,0.2888088846700292,0.8674837401102329,0.06899443576837444,-1.2074796654150926,-1.2445450435838716,-1.320837994925092,0.16910162923358052,-0.7362960278941373,-1.8922834496319874,0.3208596131084018,0.8099261393952989,0.15656316305061535,-0.10706825756260045,1.7560517155229156,0.38282089716790896,-0.6178806160704232,-1.299398768689336,1.0576069924803968,0.2534142032711303,-0.015155905308226747,0.36690266311351505,-1.784701026114886,-0.057966202627303884,-0.1379236591961094,-3.434841657354532,-0.05937744859236593,0.7440419079813083,-0.15560541721167748,-1.1918044545110402,-0.2810285584810178,0.9637689154174482,1.4958212401398197,-0.2602120427336695
-1.2132982152446896,3.15220559166192,0.40744385751716666,-0.9865485226502831,-0.9784868357862493,2.15265840362406,-0.6982802106674685,-1.9354408804509422,0.9610121003243763,-0.4252748572183016,1.486844381447725,-0.4373719899999196,0.2224135651098427,-0.5495777685800685,0.9269194250918271,2.3825157021853167,-0.5411073439009002,-2.145384089838624,-1.587713638868894,-0.8501173458152201,-2.291761104332572,0.09402346573132558,0.25747855390487434,-0.7540267067370282,-0.7584434362279595,1.0191306516821959,-0.240264166060506,1.589744553103084,1.076084424806701,1.8888563109594492,1.3760542618149532,-0.8762429777830878,0.4699100866239154,-0.31056749508235604,0.8487350866642485,1.2985463891705473,0.1799379914235677,-1.0021508370583467,0.17344299683657735,-0.3590624096142266,-1.8285782865320745,0.6805544194493638,-0.7822630217061957,1.8655154753068737,-0.007965900728722886,-0.4839275246300109,-0.28648621368518473,0.10320114970685457,0.37778871316552254,-0.6656336106256596,0.25899512234104866,-0.7959890785792665,-1.1260927228770157,-0.3105352496602272,-0.9400345779665092,0.1405390668581139,0.9535655877628494,-0.7949266236343682,1.2459196143469127,-1.2844853084876275,1.029908596866255,-1.4504995129574352,-0.4513428857443267,-0.7185664508415763,0.03113041308354894,-0.217633627237072,0.9884155884139789,-0.5901030184450524,0.2960634571147989,2.074436489348874,1.2072615094208192,0.5570155265184094,-0.22918226329346802,-0.5100140661667523,0.5579864171260727,-0.4882092797484965,-1.6855355199116444,0.19669505487893213,-0.1579636205171138,1.7061956747560252,-0.5230425277074549,0.12209659715454062,2.195058467725106,-0.19188496514430717,0.2914366339651404,1.7162846958316424,1.9534114389596104,1.3798084491828864,-0.38017045916433695,-0.30706000165868164,-1.1742576446177284,0.7143991484217079,-0.04882621460775677,0.09208405148502277
-0.8716899309782794,0.19634818819099986,-0.16383541956732203,0.5993177337213885,-0.5804380477519921,-0.7426882039562854,0.24518948956337935,-0.05853517297986888,-2.5265324086043845,1.1447956169707756,0.5944953963241876,-1.027071151238975,-0.6023621434634023,-0.11176630063253473,-1.8102863668422762,0.26533397177202533,-0.22353102871133093,-0.8236666166853885,-0.16284234533838393,2.0986510443860587,1.3104572101589662,0.15842401842045056,0.6937091115621845,1.6761306589647156,1.9965387012187,0.9120095973464297,-1.4996839143207819,1.0704655099071547,-0.6665522467917336,-0.24534815425423576,-0.6471979836158878,-0.4966242059160187,-0.19276001249651026,0.6446932275747643,0.0680969131907112,-1.624820961106112,0.49400460880211927,-0.8106332708498228,-0.42761006780598587,-0.6087839952502289,-0.5458927792413694,-0.4738673506054723,2.28687075019692,0.7815338064333168,-1.1177076953768739,-0.972256219318,-1.2511877782330125,-1.080160889759809,-0.02362251094235923,-0.8679302743419626,-0.7157151326840283,1.7329515902977575,3.2264434316800976,1.872525616997486,1.1254883116118164,-0.6005525182079688,0.4176558379771317,-1.0046708846025783,-0.8932987079200112,-0.08955650960397682,0.6838215151065019,-0.8872615848042107,0.18338816102393854,0.3333423119346267,-1.010284219661726,-0.3768047525628111,-0.9830467382574641,-2.684682909908749,1.1639303102321403,0.12884795737648705,0.26920815522200064,0.049709040267250704,-0.41761551712154027,0.014758788712308749,2.0278304551204367,0.5206952821127148,-0.11894729301510916,0.6449964320754354,1.3209903841311184,-1.3180602351381,-0.35267035135485175,0.5937937044024851,-1.271330559927218,1.2869140075006582,-1.7108693028016322,-1.5297589206803601,0.5438731379744205,2.330636779706376,-0.80675591974577,0.21907625117040275,0.00044521648116191415,2.2669622128742803,0.6436549382247099,0.47854329098168424
-0.4611971534578232,1.0869823322547938,0.43838270609750973,0.027180983194983896,0.597036529420746,0.2645519795065228,-0.43450927908231396,0.7641062710228276,1.9296442504606262,1.9918349742629486,0.34851519397709135,0.9993777085641605,-1.5425510236002424,0.0022994803792491525,1.2436079614002669,-1.1170869985846001,-0.0278812982369986,-0.5848022098529219,0.8628952000596619,1.0094997158311356,1.0939915390962267,-1.792613623222192,1.9267093438609633,1.484604336889424,1.2970649977252804,1.006287511492011,0.023291069210647997,1.0611527228383482,0.760108661243888,-1.0458440656119734,-1.196181093988265,0.05910839939206919,-0.17274107132310246,-1.307516002635351,-2.2988646803741104,1.2822977150112926,0.7085964331182266,-1.7040651319510172,0.6427377754332262,-0.9081903627932657,-1.211778221095054,-1.3467629182035845,0.13171427716174824,-1.0365775231047318,-0.12877723501730987,0.7837567517294926,-1.7486493047979081,-1.2298712188833147,-0.882674138368151,0.029270683401871,1.2366800107702645,0.5764614535642754,0.4972765291697526,0.958444580197741,0.28332376187946473,-0.609983236465915,-0.6415828805103176,-0.2320678400000374,-0.24230128950120988,0.4816087759359069,-1.1349786968534494,-0.0938293910988486,0.7129235701320717,1.1779990809813252,-0.009039242432556827,1.3479379087664416,0.42906660371710126,-1.631259237680538,-1.0061437876379995,-0.629609963200102,-0.8180776553067,0.02803475816259127,0.3194306519405622,-0.23645833166706942,-0.1782195414881137,-0.0292225880129207,1.0823650068254118,0.01691628196512554,-0.5753464078590758,-0.5814445448949384,1.6777977166783347,0.1736122157198124,-1.0073888042852794,-0.5701087816761408,0.21864437955786695,0.04875025599364599,-0.18395782775037917,-0.32953257581981954,0.1139751064840024,1.5362672366439072,-0.7837412811602857,-0.6270384914239565,0.6783146835188069,-0.3377794946587801
-0.066202885377753,0.33752448431650484,-0.13748730827234934,0.5004151972977835,-0.025047879565698872,1.8937648168148702,-1.382594353590827,-1.5163137799572257,-0.1442215448234837,-1.1225370523604308,-0.6552431030546827,0.6143466047037116,-0.6271598196769265,0.3822779163459446,-0.7018888291101057,0.9229024731356021,0.07380021729954438,-1.08193440023311,0.34175625945682336,1.4996628498998794,0.1651558573575702,0.17063040020745668,0.10877747168925289,1.3966245497608747,-0.04324846385677497,1.7888169895494315,-1.1431859985304342,2.1732496308333937,-0.351383467836678,0.41109707831039793,0.8430586255311217,0.8536720210339918,0.730263705343503,0.20335370344793913,1.5420777656779385,0.5530495481980873,1.4822740553510907,1.2440527123199727,-1.2006907242233251,-0.455563489293078,0.15879904563547032,0.6991070575863231,-0.8040412683409612,-0.09027631765819441,-0.47866523663089505,0.5911803781514132,0.6325303733755694,0.5679312892056503,0.8780097793945296,0.4010815463419024,-0.4941060356237199,0.3750769651613446,-0.550031571218594,0.6054918143442929,0.41948351936999395,0.3720274538677664,0.31255923914353645,1.5823898594815384,-1.74269893179388,0.3799973968921444,-0.5751485733906972,1.7319963563313212,-2.581664012551525,0.061953604246648364,1.3565832580139014,1.3154012562274104,0.58701083373152,-0.024631555257138137,-0.4465749543897298,0.40346474366201046,0.3784268830610248,0.9064842101049502,-1.7757145429407677,-0.7899561948836844,-0.5293388415679359,0.42408843056499096,-0.7200524602693249,-2.0868057153238464,0.1962901136401693,0.6616884960350708,0.9637366215541638,-1.618492404027908,-0.03891365922578688,-0.5920566089393522,0.6496900242652448,0.9733186234455076,-2.7768630399279557,0.6631848591785681,0.2103576079577807,-0.0693701911863942,1.0331756923305737,-1.1012377965608717,2.7520694767403424,-1.2767418892138778
-1.194052819967963,-0.3145392916602602,0.23924403421664453,-0.8667735715736578,0.6022514631432596,-1.1326602518983289,-6.882209216020289,-0.7689304082610962,1.8003748667657224,-1.2581989290395836,-0.2169739059508002,2.949934273976954,0.3268915226051533,-3.250527125761768,0.004972507673504632,2.5158584706903158,-1.4642543408811972,-0.7024083605224691,-2.319511186944565,-2.891100883755109,-6.309890198195451,-0.13202081614338473,-3.3852192553418927,-5.479163153120929,-4.100944036149114,-2.5221707950307146,-1.263070300527815,-5.472036951278087,1.1809452367597832,0.8782358412590371,-0.5002415042272815,0.06679968427278182,-0.8306024502904417,0.8629498774945763,1.0645461835921548,-1.4086130556683554,-2.732764484230347,1.0815131612967472,1.7421309388941637,1.367581495608115,3.3934152620292997,-0.1996233163018644,-0.4735693589821691,2.0626550869965783,1.7533829804468672,2.31946956700736,0.5340686495940065,2.8406620222452,-1.410895796661181,1.6373185973150002,3.21502102825831,-3.488266859888717,-4.364811704273158,-6.203095305131052,-2.612312789248076,0.10985777269088215,2.4170485822477885,-1.160653916465344,-0.42686043935609186,2.0022791180611628,-1.4205377513420887,0.9146874486100296,-0.09101908621955879,0.7287659296394715,0.2840805987004885,0.39545881246302667,2.3044602989301923,1.4329749437113342,-0.3159714053961145,1.6728477169418632,1.0434973026384216,-0.09663110255536922,2.2300709653040514,-0.5738923626308386,-3.042690141385447,-0.9349423406101336,0.668700054345593,-1.4716030788504275,-1.2358785502377168,-0.24306013837816245,2.112768370138297,-0.030288979985724974,2.833479151357933,-0.1312439050186427,-1.9760822938268117,3.31918040827081,-1.05007749486984,-0.48278314924346766,0.7388396392647532,1.1338196923739177,0.6673162131621873,-1.3891607189638406,0.09913877100546475,-2.2771389608206096
2.239580664082616,-2.4431485739048076,-0.14623768756541064,0.25397021719913115,0.6984346583470079,0.8190216331995357,1.244363469549263,-0.6792885727043493,2.086546205300063,1.91839326944354,-1.2050646003015388,-1.0298116790736214,-0.1277987384952386,1.7266021880490072,-1.5549689068251724,-1.0960285559320737,1.1396281349060298,0.9451135344371426,-0.11269374579889706,-1.2401247178569172,-1.406670015427687,-0.10298482774242362,-0.34763753143072457,-3.504196927366384,-0.9692955413472988,1.3244412225127797,-0.21885223476593416,-1.2848235892694952,0.22174036045515222,0.3122329898900633,-2.78943680059526,0.8046211722176938,-1.5341057619996732,-0.8408850071094205,-0.8594159438066569,-0.9544347643411284,0.8293333623900568,1.6591721527548504,-0.6685834011915216,-0.31901085368645,-1.6138261262477158,-1.4739736904955771,0.7713403363359125,0.9617620807963095,0.8177459991116907,0.6962776163743422,-0.7020472636356394,-0.21400584270324874,-1.4166229659309102,1.9012540536088949,0.513859541771428,0.6665243377604186,0.09054780541688023,-1.2159339721310891,1.1448882785263175,-0.655581122625243,-1.564129906020341,0.21710734424994071,1.1237652036889725,-0.06001074398588002,-0.31390645922847227,1.3097034474558003,-0.11768534888823456,-1.2367995339000835,-3.282837549767284,-2.2492161228467604,0.24879727550667607,-1.6352526971253751,-2.9013085937831664,-0.14974577765953573,1.6172359083785772,-0.4049806865699184,-0.1787548244112086,0.5095573246761189,1.2121329586866791,-0.11243074379482382,-0.2854190884087319,0.42386625359827423,1.1830852321886909,0.9790709295438056,-0.17800090037090555,0.06719897048344182,1.2387539948549426,-0.03832233572286546,0.9174376369293038,2.0367596645877426,0.4803330667065257,-2.925483212768453,0.5994104849410091,-0.7239238359174154,-1.5234919733801902,-0.6739527697581137,2.1697599596388115,-2.004794864661551
-0.4447575586490345,-0.20212355341003496,0.293984825603212,-0.668525379056224,-0.16966766807233477,-0.2885733411215047,0.31597245691419534,-0.8523270272526268,0.5800279915381503,1.4201773936106945,-0.028730789654650035,-0.16153813061062575,-1.4409855198386068,-0.4654106840528607,0.5335837370578863,1.6287469857267447,-0.13722602795220495,0.40865267505596287,-0.4418249375015141,2.068513318415623,1.4479298959575913,0.21365054132115366,1.0758810417412472,1.3085409652804516,1.158867483422994,0.6513632286340816,0.019031662494403905,0.9161313469055369,0.4647986513497154,-1.0934207733993304,-0.4792882882526762,0.17907395226085682,0.7896345589512649,-0.378193753857335,-0.37159439040588543,0.09838991338979786,-0.5583319288464739,1.2826182508628519,0.7814423315449492,0.2827537090009107,0.49166218520716054,0.7745126333559169,0.3395626918347987,0.9100622933494074,-2.3545036530522947,0.7634144863458632,-0.8667966615625123,-1.3249528033706686,3.393621038293355,-2.907724102381859,-1.8998527299991361,1.4107808841408849,0.9112591643643186,2.711965164703964,0.14804143537958403,-2.40192107616735,-3.206215230206692,-3.021940925124187,0.6907705595517664,-2.1582211928501054,2.9806969310725937,-0.5463580032931015,-0.06391529015933539,-1.7905816208244056,0.7000870848301799,-0.5447205962130889,2.908934052479016,0.09874273215642454,0.9349004999159545,1.577871207895242,-0.22132124430444033,0.9245098191882464,-0.5309728309774865,-0.18103438489677548,1.665420551586977,0.5534229499205817,0.011698233933804746,0.47010335976242956,1.0408860841241163,0.08795155030469054,-0.2443221128003914,-0.02959843798927759,0.08167701667145774,-0.4361312909757371,0.4150153501648466,-0.6949138145550015,0.22599699794596662,1.2418654474875483,-0.1720382996298941,-1.2643238644544335,-2.3640815926366114,0.08453748155418175,-0.9012588220850767,-1.2299602656948525
-1.5270925364182537,0.9324097139671527,0.12237781473929986,0.2137638685079607,-1.3922279592133824,-1.9254133562735816,0.2644088102062643,-0.4348979198459455,0.6265389000947604,1.62342995309754,-3.2556261911934943,-1.8805440974546572,-1.2110856673620154,-0.700119302606893,-0.14395024499852252,0.9887711894636172,-0.6507416478226341,-1.518724197647645,-0.7644836190780133,-0.7794116133698936,-2.543077891769358,-0.2779344767935566,-1.2005920060374757,-1.6465706726239422,-1.30992891552992,0.5907594443880159,-1.0513314019105473,-0.2509180124279813,0.7704301037632663,-0.8425859461378189,0.6280911918245246,-2.303891578050647,-0.08477756315990992,0.3561551853327267,-0.8526643045325724,1.3634492574240102,-0.09746109860593882,-1.0189817903560237,-0.47101937928837645,0.022822434062412467,0.6606198575563517,-0.49253647858455896,-1.175415515633932,0.5839618326104785,0.8274403148312324,-3.395033061130481,1.5312276193977876,0.10559389772767303,-1.937401407690616,-0.6623868907356917,-1.0167167956798082,-0.3754563328607321,-1.098343164497296,-2.035637013130555,-2.116361523530794,0.1473766957816388,2.3331750556908277,-1.0946989121058663,-0.6514731947944625,1.2239774880798564,0.014928244499223697,0.09699127752838174,0.3685505622463772,2.617266908149084,-0.9581249748658667,-1.0959198074069263,0.12550791130914682,-1.112920948409315,-0.3943984014829149,-0.0563717838193834,2.086642885404845,0.6094288191588946,-1.3214815408010705,-0.5712935077222681,0.757178892367914,1.6253321807951642,0.22653899071293426,-0.6130324477279671,-1.9533261146361056,0.09394967534252206,0.9732570062505024,0.5631046422756361,2.3252557578239106,-0.03161768694197627,-1.6689424262865304,1.864635123385312,3.637345943128813,-1.0790812980128357,-0.20875579906313593,0.2444679421814934,-0.18700969373141862,0.3304244789782679,0.45925178444382475,0.9924598531198
-2.68785346188758e-16,0.19083871572669975,-0.24288674929002646,-4.541211031412013,-3.057220953439311,4.3036819182557835,1.0022159737769132,-1.2033056128815334,0.6193782470841737,-0.45033258745055865,-1.2002958921262512,3.4629155531039055,-0.6286343520667095,-0.04073575011458552,-5.002192079016566,-0.8782618343887457,1.4912516701443994,3.5823970488176378,-2.329148501262821,-0.1598851476032176,0.0863342129339492,-3.692154002049127,0.5498738938799063,-0.43934382079157414,-2.367628600511166,-2.3927693335623794,-3.0221407493196244,0.06938054286481161,-1.815521244413775,-0.35530409864569784,3.1105698298048807,-4.914569853289562,4.303231798639113,1.0921551536857788,0.8157651045856079,-5.536899111703532,3.308114626969227,-0.10952858287220191,-1.933571217150792,6.865440421878485,-2.2175159971471845,-0.43417856630501395,-0.33451022229962113,-0.6300734834089043,0.9196096309149104,0.33121183005043764,-0.24558570265444893,1.745098001120704,6.144804580467679,-1.1672192987607337,-0.05319927601907419,-0.9537685518306349,-0.3006892201667054,-0.47992525814217124,0.7974514659255117,3.4977544142866903,0.1692446826769972,2.2983904399486432,3.0805230917477493,-1.1196920813781446,-0.5666538347422835,-1.4140695048505987,-3.7911025130025195,0.6017546812084074,-0.9051847371050847,0.1662800457215481,2.978478713901433,0.09206686954059107,3.426153820841319,-0.0507737383779616,-4.584259824242597,-1.0228923668875223,7.417381618998184,6.64078004838859,-0.8657049695713809,7.02825604839523,5.058058448159838,2.9001078648618153,-0.8846455433288478,-8.842357916590455,0.7105346621511037,-2.8451993012086216,-0.14835273257442805,-0.49087898402718455,0.24632439535832307,-0.1447595071125177,5.334670413877741,1.0612846316892468,8.29719074762703,2.865432316000569,6.290449839767794,1.6480083199986892,-0.22627234532016832,2.3868426624880605
-2.68785346188758e-16,0.1918180080211534,-2.419115728327999,0.6097167492015149,-1.0872462499050801,1.8293288631143558,-0.807054134926428,-1.5957503193600728,-0.8865082385651702,0.271837045678086,-0.3516835764619277,-1.5907457043251307,-1.5551682385446906,2.58861205628039,-0.015819572490236633,-1.4724769448381756,0.8853331347419755,-0.7404752606371138,0.6122257884714417,2.306518263805994,0.06230921969929632,1.566386136713216,0.8471167074672112,-0.6038031710965176,1.549457120283041,3.3676401834426652,1.3760358189158506,0.3089154137676395,-0.7224364983246412,0.0050980930863067375,-1.8570917942301894,-0.7703222725057189,-0.27636285926248894,-2.7544593566566506,-2.61992260871059,-2.6240934510312814,0.6976382425307872,-2.677139613185537,-2.9404982670687945,0.4893240939181617,1.595585980144171,-0.9993980721237331,1.2391073323804331,1.3197716141828586,0.987640153009385,-0.7150374161795359,-0.11939392848594435,0.003673240228680541,-0.01671398538614488,0.13739195855264444,1.2572362851175427,2.1006951862330334,0.5214136680748128,0.043917441198510605,-0.20208068059772138,0.12629175843858068,-1.6500511387553463,-1.3893961453759571,0.06467302953148424,-0.8544794488623694,2.7030240821219764,-0.6454435367747131,2.3371353680247857,-0.24357903490697477,-2.806136848025185,0.3550587975843634,-1.2142974608601471,-0.3262512561067463,-2.3334979305990617,0.062286155877898694,-1.668175718508183,-1.8033240502436223,-0.5670224927928462,-0.6169441899911071,-0.17576737471431234,0.9089613260120608,1.6046416631588334,-0.3318646684405678,0.2391685436030235,2.4206574758122654,2.7304900681032946,1.72988683421103,0.4588249479177386,0.6097730083326608,2.4857071710434613,-0.26923439331478516,0.30882811256809195,-0.2684396000185502,0.5569354989279919,0.8761551409773685,1.9080874442138382,-0.26551682257515374,1.881099145790553,0.10375760675625612
-2.68785346188758e-16,0.046031081233096974,-1.0300708685795763,-0.3016510928871383,-0.9293222579992872,-0.6707920338468238,0.13255204745115676,0.9355823138618978,0.9343314235961446,0.1049686698486789,0.06439626347672403,-1.4590193336847452,-0.2953837720938726,0.5300491955452379,-0.847994334558672,0.48538661230508423,0.6631471628747586,-0.9165420737745523,0.5965582887268969,0.9417064866263103,-0.3630417160934452,-0.319999761253091,1.0580714933519453,0.06807532079204001,1.062867472023806,0.051380987425239444,-1.0756095066155853,0.09541672172211305,-0.5135025621943466,-3.364130314259204,-0.17328603371174156,-0.8412716844156432,-0.801905512709454,-0.5662877274686313,-1.750222958073242,0.07385125840581638,1.5884480910581638,0.4883968815342327,-0.40212697201901754,0.1970638697995194,-1.4218807099837796,0.681381875693541,-0.6167272000646935,-1.7697598159453771,0.2816672437717125,-0.6275827482268692,-0.5324940535390837,0.7193001581335546,0.002323060580344538,-0.055915425709994616,-0.7103734387380987,1.2977572894873215,0.3161446856087593,-1.0268287400543312,-0.188486686746328,-1.565433234352486,-0.9208700289342389,-1.4019666479664346,-0.3415238275393039,0.3796214086909201,0.7076144313948401,0.2538155403017627,2.375832392137516,-1.2473184952557068,0.49774373067126826,0.09066489090350284,0.3964793176388183,0.4229025624806797,1.5990137994280909,0.9248359742581922,-0.24141671002367715,-0.8303715147792832,-1.7583197719866501,-1.5546488865219505,-0.15775860259053034,0.7631339037513063,1.0699032671382875,1.5305724883106973,0.9432641289248815,0.6127729662375547,-1.2364108910286595,1.8024815204988403,0.2394348309055964,0.5256837879678968,-0.10567128684839022,-0.5941410023387464,-0.035428007786531546,-0.992522145632277,-1.3066815047338591,-0.45936896122941945,-0.8338994098583207,-0.10819294700902948,-0.9543369126008772,0.6220031102794785
-2.68785346188758e-16,-1.0178223562257833,0.12098461665505228,-0.4526706876567781,0.3800729531260183,-0.9666576875407056,-0.30636133358437084,-1.6092246573487676,-2.1669104638514973,-0.09105893867836905,-0.2878792248189419,-0.38621532833665695,1.2247968091809336,1.9393437400889113,-0.22117098325805984,1.0603382600988696,-0.6734384948609428,-0.6629981400603595,-0.49016180527695635,-0.6539801518262625,1.1252355339904432,0.7939935762609408,0.6925839157601191,-0.3248275587737169,0.28581570192214933,0.2546761902894077,0.498342347652044,0.28240775536986296,-0.47436514909946176,-0.7692926386091765,-1.3098799362791338,1.7266338390039278,-0.7318882120318095,-1.3537457057377216,0.8454252200985138,-0.3407198995052181,0.5404368783362381,0.20566073556070544,0.18344522048167478,-0.7116124463310634,-0.3568352388355225,-0.7703226854689176,-1.0758238910993814,-1.6315483072782542,-0.8739522184255415,0.17417867436933002,-0.5859955389666207,-1.0693290457235942,0.226410756622471,-0.12896213218099895,-0.1289305953441784,-0.6847932194646665,0.451574699311349,1.7839157943743766,0.2953559764097148,1.5755478776951715,-1.030202856132642,1.7826489140717405,2.052200036365124,-0.032797722318672284,2.399625794410808,-0.11291259604390191,-1.3241555344159759,1.4534086171734746,1.244275012780956,-0.11346263194251494,1.2245004695138073,0.9311432691948566,0.3544492085904069,1.5277868189373098,-0.7400514061678696,2.0805685061159576,-2.1298523419954325,-0.15984335432099994,-0.13698176432931664,-0.5994545741676744,-0.46004768148915687,-0.8992841663077873,-0.5386411919303297,1.566403960218213,1.092598673496365,0.9295660064824324,-0.1153248947773818,-0.5749802698577059,0.29177838040142656,-0.03455632308074501,-0.12702735669188248,0.15702071119521935,0.08157219452364417,-0.23626639521780768,-2.2203767051064216,1.443419800888577,-1.3733001697235199,0.15141185934985918
-2.68785346188758e-16,0.2562304251380615,-1.3732841524632249,-0.4180725535674876,0.020512275885242626,-0.4474938179248973,-0.019599954666601402,-1.7874771314306412,-0.13360441273001267,0.28250907100393846,-0.297188086727119,-2.380531880679059,-0.9038963347136475,1.0378219279641898,0.6227534940149755,-0.7200481372200562,0.5675160886850115,2.3778594038103815,1.7666266575984209,1.1047818242318845,-0.5633245006095938,0.049592606197642046,1.2824461626486008,0.2128470134268226,0.9519205077975645,1.5874714784888264,-0.7034813025319693,-0.08653447703454892,-0.5775186803849194,-0.38217554053309555,-2.4370068101161673,0.18059103693330303,-0.36588668090407284,-2.444287987862336,0.5657513591894738,-0.6728111282712963,-0.724009505220581,1.1475602622783634,-1.4942518212718379,-0.46222870896799806,-1.0046752547479796,-0.2268802770252822,-0.962977396466089,-0.13460134926352507,-0.43378553917214974,-1.4204473531749302,-1.272997811307403,-1.2931487923461966,-1.3584141684997797,-0.3151017937059367,-0.6031632382673371,1.2453025010764516,-1.1802460374479553,-1.0460497542694467,0.8209254229671323,0.13508071471562,0.28266779783353146,3.552880368356692,0.37838629164993726,-2.3968043466013986,0.7327356066097529,1.3146199077508993,-1.8631736494425621,-0.5740107830085324,0.9504559082208706,-0.8717165383874209,-1.1632572523004523,0.23018408747479505,-0.3086458662644146,0.5876457915819411,0.44064308033794936,-1.6428622683870178,-2.1101161855589825,-0.20833718960147923,-0.6913668155963064,-0.9129879878166576,-1.105187360103842,0.6844138288697312,0.503316449507829,0.7819816120007906,-0.3940904647787681,-0.345529083244863,0.3825448993472316,-0.27364187714192445,0.31717087218446743,-0.06209578394148798,-0.054061390565885034,0.4040822484760153,-1.105979042178009,-1.2799723055482002,-0.1309218655043674,0.7314401649569758,2.119182876863539,-0.6271359449838766
-2.68785346188758e-16,0.4285432521060771,1.6494536961884834,9.453084401078726e-05,0.9383382607107917,0.8425035988297913,-0.25414512077945656,-2.5700527076180513,1.4621120610781662,-1.0954230405633096,0.45347591478519833,1.6454097579957556,1.2715082738522154,0.1252479869325276,-0.027449756464059005,0.6064865317929804,-2.0703990538116965,-1.3056684266670944,-1.5981521827758562,-0.6374961129938638,-0.7523241381558882,-0.89532796415478,-1.8162851695177493,-0.4260985428771977,-1.206140611001264,-1.2653390362170225,-0.6717732854812555,0.2659483462949741,0.3712981047683763,0.9789854272052321,2.375858128839611,0.5968494500067333,0.8100190295924287,1.3251835325583357,-0.1129294134033012,-0.7694904064556025,-0.4842263727743409,0.989765017788357,0.5614133065602327,-0.4531298342396387,-0.13609634866985487,-2.788445877655022,-2.342631625119062,-1.3135664355525283,1.8989976625067277,1.3890978339136106,1.0661066510770902,-1.7218931733251897,-0.8155937218975127,0.6894971731305644,1.6361811248944407,-2.560565903860109,0.20199855298489064,1.461966889507536,0.5523539859658606,2.370045696721799,-2.215041933128525,-1.0178312904148812,3.592773538967526,2.6545392455820873,-2.991422611868445,1.7986784040561656,1.5124097431592634,2.803593665330658,0.40727538234057603,0.698531698846623,0.6282193390826348,-0.9627893143639286,-2.1008736420000726,-0.2701350756081576,2.392757931909907,1.694204739104166,3.2451950593950527,-0.24758043665884225,1.2927878897106695,-1.91003439360502,-2.232206674134038,-3.5625663728608736,-3.6927945172097676,-1.6735312010372136,2.9974544228173885,-3.537236809223822,-0.2618618022782203,-4.160076041402426,-1.8501332434047972,-0.11301118334253574,-1.2564423472951523,0.648051012519895,-0.9163390264878074,0.39321227073603915,-1.1756788372542113,-0.37616944740451275,-1.531778654706521,-0.9615750105354304
-2.68785346188758e-16,1.130432118116474,-0.8217018411803975,-0.3842370330354752,-0.5817290266846868,2.304904849822776,-1.0662271904362217,0.16355862237927055,-2.0659834534840575,-0.31923438982905233,0.203286517235957,-0.49465568862986076,0.4657384158343336,-1.3311837481224413,0.4306126311775922,-0.34982831095452666,1.4486248676862277,1.4214130990659097,0.5358793401448276,-0.7467325827071158,0.1733955991144789,0.32552914021205315,0.9828107227383731,0.4392852857997264,0.4776325102915705,-0.8044746339136185,-0.18984389061417659,-1.3305781250627209,-2.0462180688256777,-0.5577803505563337,-0.334974001019671,1.794629807016422,-1.0313463455355838,0.10908952514018697,1.4694713870596063,3.41117731142618,1.1103771720962266,-0.3026364872934135,-0.3114992136611488,1.8561268511292477,1.0546877890588733,0.484708676497559,0.9408769483737776,-0.8586602441551878,-0.9445429611046683,0.8874820835020607,-0.7326138715724855,-0.8964807128829805,1.2298379138320663,-0.21437761733526775,-0.47307998707477983,-1.3296694752324316,-0.08812852600549223,-1.0287406988321566,-0.7886069317431011,0.4785416304026816,-0.3901834061870316,-0.8587473683091843,-0.6120890807330479,-1.0851841618467415,0.37248583702397187,-2.0545242588739665,0.20322462997275414,0.0010967202350908867,0.7534768079254148,0.6244234342593392,-0.4348525381036531,1.1764123057507045,1.3846991256901804,-0.5130554928589107,-1.4032283559562964,0.7027822608153861,-0.2164012331587727,1.0985411049479679,0.23130094953513047,-0.5564694579771375,1.4882809236364138,0.1075712261047565,-0.09807630816093948,1.6326550276483651,-0.18787069015212393,3.146869342178153,-0.024818198183482618,1.4015285655754721,-0.12320887759091312,0.16397602929118074,0.3638253254545388,0.5110752423265426,-0.3293986726724366,-1.0869244468085277,1.6367614441958085,0.8224391951217298,0.07701688990317801,0.9373543689694137
-2.68785346188758e-16,-0.808768215399602,-1.7681107849525524,2.0545486308165053,0.1263787437136928,-0.5421955513752755,-1.0475262453726004,-2.247789680708906,-0.5183087670466243,-0.07645675037284952,0.5293071879006318,-0.5940465128367114,-1.9631921398034349,2.1427088746800647,-0.4511392744144863,-0.7469707468921303,1.6757831168111894,1.8963713032594496,-0.24539714239798152,-0.04206614750835891,0.9651736124694325,-0.710496628044619,0.0037139350228406753,-0.7230357251525102,0.9483944044866952,1.2715531884022333,-1.5633503697680906,-1.1584954970974997,-0.05174503026630495,-0.7483752018571704,-1.6393393238395217,0.64974391315841,-1.080870429706722,-1.9384584407783092,-0.4030530712071084,-0.6299994664738525,-0.22993303317970143,0.6440068377308403,-1.508385831311081,0.9918674498877048,0.325712773688014,-1.8665854203690513,-0.5418780272111786,-2.0165858445609732,-1.3081130779887151,-1.0360848493127655,-2.569011617695886,-2.32840621999479,2.5024069716274946,0.6217752611637674,0.3072215537440157,2.009796648102112,-0.5982323562549269,0.23118035257235958,-1.4541305576330992,-0.005267920127672375,-1.0918210223880944,0.31474863403663905,1.3923347203139795,-0.25023120648301667,0.9170309682175495,-0.16974008320744916,-0.5259274975656022,-0.9831336821717458,-1.7063676196411897,-1.0734353947974635,-1.0800648577669467,-1.2097835938685404,-1.0065036103630731,0.5246723486359264,-0.3035457288735579,-0.5612418648376554,-2.119910530831566,0.9580066946417864,0.156675304089134,0.3456996417434157,0.8151416226876258,1.5079259483544463,0.345829784751726,-0.6317908875708421,0.8451121013266987,0.6909228951898279,0.2746840435464985,-0.22332242483810932,-0.6675130612265532,0.2300893832166381,-0.9906939152955605,0.18984165590763336,-0.5708989189112681,-0.08098301126981222,-0.6376851013103875,-0.34516167048410323,1.093159992215776,-1.2592634633536401
-2.68785346188758e-16,0.5919908181282212,-1.2032866492643102,-1.4883156884834965,-0.29091778753154873,0.7780592300076967,0.8062999979206986,-1.332234463774495,-0.48999267592602364,-0.792486602001159,1.0670050620644889,-1.4776625877008587,-0.00045688861576520523,3.0874834458686666,-0.19046492918569186,-0.5497060055980241,1.4906708932389348,1.7125652468774206,0.2855475728124864,-0.7062769461939974,0.21428959670587974,1.4808249470998036,1.6921635200681138,-0.33170355663132495,0.21500808302165259,0.6872326102067716,0.22589917631809942,-1.0736494368765526,-2.013655151507664,0.5890574832271642,-0.08153708824867834,-0.5520340120386835,-0.7141611558573695,0.977994944565659,-1.7319088106926626,-1.9810303099731483,0.4816028424215073,-0.1317987940748342,-0.9982474972064168,3.328587078189914,1.6150607508094854,0.7454943278336295,0.9634955869480499,-0.3233392043919644,0.311403017266386,0.43631491636102004,-1.438833763245489,-2.5050733939408527,1.1442929863343085,-0.8110318475269017,0.4534987126582839,1.8516869128372568,0.5779434442920711,1.059022717004073,0.7106718801104019,3.1271501921771057,-0.25454498080022736,-0.15880817326149987,-0.46140781734092196,-0.3938155689056304,-0.4752304621519555,-0.8001165791800039,1.5037916457791556,0.4203169851134075,-2.7315786223016856,0.197723035721885,-2.2064548463728824,0.40945575851410365,0.21344736968988376,0.006456604097611879,0.19595391838200382,-0.9962659019131422,-0.5086821416312794,0.6910988683446465,-0.26292982895163386,1.2917057569913115,0.8758311011634615,0.38680883231859897,0.6776049478934787,-2.2126494117115643,0.5821007502276023,1.140161237665911,0.03254426750682858,0.6320388574841773,-0.757105405144875,-0.2815186586028603,0.07667256756692853,-1.0828399325140208,0.2313770312605427,1.0268242704133042,0.46292991201787925,0.7294229535538714,0.9952537330836677,0.1584242657424667
-2.68785346188758e-16,0.9297546442665451,-3.150515699306978,1.3570426592688563,-1.6788068461361785,1.6493715778093776,0.37975553317433314,1.895620479636348,0.50466126198226,-0.153983940192944,0.07025975274908158,-2.797241071927146,2.265278376099134,0.9223794606858131,-1.0171785442336851,0.4579394493184781,0.1851813327629137,-1.6442251851673313,-0.4782551765875817,0.9614845146744098,-0.1480557392510751,0.16189175792122384,2.426911325323638,0.951915182640443,1.4994155737597403,0.9250532103226434,2.3388011803589444,0.8869885503022704,-0.5253656477355733,0.9951198663189634,0.9606638676313997,-1.8828691344048916,-1.1785415505179406,-0.21847949611912332,-0.5320038259315498,-0.3928239253233028,0.715615252492108,0.5845276267804023,-0.15987580175585828,-0.3448415581478026,-0.2639994086700561,2.424819176045112,3.213453260758511,3.200757064255664,-0.04129080994444507,-2.146615448768394,0.5498519282211859,0.7148366069787432,-1.283601613179354,1.4730742920053017,-0.5501646246306657,0.0008404183054167569,0.3392537151834945,1.0526561561142596,0.8107191426356627,1.1158433197904536,0.2976350106698326,0.6460021662269925,-0.3208423592696983,-0.6906263220672617,0.13282101905086235,-0.2945020651515141,1.3345277232220711,-0.48139625719428325,1.6551471032259069,-3.4285936856858026,0.6281616893464768,-2.2758401390704943,2.2358348102012657,-0.9771691768956404,-0.5833742749337176,2.187963030977869,0.5318289533004067,-1.3822907255573171,0.7261378174133318,0.8701781814915376,1.1437016622063476,3.4478116443870084,2.830692423759144,-3.6775794175998597,-1.4020288443641031,-2.606763230496792,-0.9087567549790291,4.885598663847915,2.8481748980042063,0.17707230612051186,1.944887724727024,0.34889858450641187,-0.39943364154266014,0.7379774290891395,0.14773844770644495,0.3419619030452351,-0.97850825463676,-0.6887044179421451
-2.68785346188758e-16,-0.525205436236111,0.29385438648871665,0.6302753025023223,0.9546660999775113,-1.3434649673736085,0.34269850674508223,-1.9907808916427783,0.4228245263180987,-0.17034901538503455,-0.5620535501810112,-1.7770256584994937,0.3431618025465818,-0.15710084612005817,-0.13720546815395887,1.395983460624206,-0.39813711927804885,0.559491868267517,-0.7844718339328253,0.10061188494670693,1.1177769414285181,-0.20347705274090144,0.6271161460370509,-1.5141869251166713,-0.08989932943192061,-0.14105560358767152,0.6344544021316711,-0.17265542230540926,-0.9289902676221219,1.4076514494803785,-1.6378698831752716,0.3435994934051392,0.05357450426301452,0.09711106738585096,0.5448144579620753,0.2077968614688973,0.7451393620487199,0.5170607198719556,1.0915766255826975,1.0822679826444563,-0.2008143074096094,-1.5428019764156975,0.6724760941229487,0.0808285589959615,-0.0454937952012434,-0.11182628678197093,-0.9556111236496527,-1.7733539318312739,-0.41728450355847796,-0.5002337598478929,1.0682228385274817,0.06349639542139429,-1.0731691299784445,0.3619810997745434,-1.3835848988359258,-0.27810674221076587,-0.4093857992139091,0.676063236310264,0.6060192929486761,1.0719994215421447,-0.675022547197501,0.3153072566910783,-1.2651937613845003,-0.5989766767995608,-0.8284529663576599,-0.7881116064163831,-0.8190996306110692,-0.6774982677046907,0.19879524508155785,0.6726896680877081,-0.5133368240045297,-0.4823165247046022,0.3049353362574998,0.507415287783727,-1.0622356391607894,-1.1364860583617853,-0.012445266506852376,-1.4705900467902913,-1.1023459316550408,0.274029860099249,0.7155095428719717,0.7459570298727364,0.1865874454800327,2.3388484771833693,0.48964376189654246,-0.3290965269704204,0.40265647976867863,1.0008760746383119,-0.5270143156290363,1.1768604068786435,-0.028338142108996323,-0.7579364814079529,-0.5646696914575676,-1.0069119372341795
-2.68785346188758e-16,-0.08385777078843049,-0.8386384832790088,1.5171477203757426,-1.152616326789908,2.3728763082582534,0.10757063640822075,0.7206159010467854,-0.6156989432037308,0.5361385214509234,-0.0442435100693348,-0.9898042579547698,-0.22415257587136084,-0.6587499838983668,-0.4353867805250413,0.28915425032729686,1.5964840650202308,1.4307948123654053,1.100979460668201,0.6251214888777523,0.3694672712513143,-0.16069096566328872,1.0639748778710811,0.6225754367317232,0.8029485823136263,0.22256741586090262,-0.6137218919824315,0.31516757586601224,-1.5510802165106665,-0.5940384014129745,-0.39625807694227094,-1.2586103934761215,-0.23904827613073876,1.5563655603946693,0.2737317002037115,0.7293579272083983,1.9599356564686539,0.45571445203461824,-2.2695126678456576,0.7097059287536656,-0.7574324590915117,0.6361768184918672,1.2896793771515245,1.4806005331963248,1.3923022831690128,2.03783248425549,-0.19539674257306908,0.47721752156496144,-1.1807091350128263,1.7745429413901226,-0.15670963855961917,0.24541068930942517,-0.3758813657950424,1.0295057221620492,-0.49049859868639595,-0.6788089493819828,0.7112654912276312,-0.6373015045031997,-1.6895122035730328,-3.7957931935568823,-0.05069967304279221,-0.31736155802451604,-1.2140748049887469,-0.97502290229339,-0.16195868018669013,0.31506460740284087,-1.7432801107404474,0.9951158018019428,-0.5350540474872503,1.2093909541654382,0.16771738447105544,-0.971654982300492,0.32831224650393565,-0.0011339720628245342,-0.6645887358105522,-1.2895222912617683,1.0913927768619245,0.9647994852775372,0.9440943226434233,0.7461940898705709,0.11812425357190678,1.3904969486557324,-0.24155520095992766,1.7572651977438074,1.170338197549558,0.0960775564385047,1.3953406387462937,-1.2660684490831557,1.0229975250237937,1.5151185539373073,0.9849002495192412,0.6561937468638649,-0.48621517004554177,1.184059291465787
-2.68785346188758e-16,-0.12100079051879895,-1.6056237170740801,0.7254305942737879,0.4146234239920332,-0.923602153765686,-0.16767196293859432,1.4871957334114614,1.7406078918757246,-0.1537695361531273,-0.04860350628079708,0.461323761996009,-0.6265861988775219,0.2994673925954704,1.0278735993859702,-0.17896407442592338,1.140387684215002,0.17349546503459146,0.7040109046261819,-0.5932873182309668,0.10209529200504154,1.430681387709413,-0.5050275938656029,-1.0913089483546279,0.5288946337653744,1.2922357053924949,0.4104233086827328,1.3408683293561832,-0.11543747870224419,-0.6375061790618597,-0.4266662083885492,2.2222757193391742,-0.4790303282360138,-2.5039582861439778,0.49273083649837557,-1.8057334142126398,1.4159545034625334,1.2419027979271038,0.017422198562842217,1.175693647128044,-2.285425312367967,0.7138751585894971,1.4787635774182888,-1.2059441417101482,-0.6880173896007774,2.205664955616944,0.14159208274505397,0.8875672113085645,-0.006776037242236188,-0.801619988054256,0.9566996439712231,1.7233131762224245,1.0227284384761628,-0.7608649695477532,0.4237341790124287,-1.7670047914288078,0.33105651917262446,-0.34408066120961167,-2.415123190277986,0.14719452369949093,1.2708627761457338,-0.7760576949247113,-0.48640038132117913,0.2479495689824116,-0.3553877926353961,-1.1093376086042017,-1.4302204637003264,1.0378325352170943,0.19582192033444418,-1.9345896086567438,0.48733722056703566,-0.6004263875590856,-1.4745596649633872,-0.5757429503280638,-1.041805889930473,-1.0691109518561506,1.3162755198723688,-1.0120911307693987,0.13856008575456863,0.05425248572625885,-0.2845497428473437,1.280009691337609,-0.27603472908469706,1.5719534416737333,0.4484621027799073,0.0886349066815927,-0.43615292284677654,0.19902021482506194,0.06854282687980834,0.10662124860099076,-0.358042757392557,-1.133541057573932,1.3708658070675248,1.1180646693753744
-2.68785346188758e-16,-0.7749737491991869,1.0991813543446227,-0.5374651656678033,-0.7068498423778365,-1.0818527583864699,1.4645843915748213,-0.319248289421593,0.2640255622436773,-0.02128238680774399,-0.10473813187832563,0.4053653066972447,-0.392704575018896,-2.6695359808850885,-0.8796998795991698,0.7911111523626245,-0.2951761902857048,-0.7550976209735607,-0.002386991005248973,-0.9938612395428629,-0.6655177303400045,-1.7661978568368173,0.7421803920860638,-0.4075816011299899,-0.6607162363939267,-0.057227877937613636,-1.4082129615048924,1.4729031135761739,-0.844967382935985,2.5501199873058455,2.3608823145657523,1.0995882041360656,0.945565489401763,1.3577054109163766,2.2825154166635055,-0.41875161874544986,-0.5927966124249445,-0.9393265124263092,0.7782101109302648,-0.787304542455344,-0.7660026928736362,-0.5641228079200766,-1.7493487128827048,-0.5426775907997152,-1.719080689580526,-0.19611420389632156,-1.5016991769966828,-0.7795228639375739,0.3280537630918107,-0.1043371232212595,-0.4194679066159296,0.5463383564030788,-1.8847189857944289,0.16386219900677287,0.856029325239092,-2.74920551900546,1.1742463905626628,-1.6249271336712807,0.4166129629367617,-2.6272277952179657,2.0138694356602436,-2.7218860784541317,-0.11290085982403708,-0.900429464804624,-1.1844321518169982,-0.37363556592497055,-2.2441867699368623,-1.0775757585165067,1.3093887503713622,-0.6048582805606969,-1.3036554387857238,0.16973287760537553,-0.4310642461008747,-0.2715135530827595,0.15268205698187123,-0.5749034539499734,1.235730311141018,1.0092771759011732,1.6880302129286109,-0.5248319717267427,-1.458052752837954,-0.7672218098558117,0.11472912436060802,1.9881450729004093,-0.1920240452774774,-0.09273721355618714,-1.5146293993466513,0.3362229259324876,-0.49208279778542735,-1.0121213505293514,-1.4019806745577623,-0.7664944178414907,-0.28943731092925773,0.12350972014064199
-2.68785346188758e-16,-0.3997002355393628,0.7665135603132469,-0.04271621237741807,1.1386307209278386,-0.5635945423868289,-0.8561213274759848,0.6722340176242964,0.6959996344634929,1.3216277225487891,0.7595397606170562,-0.06111938022599883,-0.24993575502423623,-0.45086274134989757,1.195106736505215,0.16303501474993604,0.21261364564157326,-0.39119564901660664,1.3035564498641732,0.6468304996495083,0.38409694302902686,1.68168262188268,0.14063335813012753,0.25073895991484024,-0.8986685924499241,0.6766255679266122,1.3198622269328475,0.10241695596773635,-0.5667004980454274,-0.5124749685352676,-1.9970513849904097,0.808895597975738,0.5001725451295973,0.241362939418567,1.514749769955886,0.10907755539125896,-0.5389920252046059,0.6931547792958868,0.543230220951653,-0.09272938743241814,0.05473866593207538,2.658332833688497,0.5509365313119705,-0.5983920656014955,1.1764825476699579,-0.5207925001864,0.32713760614344867,0.775931841687675,-1.4388458846377994,1.2031793985374812,1.161106586321882,0.007328499584536241,-0.16071707219941184,-2.8153903143288788,-0.16711932357587939,0.15881867816755668,-1.1040194142547215,-0.6609615961526977,0.038871421129940686,0.7424821001341475,-0.7999103441342832,-0.6489692229706363,-0.03689035937055367,-1.4429427740261231,-1.400383165130925,-1.383967655089941,0.40005799741422765,1.1515132472548923,-0.12007254175099195,-0.48071243379860024,-0.4407174811959211,-1.240540080066754,-0.8985301370313995,-0.06626010236287472,-0.25333507267207855,-0.5487699788476699,-1.2982477164160116,-0.4494268623401748,0.5882269885384734,0.2984738192355513,-0.12571481272296525,0.10385474689280949,-0.9007805948837462,1.1436472079941962,0.47848353691166723,0.5961915775282005,-1.262076458568114,0.21123665692525392,0.47535564050365664,0.9784947968711577,0.777539503329734,-0.9217283808847871,-0.3399956321933545,-0.6935775394402552
-2.68785346188758e-16,-0.18319145159839445,-1.2845975981393378,0.4788634187306775,-0.4899989369345206,1.7504141773328405,-0.9457995765323045,2.467510038240679,0.2154273165832472,0.34987289249798453,-0.1631761308821165,0.5851664855102087,-1.017436620157157,0.006637490270399393,-0.750847141791626,-0.9835367564951646,0.11620900658593578,-1.3141113761564998,1.0763179586300597,0.636915029751298,-0.30734796531027364,0.9729345684962493,0.7780003302352956,0.868456008094263,0.9946942298327219,-0.4409011384045324,-0.180786708067146,-0.30001093712127097,-1.953380863589964,0.6262449278840377,-0.9345740486470013,-0.3926809792895972,-1.2272393755894115,0.4168937919211636,-0.4344609344045486,-0.4072752393149161,-0.1827054801877641,-0.03961368518516643,-0.6450245290368382,-0.0023881000924429463,0.2660781054267075,1.332215339072942,1.0105183738033323,0.5238543294428668,-0.3495356277441952,0.09077356867008646,0.46497586204856944,1.1105751063080822,-0.5982368685129122,0.18953749908073259,-1.1568156780624226,-0.9940178653097902,0.4320449369853771,0.8912056418313697,0.5734351937715578,0.2625368107564264,-0.5716223653192993,0.3681951493186899,-0.1254990853167417,0.6267195866909687,-0.7584237391940523,-0.47246205348585346,0.4437425259955651,0.9153314082114675,1.1720039661122945,0.44340729347699054,0.11745917320749949,1.5255711383265276,0.016498438369062507,-0.6408668842735725,-0.8463522654435458,-2.0753675660486435,-0.6825529590632949,-0.6954852490952579,-1.0051943953696112,-0.7179446493718709,1.7418444756437097,0.2504632637633456,0.8570555742303808,0.38246626555706653,-1.6230071043736618,1.6953561782603348,0.09596716754688638,3.585766361262875,1.8989899333345308,-0.6227114840040435,-0.680199509066719,0.12390435711046437,-0.3178539269387284,-0.5686178132041825,-0.0491705202377648,1.3435075380493018,0.1431647661578877,1.7564892740898757
-2.68785346188758e-16,0.516575035997698,-1.8627111174945503,0.5251945369102309,-0.5802603182746637,0.1355508796507111,-0.9901669481454232,-1.2196816491545899,-0.2754549953889888,-0.7136166948600808,0.6352228341641205,-0.05595552951419114,1.396639685935956,-0.18313207426164346,-1.879373144186515,1.5454405504832482,1.8158806177432405,1.066700281709381,-0.05543154336167164,-0.3815154041289128,-0.8159559620927256,-1.2046239654619901,0.45670684933141,0.6459130993495571,0.7638958538325458,0.6949007505905491,0.0048789013132471415,-0.14019930186735327,-0.6850582781741625,-1.4482738497685437,-0.7899325043996681,-0.06269737541813897,-0.6969456586594134,-1.3521920247821302,0.28308051317254546,0.1875120023153109,-0.09680379102917736,0.13165857853895616,0.3018503562295993,0.3620720501367144,-0.2925132020196744,-0.16559710338833028,-0.5575258418827699,-2.0085218529109516,-1.3676360876820164,-1.0714838757742262,-2.635648616375925,-0.8612394013963713,1.2041653020992125,-0.3136671296751971,-0.10493181275395728,1.7091315410160512,-0.4829991826441577,-0.7476834489029891,-0.6074464465179246,0.5619795380215005,-0.5914603908164279,-0.6321514561441796,-0.2796410747675387,-0.5890094928918863,-0.45798377193471707,-1.0639376797234406,0.40795346302585034,-1.832127661509098,0.4619748640824182,0.638713425465532,-0.01715041769874759,-1.381199801015144,1.3857388500772232,0.6642301135132216,0.2841705998348223,-0.2684544851498544,-0.8601206236592631,0.4558598809096462,-0.6221802634354683,-0.21378681290973772,0.18842370159965294,-0.4459734756722259,0.8846693364520137,1.8016227107673797,-0.29632283880091276,-0.9414727982508659,-0.9852550264040765,0.6686208266494116,-0.6770795287825492,-0.4432006526609652,0.5234393333719288,0.7496455321918463,0.6019200705624972,-1.0094333314878516,1.4636048296144857,0.024012897337678973,1.1328670127158675,1.41402275182471
-2.68785346188758e-16,0.7430858271193205,-1.0777317654211858,-0.6335576483566314,-0.8366952441674403,-0.15717631230949258,0.021236721488699605,-0.012838118257257614,1.8787011868000674,0.2843278241016724,-0.12220040551018525,-1.437489816139363,0.20467893965924508,0.5924443318253578,1.5090348596857093,-0.6623030626349621,1.7541783726024458,1.8639816718064428,-0.5471695002452197,-0.07541655431233979,0.7779404416485242,0.653316022795819,0.7150116433354575,0.770387123401262,0.4251874429783284,1.1488728177134586,-0.9996702762879924,0.37965518101528856,-0.6001016263441528,-2.4688608247780883,-1.6982658598161686,-0.6289293756260996,-0.35074294465774675,-1.5336952974823244,0.47071296723267464,-0.1385686806429235,-1.41716659361029,-0.9767602379497428,-0.7350673773338847,1.9374347984471088,-1.2276904341981894,-0.6579168847670582,-0.45901441452487657,-1.6691300520628392,0.4387615816700364,-0.44897074149008853,-1.9028755256358196,0.10387946846249729,0.6115990414420504,0.28897276351548057,1.5817807231038885,0.41333717762307964,-0.15725617352059262,-1.1582601480781531,0.989591725597108,1.5725587913440808,0.6666783388478533,-0.6686356601718201,1.9367791398196001,1.6288231737818404,-0.8950264018103479,-1.089588775269357,0.007646509624798736,2.2508065585553343,0.365619703856889,0.6833586759784029,-1.2681727588646285,-1.5298923069445445,-0.965646210828555,0.08337533480607695,0.7993797059721196,0.2868511588642996,-1.7059121661805359,1.0708923820581882,0.44924202548258485,1.0159994964637538,-0.5613874401276578,1.1906699103800733,-0.43705506810448314,-0.4480804208942768,1.2220482563284965,-0.7039760464318318,-0.20740914918389847,1.3859841320821817,-0.05403748812924092,0.09575646943507704,2.1085016721104415,0.7367354194088516,-0.03204953562305707,2.1232723129842346,-2.2049629388955454,0.5263940321819993,-1.9574781227753657,-0.3267250965684565
-2.68785346188758e-16,0.19371738394743257,-0.40845323134079736,-0.917439116573477,-1.615916843408473,0.6224584253857391,-0.10107951295792166,-1.216119360588801,2.2350597758865636,0.7112672679354696,-0.9482833027880874,-1.9525263279776706,1.8808767019533186,1.4259760762749791,0.45607000876840487,0.7766046571039147,0.6573223912650316,-0.67085237399992,2.2429701103083417,0.8224035296525092,0.15336258220017723,1.653276447425576,-0.6040553234338663,-0.7954791687821412,0.021425384133786418,2.329231642095103,0.29516088607987256,-1.1181995097731203,1.123365135684283,-0.9110741069624784,-0.35581576387489433,0.8986606168912878,0.3414471673689695,-1.6088889616253457,-2.4916151989432773,-0.8361394311757966,-1.1913835165360598,-2.7506107981572296,-0.9049474024869801,0.31483067716296825,1.047850055278611,0.1099729824550933,1.1316779723134722,-2.1614174258024073,2.451077463757972,0.5142678173367672,0.7271127293473105,-1.0975164428448616,-0.9492477031205953,0.18429559265232337,1.6308851011470697,0.4571292142747685,-0.917867862080616,-0.3366631690697239,-0.10149901759508705,0.4430450067822307,-0.5567436237346537,0.7534117182254418,2.7993426275778326,0.36315371213270886,1.6553242680037266,-1.1397292886779944,-1.2948783627341782,1.6031008390499781,1.1506819771873136,-0.45483295963493975,-0.02903135905037088,-1.643293043499574,-0.43650036016728444,-0.6369061273561204,-0.2232605924496036,0.41007898858867475,-1.4868562786272184,1.860465319114613,0.613613164977819,3.2810837112211773,3.3133127695430034,1.8749467207109682,0.27509235857523867,0.9870861244027326,3.412734901597828,-0.6268568803897525,-0.3080203273356179,-0.670268612169187,-0.5485090699393934,-0.5147636660698482,2.2218625132330994,0.4356980962406232,-0.4205295457171201,2.75020616071677,0.3317312249636667,0.9072171991290174,0.3705985135530533,-0.40978563742001384
-2.68785346188758e-16,0.18758759711389286,-0.23160555746732026,0.6663810550859259,-0.1908762198326781,0.4263444970387046,1.1712348359594844,1.9146772195850945,0.5309085426154604,-0.8705041763777889,-0.235409220862458,1.2517447075683883,0.2508332498724837,-0.6015882001279378,1.09097316282889,-0.07922330418854884,-0.310359929578235,-0.8932761430190848,0.9486474284116795,-0.47523314671283484,-0.11317223816212385,0.5617098819994104,0.4332659731196909,0.4585168994153366,0.5796761414402465,0.08391203940692585,0.5400390224798747,-0.20594479755224984,0.12570560766430278,1.3081743295635493,1.8504524302735272,0.5134794070602247,0.38056713181135643,1.1099416766145282,1.7210917826122822,0.8086769551036996,1.4955969881694915,-1.2372740076062452,-0.5782002185053645,-0.9912283899831174,-0.33312133634340524,0.8968477909696765,1.34865838566111,2.6937934594629507,-0.18571011449485478,0.5530626309021494,0.850534145831666,0.050433599334022916,-2.093481050183541,-1.0233537275312683,1.7495999716618695,0.17657693044955253,-0.2549519362021956,0.7952646965587131,0.6847487693115117,0.28723624485253163,-0.17496122380734583,0.6743665831016625,0.30474125619829995,-0.8661856908313774,2.4978016243444574,-0.3327169738417214,-0.6048117812149267,-1.5546532671367075,2.1777422555067893,0.3683227805646689,0.2688488807384175,0.9929707808157351,0.8828053831243904,-0.08212858695801092,0.24678250225371456,-0.5392789174659147,-0.6814720183934985,-0.11534946539918894,0.13765394546494686,0.4666387128911835,0.777698449756353,-0.24025451027963018,1.0781799285981088,1.1173907963565823,-0.3579075838037932,2.4222793799075277,0.18773817095134152,0.08562159791105206,0.6533514360804091,0.3161543023399382,-0.16202192276588928,-0.0005090012462034552,-0.8249487395859088,1.0837689691725552,0.1156845536877702,0.34890666678831583,1.3969196438856837,1.7004904269678613
-2.68785346188758e-16,0.6126870986572932,1.7155563074316205,0.45265726114760374,0.5530866507488494,0.5015049801849804,0.1595350155938839,1.7226703141041144,-0.6575083753646945,0.5259655998090736,-0.5173885628016341,-0.062022231763094314,0.7558148876162987,-0.5847138702071125,-1.6076082395593154,-0.4105674281683009,-0.41026747249889756,-1.232575932367222,0.4081389203948834,-0.056821511510404654,0.360314765295381,0.8731819830537654,0.31441156880962456,-0.7911015087841543,-0.04447811826255001,-1.9689102831303034,0.03850498808411296,0.6119471867920314,1.0080605201709727,0.22146494058225663,0.5108578510951445,0.5910743515637574,0.7888646697764524,1.7572607207440447,1.7825226419176587,0.9425210332706392,1.1851382235576462,0.4322756644531732,-0.42009198317129665,-0.7761896823733495,1.3042568880324055,2.018173300371831,0.8840717750645387,1.3103853501765348,-0.7878913252623957,0.277098718622062,-0.35044960310669304,0.8646113701458277,0.19833075893930097,-0.24319834605158094,-0.32836272658138876,-1.5182856121974035,0.1366228282791758,-0.8311455870170087,1.0835710599624409,-0.896846093185266,-0.13572812737831777,-1.932326247193282,-2.1870752327732683,-2.010511871152442,1.1042439948726996,-0.9556919396360825,1.351758208625942,-0.49139778415544055,0.18465344310075127,-1.2587080021024608,0.9035861536398512,-1.1854211060722286,0.4725590595611593,-0.02837363811964948,-0.33646150365320404,0.6104207830366104,-0.31973664364236404,-2.6316054125230717,-0.8564413681917825,0.8048579883287864,-0.5346446213030075,0.1293051750248352,0.7978185478465283,0.7718972430000078,-1.5315540538657921,-0.08054498077180022,-0.27353119354966393,0.07116605304761436,0.564932962277638,-0.5398023353355246,-2.2972724376998883,0.27840113326557214,-0.043333651217026876,0.17332967914105485,0.06774487335542573,-1.2601594262544424,-0.2650695444653716,0.15156550493497223
-2.68785346188758e-16,0.16388367892937664,-0.4898118996275458,0.4695623999101539,-0.7651311531449926,0.2796203722918398,-0.7362325832547596,1.3676776828036794,-2.2213036822224037,-0.8843212021319757,-0.8250510382409325,0.3990459887645321,-0.2744483768925922,-0.14282934442983752,-1.1317382645283451,-1.4275995761957823,1.1715124535994677,-0.30637328260025337,0.1790548172668468,0.6902988104222123,-0.47626685439555255,-0.7042174775726735,1.6308256891997803,-0.9209370989260957,1.9655035370808591,0.039041988109391745,-0.2639729437503593,0.6445105163079173,-1.3487457647971777,-1.4867479507372976,1.3212500159637115,-0.06553910933494361,-0.6602605424784826,-0.01619698173358694,-0.31967228819976384,1.396835357086348,2.0924050661738898,0.2935826266382153,-0.7302500117439884,1.7059471650115896,0.5481377700017013,2.0720421750313958,0.7348220468533067,1.3525906923272828,0.09699380828516299,-1.1892387540543494,1.2321259744116282,0.9060079169232436,-1.3640548085520028,0.2616576329479727,-0.7136203441645311,1.12075897776598,-1.1127384537609992,-1.334082827124351,0.31387339581342283,-0.8780372608175888,0.015061280216125971,0.4764017408519765,-1.2801923408933595,0.8897406864893534,-1.0418078493306926,0.3147037744805433,0.3139792431977375,-0.44350261196013185,0.8247626439541669,1.1471403051347595,-0.9335314023524327,3.1500209180203944,1.6497774558342737,0.25184991167584536,-2.2038197861611737,-0.680472314832998,-0.8789291364382387,-1.4516615513759943,1.2756792311360727,-0.6848255413760076,0.9739335801631346,0.49119719682534135,1.0377899045826444,1.1406482232162487,-0.8272258867696799,2.7800244954718525,-0.5699321489718926,1.7409149874661238,0.662063541001133,-0.623742353728805,-0.040414007563429596,0.45896219005497707,-1.0106502794895693,0.4648041674448988,0.21719245832546347,-0.3742590921396375,0.270903786977682,1.285967807222689
-2.68785346188758e-16,1.155402865616004,2.0231679502038245,-0.3388442377164037,0.6579630538146657,-0.6648924828441839,1.050092698333808,-1.8141553599288738,-0.3050921578243255,-0.41399724719434244,0.31691724786046427,0.4793021146805082,0.7569727166134246,-1.2526912931245122,-0.47639442093088347,0.5869728644675138,-0.5514957224228695,-1.150120434490961,-1.1359523918449992,-0.5937754695777744,0.15764423697076715,-0.2271293365869158,-0.585357504943776,0.3485873151376986,-0.820544347145492,-0.14285918261516184,0.3443627531831306,-0.7234009560418642,-1.3726071757686578,2.6509260354655906,1.4553811159873091,0.45719893756652685,1.1699541252550154,2.669735469112706,1.307884694454639,0.021847041312111903,-0.3240661518728536,0.8964771477673492,2.552139206556779,-0.10353004867977204,0.912417361399628,1.0296850436338503,-0.5864626374645954,-0.022964723261670983,-1.6724979047385469,-0.6385569656949187,0.6873597091813264,0.6174825390879555,-0.11670431639106936,-0.4113708488448228,-1.2474230213006532,-0.32472822375673605,1.3133833105378507,0.3524340412228771,-0.5463704513945498,0.26413874504853285,-0.33567563110260373,0.6431738905479337,-0.6777283628615158,0.976651843748761,-0.01946491375015924,1.0463915640606065,0.8201268365557761,-0.5651709048610398,1.7248788858360466,-1.240771718162079,0.09617132252848282,1.2089817370138245,1.934146276992278,0.4051202386538677,0.7105862195352382,0.8448273202836301,-0.8130300849914736,0.4055535547691904,-0.6180655071439014,-0.8957619553705746,0.502938290480982,-0.3228220163702672,0.8165506560362281,1.098622074662128,-1.6422805856255556,-0.08931644640599495,0.6078604659116109,0.5526095192325475,0.379289596836177,-0.11887263278210271,-0.49678646704877233,-0.3367930808018203,-0.46340751683165093,-0.5882380720691485,1.9176610121241335,-1.6369606301532231,1.2600351912127223,-0.33845900195398737
-2.68785346188758e-16,-0.2988500827836321,0.10003881708671293,0.3831319256753519,1.320262261331491,-0.5416489495201815,-0.28548466537401623,0.27002912111280075,-0.015293722103421725,-0.5737001394694317,-0.1612101278498732,1.69634305912454,-0.29957030774329685,1.3815135014858666,-0.005034914070414898,-0.036909271727192064,0.5680445566986253,0.29443070013928807,-0.46057971698357236,0.3965015825103827,0.18626920457101917,0.8815121973626114,0.3803829557655155,0.5631985327846821,-0.9263742044348555,1.2213768593517789,-0.10058582192774201,0.935874566444252,0.42302340548915485,0.04620672281954562,-0.2732791129760849,2.950217867105459,0.7167887433828155,-0.8912100198161875,0.49693153557257747,-0.21371802806434792,0.27493277244436454,1.3005907341763219,2.0390460784968827,1.2513757947579238,-0.22396347911507095,0.6687687242663469,0.9050265790045912,0.9913292721416882,-0.23097256194200416,1.68220562555016,-1.9384664306418657,0.6427720741793261,-0.921369311288406,-0.05402155127024825,1.5017019928531363,1.2199487493494154,0.49896434332053385,-0.6387503685196938,-0.23729962708226213,1.3371284532836394,-0.13484163674500144,2.229676096870995,1.0513438662708947,2.2094395154820683,-1.3247833603897043,1.2941824939817603,1.529288890109319,2.080337294609114,-0.22339825437743072,0.0581441949939836,0.9540599656282363,-0.1911013341746391,-1.5578098020397333,0.2898710526382997,1.2115752045463875,0.4000400790305181,-1.261055450071862,-0.5868721588353032,-1.6584766779832751,-0.42533674914312225,-1.9934228624879713,-2.330294599958875,-2.5509123636842137,-0.6296440928897393,0.7283824056432547,-2.698033333163157,0.708335095728524,-2.2088816629173578,0.14493792072325873,-0.08040822366016258,0.03150444705314703,0.20774900519131076,-0.7545854760263341,1.3726518574879818,-0.26212934142667965,-0.1434003613590915,0.8951850937993309,-0.07148212067247539
-2.68785346188758e-16,-0.6441795975392273,0.6163198685186988,-0.9698450314481948,-0.5511633779395463,0.1633017405849373,-0.20572681349076746,1.9468808998426181,1.3525268720045436,-1.2239756603365446,-1.0994149325968348,1.6328761070293192,-0.21218091934466904,-1.4306819461038354,1.1956576454435592,-1.1757899420286175,-0.20993598411203818,-1.1643446612312331,-1.8159746900166103,0.4647276556644354,1.1570440141654206,-0.32649590947681995,0.06924022283497092,-0.6326448300406667,-0.45895259215863715,-0.036515859207838466,0.023434607694777454,-0.18195272198824566,-0.1628852970889415,1.3894848556179356,1.7159262703208082,-0.8429946386015331,0.27208374901448945,2.668477492568165,-0.4789046917998513,0.6356204688387883,-1.9294095304116448,0.044800459176228324,0.5035739874150431,-2.3561463811783234,1.1313531690907823,0.7011126601896843,0.12567548719092364,0.04955881288113957,-0.20618029537708127,-0.14621358234814874,-1.0183469144598147,0.7331803405925035,1.508864331969432,-0.013331528979750637,-0.8461597939819043,-0.8640210236240324,-0.8538119597105059,0.9195060756690803,0.10132724099822914,0.2819538828225894,-1.1944539816089519,0.009189850790186999,-0.6733453465142691,-0.8856720473350642,0.07325455535396969,-0.3648524569027218,1.7584626491987227,-0.4489200511523571,1.5442354513222918,1.9873325384003115,2.352273234098731,1.3130715084626687,-0.8893582233337979,-0.19297850209746467,0.8098791481189529,-0.022747577253021206,-0.18349633319425374,1.4084216147797757,0.07220786237291743,-0.6332638040202991,-0.42372559156366135,1.2001132832407277,0.3088904423745496,-0.4362992714332922,-1.4654597223048471,-0.42016565865769817,0.1997549566522909,-0.6925493668906486,0.7148867303675724,0.20723229141376445,-1.481744204752753,0.5665173273309403,1.102614389669299,-0.3751350920092976,1.2014321908190668,-1.083213547306539,0.47969123372369676,0.5938175772246571
-2.68785346188758e-16,0.5764745467173603,1.7382333232712919,-1.0723244731539718,0.5010717312101314,-3.1325923919761816,1.127447502886899,-1.8329052593863029,0.20791204452526568,-0.06421836032338149,0.4417088283239978,2.3823117685764554,0.3653935788296727,-0.27217971374302297,0.13699091312438172,0.15728827411060298,-0.9284089462170155,-2.2861490872234147,-2.423261441706928,-3.046226687498786,1.1510862385114369,-0.09480126862075311,-4.6858463659566105,-1.8747463159624917,-1.9782319921628337,-1.6104048035817955,-1.8913358967828433,-0.10414985340839736,3.217020655913229,0.6441008947097513,0.8737661439461408,-1.0489138775566098,-0.6935095481166617,0.08275562492853628,-0.048509477212437896,-3.080677796019266,-3.2916483560707928,-0.769573998563376,-0.46580467552661947,-0.03553495977158494,1.3668687668224369,-2.0501341704992426,-2.354834009975292,-0.62825400488681,0.3371483439842866,-0.3321874967722569,2.106149384778213,1.979707489881707,-0.6258057183638133,0.6319696294879343,1.2717999559503954,-2.879046593880974,-0.7171305343439848,-0.6443639720227601,-1.194273943541118,1.4854572795235614,-0.45822071555060323,-0.4520836291348844,-0.9258555921661261,0.6993699520382208,-0.9457912968263279,1.9299434165331524,-0.4465805311922324,0.16096136171458197,-0.8284181224380494,1.1372979539276278,-0.19407175820359113,-0.44823970907019983,-1.4819580834326267,0.9549375327794754,0.3969257872587686,-0.2922792883091112,1.9731606462183189,-1.4684034696193786,0.5993083437306546,-1.1054241589670037,-1.2937326086933651,-2.1932392529702387,-0.9352881936278774,0.6322888543169304,0.18116358942480132,0.3303632886235298,0.4614088446039733,-1.214004753526532,-0.23025428137709258,0.4605809331211153,-0.9978677345547167,0.09485140935374219,-0.41528609525519133,1.1598112697631593,0.31981195899821113,-0.8311604865979251,-2.592391564057218,-1.5537331625689763
-2.68785346188758e-16,-1.227052736837652,0.4168920371171737,-0.5571341887827976,1.1743513653689286,-0.4445152077733048,1.336897687684012,-0.8164879717931757,-0.6340543025060977,1.1657753783257432,-0.13150659269569842,-1.6134378841674635,1.420708486255062,0.282944471598532,2.1736682627972503,-0.5371604736581218,0.08681425885801453,-0.5778033128110845,-1.2136308537768974,-2.1749219621064015,-0.4135641028945168,0.9352906433661439,-1.030484673848794,0.5429136558947175,-0.4739462459303443,0.0856103365034136,1.378693935745616,0.08674184259990522,0.9981484774178813,-2.216791829340197,0.32101658004934674,0.9495139117860634,0.05587139723979895,1.1400977161547319,0.758844774305697,1.2259766970893269,-1.0540415992033734,1.020113627760652,0.6815389694752712,0.21072758447023657,0.33805314486951915,-1.0473228664428906,-0.9244438082613511,-1.1508422259773883,0.2561026031363032,-0.4194944935258992,1.3608570902114747,-0.20641100330956627,-0.9522357955678055,-0.1614111372076425,1.0027303738486268,-0.8197560247654374,0.417934649126732,0.7649740272845202,-0.6568362402087018,0.7633882074918288,-0.9624081206598799,-0.525382072648514,-0.017097962662997346,0.6222228733543692,-0.33502840480119395,0.07516842427647918,1.4110151018171726,-1.8241677369067537,-1.8567777864607384,1.3985407592341594,-0.6108932789615834,1.338768502212442,0.2873157499110308,0.07674134816639967,1.5339380325028107,0.40764635782526026,1.5703669685788921,-1.2971823296881544,0.7198156188945235,0.4271847893725429,1.02426992165408,-0.04481533230138067,0.2158352464104374,0.4628551006578334,1.279676884002276,0.4367595009408563,-0.22959443400598376,0.5234775745319927,-1.4098219608051084,-0.16553713931220498,-0.47808626614234484,0.7226301325508564,-0.5567235980778553,0.3460461435804268,-1.8068044936876344,0.9608080672534589,-0.613314178774241,0.17677273909429064
-2.68785346188758e-16,0.20405025695597567,1.8498574195982787,-0.500721993748422,1.5239589719952717,1.2577855750018185,0.08620466791270848,1.7922550437216824,2.4299592339839835,-0.990089962033393,-0.3489394513899453,1.8775548917358313,0.5039934435198123,-0.9626618965658611,1.1291845145946489,0.26756336357686866,-1.6931836172513806,-1.0649470250935034,-2.560209431294602,-1.5870093081564707,-0.5421927246504357,-1.3807784645781433,-1.0226224261647285,-0.6550303539003763,-1.4466391752604535,-0.9867900971573158,-0.6586767582394146,0.45989537990155643,2.797318109908436,-1.0729226870146766,-0.31328359394031846,0.8737030009932272,-0.06060086589263283,1.6219251229283456,-0.03202620715494192,-2.3580353502766975,-0.9332288781777234,-0.37588221180486503,1.4385711959696827,-0.3044608761326295,1.2905157386235178,-1.587196183477076,-1.895484949567332,-2.08244285521781,0.3112369702222376,1.592399884841951,1.964133091522349,1.4428538835126083,-0.8259063031006997,0.5960349249372328,0.47763952960944134,-1.849380701409533,-0.04241936808251695,0.8977308940686083,0.38432465021976703,1.8583303530965405,-1.721647334717936,1.926939752877073,2.3811470715937575,2.823245510702146,-0.9246696367915496,1.2721889176748706,0.9876605715995247,2.4753818917435204,-0.9077415400634432,1.933813910866406,1.041361835662484,2.064765178302271,-0.45643783445784736,0.5644881498048063,2.0575800452022612,2.0854163401038917,1.1754670591688088,-1.001468736360547,-0.4428216488326435,0.1802215708154135,-1.7785120861334136,-1.2044734693443944,-1.9754300450887083,-0.11495538931741936,2.9516779872413976,-1.7014877192982094,0.784396547542149,-3.3550467758986255,-1.3777772508252746,0.015530594478488645,-0.04129524301691767,-0.010482363355672906,0.7495909150875192,1.2440422317427724,-0.2248515441562045,-0.5151526705011111,-1.4192332406205006,-1.3474009551048987
-2.68785346188758e-16,-1.5190584737779387,1.694691774122803,-1.5671584352037993,0.2108832041185431,-0.8692113734926445,-0.7048766653934961,2.0945656575257665,0.2511271668120241,0.04220844996521095,-0.3354884556069775,-0.888606415664928,0.6952565235259187,-1.5875425069949274,3.211270810656075,0.294885811592249,-0.7408262540540328,0.22811821229020957,0.8455288996350652,-1.812433950514604,-0.6472306489043322,-0.8295634559154729,-1.0122951512598464,1.2173485476916872,-1.454804970480028,-1.1971342027499117,-2.1490937215506447,0.1356548628936137,2.9749843727371084,1.3043451336342455,0.281874093849493,-1.1970993951642608,0.7819276892661804,0.024486376797004494,1.6829806847057631,0.47684119290395777,-0.4912101250927581,-0.1790329736597812,1.2435911094547722,-1.715598524384992,1.3473811599083592,1.035361801281901,-1.438792004038787,-0.09208408590323242,1.604995983083589,0.964701921768272,1.12278556550417,0.1689087822146842,0.6912855504679116,0.783279431541845,-0.487233880255659,-0.9001649023206,-0.2817826674409808,-0.765189093482073,-0.1656610655712263,-1.400754008804935,-0.6465964867651197,0.8014055831247449,-1.0126364439237283,0.8457106325395318,-0.1227836761034075,0.6588814016852057,0.13786225965460439,0.883513611475751,1.1669470376166529,1.0152795897582294,0.09892692153092275,1.9320628220563747,1.4406672472962252,-0.41024419061986417,0.042265567301218485,1.324627076265086,1.0877335326514543,-0.3644066657431283,0.7118129474357209,0.04005049543642243,-1.484151940500296,1.1087915918017677,0.15028810519280886,-1.0535824610327855,-0.0596597086302556,0.3841430897777857,-0.3036166811453787,1.0090630134500302,0.7660658222937805,0.5093060933753903,-0.33905230415652055,-0.04184735695231392,-0.8280466548077359,-1.405579439560174,-0.3908100298986123,-1.2729810007335736,-1.4433968058355633,1.14706100661842
-2.68785346188758e-16,-1.2010780892523885,1.2643333511027455,-0.8356727174900644,-1.3635015430700705,2.980184436104608,0.6202143786614736,-0.2783099467512254,2.94043370324122,0.9498348830885176,0.8728487005865947,1.3912123168442758,0.2653459258020262,-0.32290184873723454,-0.3293283997245383,1.073224211547109,-0.8614747824024855,0.19390360963485032,-2.054837969652439,-1.578303652846031,0.39611857520290994,-0.8267933550914488,-0.3496335431458187,0.5678924293975184,-0.9836106938212987,-1.6414451202248643,-0.3629187705637787,-1.2203592732618525,0.2406979916940697,1.3490404312021287,1.8568679957063914,1.1599629695919091,0.8517783082692423,0.027986389830189307,-0.006324727568134181,0.9363527861781674,-0.6034433866225349,-1.1014184454758185,0.5606694816132138,-1.4174979977965845,0.5965411734263444,0.5302374219789258,-0.31077378846931336,0.9358234250884814,1.0075132793092392,1.4127371686837553,0.02459203310064617,1.5837800897136762,-1.1156729480280734,0.7730191774605266,1.1265428008976082,-0.06040302317065249,-0.8632741903799792,0.15068744904657383,-0.045648230739043165,-0.1591705417397966,-1.446091467773879,-1.90455773249366,-1.0786920695574342,-1.043203049393625,-0.4593950704354388,-1.7186925273008864,0.4543033820447288,-2.29137030927768,1.7998446179529182,0.19731104824942364,0.9039369060806983,1.09009612895031,-0.2223888419509281,-0.04425930803354114,-0.4939415118035627,1.3441938255221682,0.4178109898978534,-0.2665040078205389,0.29372222062043524,-0.14823672020979362,-0.2907024936822854,-2.5048107746774386,-0.4022960703313804,1.6564938352325513,1.0000967883507001,-1.8301810379995933,-0.38776690872368014,-0.9178472358023237,0.2793419038309168,-0.11314106379297631,-0.6858031090618452,-0.11779891342644307,-1.3581745768411788,-1.206987868871726,1.2465268362231172,-1.807094156826023,1.3833779456621311,-0.9058289845459657
-2.68785346188758e-16,-0.8612294385588495,-0.6331286658083672,0.88283262238698,1.982643662392575,-0.6030559317844202,-0.4475450877739475,-2.5255774670023254,-0.20778068886195478,-0.7942988255259913,-0.1055685769991928,-0.37427555709843224,0.8309813662233054,0.6958666474538135,-1.3248130811083514,0.8695830976727535,0.46526323335490893,1.9216057565928488,1.1463147105425506,0.1293366017553228,-0.724443545953443,-0.4841251149426322,0.3106687282014928,0.9859148496281285,-0.10389763719295086,-0.9120570734977642,-0.5601067431302992,-1.024247762056339,-0.6835420600760086,-1.7982904900223144,0.5123517501722779,0.5679099287833638,0.9144680897932294,-0.05541727510993377,1.9036325152566247,-0.056051407218643455,-0.39440765925778065,2.76740475949977,2.094746176647955,1.3664690880911157,-0.7333955672069954,-1.8432950145560356,-0.7936824142130519,1.4863909150639547,0.6209967721629096,1.2611063247063357,0.7742418982443904,-0.08858020858980857,-1.9096168202546817,-0.4138012146713209,-1.3973278825076683,0.531660821000821,-0.6655226008971866,0.5136585968355809,1.3507212184178854,0.02167240009771365,-1.5902518151996967,0.7058300377995509,0.19468448633700705,-0.11415546479226588,-1.1044790495783685,1.4747255553063785,1.326325062175687,1.2828197167477149,0.3069204829759047,-1.3455365914743793,-1.5774033799635045,-1.352555078714766,-0.6921311639000854,-0.10784909883677893,-0.4103897534524027,0.24375872654330638,0.14442310917103132,-0.6745161273963689,-0.5242419322789884,0.9170047760235738,-1.990934018083427,-0.42316216800884576,-0.34995723261119305,-0.8202694631800338,0.9121076777862138,-0.25489747111693684,-0.37418825045069065,-0.05453165428677298,-0.24298992103237732,-0.03853702500874126,2.1052997555039936,0.1689406683761174,-0.5068164010453231,-0.8704061141547467,-0.18874795619304185,-1.3635337090864272,-0.7776928322063581,-1.1802454832292155
-2.68785346188758e-16,0.2610004969072447,0.9964586598732,-1.1886978456535235,-1.8539241451046862,-1.7717780992094245,0.10604696595772811,-0.609612191790049,-0.22220366471089192,-0.5866698535783772,0.0937827994420435,0.5292430601734377,1.449653861420306,-2.168771261364986,0.7824934013235463,0.28091606142927233,-0.7342662431565812,-1.210513640389098,-1.4642889754726327,-1.8647917514858001,-0.05126252610768191,0.1492431239386497,-2.895802102463818,0.13343511395460017,-1.4681411265932471,-1.4938825184603979,-1.5264100565826313,-0.2919356517456374,3.4537235121416296,2.7449828518209722,2.954111934765539,-1.370025750090686,-0.1461787944385965,2.785840845393158,0.9953104425015531,-2.0414459451630163,-1.6757958577890968,-2.6352812660622003,0.7220312677207027,-1.315941476549534,2.384274549590423,1.1473723051511235,-1.007693422516144,1.4975836916776286,0.7431812862057596,0.708102399185568,1.609642230405599,1.4130682113727184,0.5050489386341257,-0.2973167431872215,2.2933657662280815,-1.8921871427636239,0.43919590443289397,0.6016233798237514,0.301622698781105,0.5836919018291862,-1.7048733524063289,-1.0559437572012698,-0.12805989234473403,0.20070230321677623,1.4221590217810514,-0.250511121977947,0.9222894863768649,0.015839273029241485,1.4936899443225244,2.074803941465692,1.8715684820663445,-0.21805533260894916,-0.0033947609445521554,-0.512805235175872,0.001534817152269552,0.4630537338279889,1.6844479344188534,-0.007070275320980979,0.03926895067793686,-1.0135238842736387,-0.9114038889363096,-1.713188048340397,-0.5103213518758299,-0.39474762352915255,-1.1207862901718033,-1.1727134125256908,-0.5442068549349733,-1.210546769593107,-0.1441691113354202,-0.02483524486580231,-0.1405658444206982,-0.7464940537018332,-0.03486653401062306,-1.432233639256081,-0.8651904396794287,-0.6696190003633071,-1.0495659728846658,-1.0962843607620316
-2.68785346188758e-16,-0.3146344445851902,-1.008149825832349,1.3535376347037769,0.8884040062287466,-0.052559308399957594,0.7920940250110685,0.31117818141316733,-0.611412008256523,0.7174825947266426,0.030116849404252348,-0.7877516872193788,-1.2606877631656557,0.2787881487096091,-0.6644685639093669,-0.5392041163099602,-0.5781977982741774,-0.684481196537977,3.3394023113918214,0.3709133277309697,-0.531241040889071,-0.3713627694473197,0.6472445663500814,-0.03513557732113923,0.5961772200066363,0.33513080390196737,0.42077584290820624,-0.07535058036481782,-2.0633899414389854,-0.7054680292143796,0.046041220714201136,2.056318107660723,-0.6510507574241724,-0.7342869955622784,-0.9662218092853524,0.5817865088372977,2.2255210981064595,1.8532274931427444,0.28933068859439925,-0.7302752715384462,-0.2802879420055451,-0.3100238771324504,0.5429550470618939,0.5546515310298711,0.3626359036737099,0.6049281041805117,1.2029116965843847,0.06408747023224626,-1.2122447015018014,1.0391487417693077,-0.8484638479485672,-0.48523840066249435,-0.08651083819434101,1.2939044403351836,-0.9653797883529818,-0.03226174678506821,0.25476880851925454,0.4879706181909755,-0.8225839468624377,-0.7532437728647756,-0.2635898668622281,1.4116619835556277,-0.2713856590021342,-0.03564774599990521,-3.025469102433167,0.340353399999587,-0.6454470065053773,-1.6946522044113914,-0.9537953503946996,0.5327976893359776,-0.42845058958820226,-0.8039702054405837,-0.2836389616484595,0.5374724569286885,-0.6435934118444742,-0.11852162789430493,-0.29089800196216303,-0.03244170329834023,-1.174522710281007,1.0778503341700754,0.5072627467710037,-1.1976560975096202,0.6783401539164117,0.6794516223849348,1.6317442106255509,0.06814298992687338,-0.3118043489929871,-0.4688830385598467,0.06284118588125592,0.059689358638738366,-1.2152130480802832,0.16792266050123433,-0.5769178162887038,-1.3858801038428483
-2.68785346188758e-16,0.43646490820146594,0.7067161159263746,-1.5631791664029957,-0.5870544786732326,-0.24353100181269827,-0.017598730960583526,0.48343675095069194,1.0117943040608612,0.46685481062225376,0.48990197504219024,1.107164109801475,2.303245216020927,-2.033566680439616,2.8638800718203963,-0.4122355126081524,-1.2264469393615252,0.3691726254711083,-1.453492992130177,-2.525635011650368,0.2808184464020138,-0.34404925546703824,-3.432719894018749,-0.589990044237333,-1.1057427222999539,-1.8081452393546007,-0.7828530328333343,0.2849251074771363,3.0314020835112006,1.529586394132611,2.3981307722739733,-1.2213436094526227,-0.2640146771476707,1.0377073919638544,1.914777946270848,-0.8532771325812661,-2.6365800841144935,-2.8413672779774326,1.02324221940777,-1.4916861256359,2.39133787772085,1.6981985190665405,-1.1828908872951192,-0.2586627405948134,0.3534662845653036,1.9692825996968415,2.2212570301330454,1.9537426581055277,-0.3660837577510972,-0.05251198077919109,-1.045742074585277,-0.8346532472904469,0.5150765379462751,-0.46489950272984437,1.2100851768386902,1.0173977503296407,0.3303379740830554,-0.7234682954381504,-0.9978905228086861,-0.4057460052641739,2.7928358937754294,0.7961435126514459,0.7063662003503687,1.2418260213385703,1.017234406913097,1.2996300535368248,0.9742725594991647,1.2427207866718584,0.7271431193999364,-1.2293775429527116,0.11152540054598738,0.8954229340913261,1.0345828845242084,-1.3491506554285553,-0.1801766899026016,0.730893240667918,-0.036202177473367014,0.47141478060108766,0.24631531934440323,-0.5842363750651997,-0.39389686408523605,-0.918746125454351,-0.2749962969373062,-0.022106516594634446,-0.3168447014465867,0.31395325311035577,-1.428683620187595,-0.6717513824504516,-0.39542930962713774,-0.39225479178750466,-0.15094968214063093,-0.5733665648597228,-0.38543839047677925,0.16184934251350813
-2.68785346188758e-16,-0.4096865320578563,2.027261657105609,-0.15133260906779356,-0.17055476879207046,0.39599887657231403,-0.40658789599822714,0.8574923735707636,2.3340997701632955,-0.2268159056575647,0.1500261988460409,2.9358266828810455,-0.34293930343469536,-1.3356522986084487,0.9865370797776679,0.6746157018265354,-1.1258224757171569,-1.4368002772671389,-1.7993810000442587,-1.3119418523082311,-0.37587805576088357,-0.3999656366035028,-1.783686029068248,-0.2392743197164533,-1.9517227626473757,0.7497472761721911,-0.9991428155934283,-0.38293446432293476,0.635499809764505,0.0034522919005210984,0.659105498290544,1.2842732228609606,1.1376757162383175,1.191249081715729,-0.2828627324571531,-2.2643613876363613,-1.1974800014676166,-0.7497843319537092,1.0475675500647827,-1.2568593632852039,0.627545536301175,0.0946861300926343,0.3009138695692861,-1.574876771335779,1.7087681283054996,1.537685894363913,1.2547580456701917,2.6525755087812284,-0.9707100065150982,-0.2654020582547747,2.4547964343385096,-1.725745874975904,1.0090464802106442,0.5937084849223825,-0.16312651351906904,0.7447731298441846,0.4006846335689307,-0.019809120132267627,-1.2019719481708746,0.026904503252280665,-1.3745115633730465,0.4894901684727755,0.3987339438470776,0.1858872729999561,0.3304593846072455,0.6894172737300358,0.5309109729592291,0.15111837053317967,-2.3887190325375918,0.07671619239135785,-0.36306988421513964,0.39771570006510093,-0.2039606307193106,-0.6711464447198837,-0.3686975859089271,-0.4847048307000571,-2.9922119458268477,-2.6982984127974605,-3.487997127833686,0.6102558944295863,0.00022196592549695096,-1.7971504458715586,0.16739772268495934,-4.52656732125552,-2.8295893332164876,0.04578531679210904,-1.984544886527643,0.09958021639665114,-1.3574565049548601,-1.816320083702473,0.5442795437780739,-1.301315722022458,2.4109852053192866,-0.6312200436526175
-2.68785346188758e-16,0.1315961944022284,0.8255576380929399,-1.9293991311076115,-1.5540272371827644,0.3482816789119316,0.4684847569020362,0.49293898636109845,-0.4620534656019577,-0.5341215392239355,0.043996325813182115,-0.00323958151500231,1.0414387861744663,-0.9415901283595927,-1.6198493611900608,0.026903646695931992,-0.38721973248924424,-1.1527674799733487,0.21074628091419167,0.15169612471669416,0.24415757684873665,-1.6348215829548705,0.3772025976863646,1.1047893647486455,0.4197375296493131,-0.4390947479233193,-0.45671172245936,0.39617819598223114,1.3239956892990385,0.029103249324306413,3.341459753541889,-0.5566844303372289,0.8879953014108932,0.2737152882925793,0.6674147806102683,1.4516848747128603,1.6333158852366858,-2.00706761848073,-1.23527675358115,-0.002265440182400824,1.0163404373228004,0.12132391377925922,-0.6659154039719583,-3.1090784958926383,-1.4076048912643726,0.8556456688473635,-0.3373114929657829,-0.47332830539393767,-0.19307137210273512,-0.056402524986054726,-1.153429910744621,0.7850823650400519,1.1885396634962362,0.7155234012150448,-0.4515468251719017,-1.250750744636792,-1.8514864570365033,0.4274012172666294,-0.28083492668929344,-0.45836220148820633,-0.10659955214428835,-0.6637316235174766,0.2307858022003232,-2.0476058027985324,2.321780200004076,1.2514217725477215,-0.41838341923193656,1.1197735800159263,0.11384255281398037,1.244611257314739,0.6497231535027796,1.0834689389174468,-0.7881962589600103,-0.8200835300582583,0.3321429947453216,-0.7829979608322696,-0.1591700615428273,-0.6370607142963207,1.2942343016592586,-0.8617428434771295,-1.5461663266726804,0.7787237039173153,0.04577468844902406,1.7894206087423004,0.250077250052244,-8.436945385976977e-07,0.04735869533852041,-0.6359033232165369,0.7714549285935878,-0.282730872317414,0.1745704446384233,0.20691109219175655,-1.2666913893080936,2.279104589619601
-2.68785346188758e-16,-0.07438187897585687,1.6898263112047722,-0.9329913434457744,-0.5301169283684477,0.12306906212931878,-1.2244249877378772,-0.058101291981605796,2.0306637341117058,0.5218445598312457,-0.43736490073845596,1.5582862436975649,1.7443695418450238,-1.055992997546141,1.4184325829487785,-0.09505713994856783,-0.8539735374846888,-1.7803301886751435,-0.9360212343770027,-2.66599512424914,0.5383812351989995,-0.7583831094409383,-1.6407524083542373,1.1246765722534497,-2.4064784902492002,-1.3970856757939638,-1.1682204059176966,-0.48499520888230013,2.238351461885317,0.8347460403962397,2.028182984799913,-1.780038488289685,1.0818133419330096,2.254088156392486,1.1910148820161284,0.23616243593919473,-2.084258042864951,-2.5608583729824095,1.3175661749998813,-1.0075261877558446,1.2545119912573681,-1.0885486414416783,-0.8536329781363664,0.34832418187767444,1.5977997485685265,1.2169786398954698,2.229229932255953,2.91728452009576,0.5514489120547836,0.4773625700238608,2.159588648813789,-0.8926888913497756,-0.8250760367465557,0.37167090419478793,-0.7172926263628497,-0.5954353580360698,-1.7390294762341358,-0.1680279241758504,-0.6495567147318068,-0.04632902125774037,-0.5147950947203926,0.285942291789319,0.37091757822024707,-1.5141786427926287,1.1782964029685423,2.0006191656228522,2.4742421686333658,1.0218277949273267,0.7551016806947366,0.5723076924645408,-2.1273349034501083,1.532612444992214,0.36143026546110085,-0.24489196785737566,0.6187343887288838,0.36649857821208265,-0.7597511076599854,-1.9653557980896945,-0.09607121817021003,0.22121071813593185,-1.5062522280827562,-0.2675612583515515,0.06349132368092604,-1.882323133692874,0.05853960074569542,-0.10501846588054176,-1.7060773225351786,-1.4402336819373762,-0.05168194530239756,-0.5550861939022871,-0.25394515134859197,-1.6822065227457395,-2.0487617466107197,-0.31266699457572433
-2.68785346188758e-16,0.9951943890427039,-3.289209740418782,0.710803417676697,-0.3422893524621533,2.184560753155463,1.2175015017137176,0.7779924225095859,-1.7461648826982001,-0.7853532375390911,-0.4336527651558826,-0.6371219556565104,-1.676339539114806,2.1007877170091662,-1.348006962349141,-0.23351840039585683,1.4648535348963607,0.7118206670804861,3.332176834795953,-0.6119395222299607,0.2867087276302094,2.5749206146984505,0.10636915573903077,-1.5807978454305671,0.9196591749445384,-0.06697225464728696,0.2138799903139803,-1.9160768406770214,-3.0178944821614397,-2.9675514980901188,-1.3653953198194861,-0.8009287322719646,-3.119867028003868,1.2646725596489976,-6.297445434088603,-0.11117136097082134,-1.027405484247646,0.8344715474661901,-4.194783203770287,1.5684316304054637,0.4988006668682935,1.3302088876046279,1.5470436063803015,-1.2712309235183763,2.8691736947028152,-1.626423999016295,-0.4861655001828822,-0.11094885560087211,-1.9509776590106689,-0.42815535887847483,-1.101609380124449,-0.9352878479816698,0.4098446878997229,0.39329332154532237,-0.20192447061679672,1.0190479248502498,0.2923088733817145,1.813043575417537,2.129469422486091,3.2173646164296996,-1.2117473084033166,1.9799386191054111,1.5717914919191076,3.4483332965549165,-1.725245276434251,0.133814529225862,-1.4604335744570796,-0.027192912835440328,-0.42659950917093603,0.020040009988137944,1.1454716617367138,-1.5062054363324187,-1.7704981745481359,-0.9171495591307937,-0.5184552175225348,-2.175961067434973,0.9529166811342259,1.4571206285411322,0.27313566798857425,0.1014800486154841,1.9139697901436965,2.1414895080790286,0.07450142029950255,0.7093557803828378,0.3101336661624805,-0.11623796237490186,0.8046133059515258,-0.2922897209947843,-1.7483936806422486,2.305427910494208,2.5840677334054534,2.3364143431450413,1.440261003326604,0.19806849934093074
-2.68785346188758e-16,0.38873924804009874,2.4671181168103904,-1.440154039587257,0.9701092748479854,-0.231588197316141,0.5507995217566009,0.46395379865530184,1.3029913998855516,-1.479585259554206,0.8870449152800737,0.9258391784139716,0.7874321401459413,-1.811982969513864,1.5588663170609351,-0.18687381005921339,-1.4404078149862112,-1.4335860885301963,-1.7134978059721608,-1.149420614858134,0.050720745684562925,-0.27489071232235374,-1.9844110867890206,0.1866977244876353,-1.2141399646679074,-0.9169189441145917,0.28615666400993034,-0.24415340168932423,1.7256957202240615,0.00754251088572494,1.9165992287584879,-0.5995637403544647,0.6533039867359995,-0.42266626844712574,2.2105601362694363,-0.8968901986409177,-1.3933004007443919,-2.235490608553805,-0.3081241566038971,-0.29838583350225945,-0.42429855032865255,0.2675316793460889,-1.329086968111795,1.8338733185658151,-0.1524064728460891,1.1276688177907885,0.7894220666797028,2.427892017878016,0.5471812714288233,0.3575793529269939,0.2768857752041358,-1.4194325623817796,0.907542341190291,0.43811324024559467,-0.38923388491628486,-0.6186234279302905,-0.19074267214393406,-0.026150241981330535,2.2000737215241166,-1.8834049786936218,-0.06165294483264175,-2.523513168353209,1.8901851932106077,0.7015653273043538,-1.0533624837159699,0.867139546686351,1.249730031917897,0.9138782216291864,0.5952284793230703,0.7113664577001051,1.9360773904918052,1.1438723717303783,-0.004853362738829858,-0.9050284968593453,0.40318389295979573,-1.2326100255961747,-0.6852105719879473,-1.5066540599037863,-2.061808740687323,-1.5761163777803198,-0.5018448889814344,-1.224677394294759,-0.4102399830264917,0.2138548798384744,-0.7716028420555413,0.11064456446964054,-0.9694035287331757,0.06068396676720604,-2.080268024869907,-0.10580749360893571,-0.3044368249366801,-0.21487973267853577,-1.010871023091162,-1.2390177945154341
-2.68785346188758e-16,-1.5349543447758753,2.0488163267484114,-2.923427820622409,-1.1268761622978847,1.994222295959608,1.7180231669806136,1.3223640300409276,-1.0960528000244656,-0.4598155469800557,-0.8183958588122717,2.5114801449477406,-0.5350699706222461,-1.5810155205001626,-0.5898176555149096,0.5978116868802572,-0.3766196755811094,-2.090289450942454,-0.9126984672731748,0.5024273863787747,-0.3749479857707623,0.5728734743835486,-1.2872311559214675,1.6170276287574494,-0.8730328092890853,-1.9713769649413042,-0.6937743020406753,1.0733803440425531,0.9388504601207037,2.5251639280498543,2.375537987230626,-1.2603812901026985,1.3272961587342218,1.0643171130144937,1.7281559077519622,0.12116390636510543,-0.5317181563374328,-2.505493193801941,1.2264878946632936,-1.928882684145861,1.9713405192674016,1.4760556618863878,-0.6697634768546317,-0.9265499043053469,-1.336566273642989,1.4928934683416766,0.2464329596332478,1.6138768120186615,0.8516915006385788,-0.2754580122732291,-0.1192135706209565,1.4193713227170743,1.0417759709778112,-0.6694074852863859,0.2277663988427101,0.007905134901288302,0.9617598574419401,0.6298757099387036,0.24911225366871648,0.9544397298638247,-0.7609122941838842,-0.627402319197732,2.3244822466630213,0.8047711207559154,2.41940963537411,1.7453931664864473,0.860417137783518,0.9989529587543815,-0.2597110456881897,-0.7543453863510734,0.13687499429477307,1.0100652386706503,1.0538686791920475,1.1961744274904418,-0.9791384489107072,-1.3843036994125402,-0.28635769095721825,0.31034595299629053,0.6513117692873027,-1.2232252410825704,-0.6537457246528295,-1.2151314944940017,-0.16769598813798564,0.07508677756786847,-0.8728304883531246,0.570162007239824,-1.056031908916407,0.5632605343941532,0.31374016650536873,-1.3993550884537376,0.28863923087318516,-1.4156555177987662,-0.3929074951240049,1.3040595277771176
-2.68785346188758e-16,0.7328599606110374,1.7460391968065796,-0.9401225821647335,-1.13515863362091,-2.823617803604531,2.343936781916848,2.170467764476572,1.9253595394544027,0.4923694399671507,1.5102143266872792,2.1929129298575054,1.4850144475166118,-1.8894209753955304,3.3966450394470544,0.03469380314222286,-1.8309965447004888,-2.0074782010585586,-2.375678381343066,-2.6454252451582794,-0.9662850196551868,-1.9563497868568758,-3.625336554816468,-0.654303889915967,-2.3754790492722027,-2.261472243271007,-1.3179801949374967,0.6601958867008046,4.552181072649856,1.7621219818904916,-0.37041212605382134,-3.0939078298369123,-1.024105721143829,2.1137218425472604,-1.4208634918934386,-1.5150628129593222,-2.9506404942140283,-2.5086373912653004,-0.8870257356123505,0.2997809457850489,1.2736484639796326,0.08641749105469494,-0.31276183118626344,-0.6404123448781585,1.0769633004998203,1.6858277799837493,2.181079270577083,1.655195199422458,0.3709059442482972,1.0514675395384818,1.9997268589789539,-2.4930541437233744,1.2325544197637432,0.5150732186515662,0.30775967445156677,1.982389258169358,0.659734968532495,2.1070131205711014,0.17435413939309646,2.9190733120496444,-2.323999900018675,0.6380994678898433,0.5003907113787445,2.7762079932295043,0.02316096022391967,1.5215964827257118,1.451445614438037,1.8399117350628913,-0.22145152123700063,-0.6037218817366745,2.8940299852331552,1.3108152956694645,1.8840732224494687,-0.8167559751418446,0.08978954699141445,-0.5050550261081239,-2.9425899168578633,-0.13807334338686064,-1.8767301592140688,-1.6363315908322849,0.5323865049144599,-2.555558337678277,0.30925243298771427,-1.7705952660747848,-0.6238186179416252,-0.14186010383757533,-0.15782410435798333,-0.4252637524647896,-1.4634561148882927,-0.2257015865111102,-0.24102975596330356,-1.1893058911767889,-0.3810297910688879,-0.5941553668652737
-2.68785346188758e-16,-0.29398236843696346,-0.4508607786997698,0.6153360065231548,0.22388326560699667,2.470291776068922,0.8102014149832809,-0.5908456931706862,-2.1513349254538623,-0.002911177745703054,0.000684284634607619,-0.12162843312436494,0.6523303362958389,0.9357386670018836,1.5283326453293937,1.888996312819453,-0.07896126700678413,0.9161117797286605,0.08277733008037685,0.5771575081504172,-0.13187860030507348,1.4700763670572372,0.294373660210431,-0.12509149017052884,1.1089287369032028,0.9411045155404588,1.3682255435026804,-0.11839588010540034,-0.2646916597181913,-0.25524960405768765,-0.21340333969965944,0.3990982917900893,1.1163831318092419,0.4243879379320622,-0.619004941064109,0.21291400458923276,-1.2270474555557214,0.6880201626758545,1.0801873291268822,0.7207661222105965,1.3323095953092627,0.5237189808642381,0.9624175440170291,0.5858989421809329,-0.7106035958724919,-0.14898762296866233,0.07705117535336559,-0.18642533721735344,1.140704372676604,-1.3468852005054133,2.0469044113604777,1.134767173315144,0.31787053069584986,-0.34947233037906206,1.257835490296368,0.115496732950093,1.3073396180047465,-1.0340181748769641,0.430853453909463,-0.23948620201442888,-0.8283575243046211,-1.7717350370657183,0.0718858609898674,-0.703602447739058,-0.8027080447328561,-0.72007418006049,0.04006291332099328,0.6625924007406819,0.15601805329930618,-0.16255306762742963,-0.8900115932732584,-0.9311161830100211,-0.5997566257173561,-0.08038170294221186,-0.47611190598821757,0.014096216333698508,2.3885645209233433,-0.651192866749067,0.33326233928876214,-0.2207954449841984,2.154742706035968,1.769478889990404,0.08930346700055136,0.02554786596623493,-0.029475045596739857,0.3513559216512114,0.18009872218396278,0.1776175357657855,1.5516143332521781,2.093187411371759,-0.7411896962394777,-0.1395042226920759,0.00825262268560012,2.0412085744106956
-2.68785346188758e-16,0.23045125080481121,1.7716029422198094,0.17497421497089594,0.28465480114394753,-3.129357496803477,-0.009926467762961374,-0.564799048270987,-0.6805310418351899,0.31808157983628244,-0.1795942647378597,1.5535178960591163,0.9581197765944814,-0.8152318140551883,2.4347049891270434,-0.7862062932317407,-1.324849537110135,-0.050124083288701105,-1.930028266155795,-1.542804915592505,0.5607494311677914,-0.34290354392515077,-2.435528910889193,-0.2847772332435897,-1.940376129766873,-1.3473279216750758,-0.6687220278436057,0.024029372322473055,2.5823576892477176,2.330209805182526,-0.17289646225200006,-1.4112360987739994,0.4060106900170153,2.5995696695622623,0.0035168475992286563,-0.11967547291972247,-3.1723730539615764,-0.5347835456420053,0.9969697151756927,0.7418560886675214,1.7262165816342372,-0.9964729842208352,-1.978876822549869,-1.4103468648670052,1.166037379964971,2.777720995108624,2.3131346570042326,2.4832224661814943,0.2611189032666112,1.763818256273112,2.52584924251925,-2.696322289010655,0.3435461202176792,-1.5739491633287155,-0.8551430867753859,0.813302730654687,-0.07474940699916659,1.1375230838445114,-0.3549611307959584,1.5252057370403924,-1.6327214915421475,0.12655317467437832,1.4599490449020596,0.48377256000266594,0.9257111645377585,2.459200631404088,2.22701405318073,0.49488120411171854,-0.4724507928186314,-0.3408974487179893,0.17369464414522157,0.14293205278834364,0.802233261627314,-2.281529057760579,-1.2018775928666792,0.8259147696608458,-0.7330745551169533,0.4941696289479096,-1.6683756175519007,1.0447037848045395,0.9417075992746715,-0.35236357150350606,-0.20460302159152255,-1.8221739030554378,0.7827950000931354,-0.36339575457480006,-2.116164587151736,0.4704366849169329,-0.5323009980224358,-0.4275739202071849,-0.3804879442643551,-1.3044897091938243,-0.2292470688130025,-0.2700153472585908
-2.68785346188758e-16,0.33777672080992044,-0.039553517760529094,-0.5948584365678639,-1.8475319133547554,-0.4014266228331559,0.6411677685188873,0.23542346167254996,-1.2354716959117626,0.13703219225364904,-0.659165657459025,-0.6556097158301392,0.9101100165559999,-0.5371582514673454,-0.31362456476334255,-0.7457278616717429,-0.3704828857910094,-0.1212659711415709,-0.04378312367324427,0.6923454242300472,0.1957607824804295,-0.20227074292719005,0.797599510595901,0.13317942800967408,0.6439663004615798,0.38505540683749306,0.1985854246955847,1.0859000390647877,2.180971731922314,2.5202290514805723,0.5070383391838161,-1.036895863163322,0.2842476332372766,1.2135381528628526,-0.4834231112294697,1.771867343160325,0.782797884148674,-2.1655221088082968,0.41940873146909896,-0.6063096791871786,0.6997926801117682,1.7012630461431053,-0.8910447314789646,-0.2686333475530833,-1.413051928968793,-1.1547969567786198,-0.13006463425990378,1.6440480233476642,1.6173553944137338,-0.991861611446761,0.6914211270595736,1.192335265736958,0.022085482829190515,-0.7718616113471772,-1.2993710760820314,-1.9429487961167702,-0.06057387828640418,0.4883919474554854,-2.8691525297689116,-1.3395886717068612,2.203968245466798,-0.19619106191561642,0.733030569168453,-0.12036253289245043,1.124778837486156,0.7404462447342121,0.32972064656889327,-0.8142592508812853,0.6373035562856753,-0.056632127167216835,0.5159068136848691,1.3528688909776896,-1.3002087795553046,0.13980140400120925,-0.6604820836058906,-0.4807636463443954,1.6079580526679056,0.1526583219153192,0.7072176960544102,-1.4762740432003647,-0.6372962920786626,-0.7756969682975139,0.041850589116043294,1.6188522809601258,-2.0328442903617585,-0.018441837921117737,0.10573790028228051,0.26165266823654953,0.1644386632949307,-1.6558532476514236,-1.8581288649090033,1.543119392442001,0.8352567454683146,0.7702250544053109
-2.68785346188758e-16,-0.8357756642921395,1.730501400316174,0.5928746668727225,2.102504397683753,-0.4881295511471708,0.35518029664086487,-0.30536606752471895,-1.65194768425589,0.45395452321459046,0.6013350773047657,-1.1128400083251835,1.077236252125042,-0.1046640524693364,-0.6722756567437469,-0.41214051642255944,-0.8673596482022995,-0.9104677574418709,-1.411834304163357,-1.0974920054653832,-1.2172705346678747,0.9099788610563305,-0.8547739514912587,-1.3058668892648535,-0.18207054954955237,-1.7449863931441545,-1.3473260402494878,-0.33134482293492096,-0.06505034864421755,-0.023187450749132466,-0.06590612762162311,0.44007119496891944,0.7497282290364555,1.5285189115855216,-0.8165995193539743,-0.5653409299602143,-2.268376385601033,0.37301692267357806,1.1818555536730901,0.02720632607788502,-0.07396771114543332,-0.08324230309255537,-0.5632803197979492,1.6127901363058021,-0.12247829952282174,0.23619111107999768,1.3924189219409053,0.48544186359458885,0.05467635513096061,0.7103667830208353,1.5124890993296005,-1.7120802714804522,0.31773119462288624,-1.1396426167005493,0.16114870795276184,1.094080704917185,0.12015102696015571,1.1678188525113213,0.4075127844767786,1.0522980214754147,-1.3497499088948508,0.7845381459855543,-0.06560063529460602,1.567872168470822,0.6218089267731937,1.1779124212554277,0.801080766720019,0.6053719050022683,-0.9424477779727983,-0.3306121643600698,1.4444604417803801,0.856514530727616,0.24487150672046176,-0.16272581896077276,0.46468672527989713,0.9435967580121561,-1.7868436534640093,-0.6527249296158426,0.644441152265236,-0.7054107187161884,1.2396153843570463,0.8633520293129096,-0.5256061678295995,0.14730241051152437,-0.5441877920427209,-0.20776738545655324,0.7372764187391231,0.09122129873419951,-0.32053319293268606,1.3225893429673303,-0.741559892287944,1.0307881455993537,-2.346721778916264,-1.561952750578858
-2.68785346188758e-16,0.8205236490564769,-0.5454985965772057,0.7489059204313785,1.8776646051310184,-2.6423366467233964,-0.8298671301091324,-2.497908882643724,0.7125473784818086,-0.42622833305979013,-0.12158711843071739,-0.02580747759423807,0.07058091776753214,1.2616419176666027,-2.969644089687478,-1.5814700250361378,0.29382849437976727,0.3100063476357281,-0.7430688705636309,-0.7813914382120434,-0.4503575792644682,-0.7502760913583575,-1.1916310444546392,-0.16296562333345752,0.22349076281847785,-0.5983328437969123,-0.5941803269465364,-0.3356938875510917,-0.40035821974025076,-0.10242438748376781,-0.11053404326638439,1.8495041474844924,0.47903563687347384,-2.0882344471795617,2.0788758753262337,0.2626270406574892,0.6176089638296438,0.6737899635652613,1.8945347612951804,0.22558337525424987,-1.8470968462904356,-1.557169200125493,0.08873345415552092,0.2505169109204507,0.974391425530454,-0.398169067890487,-0.8020268343090061,0.16218886358177936,-0.43331427600295536,0.5531654137544643,-2.2017393273285233,1.2169721085380085,-0.6216458272421219,0.08151223456258525,-0.07054220445542904,-0.35775376004297177,-0.5273614012962389,1.607163341174998,-1.1840059084542194,-0.5880915447769823,0.4841374348036927,0.05857236569092927,-1.7215035209998355,0.6459140553149981,-3.2145982451850275,-2.3385791752028124,-1.271408410952787,-2.8653231968126684,-0.9731768709787709,-0.6453772095396876,1.403831933607897,0.6096271948493955,-0.6467610615314964,-0.02719066152402272,0.6832473842688154,0.23895218929120887,-0.4745331143149678,-0.6163016633356426,-0.379876191200154,0.24012947500881346,-0.20255489119039938,-2.7096446048914453,-0.4229357847780405,0.9158858866890802,-0.2044683630091363,0.27658895200479455,1.410605609675147,-0.17293300290247698,0.1688266267033568,-2.339869377357185,-1.6494287994036656,0.33475555673132884,-0.009149830437411355,-2.1576470730130217
-2.68785346188758e-16,0.8916890833905492,-0.9287733053289049,0.57585294672641,-0.4254721277366406,-2.3058884261099406,-0.09381397969316038,0.8924865547612518,-0.4304271999844327,0.5491480947805261,-0.9056877043331846,-1.9695620135553233,-1.0345403925746215,1.032067002380463,-1.518003547159687,0.8211525494654538,1.769434189077455,0.20023422220113352,1.9047137675072043,-0.19380961951068043,0.4805914744233175,0.30438314079751894,1.7187980447990152,-1.0944111010909516,1.353157288015199,0.965098326957673,0.7345535879360515,-0.09535636417227208,-1.80254959658359,-1.2297371773204848,-2.1515925783547427,1.3663578545857957,-0.4555794288766916,-1.4690654027219257,-1.1414053125382706,1.1623438795382774,0.5499508209247957,0.7071693562013908,-0.7406887531370561,-0.6100890190808796,-0.3512505040262216,-1.4527225481830488,0.4647211075994473,-0.3876796932975379,-2.5176925085177997,-1.3260979448546115,-0.955839572923112,-0.447843906225335,0.39578304719927765,-0.028919506353018088,0.3721347881686914,2.555983444806129,0.751660986922613,0.5119693575306422,0.4386494265280159,-1.7692372498929212,0.5371627765379848,-1.3970360043788574,-0.6584569380815584,-0.8335235458990962,1.6655587467022075,-0.21257698277512216,-1.1968193479480742,-2.006299666767755,0.44485098068346174,-2.1946139969881786,-1.1571163950116319,-0.1395714892691955,-0.7574354647091608,0.32497543954174507,1.9052369920540722,0.05854027087378855,-0.2851876385517612,-0.4600219099613857,1.405313515387882,0.340078161347874,0.8500760092345847,-0.0720307142811854,0.13893356599047935,1.776085998253281,0.557642505577943,-0.7875581608819505,0.03520158227912782,0.734425986457354,0.9630264509642563,-0.6371246593249625,0.5131150819480278,-0.31000961532770493,-0.6236004921119248,0.9453439059314093,1.1340728768638166,-0.07689193064372815,0.7392184796773341,-0.08155566410262577
-2.68785346188758e-16,-0.33288848398502807,0.2651371901942101,0.9342890005179096,0.5846070366737618,-1.1304490942150616,-0.8026550702178047,0.42876087119881956,-0.9417803845098901,-0.4892087486185316,-0.25625863755676953,0.5162220201171493,0.7972319324771553,0.3430375987040058,-0.4629232443306622,0.9880702861851175,-0.11629125537378042,0.27317945466935467,-0.7989613730727697,-0.6085355547907174,0.295047852083813,0.6957901732829195,1.0836763218048495,-1.1192493713409264,-0.1315494372027904,-0.12581425977566094,0.7778037429289917,0.906458881988028,0.39311045145179946,-1.307881487493404,-0.5045287761130173,0.1166829183268524,0.5449221002675386,0.2902031384126285,0.16711787508269826,0.3402119470371407,1.6968539899848278,0.7212000787798449,1.276121984642975,0.07101340919921961,-1.7692547740505886,0.3188415789789515,-0.9386662789839356,-2.6058941652496976,0.6974221688797947,-1.5720165465404201,-0.13641132532113331,-0.3005471568120694,0.6491717954833564,0.40521016258268255,-0.058437469144713594,-0.6122443494171536,0.47157088547880005,-0.07440912420958168,0.7050310769152998,0.9832470138134561,-0.48535587539978114,-0.5171253112108989,1.6715047219832324,0.28013767311275317,-1.3447140231132195,0.46418942646186445,0.8557044676469353,0.6535564151820137,-0.043205939453286935,0.4763115409626048,-0.45868258414896534,-0.4467301764966526,0.24508805283836094,1.2594983911611326,1.048012928041914,0.3309476824531672,-1.19050028953829,-0.05921208912595488,-0.11701289350709579,-0.6586345179802608,0.833105272170013,-0.5946234032072015,-0.6388971092027099,1.5044291454572156,0.40155666720824856,0.04791252123737878,0.2885687174305181,0.03784375135826934,-0.37431311936610856,-0.4954290579785441,-0.6064708155754137,0.22272664411266654,0.25158881454038395,-1.2488920046956187,-0.21824239797755185,1.3600175077708592,-0.28978756899123503,-0.49930447319508786
-2.68785346188758e-16,-0.8262064887793245,-0.385150115243164,-0.9276596753643884,-0.5860624326864152,1.5473371234576967,-0.7072256287404296,0.6494508251148824,0.5894710324638013,-0.4376678841832916,-0.18482231145576825,2.153541624854269,0.01927350164852526,-0.12760361907723525,-0.242114569387599,0.3936706419375574,-0.6170533464084795,-1.277346508350341,1.412226106711249,-0.10388524411973532,0.2183495036521985,-1.4705208052586323,-0.08719868866168656,-0.3145305489055206,-0.658154964044265,-0.7692498318173228,-1.0464055266307928,0.3958433578955879,0.3370973872395149,1.3727864779528012,1.6330014461010984,2.4334726584626982,0.4749365067930761,2.6105497636760697,1.9397267585790616,1.9332575093999012,2.446742429412291,1.5722007310255677,1.0864023768910098,-0.9188783498881983,2.3452473167794086,1.480337688594334,0.18427938545310169,1.2478027951361337,0.662888274845526,1.7490411210809746,-0.9703097362804813,0.29470817676000416,0.46219136231161406,0.5255526061812592,1.7090021322668132,-1.6320672972395514,-0.45668520078013697,-0.3531352152500162,1.0867355561121879,-1.334781671557716,0.18670823261679553,-1.1759196138631214,0.3008561656472313,-1.0015652833263196,1.719026626857421,-0.6021594809211726,-2.8491051878273375,-0.7791062676179248,-0.38496819203566923,0.8306216832871409,0.6641874780142561,-0.027177620339335407,-0.7364345582638439,1.3221741477005748,-0.1551654904488654,0.959330152814611,0.7883345469087875,-0.6255029846234972,0.6804472423278229,-0.021481887433856373,-1.7522028084986132,-0.811359063627015,-1.2408214922979044,2.1360514491154143,-2.0684052683819147,-1.3987442942889423,-0.44339890041045793,-0.3084171015541103,-0.7055097876620294,0.07694961287680487,2.1352777355156474,0.2586754018867956,-1.098907685587837,-0.40512812275583976,0.3234462419811923,0.005473386410982828,-0.35462631781810305,-2.3258765764157134
-2.68785346188758e-16,-0.1798506229925392,0.6786445906367276,-1.194980963104555,-0.7954815083467554,-0.5984928495773757,-0.5967356787268012,0.6768498490032309,-0.14682705609080116,0.9699456520157138,0.1887849282206602,-0.3810925770513749,1.0746668729184086,-0.08246604228835763,-0.732191793523705,-0.1321594169507341,-0.8184028339490406,-0.1818882745740563,-0.6348569415829595,0.8246401826532542,-0.07948950274413473,-1.437663854570491,0.3143716887376782,0.09236194717231305,0.8921933129904165,-0.08423403529974038,-0.06752981190841478,-0.4753369183451484,-0.1094862657102762,0.8092194402018378,1.5364084209599473,-0.7793019246589517,0.30736101170942,-0.004009216643304114,-0.4284718040455683,2.5094605636623792,0.16300410495730921,-0.753237366296853,1.0403717637011232,-0.7644828703855141,0.5660156146440553,1.7530719904512613,-0.2970510196382918,0.239049187400917,-0.7727202972219801,0.31060083223170604,-0.26854741393818893,-1.1091939927896002,-0.962959773343099,-0.029087957045496535,-0.5825335372662392,0.34241806593828195,-0.39933101566780516,-0.1188642647955176,-1.4217887043940851,-0.7269256219061452,-0.2718285837091436,-0.5526807847923386,-1.3418676468846087,-0.8709358642242885,0.9988057607849242,-0.5092881052079192,1.617791990026858,-0.4034656872817968,1.526293430163285,1.040540399065721,1.6011073380568766,1.312944094070023,2.362138823074123,0.632662792119265,-0.9730498226313602,0.5540943161095984,0.1064066759876319,1.2535358438139972,0.29747822922408196,-1.347255434426951,0.8679654049993666,-0.7808918869516734,0.8069908687092595,1.4284112955489259,-1.490147163067936,2.1881743742836393,-0.5129471348140683,0.9741109478381165,-0.2870640402488604,-0.7085966416996348,0.7512115058570924,-0.03272014761827336,-1.0418352385431022,-0.6885532634178764,0.4591487297851467,-0.8633898863051087,1.001959324791953,2.382054418301041
-1.3046031469419848,0.8145703795751393,-0.16710631467073966,0.18418959700968068,1.3821803677525437,0.4936687377842939,-1.2458299809103566,0.5365535241943009,1.7403719262399515,-0.23285122737218855,2.1654584953362703,2.2422887343764306,0.3817051080963516,-2.0235471775844625,-0.25218665624893305,2.1690975838129605,-0.28699460877831795,0.5399267043929066,-0.18871463095754953,-0.11621036251887062,-0.48243765075781053,0.1881092852634062,-0.6300004588213732,-0.7681675062968036,-0.9667619481068189,-0.48946611040083965,-0.14242911607250552,2.3311932436004534,0.743776385357352,1.8759981597111466,1.8047791886274853,-0.16442899111329778,0.7426223996440373,-0.9417166458585778,-0.2000648768004929,0.1122644066856062,-0.5142225383189406,0.4303951969939409,0.214296326599031,-0.9734990325585655,0.6274356844138873,0.775510789264319,0.36686354470582877,0.10732610852840668,0.6793796291842453,0.15330791378012948,1.589694849510813,0.7029573717944801,-0.7668973123108653,1.3151504834333287,-0.21276261343901762,-0.11999822360871536,-1.6576658994672284,-2.219450013794377,-0.20603130714511497,-0.255403396467291,-0.3768967400422065,-0.10019139913764735,-2.64573396606835,-2.7279784653593437,2.616444183289415,0.30050056896625704,-1.6075595886049825,-0.7321650634292961,-1.0065608832842647,-1.720533028464992,-0.9862845671495521,-0.5169097446014289,-0.6826140454634765,1.1030864175655455,0.19823210979099115,-0.02643395626872741,0.7569465604387946,-0.09643515017802967,-0.9924224591949212,-0.2713327618124779,-0.5666118695580871,0.09506726831780815,-0.40194586501967566,-0.2241182267125088,-0.979367965250305,0.6647086532124198,0.6222029209611024,-1.2027955996409596,1.0580893728921397,0.5404931033724096,-0.5587011668502911,-1.9353210038903685,-0.30646276099893766,-1.336315597610453,0.4393692125535868,-0.583680276263077,-2.6050620596975302,-3.1713425368428507
2.9606592312046325,-3.292769129465742,-2.7968831437216473,0.9205985244817823,-1.2605210633413462,-1.5789130090102126,1.7817375986510149,-0.7572921144819905,0.46964841683956104,0.17765810996242806,1.5268049388567748,-0.6597551800880598,-1.333155707409584,1.3241287359678946,-1.1649149515449855,-1.4163890935562493,3.609831267497302,2.033928723779529,0.8729557512407002,1.4095570172591816,1.6012777502423394,0.19708712656202157,0.009430424292275474,-1.1979234930009475,0.5282027974142581,0.2095488913520875,0.08501255046681676,-1.7596834639027374,-0.1537383859671051,-4.359520790550029,-2.1874907175462877,-1.8466915779208741,-1.872924516758132,-1.443960593220583,-0.15735381464047904,-3.1815456238152375,-2.4709021311961004,0.4810932204670835,-1.6138255463360178,1.679889995353466,-2.97185350658696,-0.6334284385112378,0.4585291541500488,-0.1779005266159788,0.8888852532361893,0.408649703269672,-0.6575500814285564,-0.1980312770083399,0.06404864824706502,1.5559042963455536,-4.7860816677129945,1.4160426921159814,-0.532746037393768,0.25452911001453987,-0.04140694715764853,0.8567853532715888,0.12252631913989073,-0.116384447045801,0.8193748253202631,-1.450720846898849,-0.9744499572810792,0.31433306182133725,-0.7279560590485281,-1.8030498444415752,-3.2902333899277356,0.5423928305793188,-2.8493967605701416,-1.416163971469373,-2.457067637310501,-1.7735311916279373,-1.8587806366114166,-1.6866781959445918,0.9196572312047051,-0.26361855241905197,2.9450452940139336,0.8648283275022723,1.2777510744675724,1.4133276992802062,1.7959767244491323,-0.7264255121023084,0.6454997845081132,0.8862352074501845,1.3524298552753766,0.9587335133627695,1.5580125727291443,-0.7257059186052732,1.267717595555359,0.09988269938323666,0.9704821284374775,0.4066667491166078,0.9755881324831079,-0.3531501249309108,1.1463406354705672,0.06946075722316589
-1.9091060524741272,3.1522858050828066,-0.004561165514786368,-0.04144050592990706,-1.1975529654378332,0.2829924418589933,-2.7363023262167703,1.2640711222211958,-1.0773548960085932,-2.1019487896833984,0.15874040054584027,1.0072855248652184,2.833640080069074,-1.3786243203572732,0.013124200265084067,1.8288076049437907,-0.22433774735780843,-1.4131321877886647,-0.44343861365848547,0.22370355829321498,-0.3725611649027845,-0.9983247295703451,1.7595560908638457,3.1129127401281638,0.5876638734457907,0.9729042850386407,-0.79998469123286,1.4539606860699676,0.28788177737201626,-0.29088877631839566,-0.6737384994271889,0.6853872152481384,0.9457721356289825,1.4921128195441768,0.139808715710289,-0.03461527294125433,-0.15496234461435932,-1.0994572918393857,-0.5040613764481626,1.596707008548559,1.2909676952812326,1.165695798124191,-1.569422542637156,0.7466353348675603,-0.022472709960106085,-0.0010493867883822339,0.7917793426108107,0.23030452726753212,-0.08429487464966665,-1.6811868292187797,1.103412306251534,-0.35112872387867705,-2.3031091985647567,-1.4000845537568214,-1.0230099860401367,-0.7790431085839966,0.7311321560845648,0.027619696449066977,-0.2144149560811388,0.5258730862199954,-0.18496349548367444,1.5364905624607337,1.5695324295497453,-1.6597704807283862,-0.30999171792133057,1.2827781046802693,0.624481446306659,0.3214629900641398,1.6565009881955755,1.5729217001955362,-0.7168979144714089,0.04304657729198888,1.080584549177225,0.12095752948015473,-1.9484652461587122,-0.6432124989929787,-0.09986282321974137,-0.8481902435285722,0.5138443234076346,0.18378677461970705,-1.6646133127627505,-0.4684373824629513,-0.11090185983160736,0.030510681646525505,-0.7930422355527,-0.6081329910882617,-2.5057558641555335,0.0328076195627916,0.5681385592519137,-0.3812932767746521,0.0737471218563755,-0.39100390871020724,-0.17741558548138853,-0.5217570236837293
0.053514471167785,-0.5403068782652467,-0.21821300991762832,0.7771643330270568,-0.14613807181748178,1.6734877392834728,-0.8174694374079994,-0.270340182586448,-0.1820974269473512,0.34235941663928027,0.17059496039804484,2.667686725399702,-1.3499856390669205,1.5074131486436992,1.5662193513139802,2.7075962058259613,-0.26462502185178655,0.5276930512861986,0.8513472123636202,0.40630045205231424,-0.5807760930806898,-0.34672104836077466,0.2273917663236934,1.674221009136,0.3334733876216276,1.6703947042560736,0.8956375824739986,1.4067368131048303,-0.013583371995130739,-0.49491718673657487,0.1740094496397413,-0.023301897356813928,-1.3336126546348532,-1.525421970129499,-1.1486220451032034,2.9922480110632237,2.2072468964918626,1.4393561814135456,1.7763230180491985,0.0833782653893177,0.44970145446578824,1.201211351012096,0.23438184694947548,0.04563634203691047,-1.0953732910403131,-0.8717064037046993,-1.5003417540413784,0.6666857167975676,0.5122189785159666,-1.351527528124622,-1.756324087270844,2.372449802585964,-1.8725631442267363,3.304959916899768,-0.4998991906500224,-0.7842087068432153,-0.33642626338384374,1.5166174452909524,0.21287376728122098,-0.0434400361966098,-0.5248461850137461,1.2495700761084927,-0.53763540454629,-0.3469818951329553,1.4990211543219698,1.4818132275468816,1.2293390757985767,1.0996886207991547,0.02911294864329561,0.27893029376975764,-0.6312843464929339,0.7041172783502279,0.6287494657518156,0.13249641922607125,0.4574369880120316,0.1086038605968715,1.1251442681494537,-1.4296910454226026,0.2873175500323612,-1.0063866333854015,-1.2053020579654332,0.3723414326931752,-0.17873369129024297,0.05139416797864073,0.3329131193509151,-0.3794000713725191,-1.3206739162311687,2.06521065581976,0.017591599748726892,-1.6394922038695605,0.5708371650788875,0.3875378504380613,1.8876453610387687,0.8325681367536999
-1.1461082786843886,0.5400678010603048,0.19579296899978202,-1.0777065322837664,-0.3069377923774581,0.5318046870304272,0.524882054398825,2.5321031699128254,-0.8333379833781969,-2.4294505749603097,1.1718028864563723,1.1504951362335687,1.445071398153768,0.2504434674764773,0.8418361054599456,-1.5093719623366404,-0.13548261766865266,0.37072453005822487,1.857441738166898,0.9024076118294755,-0.5440780707857209,-0.6866199344775696,0.9955025169927052,1.8664487640725413,0.9854391361691482,0.6502576038530162,-2.243477551766988,2.054695167285736,0.4836009569622388,0.8520227924020214,0.6848619536482878,0.9253355009278212,0.65321204988869,0.7482361541990601,-0.645579292743724,2.064533931702462,1.5680907679286273,-0.5682783416887219,-0.8814989196858948,-0.8921252968348713,-1.5152581673845882,1.1299206216461295,0.6975333776197373,1.7739691304764476,-0.4269222016940326,0.19165471003367482,-1.2279590305742956,-0.06776615629549934,-1.201304519963014,1.0398665535352085,1.0057542707055418,0.05787166425441562,-0.5512599794941098,0.3385293928686121,-0.6611538124853499,-0.13431295237505547,-0.6303238590114604,-1.4194113217716857,-0.46057987573391146,-0.19959314646452275,2.0382410127174238,0.6953403483839524,-0.7544512584031628,-1.8928972016416932,1.1084658981220068,0.3034619045935911,1.8042199983447753,0.7438555615754634,0.66552534470616,0.9145723500460795,-0.26611820771380507,0.6954721247098207,0.8309755820145918,-0.5952337702927541,0.47608723700914163,-1.0122787871762822,-0.23863331985485978,-0.3178235213084645,0.6245816750425235,-0.06245087213288581,-1.0908826758336354,-0.018045223214696912,0.06016863060789851,-0.8478907140084495,1.1193597801417943,-0.7980247337084709,-2.1584067921806023,1.1384352052795133,0.4934740051079968,-0.4817384477615918,-1.1871575781387187,-0.3009189629266925,0.9655263196472902,-0.18252748537050678
2.7555112061338565,-1.486015739308604,0.49411445084654776,1.5469392498105892,-1.3741580602783674,-1.456307686960797,-0.49421443229563955,-2.5056543736964856,-1.5232206862972073,-1.161968937727341,-1.5894489030457808,-2.0276385377178205,-0.37296590233980487,0.3767488677075387,-1.3806429545819054,-0.11498217013241141,0.7023117762200667,1.4033820103781853,1.90304895665104,-1.4224724452281938,-0.4817717766658975,0.37932631849779846,-0.7098712468172137,-2.4745488127030497,-0.4663974448940845,-0.9442746191765783,-3.183740578893592,-2.28638633754119,-1.915641954067754,1.5507643749589843,-2.9212772840641086,-0.8229222209181837,-1.414614745223527,-3.0713901010862843,-2.5917300953197127,-1.0014937025413657,-1.7250533777494654,0.5910377646846576,-1.4440682778069833,-0.2842636232867679,-1.8622387706762287,-1.1584854777245728,0.49039655824029227,-1.3845912355017862,-0.6683513055869043,-0.6034597421465824,-0.37658400385647,-2.631867453293005,0.928511367944978,-1.9693247632874815,-0.03813552504918141,-0.8275048621115716,1.3447959792923319,-1.1571885250581242,-0.5458082685993478,-0.2469779911375028,-2.967905404604397,-0.12784899901658983,0.9103070603852143,-2.2703788906535785,2.659246381339187,-1.199855266707535,1.231051081480987,0.45060855201192274,-1.1153341070646878,1.1567462241617366,-0.6548338940821821,-0.838093644673915,-1.162105452587087,-1.301519551850905,-0.5777129321076486,-0.29786300538554344,-1.0649596588258992,0.04457883909618299,0.5052843951622302,0.4830110521923602,-0.2616721434594308,1.0170408331266425,1.4125817586448948,0.6549841785637016,-1.2663295212437133,0.1500941754141881,-2.6205330024894615,0.1225201712212881,1.2793620887436319,-3.2314569315586987,-1.209826455159811,-2.2935212796024067,0.529933617698831,1.0518904746994355,-0.28224472833015785,-0.6691589653107393,0.9217392821803283,-0.5356152685901021
0.1364598332881906,-0.5422648803780046,0.3834638132242007,-0.8223390851495874,-2.1730863383134054,2.386835511258302,3.169695500026786,1.720926121901043,-0.6366971217092273,0.744620485505282,2.2566519868715247,0.5902316770245839,1.9368817642208362,0.025873840891585856,0.9798158510788714,-1.0688185714597025,1.4866357284096432,0.7147458368597157,2.7147177438249988,-0.24074082940449826,1.1597952316624882,-0.022547084806566142,-0.26174576362722984,-0.9892929620264755,1.2963424904857586,-1.642677113188686,-1.2640113201119767,-2.1011282075749,-1.145938601575755,-1.140785871685898,1.893251971145764,-1.132826105781761,-1.6270750355016834,0.42154707979493067,-3.3161777904572727,-0.6485136856562838,0.0808765014060191,0.22806527925188327,-0.8864145666551366,1.939681551907327,-1.126663418481995,1.2819261899699381,0.4387473396145953,-0.8394341437962887,3.3372632505888546,2.0173702564953304,-0.4433939977891722,-1.6386150452492305,-1.1154783508666108,2.118281235265846,1.0189502951638096,-0.7368363084269651,-0.057036364809583295,0.10298234248130558,0.4283892603622975,-1.4491161823081606,-0.09280952791748698,0.28996204558049543,-2.966656674698712,-1.6646378938657533,2.1813288601938825,-1.088999641747359,-1.549401494218154,-2.0443933935015632,0.2101163900683858,2.106916061843925,-0.9323443275530681,0.9841989712357802,1.105505253424294,-2.184697094089945,-2.24217609620999,-0.6244375820001685,0.1869636136523395,3.66256670987599,3.685914591045338,-0.1937531906103121,-0.1673205908806908,-0.501508342474947,1.4920483463193468,0.44456001140535334,-0.20603045176977358,0.48373645014019334,1.0512421630669888,0.30274334020863136,0.5006331396528052,0.7241750815964607,0.16727010371098583,1.4007884767022363,0.8316529343291061,0.1867539535074544,1.2110182391127466,3.474207445714024,-1.6314274248173786,0.21138697585825683
-0.8414769289222834,-1.632218037905317,0.43904434116526153,2.1580708624001756,-0.47696009053116767,1.7343883823997799,-0.44529811995796154,0.5079150062079594,0.5029203840504637,-2.137259449543097,2.139646567184458,0.29113083620913066,-1.6255434228907943,-0.8076006738422316,-1.1408846550208935,-0.48511916102711455,-0.1926267819052987,0.986267850931226,2.158791295247781,0.957821717188917,1.1601118325681188,-0.42497397598361625,-0.9718002090101309,0.6319394161278611,0.54472528443013,0.1452912131694898,-0.1303599148336564,0.26614314870341627,-1.0591738843932934,-1.2314834535798027,-1.125621880415169,0.29478487947060134,-0.19287769052895815,0.4159138979397762,0.801194271930369,2.9950882168377966,1.567572906078944,1.5720270864283212,1.8670613655934933,0.6502277635914679,2.2047109903503515,0.5739315789509634,1.8679955004770268,1.5404455885982595,0.2146241753008729,1.1402643897752736,0.4332882283497415,0.614674623224865,-0.33762267671981266,1.0275345154812416,0.8817702265205415,-0.7922468119091892,1.1618700108890607,-1.0556698891557126,3.4933936592331607,-1.9780483201734338,-2.13712905879346,-2.1080805878237756,0.12592743103357573,-1.3447109247108913,3.0380076469679897,-0.45795673306958995,-2.165012424161323,-3.0706226128747405,2.459033370749762,1.6090731376292187,0.8486474346296606,1.107442479706295,1.2544904750425978,0.06396998503203422,-0.9512989775510978,-0.9026666806175164,-1.6667216255649047,1.0396954620888872,-0.8820367969465222,-1.0136380981558453,-1.7624167068227183,0.5365993192400524,0.1364345054813056,-0.22350878901995835,-1.0511774504908344,1.045276234479145,2.299304212181897,0.14096546668772056,0.13707807625998625,0.3005820487146974,-2.121810691637573,3.8348817766246297,0.5431969288531033,-0.13805883798269003,-0.7244097609309331,-0.5094798356355648,0.6811004885825591,0.13436248371014226
-0.5087396317433078,0.0716316433081684,-0.6931765936044273,0.3288070390422313,-1.3588164538986602,-0.5655964233412106,-1.1062082324814206,-0.8078259983396439,-1.9099477723213882,-0.26306467723731125,-5.193460451343595,-3.5573331444731324,-4.386199222128698,0.5574607701818335,-1.454511863191638,-1.900997825197492,-0.772644574565891,-0.5044209933684577,0.35019976519723606,0.4921381637841913,0.8177540596831072,-0.4117509451630089,0.6127317308218792,-0.5880178205687681,0.2601728655364015,0.17367183778207262,-1.7546726568549882,0.37370118893572196,-0.9215548059597951,-0.9524937588659191,0.09027688323505179,-0.9252657505733678,-0.5736126755002793,-1.4848394298090888,-0.04157253270218275,-1.907921622397824,0.22137745183967392,-0.30159756048241554,-1.615871589554261,-0.43276325500116114,-1.2032984254942316,-0.8282844804815871,0.03232767243895582,-0.4109162441688251,-2.4265762928137873,-3.449276605670436,-1.8321114747674505,-1.1338925316481658,1.048709996945816,-0.7260895736892037,-0.7600477731151107,0.1485721840468115,-0.3281087590163887,-0.7384476367747989,-1.0015087355951007,-0.1335785509134287,1.549214332236855,-2.399339967703285,1.2696628257458182,0.03813287245607705,-1.065616722316896,-0.43495299901611617,1.6978919858591288,1.4653711626126142,0.3267794796425023,-1.314128170485525,-1.074933534106515,-0.9219598144686457,-0.7706265279213724,0.8195072749070647,0.9917896266773127,1.0335295262246296,0.766430252173558,0.31733488576284247,-0.4011141948944956,0.46439185137768096,1.4148020218399928,-0.8303789050213288,-2.1314877518257633,-0.27674646579719925,-0.9481153788508686,1.107344343374276,-2.4229842644194832,-0.38982104901513676,-1.5903782818024013,-1.7341867253875134,0.04338271340410671,-0.6208056852050302,-0.12937113872772338,-1.4025915961584363,-0.2369331352163625,-1.0951175812611043,1.3446859239042235,-0.539249731258186
0.7483110570633911,-0.829589838477858,-0.5366384369311276,1.9628658837838686,-0.14403199354178398,0.6154813538842414,0.7859666427626025,1.8263504147453358,-0.11191181955968538,0.06005733707195484,1.244662284256133,-0.3409443160475698,0.4503036961790513,1.5820405504986417,-0.5553485716786412,-1.7486618062546015,1.0432599155082034,1.7308765031425586,1.3604402858702178,1.4066824778981684,1.0153170079397293,0.3393866315947951,0.4133747485992949,1.6575935186549222,0.2235713214720468,-1.8388861438781858,2.293390442669006,-1.0740182805669654,0.4489502969181002,0.902046593038736,-0.4169331573130951,-1.0570190650225197,-0.7654882788737705,-1.0938086006307928,1.2897860911673111,-0.011890904711221173,0.1386000295680762,0.17634664390605292,-0.07323324862649892,-0.4969394852909388,-0.20689650827057382,0.2216459638946452,0.5771769973663318,1.037781156664684,0.16034542683884134,-0.6116024702149003,1.1661138027130975,0.2208239723221402,0.30501846963129153,0.2364133010441527,-0.83390748232166,-0.14841823391051084,0.23255584988552602,0.19958317435583767,1.7634700093190765,-2.599238583571022,-2.632906227580355,-1.4835884254000904,-1.1330017411454367,-0.2571704269229964,2.324841580728318,-1.9933864638475696,-2.322704524662085,-0.824870347375896,-0.4345875499504871,1.4206545151776615,0.47633874776390805,0.2463569462176599,1.2773802138973376,0.30934192886686296,-1.2675833274483073,0.1704045571652265,-1.3784029104664834,0.04490194939942971,0.08393007041351508,0.18832131504700633,0.473920689915831,0.09708025771286327,1.6221973426585456,-0.5779044485521836,-1.4101559249071356,0.03205168024624475,1.5036494014717565,-2.0080812477482284,-0.9041188354206035,1.0826850014582012,-1.0094236329305857,3.065157346393189,0.027062400526728682,-0.8388835056377336,0.07534359978574456,0.5529236466808459,-0.7757215575339274,0.14353089867017343
-1.442599977584606,1.5443296583679926,0.34797311687792043,-1.4140627595120907,0.5781242221429863,0.9633714221595304,-1.321065546180351,-0.9719102094609631,-1.240778540618293,-0.13082513789445716,0.3434356216301674,-0.3130018194074254,-0.2299261971561572,-2.075059966799698,-0.8924098408611106,2.0789735329025034,-1.009319185397163,0.6539441433536953,-0.974944996382593,-0.051094193067577454,0.21875353975916273,0.87013651013341,0.23421708532700236,-2.2316645321441166,-1.0866815541636974,-0.21377939108616373,-1.3557754540615474,-0.9788191668260666,-0.731614635405569,0.8693329226739575,0.34082269800344633,-0.3598498132813859,1.547834285805666,0.10748171644760396,1.9100271497746586,1.9148109655096486,-0.38078507989385285,-1.0461534493245928,1.2504189262708063,-1.2276562280633951,1.9392529925678552,-0.6097893779176352,0.24329459077258897,1.0452753877341343,0.2947949690019173,0.28057048892627234,-1.3780013346004147,-1.2321091810277442,0.9091163281850836,-1.2257397163117072,1.5067983223918473,1.160888774342943,-2.6880035979527372,0.7420966109570498,-0.863946934100704,-0.5761361429594729,-0.9436426810147429,-2.05021937137394,-0.8760600610639615,1.1661249798084166,-0.20486177631703706,-1.7310222868717564,1.6400262659675375,-1.812549345067073,-0.7755369491200861,0.7314130201791974,-0.9510016035390021,0.04521118971121782,-0.42310960495511724,-1.1466391942984093,0.859783060138499,-1.055866253776295,0.9713898454516675,-1.0077019586333598,-0.308941838646148,0.24605577146343272,0.36564969832926564,0.750397306700566,-0.03560545541491822,-0.04653550466171088,-0.9904920338906693,-0.006772374993747739,-0.2564847776271347,-1.4960485865419153,0.31441740885690084,-0.04197347778998072,-0.19509584172035632,-0.2713191056905281,0.07763901270508926,0.7803889656978009,-0.9306641918595278,-0.4364882946995163,-0.11089314507116925,-0.5186288401209205
-1.121596884217414,0.640365043884586,-0.22628211615203653,0.8712648322069076,0.19255038471131303,1.3228673550499697,2.2930233743922086,-0.8305393138072864,2.0936323481495243,1.0471359170246024,-0.8441267943237608,2.56364064450879,0.6212442498845615,0.6064563993638309,0.4866500456528458,-0.9690419438170468,0.22920942165021854,0.9359159325691813,-0.17616404655747087,0.5585315355289435,2.823696935757161,0.35833560706143736,3.0399197222085403,0.8843794468240043,0.5853254380078331,0.41080356386269345,-0.020417715443620033,2.3522184211630432,0.3166042243338206,1.2025482748390839,0.6522401246193452,-0.24148607944127864,0.4968288564082605,0.6584220709359729,-0.06220287169594674,0.6592341686714455,0.679392713860463,1.5654342349685881,-0.4237807658220041,0.05263425680701628,1.5091810295757857,0.4002157841078139,2.772810892579531,2.960888367875288,-1.2895289914218682,-1.316586887921211,-0.7285224279422545,0.012207611535162977,-0.9094892699640164,2.8678529880510677,-0.22497068671163817,0.4179566075802851,0.6637484072849156,3.1862338943064334,0.9399124384112443,-1.8465191301656412,-1.178739756216296,-0.5510437836212443,-0.6979035198539486,-1.1696615877680252,0.9528686430990557,-0.7579406160959228,-2.597387114757465,-0.8683815603193317,-0.6354713706356917,-0.6468471417791255,0.37100519334229753,-0.4826425199711265,0.4519938160280642,-1.5866409067393354,-0.33205883668280634,-0.3747887627518713,-0.6393855731395763,-0.25575958615002514,-0.3248566062168981,-0.10682741570430904,-0.5338584283093183,1.6931333040564351,1.1788642435269328,0.04763197538994105,-0.9706674173600489,0.3120101136788387,0.28455709399316736,-0.5598102628718556,1.2800111700940822,-0.4393730599808845,-0.8408608847833059,0.3582684127740113,-0.35217524812832957,1.2610749333178695,1.1379381174248282,-0.07537743623068023,2.334345845327745,0.26883146150037507
0.6336809679738544,-0.5658528992395762,-0.2164399743473979,0.8791512401197047,0.8113006382425544,-0.4447818885287789,-0.12592353721294103,-2.885247306429229,-0.6970231958386854,2.2418069407005947,1.0023694851533347,-0.40142101845430134,-0.3099081739409508,0.2295815763025446,-0.39447239807575735,-0.6868978277237416,0.583481550017017,0.06312562017491102,-0.06048547752484315,-1.4505168665324586,0.8919034798551259,1.0397144836453058,-0.33998502957601345,-2.198526597534125,0.25659420267208327,-1.2670767084552117,0.2969695785450818,-2.4870250751855485,-2.003020510857482,-1.0244161184996994,-1.5589947694690505,-1.0372525828367314,-0.6807315722918275,-0.1664846562762723,1.339112590352952,-0.5883358794634584,-1.6917200240847161,1.5063777124377187,2.1604819912227464,0.9451748134764357,0.09861813314100332,-1.7056840892591654,1.0260810005091368,-1.2128999645399647,-1.5638216875990707,0.08080883411399409,-0.3533350192160234,-0.7151758237348366,-0.04383989855468584,-0.7864881077290278,1.1873143440452942,0.38856564110446645,-1.2924153459905288,-0.9822098736196916,-0.7488943314643903,-0.7036721732329214,-0.5665456939616946,-2.0798826220318727,1.544135802549635,0.22482517187216744,0.7904329322962778,-1.1336384490155325,1.3435362236812163,0.05225342922536412,0.11807268489747869,-0.18820531453345274,-2.964556896675219,-1.0269614354122711,-0.42102650892036136,-2.158872439148822,0.7625782441302638,-0.19213340833095205,-1.127599407183115,0.6864467808254469,1.169370791269077,-0.10731049861205921,-0.9520370567326247,0.6645660170536296,-0.06147127715611567,-0.20996791817701482,0.32361039749892373,0.1094127392928096,-1.0917732436696208,-0.05592121320813773,1.409853338960568,-0.8352459499645449,-0.3500526612835628,-1.4992130707800393,-0.9393697269845738,0.20232691739221753,-0.383461298587389,1.3313924311818026,0.32926053569672087,-0.9661040139291944
-0.9933706409522624,-0.12767283941273874,-0.44103974235446025,0.2821777490147853,0.6338017964278241,-1.1888689434881248,-1.946762400479652,-0.6065347475697092,1.3087936269649827,-0.9364192639460148,-2.692521656489756,-1.3462328191823874,-1.956563981612714,-1.0684753235644824,1.529822887048524,0.5353758759090712,-1.318487319903813,-1.6616388878309072,-0.17886073963406512,-0.5551796589768454,-3.047024260346998,-0.5609447433430196,-0.15861154502673058,-1.782494564371873,-2.2043164779970916,-1.2603577871758704,0.29980160540317013,-2.040217168061023,-0.5963333302710756,-0.24500133855437675,-2.42932938541667,-0.2966125366318243,0.042362413968344226,-1.0742857846844864,0.8259526782796713,0.17892954225416924,-0.22946958079172686,0.6351436872707839,-1.3523754104549544,-0.06382732745920167,0.01667669081955614,-0.6522335396312366,-0.6275806601911631,-1.7542717656544586,0.9508365815462757,-2.714438195560997,-1.3331526392313209,-0.503686959491681,0.23872989790686122,-0.5175913471145892,0.9058324973744065,-0.37140982253943744,0.5103093030213494,-2.124568551536813,-1.4015956989908116,1.0733882288530667,1.1839391812286668,0.09753601027764014,-0.2523246252742024,0.17357946360897558,-1.9848536686986806,0.0563206147696973,0.4833395115719963,-1.3131767960604988,-0.7739196508361645,0.9237075619818931,-0.6493183497914007,-1.461760253505765,-0.407013900679254,2.9523726349074337,0.6931546897624966,-0.4283258452525902,-0.663026853228445,-1.6085109064527576,-3.043629443408676,-0.6134141990457499,0.11883828754306364,-1.2934516903696665,-1.7915957984285331,-1.2601718239082507,1.2376839346646167,-1.5732627379167856,-1.1091609692701137,-0.6275341768083647,-0.5030772517397005,2.326484419634113,0.7992002704592309,-1.4991155977441812,0.3475284958194519,-0.40817301615676255,-0.1935167882905518,-1.3664904953550387,-0.8422773965003323,-1.4801437116046041
0.3337672174760052,0.9608333894704599,-0.1703681000799214,-0.5079959217188109,-0.06463371927004619,-0.9426927159328577,-0.4805266850895471,1.7176101845558716,0.1239507383139532,0.6039874676654643,2.7375102363153534,1.512985420027674,-0.5089378638023381,2.6685720172327194,0.2982476221557896,0.3032046235200415,-0.6239097844211248,0.8424984227751859,-0.4927044809023163,1.3237409772091602,-0.4961856366443088,-1.515175172634521,1.2755326570899745,0.0015542136236990078,0.6182234612894868,0.6544663100654227,1.3679143467400094,-0.6380367818461822,-0.583202275620192,0.42765376879858524,-0.36691387033765127,0.33845233367965066,0.28362997587855443,-0.47515168964253535,1.0151359391477826,-1.6480464722952424,0.4779802816681361,0.6440114839580283,2.5333080511861223,-1.868493583488662,-0.8290406373675816,0.20382135805775856,0.49885134221671934,1.7397394981461114,-0.9553878713919922,-0.04674465619729273,-0.2574834683525777,0.0393748281704146,0.06204933750043101,0.15283546675540194,-1.9960051620936694,-0.35588922895342395,-1.7562585653774923,-0.5549596449435678,0.5009498551075817,0.8460888218276897,-2.934339106682449,0.15852198267087414,0.4215547613903156,-0.3509623119166848,-0.10409820128856728,1.8258194859571564,-1.2090705845056782,-1.2127041770775877,-0.6148478426985577,-0.5391449801131283,1.5654190778509856,0.30098234923878064,1.2850890869554923,0.9390030779595135,-0.0962214406504463,0.3824449374174645,-0.7043782366533177,0.23585024122867307,-1.3233034102518848,-1.7029011503275602,-0.41988228825474416,-1.0535787838834754,0.5919236280438482,-0.8457553013443804,-0.09676282864043445,0.26905625339519396,0.2585668707885074,1.3033516737210662,0.4954697160493441,0.38998407647258726,-0.21794242465941005,1.4690098190249246,-1.4099281611002779,-0.4814620513097201,1.0630677442968637,-1.2784657733546099,-1.879599895816142,-0.7902551976749674
-1.566311959241626,1.4582280590907106,0.27945616996255435,-1.2775832142621224,0.693914838545042,-0.23937925340722854,-0.44868862166560775,-0.8510338829642372,1.5041227244229485,-0.6619465956069555,-0.7886316168925422,-1.6840326126941294,-1.1701031173709735,1.0396988189621967,-0.3542217246085136,0.999638930163228,-0.8110797877361302,-1.1705628844229858,-0.2685825960111349,0.19309198420446377,-0.7879711415118061,0.05437036086806346,0.23562539481470285,1.5552219909013747,-1.3772967118535182,0.908428021478712,0.025333413309837405,1.8129454178686912,1.3954438115762748,1.207843775595961,2.2481266807527995,1.3783608023299685,1.1310121805971458,-1.4002372090103639,1.0279773385538462,2.616051916019071,0.11769541219393187,-0.9563615035990496,0.694009696134377,0.17414893870322468,-0.18423514536579033,0.5914888337806635,-1.2077547472692807,0.9249212777847876,-0.3495715715076506,-1.757115538826143,-0.8964727200938074,1.0298023061377173,0.6718763711771946,-1.3650512300773543,-0.5967968606494809,-1.2203305032561278,-0.15966720884302246,0.8483117350473799,-0.45292372823170324,-1.4110047008117867,-1.2043779038694837,-0.4393319745825324,-0.23145271730733682,-0.32467343110389607,0.07735736852432548,-0.8066533326676334,-1.5745646984794064,-1.3453169847611712,-0.5479740608899224,-1.693950992239272,-0.5616712196276578,0.11181183048735892,0.39115569439961256,1.445701762732528,-0.07026521004996716,0.5024929231555921,-0.25469186115188397,0.8299298059085465,-0.09222966255959575,-0.5034388914723285,-0.04763458148903553,-1.8093580683063957,0.5946778505210106,-1.3765770349486193,0.0393866908035333,-0.7826351603332341,0.9073721405013706,0.7764846461127499,-1.244399649404413,1.6225376285471533,-1.0081829787686771,-0.06657773668936817,0.23354402111541914,-0.016475466594948807,-0.8612542211288142,-2.0068641865079817,1.666136158126782,0.2847164448886843
0.2396090351086469,0.2485452677906549,-0.056023305416239004,0.38765673925610983,0.5236752950522716,-0.9117084936549257,-1.0822664966314053,-0.7134006716067747,-0.9079881182509313,1.1954413571513884,-0.509661565248509,1.0154424485856695,-0.024680938722184353,1.2573621261713828,0.7319158098902616,1.0379502935581897,-0.28138000752850634,-0.18351144689569088,1.5519171235326348,0.166379584060526,-0.29042319255988436,-0.1407328895816528,-1.2861631903361421,-0.05899754742255338,0.8521161110934915,-0.6521932837007757,-0.0057707428723108856,-0.542361265190244,-0.8178466436308649,0.1889833737757241,-1.174862597790422,0.3253155588577503,0.10402976614420821,-0.3521008109684584,0.2265440461781987,1.0026493893773718,-1.1541281676661432,-0.26914794977925816,-0.7177350387351924,0.6944703541359247,-0.32242489073683345,-0.05520682733915938,-0.20117730438433118,0.17498927747272308,-0.8145724206612435,-0.03549838916731514,-2.246656409958584,-1.2899130217769623,-0.09437839704803523,-0.5475371745165825,-0.21270867093170875,0.18127689366116476,-1.1077068180112615,-0.3545543354783016,-0.5077488309914027,0.9223807247798759,-0.9261223363691754,1.4585726929680451,0.3028182012619761,-1.3929944098480482,0.4804625672455385,1.7356294769217944,-1.1533643011967,1.4442899711418198,0.06692359832000162,0.14594310878990402,-0.2271884035011152,-1.12896654834086,0.1841715297193959,0.2794576247096246,-0.45629743208418455,0.15267897457480806,0.7635254413617467,0.16698254549450342,-1.963450401951407,0.10200058776672738,-1.8354516945688264,-0.27378543251937626,-0.9211108110103504,-1.1603916857833914,-0.4659352030484559,-0.4370080321001473,-1.2092840979853183,0.3526984489384796,0.14252505290276601,-0.10979672480595357,-0.3775188787360722,0.1777863486418757,0.1999018625502138,-0.46129802213040016,-0.3182387850438266,-0.3083646016931155,-0.22259376839985867,0.9757540580846282
-0.437798627852603,2.2657190484082976,-0.08740052866919899,0.383442072150543,0.8060114798973177,1.0809934600496598,-0.09381621816197219,1.6702869548655732,-1.3035196504032172,-0.3701764191542374,1.5898342494522213,0.5129402535409596,0.910594509371194,-0.47800902135454093,-0.2544197805930859,-0.01533414823869228,1.1652371627909937,-0.9918628231009107,0.9387226050159482,0.31050878795309034,-0.4879438145227079,0.6171863047573601,0.12795427933734232,1.8512883052948574,-0.04737745693325768,-0.373743487275667,-1.1008224447750417,-0.2195299536243267,0.8372166934450737,0.6469982908407895,-0.42282472309118635,0.3237976851404157,0.5609307476397064,-0.13889053524444606,-0.04802555286703003,-0.13406063209245545,0.19282651652442961,0.3156789317512032,1.7660486958937827,-0.16359132082381714,-0.6449573571914616,0.9155431671473626,-0.2614264406703581,-0.40582291804587955,-1.360018728274056,-0.20629974405254276,0.03833714935103727,-0.3736253587941971,0.5359502029159486,-0.36722527355854434,-0.55424760112202,1.572383415141626,-2.261824226318831,0.4924800021501865,0.786541504517048,-1.5423041093680196,-0.6348508194116541,-2.096581371413397,0.1697377307000565,-0.6503305078429791,1.4350455518797784,-1.3908965638424307,-3.102958119599887,-0.12673084756300912,0.13849757655902928,-0.10639945953993221,-1.678506766558335,0.6238778329254822,-0.3769580525071513,-0.8867006226765726,-0.3162001832082646,-0.6703592225950621,1.1580595543669951,1.160059096237073,0.31664269115275445,-0.29434511030563876,-1.5887424818744271,-0.09536904169463778,1.0244187124656827,0.016894305496957786,-0.6031699893518707,-0.360308335169546,0.9728605681239523,-1.4546945217746132,1.4066805948631824,0.26759703258503004,-0.29804419900221946,-0.9767023934105378,0.6318640612570015,0.2572741501588155,0.5871947401825435,0.7718057989460729,-0.11950547631969738,-0.4744934208092133
0.7965473564956372,-1.5682221956194633,0.6086227014384331,-0.2705981621767502,1.4090468426004832,-0.31122617344932857,0.8962085040138323,-1.3421032828265105,0.6102326493354264,0.8781916445902704,0.3169193969887937,0.3733715461821955,0.08281669352932064,2.4519093208793796,-1.130607310564243,0.9527161052660469,1.1255637882422609,0.38010454538523014,0.4404779562334908,1.0881233952286966,0.745948713072918,-0.12080348159389456,1.8860698869504526,-0.7490615096688618,0.3220875275004852,-0.8230667741800304,-0.6272869238373755,0.196494389062485,0.3478460802357412,0.886641365375641,0.07939099938366123,1.3503044192741207,-0.24126017593631643,-2.072788087329493,-0.42937739433387834,-2.7727161249819874,-0.6035937466267846,1.1444752487684495,0.8165814181078717,-0.22285022078471228,-0.4995935988100674,-0.6476136994585449,-1.063161696203881,-0.5239955093418182,-0.4293082196490307,-1.4721257772256333,-0.677308288932869,0.9664391475430613,-1.7350044826198316,-1.0605351744319074,-0.598838500500824,2.199784575120402,-1.5710246050172154,-0.17612774133234155,-0.8804997996413148,-1.119208035551811,-0.7958254784468486,-0.2646343023015163,-1.6200155542900783,0.5021209550779236,-0.862540763504732,0.6825848780835044,-1.0942931919677137,-0.01621536966276782,-2.3536995413761725,-1.88726653487563,-1.1837466371091907,-1.0088830490788183,-1.2442009828051264,-0.978231343963533,-0.43070671844927655,-2.2381451341718046,0.7555855468672962,-0.7740772311220625,-0.0958953660270651,1.1256295890994672,-1.6029972377491553,0.34645024899853916,0.08124112627879371,1.344691227105619,-0.5180605851805882,-0.4767312707245846,-0.4739445979262699,2.0205087148585625,0.8498197342002093,-1.4814194663957632,0.8398959671094313,-1.546335191351674,0.44501720482603124,-0.7364004917310307,-2.386422149709876,0.2963428962974286,-0.23360196848653839,0.5670988462899547
-0.9683835977100828,1.036314166686765,-0.09416906386764366,-0.052691468148033216,0.8457517485745534,0.384087359464735,0.17944887275205568,-0.2551374049553733,0.7972327957658983,0.4834955136583322,-0.5994868179260793,-0.17883962815678361,-3.6243035111763957,0.16507562630159892,0.9343468324588434,2.2983617230766016,0.13679077573484166,0.3573469380827303,1.0162425416813847,-0.09953417953550697,-0.5783977141604748,-0.44602232818084986,0.12395170596087843,-0.4709988577309785,0.09220205418303613,0.40436136214123,-0.6386925659303435,0.21279619175732406,-0.6728460120219224,-1.2056907069473481,0.1864609080629328,0.21892381442494763,0.4122464241655524,-0.7850293873136053,-1.7462331264142825,0.36329691425751665,-0.2525343829039679,-0.8192406909757627,0.1945744327707892,1.3005178211734896,0.8484432453773987,-0.7030295469918831,-0.38319227592031113,-0.19996444619124737,-1.8992937481100245,-0.03294499508232118,-1.539578224118375,-2.5298874437536574,0.026295263694524673,0.7396335619960109,-0.2640850684320969,0.47139202776737205,0.08111814994342956,-0.2583855905919049,-0.08323608182669073,1.0724609563793246,-0.893351445075869,-0.41344981595208535,0.13614791393674208,1.307246032207061,-1.0305548954147659,1.029196085430352,1.8832382701637589,1.4266569706314063,-0.04929484126198841,-1.0174508031834049,0.4613107257396625,-0.2949684091858644,-0.38095713270497633,0.5605954975937879,1.226352940405089,-0.7050524699395723,-1.5004901254512983,1.2892227211793736,-1.0550270506089932,0.9530897942032088,0.23810086142989045,-1.0351182504837675,-1.1735460135721745,2.2686097298449104,0.8540945096475376,-0.8223544604920348,-2.202187044190775,-0.09946433835859707,-1.6873254151039174,-0.5677024029724368,-0.8665036939126928,0.8139136466849621,-0.13523008138846535,0.6085553780976716,-0.6927259938556958,0.5811079481214126,-0.9932729181448519,-0.5677519530139782
-0.5882410782149261,0.5131004197774262,0.11021599768691169,0.23906786549534303,0.5542349684554979,-1.864537087598396,0.738144764912009,-0.7821354789506316,-0.47933963191313367,0.6361205267600172,-1.584702879879833,-1.907037032540822,-1.0081333529674663,-0.05615752014526204,-0.44534209381998235,-0.022727872836364557,-0.09449709713388857,-0.030150770452023606,-0.5443218994595951,-0.3744428932103939,-0.7089074767705941,0.5842236631264953,-2.0505893419446513,-1.2716244242543695,0.5039106161898268,0.8793301115765342,-0.26089904025539834,-0.22377343703521685,-0.19919232226505812,0.10982676805653506,0.27303015417145343,1.5908717780758663,-0.12297911650433303,-0.7956026416714383,-0.4901290251574392,-1.3982436225150336,0.10651779663120604,0.15652835071943444,-0.9192595672122891,0.22395850822549998,0.43564451480088456,-1.0339035456559151,0.5965268913209207,0.15305017589387088,0.9696236000380587,0.2232658153193816,-2.027546330134599,-1.0404150607564835,-0.391376939662204,1.6639526687045214,-0.5878076845953495,1.2173809002662108,-1.7050572908918222,0.20354607502091837,-0.29568232222027246,-0.8638901084584768,-0.5890884792793173,-1.5443026974780747,0.22048711098617896,0.7966030742455885,0.15661671388156337,-0.6712224127345194,0.2765225171173392,-0.6132081343836673,-0.6997410170361762,-2.0720898337521345,-0.2216900126846204,-1.7389385699847444,-1.3909449079220986,-0.6372141658147811,-1.513047516375516,-0.9727513178422184,-1.1247457863220762,-0.626201686660083,-0.29169783658644144,-0.46584468986434624,1.089261624354728,-1.4931163473068987,-0.7540526315587253,-0.10445376797119411,1.7506274249604064,0.221372750331982,-1.5144000146188397,-0.0894221186547295,0.19525232366705095,-1.71403341752932,-0.24540539827467506,-1.5681281111255716,-0.0740339039040046,-0.6407576473393988,-0.3589753654290555,-0.729382105866611,1.3047140132192745,0.08661964311846707
-0.565497895683117,0.8045625279587684,-0.2865040099099381,1.016145418936968,-0.48447417388121095,-0.35925007323375713,0.8007335305282965,0.8615991987336123,1.1478862623373365,2.6980840887901056,-0.904797783659566,-0.49713753559558005,-0.24006642959921798,0.9044933173573788,0.9658369110262969,2.469775134496846,-0.4881126682282405,0.4669580655350968,0.024421756528132554,-1.5435179696368158,-1.822254936448121,-0.3645231950235614,0.513034690996168,-1.1414314439459665,-0.22342777631936306,-1.0298391213845137,-0.691978072904791,2.7795571178049543,0.2540278396388951,0.37124994186036603,0.08461568721008508,1.9199768359370857,1.0652932645067783,0.9006028482091506,-0.03926655855783062,2.1522080300748674,0.6451682123798905,-0.7366128926717104,0.49068384032763435,1.2317958245623213,1.1295645596357882,-1.0185207571346107,-1.9052250864026088,0.08926508895703,0.11252409216865522,0.35607802863583504,-0.5618715632350586,-0.12140688047870796,0.29754348583046064,-3.1351910217769037,-1.2903501804789448,-0.6807942718907027,-1.6079990148512215,-2.1498520334501166,-2.0527779989489456,0.958600572689571,0.7395065725009166,-0.7350365273192652,-0.5105527802917429,0.8966807941343062,-0.2509135051709745,0.22527592799662338,-0.8997208088517108,-0.19738779006321824,-0.22324325756079744,-0.9361937345101402,0.5670191648185436,-1.8702748761679688,0.05098116860783629,-0.385168770898637,2.2125022754066563,2.5967986669778087,1.0328581278928597,-1.4018520600568456,-1.7924244571332622,0.6163873398501878,-0.030003262804466052,-0.7874822574359839,-0.3367133890738758,-0.1926680872735462,-1.8742699696802987,0.686255684077358,1.7407683395964006,-0.44457309065175116,-0.6693434142030438,2.884282796285495,1.6534148334155672,-1.1552317234691305,-0.633489331435303,-2.4777979278131954,0.34935943146615545,-1.4531446740846277,-0.6171481828596486,-0.3299004004276875
