Cells_AreaShape_Compactness,Cells_AreaShape_FormFactor,Cells_AreaShape_Zernike_2_2,Cells_AreaShape_Zernike_3_1,Cells_AreaShape_Zernike_4_2,Cells_Correlation_Correlation_DNA_Mito,Cells_Correlation_Correlation_DNA_RNA,Cells_Correlation_Correlation_Mito_ER,Cells_Correlation_Overlap_DNA_Mito,Cells_Correlation_Overlap_DNA_RNA,Cells_Correlation_Overlap_ER_RNA,Cells_Correlation_Overlap_Mito_RNA,Cells_Correlation_Overlap_RNA_AGP,Cells_Intensity_MassDisplacement_DNA,Cells_Intensity_MaxIntensityEdge_Mito,Cells_Neighbors_AngleBetweenNeighbors_Adjacent,Cells_RadialDistribution_MeanFrac_AGP_3of4,Cells_RadialDistribution_MeanFrac_DNA_3of4,Cells_RadialDistribution_MeanFrac_ER_3of4,Cells_RadialDistribution_RadialCV_AGP_1of4,Cells_RadialDistribution_RadialCV_AGP_3of4,Cells_RadialDistribution_RadialCV_AGP_4of4,Cells_RadialDistribution_RadialCV_DNA_1of4,Cells_RadialDistribution_RadialCV_ER_1of4,Cells_RadialDistribution_RadialCV_Mito_1of4,Cells_RadialDistribution_RadialCV_RNA_1of4,Cells_RadialDistribution_RadialCV_RNA_4of4,Cytoplasm_AreaShape_FormFactor,Cytoplasm_AreaShape_Zernike_3_1,Cytoplasm_AreaShape_Zernike_3_3,Cytoplasm_AreaShape_Zernike_4_0,Cytoplasm_AreaShape_Zernike_4_2,Cytoplasm_AreaShape_Zernike_4_4,Cytoplasm_AreaShape_Zernike_5_5,Cytoplasm_AreaShape_Zernike_6_6,Cytoplasm_AreaShape_Zernike_7_3,Cytoplasm_AreaShape_Zernike_8_2,Cytoplasm_AreaShape_Zernike_8_6,Cytoplasm_AreaShape_Zernike_8_8,Cytoplasm_AreaShape_Zernike_9_5,Cytoplasm_AreaShape_Zernike_9_9,Cytoplasm_Correlation_Correlation_Mito_AGP,Cytoplasm_Correlation_K_DNA_AGP,Cytoplasm_Correlation_K_DNA_RNA,Cytoplasm_Correlation_Overlap_DNA_AGP,Cytoplasm_Correlation_Overlap_DNA_ER,Cytoplasm_Correlation_Overlap_ER_AGP,Cytoplasm_Correlation_Overlap_Mito_AGP,Cytoplasm_Granularity_2_AGP,Cytoplasm_Intensity_IntegratedIntensityEdge_AGP,Cytoplasm_RadialDistribution_MeanFrac_RNA_4of4,Cytoplasm_RadialDistribution_RadialCV_AGP_1of4,Cytoplasm_RadialDistribution_RadialCV_DNA_2of4,Cytoplasm_RadialDistribution_RadialCV_RNA_1of4,Cytoplasm_RadialDistribution_RadialCV_RNA_4of4,Nuclei_AreaShape_Eccentricity,Nuclei_AreaShape_Zernike_1_1,Nuclei_AreaShape_Zernike_2_2,Nuclei_AreaShape_Zernike_4_2,Nuclei_AreaShape_Zernike_5_3,Nuclei_AreaShape_Zernike_6_0,Nuclei_AreaShape_Zernike_6_2,Nuclei_AreaShape_Zernike_7_1,Nuclei_AreaShape_Zernike_9_5,Nuclei_Correlation_Correlation_ER_AGP,Nuclei_Correlation_Correlation_ER_RNA,Nuclei_Correlation_Correlation_Mito_AGP,Nuclei_Correlation_Correlation_Mito_RNA,Nuclei_Correlation_Correlation_RNA_AGP,Nuclei_Correlation_K_AGP_ER,Nuclei_Correlation_Overlap_DNA_RNA,Nuclei_Correlation_Overlap_ER_AGP,Nuclei_Granularity_1_DNA,Nuclei_Granularity_2_ER,Nuclei_Granularity_3_AGP,Nuclei_Granularity_3_DNA,Nuclei_Granularity_3_Mito,Nuclei_Granularity_4_DNA,Nuclei_Granularity_5_DNA,Nuclei_Intensity_IntegratedIntensity_DNA,Nuclei_Intensity_MassDisplacement_DNA,Nuclei_Intensity_MassDisplacement_RNA,Nuclei_RadialDistribution_FracAtD_Mito_3of4,Nuclei_RadialDistribution_FracAtD_RNA_3of4,Nuclei_RadialDistribution_MeanFrac_DNA_3of4,Nuclei_RadialDistribution_MeanFrac_Mito_3of4,Nuclei_RadialDistribution_MeanFrac_RNA_3of4,Nuclei_RadialDistribution_RadialCV_AGP_3of4,Nuclei_RadialDistribution_RadialCV_DNA_1of4,Nuclei_RadialDistribution_RadialCV_DNA_4of4,Nuclei_RadialDistribution_RadialCV_ER_1of4,Nuclei_RadialDistribution_RadialCV_Mito_1of4,Nuclei_RadialDistribution_RadialCV_RNA_1of4,Nuclei_RadialDistribution_RadialCV_RNA_3of4
0.8223759364110835,0.016753173176210057,-1.496701308710847,0.9533930097387109,-0.024323177295582865,-0.7411114417482589,-0.32816727326161266,-1.4982614078214307,-0.7711671505381217,0.16144451861440787,-1.1970080873006501,-0.15178586037774144,-1.1101896170018482,0.2248786633765913,-0.07587165373494342,-0.17915428674974399,-1.6380685511270434,-1.367970271484373,-0.6921563270563041,1.154556135631938,-0.4062017899139862,0.242345131221688,-0.6603732914491451,0.9667886842302108,-0.31606485960731034,-0.4725290688059565,-0.488033489007608,-0.1107106436895664,0.5051690075092783,-0.5782280955330575,0.016523098762206256,-1.12647031562482,-0.3993031838436023,-0.6848467359764154,0.9564009601909083,1.248321623450133,0.7107529284319059,0.7413165593069126,-0.6046812020860068,0.14259478321945157,0.1654839404126942,-0.5978402186368442,-1.137815406552669,1.4875206108442056,-0.7202753832916821,-0.8734767042611982,-3.017390199706691,0.09218291706308701,0.5205268926384646,-2.8753142174221975,0.21989843754817273,-0.6307978485514086,0.9085961106918907,-1.9260127206120945,1.4230208053976168,0.11549155569608205,-0.3690443301860385,1.1032646057859052,0.4321775400982286,-0.4190845023253563,1.29155869618956,1.7243130446745685,-0.6186192082693822,0.7204139953248652,0.42245634725850656,-0.2990144875876593,0.6822902672987119,-0.5557583825047143,1.5935643532232355,2.627610239045159,-0.631336618419892,-0.3846436857541736,0.7943126932747786,0.4476243659555733,0.2984125774658041,0.24007397821576842,-0.013514696593511913,0.6815508029245385,0.9096206210951177,1.0564700137092937,-0.899626978806114,0.26824843463914866,0.17638147226251025,-0.5742092233709438,0.6008460535625182,0.6208156610784721,-0.04127457506556669,1.918864382837953,-1.7259513954936687,0.9742072905551645,1.47460346998432,0.1086914926527834,-1.4990250170746908,-0.5118141094766251
-0.5087120183330938,0.39055055771165137,-0.6309983105580868,1.1899727131997484,0.3371752083647796,-0.9464286899736655,0.41097834380912746,0.41046283085713076,-0.016529545219033936,-1.0721021899579337,0.011435503375430756,-0.28216587737252014,0.8063024825593255,0.23838784878894037,0.33425360454382763,-1.05369801128156,-0.43984175350077054,0.7507984450258428,-0.273480153200214,-0.4845828502432068,0.7106484824097921,0.3679489509215426,-0.06300802658199797,0.0968392952518426,-0.13508585703543316,0.31685194855075505,1.1853314138707556,-0.9583847941410661,-0.4903136623270529,-2.2450034014513474,-0.39973005959844216,3.295984428169638,1.146293642112114,-0.9976931973387112,1.7779483064161727,-0.7699296968366468,0.43780859700740515,1.101277593608457,2.1315481415136013,-0.8634279680468122,-0.6246260719521449,0.2400762754215492,0.026189378506034366,-0.8463196477931734,0.7371836315520133,0.1176568803408611,0.23109299368010575,0.33369917988809705,-0.6296253521981645,-0.14830018286826108,0.36507651057240487,-0.12152155490588853,0.8785307660392982,-0.009301315487405343,0.26014093533044574,-0.29118158967403757,-1.2207478420115383,-0.36736912698499546,-0.2675485233755348,-0.6032990872958561,-0.6993670135670211,-0.25494406143933607,2.0968386725318133,0.6528586552321624,0.40383716824023186,0.9360368053020041,-0.2813635513269614,0.9898392999016854,-0.1641146829412083,-1.2915442822051475,-0.3503420454871693,-0.5171586489343559,0.4106931658858589,0.43807938092190923,-0.18068075710586817,0.003268878388494857,0.038022217706416006,1.6214986933233724,0.6324288975034131,-1.6391665817524945,0.9446193832827905,0.5056360606543031,-0.7514381319245729,-0.927526237982721,-0.5378026767885702,-0.8494249192308259,-1.5023771676811677,-0.47525747026652093,0.5711693074145944,0.11041103376126311,-0.5100881488181983,2.0433147186069966,0.6523187485880066,-0.43084512188056495
-0.5148274434251079,1.2482135066715336,-0.29369041722985495,0.21331224841278437,0.1150847225659569,1.099700215877265,-1.921694119897626,2.2551531724075584,-0.20450438961636425,-1.0473280581632138,-0.6475695209318111,1.725615815468339,0.9030391818375584,-0.9264204968243109,0.7177774707573817,1.0140117785873022,-0.1393716571284911,-0.05555838441228936,1.8883007817439696,1.1419735063205567,-0.35455113272350347,-1.2656099654227324,-0.024699182437580833,2.593680106673859,0.21879976292698278,0.6635873589546905,0.06260449542149277,1.2814791978383981,-0.9564177256909292,0.1684113807991435,-0.5360346306448978,-0.9392527014398504,-0.6055782389807177,0.47993360146691805,-1.7602772537387017,-0.0328304359038023,-0.2611168973072948,0.07719782756793891,-0.7791576827742127,-0.1253265620426489,0.05609359224835314,-0.2778636726011585,-2.041815297548256,-1.9797949501071765,-2.2578018946819465,-1.3143032094556875,-0.48167529631506645,0.1953529244435696,0.6898890427527432,-3.4025516031270318,-0.5315287954506482,0.21916022395605456,0.2622294398914582,0.6713868762535082,-0.6061795379722678,-0.5713842767613644,-0.21394882937204068,1.1018319397429632,-1.407989188118285,0.21709440971249577,-0.4478126489943852,-0.25360983663017544,0.16588622597503705,0.6827413742262559,1.7824016928347295,0.4972238369951547,-0.03393389421275694,0.8463923606230949,1.2632082787841539,1.834460008836425,0.7338032960961515,1.0270734869092486,-0.6466657148131084,-0.8376557092925949,-1.8565334407893128,-1.2766091998190277,0.5594708244413432,-2.3354571044786283,-1.5259370400153323,-1.0892659498392243,-1.173010624272476,-0.30745675332500266,-0.08464157223216495,-1.4733759524746903,-1.379733965917878,0.2834490971627977,-0.2947461238068436,-0.148365561358341,0.29194538679365367,-1.3972887813276829,-0.46487747724474693,-1.9702734067359366,-0.7724630851128504,-0.4108193371808486
0.3931708819745235,-0.7619292660743292,0.08998114832530812,1.5876157278978311,0.4379292006593098,0.6851085978783598,-0.7658894007103836,-0.5078298484883853,-1.185977948016357,-2.505363234823621,-0.3916421681494045,-2.414177278252673,-0.17889221271688163,-0.22256472810488404,2.0297392939591155,-0.07384964035023273,0.4285583945511098,0.278457569008523,0.07491622796850406,1.0651481011036625,0.5324607378948115,-0.5430760246696945,0.84540699418387,1.2528829656401723,0.5543675671474703,0.5030395167980033,-0.46909421395379247,0.3118146258107669,-1.006434598723208,-0.3116920987164717,-2.012961636058593,1.3749988478556294,-0.5713012733156986,0.6567927639261776,0.1404522777003374,1.4069052134139346,1.5619621792488838,-0.815826759522842,-0.31349508084289335,0.9672646996426615,0.6871206302093165,-1.32338082064273,0.6710132068024495,-0.20563961571427924,-1.5676797956598212,-1.0339563175332382,-0.999355424540207,-0.7836189327976856,-0.20848605546453625,-1.6548912599069534,-0.5332127153659503,0.45637845321419884,1.5753190218332944,1.5291598798576709,0.31353689480440833,0.4590599956432945,2.1316827101492732,0.40044438815937655,-1.846429503307947,2.5881749569727304,-1.9430575479236294,1.773119479142004,1.2775724043553591,1.2160990542983192,0.4220248611103168,0.12817620874262595,-0.0036508676937538342,-1.8637835064778079,0.04715178559834088,1.652912979685195,-0.1271923080612785,1.4997701952998996,-1.3803565069357933,0.0866691673557072,0.12232204879284403,-2.298956437489369,0.9683719672363688,-0.6248300348151159,-1.3283591786972906,0.6394614798541002,0.38115787243963806,0.8682976272507534,-0.11042611658755402,1.100610456320976,0.3601778794049304,0.14030693575180953,-2.9831167513847108,-0.27012998477990613,0.10220008756867645,-0.6313950535533084,-2.1298504533581126,-1.5620639517591663,1.5917968999928596,-0.3940405680103046
3.277288117648684,-3.0284582407975096,0.9790703138886017,1.8423164337914997,1.2814647221057873,0.08089541293125847,-0.7471864459444899,-1.230204492322396,-0.2699326729019167,-2.857830946077556,1.6671296002277782,-1.9796352807229758,0.8357283876230572,0.33216070894511485,-0.1049412439916504,-2.539514886736374,2.407912574320166,0.9732411609698195,2.3841565166885013,-0.20095526991441798,1.5681954148167927,3.6064273039144212,-1.1335683066546514,-1.6383205709752353,-0.34307951522637414,-1.5827083879256174,1.8125121880908972,-2.6334128498022458,-3.4697555552862034,-1.0947553931074208,-1.7947934284818392,-0.13163499828704117,-1.593446900348439,-1.7702300209749855,-0.0016018553295710225,0.25850576266936953,-0.08029047470654427,1.1318748325437893,-0.3894453409932955,0.634867446063695,-2.048432295844285,-0.9367197921110552,1.2983514609952551,-0.3142333072257135,1.154463018432181,1.1300639432646458,0.19288432842972317,-1.0608332691473406,0.3401417314178419,2.633267668332303,-1.0167736118665256,0.22966874293751405,1.9251157435980477,-2.131614701252026,1.6664866188120646,1.3125202259623625,1.6420465815785283,-0.10472567759407658,-0.09516720220569092,-1.0037432072109242,-1.2654204287252264,0.4154932939529963,-1.4894097230566659,0.1095856785233873,0.5378054269203069,0.5462551498555346,-1.3322450888002573,2.1588889914820415,0.06310620326283639,-1.8544410602656733,-3.3392788770745985,-2.064527131869005,0.2036094007024316,1.1751026891536631,1.1271559051259576,0.43556483965804815,1.0627191347921598,1.1967036645778124,1.393706335313488,0.025585233435392613,1.635828158804755,0.3976289858623963,-1.0116398408673952,0.7100395540801653,2.0789994103140508,-0.6815347424071008,-0.30355367444062503,2.076419097820321,-0.4313714624044189,3.05451166974845,-0.6108851184215671,1.2499427304698236,-1.9763368937307964,0.043842499549100244
-0.8429442634430968,0.84201031243559,-0.683293302735814,-0.06359170141551046,0.14245859083304677,1.0887386303522828,0.04915382298236305,1.1110660571883524,-0.27768891706857934,0.5522196090887018,1.8799431825824429,0.07682390370919401,1.3214732973360435,0.2592643683546869,1.4532566334869745,1.5866729347507043,0.06126895457635852,0.8006202530566833,-0.1783117924836155,-0.43735228508256496,1.2529656497551878,0.4047033277309913,0.1437922506524536,0.655948072321008,0.5739927286201836,0.030953880007430157,-0.9925124117762121,0.262331286701727,0.546420754576145,-1.0666143504347112,-1.0248269527323663,1.5747107343712596,-0.5953151101349077,0.467528912407529,-0.3404843515891003,0.9097488656595867,-0.8120939553867558,-0.8632189975419027,-0.268846696099804,-1.2058811073205948,0.9732354390976103,-0.6483460836387823,-0.4696507551058886,-0.27193134608864344,-0.24168009825204062,-0.34392612947141016,1.4070429182541746,0.4385789791889692,-0.9273363526445547,-0.56365315173484,-0.0683480807285716,1.6600651715404313,0.12099100810713265,1.8266512383388127,-1.3149263687261672,-0.059624227196771185,-0.4984661181475186,0.13631221626085932,-0.1513563409159846,0.7914363420940413,-0.1585132007013047,-0.8426493040470829,0.9500911908625713,-0.7474369487873275,0.38199031245446413,1.118742405730851,-0.19617555886612942,0.005542276057300621,-0.3093193702228417,-1.2565450146397366,-0.9020456770357661,-1.1067095739500377,-0.07633209608426827,-0.21738955689697242,-0.6931161814725288,1.0386791382705114,0.6308481366054172,2.09549499164395,1.0186461472343997,0.8112691021372843,-1.8519028656077188,0.6368587166763395,1.882220959544159,0.7420994152061549,1.6643627287581422,1.3417092243486535,0.4805241946172868,-2.3493757266238613,0.33866520872624784,-0.12946590331981045,0.02205826551786061,0.9502973691923422,-0.8663011196692306,-1.056140186095092
-1.490104683612115,0.971260692079534,0.4251395485762548,-1.826015189532062,-1.8688581388009948,-0.38464701048737565,0.26711332512902997,-0.16620291212306093,-0.5945499527056897,0.3502127157094316,0.6446714197622,-0.25974117796817886,0.739194257320847,-0.0484017140209948,-0.8645120671892609,-0.590390682986982,0.20628016581298303,-1.5631106832990485,-1.0535351317003891,2.7048202901660323,2.4003355673315374,-1.2577452928541994,1.2543931912764228,2.8631521601637115,1.495072452823011,1.5423776110377014,-1.5691539581070135,1.5164062670488936,0.5822075541167367,0.33112026364252095,2.3544810870298374,-1.4089399080488632,0.34784643760297523,1.3394610600248122,1.1142219627642702,-0.5265020524109386,1.289842094338138,-2.532582987104349,-1.8981618675732481,-1.2673916794646705,-1.5306152796016597,-0.6135199117506704,0.08607145251843087,-0.6588767097884974,-1.1254002810600792,-1.945946410882258,-0.3383861154201183,0.16444241734595622,1.129557346987682,-2.0310415766327643,-2.8760770731370155,2.3746922878909142,0.013932604050150843,1.620296387986686,-0.9709542844000569,-1.6092660712948441,-0.8987098042660493,-1.3620389165813964,0.1451240895062592,-1.6586865828420958,0.5936302291781546,-2.074866206546799,-0.6515510626545881,-1.979930886492749,0.8417249600235377,-0.4949930634053251,-0.07155509484571693,0.3852927873786217,0.10921264344489945,1.3023949542305053,-1.9581162627730606,-1.1000795661383829,-1.944657288545025,1.1882292790112092,1.2580964844636822,-0.040528355786777714,0.41244795953786817,0.5890609488896552,0.5633110954261819,0.5486737240720966,-0.9269865313961948,0.21356347111300267,-0.0006639495859516731,-0.5938128269264856,-1.699810221835937,0.2120178357554143,-1.0161070611863208,-0.7800375791376755,-0.023088330544928794,-1.3900167001283876,-0.216353968015343,2.517091018240068,-0.4598049853205729,0.007319634998314395
0.7249782808588632,-1.4566626367338615,-0.07280017385575527,1.582755581553354,1.432024245910372,-0.3344688584991551,-0.6428701786906434,-0.977816951870639,-0.9712969658105619,-1.0039227832254283,2.3993891110326375,-0.18063529800373793,0.36218695035640447,1.2432147513711724,0.33256883209994675,-1.7934578836711,1.0820205122380784,1.077331670109335,1.9006469666685395,0.22890362721141158,1.4332674729135648,0.8467643353091978,-0.2063733711515845,-0.8143602322688922,0.46862350341374803,1.0515947623221376,1.3329374858324274,0.2404236788367018,-0.40376374322064995,0.9761528027299978,-2.2984595342694027,1.5513781833196023,-0.06754237389554135,0.6516293786791812,-0.8995576810955133,0.8747662104415851,2.1444431689331775,-0.07295336080857828,-0.025601567960899796,0.2907972269949809,0.8009561737506584,-1.2191596407947447,0.3574247955100256,0.26392149260843323,-0.5473251172816413,-0.5128166739083155,0.9789193793878812,-0.1906013215093153,-1.9269788422665286,2.4321461838015064,0.0486718993777924,-0.5683086292143522,1.341377668735917,1.2877248394774523,0.5563046999130556,0.41924343882472515,-1.5033398620253913,-0.02507717889783806,-0.36128225801303343,0.3981829469315591,0.5574333600916281,-0.21532537979987526,-3.544058173178866,-1.6361204271507228,-0.09063227050418732,0.5333247169969022,-2.315792481270735,-0.5159139909804527,-2.2564182256740803,-0.2651206494209788,-1.0537617769880547,-1.7978640085103472,-0.6098226529670326,0.44429232234550675,1.8122245009964462,-0.7890558702813374,-0.6013328709538361,0.5186353159822138,0.6855440651502578,-0.7263881285364776,1.2644318527086935,-1.2423196952726303,-0.35699810064811144,0.876158493324417,1.7816592128055495,-0.6876682699518291,-0.8469654765830881,-0.5126958408730302,0.05590076040734864,2.135218409727705,1.4198248024924929,1.6257919125839053,0.20642052743717187,-1.9412668609382202
-0.7803177058955049,-0.9990518013935713,-0.23720660530073542,0.8104806045259132,-0.12651557228232843,-0.24734927392216502,1.0454261355827426,1.2698806823629571,-1.261140180975864,-4.53726285543214,-1.9820265359654685,-1.2511588276355219,-2.1454795195862895,-0.4357412030844837,-1.1226897939761384,-1.1055763140097659,-0.7928771406715546,-0.5930208134417709,-0.0246509437712018,2.5696695758037507,1.3294548378303856,-1.7354893480307512,1.5393700716084004,2.164991557604673,1.6483020831566675,1.4391791729317722,-0.01737527145326155,1.4902655700611014,-0.14257254900373312,-0.9758322381280061,-0.5864330701378938,0.17942422175136408,-1.156922940648148,0.9955910580529879,-1.2818069549528321,-0.18451586402512937,2.131361754741186,-2.1023137723467196,-2.9813328697616797,0.05614688036347948,1.5185751474004596,-0.9787482275518957,-0.7854996644716491,-2.207804908344148,-3.395525884740931,-2.1258067307831516,-2.0783243127485056,-2.3313101792578275,0.9160554975292865,-1.2830151289221032,-1.5663297131120166,2.779723982226143,3.2432405096114687,0.6891975755362538,1.8700813388930433,0.10739182653204304,2.7284253887129117,0.5473739169612345,0.042744782384256275,0.749812025912868,-1.3315693127659352,0.7642889455131198,-0.4634748545240862,1.1893593554828255,2.439073936470556,0.9293751782118074,-0.4520033719650842,1.5167651150487473,1.4627813745527591,1.5457371349562767,-0.3269732559026689,0.7812251807096606,-0.4769650631056344,-0.17471246201835222,-1.1233225313996993,0.07484693727578562,-1.3149161160797291,-1.38168273059074,-1.5850423153085134,-0.6236536835129066,1.5029191399008046,0.4252399394702275,-1.9162811017892136,-1.482139427365316,-0.7158964847974953,-0.9015821966836239,-1.1978661807982594,1.0236186042188253,0.20848352113798732,0.006019848059536426,-1.9249079003644702,-0.673044927636878,-2.7505959506999,-0.7030705313316102
-0.3676112018970305,1.9257230908748446,0.024174436577726933,-0.21134598247867847,-0.31496708956930203,1.1283900261290951,2.836589560618992,1.1189419235105447,2.815951722937564,3.6136283834599996,-3.163443734578353,-0.9073751364252645,-3.2321016416532693,2.3286249293866184,-0.013448068732404787,-0.1352196737537855,0.34796141299557026,-1.2110133790280617,1.7561469667765952,0.4503118021141681,0.044946526576632284,-1.9848459858588345,1.2773481440118337,-0.4980056742248312,-0.6398492144728306,0.43547510683062524,1.6314281173524288,2.166947762266913,-0.5436821390462757,0.8628160708573686,0.8312553433109933,-0.9592769373772062,1.4393192269145705,-0.05463892899311995,0.6597829649313334,1.518439906484197,-2.9455229317854048e-05,-0.31263542789197496,0.047210771790556244,0.9990284332443872,0.8448566742137313,1.4140592704923347,0.5229676100359568,3.777454974176152,-1.7718380980701138,-3.1311008530737103,-1.6357085294688805,-0.3057697474389617,0.31939646413473066,-0.30914975969527597,-1.4139392849670833,0.6081209475893661,-2.7749577675012196,0.6899713047683895,3.216059176460416,0.16550018938864527,1.0504975300656876,0.291793054364877,1.3231672401564007,-0.947017980033988,-0.8879113575826421,2.737106703680727,-0.8698013734838007,0.8024299685667626,2.1064538184740687,-3.5104508831078163,0.6878595830263823,-3.807464673976271,0.08336473863004523,0.5199231368136296,1.650626414606991,2.3735816612772287,0.2889814187163967,-1.0961018186004936,-2.0365640747757663,-0.19032960435900578,0.7819094146054274,0.021648728879621215,0.6449812227383538,0.4133800678507231,-2.3097612860825167,-0.4711309993604865,1.4888367877330593,-0.18953992307413592,-1.2330915887157095,1.2303546010713802,1.6678804607525126,-1.9998150237679746,-0.8340398603297335,-2.211284225786719,0.14444935285232727,-2.741358794360447,1.3767157014643927,1.0333927026028267
1.061922076567792,-2.383124070030896,0.20518330497836892,0.8140469423431018,1.0526510154334334,0.15836908814576398,-1.0550928205890073,-1.069803185798385,-0.12265560043003765,-1.5790897044271057,-0.3976227209354511,-0.43421176905444797,-0.6457338283518925,0.7131124092312676,-0.28554317532100865,0.21567589825965872,0.31157397293119715,1.3161728757355284,-0.0011176893899513818,-0.07077785508468659,0.8762762829803794,2.4907449250595057,-0.8151344604306014,-0.5121360325450875,0.005004117929152341,0.038737249251622786,2.0796300149861704,-2.079719274114041,-2.0201943885110243,0.19011733310057688,-1.5806717856923687,2.3458451562075475,0.29333769361146667,-0.26379929538892843,1.0140662629557498,-1.3894901886114583,0.7759679662303502,1.4901928499713368,2.53248014103497,0.9707177160972462,-0.015679167043229914,0.15913426106400635,0.15643514484537768,0.5280046115830306,0.5576551225581249,-0.2793517283405998,0.14053794951841025,-0.6931278460387418,-0.8397097948420345,2.3356858728366863,-0.16125217973518402,-1.619024945912165,1.1004453267684728,0.10426254414623126,2.589724933562442,0.7258112093215614,0.8020980873126976,1.1646593729715635,1.4009381265674987,-1.0585940238049136,-0.5247180284063673,1.227337326064337,-0.24243014947596156,0.47677178140195137,-0.3839993684580225,1.6539643851563777,-0.12065784802092516,0.7858168309361365,0.2917949739816076,-1.1064903039309941,-2.6805384604734006,-1.5246522391500055,-0.16599373304820025,-0.7022844060450331,-1.5449598168722285,-2.0289549770238535,0.22820360993888114,0.08987208793930118,-0.053691160341206634,-0.7191953264016893,1.139660347571568,0.5768051699965253,-0.3763422084635105,1.3062703007112395,1.2159327824435882,-0.2026006634020204,-1.1524768836526875,0.8937786849641735,-0.6105762100866599,1.4570461572334192,1.4893008278420508,0.4585263177599732,-0.7506482809523334,0.6824721813847768
1.245270333764266,-1.1241386174205275,0.2076647743808167,-0.043182761747272674,0.9968095307634066,-2.2153568981509517,0.041631378161652854,-2.3640447457800136,0.43266014539976105,1.3012525326555473,-0.13312740213992225,-2.26812564974477,-0.9626188704323648,2.4058349051006327,0.2164628880105298,-0.3687056444867083,1.380304398761334,1.0796140285523403,-0.37540546834476285,0.6509839028125843,1.3283552257108093,0.7165434623150339,2.119741381665599,0.8504078105728214,0.12083106680993361,0.8508691620464757,-0.7619577815090652,0.9782199770905494,0.2839391583352065,1.6338977935286998,-2.280550903781804,1.362028551897959,-1.0632080689066716,-2.1315593911771464,0.5216398511675441,0.4576178776436634,1.0112969763086654,0.6235251188994217,-0.3659308607191998,0.41466546745929395,-0.9982121713789062,-0.5489357871745556,0.3106059877474697,0.08179157344280172,0.3590549741469764,0.10882711434256648,0.4700850809017552,0.26471950943210903,-0.7689287443014701,0.21634525771604424,-1.3322028171435378,0.8548760488007641,1.4819318122926055,0.8590199913003654,-0.1554416681780515,0.8793816175813867,-1.5067007524095106,1.2448805289691598,-0.5735009320913601,1.4840168579664197,0.6632505016010962,1.379919991272243,-0.44905272334352164,-0.43765740648575235,-2.0260352082609514,0.25464945826832064,-1.4698830915587247,0.06814808376538295,-2.638217095127085,-0.8065657687267419,-0.07631692400069448,-1.7565167000718283,-0.0831660095156258,0.37256174722862595,-0.5820986161613237,1.5372831478961038,-0.35591280876949005,1.0656691179219233,1.3657256515349738,0.2410820361850895,0.7945132415743192,-0.5998410562557541,-0.36703188603900616,0.6266216225340042,3.084167085676434,-0.8312412485380452,1.014592813007573,-1.7263319004256763,0.32906624859409384,2.026727524350494,0.07525924535426799,-1.1706621915843738,-0.2161362460198078,-0.9833607885039751
-0.4452045047136437,0.2885504082103304,0.563356872458535,-0.4970297908247023,0.1098325694912729,-0.6314922017549877,2.075593206569035,-0.43521098066666675,-0.2362240283324233,3.2941779659040398,0.9335738478211508,-0.1148465186255394,-0.07785265808940449,0.32494685355947905,-1.3182548159933827,-0.006162629540524378,0.6010419326048324,-0.6825690754297126,-0.1352424510740536,-0.24960138133639442,1.3863047670659614,-0.5693662607379711,2.2149833986620773,0.49815460316512183,0.9664391782060303,1.221200401252432,-0.004430172727142412,0.19507415609660084,0.2562670492248721,-0.595877524186613,-0.9675986464284825,0.09813088825435587,0.48715081413989175,-0.20058447952181627,-0.255497055030936,0.18116534652363137,0.5979618426922835,-0.2651530679308746,0.8562138285873586,0.6097681465628095,0.6348677806935205,-1.0991328100731699,0.8542836554626325,2.745085083226844,-0.15202584230400293,-0.4840582429438408,-0.14395526106879256,-0.6999429781319797,-1.0037652319550545,0.0638292455360574,-0.6315505831289647,1.9946001495412573,-0.3931933753309756,0.9485043950529555,-1.0157072713938464,-0.7821242329460505,-0.35310082171017604,0.41124170345699906,0.20478972125366005,1.6109958246178313,-2.047232923899033,-0.29339607955500413,0.47673966075783647,2.3297966473336618,-1.164524633027765,-1.6175937782396486,-1.4247061026029024,-0.47575469501452583,0.1678006914724114,-0.728539935027646,0.973478517891228,1.1001678532529513,-0.5095624813095468,0.46327661320767727,0.07696650417414734,2.1552748427939603,-1.2107465266948663,-0.3905256029776979,0.9459220575770768,-0.2584466874884167,-0.4301366702652321,-0.7177539017525714,-0.14943550678438633,0.3778439577536318,0.3913344054873734,-1.052410741732545,0.5331719023580765,-0.5618956909903897,0.10755016294728847,1.0691957436060608,0.14687802596257674,0.1485290644952384,-0.3777831818418993,-0.12071505177466034
-0.4882492450832161,-0.9641834350780853,0.3139057022633729,0.5183594911076714,0.5149004550791286,0.3942577355392649,0.9441793669973007,0.37617272665779905,1.6587858760300103,0.02830322201300306,0.089635131026496,-0.12409506262608339,0.2665078571082341,-0.13730251632491297,0.007813586125320859,0.7328902226090792,-0.2935855134491192,-1.063649780515805,0.16104822651549663,0.9045853003076882,0.7349356730768879,-0.21772060477945104,1.5203084987487583,0.4177423899795111,0.9669141701544657,0.2175818719822329,0.21753687068066474,1.194290391257343,0.308997178725058,0.9331143449429425,0.6562894440101428,0.08418862751862899,0.28432073434937166,0.9897816141990061,0.5160997710561472,-0.3947763112328416,1.154069212158929,0.45209793299637435,-0.012830185884425638,0.6305071266826753,-0.17101540383486746,-0.08181897127218479,0.28863276086776796,0.3043579466247228,-0.4996052742573833,0.1448553179304021,-0.11173919523137812,-0.5731287735287178,-0.15460927534554908,-0.5777889069107166,1.841617435242592,2.296410471786329,1.4395976710003986,2.2204034944832176,-0.4725440230462906,-0.8376535389632136,1.3221084794424653,-0.9312845881916691,1.0020476457772154,1.445241056857679,-0.5374309325968085,-0.8262236400411067,-1.0442977792815755,-0.38057096913053423,-1.4651822252523508,-0.2546232495142995,0.4096137503432341,0.4689008079852981,-1.0668528055305462,-0.5374245827978684,-0.3746969029300862,-0.4748222397607806,-2.0221438643909817,-0.22802728598053412,0.566065837754852,0.2230750222669287,-0.20494499303112654,0.6127001359683892,0.5510384989725616,-0.3358753798430952,0.5206967414050947,-0.06265195385665619,0.7961369416190633,0.463327794695309,-0.10667891218004191,1.1576548627432073,1.8014820555562374,0.1810177670725477,-0.1739330057828305,0.6437544692071919,-0.46287129751662315,0.24371458906559545,-1.8618334714711813,0.16736920854428278
-0.5631605395149258,-1.384756212750227,-0.06448261244095262,0.272490329349096,-0.5763679088325374,-2.5717931507553318,-0.48531107785823996,-2.8205227482060944,-4.728825938238933,-2.6834972265390538,-0.1225121759903108,-2.6256018431596337,-0.6763934641406419,1.0395881064882873,-1.25489537610314,-1.2927315187875466,-1.3074869887884555,-0.2121373486935646,0.9739294117198958,2.1524876344639106,1.1661616629736467,-1.5122014296628687,-0.5252688392476798,1.1462545242731426,1.9007234693607116,0.5663521062801612,0.5158439440660427,0.9121608252183794,-0.6476715039869673,0.7283912360824567,-0.32593574651376755,-0.0032441778321956605,-2.1179444772495453,-0.28815066657798893,-1.810849957891361,1.735558973926436,2.7120971701201073,1.2588125508057597,-0.8123593817875482,1.395855386853252,-0.3377769192314163,-2.6805250573551658,-0.2732300811960097,-1.8818102452553978,-0.8225209239970287,-0.05725058238481623,-2.338677051578159,-2.328539279629144,0.32028890264820714,0.4453179749144274,0.018625451995888165,-0.05487703921292969,1.448270349587465,0.021174644660120895,0.7904196718221363,1.6910352023852606,3.6773053373312368,3.782280011575664,-1.5775218074910957,0.5324881192414588,-1.8767397444076683,0.8591567300952088,2.415299863561166,1.7977029275747316,1.7570426035265856,2.3777061635382033,-0.1876400444420691,-0.625622748022691,2.2439897558523976,-0.08214217194321316,0.45414958113772513,0.4778475459955718,-1.0717573067708812,0.14317426918604714,-0.5685480290085918,-1.5432080270308581,-0.7547083987797185,-2.123545531396621,-2.852154851133399,-0.59118662182203,2.8020851149071158,-0.12126694583647613,-4.9730360237679125,0.42676784103790877,0.675184264587325,-3.5356153725427353,0.23366334801663416,4.132402931742822,-0.07104845589453493,0.5927806733415294,-0.2372483344141776,1.5330236986111303,-1.861600191575054,-0.6910808843180279
-0.6087397745340567,0.07769607775256189,-0.4589105185606125,0.28791431921939326,1.0010249015036992,1.6600764851748298,-3.1548019726544902,1.6132555671483741,1.4622500424164409,-2.090437818116246,-0.8156975024331197,0.8362802353002794,-1.539403568058002,-1.6383502443847806,-0.21772580722789414,2.282985229659989,-1.4776217998655394,-0.24567882926949383,0.9114230474797358,-0.6847127441945684,-2.3145167215100315,-0.7086632333937604,-0.720833956264669,-0.9198126842900893,-2.1424122916031094,0.4943997750915857,-0.820139312139714,-0.826637671995432,-0.2487268464613391,0.998681657351301,-2.7408854909110283,-0.020132835894334677,0.07206306862925302,1.7711593803590109,-0.8221726560233169,-1.124063189658217,-1.1655445052525295,-0.477570789602345,0.9168346513851435,-1.326098373545408,0.6773291838966314,-0.2625216005543721,-1.49089588405156,-0.9922888238628799,-0.11555835679518145,0.3464064314745251,-0.18259228147504156,0.41586247203180116,0.29106184121467277,-1.0122422756240723,2.6244243975233923,-0.6538190454667252,-1.7237959800441025,-2.2916794748297997,-2.6633275224210253,0.0736160975335513,1.6030233871277026,0.03401626112152964,-0.23610752572454613,1.4812260087490388,0.3384319299782438,0.46035164288704233,1.6785783554725777,0.22622440023411794,0.8921247858642081,-0.19562356198578457,0.8532144970294537,-0.16919692080755763,-0.1274105426084348,3.710942341570651,1.2722441314873683,1.0104417950355624,1.0951980575960203,-0.8305614714532394,-2.788114143320418,-0.7660796202155171,-0.1995556426718527,-1.78204401648585,-2.761489250322894,-0.7800240498321017,1.456866392774797,-0.5263620384102089,3.0224729099559937,-1.1022525056400692,-2.296639599514485,2.5063336529687206,-0.5250560814096519,-0.660794368724747,-0.31718299101743097,-0.6640003385402153,-0.14138511231995257,-2.104829910351028,-0.48258974788571163,-0.931559330475549
1.3534006365367026,-0.594568067146972,0.28593813968218795,0.20880018296817449,1.6400765086163382,0.3702048592329492,0.8026487277063344,1.347909796017869,2.088042494479991,-1.0778661468712034,-1.4489581594048038,1.1977228760526075,-0.4533187069686742,-0.6251161940606622,-1.959920976880177,-2.078055351718133,0.20212950570075344,1.4872142820390355,2.005440398186165,0.8222908604035886,0.8895190501780085,1.769990962078758,-1.5055760412702766,-2.2849282151444257,0.03802730904047169,0.059844859089216496,4.166422691524344,0.2089209694931533,-0.24306057353675992,1.192194106639757,-1.44225906263877,1.5319200398123436,-0.09574450787009853,-1.663664078476098,-0.0546674548610173,2.248936080840256,1.17236425174532,0.5416246247553844,1.6437273017698997,0.10770677905230117,-0.48997599766909583,0.4909770071271634,1.8615824397562148,0.6838155501048927,-1.0385703628273384,-2.0901999765399126,-0.8126572956879592,1.03988325594891,-0.19110647558543992,1.9759756348421749,0.09528656151775006,-0.5012987099125803,1.3913058673405247,1.0640190034573986,3.2576689240404413,-0.36171070446496845,0.3534456672743691,-0.8989506896542333,1.744758293145349,-0.4739837341389538,0.9101951880127703,-0.06259641596998045,-0.8549318325311019,-0.09044826987426025,0.33649502104568296,-0.5123047791794616,-0.975784652661168,-1.0691587597083279,-0.08762248096505715,-0.6325715088863461,0.07017068209762922,-0.4399904718181098,-1.189416040637623,0.2438512508663052,0.19590639936000115,0.13897821890461637,1.282340036151572,-0.03841643627659219,0.4069229725153073,1.223237434801431,0.9577597429941552,-1.6995219715697363,-0.049560153065603706,0.19704353682441822,2.018637592996205,0.08214861784253893,0.6132111859424181,1.1770318447529147,-0.2257103421565324,1.7952427897779664,0.89267955290776,-0.0390089681836764,0.39760903666606406,0.670208599898924
4.368480994559428,-2.3471253982683598,0.3103172192698368,1.3028064402923702,1.6543983390240573,-1.2277600699408113,2.1572803021852573,-1.483329315107153,-1.3326569295920216,-0.700313284344326,-0.6068260266848919,-0.7471305638873778,-0.2727267023623964,2.539307853642252,0.3672891998903422,-2.4720841446724107,1.4258960451320306,2.741885450033757,1.9496342045279085,-0.34538684869133784,-0.4580661410851969,1.0174522303891818,0.14248055595772308,-1.7332138902410972,-0.36120678106569737,0.3433232737228402,1.6302093994983813,-1.1808420709157876,-1.1354730571924214,0.005012554507257006,-1.54547592433769,0.7802231365634746,-2.3967047863855018,-2.919963385083417,-2.3089192744378995,-1.9705322866044623,0.5811626792744422,1.7262103670476658,-0.19222625644540087,1.7983281463521759,-2.26101106149409,-0.4521998567710309,0.9937602178082305,1.3588319446936876,1.2052881177852952,1.5004568345870766,0.8020682310051344,-0.46711598178896985,-0.20743155011425743,2.4169790679496663,-0.734908075997553,-1.7679892947099984,-0.2933127922601755,-0.5718176248196025,0.7860210950087958,-0.3986622681178842,-4.279092849600152,3.241821792959267,0.5497087947150527,-2.3109017908917093,0.1729752289993264,2.1440763616598852,-3.0479242047417636,-3.600521804207398,-3.338583018812974,-0.6803688530323524,-1.457956171139392,-1.5337684933706797,-0.8425361748840445,-2.380745476051492,0.12345940943510558,-1.3925940645797232,-0.8117475935310531,0.610300089203428,-0.5458377050532264,0.46047749326660015,0.4187822770677385,2.094273280402204,0.9376289239793743,-1.6263508175045451,-0.5022682035534255,-0.6532847362351808,0.06199417034531751,-0.34798783405208433,1.6903232363965797,-0.08317370055396178,0.575963611598662,-0.8735200025867162,-0.4778915239168531,0.7637454647516327,0.12485525591526088,-0.35777560061079633,1.046469721247962,-0.40815619175541273
-2.1050749560120083,3.5620933249548288,0.3150158168977616,-1.725746685400995,-3.2899454904263408,1.1284981278848485,-0.27726009902182147,0.9737142593227698,2.4764565866392454,1.050335921911767,1.7802692587063702,1.4956569995377573,1.715703372545941,-1.8255112270627063,0.5194113161063614,1.845718806975463,0.023970518247174888,-0.44743389162491726,1.610607958810358,-1.0192613127334837,-1.9429130097184286,-1.7547874723328385,0.5320366417137912,0.07244508847266382,-0.9011661716575958,-0.36707597467840425,-0.9803195841699104,-0.9616642384703669,1.252699265474365,0.019870814859150886,-0.0029385994870851917,-0.9017600608390923,1.1275034894591283,0.9426856361421677,0.7927263386496929,-0.8004719049006243,-1.3110766987600186,-1.9357993030041702,-0.20263481466976335,-0.24880602901924997,0.57915972190048,2.568255912270967,-0.9044852516758513,0.9845872853593672,-0.11499104675280734,-0.17893118193883295,0.1437609638176912,1.690665949040111,-0.42558680505666113,-1.7515366298039288,1.6066074866850624,0.8353662146677745,-0.8969414582454325,-1.4070594172703048,-2.7489815974788647,-0.9687042145348789,0.2738108578709585,0.5360064769959907,-1.271611926777964,0.5399966562418426,-0.5105377012324082,-0.4120932796075401,-0.06748499466759167,0.35977596744478674,-0.6589374147806206,1.8122693958310356,2.1071764292893187,1.438386205836454,0.26145093479090353,0.6456676620470241,0.04777345901860933,-0.10038420513881127,0.3831171652412425,1.7683452982666796,-1.239555164423459,0.5851322437844646,0.22708658892287717,0.16569389058178718,0.234605830186286,0.3707244287949581,-0.1830160576432932,0.08332860865130112,1.9887217563207056,0.36865120552177005,0.09403840423487361,2.065635423270593,-0.47586958378450495,1.8879408997494558,-0.3129146667900639,-1.25351250968589,0.3265838453347877,1.4928892346766893,-0.6074575253569159,1.1051059684680873
0.3245259905306072,0.31916428420239595,0.26751518175626476,1.2633201277801211,1.5897550188898002,-0.5450695824742331,0.21689497246250988,-0.6753277231362811,-1.4800968017478038,-0.4804705954676812,-0.20462825198171727,-1.585455262064209,-0.9703324630034781,0.3512613699275186,0.7042550497686431,-1.1856873164497284,-0.7839450743563928,-0.4051237213215751,0.538243174115824,1.2433080343423348,1.519822637870934,1.23665689002108,-0.04643456494301146,1.310044081611926,2.343837294021213,1.7783274433169836,-1.7337612315112723,0.5509351360491133,-0.05087392706709676,0.8740387163607845,-0.3630133167435088,0.3754057398138454,0.3449981501063685,-0.90426603762934,-0.010058480758812827,-0.40890935188338684,-0.16526108309446125,-0.6874777105173493,0.3498815587705468,-0.8933329976668882,-2.1321917656934675,-2.422402659475177,1.1324723406096733,-0.34529691423344755,-0.9962934030900847,0.3695319940239369,-0.026825757033761,-0.7355208081269545,0.04928652425633351,1.3500734424726955,-2.33608195882952,1.4863906102508084,1.28325844212061,1.4010087348891873,1.4592788593323314,-0.5144761149391859,0.35551642838194164,0.47886785569228857,0.021296555230090497,-1.2732257163205283,-0.7414153044752294,0.6859591019886907,-1.464468820807943,0.47141024805163656,0.7148386333404788,1.1579626844041075,-1.1778710654477216,-1.339324014542354,0.2927537987998801,-0.0675432989843403,0.15973865886644123,-0.2562447071164984,-0.3549724130513351,0.618925414073886,0.41722255238371,1.1806196532930953,-0.5972974422031162,1.412066640480484,-0.030295308472211346,-0.19627147174302134,-0.7734790638924515,0.057080286079249414,-2.2130668998598324,0.4673869232210413,-0.8508825793102288,-3.560141402425693,-0.38539490013830774,-0.015839575423939878,1.0530342893720903,1.2569657098413671,-0.5262219382257266,0.1890430239607117,1.3599809392654572,0.11105425609966896
-1.2132982152446896,3.3482658762903608,-0.2220617268531715,-0.48923557226722203,-1.4799290814715964,1.953002520352092,-1.3575102079302321,0.14167566072441254,-0.3887217281068712,0.7101207101417035,-0.3791354040657833,1.134313112108493,-0.32116608043863715,-1.0501435474049892,0.08820564674425244,1.5712511292620182,0.04822249430310244,-0.6520505140874926,-0.9903536232785601,0.13180389649261925,-1.7807492222916486,-0.7995823792306462,-0.07438285102753218,1.9335009007497093,-0.8322926317611428,0.5158711726966138,-0.6878698561032353,1.3726575086402053,1.3008169231142654,-0.5577611991943257,0.6073391124157553,-0.666539798568363,1.3774779160775532,-0.2932538553138349,0.03452038625158438,-1.371641347362468,0.19603485127394973,-0.8224924241641046,-0.9879574232181632,0.3295649337160049,-0.4166015643738711,-0.2673383589120241,-0.5735301798158358,0.28750725585707126,-0.8165831792042799,-0.01832007674694186,1.0696272602275454,0.6375574787460493,0.7375754525458359,-2.0290984635441442,0.33899964438761787,0.7156686304160884,-1.6687183656703954,0.24516160210968485,-1.7353604831587393,-1.2152672347380815,0.5050716186353906,0.13331874751499073,-3.4356451472712255,-1.244630416731924,-0.6778884481491931,-1.332495021200298,0.7717267920870332,-0.8727461003207868,-0.618554470784555,-0.8222906952878029,-0.25694429421348697,-0.0730433840056036,-0.11057880390303501,2.7193563089103803,-0.17704455178456224,0.8371557209852771,-0.36723145828342185,-0.5179552811345376,-0.46050149602833435,0.6451104206767009,-0.74862202132814,0.12849302226184459,1.1980815855812887,1.9581312517019178,-0.8965228368316002,0.1624450426501174,1.3456563124247896,1.0375129050554825,0.49486070092221235,1.3893453602215418,-0.21125149097352083,-0.08109545905475082,-0.04229972258440371,-1.6630333686616823,0.3717894736586509,-0.2746273205760835,1.0087288792346036,0.6133576060814911
-0.8716899309782794,1.0954931340611505,0.22365247080398962,0.05035434986880813,-1.3316878295294992,-1.0522232392910595,-0.05741986443064134,-0.9860210100560323,-2.353386294297404,1.1905191496580523,0.10245775294121791,-1.3456492599129584,-0.2716989914366729,-1.025552028141977,1.477907077856085,0.7890178018872074,-0.48138335070266614,-0.7424406192743936,-0.757690459905448,2.443322651058018,-0.12662084759899672,-1.3255714489829378,1.9055600753223045,1.651022223399262,1.5390352228558233,1.4459264853198417,0.019237715126359675,0.5414794111696588,0.33377963221396745,1.1295980055676065,0.9963983223993221,-1.1139701180573711,0.05091671683483884,-0.1694904473254005,1.3746867506533873,0.07407010445137062,-0.005394715689491986,0.7602977733278609,-0.8636895681392072,0.05586972714918459,-0.6623049470506938,0.05192609704095685,0.7194964455640672,0.34642668927596854,-1.7374194738966156,-1.9255102424122486,-0.624559126897326,-1.382824162489921,1.3566923193893752,-1.8942764167324415,-0.5646217768584618,1.749724314064478,1.2537382708209277,1.2241507916920311,-0.6563902447882286,-0.5451193018308264,0.7894622509995919,-0.7113232138054145,-0.3294252326391926,0.25113437118667475,1.7687246640327663,-1.392796618067376,0.7109793311454766,-0.9937925973263425,1.456033396150402,0.1522712045994074,-0.75435354810301,-0.36589243429026996,0.8968145327504742,-0.5364569571729344,1.025179120206464,-0.4265859444311302,-1.0181905520805528,0.8935907934334311,1.9675176964622672,1.344463184669025,0.1898957697666288,-0.45518312171255526,0.16245105027559928,-0.8909889369350997,-1.4254535374975177,-1.2383219574419948,-1.3461105704687029,0.0496453649019955,0.31893909324621716,-0.9770396626730619,1.8690970421601865,1.0970595840164832,0.6456957690533308,-0.24794021450023274,0.5725836090847272,1.6046489680656546,-0.11356420857103774,1.2426606328315057
-0.4611971534578232,-0.06847843881469654,-0.11046948496678442,-0.28552726096054915,0.40450173812625684,-0.6633919852397461,0.9797482078373717,-0.6332209478132697,1.0637999239492666,2.0449449038188585,0.8651574434158271,-0.6087933249621676,-0.6058871911028111,-0.9408241288156415,-0.4185073539014348,-0.03604961224955927,0.17200833362510828,0.8612976608501203,-0.21346225827506812,0.306141801968722,0.7709693334327711,-1.5644706187285817,1.68112623873328,0.8210791055034707,0.916126388730953,0.8866831378821182,0.7832845521588979,0.5131341039648194,0.5653881244041072,-0.19136501716191268,0.4056139155652965,0.21612730395350305,-0.31501298231685837,0.10549512580874365,-1.196610340846366,0.9462308716401544,0.5555405407731455,0.845159345845786,-0.2464470594131427,-1.3444827421943866,-0.12281865164176725,-1.27579729626304,-0.3203683042172284,-0.6056951207337086,-0.7647425237027535,-1.0181246611540018,-1.5916128456855763,-1.1719014023951881,0.4484828171519239,-1.7969203244219383,-0.22222574734181047,0.5349217156025496,0.4182957248063245,2.677213784281589,-0.5029521485616523,-1.6277858273049637,-0.41273149922643326,1.4834764699050333,-0.8699649958196143,-0.2440495327742006,-0.17801487817371903,-2.083693438164786,-0.1641404368503796,0.5227962064718349,-0.44739935211167703,-1.6657450140907515,-0.346534957294953,-0.25171675477864025,-0.9227360218478168,-0.8615713632327093,0.5012817674252372,-0.7653632159213984,-1.2207527697192457,-0.6601637639638538,1.1378988346294379,1.496376882562143,0.5367333702504437,-0.10407561835025911,-0.41524519224512235,0.04096575578652611,1.082506600874761,0.5873087880376279,-0.6343441466856826,0.16008794809300986,-0.6524312411157672,-0.6544385155152831,0.5134895809640676,-1.2225312629206027,0.10876494627652421,-0.3160080291995381,-0.6515813952489465,0.4451335998079873,0.4017054038818503,0.07383173861135928
-0.066202885377753,0.809147935600587,0.8022703488595341,-0.6761759179915668,0.5014515344396493,1.0305948219863978,-0.2911593354752412,1.6337294869449863,0.8445108493538831,0.028230862251808375,0.2652434977639473,1.365053283494316,0.7029470730934784,0.26680147639334584,-0.6289092600027042,0.9765784632223208,-0.35495656621466837,0.8487014190738216,-0.17618330695161505,1.627055994110913,-0.31522055851804304,-0.46842253801888367,0.06404248947538782,0.22552547261333783,-0.3377392926246908,1.5376337507035955,0.27918431821269507,1.544474659178938,0.5087616078800409,-0.6027268558413589,0.09452047771873667,1.6449410841940375,0.9185573801121059,-1.282490174255945,1.3715126597143257,1.5184565855370056,1.0425708404402925,-0.3057000967187554,-2.4303637235229707,-0.5178411983553458,0.16336423103888886,0.8179933601645226,0.2173503762900918,0.34517172836580023,-1.041608514106513,0.3667187125873588,-0.45548170138453836,1.1029631746826456,0.07016189470622619,-0.9275541469230502,0.034018743974902566,0.1821437391826702,0.22329006439194007,0.9225571276432264,-0.44496491102173596,0.9094670808005716,1.58018771454679,-0.2856451353104288,-1.2589801793047626,1.1451534873161329,-1.0406822686782586,0.3179002375789518,-0.4628971915560105,-0.14810788940558656,-0.010324883274617891,-0.45279897243632883,0.6039218386198479,-0.6036746924266292,0.9006250998764842,0.8749582492180876,-0.31864596804817,0.7576020508379465,0.9342780957626469,1.0058027848274957,-0.4816372244816742,0.09978106397947023,0.39621446639097174,0.0948901516174121,-0.42563491989931196,0.4567494916259932,-1.1675163002422733,-0.5688898528144024,0.1027182778473158,0.9626619108651869,-1.1753657793909142,0.9498536564659383,-2.120423289754351,0.7846467349498225,0.8278562401409892,-0.9759454925954617,0.670361835655966,-1.4195142969052053,0.09610830963581507,-0.6729386031081248
-1.194052819967963,0.19416926622664588,-0.5232810412433234,-0.15949411463363877,0.21938714180176955,-3.0946659189266548,-6.784416830970714,-0.5183747380954822,2.6557898330591305,-3.006939989638872,0.698376606160706,3.0526215095939224,0.9355188531431,-2.8924564869350067,0.06590402768188544,1.3306649414724425,-1.7287032257283725,-0.5911068273630271,-2.386098440229392,-2.440681338568089,-5.573387792741028,0.4915755318641293,-2.721031568342585,-5.335962999834276,-3.2081112939738325,-3.09056055194719,-0.6783745514991943,-3.0502000667254934,-0.1746548913317716,0.6012627743876394,1.480949826661784,-0.6926732469132962,-0.33380208438434666,1.7645760802040273,0.9164502733343638,-2.4879798960068813,-1.2040533273313918,-0.27358991573086444,0.29665383774166043,-1.6914735076352962,2.4975359137274618,-0.17964398930525396,-0.453573678461088,0.7986682457685577,2.047275167013128,2.5475909945795223,2.4419036588752245,2.953383410603679,-1.7236237479740508,-0.5200812618840327,2.3706717227306298,-2.843687425590517,-4.332397874476501,-5.781894772088215,-4.938244214848569,-1.2476690660446366,3.0370551705373785,-0.03249574932840982,-2.824724822449254,1.2605203534431393,0.4214148031540078,2.286900657762906,0.26917257400826144,2.0061092641527587,-1.2624945119486206,1.1110384779545237,2.1709928270845555,0.7092969478577236,-0.27154327886443785,2.123910686312033,-0.6840555318648027,0.8545995798897879,1.5626092809513925,-1.0174652088134606,-3.4897486826912947,-0.8538464816058537,-0.7589823558548694,-1.1767686790585201,-1.8860742769112915,-1.499943590478856,1.3520747591610802,-0.4652443414108456,2.0299252723253796,-0.059984828122731426,-1.4536100179423075,4.0812537873984,-1.7317984795908794,-0.9250689164900634,0.03473803263225978,0.22274290186021625,2.3400951623640593,-1.5286211214005518,0.6589242978641365,-2.419864028334153
2.239580664082616,-2.572414909930206,-0.379930779150662,0.9947999648617404,1.3893501511290545,-0.2425609082424347,3.234303581795556,-1.7237366586753402,-0.7239337445114243,2.129832571612662,0.18001256456526754,-0.8524390588313078,-0.27752741050556473,2.459206589172628,0.9958899511360455,0.290837421094457,1.0943298815887805,2.396499794146667,-1.6221044423802513,-1.7931179763019598,-0.4036337185865345,0.5031145741469039,-1.1183159179667108,-1.2968912308413962,-0.9208161663935244,0.6417293450381139,-0.4338492413663051,-1.0196477241428088,-1.0795447251877495,-0.2911181728134474,-1.6361095215694872,0.6400981646274893,-1.701650556192541,0.19574210362887956,-0.21417518620311726,1.3832911421593324,0.018798199410014926,1.3465644442592195,0.46366508959072705,0.9274279262506646,-1.1275239248684872,-0.7396585548518396,1.520846792810143,2.647179117351737,0.06550806393663489,0.758083785654236,0.5205545485232912,0.08486473923776017,-0.3192426908372899,1.1182806157980143,0.8467847632807632,-1.8268256708635602,-2.340299162623121,-1.8695191263551798,-3.0087530867828383,0.7033504709169807,-3.367998232512189,1.9240399986455898,-0.4447367640556682,-1.0193302542530525,0.08415724364617488,-0.5319050319722003,-0.3721197653846088,-0.7201290617945386,-2.7712259114759297,-2.452979178514804,0.4154847780166915,-1.6209798738266847,-1.5901729821409007,0.49867076995256177,-0.22390430425321017,-1.2656647738328926,-1.0776434984897152,0.18284250965027243,1.5567304869875682,0.7742381396908631,0.0377420414824314,0.9192929263469675,0.30155741535197894,-0.5401104133909242,-0.5192146469832455,0.6178018007485699,1.3809053582153321,0.8575460712738537,1.3726227632546588,1.303080265482393,0.45376500037835493,-3.2376445157029066,-0.7312225466552671,-0.15363102399649387,-0.6820674670355303,-1.1745143827750366,0.6143891017868384,-1.1787383241715166
-0.4447575586490345,1.752699553346909,0.023075184005056686,0.852929597487196,0.39095471538473037,1.816454246499047,0.044743590965983626,0.23122126588511865,-0.6004115729656704,0.17033672749315587,-0.6651552740847418,1.2125676776490246,-0.9732199017297544,-0.11798968525705528,0.659653092905813,-1.0925261305173544,-1.0939278170290634,-0.6534443345869093,0.20268945941891497,3.130148466286889,1.9394215648998814,-0.09077336313217828,1.3795271170445278,2.219099825088941,1.2633340027758517,0.6188021109989291,1.3862078055504026,1.3986770469038805,0.24967636045389083,0.3880895815296744,1.2984999629847331,-0.42034836617689725,0.7248920393211485,1.0752356556263487,-1.5847941522793858,0.770500919534817,0.7590147316520212,0.08929443696464892,-1.0838588258880208,0.7464517323350748,0.6729970583720822,1.282408733487861,0.46695146171922103,-0.6792335671541095,-3.3330524947581117,-1.1888100373054709,-1.9787102226921487,0.6349629594201829,1.2716015335574955,-2.432867350054648,-3.103663896629258,3.1355913709153134,1.4556347528888982,2.899071955075782,-0.9071597924113757,-1.902175200228033,-2.6128335832675607,-2.4062112759875176,-1.0639036028032984,-2.8047366648876757,3.3451424955687776,-1.5800187865484445,-0.6739772112591255,-3.279155723661738,2.9837772097278092,1.4730070217858824,2.2273366798569167,0.4423156267148209,1.6688983307538765,2.656456863639993,-1.0671343513259037,0.783476311290852,0.7231785965457515,-0.11001454132898286,0.43067347763870223,-0.6550724242640016,0.6011212895314079,-0.029405053001298406,0.47863821754643077,0.08930450354614229,-2.496179972533403,0.41691485965064307,0.2777390192712677,1.8447410200292287,0.7059133987168794,-1.1468539577546746,-1.6502933069232961,2.552276379435032,0.4599945489582521,-1.2682824575587162,-1.90163387612843,0.521787951604253,-2.2360588707907008,-1.775380314760798
-1.5270925364182537,1.4269421572138483,0.17889307049878217,-0.042902981700113196,-1.6304194661767482,-1.4385235199034807,-1.4127996539541003,-0.45304750746548206,0.08276592793308768,0.2387668415494436,-3.472793666970647,-0.5578204098213603,-2.36083075440422,-0.8963917261705278,0.7913566399002164,1.87152015465991,0.039559847545822424,-1.293064678229019,-1.1175145630401553,-0.7074652840155948,-3.463736341671445,0.10927361942569526,0.43260634915552565,-1.523538826766999,-0.8149164260489635,-0.20334416094369756,-0.6689901670619707,1.3835457317506052,-1.9568629366753847,-0.9237607997067178,0.7961422100663053,-0.8108173856018627,0.8752796142073271,-0.161472390954308,-0.28191902815971437,1.324383316127653,0.03963758932310474,-0.8039443015882995,-0.8787189264768565,-1.1465889630301582,0.9412724441407658,0.17172647027686275,-1.2206233870179433,-0.908603769121878,1.032337740039552,-2.850852547312988,-0.910952476672339,-0.11482593981392036,-1.2056245997746973,-0.8885973612237038,-0.08582500374266197,-0.9549795519335437,0.3427265185144731,0.18518235457234322,-2.3309617266725278,0.3400027219821492,2.809286841334292,0.16823310888553028,-0.9646316895198372,1.7663222458627095,-1.2245016683760235,-0.12347854250965484,0.6245008845295459,-0.12305364542277042,0.16637676647578475,-1.6647213578414553,0.01655517293003969,-0.4976517482552104,-0.17197893900589645,1.1876245379972215,1.5725914680876703,0.3991258130806049,1.3976429211816963,-0.16685066560077438,1.4455260767214446,1.1108252015112587,-1.326667647095035,0.7401979725217657,0.46825220660005307,0.6825113676970291,0.9113805269183641,-0.19422976148223817,1.7205675309122457,0.14379250283490294,-1.841645371959204,2.402483224474026,2.716160780285779,-1.5929738400740614,0.05550944225682083,0.383226174459056,1.2097458711185933,-0.34403512458384156,2.126034321970216,0.27788847141996253
-2.68785346188758e-16,2.1596297890016,-0.07624501654620094,-4.333167698514803,-2.6687072735593285,0.7424472808604372,-0.8994325907194601,-1.2143791320133062,1.4114502972185097,0.7910334580697821,0.48419558317578965,1.4741812343482978,-3.2519406298701776,-1.1113305077483024,-3.471651844775174,0.4886686627098946,1.8312169589055263,3.6421800893311267,-1.800287658653231,-1.2021781551819632,0.5856340077237212,-3.557493115391873,0.055422657116224336,0.22556195319838282,-1.7408413776590248,-3.5849005110716607,-4.153357288537236,-0.15414681083347848,-2.026126711662062,-0.8945163658612678,1.4860795250076502,-5.724561909445035,4.3933550283973055,0.5247154732730843,0.40234270072119926,-2.145253620280314,1.7762429915807563,2.241446257504743,-1.9913378847840575,7.801905040339459,-2.0895199905819495,-0.4073984134334827,0.5059756191808643,-1.6885414838380977,2.0016705066417444,-0.7101623353793689,0.8510023445148108,2.602100855156562,8.179837751043305,1.5597567640268668,-0.30373579447219057,-1.90851633992936,-0.2966094443930897,-0.1767097765362368,-0.042636471179785904,3.296081458112341,-0.008090406301593541,2.383320444593192,3.351925260278943,-0.6169225806295777,-0.801300794341522,-2.1733519655024556,-3.2839613250551225,0.10260955998625543,0.7864565477452121,-1.9203665149390803,4.246603704392794,3.5918005664205763,2.8428929792985476,0.9291244829703423,-3.577995177776101,-2.7835018368585924,6.649307536517082,8.022396787737366,-0.033255687544542945,8.00150217313489,3.681237494758223,1.4769564120233776,-1.1737800185062923,-7.419923448650753,1.839993787664523,-2.0986938854719037,0.6733443765204765,-0.8078969302271347,0.22428044680854897,0.0313858920341041,4.407736531221412,-0.18729295623147937,8.706315162747671,3.0385948105615164,5.0176661481243015,1.735802712976407,-0.6354423617964012,1.129201094037877
-2.68785346188758e-16,-0.5004596560457929,-3.126872607555546,-0.2923328411723554,-0.1356487765433837,1.4641730417781131,-0.0890427213163456,-1.4793979135784996,0.4499597867155687,0.12627089884266854,0.366948084864837,-0.821592499860957,-1.7121441789541678,1.9140317712003478,1.3021580405922628,-0.2679993985387097,0.29372360197207403,-1.3878195566484248,0.7085010701614844,2.0338679780103206,-0.4522330620497293,0.270234505852533,0.026880119260276003,0.7622324241515083,1.083687580945671,4.050853580339528,1.0964608771503535,-0.22013832840012126,-0.6574139884628164,0.43929443514910077,-0.7295304373934294,0.6265525546603035,-0.45447994235162065,-1.5923213572927053,-3.4876812856422523,-1.1991581495677557,1.094447332991304,-1.84901588010678,-5.241033837422074,-0.4133173714008789,1.62075910829169,-0.27581712750225895,1.8565395609271356,0.7015706322315973,1.6037407551450658,0.1562708206364209,-0.0031435968372001306,-1.4756333952861307,-0.5967048360919706,0.6611741951155735,-0.2688177123985629,0.2396918501837098,-1.2358912062444651,0.17727307392334585,0.042423726893813116,-0.38135325761421207,-0.7712489649131262,-1.3373930316092402,0.4903619437062683,-0.5490661024550824,2.55012333332557,-1.820201366441285,0.4951101724866307,-2.061717881351801,-3.4358851507569783,-0.41744799120808107,-1.6153217170089915,-0.6905460774709582,0.8070241940919758,-0.5570338686516232,-0.8008459375467838,-1.3219363985881294,-1.4811685845419147,0.9680335946514851,-0.216905576081341,0.07792910571725198,2.3348404670575995,-1.4925444549426805,0.4630083342444403,2.1035084459757165,3.5781469748125123,2.4724831467676753,-0.6491860193274972,2.297516881068178,1.710354251396541,0.1939408617832912,1.1326839837358724,0.36642623763928056,0.3975562484495867,1.7468965734890112,0.8983242387565247,0.7778085226523508,3.3663325058366835,1.1679742075436743
-2.68785346188758e-16,-1.0331298309407269,-1.5779030920507546,1.220256260172556,-0.8668499823012998,3.2623240418814987,-0.8626232415260209,0.5504021880529633,-0.2991270091839918,0.09004163973698992,0.30709398676660327,-0.5885544791140783,0.5529405915983839,1.4678865081341996,-0.2997106166221476,-1.109073231596016,0.5809257801905869,1.18952012199565,1.078738761229759,0.7308610160370824,0.21036761057393025,1.3993222809992318,2.385603778175791,0.3491269817474614,1.4350621588325556,1.867588556971886,-0.6060866988419352,1.1025961088086786,-0.39630856610484144,-1.1680653822342921,-0.597898829107528,-0.6678599364474129,-0.4446551894566094,-0.6132145459267373,0.49656117031826796,-0.29811528023719525,0.6456209245616525,0.8867474426363661,0.8735687419507439,1.237785179400648,-0.8698036585002735,0.4450596489548573,-1.0330658629377383,0.09751677122395919,-0.024026038838787067,-1.2317171210483122,0.48720058556600054,1.20154440754161,-1.1485425874577442,-0.595051952341846,-0.30601731758711537,-0.06980187197948329,0.07645129970115175,0.6553179726539784,0.5453214105761676,-0.3405311938715073,0.6256002517964356,-2.281546881882748,-1.4133549089352222,-0.45651381593086193,0.9388255053929062,-0.9275359217230206,1.774001647897778,-0.8938944438758571,0.35711979235916985,0.3801620835233138,-0.18165621052540226,2.7347583672356386,0.44954269324677504,-0.4927877410373722,0.5850533062168382,-0.8631920622227891,-2.4960791890128124,-2.355071735051998,-0.045950214464492274,0.29094053802538233,-0.0137291949565857,-0.04103916123174223,1.2233813039177321,1.430550863041348,-1.0727295712662201,0.9861650006498348,-0.13426274003392094,1.2137532215272384,-1.6339926017673436,0.02762755480113511,0.28476398964573446,0.08998764123715793,-1.0257758794536698,-3.328416919084606,-0.02055089675896249,0.16493829690626338,-0.7046484934879036,1.1879887402964961
-2.68785346188758e-16,-1.1819636560422726,-0.8569363441265777,-1.0833519289960374,0.3757427053186141,-1.2446384886145385,-0.6380105432700315,-1.0621725135583608,-0.0862856432454786,0.7364672402541323,0.7194899020763035,-3.0311765952011616,0.6261800845719561,1.3320224124491542,-0.9179238021196341,0.19858347740004112,-0.05285798518374357,0.19517931549610437,-0.627968922642564,0.25680222093484095,-0.06757163359356344,0.21811615351389235,0.11312459066870097,-1.1278855650166373,0.508933776530686,1.3623736523419998,0.5388541429147722,0.14589269983641992,-0.34423892011362456,-2.4324430612278825,-0.8802596795362367,1.7742794517337472,-0.8750908191571913,-0.6978219553092955,0.3976000729375559,-1.6605251116609558,-1.809401072657085,-0.1319939754369792,0.3562631909535827,0.45795460322671067,-2.4055586525215107,-0.038272436511580354,-0.9437346544854582,-2.4451151200560304,-1.2711219079718246,0.6602662001742201,0.3052011471024201,-1.5559628227458957,-0.22799959451868357,1.2168614737898198,-1.094260516915219,0.2414019243252287,-0.4589338454934429,-0.5074088468612447,-0.18183390395418647,1.22193695998795,-1.0646340872221562,1.6247766379814146,0.3372703519205359,-0.7796177565172387,-0.4862787820077187,1.8012193634762925,-2.1187624916848757,-0.18484875944730106,3.2352209291637317,1.2655939603934234,0.024592449988896536,-0.047396845232872756,0.5555899333074042,1.6787010752977667,-1.8965717249623155,1.7956003197270491,-1.153338842422684,-0.5354997100572686,-0.9299238245506163,-0.39709494687993196,0.6611068550944924,-1.385845700263543,-1.4860204834081572,0.5859316485900297,0.299324593015305,0.8248424403768841,-0.6173404447162092,-2.084790406549692,0.15921605334704467,0.10446914233779934,0.44421561404455784,0.5471437518518695,0.5966991695286972,0.8208299395632367,-1.6455500414919721,0.5076120148860805,0.16355784873519508,-0.4307611088290915
-2.68785346188758e-16,0.5194259752063383,-1.584725970699713,-0.29371497734797136,-0.3398102027103944,1.6312071510249784,1.339899750055275,-1.6593324423108269,0.611722522132325,-0.49309813462138774,0.29682574860477134,-0.2516889681271415,-1.5013739657209184,0.7453487013811603,1.432258668121042,-0.1709466040960428,1.0140347662609481,1.8824867665636882,0.2964088734889944,2.1124552734464657,0.13685796165743055,-0.05625555587920316,1.4108253977725167,-0.9702434229589573,1.0886858841141642,2.701168085906974,-0.14675417472596214,-0.3384292919176123,-0.9004037736202261,-2.8103267723888377,-0.6810705220811107,1.0009576985333168,0.017198218915589425,-3.0429159069161713,0.5980243037687226,-0.6475734388585839,-0.3277083308589069,1.8226745395414952,-0.3788855566793932,-1.0201441002270044,-1.7834987215217983,-0.3274407177239983,-0.24658741060089517,-1.9175294740091737,0.062432294010644845,-1.3397178919885546,-0.8375497412773089,-1.3513594087185568,0.4739419029553396,-0.027046927986902117,0.04737418984307931,0.5394574505208565,0.6333536202991109,0.002081555826034675,-0.07933387110464951,-0.8333824014447793,1.3606818934609657,0.08534926172913138,0.4209873189558438,0.1959991101713533,0.3589840163529026,0.9938173118110036,-1.2238960711715776,0.4533324996563115,-1.9365663530782147,1.0035462610510602,-0.11089848803238675,1.5339280840937568,-2.046282478109898,1.7299825582357329,2.518873872000343,-1.0928634587340567,-1.5539886175478208,0.47637409895886096,2.2365821901778893,-0.13828538449241093,1.9759852802714002,-0.8348943993868009,-0.43064871232623014,0.5136050013135807,1.0848473750799947,0.521264104494314,-0.2711361420947886,0.8042003002736141,0.10123579843864533,0.037145063490690564,-0.2523355232736673,0.7348423384960727,0.11072895379221531,1.1854785745320298,0.5534177000075372,0.4674335693381314,0.35135748217488016,0.4756646802426384
-2.68785346188758e-16,0.158146410500899,1.47176543603978,-0.219863771786166,0.48303329118500915,-1.3166834457959702,-0.6374183559916324,0.5199834454638668,2.40273872361369,0.5744404748943904,-0.13979417695363963,1.6733310982031684,1.0709703216451087,-0.7042766740008554,-0.4306012347788787,0.2266553932305154,-1.4690042675112271,-1.5888242798712633,-1.6442826400389245,-1.3528723107115146,-0.6581884475327189,0.3002578819495205,-1.0200579014775877,-0.6307261124924116,-1.1926042163030663,-0.5688008647945526,-1.885404212037437,-0.4413477057175693,0.32332311445118633,1.897641382405524,1.395852093586253,-0.2513364491673209,0.18164455831925297,2.4631950573488846,-0.3798623243435739,-1.7447368246353678,-0.39457372361137266,-0.1523992822477862,0.21553473265124123,0.7488789369464448,0.41049954767740715,-2.9331335728114873,-0.8502476460261996,-1.6506199502485068,1.0511372122821703,1.518519171846484,3.5575503067349494,0.014021946360919302,-0.0423389446861171,0.7105209545285245,3.470430453332745,-2.3036836558825846,1.362165673886375,0.5548603007968326,-0.7654612177094651,1.879964482465927,0.563630008423501,0.09220996596902575,2.821354136746309,1.8779463112933166,-3.2712833386180318,0.713060782012804,1.0815215515678085,2.0897551757809145,1.4747297876487844,-0.39249001185018817,0.44586684259130205,-1.245779469122848,-1.7321671277216888,-0.2377912236482341,1.7103500324964114,2.7157563199904247,2.400888147202123,0.1411132008445113,0.43692165273007283,-0.5826752908807982,-1.8868247536821021,-2.587386863379273,-1.9808421505514793,-1.4852799275368889,-0.13540185820836315,-3.8373327034946136,0.11141948252285382,-5.163404535056044,-3.3921274120908365,0.08579048657898367,-0.4669126614654434,-0.2203259802019866,-0.24463098955423654,1.0095292269795946,-1.717703269993911,-1.2337100209690113,0.18946712746876493,-3.2746109581157863
-2.68785346188758e-16,-0.490307949552325,-0.34384439121682764,0.2549478164553895,-0.43830463830138366,-0.35197435101748953,0.0730059945512061,1.8897767350835961,-0.13198173256597812,-0.044626428475289893,0.06464541196562003,0.4926861473555314,1.2687931143972582,0.4903766514828283,0.5904285694410609,0.420527246760262,0.5107906894675112,0.9086972627583122,0.28880038765689836,-0.02621761375874665,0.09855047531743581,1.428742734943418,0.2727130930109847,0.9724157587527342,1.050736204794568,-0.3252723036379211,1.4792242875663388,-0.20946699179435133,-1.5730714752921218,0.23725569510619254,-0.2062026732169039,-1.7949438517980358,0.39754063514858445,-0.2374333278399257,-1.7240522655907775,1.7719159456100766,0.15022286407173674,-1.7464501500530147,0.21045194991073402,2.4446262229301476,0.7071556771002643,1.4430422808771555,-0.09310284771524349,-1.1736900030738164,-1.1317064625439541,0.24719271768968287,-0.6232258593651334,0.7666493477516497,1.632960867780467,0.9007656974908277,-0.06168378979569539,-0.5213646536936026,-0.5205390015491105,-1.509959661925945,0.8231341390088732,-1.802904975787882,0.2733238876667191,-0.6670353355179657,0.6048749120163507,-0.35575177323465645,2.2413473403165245,-0.791500844303545,-1.2983313307186537,0.4246030255669696,0.32156962945822454,0.45777664359735404,-1.2870409922322252,-0.46979749082825395,-0.20511718447357874,0.4720648118496287,-0.7339646052769997,-0.3470184027132145,-1.4119573464022106,0.07692875796656912,-1.2125804879515512,0.27562160756419257,0.2912053378128214,-0.6160456037307268,0.5655035066636935,1.5185533589933164,0.7518102091752341,1.916884809337984,0.033211679363910694,1.0200408882739018,-1.000405446470169,0.16508780463246805,2.149575641710175,-0.2886917758488409,-0.31144629219922887,-0.47956445965127953,0.6444922895323126,1.0147817245663104,-0.00546006287927181,1.5783627915230876
-2.68785346188758e-16,-0.175126477511913,-1.6928305326300381,1.759684291659188,-0.5851816992821212,0.2384642398849123,0.963118356865777,-1.2170442209854178,-1.0212155823837519,-1.040193935364932,-1.2004994875684365,-1.5054430208449194,-1.4336372346585124,1.3325147095469927,-0.1632403687552837,1.4959309576040096,1.8961910140008884,1.769610354868339,0.09240780983209815,0.8775602350564051,-0.002072405890600046,-0.11550072178588267,0.9596380632033868,1.3638108118676606,0.4004371335792715,2.75736864616526,-2.2464749978830083,-1.0479418852444187,-1.6965682890908016,0.7203233208214499,-2.426202831729795,-0.2058406904371717,-0.892435358626409,-1.2707917493594556,-1.2214224085448717,-0.6442000009964978,-0.45493463170721204,-0.061883009734643696,-1.0076843629249224,1.2055277246216027,-0.9925863501962846,-1.740997989058561,0.013583332434704165,-0.7277622982817833,-0.4989687376021922,-1.0476150111832734,-3.3815109395160317,-2.855257872709129,0.5518935325791742,0.03841192222266057,0.3032301735073621,1.751751286714867,-0.8379780579388828,-0.9562995764274635,0.2762406906269828,-0.025329566901511932,1.0237547714965072,1.4180731803618463,1.4749681127245502,0.17924134750829213,-1.3271188678157986,0.0846281508869417,-0.7611119724301038,-0.30017978060636563,-1.5087100229818706,-1.6317574220558828,-2.2505791008658225,-0.6111790062468552,-0.7296857768748473,-1.3806005602779339,1.0638326119411554,-1.8846638494874717,-2.4112149463943378,0.2056583815705352,0.3028707435258752,0.15264211142166584,1.852831581440006,0.5266635624880367,1.4828830393262669,2.2873869348190374,0.06089826959513167,0.5979728908618549,0.11395557541633927,0.9912424836440141,-0.6284170329809042,0.06367396768345121,-1.1519246020045186,0.5635971362846394,0.11489228792330897,-0.9056028241890748,-0.67559482047744,0.2485269861688713,0.5246179617321183,0.003632328708223345
-2.68785346188758e-16,0.093219301806734,-1.6324126593454662,-1.5634346799982421,-0.10878415414147889,1.2885598246985697,0.754438084932263,0.023112626697355254,-1.1256599806279581,0.4530773454414034,-1.136853463091004,-1.0526518120092834,-0.7177514914531086,0.49171691725604294,1.4723569307464652,-0.40863631497922104,1.7783193386173517,1.6797461465676724,-1.1950936610203773,0.042902249361860934,0.10262012393786082,0.376261882121392,1.5153884314524384,0.294946683490555,0.7421213561740547,0.9212982017698906,-1.5546295828804373,1.1406270014243827,-1.1488648548181626,-0.9818249734575992,0.262465799152083,-0.06761208937531721,-0.3384762072848422,1.6819720942329024,-0.8444491191305352,-1.399130615434694,0.33954395742057975,1.2940074747254684,0.028881088786583353,1.7453222915681676,1.9327626860342462,0.1028955460533901,1.5403975042674052,0.12875089106020998,0.9322454854704201,0.4785265001859972,-1.3133921707655796,-0.0035581611280455228,-0.2452284239214055,-1.013244348597336,2.0068926040525468,1.0328820620660037,1.2286046688467482,0.5081425407682755,0.19498727161052576,1.3309347568926304,-1.4669025270609757,1.166145283223504,0.6225061286345759,1.7226693594311258,0.24842491373688047,0.11061955853734368,2.435783654918578,2.3516476805423627,-1.1877957297304207,0.5970271759418795,-0.8914813227864291,-0.0042242699197693745,0.6196820689987382,-0.04011718205098005,0.3853561213788882,-0.6077718443746488,-1.206291216542732,0.10254978445230327,-0.7109128186066161,2.0084779106871005,1.0266467047115804,1.000174846388058,0.6748113317770583,-2.0369365653127254,0.5349111007723341,0.6043216505124984,0.05965331934108045,1.5227384422790018,0.17212992400722854,0.07064027281682478,1.8651942172026537,-1.087897082743028,1.1266941403457058,-0.31286321218446145,-0.5844294217616639,1.0998802837394273,-0.8796103125095946,-0.1673905998603471
-2.68785346188758e-16,0.8039150018648323,-2.756406867102338,0.984165339122153,-1.7143972297915888,1.6410278051936427,0.6977604047437738,1.3528578183775184,-1.4212590290750498,0.6365326086268633,-0.08815431933290621,-2.6399406560498067,1.0433741354090067,-0.8120588692890508,-1.8245871823676074,0.3475582313252914,0.20936584896639832,-2.1294319699019217,0.26542933374633404,0.43326599657303977,0.9384760458132778,0.03560033257885964,1.6983119789568981,0.5038541872039645,1.1309633430917785,1.0177272301733318,3.3696985798175514,0.7335587697228337,-0.8214989915555988,-1.0510565984357223,-1.1170829049030149,-1.3991950399419104,-0.722345139443991,0.015530809402570844,-0.48774339709780357,-0.8112878982147353,0.0635590531459177,0.7458308490413198,-0.42070611884319614,1.0200471584843243,-0.8660234458268873,2.2882943893416505,4.178947100267848,2.40622519583202,-0.2631606973231047,-2.6065560648292525,0.33876087892844226,1.8864079369979962,-0.3872017385633665,-0.3390373077394144,-0.6654902150079303,0.8299068959570151,-0.13454656701849013,-0.43488750488034045,-0.8568236121183436,1.3209701314378188,0.6486586031298853,0.023205758973015578,0.19067220870710422,0.2767447893762983,-1.2902316829774987,0.5859525534840102,0.873872506471636,-1.1987896620952694,1.2172983978536012,-5.105704338093839,2.544388020601385,-1.2790000246719422,1.8005366372950897,0.13084257915658928,1.3027303360327023,1.200619499418751,0.1426954273910414,-1.462803539100482,0.8023105508738877,1.197722586306364,0.9397903960007044,1.279158540005305,1.7359549507179497,-3.683349609206341,-1.3324545743522058,-2.233020252607112,-0.11125622404487567,3.459437705682426,2.439255628197121,0.030636640266110744,2.398681132927231,0.37381816240979915,-0.9530870690712026,1.6317833768673768,-0.5523509553263635,1.1033301840320617,-1.0269304911945087,-0.07958994821757426
-2.68785346188758e-16,0.08332178496059503,0.8470812319287706,0.8161421735704404,1.689441706168828,0.8678418527666389,-0.4444403430905675,-0.8199365893593558,0.5604295444545,0.11655345424308769,-0.2646620892005471,-1.2325802323823085,0.08368812725114316,0.5166966633185761,1.3306498430926312,-0.937801381414007,0.6289510719034022,-0.06220036995796657,-0.8230424741733672,-0.14769356709724624,-0.1926759051237115,0.7706243526115311,0.15862652839091507,-0.67588450016061,-0.022128726967799862,0.6530710721667483,1.226506820820633,1.0050054628352318,1.113968254590724,1.529916483308596,-1.3130472691897457,0.27441869303344985,0.6993270590300942,0.7199143094502048,-0.6281255462755603,2.3302882999979415,1.3713616263619908,0.5095691226999397,1.0063464472191637,0.21862057110669075,-0.1630372411229518,-0.5502758245795265,0.36141602681812496,-1.3795681412686343,-0.2153747521323489,-1.7669351890379543,-1.5251626105291596,-0.6014807571482823,0.30584839019362203,-0.709210062955217,1.1352651853522246,-0.7052683342873753,0.11380883850996341,0.6632820094666021,0.6819789613396948,0.7367464953602137,-0.1609489491877623,0.9763840006576046,-0.07669678919103588,-0.646854610668743,-0.9349628317561255,0.8506644909636596,-0.05604260068383218,0.059548399732752555,-1.3758655132795348,-0.6213726595056972,-1.5353316734025941,1.253876523775678,-0.5786360556187283,-0.34219128132084387,-0.07267541032504399,-0.49891600553907356,1.0333757733635929,0.3479053510964113,-0.01891412754089669,-0.321764139597082,-0.11323642737127933,0.3860635032744709,-0.22684116484789213,-0.15761984690778824,0.17925591347759062,-0.6564217965922177,-0.7578815799636728,1.3639121631706004,0.9392352860665524,-0.4548726758452864,0.1254338942054693,0.2008698928592673,0.8765678465179356,-0.007340873001952963,0.4777328595156161,-0.591549934699616,0.1752825652675064,-1.6511269637849524
-2.68785346188758e-16,-0.3937183115620325,-2.135903156311835,0.219852811923547,-1.1572955697154401,1.1789245910822466,-0.9944695689154033,1.322005156788538,0.1247047697211714,-0.16139939676507356,-0.7375924235034997,-0.22433271453765508,-0.17412416485123416,-0.41252000339289785,-1.5230167157462176,0.42859398253766284,0.21317119674114027,0.4557900777823281,2.346351218745504,0.30236672291482103,-0.01173764339445468,0.16390635908240286,1.5659924109985188,0.36518513689896837,0.4498952220428849,0.10083579693986033,0.5505668807617795,-0.5898772422071491,-1.44705701064904,-0.4766640319247004,0.4096322534935576,-1.3443498436818515,-0.656326517462904,1.709554800679582,-2.4216109148345812,-0.024115124114411024,3.382895452794364,-0.2012058803174695,-0.3413346311158001,-0.08937996465733626,0.5693454755816698,1.4943593096750347,0.30887943988053723,0.4252741411722043,1.2107522277587253,0.5000136663194701,-0.19341509577381302,-0.7447439678933518,-2.014501758825523,0.1602663898321496,-1.0152039159559965,0.16555621733228038,0.42760586415204244,-0.14234650710241767,0.6841749606250705,-1.473601792806813,-0.07581464737274222,-1.0739164626395312,-1.8660778869906975,-0.34558711809998777,-0.1751821463041986,0.8494167304399036,-0.08678104186302854,-2.2512300787736153,-2.6739301558712736,-0.41571821554100635,-1.2719936846138797,-0.09055328946565791,0.6749490372379939,0.7977157101244731,0.3627043709412042,-1.5991199122004223,-0.18498201960888744,0.7207864860807902,0.05453092393460422,0.18339429856875752,3.1989568721421113,-0.9879080049692405,0.47714117191839805,-0.5800897087231406,1.376262429333037,1.9069907635929202,-0.8728202176851139,1.429550392701241,1.2609617651981508,-0.7650207683621145,-0.03994929335300945,0.4271121049020235,0.5463625493098608,1.071129934579451,0.32534696575259114,2.334847005904252,-0.24505108728927005,-0.07472208593468821
-2.68785346188758e-16,0.9918230986260367,-0.7940676434531906,0.7974662126209293,-0.3005480618872121,0.6338767498144376,0.3050217366593924,3.350063433876061,-0.273084831126163,0.9810466879799585,-0.502241691833042,0.4798315968411826,-0.8259889695963104,-0.19998116844479863,0.43182911317372497,0.909565070309649,0.6491247840593676,0.23541104448827083,0.09019379951913242,0.7280521479005486,0.3988418353650154,0.9205103895676111,0.44320405502226823,0.8778788431398427,0.10869944486472158,-0.2379468632046926,1.0647901102865045,0.15525559634749944,-2.1247889742089257,-1.5508731979939894,-0.7966183064372492,0.24788502677520946,-0.26062785653528603,-2.6740072769298537,0.33000578358685523,-1.9771066728142,-0.9001998640486869,0.7454212269184797,-0.4898916655434507,1.665035536873006,-2.307157377178492,1.1303571078814334,1.4244635434534771,-0.4504858821278122,-0.3813422725643678,-0.29822577633636727,0.13365281644996307,-0.1007205573618261,-1.1294940325382603,0.47006384174033133,0.002327917918827027,-0.2602998872509259,-0.5032164826463781,-0.8541719860945066,-0.9233767847713075,-1.4842891643500278,-0.8346773178806031,-0.9685401363526664,-0.5591459801201203,-0.18842391614099974,2.42464935501426,-1.2193947170240127,-0.2837692997336434,-1.3294594198026364,0.49039875334623506,0.9335728512099082,-2.1238270929607976,0.7372772832848301,-0.3330546426162102,-0.21629592537436845,0.3237616411813247,-0.462886397428278,-0.9329070955527793,0.7383131489883471,-2.098866229491125,-0.01466419808013758,0.27349876049853095,-0.7986955032220598,0.638537434554006,-0.6205022918216678,-0.4283816752166567,1.2627131083256813,-0.05970996563918039,1.141432412857364,1.1819142171096546,0.25958613015708254,-0.6481326591878338,0.09457481455246074,-0.19468427351963657,-0.21630336169822018,-1.9479183460246092,-0.3285610941759917,0.9882491405203532,-0.21487013309512415
-2.68785346188758e-16,0.18449164522853967,-0.13823288017485946,-0.37982100022736043,-0.6336518923064345,-1.5470150126239124,0.7421487513860683,0.6463403214421559,0.4531106717876652,-0.4639676044602947,-0.13907772435470994,-0.6692067428670571,0.8721770621913753,-0.011102455159582858,-2.1344337519701173,0.09929451537602213,-0.4681564269818858,-0.41526611534537866,-0.13451590013803655,-1.4974520857571978,0.3813362840550366,-0.14293526133956647,-0.13065547981589842,0.6735599282652762,-0.5139497163388973,-0.01731439729433565,-0.5583045214543906,0.2020894644579985,0.3472449504819013,1.9083296174301239,2.6923338441880786,0.061000187510466417,0.944748783509514,1.5234952649009836,2.2460101924437006,0.8001679146348729,1.3005985181884512,-0.17655464278211747,0.7604335690804365,0.41574846005585064,0.07243647632885186,0.12195357009793906,-0.722885664018111,0.17054183329401973,-3.0742058709826807,0.03356769578333951,-0.47691648074999243,-1.3786673750802916,0.000190169892924974,-1.2272587272093474,-0.46857175626199665,1.0913875673755322,-1.659558574986163,-0.8966527332373645,0.25712495780692796,-1.1619261357123558,0.4749267875586482,-2.0738346494491915,0.8509696489090184,-2.053337620130111,1.717227581712344,-2.2780517893016765,-0.3113591489924624,-1.0523246260383647,0.24060642604493515,-0.4961680798456658,-0.39351133721079706,-0.6397955532491125,-0.008015555618438142,0.6840202162618341,-1.2863941887315478,0.6539973208604841,-0.9363986999435505,-0.06388237601111801,0.42398360473811997,0.2315912619830109,0.5111876923333051,0.16705477384655665,0.138208513652043,-0.25983144664586766,-2.484873755610976,-1.2931219858490577,0.44329077016270324,1.4629115301019424,-0.3299587340915027,0.16439779937331025,0.7641346872139019,1.332596470571618,-0.7299935135074105,-2.1947696983626166,-1.0321186436437382,-0.2888914862920372,1.86647943091636,-0.09500272928890408
-2.68785346188758e-16,-0.2987973613667559,0.9192702072612063,0.4560547104301311,0.7955142902557093,3.5301714311143235,1.7136105427074129,2.1736701876571605,2.171068905945111,0.8599380497551368,0.14551649831988692,0.2851346976389413,-0.43068620629632226,-0.32997814226404165,1.1167092317268688,0.1063144120487233,0.7097620156543283,0.16091767655901112,0.12020153388523531,0.453057814871633,0.07227414889107069,1.888804182416479,0.543619490125499,0.2435116436896788,-0.4985584386618426,0.061893066792520046,1.7955987188595983,1.1191024470434505,0.12742368496939702,0.8679188732191254,-0.35591832790158506,0.7050986544716635,0.38913313672356675,0.42891610389894885,0.2024232334934809,0.8512264558795765,0.5650821150358512,1.7130606727222368,0.23608022500746795,0.2634227870590987,-0.5538272191050535,1.3014149418881662,1.0016586935599716,-0.29637540523592776,1.6751570474624633,-0.758344228820953,-0.14995470923977966,-0.14333130057730376,-1.4743223969189416,0.5042173140317654,-0.34702564243747624,-0.10211043432574637,0.9524854492565267,0.9347007891074653,0.7328565459953025,-0.6078969036404497,1.2822830067591984,0.4703632275516323,-0.7484863715666114,-1.4866917128715618,-1.189469585494489,1.6409903862850732,-0.04613625743300838,0.5559008763325699,-0.10922071377645959,-0.8592872230260051,-0.360362386049221,1.2481584891983768,-0.8308554673117865,-0.42733154255033556,-0.2339742598783025,-0.034647039640298916,-0.7280741418582266,-0.26618034161761156,-0.20187006628754486,-1.1451037200650624,-1.2467894349471158,0.1355667344516926,0.6106979665797327,-0.19305961122493392,0.699231382390059,0.3414064007197355,-0.7024559347776917,0.1534405725306136,-0.20984265841240635,0.1342554766397887,-0.20260316329886796,-0.13113283513402327,-0.17824535607953387,-0.2053336316310727,1.7499399605285233,-1.406358944515198,1.6995484446373192,1.1528225340837137
-2.68785346188758e-16,-0.44277394782629176,-0.6546137306447084,0.5437365731870194,-0.8805052138146213,1.5388673662169374,-0.7586756402317911,1.0508225518666239,-1.3206507732263963,0.37441213460975914,0.01703200942745535,1.365607336060759,-1.4975661713999373,-0.18460672588690574,-1.3522311347804976,1.3258402655879904,-0.042074975590649266,-0.05141943075297439,-1.0023156860414624,0.32267106849012495,-0.6401531083913429,0.5423591662187979,-0.5227876080771932,0.35188520810407214,0.6074071654111444,-0.1904869996930774,-0.42800796826268295,0.9575272982878175,-1.1088093279792877,-0.8474047763689642,-0.7367743820868928,1.0606600964415553,-0.7592053158750781,-0.6431101956692618,-0.9850447731787269,0.2826703523352283,2.667329161133763,-0.5059929984718229,-0.4931491386815841,0.7697374159524466,0.6703109464387071,2.662772177738281,2.6830489943813376,1.4695651181925258,0.7224405719693258,-0.028362664896433465,0.9204607738170079,0.4972137369981501,-1.3774233600767931,-0.20867394326542713,-0.03898503445761059,-0.1311537834985732,0.11810895930843907,-0.3569945897159128,-0.6428576988245002,0.06151109415351025,0.14328085226659146,-1.2626571718756587,-1.458192078585624,0.4047458420817331,0.3074940417659836,-0.8383467524190928,-1.0961495728819652,-0.9084615081910983,0.432238055653013,1.9835874180353872,0.46552068785210055,2.831729073173417,0.4271342707057669,-0.03728634869023669,0.21535144501316206,0.04575032690116254,-1.4920839758808955,-1.0824026438579488,0.19723722000488048,1.1239723495059109,1.1572629835792805,-0.173961037330016,0.9603985479338013,0.8174450687953914,-0.32044249341493447,1.6600537476958481,-0.2954908496669962,1.004366980487258,0.011605994792524776,-0.009485107547674338,1.4795498193003682,-0.301782505443959,-0.8787733686020324,-0.3206249705311132,-0.004086641066627317,1.4345323670198442,-0.3045296454586082,0.859220527497899
-2.68785346188758e-16,-0.9779334727203649,-2.1825256202316763,0.018948900896686438,-1.112548631733736,-0.27001796230035824,0.6762803772332723,0.65085320061615,-0.9747519792931468,-1.4001058261499493,0.942133485065928,0.8078264086508036,0.4071764544274476,0.38759664848895825,-0.9241898297335681,-1.0562084602164863,0.9023124089435938,1.3939079931475518,-0.8658400574377563,1.1911347196852988,-0.1741755823225301,0.12929937557907917,0.887850016576478,1.3433645120741773,0.6455047224604922,0.8419638278693049,-0.11992419343010535,0.6279936340521395,-0.4584103965576583,0.20250519242447118,0.40937548669864354,-1.233282886858745,-0.5796447857071663,-1.4727664839872396,0.17140072277864304,1.2523163173197374,0.8617039383120025,0.3396534262989048,0.45225136589908177,-0.6535071023864188,-0.19124259857412707,-0.14468282675131994,-0.6565243841073034,-0.9762765023448673,-1.2249896271951566,-2.445745865770534,-2.624468456471444,-1.3203793629530538,1.6615396613782152,-0.1070498445871881,0.14549792173017326,0.5568264992538096,-0.6751041365611276,0.9155252303325754,0.5410918650933623,0.24462721672346155,0.7829491823060124,0.2055362658367686,-0.19993941093940987,0.8407889166046706,1.134775726491484,-0.9394057328411292,0.2519702806492579,-0.8970491148033998,-1.364887707957576,-0.5206936451674208,-0.29193312853661557,-0.31639061402049773,0.8654329108263066,-1.0448834659940418,1.3092693678742977,-0.1251160313066049,-0.9368705343806256,-0.261778237011184,0.6527801894021869,-0.08454265990508782,0.3982955220624822,-1.5693620412822862,0.4458748227594594,1.439134956132238,-0.5895763211796401,-0.09223920797317163,-0.5492369354530914,0.020064650580891758,-1.1315220146523126,-0.201937685123967,0.8360955159018748,0.6689638502451323,0.0694315065910982,-0.05861133955644521,0.38613248385228816,0.45194446178671094,2.281076949638126,0.5620079887083869
-2.68785346188758e-16,-1.1258210551350678,-1.5805407688886008,0.49253065028903387,-0.6427186248804425,1.5586289497145258,1.3717636932040433,-1.02476572755817,-1.537394399794957,0.40352337327592763,0.8653688475032435,-2.0337159807319702,-0.3873706341214784,1.2570015636352583,-0.381351017746661,-0.7617470385207232,1.5783479972506667,1.116604577902005,-1.2776963230697205,-0.8831051728430636,1.1323514681904716,1.9886658082569646,0.026445659640188468,-0.1869484598471022,0.7035229397616665,-1.1365998020706827,0.7940345296678216,0.4983513964433668,0.10041977642670899,-0.1656331925856347,-1.4267126644260018,-0.1461711063560321,-0.0787012308907111,0.2089975911422366,-0.35848393032763026,-0.9773800894643767,0.3011074782126037,-1.4611308956267532,0.27339243036268746,0.5736799936770959,-1.3703639601569908,-0.3070256119966045,-0.22842323734829484,-1.7055927260199573,1.2678623307313646,0.11166305187439687,-2.25732497868783,-1.7627234667350664,0.2824009470904143,0.3237259346204373,1.723493447236578,-0.06869046541508983,1.0452282802304964,-1.1587567318485532,0.09475255720482627,1.442160175993548,-0.1727813850149682,-1.2832023663839682,1.0010017480515072,0.9760270513343052,0.9722070948528388,-0.5939565942701343,1.844184656973336,0.19635859705075742,-1.7715584064776544,-1.3667822998234709,-1.4373412124165839,-0.28579494414291307,-1.1980761060288252,-0.2403392572657561,1.2666110022522643,-0.1366896195024679,0.012713211286551285,0.5191204991921579,0.87797016097893,2.942633442184782,2.935191107248465,-0.5193867225271664,1.4832877757724527,-0.34953904256536406,0.6822714268464207,-1.6122721122152355,-0.0021914063562109712,0.7654556783336296,0.7646880540858257,0.15957612542677638,1.370123836815282,-0.2126195538206562,0.5462239063131888,1.3006250417415943,-0.3844097815442826,0.6414191375215816,-0.6769840207561229,-0.4789496632696078
-2.68785346188758e-16,0.06824996498861557,-1.6223683936584827,0.4977795221230168,-2.077294294891538,1.0725734747979216,-0.17657188397466161,0.7383844732000209,2.6765026117083974,-0.35274571474056315,-0.9038036435997203,-1.1991709349426931,1.5473686497551382,-0.3118919942871521,-0.2103064174723263,1.0929744348309527,0.39789956467427734,-1.189818966009766,1.225459460959525,0.7595673358371864,-0.022234539147523682,1.167363206405061,0.5394717192764933,-0.2073056599648814,-0.3899207266885287,1.057992071903139,-0.923057837173256,-0.6376514171988568,1.8664223066291665,-2.539042941389561,1.2156736576836211,-1.20302943486925,0.527040574513809,-1.9793673911336962,-1.9142648989707172,-0.9860277273622688,-1.2144639049580883,-2.669626870905517,-0.4220395143374616,1.1959736307193025,0.05104479673458778,0.6197301731006524,-0.9012721358328466,-1.5610716250496839,2.088556305682279,1.0269630870610813,1.1135608162254305,-1.5981589898868558,-2.162063309477725,0.20599688364496596,0.9449703863823498,1.697751715432665,-2.0018838492330637,0.28795185845781734,-0.8648324698246368,1.2384829383984706,0.1195027457344444,0.7190929852509798,3.6485106716694915,-0.20130570344234844,1.0003925368390663,-1.4402990879559758,0.9227453280719825,3.109588890124198,-0.8515251425182041,0.07633273097978843,1.2320217011847323,-1.1598824016725122,0.7098114485192857,0.5216859315415023,2.8238145581354575,0.19785081399376953,1.016594347861565,2.2479834310234708,0.3453174118158671,2.6502940489589735,0.9998658397918383,2.537150234819993,0.08788056667010591,0.2913320792715557,3.3660330237914353,-1.4565404187942312,0.2628585631898966,-1.4612133905032367,-0.48375619287630484,-0.1564666858485449,1.937573009842665,-0.6122385287327049,-0.13378696645058807,1.1699743015707877,1.723049612635573,0.5691319431896591,-0.9118277298929071,0.12558606308217113
-2.68785346188758e-16,-0.17444609164802294,-0.29081174588130226,0.2960407437000372,-0.4520243372871402,0.9593052821997017,-1.0458149925548663,2.711009091126016,-0.047722417426724784,0.10115187567375503,-0.018013057686772645,-0.6642113739616358,0.6980021884110547,-0.573057957139347,-1.025905373615625,-1.20772953056188,-0.8357314990033538,-0.301161304841452,1.275515668739086,-0.025257781953492358,0.32592438878632585,0.7692908183294106,2.1901587291466016,-0.8746116648266968,0.2801090716533823,-0.5078774561457116,1.8960213343525025,0.3496721751122376,0.13124469554215956,1.302458976551759,0.757237077872512,1.5249360351274657,-0.20061734413696486,0.5703050670975433,0.2784949526103502,0.22331329630114904,2.352091603954904,-0.9074578028889876,1.129265379046701,-1.76925118371017,0.5466140258764276,2.6777168586277673,1.5781352472594607,2.5433320034937963,-0.9149761352457909,0.5494987865873426,1.711596071677247,0.783849571326241,-0.6207072815431706,0.8968013991838387,-0.7435960655263307,-0.9873056495687014,-0.4693862710665727,-0.9615442135279639,-0.8181943003693761,0.04897247184705933,-1.5705512305288511,-2.277675868445639,-2.911909072093141,-0.3362274129298152,1.4613736805438102,-0.32016240145282027,-0.6771199126332119,-1.9325232361620777,-0.03709839074622712,0.17446361369379618,-1.480852380518971,0.6192450425955627,0.9838597384606518,0.4399790934094891,-1.0318545264036754,0.2992398185597349,-0.10814284134093466,0.09143760233858222,-1.3392049672911157,1.740243870617546,1.1319876805080804,1.2056025757715403,1.4883539811787154,0.5015751558907344,0.15011536136517128,2.623289021781569,0.711647018127578,1.0730257454931729,1.8475104484739988,0.5143354509860957,-0.6699355352455847,0.011356633179941487,-0.09649599530137548,1.6973694466951197,0.2062099620051695,0.4039702777633061,-0.036533170732239384,0.7999471972611346
-2.68785346188758e-16,-0.21369255217537553,0.7026203359725366,-0.13412164815375638,0.4512793070622665,-0.9111386852494741,-0.29760956358563895,1.4207159700108805,-0.16293483565702338,0.3395027430057602,0.8423400956188699,-0.5941237030211945,1.4791395124207891,-1.4521314557975527,-0.5762199176721862,0.31662062276471387,-0.5750771103004638,-0.7306833203990434,-0.6278948146312389,0.1329155264413071,-0.020279663983936404,-0.3908990586609127,0.9585558529142697,-0.1607670015853766,0.14832055454457393,0.26804410698934245,0.10440498212337382,0.12369276416992712,-1.7642017566144617,-0.6359761341325618,1.8497742394400098,1.0078142218966966,0.4531061984228279,1.5734250355247956,-0.016124474746561646,0.47603409534545676,0.4999445564393059,-1.4409127588452675,1.0636543411916455,-0.7772287090291088,0.07995194014021367,1.0317715633698183,1.972252317048777,-0.05544188495607005,0.07268443062116786,-0.6853715480304605,1.83820963562798,0.07096069143314432,-0.196921927373361,-0.4286533227255191,0.4420211697101523,-1.014115209537441,-0.4763600259161551,0.2131694447644013,0.14837859296643857,-2.3130283242695464,1.1042074879452366,-1.475766369879235,-0.06521173576029704,0.6232647459736169,1.003647453305651,-1.1626697831331736,-1.104824868622364,-0.21002950814090426,-0.5933636217608992,-0.5942304444880374,0.31923093824934407,-2.586827068635791,1.6295025588374337,-0.4571982311219623,-0.3365231241889942,-0.5876260730465711,0.6537136036163825,-0.2883991195770922,-0.5950268261079338,-0.04737181275288014,-1.1266495421454192,-0.010419291520990859,1.1682509069096214,1.479109847083143,-0.15322538233413918,-1.195141060142424,0.28904435084969454,0.9644904471612485,0.7107501864290082,-0.05257474292963856,-0.12142431468964793,-0.4920002779531537,-0.082566684981272,0.6658420675060341,-0.9025767637842621,-0.244525615410435,-0.4448196231482696,0.8341062524921611
-2.68785346188758e-16,0.00018488030363243493,-1.0227820857911607,1.205131991571013,-1.1225451170600844,0.45181446982676077,-0.534000038441718,2.492840318083035,-2.643423162330936,-1.1182799115269288,-0.24076000248005341,0.5550427417242022,-0.44114673025330164,-1.1467840590607257,0.8608600661115847,-0.9763973495314332,0.11693766898499541,-1.1214791885603252,1.1478998831251546,0.5281508717824914,-1.3208214073124755,0.11874614400327468,-0.5059504033562033,1.048339877317035,1.610421820082222,1.493598679121592,1.3384931524249994,-0.16997451941095462,-1.6072884037080066,1.5724794936443403,0.8285415593793135,0.11034945594373474,0.04349575056064858,-0.7624266235142774,0.5723251879262842,1.5583258114941785,0.30438858984351064,-0.1629626149109697,-0.44460782253721864,0.10466212124772772,1.0485868217701992,1.4385279952136754,0.8724129825263085,1.216826312783444,0.10915035403470032,1.1677051522447086,1.6547026969717409,1.8385882529730273,-1.2128868156762753,0.39686209720328863,-1.254167137452984,0.8511539559322432,0.3828002071934049,0.5796689565506689,2.5122753055842906,-0.3429711943108281,-1.170714032631711,2.300641407865072,-2.035164560707431,-1.5746091875023702,-0.9242818739436724,-0.25366369282615464,-1.56997001293405,-0.6483134307819756,1.014629099432437,0.9042024622273521,-0.26926044765605983,1.1430263266889265,-0.10369280678014903,-0.8925825173101859,0.24522850083544823,-1.0249675947948889,0.5763602687597735,-0.10584006950675262,0.26167750278662755,-1.8594009538776393,0.49809410847342406,1.7267779910135106,1.2244881550196,1.3910823389075673,-0.361813436328521,2.772366048009834,0.2830734514881613,1.577351752552816,2.273663977168838,0.04576610175278843,0.31035214235451897,-0.09372032241521797,-1.035211046365573,-0.9168944026603155,0.45075928403864157,0.2100005680952869,-0.3437925499476133,2.90166084676449
-2.68785346188758e-16,0.6966808282100544,1.1583454373374542,-1.4630642605298396,0.8416578125437647,-0.005940614958940937,1.3420405261811152,-1.2227683583381825,0.8742157721958083,0.22050612164192188,0.6513786217848746,0.31909843261706416,1.3542662975900228,-0.6526194858601787,-0.5777793732310523,-0.03740933146589491,-0.6633052940456159,-0.8227125779592201,-0.5651517662989674,0.341030341193427,1.0882897782462324,-1.3556860963043496,0.6104700084707749,-0.7899914516245734,0.36507181563543456,-1.3933760502599075,-1.0644032089562243,0.5195289437182913,0.37832391301098317,0.40888388543726983,0.8285906075511529,0.36615092820697115,1.065167819792902,1.569764726473428,0.9299085705055153,1.0119527637274306,-0.2794361498367959,1.0592694643091658,1.697129761360838,-0.34244543357349777,0.938119531024291,-1.1113130121540449,0.8058405480905066,1.5104051461674088,-1.9429660149949313,-0.3152346913891091,-1.7961814652415826,-0.16829801029918068,0.032763846743276315,0.6723950514554963,-0.730359431181925,0.6923685136332224,-0.02004078046783733,-0.41089116785848645,-0.8768593157087935,0.08981608656021572,-2.3250454776460177,1.0256151979951915,-1.1225916244946692,-0.5891467436234316,0.09160964137356796,-1.0363844737142431,-2.8025615852261785,-1.7159348648743378,1.044540963399745,-1.5254683861491927,0.4944634478505663,0.48016502530081623,2.271862746775019,0.02434438364574715,0.39084696416224163,-0.11487633303123795,0.6502281053802046,-0.35166727298536715,0.15623061125737178,0.4573413896946624,-1.3408803609681528,-0.44728723748202176,1.6669094103772901,1.4817853526763909,-0.4317393118278484,0.4876097801013677,-0.6474826319874767,0.38902921641009014,0.7778813962732078,-0.05033634885771603,0.5557367088003932,0.743599028547613,-0.9768173294803291,-1.6243805108794929,1.4511185452603534,-0.8188857814688772,0.2969104816599573,-0.4926769018394619
-2.68785346188758e-16,-0.31692247341491814,-0.22796257397108638,-0.07765555568513843,1.359796237825314,1.7063321151301427,0.21960646650498047,-0.6064783659547355,1.9006200017722668,-0.408731540830211,-0.30971397936380834,0.8329370275941191,-0.14286213496044362,0.5994417773411276,-0.766240265166859,-0.5264067370764423,-0.3730203542177957,-0.8604545755060063,-0.01935916432234369,-0.5457369182498212,-0.6517055298286504,0.36484781346695927,0.002228308732532991,-0.779938416450362,-0.9084130192388724,0.6539573806503723,-0.8684616667626354,0.012628900354715016,-0.9508089935121234,-0.5413421042345892,-1.526795111255904,3.0733168366007413,0.4301615281560753,0.0815196332494059,1.4469825223057877,1.8858279225162664,0.585738534460187,1.0236575111736097,0.600508571530759,0.7848926444324348,0.3352776855357757,-0.3574602093929066,-1.177281141851443,-0.4636849714920944,0.3953293287432873,1.6867133327709223,-2.5086151951342806,-0.1329263608948078,-0.6304382683058448,1.0734403213273858,-0.22469533809783437,0.74064607950749,-0.24975716002490495,-1.230557275164869,-1.3545697460452202,1.6230928167466396,-1.2316541291961651,0.28275569387684074,0.42226887163810767,1.2816743281445977,-0.16650864949937016,1.5802601165001613,0.9855097298432797,2.498735343009314,0.9516253289409318,-1.2543958813489766,1.7187665526150864,-0.4105819027471207,-1.5903519612456685,-0.1529210044940264,0.6908619974774483,-0.5072030810418401,-0.7680766145173878,-1.4755999233104349,-0.16923658790694154,-0.9126056945354334,-3.2930764100180046,-0.3846982932585904,-0.2515789524131795,-1.5088348622282435,0.8699577957214505,-2.108159919892072,-0.35307554955854165,-2.476526898030771,-0.08183538660520473,0.3857235745561878,-0.005776788060379817,0.9096767443641349,-0.6614810070855566,0.5672943288051888,-0.9723481670935692,-0.818493651735658,-0.11830742104984648,-0.00670491026847464
-2.68785346188758e-16,0.0876218964568371,1.4173519185967933,-0.7269029561530556,-0.8682351963441127,2.414557935331189,0.18360002256582858,-0.7313930018573723,0.8260107457199002,0.14003226035604902,-0.6571472506718373,0.8238980309252742,0.4222323912040775,-0.9945482952967422,1.0367337990268326,-0.2391798248509982,-0.6923767028723261,-0.23423264455838533,-0.35883663234673846,-0.3688746055146457,-1.230837327570798,-0.05338629086779523,-1.3981427450661073,1.3337905671899817,-0.32975489865232577,0.5521215054349774,-0.7911100024038831,-0.9412359872553515,1.3888387399204805,2.183055375630942,2.1647591820373067,-0.5594053434461277,0.5399120862707455,0.9360980462253339,1.0070947255706442,0.7671651588325957,-0.07670988565186415,-1.6250533317468876,0.3254245310483858,0.3753793114074574,1.3109779038150697,0.7605401704670209,-0.7181180515652174,0.0316412784698976,0.14572353815367534,0.24809946074360145,1.3639216362392375,1.0183490258226873,0.4779322545376159,-0.3868306800645155,1.4553043558611731,-0.1775921743210912,1.2341601608395782,-1.0118927404320925,-0.06528452192501447,-0.6497298417252142,0.5893513292011394,1.2001240575462808,-1.5974330245882058,1.7093959816293225,-1.7533549765611127,-0.694454571288222,-0.32836377976647735,-0.77894810191307,1.0987684393470227,1.161501347916047,1.6584437562593677,1.0944920115586763,1.0171133260513279,-0.35673937824215457,-1.0556745384249835,0.7081146634938985,0.49819844612633046,0.7194558367801968,-0.01655217845027186,0.9878608362983319,-1.128819078081306,-0.5956641505838028,-0.533791901038589,0.6008793896571849,-1.2089750478451649,-0.39918792211120024,-0.6504170095592814,-1.4186577088923418,0.0026642723492787956,-0.09555819104562825,-0.9955963008776139,0.6382735210345093,1.7116735979594702,-0.6757040414659499,0.4787469207811861,0.22285796095806854,1.72109298791259,0.7691302159124518
-2.68785346188758e-16,-0.7298716313914047,2.3130676024184806,-0.975989330910914,1.2629815665296402,-2.638944057088805,0.1625477918427595,-0.6922150325505693,0.532967333149428,0.43542138952484344,-0.43863627972690017,3.1631654810255747,0.7137559472395595,-0.9111434165506849,2.39714801515815,1.7700245985859158,-1.5942723836323556,-0.6125106132267398,-2.239724249617508,-2.215230779046627,-0.8386084720740999,-0.6439763426084378,-2.8899814144947418,0.014890399386690229,-1.8322307195043894,-1.726800561231626,-1.968531238577714,-0.32619979768929597,1.9139834842455206,2.003832892129699,0.027896738914132246,-0.6545365735806781,0.04183991279307164,0.8663251516063016,-0.0028671602695363174,-1.017456594645112,-3.34577958745644,-1.9569876149967125,-0.3066690456157781,0.06972054410866346,1.3609595511864105,-1.8035944083434035,-1.1325652800253996,-2.2373267143808584,0.5239115515285131,0.702449461980318,2.3210401800031395,1.5055767542910643,1.3935019717007087,0.11833948657037859,0.6908234581587029,-1.8970465779959889,0.012699726375117818,1.0975966514330766,-0.03423999274111934,1.643685051680034,-1.108027022548171,1.4325024329046467,1.1193944117042025,0.1435091284844099,-2.2988137766239456,1.022884657262161,2.2218231810357896,1.8212833435961795,1.008911033309042,1.788708698588136,0.6607707817744238,-0.5692678489296202,-0.6825696992130372,-0.30994934090601556,1.2590631813416417,0.10094260844113179,0.4402621257638474,-1.1265801089112015,-0.23573640935520476,0.04595686778752073,-1.6839490267193313,-1.117783851564942,-2.4823965240636134,0.8067252338676505,0.30030010931834955,-1.7955692237823513,-0.5380625677833595,-2.513608414987108,-1.4973597032053143,0.003614289696112025,-2.0692785318272415,-1.6059647443610725,-1.8283675479623716,0.47611231098929224,-0.4481906825611395,0.0345184412265106,-3.17450607231296,-2.722215458382045
-2.68785346188758e-16,0.8922399302047617,1.2867872287986328,0.3073691282928774,1.406143511765671,-1.4783257096733498,-1.3157924697466745,-0.42383700402666874,-0.2852427262675555,0.6668335896443918,-0.3211573714208123,-0.6901220500582528,1.2677532626155457,0.13753327888888212,3.455746057686031,0.248420627812546,0.22114730482016554,-0.14351356463920362,-1.0361320027439858,-1.3182212199973768,-0.075387805431769,0.1903239774028882,-0.9227391439314447,-0.8122449666260152,-0.4966349630834944,-0.5482738098670177,1.1511058868242208,0.17880888753741989,1.1717485224351647,-0.5639597426267855,-0.5556451060292628,0.3428971330915105,0.2592719234679399,-0.7721571747371649,0.3007185148872856,-1.4192539585500497,-0.9590993403999656,0.7735992755453612,0.18387239071815525,-0.17304221025101174,1.3365800859608763,-1.6956037638678767,-1.0410750042216572,-0.34397641638032805,-0.11812844903691089,0.3024561510321176,-0.45778215463257377,0.8512480485231215,-0.9571598672021525,2.4722624809412856,1.3184634730762994,-1.138442229989787,0.7696900462398323,-0.6391748016641149,0.21351943421364297,1.2372737610759104,-1.1398753161960486,-0.5631706287975116,0.305515616546961,0.3269655575818805,-1.4482859345171613,1.4483750085888725,1.635986262342898,2.569274619030373,0.2941894995113474,1.8572454145497777,0.16543677816781754,-0.8228773884857148,-0.1425675061167178,-0.5824240814936561,1.290810863886358,0.5439706533662965,-1.394754743034661,-2.1448140251303034,-0.6992613479824238,-0.6080204256261099,-0.3504121266475865,1.4866178679766764,-0.49074610366087856,-1.0354576800386688,0.6824865754301832,0.08489272786173598,0.24631652864071205,-0.0799659884393118,-1.1942627208544132,-0.13007175307151012,1.8097718905292839,-0.34479752324295004,-0.9971032274553486,0.7414211338568766,-0.8175867580762568,-0.33252935575961745,-1.3569492973745163,-0.8229082729798092
-2.68785346188758e-16,-0.001060167307486625,1.8094314844933839,-1.1379402789513025,2.2835959269633976,-2.08282001114622,0.6860518399004037,-0.2513671084156433,-0.6969903775136463,-0.5144265460882012,-0.5931206671852812,2.069839807565003,1.5962221439465771,-1.9011148346614737,1.2778803501298892,0.481013597599976,-1.6952260873016878,0.28173010088201567,-2.779243486868346,-1.8562925410937068,-0.20600048618398786,-0.8674667909983882,-2.4765104875994073,-0.607478947786071,-1.8947675099752284,-0.609112640869604,-0.03332997006776495,-0.6716454830450114,0.9575514980400965,-0.5635137675657657,-0.0004338758177080543,-0.303971499852125,-0.20914099423070143,-0.8251397864063402,1.0958137929795173,-1.766162789098976,-1.2704026592391569,0.03560695021083443,-0.18525875773568468,-1.7092554138794993,-0.44132491239247834,-1.0557971211631194,-1.6669078237626511,-1.3902261784172654,1.0448469849481008,1.9286290604612044,-0.3950996656192176,2.3058193047762967,0.34264722183636454,-1.7779313005463253,1.3507834680433581,-1.2023584301626526,-0.4028240190795062,0.40999561652608474,-0.8144737975049534,2.1704929204827925,0.8194278518796635,1.1303390746430693,1.660774172197284,1.8540171531435738,-2.339337410136298,1.4898816030252398,3.2953213834061086,1.9865457316977222,0.46216515167249106,1.4958872979798759,0.7933714895182488,0.39027925058707247,-1.8693684118486407,0.14687612965782135,1.5955954211072905,1.1348283746911059,1.1641392143574034,-1.5634400269942978,0.3887612646371635,-0.7274922581575592,-3.473287383712405,-0.8771246830763286,-1.501355139654644,-0.6541486448238187,3.448413284910538,-0.640507269194592,-0.5774660096292947,-2.085119281059971,-1.665486254512364,0.1924239328008273,0.2326337486087036,-1.0963236110374275,1.510444046687848,0.25974717259366376,-0.030364488506407633,0.07507940458212364,1.2318440168909381,-0.9086760721769385
-2.68785346188758e-16,0.9364758139959987,1.2585250590117236,-2.2838856328822508,-0.3604987986873017,-0.7490185314581383,-0.44074264644476724,3.480700218223546,0.28662583319784224,0.026117710861055816,0.031309521388005315,2.2136450252307913,0.7168177409425424,-0.7123350579583775,3.4197475364423893,-0.9393432915587676,-0.6255359557983549,-1.010893789188768,-0.49875898810724506,-0.29918099681346444,0.2761443184024682,-0.3972952950705357,-2.12886481298686,0.6478028182373071,-0.7916815639053759,-1.1759999966392285,-2.589481192446266,-0.668145494890763,2.36327188550697,0.07841065779603446,1.651122118269191,-2.088356608607036,0.716596649667583,0.6039126118998517,-1.567024448423323,0.17852692653507518,-1.1902560017155257,-0.26123975668798705,1.3037684978002984,-1.2877707316186568,0.606238150289909,1.8269395565978042,1.152070002006162,-1.2354274556614147,1.1655680212742299,3.0242821818680636,1.478334924836942,0.5613321350470596,-0.06628922175859442,0.09673596579554626,0.4721422346485817,-0.22206777204978356,-0.8944465885463209,-0.9125311804004053,-0.06359050639679995,0.045491722729699424,-0.2917567049091134,-0.9949173582682909,-0.10376357316554097,-0.4007819696763693,0.08648313745615155,-0.37429257244236175,-0.34844614612994457,-1.0793782507297984,-1.390421576102083,0.4538986803726063,0.8977102273690573,2.2713125295381595,0.7981680950171934,-0.41073714760917385,1.1408553250438755,0.638664982494097,0.05881383840475851,-0.2831250066097272,-0.9976951788763565,0.07266417306526411,-1.0240101143540674,0.05596326213939562,0.7156039356013421,-0.23994770379875555,0.16638169975328532,-0.3518612760515619,0.5251811697066437,-0.6617178766519507,0.021649951689071384,-0.34070503764337623,-0.25179895500679,-0.03914879132123346,-0.003077685622764892,-1.4628002859251668,-0.962614586890242,-0.9658339909478166,-1.3371744904596718,0.6149314195838027
-2.68785346188758e-16,-0.9049884494390523,1.6215365810205755,-1.1731755197200195,-1.7305266825153176,0.759342011482968,0.2648200002006806,1.3782788041785314,1.192297783705754,0.5058205230429287,-0.3743598437837395,1.0889307028755293,0.3279240943743701,-1.4397781889465147,-0.3513235340996033,0.4900765822439485,-0.8515142813651504,0.03825785070974996,-1.2998533390141587,-2.121300190396963,0.0135468822295706,-1.214464192153994,-1.6674804682875473,-0.09897662086227527,-2.1187216832808433,-1.6157438947756282,-0.30848541123334977,-0.1833405880242766,1.4415409195289328,2.22036731927168,1.9767863355227158,-0.21186408238213633,2.216416931264379,1.8059082529135422,-0.03451449898761927,-0.23519619051091245,0.22056534840304065,-0.8001401609257183,-0.01151353683232656,-1.0597100177326588,-0.7713886436093849,1.695169125504686,-0.6432118092541068,1.4956849960876613,-0.8221824490389078,1.1149019867565295,2.331684769124654,0.7800211297276343,-0.4950805362032155,-0.08308698439855985,1.414206185727506,0.21369602133802457,0.5510950730382534,0.2364505537067668,0.33548180129485916,-1.3201038253123678,-0.29920933310468156,-1.419244693690264,-2.926990808086196,-2.0199364676466622,-0.7113959647524075,-0.299130285491231,0.40047548853538845,-0.36687308047071593,1.6430796863874064,0.33203427905070015,0.06590014720807424,0.026749202473538403,0.3197646838063861,-0.5139493015986129,0.13842514499305025,0.40843958119715124,0.5804669058071659,-0.25766473066467915,0.22184187749708148,0.38422530706233016,0.4271969268153397,-1.843279322732481,-1.0688026205887777,0.3124340929647855,-1.1131802119013101,-0.2808636094274559,-0.11795932471021775,-1.4924368752640085,-0.554027476978728,1.1089984343059303,0.021607233197132425,0.264827790575874,-0.4343825427035056,-1.156284815372651,2.9994327804981573,-2.0701067446887396,-0.7240585818253938,0.19094594454143932
-2.68785346188758e-16,1.1310290273913997,0.3149661212451086,1.1245231729954441,2.0933839789979363,-0.7523731099892117,-0.42492310366068053,-1.4265524864151558,0.5323009807183692,-0.2462276109821332,-0.3347540041863377,-0.298151136044008,-0.3679232480289983,0.7721243173679604,-0.08018050933798548,1.0371318767695283,0.38391335208524646,0.8776719657080305,1.3328723179740678,-1.9427130480628851,-1.1387349394818642,-0.48947626617484186,0.2311913868301319,-0.5163037226113961,-0.17154811161274933,-1.6731852354424719,-1.2082729484596946,1.0104407135775313,-1.6759068765932876,-2.1700956919237506,-0.6827232503829698,0.555958845541328,-0.08217653049227225,-1.3631292685168814,1.9227327367851257,-0.18756679180631775,0.05006247823325499,2.1887920647823758,1.853990837865734,0.9362857757253655,-1.6076094349837713,-2.1497466172622364,0.23115227428096366,2.4174068014517647,-1.329414769077884,0.6714983184225376,-0.37184728676014484,-1.1838164681675472,-0.69833062063292,-0.40882641107197865,-0.986897396185596,-0.043749767390012836,-1.2907760602791871,1.2699068344736058,1.8922928890471136,0.6644800631992129,0.5337194353220149,1.9513011679394552,0.4288733031300367,-0.06221972867708178,-0.9212678678124138,2.056791084748148,-1.8645873692929849,0.3326889675805913,-1.2292559019657543,-1.4741723252316565,-0.6679656487914453,-2.5911729284409253,2.021346652708288,0.3788527176223218,0.43075862273458976,0.8640253714298514,0.45274312297885844,-0.48872517326771825,-0.6352516575693669,0.5122823278060373,0.9055609866457369,-0.07113366570814508,0.7583492782213314,-2.1574111757580967,0.6631083653895061,-0.33254291170234773,-0.06680481804176651,0.15813208178421423,-0.17328729006554033,-0.5660627928227024,1.140277289329939,-0.4014829473225857,0.26710696029666914,0.49126926550682426,-0.7536468199114004,-0.3811023837574227,-1.5440754592389125,-0.9081662195901714
-2.68785346188758e-16,-0.2134256059957201,0.7005202593803832,-1.0092218375813409,-1.653141457639616,0.5014165984337339,0.018730640187349077,1.1363930592092468,-0.21098489789995423,-0.8373150197661493,-0.45871271595322655,-0.4019823450440272,2.4070573040465604,0.10810335913639091,2.1182099991588754,-0.8760949903049893,-1.2532178714948328,-1.106036255380548,-0.9691296902772142,-1.4257473408879635,-0.26936191304122553,-0.8515306625281545,-1.9672408895277718,0.41597703746672965,-1.0104922409042705,-1.5934641984567193,-1.5818616943836374,0.9345361767389604,3.457126492818878,0.9959822850447814,2.5216622089710525,-1.4264238311813981,0.07476095058788103,2.1390192057581094,0.3297533309232413,-0.45003788438458486,-1.3608099016191963,-1.4621037073027583,1.9299736824024731,0.6234760117861233,2.3324375818472998,0.7420966293848995,-0.645321898981224,0.5764057404003885,0.39002985551000385,1.1675933819047826,0.4854257544554669,2.7582132494460065,0.5174285825885828,0.16358492732714228,3.322221381891241,-1.6163968362474073,0.08012102266965103,-0.4580916712610351,0.19809907249905706,-1.6527114965535636,-0.3944107616227595,-0.8073340281813643,-1.4456377259257527,1.2184294055635456,0.7967308898382286,-0.6677159561294231,0.3653071457949047,0.35531790206016844,2.0047227439701434,1.9929717847164834,0.9212688556321564,1.741630411768954,0.8016782207936242,-0.05362889304602938,0.4544260646470147,0.7584076684070786,1.3019972255408068,-0.320393520153183,-0.6447209691592356,0.9484922266271621,-1.5892261919181994,-1.6730817989990383,-0.9475674599387751,-1.2538062134867483,-0.9568066586154693,-0.6253899398191055,0.7313511334920312,-0.6904184303107718,-0.8961930635691503,-0.5476383240535425,-0.2738786925113903,0.5933658632537413,-0.9389339034726045,-1.9695692750768956,-0.43220686054159063,-1.2749166796798725,-1.138743685134307,-1.398609543499969
-2.68785346188758e-16,0.13500290037051096,-0.5357518144520367,1.3848853953937859,1.161192828919198,-1.0547032987494251,-0.4151159561565189,0.5490735482232803,-0.12037987877492062,-0.56612687991345,0.8154157063290897,0.02684966243381659,0.7532666001992145,0.5129036717645663,-0.6011414312930702,0.20744652586317958,-0.07305428725100582,-0.3067773817748908,1.057145636108328,-0.3113674425966706,0.2614700745588101,-0.7222524028808301,1.9938701162731942,-0.03376516095336348,0.18400153989952073,-0.6985194597183301,-0.5618106316469481,-1.0197484385888833,-1.2693043916844204,-3.02480909333537,-1.9042521798640328,2.429388187795194,-0.332594347255619,0.49076773231795673,-1.5674843229890572,0.6134410955882142,2.736697053275713,-1.8355522860784625,0.6823893021223499,-0.4898638490894019,0.16677059265393124,-1.3898325759958736,0.023053411362106146,1.945509112640449,1.9729759047551974,0.08738073808645902,1.329555905771469,-1.2184647777340232,-1.3039344779372546,-0.25404109846240486,0.2033979050761714,0.6880562613735471,-0.20805718425906672,0.9182246308850955,1.3388843660475775,-0.6622683204701336,-0.4936964954913161,0.7556798741242227,-0.31072282860184053,-0.3476630506938695,-0.5780157686220948,0.3859451643767904,-0.9066172672597774,-0.4246173696449835,-0.09939004864013734,-0.39950177387820884,-0.9447661326157377,-1.6287405495711005,-1.335291920879077,0.8047713935452633,0.021543225304670732,-0.8139692212671048,0.04103941358265373,-0.44508685952335564,-1.0170167877630178,-0.6903298010230958,-0.2680141040938041,-0.7522724553261213,-0.5261150709339023,1.9326294852796757,-0.7507005691204456,-1.4742092664340043,-0.28254379335947505,-1.0352369287336476,0.7756099955483065,-0.19628858309226985,-0.014389456418106704,-0.46116358265429364,-0.7854052208697927,-0.06219462353967671,-1.1213112970790622,-0.7873178154135146,-1.2611676968020753,-1.351406865487556
-2.68785346188758e-16,0.45257496589585233,1.528914312960128,-0.9658618022495493,-1.0223072556947612,-0.4366941352568916,1.5519298453977393,0.993270222717227,-2.001408568206707,-0.4238866509393502,-0.26809600239012055,1.2577921637073248,1.085258516549867,-1.871984840483669,1.6043344337944747,-0.4755366890330246,-0.7721270138523104,-1.3636923026114696,-2.049444811142812,-1.2182236989405044,-0.5395810313076337,-0.37159428124658733,-1.8539055114462788,0.7552827925440061,-1.3885212851221846,-0.8222411662402559,-0.4403729960802777,0.03487558902606894,3.0217943470395334,2.0886461381386545,1.1372346755199867,-3.4114162085487685,0.6051562857502687,2.361460694707299,0.58914293428214,-0.4292617222921251,-2.1156200477981644,-2.037015736938449,1.380404375924203,-0.2645799381598699,1.0731296637912409,0.9459722925695162,-1.5175120178664414,0.7213335256237017,0.5432252133857944,1.9304702166817855,3.3027119041514226,2.3205098259301686,0.41085907826542056,0.8502430129943961,0.08578682750306132,-1.4448840841475883,0.15114910838909135,-1.0985341161562652,-0.222520272221969,-1.5833946921834396,0.05090394444101066,-1.9192987708966758,-1.9690065205972775,1.7365445803287256,0.3187648894818017,0.26369494432790364,0.19380127512778744,0.8998534063617005,0.5831596387153754,2.0401622360575526,0.5311578622077321,2.155530194230277,1.8006918612984877,-0.7228779491911107,-0.24696062688142847,0.5577781035371705,0.36364532809875416,0.2169690263850046,-0.008142028082917465,1.1243734671108583,-1.3899979392043078,0.06021061084556034,0.7557205597992207,-0.640615753953143,-1.0071162563244564,0.8094042271905758,0.2631483345739339,0.34674382172625723,-1.6244319545971422,0.16101874083378376,-0.5583613833053718,0.15752716620131652,0.02610870550158373,0.23021123044586211,1.1632664987467596,-0.5485723058589131,0.003079220231641866,-0.8000306192290652
-2.68785346188758e-16,-1.2819826271071488,1.031426114178584,-1.5233918722242275,0.4028954772669203,1.5381087055380294,0.27285726555694034,1.4304844607333402,2.1316530550151107,-0.4556270345770022,0.21505254254003886,2.720009454176175,0.573280259789276,-1.7978751573848502,2.121447779119506,-1.6907623445338014,-0.6278656784758402,-0.8775551071720873,-2.9195386529620704,-0.869529212163656,-0.41984728121812454,-0.5936288358509162,-0.4503723429667821,-0.1252417891212168,-1.8603186911453202,-1.192255849067941,-0.6995158744118753,-0.3718695407195281,1.9635054458052372,1.7867541208841344,1.2989578770315988,0.0812237815631507,1.0292720791847314,2.054979993405489,0.13632906123668498,-1.6010905581520498,-1.533419704066116,-0.5179857731420712,-0.7156615875711474,-0.8528966311321227,-0.3559392321141692,-0.3828759980077145,-0.17526227058067445,-0.8841922292576921,0.49715562095692367,1.4962964455664138,0.5096964663414323,1.999010348750727,-0.5301195911216658,-0.502071373775306,3.131298268480198,-2.220856546884059,-0.8949798616508179,0.24688577971146086,-0.04308862109188891,0.028403727092380593,1.3496764449919383,-1.064845222459047,-1.7578470629172336,0.4746727227187881,-0.23989613888859213,-0.16503561662492927,-0.38486570851119994,1.0227158113160555,-1.3716395485737372,-0.7052269947622265,0.21691643579610553,0.6393995152033605,-1.7116297571479278,-0.09036458808755207,2.097836691556372,2.5557100977398948,-0.1431775146685682,-1.140735947106063,-0.8593983763713692,-1.389286836113746,-1.2751349295734555,-2.421128430385548,-2.5886086029208757,1.735868790191665,-1.5066850685538278,-2.1504544365128506,-0.03153990674510554,-2.6787907087033007,-3.1351214443717597,0.2087009763503434,-0.9209420907534548,1.0360463370131168,-0.07633687646313869,-1.5868339759308454,-1.2824851422967467,-1.7590956639087834,1.100655397177815,-0.9388897602992299
-2.68785346188758e-16,-0.7669516600357215,1.0922556495473144,-1.605474716621613,-1.8088568642592804,1.063377054360242,-1.2509757396564456,1.550346718698761,-1.8772677115603855,0.565502550498188,0.4887837945070816,-0.6617566230702839,1.163149526395704,-1.2087484673098268,-1.8784331245143606,1.2522234137966584,-0.7945457313702095,-1.7056554608487098,0.349326608802341,-0.04301378447100221,0.3609984093517039,-0.24024869768581025,-0.29628553357902443,0.4514719986928815,0.21792327675548961,-1.1924962047851249,-0.17614921838100883,0.6449183956009813,-0.042001030675925755,2.352357260606375,2.1927520784527257,-0.7971501911988446,1.2588560646827067,1.234676831454165,0.12943513406717733,0.22927501812890339,-1.1154209566203392,-1.7237043206999112,0.5111488053285911,-0.20850263260916835,0.37876255543809645,1.0984699082738478,-0.2727756489509655,-0.7852494448771885,0.40825689573265667,-0.4276921944733332,0.40203897871224764,0.7467593164288054,1.3030882623396054,0.15659981486594837,-1.2690575918508706,0.6060588106566316,-0.7879502901226436,0.043445296744950776,-0.08371462171362286,0.29552209152668985,0.0724960449963719,-2.580125124824737,-0.9388138538721146,0.08253234536022147,1.2687581863909114,0.18587439597327626,0.8739595249330085,-0.487980393174463,2.8038971891437243,2.4387125196674986,0.8048077675617508,0.9895331176291785,1.2841965117166914,-0.6746470909408087,-0.5210479673915138,-0.6763775589734151,-0.16422265628238172,-0.11462851327743322,-0.5065046105541317,0.980786122555648,1.0203962136263194,1.1997580104672259,1.2025272241102825,-1.0158704202699236,-0.5997970647402241,0.3052079569189736,-0.26290799718543856,0.676819524686314,1.743027841350076,0.3807095591060538,0.6965700661568642,0.3495003108239718,0.9102310014561042,-1.248898543034147,-0.9423235729666857,0.28297237196173575,-1.4233148431414966,0.06754001904532536
-2.68785346188758e-16,0.2543832191340775,1.6116154179336284,-1.2286614519978214,-0.31881253436539086,-0.34940669724522644,0.08431886945478048,0.054515608304046725,3.0950544365142223,-0.25588247722279883,-0.2615950494167337,1.0046677066842267,-0.258428328125097,-0.7078595011756019,1.1603021923689762,0.09693611202018337,-1.7936809532240823,-0.8304909997746264,-3.135528718371858,-2.1597046929097554,0.5066622995036281,-0.4752622835763007,-1.6548043926313714,-0.7797537758721274,-1.8394596992081087,-1.3492631851997883,-0.20338675606527123,0.6545431584031909,3.556756578282887,0.7713497863093608,0.34303632797992434,-0.11572068405169034,0.5792623832000355,0.2476390364544433,0.9124054774875396,-0.5835847595489447,-2.7006608642118755,-2.285059106015215,0.29665002950238945,-2.7422706203118663,1.8367254712098866,-0.3164576213936372,-1.0276550425916153,-0.19384875189498596,0.10699913153687113,1.9277102383197757,3.8721559838426445,1.565635164281786,0.32377957306059113,1.135094683854158,1.5471091249653168,-1.8121652342288106,1.1165912316843003,0.6507789234210225,-0.9023899168937322,-1.037711740885488,-0.3500182923366094,-1.5252605780098492,-0.37186715289692296,0.257084390675484,-0.4279925420899867,1.1110402274698137,-0.8485110456328373,-0.3925247787806787,0.6698749222464735,2.054684314873742,1.7251331160976338,1.6782104375823321,0.5763485134428115,0.282008891102896,-0.6229410509672402,1.7420684864677805,0.17889927838153263,-0.5294957753499777,0.4669494087610146,-0.792079763743551,-1.5423891462518684,1.0484050568049499,-0.5840056734826115,1.2207336353861873,-0.13315953033461186,-0.8458651268865645,-0.3956937599445712,-3.2075982391511717,-1.75787770355315,0.14712184422413,-0.7246076728459407,-0.0704382249121243,-0.21841865614818257,-0.8153794189813947,-1.388602847747942,-0.18874622442379985,0.40140630333936955,-0.8722585672000043
-2.68785346188758e-16,1.4714636695647638,-3.4179824888389403,0.14490518429712773,-1.0108938532849403,1.7093559898665736,-0.6175318837039165,0.9617875861595473,1.443323764009127,0.24479627829668946,-1.0599432933410873,-0.7467943969915858,-2.6260311609796703,1.3211210476555486,-0.1727059951758348,1.1365005252970808,1.938770820905843,1.4085388446191327,2.218668070016892,0.14710351196090016,0.0700007642464478,2.2085723873719094,0.32931307486298694,1.6226702807144844,0.9717375080694178,1.0436417963619329,1.6686132765185688,0.6207174559217012,-0.20533203849482273,-0.7581677743544146,-2.4430775246857666,-0.39757379904041856,-3.444158864205559,1.1878721644109307,-4.215121262944831,-1.403357448680152,0.4095225607250655,0.7722090791057907,-3.5635503837459708,1.4930186374964107,-0.6632549078620574,0.7348379572136803,2.1072254092129823,-1.6702962625150481,2.418410704313738,-0.5440066356976055,0.3491801957133496,-0.442593837921457,-1.8327416476527776,-0.036749737729565336,-0.8532764448568206,-0.9629937140438583,0.1958272864264296,0.8187791013163948,-0.1399619748703727,2.581856708915343,-0.419469156069036,1.4072006009924287,2.1658873072339455,1.653897179784241,-2.7208375410847334,0.19837780640139213,-0.8187015003793203,1.8212668182931078,-2.1015126119010437,-1.0416510103527938,-2.0102567131947686,1.8078971599144855,-1.6287534922018783,0.5419371731448491,-0.3144025163777455,-1.4477674743439395,-1.178073090283175,-0.07097692384509303,2.2472206516399615,-1.2355054356687631,2.8827105757066294,0.8171568540885672,0.9799234082568871,0.1710318338581135,1.5650049444678773,3.848239760819422,0.6515010794820618,0.058289291575685076,0.14524051661252402,0.08125364831322995,1.621466985131693,-0.21313738239154253,-1.0019910457817522,1.484212442518455,1.7134751195825852,1.6069829788504362,-0.0733863936323369,2.001287974912919
-2.68785346188758e-16,0.522959973934159,2.326004584572848,-1.0111151770623392,0.5571611107830661,-0.5279367955897449,-1.3012629310854378,0.7002061644085009,1.363102018822172,-1.3213405365346242,-0.30591767060053904,-0.23054751612832858,1.2483577023412638,-0.8980699549111973,0.3129073948840164,-0.7899459160451955,-1.412926357236199,-1.70945277565062,-1.8722954760438655,-0.6666402170667418,-0.2798493278457814,0.3775666469794157,-0.6338444063636794,-1.1581652245940555,0.03199947689381055,-1.654938967502837,0.23032869885690443,0.07373728627294966,2.4102670559278137,0.2812559882293399,0.537433918559805,0.9149934353435576,0.8082862060523931,1.3788322614438229,1.1751785630005211,-2.8283729750699993,-2.669193029088027,-0.10246681854923279,-0.48283846665821356,-0.9369424758528259,-0.025819809162695745,-0.2210743788096093,-1.018675408328749,-1.9161211090372754,0.45534507844835165,0.2786399136068505,1.6350826214952137,-0.8465416467756701,0.1674266880153952,0.5641928202332197,1.619646014399262,-1.2114864277881947,0.1418322833694396,0.07065353023678717,0.562949984051809,-1.3375596460718233,-0.33076640230354887,-1.1524468812472533,-1.022621127844821,1.0851554718947445,0.40599872691927186,-1.4543027707578378,1.044658809749592,-0.8365157766502773,0.9300950028816365,0.5911702718156084,0.09109971365610281,0.06326190288837963,-0.7481876746467263,-0.14028067705488412,1.0071262071489548,1.837940416217331,1.2781068685151764,-1.366174124434429,0.25418108204387263,-0.5448647060703908,-0.5724751359754321,-0.987197038096542,-0.9427777361257469,-2.418100641497873,-0.012504960110410275,-0.21744511099859765,-0.03397463872570836,-1.463792235507409,-2.18832764717627,-0.13557923697878724,-0.9489859651396855,0.9022161854713996,-2.0311256895042953,-1.22507801464703,-0.39857347967900447,-0.30586179981100337,-0.7238698482294643,0.8066259186118574
-2.68785346188758e-16,-0.8283771445346317,1.8180380404956302,-2.3060294237342815,-2.074511516433779,-0.04692746463308706,-0.34161787524183584,0.4287062298297595,1.188558563640754,0.5086001993306631,-0.5821399219352811,0.014751287368168664,1.0558223828021291,-2.1214370642636977,0.5295053613160106,-0.18434155922372972,-1.552778524137365,-1.7305189180620173,1.1337689824499977,1.061916217341229,-0.07188304795380131,-0.34425556837844445,-0.16888055741737046,0.23279297484610867,-0.13159711713487054,-0.48312935464878914,-1.0083951652214118,-1.0653775914613146,2.6103016467600293,1.204596171239104,0.1497747032847525,-0.021078650888322836,0.9097568542470961,1.1011535595178412,1.7858155321494733,0.7790186869038437,-0.8442190585730001,-0.7478634996022775,-0.5293018981299317,-1.0732953352135977,1.1426307741790742,1.415061208494345,-1.1104750970446362,-1.8041296118073742,-1.991844113159513,0.22341547500577275,0.7468345987653962,0.46275178661619415,0.0802715693660172,0.3387971888596485,0.23355909806024477,0.04026289200588784,-0.2152005389854563,-0.07731660281042112,-0.6405610754736222,0.9938151668074842,2.2869809649721393,1.4376328298990437,-0.09205063668020674,3.008746482107724,0.059986403721987824,-1.6924361939916694,0.6936162370477988,-0.36037121094105806,0.34120903392078517,2.3030286062535668,1.9235423188992218,0.5570237288408639,0.46903457896224665,0.963375423725448,1.475277987458575,0.6871785358713115,3.240821322684495,0.6237193840090072,0.17306723090371667,-0.8542501517333573,-1.5355221912686898,0.9928510192387503,0.40483793182107475,-0.3258127382629885,-2.2559625311694087,-0.16180093559348227,0.24543745574771736,-0.4539148020743041,-2.1271784973773,0.23260797751539553,1.3666366410097568,-0.7616851272904688,0.6512847070649385,-1.1699624847133534,0.37513307343214664,0.00834936851596213,1.600970753397486,0.1353196557170775
-2.68785346188758e-16,-0.8065996566410872,1.9938747409471786,-1.194758692239711,-1.2499699645515148,-1.78795196508996,-0.22491558166464792,1.7049041169737487,1.2132799665827791,0.23475968203341682,-0.13351919271312682,3.0811298318382017,0.4655376280533119,-3.115547929008703,2.6350949610638033,-1.2966290451159126,-2.364787514845741,-1.2101899931776634,-2.054287391153686,-1.8651798629607867,0.5100508647876463,-2.344596102738652,-2.18092488492918,1.131366459122978,-2.2865018067649596,-2.4702637230446887,-2.9874854799864483,-0.20022270697214495,4.360983038757624,0.8998805842813924,0.38246099526520766,-2.8497548004163558,-1.189208252109328,0.5382511944815911,0.5204080580742882,-0.9845958329095462,-2.2812433258297657,-1.5367969435530466,-0.4665726209728833,-1.6917657899492644,2.3223820081527924,-0.23429251096648052,-1.9793898376990615,-2.623092154845393,0.21238181311722693,1.6088916613262905,3.2709299028166554,1.9209585215510634,0.2564129925115423,-0.6426447643980285,3.172660525713739,-2.137598118950034,0.3498688123527951,-0.8977452736796091,-0.38820718177578967,-0.2648107191192164,-0.6244250719461607,-0.3954141443749628,-0.33058153914516525,3.561430050778015,-2.6641925860853855,0.1158040934600354,3.2477966340929707,1.4711887350068422,2.36394286880724,2.109408641800491,1.0007335957836925,1.07439478740633,-0.4873251262502021,-0.34403142563839967,1.8661397302022713,1.176109888330729,1.8824550707957015,-2.6111820950475484,-0.9373083572119264,0.8071032588950964,-1.7341382559050893,-0.26215696088785495,-1.8079788091192581,-0.06702463340689435,-1.790688813654286,-0.6763574596699662,-0.059484076559503815,-1.224034380190778,-2.1918367272738237,0.2616769906455812,-1.1635208040316767,0.9458420698093202,-1.0452780233536214,-0.2023314611471224,-0.2566410113682539,-1.1495914742925013,-1.8570795702799168,0.1774404910068761
-2.68785346188758e-16,1.1715334999202665,0.37991646173957105,-0.6345415617855826,0.4110627248314418,-0.6059037421213541,0.31290666618967394,-0.2706025997518719,0.13172092555537807,-0.8866474496369986,0.17985685724760375,-1.6739927462251096,0.948365932240288,-0.3163338598810935,0.6412830500777809,0.9237427094711615,0.36730144357018657,-0.7080831859157424,-0.8226091302570946,0.33317041834093514,-0.2537093915422571,1.2538553864971989,0.5688070273112618,-0.043201076011560764,0.5542384707832232,-0.4599290542080884,1.95954424209399,-0.8642143098148845,0.9123383460465003,0.8770421009405831,0.014077656733398197,-0.03904985978550568,0.6991545840915739,-0.30552987072759497,-1.447850450166178,-1.466619207300695,-2.4388152127296596,0.8984629634506146,0.9364414820183139,-0.12480760532631219,0.6874534328736736,0.7008788725145001,0.4881152198343994,-1.974604403892167,-1.403231782037953,-0.4646023408589266,-0.8884131653017495,-0.1421686002159743,0.3541318211705123,-0.6568494107097583,0.6544970310433216,0.4260057510536923,0.598159020124387,0.12940534545314158,0.9725423244548599,-0.17040205438609424,-1.7916703362194095,-0.7180224533542833,-0.19159291841033055,0.6035788211878995,0.1682265577530751,1.141064574811658,1.4612559184495582,0.2261413164676369,-0.3220893020179426,-0.8623926046742443,-0.6582705235370389,-0.7862982577112313,0.18249889022023985,0.5122617174951045,-0.10032395091751367,-0.39237918139598144,-0.5346225612415287,0.4139055526790379,0.6490120709156416,-0.915471865881487,1.4303082076213753,-0.17306775098633914,0.43267726460249223,0.6131847454162773,0.6405937283589697,1.2689515851624589,0.41022663747313853,-0.24410949328210058,1.2583760828350006,-0.23538237158118,-0.02141469100157506,-0.07198760078323868,1.2096330566774942,2.205106614086814,-0.21177369300708376,0.8089531149615972,1.6144189388824457,0.5591372202877025
-2.68785346188758e-16,-0.27238211320907113,1.6032201801004062,-0.6477199189853687,-0.1159524020589601,-1.2535651711605105,-0.7297344632158306,-0.06281598729167892,2.4554599410471387,0.10625943239385115,0.231733994641572,-0.506640138776451,0.12015787922338561,-2.660633648573935,1.563360568095319,-0.1646308583274354,-1.0943025791094736,-1.180943738991771,-2.5947130423061755,-2.0180657773145203,-0.34434115123669484,-0.6105105921972891,-2.4223119144320786,0.6032294604100568,-1.7073300384010766,-0.30627764576293526,-1.724131541810555,-0.5150011049871942,1.819524074666422,0.27977125264932,0.8824471868699597,-1.7891145963092505,-0.21987465747707793,1.7070051141442717,-0.15579378776988523,1.1158462122824226,-2.988229974058569,-0.3554415106418718,0.440605661993586,0.20475241241353304,1.3898400108685485,-0.442656873453921,-1.1677861188613945,0.20063781043060963,0.2655118115365053,3.397331283379832,0.01780558088291917,1.715359050575008,0.5278872701392104,0.5157640654899822,2.820592583286997,-2.410847410454183,0.5351476616724179,-0.4150222934329399,-0.4872714486144917,0.012285786455652203,-1.3709659211996708,1.0912976203694267,-0.24563692112227603,1.2288049424038872,-0.883017649390518,-0.39348572858218867,1.0700469162785788,0.47903205926797376,1.7008906017606003,3.1867080148560953,1.0388947155398995,1.8841246319658596,0.4186964887114252,-0.26770880976500694,0.812446595063219,0.7959863536818517,2.984270041530862,-1.0504210262035254,-0.6115876933731287,0.7866351634226174,-2.1101794198347523,-0.4408664179753436,-0.8780960690712307,-0.31158675499987487,0.8280774893099153,-1.2481695792780438,-0.07056279094299982,-1.8214094635815528,-1.6595084162026796,-0.06643841945648418,-1.6014906446314778,0.7368581679988522,-1.7360671521616236,-0.1846937721207915,-0.14498243667984362,-0.09683570703834932,1.0823607117643164,-0.4378527664506087
-2.68785346188758e-16,1.0045268163878962,0.24003713654736136,-0.5404792556406783,-1.5986749555881097,-2.2114314999217406,-0.34697137475701134,0.38538446477981014,-1.9368624295335914,0.5694352953637011,-0.017665954154512532,0.012207547546404518,1.588931888291134,-0.6359402102947442,0.1455867061357683,-1.84294688586245,-1.0729947763994268,-1.7996745497372575,-1.7688342292626578,1.0924475138446565,-0.5995210391302133,0.28765376579650925,1.3138494907970437,1.2186047226739651,1.8217830856906057,1.3625526880549157,-1.0629523837418187,-0.4013900133032354,0.661842352453383,0.9243445972197002,1.0418495111554626,-0.5764838979904876,0.1584521858668717,2.891235129314637,-0.3058275746171023,1.0274374046203494,1.3725375680212362,-0.4986049041095938,0.13297546977940952,-1.0717988457198988,2.31586327144619,-1.3352854069095634,-0.6208418539247813,-0.7506051240645165,-1.6116571432559483,-1.6096091351236883,-1.0878296781914156,-0.6518165346171821,-0.1237977774859933,-0.6687375358795572,-0.8979532806523286,1.8970531932150214,0.2905068921331091,-0.6507450891173047,-0.28857108038340956,-1.0089100163713656,0.3150933160617854,-0.414089777211776,-0.6823430252066862,1.1428565093923184,-1.1780230815565953,-2.28740157650513,-0.6265638022759672,-0.9939344324708395,1.4452591392184568,0.8490750327118712,-0.5289128688615565,0.04601196518157136,1.4629271144491631,-1.012698946868961,1.7265406323028478,0.7754701132971523,0.5330536042333873,-0.055737776903132676,-0.20903912800383248,0.1254295898437906,2.7519339971530625,-0.9135904473082728,0.23635975803486856,-1.3377983878727484,-0.7890729030950134,-0.9846034076069667,0.5279132813259823,-0.03198196253243506,-3.0669644888526197,0.5350562107839679,-0.3511275787225892,1.0061860306548116,0.15522743898779626,-2.518970282043092,-1.2895464841749504,1.3480508528434183,-0.3455787563356233,-0.07492250051822352
-2.68785346188758e-16,-1.5866320278649448,1.8265866389145133,0.21484258796313932,1.6510201624279293,-0.4872045237967746,1.1812320804270509,-0.16844650534933336,-0.2856321893607378,0.9933659986920734,-0.872449545144713,0.09582073750742202,2.178061505507728,0.5889419683428736,0.05453409730376675,0.5287477786775422,-0.913508610765009,1.0947833593167824,-1.61617972163776,-1.186359586229052,-0.3102004960001175,0.2213095658971571,-2.4811248441309406,-0.08051626807756537,-0.8242166285824759,-2.232777665067509,1.1956152767982364,-0.5322059165439775,1.3018188479606159,-0.36440976096039307,0.3945495295115638,-0.7503922965439973,1.0297037652795245,0.87148117512662,0.6166589079358348,0.7538236021692698,-2.0876948217575495,0.7866551440776393,-0.3204754922237359,0.05309971423953034,0.48007324144603114,-0.48892121424782686,0.5364088753797633,-0.2909365309603534,-1.1739692337770986,0.0894175414861137,2.132631858613404,0.9274327019203846,-0.9230984680922809,0.4471555682756268,0.31505281464706725,-1.497722747906449,-1.1020252785043954,0.9976114318705873,-0.45799991866448575,0.12884348260465162,0.4958917737205176,2.8982435644587783,-0.43440455659825594,2.018437229337529,-0.2503413004690255,0.8707974708328764,0.8902198038259032,2.331463949709245,0.43394975134736274,1.4000228664659367,-0.028799368171935485,0.6674185211137069,1.2966861806189285,1.1090073225471164,0.43446382934369165,0.655892599491077,-1.2075841337790134,-1.369247608519438,0.4095013655056009,0.48388544541567835,-2.0618559136883934,-0.7749552520902228,-1.7060184672300958,0.05101576807389813,0.5422442974746537,-0.3503333547034705,-0.9362218036213171,-0.6576991021489574,-0.15382883452347426,-0.501385201762025,1.213317556769182,-0.6385385898414652,-0.02417590115362711,1.3379418018543396,0.21185605250914313,0.31426966933418904,-2.4131211931660745,0.3113557318495954
-2.68785346188758e-16,-0.1921368057070093,0.36395193506406914,1.710973835965008,1.8664226572004186,-2.6189104950586617,-0.010818015616195022,-2.8087827086123553,-0.051732594191452944,-0.8953114080505384,0.7304306724958692,-1.497019352047014,0.22181988424515603,0.5938975948323697,-0.9747316557908721,-2.0983550371669235,0.45369912916587624,0.5592963368764133,0.4518851586038515,-0.8913523570174595,0.6075666063041298,0.06830815365964132,-1.2602443283646347,-0.0547882544274073,0.5789941457049224,-1.9073974401166915,-0.44016467715500684,-0.6959453553288356,-1.771245034591136,-2.8728650924626304,-0.504588575790719,2.340399315226456,0.7487049001289313,-1.074832096866305,1.9456638649456321,-0.0757528280982594,-0.13566352406927595,0.3208094362712408,1.067047233928938,-0.3537299942937829,-2.345364346392787,-1.2007134055886943,-1.5266981720937816,-0.39580613539134357,0.03759860430874146,-0.4144170124369432,0.2628705085762292,-0.9060231118220169,-1.00588438203332,1.950324964213364,-0.3018238439373905,1.107859578833792,0.2170478732796818,-0.06793961827377486,-0.6449916814545511,-0.30817053853934784,-1.2889588711178968,1.2294645187156985,-0.15194058390600917,-1.3126410761451581,1.7770064274888893,0.6580893041905969,-1.1176295054694751,-1.1918876620113414,-3.017657241856451,-3.7912504242299585,-2.5863328133142347,-1.0517721779581173,-1.51732879591947,0.6314733587541942,0.6491693739028978,0.22760802531117924,-0.3979866100240138,-0.7801641299088486,0.9646272360703398,0.09269903620327435,-0.9355045964390083,-0.9104102979394766,1.066213306578841,1.1942837875893635,-0.34130028167653015,-1.83473687368369,0.17429690944607795,0.29747320964249657,0.05784664890460198,-0.10326370586284828,1.6030187066270616,0.4963586168390041,-0.2863071033784844,-0.390211925300193,-1.2801336483824384,0.22580699694094206,-2.1432719567867773,-3.712382183777728
-2.68785346188758e-16,-0.5352154829007629,-0.9429439091694412,-0.1432655815672519,0.29255526470311893,-1.4648738183300767,1.046539878526103,1.437018064038757,-0.507292669884607,0.7979577977113963,1.1759041904871135,-0.5014586208711779,-0.5075151264607931,1.6313947310267094,-2.412548363130773,-0.4423818109586743,1.040347510285403,-0.2366074162423264,1.4704903578687865,0.302616802376162,0.3502065340634729,-0.4275557761331267,2.619755693553344,0.3845446977968436,0.8739769942747587,1.3101332271742647,-0.39869455175044605,-1.1326109034904992,-0.5023025828286969,-1.5411437880411358,0.6599465909690636,1.5748258666550865,-0.9624375061746264,-0.09493082286224269,0.04795794080491378,-0.9057983757843981,2.770292950233216,1.4955531806860554,-1.7126829714451468,0.6385326415407262,-0.12637859560802067,0.07650026809596921,0.7778245184989192,-0.6227050162974199,-1.7955545039505463,-1.2150961971135779,-0.7151418803855627,-1.9445555360680458,0.17101281084684639,0.14805053292206724,-2.120746117475912,1.5812023916248252,0.5848199051269305,0.5401725163359227,1.7539292600253782,-2.4133071048279167,0.05340423354093764,-2.6213865556924305,-0.442139006991378,-1.7226716955056185,2.33714779057309,-0.5272490228424165,0.2332403082071095,-2.2906917750989324,-0.9500824120354676,-1.8391910029255372,-0.8539259385983622,-2.2870981498460203,-1.102871276820471,0.7910837569255948,1.008842820629981,-0.3060283413901729,-0.14334409149261296,-0.10399668692318123,1.831148209552265,0.2534514617250913,-0.5601400481467101,-0.5307688379773567,0.7564032568099444,1.2239793208210015,0.31222318728629744,-0.9644158299385955,0.30717308874762006,-0.04964073755074297,1.4373029103154449,0.0336803874958764,-0.6281458293301346,-0.10536622740369168,0.08020005714676237,0.14212784407902757,-0.034893673093491055,1.2452277275409136,0.5946201123181472,0.21079190732275188
-2.68785346188758e-16,-1.0850343952403512,1.3362312631100188,-0.5160661942558645,0.8859646658812163,-1.3267236454255131,2.2056627164504494,-1.274910967925528,-0.7458340832999009,-1.1304398908751299,0.14332461209646394,0.644722474766272,0.5312737507464783,-0.18654690378729916,-1.1606370476922765,-0.7340583304107496,-0.9199059364966846,0.825475374859291,-0.19439753791061587,-0.3292809820321947,0.4350889562013822,1.0586749635478412,-0.5573629038527053,-0.15003492240906205,-0.3548425082215346,-0.11224208320197321,0.13778773024876606,-0.02436234030924359,-0.39713561619116017,-0.9885610464469469,-1.2955876470082663,0.8128095351275926,0.5157463071609031,0.3801354050949001,0.8208680439892074,-0.629901422156119,0.330417332207637,-0.13424108642168142,1.1414543001759527,-1.0529395274762154,-0.638571320341449,-0.7351339371409855,-0.6605792513553067,-2.6337666653228684,-0.9438141165494247,-1.4308410857674978,-1.385781777925094,-0.002035656196189027,-0.3893210550651847,-0.15002124437567255,0.4944396383478227,-0.05037969124515339,-1.078526058386915,0.28581597845043005,-0.4142883335635133,0.1357008954204008,-0.012638974935093108,1.5030935435788884,-0.9601419585748421,0.059007193298101834,-0.14414980469264166,0.9348875514739978,1.4261521053965835,0.8581880966346854,0.5805275614148964,0.017905089737865,-0.5930777286985863,-1.0561749617207967,-0.6034971870256064,0.20791714817342188,0.08373121987550602,1.088385721039745,0.2811596095525668,0.2787927718288869,0.177677365402157,0.9053682237422587,0.6230770097960944,0.7619433724122273,0.005866836234112882,-0.04641249451515676,-0.30802408754023614,-0.22524779773795023,-0.1641474948237074,0.6490989385518215,-0.1802942354144197,0.5323970226326316,0.6269397198004227,0.3681461147896265,-0.21851802247546226,-0.5822594757343988,0.2982129903856767,0.586790863479238,1.8861651388233334,-0.9947525437909618
-2.68785346188758e-16,0.43983775113528845,-0.7697876311264193,-0.169706392976117,-0.9624453062627014,2.0331236614973895,-0.1677031497432461,0.6840790685005931,2.0616250274109627,1.321019847555041,0.7748437097925446,0.2356851505441253,0.00958194704269541,-0.720613928129568,-0.30131993026704357,0.010096896774149064,-0.26646787217819207,-0.7024099612356711,-0.5867753318703679,-0.30967318304679403,-0.17518932416734914,0.001068082123688363,0.4133835268142947,-0.9589797607834687,-0.741819545889574,-0.5845475124654523,-1.0215795794102436,0.16390024043546256,-0.2986746112291231,0.8411098483244543,0.48250372217610804,0.6620509008834815,0.4743917440873743,2.0561159465480214,1.5212905941229928,0.18389794324903652,0.19173683749978399,-0.24034376248374545,2.204958830945028,0.2901631334605084,1.6174515858502931,1.0695719342790786,-0.1492882328961711,1.8973102471064711,-0.11855930450718094,0.5614604340910523,-0.026670950356042968,1.093172744728724,-1.703307636230618,-0.825772155559167,1.8743721183447934,-0.5268557746674623,0.044590794887183684,0.6179889741264567,-0.3389482302748883,-0.3288642775414462,-1.084895713187495,-1.765950684946419,-1.7372306874803995,-2.6884152682396087,0.4595597583821592,0.06596769467414518,-2.379788039714318,-1.3372045194257187,-0.720432422516901,-0.143578494328074,0.6355331934494742,0.9349903485791271,-0.18233716012623818,-0.6203028821629475,-1.2271883603632503,0.35061566186182247,-0.28548078197471066,0.1789439328419682,-0.7814398394203331,-0.8111566220934711,-1.0924863754054361,-1.47156836808287,-1.941744234803715,2.5571509050526324,-1.288386921418566,-1.5643845330611015,-0.3301852681166024,-1.653573326605804,-0.7796575990642027,0.24280662501466418,-2.8745885649223077,0.5717163025939586,-0.704901833603079,-0.34223289826787234,-0.295380991877899,-1.5375374540414366,-1.3786394762313607,-1.4383528599888966
-2.68785346188758e-16,-0.16571895992884786,1.2946735541998096,-0.5513826061299961,-0.09618141112009893,1.1495060230324476,1.3527635038505756,-0.41536753556125555,0.1018840422006374,-0.6948523280259394,-0.32524113581575625,0.6540701424716706,-0.10789215146229425,-1.1967276271910552,-1.341844929554231,-1.658727949540402,-0.6441498658983317,0.2629573870968489,0.2763569953394586,0.0003846698805364257,-0.25534882054529223,-1.595863553377709,-1.4425539363537783,1.5229594459276128,1.4335075283727892,0.02975938503890596,0.086618514746855,-0.34559924368705935,0.8568416792087807,1.4386821099600724,1.0190845164913045,-1.9118877963954979,0.5864386282250481,0.870549209585459,0.19499354444856126,1.772947472211328,-0.41685249069185526,-0.5626491202102311,1.5004217135118627,0.5667404513375172,1.312293433046184,0.6743770828422119,0.04394324662871944,1.3451522356046044,-0.5618923852125439,0.8740070092982517,-0.4486539420261861,0.4290546661599049,1.3150238661159448,0.2605716401734354,-0.012436050127081932,1.626920206912793,-0.7014014336098102,-0.33759989668223755,-0.16076270609662632,-1.2666581378391109,-0.5227104508608186,-1.8726699771859772,-0.6376194200812239,0.9597007933375286,-0.18579473042416006,-1.4003016031268078,1.3643230826539465,0.9099124449946392,0.389004291312655,1.5589955366290729,-0.3042730824749271,0.06729809781381135,1.7817007953054917,-0.6892691093284204,1.666336896796501,-0.8326944470019136,-0.6151961210577729,2.3944871426606973,-0.5288773072140569,0.20018518017549308,0.6016787448024028,0.05937671146356127,0.5373335524882366,0.9443251306862516,-0.34378448246906135,2.9324459712010804,-0.9188689502484216,0.3540872366346871,0.09745338293904517,0.010436167105486623,-0.8290895912868927,0.060369497205197735,-1.3061189100551613,-1.4617464800277198,0.8503467034393275,0.5932153236163391,0.8741861396702542,0.8805473377058829
-1.3046031469419848,0.5788640925848726,1.3561157768516632,-0.5639413980060648,0.23172035195577328,-0.27616888637978276,-0.2552605548478485,-0.7200785807044316,0.7673716584251259,-0.7237015028054483,1.256766334505147,-0.5241512269846802,-0.9905846081897599,0.31861900505507756,-0.5294506141636751,1.5258140001050462,-0.08705563262360923,0.12661074836786756,0.1047531397510084,-0.6667101007388088,0.7285064749274055,-0.32347149750151954,0.1494613626280134,-1.005214083757117,-0.8979880262362607,-0.8823842973654693,-0.7605414234734836,1.0647265966192252,-0.48614826506758835,1.4787622317734486,0.3944961361384134,1.325105467572024,0.6498904866813855,-0.0015204121549499128,-0.49719065181601874,0.35803063008929953,1.215179367778907,1.095419770862616,1.3973015094994674,-0.22418830104467757,-0.23700697180091485,0.1797939541128266,-0.3319468871909113,-1.5674090129964247,0.7310401729674011,-0.19289386625033678,2.4482540023186257,1.4431078014236607,-0.5663070799303858,-0.14173219753707952,0.8838936270035296,-0.1397634580224747,-1.2615910914393307,-0.17631619415175193,-0.043975894631171464,-0.7860436338659954,-2.357797107576539,-0.673596690910096,-0.3622022788083149,-2.386882012908793,0.8497688765392315,-0.5637425066232764,-0.6828086814241953,-0.9787592632587647,-3.0076454309834206,-0.15609977109077372,-1.222481742715558,0.44705742750438326,-0.7009793472717633,0.4387936785315164,-1.7040356571481157,-0.4565619189208101,0.6919725827238519,-0.46173731189929507,-1.28089145705101,-0.6348772624470302,-2.2591509953637767,-0.7012545558413643,0.7934159009288503,0.9726084682220214,-1.4217660224471065,0.3371959931309614,-0.4240960188214057,-0.32094354802043445,1.0112517833839267,0.04403451269217527,-0.7681586645164613,-2.9202295839036654,-0.9288954324013896,-1.7442674149213655,-0.9820799210228333,-0.9562154954019346,-0.625206141142731,-1.9583199835045701
2.9606592312046325,-3.180178795599466,-2.790186863683889,0.9118442309607766,-2.5247170319282866,-0.8644716745531521,1.8756287245709915,-2.5201758554541054,1.345763154895747,0.41082967605353493,-0.047481228035548995,-1.0440603780259365,-1.6827267624583282,2.29801719691877,-2.8484253607664183,-1.9378529605037227,3.580178877713811,1.8367207583872895,1.9694586925856175,1.2387238265122031,2.1398883936920168,0.7138822941930005,0.14663567511497927,0.3588169578857815,0.08808023270444826,-1.1135580107989336,-0.8040326094682771,-2.141509169463051,-1.4057287376499792,-5.157345409128213,-1.1928145982385523,-2.1315181660182105,-1.2408795107502408,-3.128711230434243,-1.3238425504163251,0.1843115959547652,0.15542116343885543,0.5132841468764731,-1.42341566028085,2.1706538059105687,-2.366035633986624,0.4093940714974853,2.1106110875149886,-1.0744336861258057,0.17049554535194872,0.12077860067947704,0.12836015249569666,0.13191601584603574,1.0980372020894182,-0.644097679676503,-2.985077761815065,0.42027243960387023,0.5700489586028366,-0.39107464582526996,-0.014770065163601284,-0.030312205485413773,-0.5359100037579747,-0.4899265567633172,-1.2564562419430643,-0.16821396664829963,0.13288164888239493,2.078788161000154,-0.4816086496198405,-0.5020792884224603,-1.8506945215010129,0.8604217366408883,-1.0406170590446868,-1.5071821264565362,-1.6738494334563576,-2.931664877398009,0.2581770847684285,-1.5543018339336376,-1.3318891325052364,0.08448020547729995,3.218213980451541,1.2036264225093847,0.7051233397263306,0.2692833323920314,0.8104860914443626,1.4284397033979124,1.2578509631507067,-0.17282041604381548,-0.3735237827804168,3.3085571923534483,1.0102226648380908,-0.7581695418017835,0.6206103164651842,0.17609397011029448,0.9924957421618922,-0.45223365193847365,0.5070609876108452,0.48178245024048216,2.1670797875155996,0.16389905606654312
-1.9091060524741272,2.52587404862563,-0.44948497939248516,0.4544886100359058,-0.7236068947073625,-1.567814015862482,-1.6658548365137413,0.45658740439196277,-1.0590598546598051,-0.8224848628132803,0.6803576285220309,3.287877426103859,0.07792774370336253,-1.084554602930682,-1.1442121097793085,0.40150764689549745,-0.7715425574647318,-0.554508766722456,0.26822313179823143,0.7045006151429705,0.23010972687435932,-0.4158665184252847,0.13917218771053558,3.455243020318788,0.37295167716516625,1.1527285757944534,-1.0978336021462543,0.04624229795272261,1.071416081607355,0.07701643476500424,0.8452775183136938,1.2899842950595581,1.0598019761453554,0.15647247426526434,-0.504675199826931,2.3524489374201556,2.489115990397794,0.08754974102556745,0.9551466827407039,-2.552429702180983,2.6909287330755918,1.7737251029939434,-1.3366433888733937,0.053770844682850205,0.2578456184529675,-1.6476823293436098,-0.1326319452286996,1.3818242039680493,-0.5793066829044651,-1.0627843744003518,0.35830738079273894,-0.3666394517405533,-2.269892936141527,2.053872940171006,-0.9071953104001892,-1.027507419623244,-0.19941558955039573,0.19287130918099776,-0.4790923081442976,1.0958812317725433,0.4727882548226643,-0.05502420796412766,-0.7095934975901073,-0.5748476791200037,-0.74686371130896,-0.5629247420296393,-0.32404907895444346,1.1170602227303221,0.5885122429835125,0.8504713446406953,-1.666119633047015,-0.9653444558120352,-0.2942595487306785,0.5698450868738114,-0.7109553398844819,-1.3559258320380718,-0.7044801551947644,-0.6985619717797638,-0.26819292569189523,0.7407947007565667,-1.367252884145357,-0.857265211674001,0.08073156761031273,-0.7584647672098174,-0.34297590732743577,-0.7204649393311486,-1.593414703429582,1.0306946141467017,0.623732766861592,-0.5299748064729579,-0.019833205261284764,-0.29844600377138875,0.08429178773500066,1.5323900056055253
0.053514471167785,-1.2868796427194171,0.01797364621146962,1.4542239002082744,-0.8194494250471706,-0.43824170667953927,1.5981088615119323,0.22524353154457788,1.4444435448724857,0.02276230192017778,0.0734227315077669,2.1806690312993555,0.3652375652858029,0.2654966649708431,-0.6961860662873446,1.7235768558231217,1.175861378719422,0.4621226757202988,1.0731032919569805,1.3646107299018468,1.3881687235545925,-0.5703334896500152,0.3308270465186218,2.281371383630699,1.0458806089892825,0.8440102992047097,-0.7801556116910258,1.1651390342852643,-0.7018577333372928,-2.0776290928817365,-0.11490975927476221,0.8714403894373719,-0.46250692976648944,1.4671256856032446,-2.502254312530689,0.7797321704788002,1.4698500578501785,1.3861866013950284,0.5103976664110224,-0.1083761992539235,-0.7360125483364236,0.21503633816788725,-0.2950661124072419,0.5957683340177693,-0.670284900234591,-0.09281245296446783,1.4245009814813308,-1.0473930524477872,-0.2708516547500158,0.023332109627373754,-0.8984832733779803,0.4593650031680908,-0.25749713760783083,1.9742636509700284,0.2631784312802509,-1.0861589379317294,-0.20566253342194973,-0.07223211226318668,0.7220925291977233,0.45326853940861256,-0.21335104798972984,0.8801423566530581,-1.7461222483167205,-0.6555186699973647,0.056124850194530174,-1.298525558703175,0.6150845114097752,0.4401789023075983,1.2307619961544916,-0.25455274667745886,-0.1412620176854674,-0.3222070663320535,0.30094770470258886,-1.017869458852522,-0.16161797149666418,-1.0818435137299585,0.6714710093508286,0.16796741935754889,-0.179843495099473,0.5857898631050602,-1.0411189000793093,0.44897448197635437,-0.32882338634281033,-0.9505754079358548,0.21822974925756078,-0.8136711780278656,-1.4435998534524672,1.6317601072095202,0.3249440264338217,-1.2468298911280957,0.6280131565720276,-1.3763697139302788,0.32634399403883163,0.6678999359644084
-1.1461082786843886,2.0378618381354636,0.14367834178693925,0.17900268652608475,-0.46489856814519304,1.0502087900020325,0.05479997502160583,1.8075833281053155,-1.3370553537280536,-1.523993434565733,0.2362103781299857,-0.5359255743801016,1.803103212700711,0.3691741055562718,0.7273366333653046,-0.8716536487385901,-0.8423219453564519,-0.7259664128002238,0.5487462916186158,0.855661483212324,-1.1205172834992054,-1.9879502504127846,0.8461106129919609,2.595486369344586,0.10572369628251466,0.13311562243812636,0.34127109586557336,2.5744140180431776,-0.010298013495761815,-0.1918303842783501,2.15163822030752,0.5493735545748863,0.3399302000113803,-0.2006058197415529,-0.5586350054728859,2.4490757061823114,0.9826988656461582,-0.17944913085033176,-0.6480537253724574,0.2822146024390639,-0.7120081118575469,0.6757020064637319,-0.29669245554018514,-0.19431337786327008,-1.0632677705146807,-0.05055736886330743,0.07005056756524108,-0.048598538713642364,0.0042428444678185295,-0.053397395057592625,0.41922913964439756,-0.23684044637388169,0.37816647801412306,-1.2596575215606174,0.024353787160013227,-0.3464846999134876,-1.659324419205504,0.023439693833971487,-1.289239461636991,-0.4799463869537861,0.2616583244647736,-0.3304630622717757,0.029820319391367922,-0.5998954065032589,1.2120687322306192,2.1495747335043007,0.3132058039463451,0.9659156906721343,1.3967375062866376,-0.09219748677667872,-0.02545267524207462,0.1552130553773253,-1.691330878409051,-0.4407611307119128,0.8748875750205494,-0.7316134471108151,-0.1413059874629163,-0.3297817750243129,0.4207410635206511,0.4885932413116241,-0.5434443109949991,1.4298042151455217,-0.42549991309079305,0.7780676249023722,-0.7610207929291938,-0.9715150062910491,-0.5247042374095685,1.3521903574198089,-0.47584373915275113,-2.311073507987783,-0.3211295882862907,-0.24889970012198226,0.4471347516059151,1.1298710075361624
2.7555112061338565,-2.5016944191616552,-0.11380884275561239,0.838532277837547,-2.2869740110304217,0.42600543310182304,1.2769304091047415,-1.749234141668866,-2.8645055130748864,-0.1938366936590732,-0.2921065002084615,-2.450336658330566,0.230107373318793,2.269197140463017,0.10801664599708183,-1.0918039483699649,0.632063767191847,1.4338562526499286,1.894720718608144,-1.8452063397423797,-0.6457872951669376,-1.214306988845255,-1.7766670428855962,-0.5151392868829321,-0.3737073533584029,-0.19018409409311682,0.7964401916185426,-1.4451801501564498,-2.1756326581433414,0.5433222178152063,-2.6119528351325507,-0.2291408408911353,-1.6829433550637742,-3.5992815969801475,-1.222241815420614,0.1277936385920162,-0.5977965575069263,1.2549224503894456,-1.6335190932779082,0.4641974681845352,-3.1928207883998807,-1.7366131485478902,-0.6523998775345774,1.0069506278205775,0.7098023443652647,-1.0627150996923889,-2.18392424785133,-1.9281459022116827,-1.1774076399970557,0.2620598004204817,-0.1293157907936221,-0.20331670167145555,0.9447137708862908,-1.1940659257143553,1.1259232689456984,0.3125976516268311,-1.1216032135222354,-0.1738495928247949,-0.17722294145028605,-2.1686479941153927,-0.4512121984333376,-0.6197169060311409,0.18916392071632188,-0.4543876687991236,-0.3318880114637379,0.04121739848002898,-0.8482228422157538,-1.3684147744471287,-0.43653706436693107,-1.494729814483852,-1.2287540159382935,-0.7095978336948745,-0.6391262652715464,1.9666765754989415,0.28814392102627195,0.4123765922040072,0.5806194657837264,1.899437913791255,0.1311617973425684,1.5156702396558943,-1.3193929503149304,0.49621840892712055,-1.8508513324914755,0.10590831530972325,1.5271673141694126,-3.2579750828600984,-1.5430028745680917,-2.51270767120402,-0.7614888378033601,0.008960847141669542,0.02450271598423215,-0.2137686195910109,0.9088779235894826,-0.0371610519612936
0.1364598332881906,-1.2605252753025145,0.667792166298546,-1.2277256433547563,-1.077446832557305,2.331090658544519,2.246884123804861,1.3041274787893737,-2.047606422742321,-0.37318923851914826,1.141821977427177,0.24264089904955757,2.4910964929079293,0.3559168871603768,-0.42762402409191064,-1.1034854442679156,1.2283356019838305,0.3741045928313263,1.2573156711371032,-1.5954269299660502,0.8327726078979727,-0.8016948835122328,-0.3926907496150551,0.8785016342663965,1.2700376787156427,-0.8606767400784145,-0.028946143761596932,0.45715648476878057,-1.0841676298212695,-0.01740456527350979,0.4833743056044597,-1.3880681100799261,-0.7897861180993313,-1.6594664217233568,-2.214184455174973,-0.49574255240232734,1.2859959077215986,0.28781249725758984,-0.024479980806775825,1.193930700095756,-0.224047980391051,6.841648427680092e-05,-0.6178847648987469,0.8770245523390031,1.4660838830315908,3.288175968784493,0.37917121505484586,0.6078905024775982,-1.0667782492697921,-0.09478947344136135,-0.09707478098924882,0.1737915681139537,0.23623758793216587,0.023865036159791853,1.339699249456391,-1.150389998010703,-1.6073276556143732,-0.8060090643538329,0.6098376073578999,-1.0187950725353014,3.075100100526112,0.18780056520869204,-0.133149172218187,-2.2725037857287296,-0.44331081896535585,1.1701262363382023,0.38734322738989224,-0.2878248103054296,1.5072519457880622,-0.8011687407715857,-1.4323620412169453,-0.8123369923721554,-1.7924531387126517,3.2464006859911247,2.34893002007615,0.7996770248794234,0.27724972232096073,1.656151270188667,0.9561686620883642,-1.920741552943396,-0.3005508325494858,-0.17760303336972208,1.0054729337039892,-1.2653711065870634,2.1774319287893893,0.1354905597988372,-0.9205537807200144,1.9437759458916184,-0.07173658414439374,-0.3152936468502133,1.5774776553012773,2.8793619388058245,0.01237443004542832,1.4754234394800325
-0.8414769289222834,0.120184810894192,0.07752903640069339,1.0062618690274228,-1.108355657877547,-0.5441754463236621,0.10129188403585404,0.7899684770668087,0.25306544402465714,-1.910383446392576,0.502004942543513,1.1284302608064651,0.5690039387863065,-0.3808475706168051,0.39511422643393873,0.4634844968746259,-0.5323753199756682,0.025592581496351546,1.8160160609634386,0.4309712769225548,1.9066627944224033,0.283055376689089,-1.2817119461412712,1.3402317360231257,-0.18028366720499414,-0.3853926137420331,0.8701937597055482,0.12129685214903249,-0.4537068209511754,0.679924941087588,-2.528105236642472,0.8880731731983116,-0.13271991020419055,-0.045850664736454494,0.42225213763082825,0.4167382755993987,1.4902371230818419,1.8360240501315492,0.7607328995063477,0.3474138729670806,1.0360367545243443,1.2409452924185755,-0.38579082816825117,1.3028157732519172,0.5400692047605697,0.28194107347929087,-0.7687664690435383,-1.2456223466381335,0.04004242798911771,1.51794728949715,-0.4726902571432021,-2.0503575559447738,0.3718843859646727,-0.7971728390587085,2.8265403407324063,-1.7461388665733022,-1.8588113864828018,-2.859841197054532,-1.0987118438115748,-2.2257052198654703,3.4424144271172694,-2.6191665214025184,-1.1802410734965667,-0.9511587929443011,0.27072525286530236,2.0782818313857305,0.723247463433304,0.438599502842582,2.3508567702153487,0.9331492889467767,-1.0217927245533034,0.011818439025339758,-1.507230300797315,0.258306940444124,0.8297195054980018,-0.3034443280837661,-0.9608809527800943,-0.6826012429412825,-0.10633414256635698,-0.2700408295445636,-1.4911020594042832,-0.23584592324431822,1.8510945957870066,-0.15471947924181764,0.5774508952360778,0.41930381671527694,-1.2586557268132341,3.2887753566591695,-0.7714585125370116,-0.32267784429019486,-1.1017816228228283,-0.7284353197944149,-0.827302707425749,0.2849273746006291
-0.5087396317433078,-0.35590053288128864,-0.2540452175421229,-0.4799360554913559,-0.9405744452605135,-2.0573711971122655,-2.39120887520866,-0.6223992826078097,-1.1297610308982937,0.026792915176455212,-6.018330586000423,-3.034131639725888,-3.7560958929891783,0.222537105511812,-0.8775905264039302,-1.2879515287571532,-0.6581058062097027,-0.4585413205451773,-0.6187073650943901,0.5860353832167462,1.0330331668348127,-1.1184446666271934,-0.13295006392465367,0.7453316603975688,-0.048194332345083135,0.9376317861907526,0.3665354894442193,1.7783003029546727,-0.5462549857420522,-0.22766215763791126,-1.3221269613259727,-0.8153746529215576,-0.6218402805492345,-1.5811282703467928,-1.3754803133464089,-1.875907547737445,0.5281797128612764,1.9701566985229804,-1.7983653021344337,-0.8836184633240849,-1.4558861949159227,-0.9636953108408636,0.8102903162479951,0.008915095030395448,-1.9604264860030034,-2.5871714882774923,-1.6859480480955398,-1.960685038311755,1.9384162552816981,-0.5691887502479278,-0.742857415528529,2.1474114485491516,1.6325490934852376,-0.19090918470399457,-0.6968670628047666,-0.41447807955007177,1.3428314020759247,0.15125608438982563,0.5385991087779618,0.012846865898351045,-0.9103277070948027,0.2930863248464204,0.9637386151436952,0.012189019029421044,-0.5989377601087851,-0.8630114227048994,1.0776600984137832,-0.39990191059338676,-0.849528188987688,0.10883363655664385,-0.019401809559847938,1.7021304384222202,-1.2783376651189462,0.08215946418306425,-2.141582608684446,-0.8318060118895103,0.6237273891100108,-0.6640011525523439,-1.9719629134140406,-1.2902019305057961,0.04205090960934965,-0.9568586713041805,-2.5324888822678706,-0.4895198340669716,-1.4844109423461485,-1.7136009788124735,-1.0715925638393344,-0.6329340218789792,-0.28589654401470366,-1.6883381331207878,0.3670542242302266,0.30858576482209277,0.6325338806113979,-0.19976526017316
0.7483110570633911,-1.6944623046623581,0.6406249657577503,1.0854742669205666,-0.8671572952486913,1.4826269285239253,-0.5198374340148627,1.8530810495893963,-0.350499609896759,-0.3721636336584149,0.4143123617588762,-0.042341765966239786,1.1321863906222247,0.45746264695948224,0.12749045810556509,-0.4855226355589325,0.28249666808152385,0.8065835126077934,1.5789912143437301,0.3945595851041812,1.1612289665424473,0.47645772801145103,0.49447283228563266,-0.08593014140913235,0.3044885260416925,-0.08739934375634956,0.9528767838170222,0.1804515310217582,-0.4554489276465252,-0.5439626482828609,-0.015706578872092147,-1.0199850146994875,-0.41030478858863634,-0.45767872954768385,1.302280517797214,1.748772080277932,-0.9750718906855864,1.3476845540776092,0.8724785323842145,0.44840805331043204,-1.6715677886780527,0.8578353778309664,0.6962393320774757,1.759276480914928,0.5620802143444412,0.2465553038429362,-0.7312482038749766,0.4421026075419324,-0.6121765114411272,1.6444783751670227,1.1252968423728225,0.06660333686564945,1.0893647258424828,0.5517253702636773,3.2735584880625024,-3.436644922714611,-2.43943995190324,-1.986622383723673,-1.1678720806108835,-2.2742321762143565,3.460929461564559,-1.3891221647713121,-0.7075735625621917,-2.924831150772283,0.35297472766052396,1.186352041636489,0.6351355754463531,0.03282530121367466,1.583807788173986,-0.032752383143829375,-1.188162033480909,-0.6100949617900187,-0.7683250464582975,-1.1718792866969499,-0.006267047943173898,0.3484894363359545,-0.5483758054742125,0.5200718195654985,1.9876066297109198,1.2456701352846258,-1.6821823500193798,0.9151353984528038,2.0475634939337746,0.5642033028839213,-0.5099798098817073,0.6961705204010362,-0.6706144236964634,2.543908058484949,0.07396488994082706,-2.215243792588263,1.6608485092610221,-0.20012552605569014,-0.203674416846029,1.0321119216378498
-1.442599977584606,0.4474075523385257,-0.27895216492134056,-0.6179639024113507,0.579559894882897,-0.6129965695191526,-2.015890927095344,0.07650313721440305,1.5602079700264664,-0.16895807312213004,0.372126592053771,-0.5660317809982142,1.01178597170533,0.10105924925220311,0.19742607280603466,1.6521897235039824,-0.185925199684709,-0.7810691380673231,-1.9070732572694737,-0.23267032204804805,0.19688989972740362,0.1375365289379002,-1.6198309300289293,-1.3531001982139719,-0.6731542039234006,-0.3045878791588171,0.0247033233039853,-0.8200387979681056,-0.8558637997953402,-0.1965512076876383,0.9216872196791255,0.819669556067967,1.3323811238987824,-0.8620306203644551,0.3085620878978316,0.03510123052009678,1.4988175186072619,0.39385981670014253,1.3637099298332325,-0.5481761416640627,0.14584700578311927,-0.16083607780207299,-0.525273382197111,-0.7785422459159802,-0.7898976801770801,-0.5190808070326706,-0.5130706686092985,-0.41730823605780243,0.23752605398594526,1.1354846396252114,1.5737003223666117,0.22471215073324327,-0.8158616212940144,-0.10559078949665013,-1.19615488896393,-1.5270805887839796,0.18095796448468882,-2.2442471000291815,1.0422554496101302,-0.5150129992961485,-0.5163060769382303,-1.4215929612737546,-1.4608759735982968,-1.3364065604143869,0.6599386220936065,-0.034097748438913306,-1.462591097311923,0.9897614091938561,-1.1176334816339886,-0.06175703455280279,0.2553674017498436,-0.344704287326689,1.7452851240263194,-0.24522153421586645,-0.34282871357795264,-1.2457008782394619,-0.830457980650762,1.7188163821320899,-0.48702336795329904,0.08440127772205258,0.1798633308406014,-1.1973047163426376,-0.4986240155055185,1.2996641907935016,0.27550645132679474,0.413830950175379,-0.30331894448695607,-0.8840811477322683,0.18460413319995836,-1.3920665813303978,-2.157299039087744,-0.9802226215159764,0.5271588265966494,0.353472022115661
-1.121596884217414,1.2100460331280138,-0.09368600972273697,1.3498364557505764,-0.3491389278005755,-0.6425085292297755,1.1590472839214845,2.517551712071321,0.9291396913720109,1.3135564583891526,-1.4202476145068847,0.2537951973735524,-1.4197644879900264,-0.08144917476352118,0.946979972901955,0.050738382815313926,-0.09180906168471552,-0.06484018383280235,-0.9750539666544261,0.33490288085199293,2.530460205805408,1.0110464937006665,2.0709442361963197,0.43728320968859846,0.8617701995104606,2.208035483771723,-0.24676152726408296,2.5437875026726475,0.4619350493213656,-0.7915942391567522,-1.6669813307131116,0.010860741636071203,0.49460758333164034,0.2567749172876581,-0.360201796552875,-0.2543225962854865,1.1164384651614314,1.0435698768789639,0.664975135075701,-0.14356310455825239,0.6008629317148191,0.13791622693681682,1.6736935077019792,4.617805328358038,-1.3475555858519994,-2.442110019123253,-0.5779309602956292,0.746429659218427,-0.879291480370245,1.7824623304976708,-0.18098559280527626,0.8121381580452084,-0.8739432810737169,2.9425497454360925,1.2290970749980088,-2.103024004512072,-1.423082824916154,-1.389335331406101,-1.7167683818490729,-1.4097707572740517,0.27712118303190714,0.4662199189333845,-2.2300709232018354,-1.1393938786544302,-0.16297041025351014,-2.4361183390953265,-0.26380870422810965,-0.5040621689627433,-1.4916313837752462,-2.4017752150253915,0.3635571502228858,0.03432999640377682,0.5934454842513911,0.08264096193947451,-0.4735361230436931,-0.2775360721474672,0.8483860007747781,-0.9611592582020567,1.9137613844917958,-0.5956761324412349,0.734557047593011,0.15305131319071644,0.6074401464028455,-1.1501404017045325,-0.25387362204222763,-1.2007989835635668,-1.6910546347160031,-1.1896700259912316,0.5082676894440908,-1.1176145665071688,1.072809673428156,-0.07561197305017121,1.6411165314166545,0.689495504988328
0.6336809679738544,-1.4944119046661464,-0.2502576957224036,0.29328729130911874,0.5492203342354007,-0.9423088992532718,1.3883748799811846,-2.0317977435711887,-0.7527873923988488,-0.672012665584974,1.2666779181258712,-1.4714255128165514,-0.6065608581693888,-0.5508439652599726,0.6393110318405897,0.028150901507120185,0.09333547721311175,1.7306437334665448,-0.38879280304472785,-1.344843309832465,0.3958174379207151,1.1233383399734427,-0.7682716057496276,-3.55493051415038,-0.019246096177159888,-1.3863009234422452,2.7944137045799717,-1.3075174443990467,-2.0577419569562214,-0.07918280311439885,0.2405612382080502,-0.0198271099465136,-0.3106181896663025,0.001972449688079192,0.08190729475853853,-1.59932489152113,-0.4177341187719011,1.7125668032257038,0.43978537284694874,1.4771513172118897,-1.644766872441695,-1.1287365392691393,-0.6734489497079446,-1.6618150539557157,0.8480267334691036,2.0936658295274544,-0.12204405412836938,-1.7565278903134356,0.23965787991535964,0.5088687408746017,1.2864150118183102,0.749277410961327,1.1750613011120032,-0.07074615343523905,-0.041255187815637376,-0.9229588479302322,-0.5087581921196698,-0.559467843090742,0.4309736627828147,-0.16823440124579103,-0.04109763589926785,-0.8579649311987749,0.31595574648995745,0.4763721973010375,-3.1547998084863194,0.5333447926889054,-2.3512713432120775,-2.004924829126721,-1.0979070191670155,1.1640712116258811,-0.9556049305385295,-1.1810429088335195,0.20804314806182428,-0.2968352863337478,1.0952323274455271,-0.5199132546941014,-1.415215712162221,1.3744700809101102,0.2670073313854746,0.35410786139722167,0.04168859195263197,-0.6394737292508276,-1.7377901265843612,-0.7219723096521368,1.4147831992663318,0.045697477753291194,0.6554884745542076,-0.818785842035189,-0.7840231730354416,1.7986200404867139,-0.5565525472162198,-0.26514505983513637,-0.6419406902121674,-2.3278174665501004
-0.9933706409522624,0.4597389646434509,0.26661289440803915,-0.39918713643520304,1.0989562542161626,-2.01071936214725,-1.6365893066264436,-1.4476553004126071,0.91669947204173,-0.11795042556335195,-2.505033807369727,-0.03897024942154666,-2.080591784003487,0.18046698270981174,-0.1563106802577154,0.27677356501421935,-1.9141973392486127,-2.604687068861718,-2.3308785495939643,-1.1280307821632116,-2.8868525005316346,-0.6636107112625673,-1.762212673688271,-3.0048303504821527,-1.918857819276562,-1.41722221651264,-0.5670258944894732,-4.002619907865912,0.02336390056095916,-0.7521858822436064,0.3451663422388445,0.08757763674832914,-0.7703830925790685,0.4085307138561216,-1.0778491490105122,0.36002329107041087,-0.6919930661037398,-0.2723749625088761,-1.3167305972375005,0.614566508494241,1.1418880027401408,-0.5298670033587026,-0.8561570105787566,0.12149082044002135,-0.6417843379370335,0.3403314935771491,-0.1712965480285641,-1.189621306916757,0.7229716056306907,-0.43112756179606176,1.234425730638168,-0.9856183267283577,-0.5974738964675173,-3.8203699564865916,0.13888892206426773,2.0268731874626003,3.9391136777440368,1.2135292588858877,1.4056617053885532,1.9716068267431077,-2.057327764733207,-0.06845953774457236,1.538866582715968,2.8391659896458252,0.9800585279304892,-0.30731220736934217,-2.17489102021241,-1.6750057453266125,-1.191450452288032,2.908196088353596,-1.7415482441941756,0.8360052070095061,-0.3074764624035614,-0.9433698260810175,-3.0327207171510886,-0.7478732778875372,0.8802616107751645,-1.83284359293999,-1.8774101235656095,0.9249615628424678,-0.47362015718046657,-0.9070385608485761,-0.3868834904275673,-0.5903968432469381,-1.4828151530415823,1.9612228524877005,-1.0465931969318465,-0.4935804236156126,-0.7039531473542228,0.07278891544180333,-0.30143919793367835,-1.2505496145201016,-0.1885948350513511,-0.53576319675164
0.3337672174760052,0.9972489493404603,0.3144129820671544,-1.6320549870020196,0.001399914241712208,0.15519553411476056,-3.3284833953944792,-0.33045296583233663,0.5656348989367974,-0.08691437292946491,1.2787699689323597,1.0955555252605909,0.14876201401934264,1.0224261963013879,0.5354047491404279,1.3650638714102041,-0.5236001815298237,0.12748514439412406,0.8646469092739688,2.250535200780321,-1.3878322184817873,-1.3957458438400558,1.5821909364277578,1.7397618637296022,0.6510794979388659,0.30935816111177333,-0.32199026409172704,0.2754606447630915,0.30155073931814025,-0.021288266492785573,-0.29152025387946695,1.028589119199544,0.2394064346483506,-0.8451444682439402,0.84523288800805,-0.08347716919217218,0.4956378723670571,0.9748630595517903,1.454918163979687,-2.958342320780993,0.3196937995228183,0.4664405879758362,-0.6197713659896805,-0.31196654107012156,-0.12357525626570925,0.10250135591532383,-0.8497229871592655,-0.8325453856759254,0.684319222492703,0.7529326350828878,-0.5449806829519642,-0.8620745066355888,-3.2405938723156034,-0.22604092310022683,-0.49314251678115223,0.18571625221363441,-1.2811687129299165,1.9699910143155615,-0.10507227697343091,-0.5577530539972186,-2.1885282315934345,2.369904075332723,-1.0592222238626376,-0.7057090510071921,0.3919701425629404,-0.7129101582271056,1.5516721852174136,-1.3350102612278718,1.6148709415388223,1.5457389381153654,-0.10732371079081032,0.36209975703332997,-0.38336603099126165,0.8548102170568049,-1.6584819710694365,0.8247928950274608,-0.06962241322855658,-1.298259344740495,0.07071384935765013,0.004722039213141247,-0.6567134334700422,-0.039906742709550545,0.783142429911666,-1.544691320253333,0.967316523316955,0.15618345510094703,-1.1287125681457135,0.9154807868454213,-0.04174887481602183,0.16028539671102238,-0.7660433907827203,-0.36902656899108627,0.9381147646703771,-0.4788443264717799
-1.566311959241626,2.4418951919826144,-0.17809288229948134,-0.805617948637004,0.231043396835591,0.2748722459194001,0.051393238449046086,-0.1888274067536452,-0.5868491639154889,-0.31674103383777,-0.9248948793361438,-0.10758975631245532,-0.4945229017130491,-1.3552239394014896,-0.23305624242980985,2.1144365005589036,-1.0988357147022234,-0.15499109627097285,0.45526957741347557,1.6704022819949442,-0.7184341261036704,-0.4452136639030507,0.6435736094776592,1.518733176752978,0.14136622998431952,0.5432134115728049,0.6423663848444858,0.3350649260404633,-0.5368251647103599,-0.05264676879988526,0.6601346610223408,1.6386899549455864,0.8154627334240904,-1.0528789073570928,2.3212517318904426,1.958757689052998,0.0450268398553397,-0.5982273705381783,0.6826830852465829,-0.9070340559620327,-0.04869297255309324,-0.4678128804888434,-0.8022782820248965,0.4508828133320433,-0.540773768358815,-2.2513691578783996,-0.21672514311947083,-0.1916885215509773,-0.9034746369918744,-1.4081511653857453,0.5383817805440241,-0.4857158988466316,-0.49594853142710366,0.6813766415778147,-1.4630552880386618,-1.535378881392703,-1.1698731776734228,-0.15300812100127345,-2.7317594073084694,1.7999930459292703,0.8771204622296987,0.35700389324204024,-0.09474094239664888,-0.20096381769367436,-0.6931553663847287,-0.78123899573896,-0.8751699187848169,0.05621436003071675,-0.34281454608519324,1.68809663118608,0.23211166346515075,0.42242793389750793,0.4818041538719207,0.9209409735737708,-1.5924319084044345,0.3146564990873748,0.30427589605677013,-0.43110454990815483,0.18305904579171967,0.30803609557502065,-0.012435484708627098,-0.7974280203132883,0.06006769684736524,0.1442582681915254,-0.15879053509372332,1.2690666527107322,-1.3382685041257179,0.5902820344617258,0.17065546020999803,0.47103430079647524,-0.24711183554400587,-0.9134533489829637,0.534515964424234,-0.9309497289781185
0.2396090351086469,0.18332609676896527,-0.13946783120916456,1.3597249774561249,0.2384271943939617,0.636943253897915,1.55020471694158,-1.3056270880897278,0.07493227847905852,0.1697924418563832,0.8618828045718265,0.2629398223653853,-0.8002465362655854,1.0718546515416896,0.5599264245055784,1.5373879813522353,-0.37916450447584055,1.1079761565092263,1.2151852522813773,0.8731942070194287,0.7167014439194717,-0.21958068781345605,-0.2565893702013739,1.2740140326107077,-0.25722660978718126,0.36530080707447055,-0.8883332804267415,-0.35734595312535,-0.8536316161048141,-1.0446008469532562,-0.11552163532172,0.38868721970149545,0.41664482376276446,-0.6929279722269005,-0.8060107406330287,2.2641649242206476,-1.6497020419838833,0.4912257932216588,0.13004357641843306,-0.3826449331310152,0.0026378963402862166,-0.5452247025855506,0.1331140838472012,0.9439078322677886,-0.7650323662859717,0.734543172065887,0.8089842843633258,-0.726057655633043,0.7707269340261387,0.4681023833002569,-0.2509877013477428,2.083460590076861,-1.503728597977144,-0.11890641159396242,-0.7256635847337936,0.562295250354789,1.4941042777556581,2.243452852805742,1.6115209092894516,0.21477520939079592,-0.7804646912067543,0.8593819823054379,-1.1010307301454327,-0.5410038963598814,-0.21910689588891682,-0.6181714725869768,0.9835202254097621,-0.19897234223153004,0.3763874080806297,0.2612032140556933,1.62253753677762,-0.16090540739101922,0.25276487436778144,1.3343155427787194,-1.0064978373871127,-0.28462777996933347,-0.5066699763605655,-1.7164617732350418,0.05404667495683835,0.7574959065406419,-0.009490152338321942,0.06635136449499829,-0.6874565882877307,-1.880343921202616,0.8995687300172163,-0.8341445270718616,-1.2993366683288035,1.0381002915693558,0.2762973318252438,-0.5267001982745292,-0.8593758464973063,0.02524240348407393,0.44987600119399884,0.44606733111339886
-0.437798627852603,0.02703047158604821,0.014640795653732169,1.0448429003684776,1.0063552004177794,1.1065345078694895,0.0541573012503681,1.7435475916296364,0.059311508472549124,1.070211804705309,0.7677621700376871,0.9637483517465824,-0.37635320334770217,-0.503494323238531,0.8131379554669744,0.984996625924092,0.17856352655370022,0.7195465530386107,0.05716973342876097,-0.36289863879465506,1.2317279390846536,0.2669452557512768,0.25983596791241126,0.7444891493764736,0.3665522424983585,-0.40909087127577926,-0.6478952761420209,-0.041292946993866875,-0.647699843549257,-1.0248572141988392,1.5468677931938148,-0.4357701595333834,0.5128281556319999,-0.474111867433175,0.9137056179064812,-0.5631036660043722,1.2772731897513485,0.37574700982684517,0.4066547411830699,-1.301876109380668,0.26299765041883766,1.5606007669188213,-0.056272072966121967,1.6270092730187284,-0.24466345398062386,1.1590084556128353,1.3559071798783506,0.0643798500269372,1.0859720726690527,-0.7734035259768564,-0.7143940389568184,0.7198607466657406,-1.1729814642263778,-0.3200355318716902,0.131792764722872,-2.397833222104498,-1.9494604389908803,-1.7678145711667972,0.9024889279147182,-0.6216905094886109,1.3171106342699623,0.25842034291066973,-2.818941735884893,-3.2300466361332134,-1.312592634628861,-0.2984625362984699,-0.7983308139405542,-0.37167026296660066,0.4600751844379486,-1.495302440525478,-1.6426072325571766,-0.7355985778098493,0.2763112909513633,1.4442018257675482,0.8451853453365796,0.30818453367559373,0.3902297377519792,1.5037318550879928,1.5336496814749812,0.38408499529655704,-0.1398208151681848,-0.09373880837646628,1.057804194806579,-1.365433344344386,0.762934597360853,0.6252466231922076,-0.941371096318408,-0.7801139383179949,-0.20977777989541163,-0.46609426904869505,0.6012646857019586,0.3977293552278567,1.0818970319513233,0.5584886843831218
0.7965473564956372,-1.1614940887112595,0.19698895324906152,1.2920353131519624,0.8566903605302425,-0.9130640271638797,1.149918555721136,-0.7253422316945046,0.9408711808495909,2.5682157910856445,3.103966636617212,2.0132470189636216,0.5754127870347973,2.034613493654274,0.12491888931619684,2.8288726688383483,1.0849078027054038,-0.7414011147930551,2.1279048537132175,0.18516494082165189,1.7873380736797,-0.11168607865888441,1.4469584699599178,1.0691287110149246,0.428747406554719,0.8899735461191989,0.42411110367117955,0.23239876110550256,0.6342696710469358,0.8956975998317156,-1.0411941263948217,-0.14512773524674627,0.2325462470432677,-1.1701390682145876,1.1439711681172127,-2.3525844811142735,-0.9748881922128414,1.0059044776065234,0.10688808333363292,0.6306989881108342,-1.4667141378956183,-1.579704450378192,-0.20604630486447195,-0.4010131652564149,0.02230732503619215,-0.2612600584377425,0.4553573588024712,1.3171047802349003,0.034293733262860226,-0.4158839000009378,-1.4378596180168206,1.4426985044710559,-2.7221614981469138,-0.007022132819377136,-0.18157084761662512,-0.9144003286721134,-0.9254332496453979,-0.15400077918524346,-1.066084278049842,-0.5526751299199889,0.4380375909950261,0.9923536045192527,0.7893344984627985,-0.3550136071821772,-0.9700278437033822,0.9487016968715701,-2.6338795066929057,0.021691206539295127,-1.9612556618660861,-1.081678026521443,0.7267210464503195,-0.38881738189607407,1.23326961298027,-0.42909906432132094,-0.6898190390443748,-0.14826768646594807,-0.47252326821348656,0.252928523640416,0.46167394434136916,1.287634520482549,-0.5376266883359798,-0.593037177957851,-0.35707758296177095,-0.5246528552002304,0.736211363035601,-1.3317612624634094,0.367992834228474,-2.1562268671877765,-0.01879202394565932,-0.17317846980342813,-0.8977968931812395,-0.25811221126249506,-0.24425243757324896,-0.4843936475925782
-0.9683835977100828,1.038100753224819,-0.03806056572325705,-0.3974438102154869,0.6927364593967762,2.2584447361733466,0.07290090351279595,-1.6060343526132934,0.17595864049834764,0.45659964499321554,-0.7909117185448307,-1.4453390322455837,-0.8512414985342813,-0.9328232638095664,-0.7589805026476625,1.0635767976958772,-0.6535394475601072,0.12350782792019344,0.8801382558857146,0.24578808398928353,-1.1411482965233906,-0.643802461932537,-0.6534767133355661,-1.67506098916003,-0.5443195529806438,-0.4265772493269111,-0.29992167085809274,-0.19998228195667306,1.4488466909928968,-0.8903112717921384,1.9910142878645014,0.6214019594045738,0.6980024149900004,-0.42356401308010005,0.5204142944519231,0.5893493916038707,0.47171279192254517,-0.10357032501038965,0.18645698664670057,0.8861030692114593,0.9751334369079809,-2.3920812332811656,-0.3252243512020717,-1.5080349807219326,-0.029909954617276302,-0.15314102486071562,-1.6667933966783355,-1.6050513708511982,1.6643247455245613,-0.8312712845626686,-0.2985751863879923,0.6193290438413496,0.4422535246473426,0.39121139558682466,-1.5062788284468596,1.262124289836651,0.2674129917746162,-0.4777415838083328,-0.2419666340549419,-0.22901880804162011,-0.2929723576358816,1.6746830740856482,0.3434461569938677,2.4480815263887683,-0.10321502173467367,0.8093733148759436,-0.6999717504905036,-1.119693029838429,0.6578072997272671,1.343697884144522,0.975594440973357,-0.7114131938574362,-0.8061447303711048,0.3580707223209715,-0.7553709779369723,-1.0357494695349674,-0.973512061147029,-2.38700188838981,-0.9283524280157666,-0.5532347935066009,-0.11047354519851194,0.3117611929011895,-1.9394120069261638,-0.06044139665115151,-0.28161750570662736,-0.7450902718015218,0.2526777816022388,0.4708112614137878,-0.6804200496714508,-0.14148606912080924,-0.13432400423752144,0.6479929579625803,-0.7651804871037244,0.10230236144536997
-0.5882410782149261,2.1154014159588366,0.26631249653566275,-0.04128364055919537,0.7830673019391847,-0.39413811676444077,-0.8930104807733821,-2.160925759300293,-0.1034860735446419,0.8484252544608576,-2.245935628870346,-2.2106003033651542,-1.5241130610336742,-0.6620181579813145,0.2275294280973562,0.9608604317788642,-0.5318560321087343,0.20245277845216858,0.40408250109735977,-0.8494383770196884,-0.788783010373664,0.3268524497110977,0.015846264256248487,-2.756230391387085,0.3964348445389014,0.49360637006456587,-1.3332593014050826,-0.7334937037281652,-1.1866890934663512,-0.7672760732645315,1.6932208211562223,0.3023577849368595,0.22740662128381892,-0.448757444030546,1.5003645867713238,-1.089086310134231,-0.5818278824471436,-0.14128393872262934,-0.5389103826297418,-0.1476880259634336,-0.05563054217983757,-0.5057007533721808,0.3557357103184283,1.183381859996083,0.6782969967161319,-1.3279417705931755,-0.643129709722135,-1.2721682447833318,-0.2891941561824866,2.017344114018703,-1.3351437239613273,1.0269826292062676,-1.0882532055054126,-1.2091493337333974,0.023366138957300997,-0.6973008621653478,-0.5823334855901696,-1.4944612112990043,0.5729156008337632,0.6922553487927614,0.8050921109602276,-0.4249017445685915,-0.322734981517257,0.25256028275581416,-0.4327168017098057,-0.3999610769031415,-1.101718770283833,-0.09606286165776912,-0.393524200516446,-0.6069715451724877,0.08650522931448139,0.09221112925993738,0.4456344116463623,1.1714802104775024,-0.06753691992468192,0.38753954240000676,0.29414907876656077,1.4676349284463548,-0.734904180472701,0.7628697545270933,-1.2381435919169712,-0.6427994359189837,-1.912884387532912,-0.49420967151721856,0.3855149531773828,-1.8636277685898552,-1.8453133657720797,-0.8166038172554673,0.15774271510006194,-1.0254362716565204,-0.774961314364595,-0.5996610523949324,-0.9453909498386595,0.3094843018069323
-0.565497895683117,1.0541273773442552,-0.4030928527731769,0.9695716670324463,0.5938567867621698,-2.274681088972773,0.9090599862315354,-1.0407899170783952,3.187985207618404,2.5496107111205375,-1.9929791222620055,-1.8877326626850781,-0.597272025257685,0.46689434664222734,-0.15606784018640155,2.6106064024848594,-0.655075896776415,0.744725633722654,0.12416312621841469,-0.14165504544670204,-1.9088785774808779,-0.8744375174440737,0.08469431451702164,-2.9608111525948,-0.5386988017192225,-1.0500254718581234,0.8067890568079819,2.004740579609805,0.7853895741449439,-0.826129013760607,1.2100757253755143,1.0309459445957843,0.357859620728217,0.004877348301355777,0.4976366587457642,0.17795375047521378,0.20392945618187241,-0.6660695156693379,0.9347390505751458,-0.5436176399404149,-0.4373219588798381,1.073369127839807,-2.247009125152151,-1.0440408317873306,1.3266303810453426,-0.11027532135809842,0.40489217778853354,0.8303528914357712,-1.2540697332886985,-0.8496943313069563,0.1928457468471496,-0.6471425489858149,-2.408898007265259,-1.890833144092292,-1.2788147190786576,-1.0448811581009216,0.7292439452588902,0.04576232712923413,0.6614598890484726,1.194468624159761,1.9597759872100107,1.0345497202514444,-0.9748336308889134,0.30980112150695766,-0.8367194053182588,-1.2058643483732705,0.7276132264181447,-2.376807700137952,0.07065300023366883,0.49807121737232707,3.0977534233533843,1.9879419342737927,0.02472869057518312,-1.6028219979319263,-1.702190102550049,-0.11501086947642117,-1.1515664121929639,-0.8730765763599719,-0.32153433810337906,-0.7962582431612805,-2.6111056995190864,-0.16194751389184892,2.2228224889460715,0.17039398108061835,-1.0612180889845484,2.6046203329537145,2.656604344450484,-1.032513159030533,0.4546863656511597,-1.68688623370544,0.1785712897255678,-2.490725836380636,0.8328153701203582,0.7440473414662185
