Cells_AreaShape_Compactness,Cells_AreaShape_FormFactor,Cells_AreaShape_Zernike_2_2,Cells_AreaShape_Zernike_3_1,Cells_AreaShape_Zernike_4_2,Cells_Correlation_Correlation_DNA_Mito,Cells_Correlation_Correlation_DNA_RNA,Cells_Correlation_Correlation_Mito_ER,Cells_Correlation_Overlap_DNA_Mito,Cells_Correlation_Overlap_DNA_RNA,Cells_Correlation_Overlap_ER_RNA,Cells_Correlation_Overlap_Mito_RNA,Cells_Correlation_Overlap_RNA_AGP,Cells_Intensity_MassDisplacement_DNA,Cells_Intensity_MaxIntensityEdge_Mito,Cells_Neighbors_AngleBetweenNeighbors_Adjacent,Cells_RadialDistribution_MeanFrac_AGP_3of4,Cells_RadialDistribution_MeanFrac_DNA_3of4,Cells_RadialDistribution_MeanFrac_ER_3of4,Cells_RadialDistribution_RadialCV_AGP_1of4,Cells_RadialDistribution_RadialCV_AGP_3of4,Cells_RadialDistribution_RadialCV_AGP_4of4,Cells_RadialDistribution_RadialCV_DNA_1of4,Cells_RadialDistribution_RadialCV_ER_1of4,Cells_RadialDistribution_RadialCV_Mito_1of4,Cells_RadialDistribution_RadialCV_RNA_1of4,Cells_RadialDistribution_RadialCV_RNA_4of4,Cytoplasm_AreaShape_FormFactor,Cytoplasm_AreaShape_Zernike_3_1,Cytoplasm_AreaShape_Zernike_3_3,Cytoplasm_AreaShape_Zernike_4_0,Cytoplasm_AreaShape_Zernike_4_2,Cytoplasm_AreaShape_Zernike_4_4,Cytoplasm_AreaShape_Zernike_5_5,Cytoplasm_AreaShape_Zernike_6_6,Cytoplasm_AreaShape_Zernike_7_3,Cytoplasm_AreaShape_Zernike_8_2,Cytoplasm_AreaShape_Zernike_8_6,Cytoplasm_AreaShape_Zernike_8_8,Cytoplasm_AreaShape_Zernike_9_5,Cytoplasm_AreaShape_Zernike_9_9,Cytoplasm_Correlation_Correlation_Mito_AGP,Cytoplasm_Correlation_K_DNA_AGP,Cytoplasm_Correlation_K_DNA_RNA,Cytoplasm_Correlation_Overlap_DNA_AGP,Cytoplasm_Correlation_Overlap_DNA_ER,Cytoplasm_Correlation_Overlap_ER_AGP,Cytoplasm_Correlation_Overlap_Mito_AGP,Cytoplasm_Granularity_2_AGP,Cytoplasm_Intensity_IntegratedIntensityEdge_AGP,Cytoplasm_RadialDistribution_MeanFrac_RNA_4of4,Cytoplasm_RadialDistribution_RadialCV_AGP_1of4,Cytoplasm_RadialDistribution_RadialCV_DNA_2of4,Cytoplasm_RadialDistribution_RadialCV_RNA_1of4,Cytoplasm_RadialDistribution_RadialCV_RNA_4of4,Nuclei_AreaShape_Eccentricity,Nuclei_AreaShape_Zernike_1_1,Nuclei_AreaShape_Zernike_2_2,Nuclei_AreaShape_Zernike_4_2,Nuclei_AreaShape_Zernike_5_3,Nuclei_AreaShape_Zernike_6_0,Nuclei_AreaShape_Zernike_6_2,Nuclei_AreaShape_Zernike_7_1,Nuclei_AreaShape_Zernike_9_5,Nuclei_Correlation_Correlation_ER_AGP,Nuclei_Correlation_Correlation_ER_RNA,Nuclei_Correlation_Correlation_Mito_AGP,Nuclei_Correlation_Correlation_Mito_RNA,Nuclei_Correlation_Correlation_RNA_AGP,Nuclei_Correlation_K_AGP_ER,Nuclei_Correlation_Overlap_DNA_RNA,Nuclei_Correlation_Overlap_ER_AGP,Nuclei_Granularity_1_DNA,Nuclei_Granularity_2_ER,Nuclei_Granularity_3_AGP,Nuclei_Granularity_3_DNA,Nuclei_Granularity_3_Mito,Nuclei_Granularity_4_DNA,Nuclei_Granularity_5_DNA,Nuclei_Intensity_IntegratedIntensity_DNA,Nuclei_Intensity_MassDisplacement_DNA,Nuclei_Intensity_MassDisplacement_RNA,Nuclei_RadialDistribution_FracAtD_Mito_3of4,Nuclei_RadialDistribution_FracAtD_RNA_3of4,Nuclei_RadialDistribution_MeanFrac_DNA_3of4,Nuclei_RadialDistribution_MeanFrac_Mito_3of4,Nuclei_RadialDistribution_MeanFrac_RNA_3of4,Nuclei_RadialDistribution_RadialCV_AGP_3of4,Nuclei_RadialDistribution_RadialCV_DNA_1of4,Nuclei_RadialDistribution_RadialCV_DNA_4of4,Nuclei_RadialDistribution_RadialCV_ER_1of4,Nuclei_RadialDistribution_RadialCV_Mito_1of4,Nuclei_RadialDistribution_RadialCV_RNA_1of4,Nuclei_RadialDistribution_RadialCV_RNA_3of4
0.8223759364110835,0.6454092374407425,-0.688530131376121,1.4175334327564495,0.06476807178587357,-1.6958884491645136,-1.7288978252074112,0.25945191587167993,1.136567425300702,0.11188518475213508,-1.1443304390762417,-2.364929802695833,-2.8470060063285696,0.4628775252782255,0.019938338582624282,0.608788411505379,-0.8655609191028406,0.4629779130812184,-0.3699703170316684,1.0491746593077793,-0.2944817133024461,0.7936105408185229,-1.0848778421812402,-1.5048571720475155,-0.4060308101835335,-0.05468188741994828,0.3214405981355908,-1.4474907004274613,-0.7464742424321957,-1.9675660929533856,0.015873345346033352,0.05269602123213113,0.08418017642372079,-1.1784810420811125,0.6085866021700986,-0.6157375797008126,-0.7483942579499461,0.8307899327758084,-0.21756793772293898,0.7501999258697052,-1.0626059177975629,0.036104593614086467,-0.9315413908696903,0.08123779148656202,0.11257838735745035,-0.5945817480313644,-2.070403961109,-1.437465557597702,0.9190225325309513,-2.185107827918833,-2.171525006557914,-0.006217413113599302,-0.07631433296272791,-0.39589585409083944,0.7438964641889348,1.3294688862047428,1.5789306043132827,3.026580195060853,0.523719652437192,-1.1689226766510825,0.31862986836333473,2.671055630033033,-0.9496406712804719,-0.6047274790498591,-0.08539703222449191,-0.29251517793119636,0.14963656268469572,0.8861726880202484,1.5698768078897876,2.9420771296711776,0.8876908526528913,-0.5710580833343374,0.16616568942321952,0.46588726380859513,-0.2771030175561592,0.3480337816832089,0.34619496685057405,-0.4049062072866157,0.1664191987235051,-0.5170203390394362,-0.7835261308914845,0.3608681200797748,-0.36982777002154765,-0.6834059913672831,1.2953009477670292,0.6650644197441251,-1.0147471070517322,2.2653438179058707,-0.3612138621678471,2.0143017398176855,1.1301694818652694,-0.10079140650908171,-1.1989246558221103,-0.40709807680167176
-0.5087120183330938,-0.1341026594763517,-0.6970136836511378,0.125216195227132,0.5412269750537689,-0.5539974173491944,0.8786192667627464,0.7998587583467547,-2.0571761751569433,-1.0041561086662485,2.1307087021123934,-0.14504010614371154,1.4684073123036594,-0.039158932018742654,-0.8852072820361632,-0.07424899926204842,0.4373462151400872,-0.26463422783100166,0.0030168399938309276,0.27346428317041876,-0.38473039618279736,-0.5311665019599479,1.0901979744498114,-0.1026046671708505,-0.07702459655358221,-0.16277132642041572,0.9029845238469983,-0.7985353206279795,-0.4570853007180722,1.1648034751587122,1.2692979893669427,1.6068078432117243,1.1859573489112256,0.4732967012276968,2.876510136722752,-0.2016937623347903,1.2120206445746073,-0.680760042360163,0.433363753680831,1.4227234137447646,-0.6829430004965076,0.0733119701664241,-0.3282688719970381,1.2762532177219499,-0.0685853603610051,-0.23637685303348294,1.3914922118816548,-1.0277852184541165,-1.4741798250856784,0.6073993336816191,1.143121290431033,0.5183912918541246,-0.44800909965514313,0.8635079410376416,0.1329969052931136,0.14044455339983858,1.308749897543517,-2.079040267720682,-0.8697227730628976,-0.09343438618631866,1.588054577524815,0.6939908316600123,0.04723048586913253,0.5776053466967469,0.20864577782980565,0.6402968724524207,-0.6382903239802268,0.9762875443725669,-0.11270475471395838,-1.3714820897614723,-0.9200870052515833,-0.34529847932304997,-0.039994263505993645,0.6671481131592367,0.24767001491498772,0.5928219999122385,1.747080916822122,1.5055670259097507,1.4295232363800405,-0.7331034631390735,-0.14384453055393379,0.5415698879318116,-0.01923066335993784,-0.058216345655900226,0.37500277340424615,-0.5553008756682922,-0.2798603433485461,-0.14545934667558535,1.1215903601961015,0.4649470122319705,-1.7773856253857936,-0.6455569545824129,-1.0211315883818606,-0.9621991196885789
-0.5148274434251079,0.0462052691602753,0.17148267615407753,0.19525027841719456,-0.07286353246621986,0.3355362555920136,0.6022992379923987,-0.02667200105436085,-0.45002860706046655,-2.042004118927588,-0.7196732870366961,0.16802523388279872,-0.6301211130214109,-0.46683264505786637,1.0304213744668564,1.3869003675720852,-0.27474738757838135,0.7124158924363692,-0.722460045902565,0.7257680961366479,-0.5562687183852026,-0.9632745116188319,-1.1769574345158669,0.762297742949063,0.5081941273687739,1.3881883457991104,-1.4363890203691478,1.244125017485178,-3.04269322410896,-0.45278983971505493,-0.30180755705719564,0.44417042413691177,-0.6858776856420088,0.24078117921490716,-1.3532540672001558,1.4526316153787464,0.06366489301304712,-0.02333901111863082,-0.8205210029008294,-0.16937983824648,-0.0025863260587204173,0.13049787430105647,-1.739303461086967,-1.3417341527020201,-1.3565880581931005,-0.8837351653985698,-0.08639727492474958,0.6301925440306986,-1.0778390728858582,-4.511550233315527,-0.05792285461297492,-0.8588517525755128,-0.8437667457205309,-0.20105011943327256,-1.1791250231374568,0.06841276555077702,-0.0528064560109851,-2.486809421595405,-0.4279168418063519,0.6727933162158578,0.3381420206908704,-0.750690541937927,-0.3579848986998928,0.5615698913698681,0.7938448630992114,1.1461412272749407,0.6942204236169969,1.01874183712847,0.16428423813952042,2.5895400647020406,1.0165924887264617,0.3617344999695738,-0.2527066197592453,-0.5673582542525308,-0.6855085287479442,-0.9548991717448694,-2.0771084272525,-0.8002103919567681,-0.17878099797154656,0.34115820206668396,-1.1780769433164802,-0.6564129834404905,0.5366602976487111,0.263728627697404,-1.542947104091458,0.9058020446606103,-2.7652713572643073,-0.9980217066631032,0.08623974943454996,-0.4822093569101841,-0.9657477688842582,-0.40115900278752803,-1.5355367074264554,-0.19197353303626175
0.3931708819745235,-1.9968666666542343,-0.6978885673100056,-0.12648248303544518,1.1437351392853075,0.5913925607332999,-0.8158824495141277,0.14676219333887247,-1.8786450851431602,-1.887971074800403,0.6770203165266191,-0.9443180636555115,-0.16897151911022404,0.6013186049200174,-1.5465772374710587,-0.9331722065672206,-0.6326005510742786,0.45381487159296274,1.9929492840404697,1.0420706013765693,1.644532827774062,-0.39231380764738466,-0.31603294412849986,0.11110061768816035,0.18283349984559533,1.460178782595064,0.598012238939903,0.44275345817122785,-0.48780238456409564,0.8575688828322107,-1.4310602282437923,0.7729722079110111,-1.042587510072607,-0.8176313769426152,-1.3314709688422541,1.9735686008072362,1.3089190578823557,-0.43435407241067614,-0.936836124069429,0.4860410885010902,0.23496812385616128,-0.30286120229050617,-1.0066918349308207,0.22573712399358903,-0.7309046692491414,-1.2922004250402395,-1.3277490377083616,-0.07023160542727491,0.33401914512529984,-0.6100769736616011,-0.48131917836445404,1.0851117814611877,0.3621533274808888,2.197140033329563,-1.387319675274516,0.5164760318005199,1.6074807105128697,0.3595518085143504,-2.7799244191235317,0.4228341411437492,-1.7694784180502847,0.7103793440891933,0.6714887710656775,1.8508456983755743,3.2676998966374873,-0.055976608062867694,-0.6563089920010277,0.05937496496259612,0.8689215524677972,1.9593482345667037,-0.4210226051950149,0.8567697273692787,0.44533669259834674,-0.05548980742609437,0.26944101837943873,-1.4508170988452747,-0.4254562868202994,0.24674846193577715,-0.8227217015721635,1.5964667922931917,0.38168973576049564,1.4228058623044,-0.20023231586229048,-1.2507397357494354,-0.023415991953945614,-0.2846743242124894,-1.3635823569857026,-0.37899540294215994,-0.5466008899392062,-0.46133691207160604,-0.5176447765652814,-0.1310362666988505,-2.228247440960863,-0.18130362516071907
3.277288117648684,-0.7515591891198283,-0.6927291317432522,2.207624955282663,0.964603027410677,0.6012400940442911,0.2636303713627203,-1.5394390069489507,-3.0338327585601332,-1.7384953346616392,1.396572654332033,0.2935244570738345,1.101462046677518,0.9861402964026258,-0.34088353907006097,-3.6114067080229315,2.580629949442637,3.25554073038704,1.632178179050636,-0.7896669891413115,1.8340219000729345,2.097686126651121,-0.2826721009847058,-2.13882690038253,0.5811207681022472,-1.208141652170821,1.9052246620019524,-0.9348416858361621,-1.1907900072735704,-0.30542998232344215,-2.3875652320604583,1.1782227155886256,-1.4776361431033824,-1.4445476432189053,0.004057160535874016,-0.27609988649882933,-1.2367583799159099,1.3813584472321485,0.9092295026817193,0.8814732136641927,-1.8471347756498036,-1.0645322555818972,1.9051793869423976,0.1755179305239355,0.8595811251592482,1.836683117287547,-0.34499999194724756,-0.08145316482583925,0.20761474357951892,3.0959223954084565,-0.7596605031144067,0.06841348754919319,0.7550469832272884,-0.7932465525643815,-0.010794193115561512,0.9160257472470947,0.5853406878767212,1.1774335483423488,-1.155319641907633,0.1646484802278198,0.5157324928788194,1.6986961025784895,-0.9349162029381771,1.6922233886055373,-1.6516046656391095,-0.8154881448013784,-1.4806775823750773,0.37816288539354215,0.8920607961379128,-2.451367634594699,-3.1339837578424694,-2.2328599550111274,-2.0090055988558624,2.0601359452065804,-0.11157095303537157,0.6504345682029731,-0.418908864396203,2.111691995680611,0.7227053713758518,-1.2499116785283433,1.4192968122707923,0.20636370618243804,-0.8477602488121587,-0.7005914399527781,4.013587399146022,-1.5026596227406437,-0.3878033341470292,0.9131600130760129,-0.004314820047908465,2.556248446668317,-0.7935937557614339,1.0693723863692175,-0.7223229968017661,0.9416537555179301
-0.8429442634430968,-0.2770487216555112,-0.37753761969203986,-1.4021821144954247,0.10543717405873146,-0.8287642604758731,0.6475791133547262,0.7647496365046801,0.9897773076036626,-0.09742173493028883,1.0514116252687478,1.0031920510342804,0.31340685667004264,-0.6301743302723765,1.252087119001208,0.6648668951864467,-0.3459793477947665,-0.8620230615049964,-0.6673946862339889,0.699070517172634,1.239634045163398,0.738093674373088,0.21175656322982306,0.9103631172457352,0.4167685582769427,-0.1325124365088951,0.010642488880617529,1.6217857450039883,0.39001843791885504,-1.226948839936587,1.5329536158903827,0.6560129587190208,0.027499081485216237,-0.10138451937309603,-0.10940549353823392,-1.3915070638747231,1.2463989542980658,-1.3605204594133222,-1.0418344071982972,-0.3586234892692849,-0.005494175546111299,1.7738473787066376,-0.4278654408644255,-0.4785811528312539,0.03841675895835352,-0.6916155145826302,0.04918078303636142,0.29064566704369144,-1.9377585466319558,-0.017029308591174352,0.9461854411913324,0.7457761296081976,0.5447168133825644,1.4244336353031588,-1.0134249613328021,-0.9567391998429194,-1.4661583581322186,-0.5072037105025707,1.7633142876124466,-0.4876935658109184,0.12928866011138715,-1.4124975052891937,0.9484070595380847,-1.2902338173579735,1.0804045733425303,-1.3515297369288666,-1.2024871245744024,2.022764773238938,-1.444258919316667,0.18824180500415633,1.9104667633610575,0.036369750018790614,0.33943334016026144,-1.1135434976986662,0.014925958901786537,-0.6217160978416305,0.4338148652352068,0.6033371266244258,-0.10060592999537521,0.7964737478943522,-1.118183561652061,-1.7259071508082295,1.3272455660878333,0.8751823617732781,-0.09726707693440353,1.2614666901214084,1.2235382448233807,-1.2601870274748836,-0.6371553317741241,-0.603836967059618,1.3956160965302127,-0.3031428271028684,-1.2837660036816247,-0.8733916200145624
-1.490104683612115,1.3187294589215808,-0.11586862452707439,-0.866390283453711,-1.6682058426630628,-0.3321193237633475,-0.4724486964643378,-0.6099294469929466,0.43047942717576715,1.0660604787775485,2.169648262721614,-0.48115847149558666,0.1875736033609927,0.5311117728702341,-0.9199477655974121,-0.2609723050362986,-0.7884329481324283,-0.5875439032718629,-2.033231433466325,0.9307879426494734,1.1618151128773597,-1.4961735651691423,0.908855425688603,1.9193988402836877,2.0100236989701914,0.4863368364263504,-1.5571486340214649,1.6397447114002957,0.6467731555308267,0.061381152564230365,1.5391962808877544,-0.44965825362572553,-0.047125391175794396,0.0016601561762369377,0.7270340000880414,-0.9818696526120395,-0.12336558289337785,-2.372712259302078,-0.60941352560952,-0.7124451721004744,-2.4061202280811704,0.1798933622513081,-0.33653665029611696,-1.8523943264349172,-1.8244439978456342,0.8252851695016683,-0.19166173603111314,-1.1517286650825507,0.27774247752072795,-3.7773983270896885,-0.6623786274917449,2.0093706290816558,1.354006191586484,3.7689632206342836,-0.15252042938499655,-0.953417532710606,-1.8028115810473566,-2.9749918971846148,-1.4724842828116085,-1.1264283671433235,0.7688098734141879,-0.7218671196069816,0.3640012961332064,-1.484121564174154,-2.1550118732613837,-0.14872068404537786,-1.8404024690972922,1.6511106899268753,0.7692650298580921,-0.17668933127683217,-0.5182065888867098,-0.912781143829522,1.3089600237761982,0.4083105671474223,3.204726410867991,-0.7930613181995023,-0.7107164413346236,1.1372241851560885,1.1621422191351405,0.1301144068133231,-1.6036915095398931,0.31757066002943424,-0.03638346884495347,-0.3996279526929073,-0.9103160261831428,-0.12761063200834566,-0.19298415568049251,0.8816627110148525,0.0036416772011481327,-0.191051819719454,-1.5650117526333163,1.949057861443773,-0.7578441396965432,1.3311981967481006
0.7249782808588632,-1.4633682473955956,-0.13047942108761967,1.5065454169715626,1.3855625015589403,-0.298090055647906,-0.0021088129148513213,-1.247795541553134,-2.335838420944433,0.33372828866686216,1.07621251032268,-0.2132034558978585,0.4672219207203042,-0.5044097627667408,-1.6167053293779372,-0.5593307028287782,1.6214210013963233,0.7505958783492148,0.6197488793264461,0.8386410329257965,1.951182699387247,1.863897263836964,0.19733733285710428,0.3046213847438116,0.7786782760772031,-0.36031977614229893,-0.18477316217704898,0.23590883953162434,-1.4386890135296702,-0.13509752832065494,0.0723569294347739,1.0595558749933631,-0.887187755470022,-0.07314336295832502,-1.5577385083347552,1.6942811405097968,0.05066800007178007,1.3307589951651115,-0.8061914164426034,0.5326204050030247,0.06314629443752517,-1.015350627313359,0.9423067199586992,0.5718529014156124,-0.10275333954087484,-0.976783683830279,-0.17682121043005422,-0.8892739105271094,-2.219075991273677,-0.6283672944850708,-1.4732924963155192,0.9376064665629696,0.8648105594078421,0.08445089667548566,-0.13437065894436415,-0.9685306747209983,-0.5458789704493592,0.9542620178532252,0.3758917811866721,-2.9619690113053503,-0.4542220825287482,0.895458796860318,-2.1619158881809706,-0.7954627047234035,-0.7901792131587004,0.8262920723371358,-0.8668109159846565,0.541254909762064,-0.7082442136459723,-2.6920722622782387,-0.4760251397528025,-2.7325493158224923,-0.548813318726484,1.1040500687276729,3.3706037061759004,0.8671185273707178,-0.4331441692012395,1.5097787152499507,1.1343522365353307,-0.0464032091063722,0.3716806330218414,-0.4953791613505997,-1.6442628091721307,0.8717214434571386,1.4331755199039744,-1.4242693263306836,-0.3342217751272464,-1.2293925556902048,-0.47741010520725635,1.2803659433476628,0.4591027919676291,0.8053566993393407,0.513313697548021,0.5112132530811244
-0.7803177058955049,0.5615550587714958,-0.2080633624039774,-0.4635334485941886,-0.4314423706078496,-2.040585364105798,-0.7331706354724353,0.7725904633764473,-1.7320074257493916,-3.513658951202567,-2.4230646400752716,0.026235183870735534,-3.1655281818536523,0.29495160115987684,0.3576675320930621,0.7112212579234771,-0.6767182444175606,-1.0831481851099958,-0.11257983922956868,1.1379342920553746,1.1073519037586523,-0.954487640230768,-0.06725510622730724,1.0226666637274746,1.781379524414036,2.0146473798186117,0.45332706786577004,0.11967604310208602,-0.6588870208409372,-1.6798966339661143,-0.7001748238845593,0.9435659815515385,-1.0851294393834219,0.22754121433471353,-2.3589216255983363,0.43774204373819425,-0.04143964899267205,-0.3481203390836882,-2.1569996364473387,0.25109789121916987,1.6231847168529385,-1.693906376670405,-0.15074791282284478,-3.0094104776707495,-3.6228857806920316,-0.21628820683017258,-1.7803439442226763,-1.1058431355236484,1.0161993018935247,-1.7469866213332725,-1.7293443676409925,0.8675843168686395,0.7140066300120889,1.0164042541509486,-0.2988078730316236,1.4268435046633499,3.2130360842899415,2.2692422542222195,0.16136265152106294,0.7111391681243413,-1.4026345828109832,0.4448724037115492,0.9897033907227595,1.5589075127282674,0.9379591792819535,0.8040708262908254,0.029610247800029188,2.5628536466330427,0.35371724600212956,1.346454519131189,-0.7191343687969045,0.1404797028860274,-0.7372418440885358,-1.4041914889103166,0.22366131751276197,-1.168354212499307,0.49571571511977824,-1.482625699556347,-1.3251635026481454,0.4712176674074269,0.18218453342655866,1.4073839771272953,-1.2422759341760194,-0.3019824159119067,-0.925347414488036,-0.41532335936187414,-1.565753550894103,0.17219454098743292,-0.8837697571385558,0.2887528089088495,-1.3708440501746315,0.005395729514968639,-2.1024977376164156,-1.2043518491170244
-0.3676112018970305,2.5909277315559405,0.1875057752514352,0.2908272086654632,0.09759440758949614,2.4222902117840936,1.6225317572816,3.109476769435275,2.452315279807169,3.8732608427987865,-3.165963292642579,-2.0832990290191624,-2.761625363488838,0.005902225809910844,-2.358434178190181,-0.09744915639678292,-0.23092815719755144,-0.5954183587475675,0.6497778896071587,1.6168506340790567,0.01863940442023765,-0.7372301063246627,0.998478026541405,-2.2652710631339454,-0.5090520497515495,0.008118881709442027,-0.42191870762796924,1.906495989517773,-0.5022094094484171,0.4421127232159368,-0.5321056047856287,-0.4306523177194902,1.0653921951221488,1.8151064661740821,0.8590225222729402,0.10277152671084289,-0.16669161920667297,-0.2498997590865058,0.530847620198461,-0.031168877799815538,0.6426076912992866,0.7509780001373239,-0.5045979593793869,3.5445416365086704,-1.8236779784634638,-2.111450401342137,-2.0454204574553563,-0.6098152623440439,2.073713034001204,-1.1680893098973648,-1.6723061001484028,1.064045020172003,-3.3536968245578764,-0.22187007960561655,0.9793895151620113,-0.5175258733321264,-0.9175681736154956,1.0950245575207629,-0.5350939406881962,0.7099787352158606,-0.0501888692165704,-1.0718320145529834,-0.7645991786419227,-1.6074690263456706,2.590894062251364,-4.204934943268427,1.0639126833050963,-3.8373467116541846,1.2447985253216087,1.190194794106565,2.3940330982683156,2.8507643360571837,0.8619888239884022,-1.3613982874046875,-1.8627737857775295,-0.4646343132134939,1.1451965276405274,-2.3290939095387455,-0.09665369304686884,0.925709852608405,-3.8561959917694266,0.8357384480793639,0.9207350638133605,0.010416852093054988,-1.9315889682814638,1.7657856266022496,3.049361814054855,-0.6235570997200027,0.18268694781031813,-2.9756127054881656,0.4135230151663597,-1.793357935062998,2.4960778589931283,1.4239161114850345
1.061922076567792,-0.8248878951785987,0.19571817086755994,0.8170579994852851,0.9389322458127229,0.26565303335609547,0.05152577037676531,1.0775315155436023,-1.4343494913421595,-2.5299175137779613,0.10198447349716921,0.40078944756808665,-0.3522855851618435,0.3831751719964094,-0.9706857813438549,-0.33905658124436955,0.2935497310862927,-0.1662711432700742,0.3912029804878946,0.14865455321531929,4.1090250508912796e-05,2.455546053530861,-0.7274257049261654,0.39295399996349656,-0.4858979794613105,0.6331409435782756,3.564961874835744,-1.2123646851263505,-0.531068490678314,0.8246670158027689,-1.955791465890831,3.2087961812471177,-0.36090507377432535,-1.2964784340892948,1.7553965017496034,-0.9084688533819647,-0.8694766712908973,1.5645887586769127,1.4247644097146268,0.8584055916920468,0.5332980352065295,-0.4613228982602806,-0.6051180220108228,0.08403730116633368,1.2883512105883024,0.020516901926874664,-1.4287900225088448,-1.5424680547580891,1.0423400243207368,0.6646403502058758,1.5090004919408404,-1.7489017156681426,0.7167902743877437,-1.8799225305983867,0.7261350401354345,0.3602047308431884,0.47893149147750735,1.1743479401008388,2.2317736920936317,1.303509878367469,-0.27162958860389697,-0.3578110986992509,-0.9854837396484198,0.004940208518034561,2.1765811447129226,0.7159182638925361,-0.5231876475828163,1.4052600606313392,0.15644211029217026,-1.4481292846807614,-2.0646716093259405,-1.1893926308785479,-0.357669797108925,0.3173489059471551,-0.9428262792151378,-0.08902494324053223,0.7626304759068017,0.28444696886839627,-0.2477145574815211,-0.22977050056377998,0.8022730153463646,0.3518180614839174,-0.3385348032645298,-0.8991847210176976,0.7520128987809613,-0.5527883842217317,-1.3726410808335632,1.556501202824931,-0.10049912207339565,0.9077217917264472,1.2293521938190382,1.2202388410696616,0.11055591615056923,0.40708472397746515
1.245270333764266,-0.7452773843918501,-0.35612156303177284,-0.5413206321681557,1.1293251361663619,-0.9562212681061524,1.9276835856502759,-2.6890306256808483,-0.12857234961237726,-0.18872079818859477,1.3819403467515285,1.2004744035681953,1.0692338188154267,1.9772211001382503,-1.1828095857471945,1.5588358222641552,0.9057122849350259,1.2514773322129487,0.1758447068680306,0.1948646821146092,0.3784766046355162,1.3148293254958234,1.557973495335492,1.542606829009979,0.7966169191179429,1.0076733729003573,-0.21101933628293587,-0.2374717062023644,0.8295678554835746,-0.5973587160122174,0.44953725304246483,0.04900217191095785,-0.36971513384357796,-2.845090439396591,0.8166299534323148,0.5755549851047068,-0.05313769353214193,0.6581581776096002,-0.7398266529222578,1.4045198942196486,-0.7536209194518211,-1.2462560810138654,1.5841919506930549,0.7283781533745037,1.0327958345847992,-0.27625265653044695,-0.47936215517143344,0.28679784157069715,-1.596477794410318,0.9684071166269385,-1.6277509769684422,0.7778871760241592,0.2785855608095535,1.8109039594209757,-2.0102039174290907,2.1633936263191154,-0.6516102836542833,2.0340794479817967,1.117371661582484,0.4814630629516644,-0.5004856888269745,0.6600870493097244,-1.4901297203796253,-1.8901224143760582,-1.7234485404258137,-0.9935659447455272,-2.6362203800414425,-0.9218933689651292,-1.7861770404319843,-1.6931661720266902,-0.32456246660591875,-1.6292498299051024,-2.0926628348353784,-0.1681222035705603,-0.34589052119733027,0.29714230487708326,-0.6056474996651515,1.7207237524704864,0.7031542735271425,-0.34150903835578666,0.9142897567393372,0.06030541153873224,-0.3897872847873273,0.9825451362227222,1.947556176969923,-0.2400954493049639,-0.42203146532104463,-2.3430238952564477,-0.35123056759202426,0.7524974134510194,0.33793725889476767,0.6053782910115535,-0.9452060775011513,-0.33905846482991153
-0.4452045047136437,-0.8030053218304332,-0.3786870511536967,-0.3698193366117709,0.19162231109871125,-1.5111562222045851,1.3654230591653824,-1.0960436694210356,-0.4438575407361366,2.885710031164215,-0.2248272952871621,-2.2543294498961624,-0.37126944050104776,0.7768449931782225,-0.35393189865649466,1.8394224391368086,-0.07672772169776376,0.19652811801594217,-1.1002217480006484,0.8674119298747861,2.0540031425448984,0.4857778789900514,3.145373826456203,1.8981546796607491,1.3898183971643097,0.8019411080930797,0.0837020410623362,1.7224857969660956,0.5026185249445492,-0.8641483809327366,1.0430704018531336,-0.02041981462724929,1.072476231124243,0.22592042335814239,0.8572651984216646,3.203322669736435,1.1814710786566067,0.09125234641391394,-1.1077645612073987,-0.6824786556655353,0.1851508315309904,-0.230711385802925,0.5431319424871435,-0.9624562761434261,-0.260419653054738,-1.1607295976896825,0.4616943318962183,0.38310882809733326,-0.8754384868613354,0.23455210314342054,-2.0547569854792886,2.335860042864116,-0.9707888451603561,0.9848228596468148,-0.4715260020139403,0.08973517833353942,1.087905819153158,0.012871950372430344,0.2000310696078173,1.4053723133528897,0.2095270901995666,-0.43380300611511213,-1.5221696355875254,-0.45078323185160574,-0.9145034676219349,0.047160844583921,-3.2342331451344486,-2.2143707383576605,-1.139605989924306,-1.981590019357974,0.6898108473694098,-0.22635621326887362,-1.1027854167471294,-0.46550236043497817,-0.33924983094501193,-0.5378968164309685,0.572709261086056,0.8954863591037671,-0.5684644215175523,-0.05817396021104414,1.6452494193960263,1.2204298072296726,-1.5454421283990798,-1.1499796165293306,-0.15817611695524686,-1.55733617224455,0.5082761003205001,-0.7304663270802958,1.213980483024587,0.5812467962482414,0.6608900229022472,0.4988086174501768,0.299121518312499,0.22120207004494277
-0.4882492450832161,0.1723520834421829,-0.26323000995618506,-0.5885607381416688,0.08215361175989952,0.46935600341259487,1.8045309696843976,0.04778922877901675,1.8215015268770518,1.6548747299662252,0.5770242743321262,0.6463084915575428,-0.13144226299129586,-0.27306296959198834,-0.39667638376688175,0.10093494015117177,0.19228808252688057,-0.29271543110443216,1.0467077420494326,0.9119665192826989,0.22490553925630496,-0.9396207375193546,2.085918685581997,1.5301669692412354,-0.11671603543221454,1.0642216372465008,0.9597542806090462,1.54519579419182,0.3996685369782144,0.5186915570501406,0.10776055927220336,1.383186715049426,0.3942293288108482,-0.7878668028724247,0.6059496419206681,-0.34888094459070296,0.8104012969884866,-0.14040451874390325,-0.6464738990545909,0.6604733445845332,-0.042809172578983146,1.224815175130392,-0.3939590523788001,1.1305031013487137,0.32411062812242836,-0.7125298982045176,-0.3869227113871796,0.534571285664889,0.11728184029684725,-0.8937782220426869,1.2175279795617402,0.7304120852960908,1.0607865198887156,2.2474714913334757,-0.25525475517679513,1.1622115660327714,1.125039067659864,-0.09662779170514169,0.17464712080387065,-0.6911500658286925,-0.6048409646440791,0.49872791065573613,0.9142209551053846,0.17168392960577256,-1.2813346088529052,0.2947229142604747,-1.1202128084254142,0.0810472297995027,-0.36911156901690545,-1.3140394385778429,1.9685249871874893,-0.267793602324136,-0.907726444086197,2.055509374875135,1.2958665062679433,-1.6635396883833362,0.18543410994684623,-0.27476076728577714,0.3351973253093822,0.4473910917693313,0.5174805065859854,0.7052057965847129,0.7190846043056206,-0.4071232827892006,-0.27414720110044233,1.1298857938181213,0.8113282425302384,0.09774171551731607,0.465458444793228,0.96439863807567,-1.043167679431286,-0.02488648806931542,-0.27006372820870056,-1.3611271706473835
-0.5631605395149258,-1.428822340068111,-0.7750890607220421,1.371225857379117,-0.2506607677116228,-0.9196384448003364,1.3257188419495398,-2.6730112359153626,-2.0954619122036666,-2.9711401593630717,-0.4946876842755582,-2.1603328011715917,-0.4933823657779065,0.25180371144148245,0.6389067838520557,-1.2564874406415711,-1.3596401915666765,-0.6359462563955338,0.55772722799333,2.856866311351141,0.05058943553705059,-0.5463077263800058,0.3307176640058087,1.3230791010081844,2.4187875483574826,0.5802726508785541,0.30066132272785184,-0.6552147333051794,0.3271180559867826,-0.1816081402794871,-0.2675396539410098,0.08637808703626376,-1.6619838336076094,-0.3958802097277968,-1.264347308847468,1.9535101337777894,1.1585076640906466,1.2737431105817825,-1.503541528024841,-1.7932751439159607,0.03780441056470646,-1.9276670066836523,-1.2953124605078443,-0.7735394740096506,-0.7016389117135651,0.10481881844631197,-0.7801409592390469,-0.6223485989862935,1.1201522267680672,-0.02811009119668273,0.2738027373941503,-0.4218376740997958,2.1785546144280197,-0.6080408102845746,0.5283159029207262,1.9077164200246681,4.61257146536227,2.7052860431803243,0.3254370080036921,2.994245694499306,-1.2456861175090368,3.084672075427973,2.182088815280062,2.335907976416067,1.7920796427814172,2.523212559277951,-0.27746133606634776,-1.4328585520568988,1.3131317776439815,2.3004981726195552,1.6151400530363482,1.1476668470293303,-1.8094736179518018,-0.5715451453563867,-1.2559756794752919,-0.823810727785163,-0.6789303157108221,-2.0681138492709223,-2.5080991293551618,-0.641003771320702,0.663998897413937,0.7059312890592078,-4.695349968846336,0.4571334686850168,0.21854799010276035,-3.3111308056597935,0.19618534333942186,4.448200508069624,-0.837668850400023,0.830371480964188,-0.6998792561390501,1.5902867750783414,-2.197943647707695,-0.3086026795909988
-0.6087397745340567,0.8532771331013361,0.06948200678395776,-0.2900609955781538,0.9893423890326596,2.522128237618337,-2.371761808775596,0.8117856812483957,2.4811081297911293,-2.319479460334165,-1.7550476923349954,1.823359024756265,-1.779953039867846,-0.4575221313745218,0.7871043894046894,1.604828094742056,-1.250716896809148,-1.8127950118243616,-0.7662915823578594,0.3220271354526665,-1.5597535080769813,0.18881820539302288,-1.2943504852841348,-1.4512595622011117,-1.7583833457491111,-0.7585781390900144,0.4439998275186128,-0.6653811086139445,0.07609297010394545,0.13674629625795282,-0.14537186964377158,-0.6256825816171491,-0.08149077241269898,0.632008314790087,0.3733382613379088,-1.8947131391172414,-0.5807397762942952,1.4702381086950531,1.7127058719923745,-0.9387571503810272,0.009047832914986953,0.596234931719174,-2.412478934248883,-1.6084585769730593,-0.32312216572292396,0.17665383134194174,-0.09270629058997898,2.5469663450426454,0.8391369787610315,-1.8321420495830594,0.16301473984078305,0.35682655303678684,-2.6335059322647725,-2.0934557153045925,-1.712360876809515,0.6605732898458246,-0.6334314750531314,-1.568036834664645,-0.8848480741311212,1.020517301291084,-1.8855733854055665,0.018845498290675056,1.7040103076543258,-1.464680417335258,1.510066802175143,-0.07370646509555297,-0.6431962123441513,-1.6265342862215801,-0.29020173378596714,1.8663527966923004,1.0580103232593703,1.7712571289317238,0.5976833161622237,-1.672197155371147,-1.242780946460559,-0.5978591399408018,-0.1945610213559571,-0.8965119951251834,-2.0178382913568313,-0.7046549807618354,0.3722178665146313,0.4980353429811266,1.8148228534221171,1.0622527632088306,-0.9745472448795178,2.858028563653495,-0.5565332083647219,-0.8444450433671822,-0.19608175151880744,-0.7666697087292619,-0.0016129085868746285,-1.311231869172922,0.3709387340623455,-0.7249216095196728
1.3534006365367026,-2.55758237720135,0.08453807436836225,1.1576062523364041,0.7278062420888244,3.2779090888903477,0.8487454517340477,0.5976705671162104,-0.04907569734514039,1.365571407010305,-0.4020743792051208,-0.5972093044689504,-0.3218126911344412,0.5736129582387159,0.854234318225152,-1.7697771808735314,-0.3020193754685866,1.1096803354368703,1.0810687627275657,-0.17428145444600635,1.0611454987265716,1.3382804535565889,-0.05218466363132046,-1.7033955760106116,0.42995731819638633,0.5717187570111297,2.7241140674899724,-0.4221434013087342,-2.0333900253126904,-1.5678847655889783,-1.7468713507855607,1.4408359922891052,-1.4532488101475636,-1.2877690036880898,-0.23831897367215,-0.6592323409894524,1.8760520933580913,1.564475107890527,0.752368542186167,-0.16469930651111853,-0.6694278414069262,-0.07247569896985462,1.721662976013711,1.0377375551198003,-0.2830422906542579,-1.390814498252576,-1.0847276885800596,-0.9186419834552688,1.108545426669296,1.6772946507417632,1.5993057246463833,-1.5345110281756142,0.010691431248276095,-0.15716720792541122,4.261199365616799,-0.18846321905551883,-1.0688514790586583,1.2713181080797658,1.8410299453134393,-1.8977863577313516,2.6281553949777043,-0.345361321777562,-0.22337974339599798,-1.0481385664357474,2.0401495101770006,-0.5740608226202631,0.9039412628027397,-1.3773597225087346,-1.055430155417192,-1.200824429979074,-2.024787922145264,0.9890848688802386,-0.5680685910799915,1.0065850072057203,-0.4156902244886068,0.690274387987951,-0.4793197068264391,2.122840269071896,1.5934480841351077,0.43453315561141637,-0.2950483571152035,-1.6097241574580698,-0.5762191947757109,2.468777220839202,2.754787474187121,0.2080332272547083,-1.308518779656132,0.11059780487295179,1.161560797938273,2.0889303481058983,1.830643647890018,1.338813940261005,0.29430988147678194,1.0488453426260267
4.368480994559428,-2.6307033472014485,-0.1151732391977073,1.4086432133659352,1.7571638080981813,-0.48196951752035994,2.5016483512851515,0.6957756578380322,-0.7766800648023742,-0.7112245960979129,-0.38824693208154787,0.9714112286751159,-0.05996542635886787,1.6856326887666848,-0.2490295314233165,-1.3068164744797865,1.1494527770535488,0.395209045451161,1.7632453920802227,-0.1165725158015194,-0.5792743385810248,2.2883299039126097,-0.3509063694408906,-2.1543020455807556,0.0652512289929296,-0.23902917447004024,1.6141239555681572,-1.038203848468499,-1.724914923052437,0.7334043598968619,-3.0135313255900353,-0.5846986932324787,-2.0658741146043584,-1.7486535093474926,-0.2397066997328693,-1.5109486721619827,0.14349424880970357,2.0560207209577706,-1.2308909347279002,1.6238325582807924,-2.7842613607891,-0.6859263714498729,1.1838420543738557,-1.1958887802901002,-0.1467813869378628,1.0184187662576367,0.3454529380396053,-1.1379658357697509,-0.34993257553707613,4.5696754474114245,-0.7116024449996342,-1.2032648438203815,0.6112432679503398,0.6634316927215773,2.7326259303255167,-0.17915430621804185,-1.2827188127260716,2.5428700438888945,1.6695363407358954,-0.6969839386838292,0.38203626243852173,1.595017015031228,-1.4430887904771779,-2.5392648867765732,-1.356315218727922,-0.3591780652531501,-1.2611293511562456,-0.6483408584746162,-1.279511102133362,-0.4750456010848907,-1.333682537388436,-1.2303290259706217,-0.16533038987698134,0.26293358047694154,0.3951334526631054,1.920753375736553,1.8166371934379066,1.9083583473104762,-0.2515076905680689,-0.10365977342647657,-0.5477753490106415,0.4386584601679268,-0.12806496095625994,0.1874136632711119,1.585601305267574,-0.8421750352354378,-0.057517495402844676,-0.07517592997432332,-0.43853702137302675,0.2769212193891445,0.07541725271894859,0.053372552172251425,-1.0391593262537206,-0.30286949247622863
-2.1050749560120083,3.2762205826772997,-0.3197776963265008,-1.634137219670932,-2.7650500204865787,0.9985146863625396,-2.2203631598720373,0.653760914781249,1.2057021639465144,1.2061039159654094,0.8080455053809646,0.5244350744073043,2.089457880048503,-2.578777868926719,1.174503866108908,3.108029552725466,-0.838381550691849,-1.0336746758505617,-1.6569158105313961,0.5203228054081708,-2.5417303523588703,-0.1982062547432072,-1.2472416285873555,0.4264134589551656,-0.8075463765090846,-0.9137567304116178,-1.4854041763795223,0.22474705433715395,2.1332972573898354,-0.29805404276515257,2.7551431713919605,-3.4284226607765187,1.1503228820703377,0.4940596186980563,1.051937736890567,1.5048001956448585,-1.1908675072399089,-1.0889104315291211,-0.8151592335229495,0.12960201492388768,0.20652619222591473,2.223573549686801,0.21585493375817627,1.7477714334118735,-0.3150695371708398,1.8473212305224291,2.2244307316278866,1.453465255681644,0.04692685206306467,-2.154216617816714,1.6146876659419138,1.2224991624956887,-1.6164257333284828,-0.01854484618484098,-2.753265115047642,-1.2919768842238175,1.6498908896326703,0.4804492627268153,0.40651903735347683,1.3706671126831695,-0.5130715244571331,-0.8474696298207652,-0.32270289469602337,0.5311322438677301,-0.6289201873644314,-0.8380257412079142,0.48724676468008177,0.3937409596994731,1.2959181287383015,0.14205968213906706,-1.1175482619513244,1.2444660342636347,0.4529517615862312,0.30649903938042616,1.4021906750200903,-0.20641254366579553,-1.0921162038857615,0.7051169362904302,1.3798151994727783,0.6547097735458114,-0.9983553281363761,-0.5500388245595491,1.3823220925318176,0.28215374820604444,-0.09785215252001134,1.690240230448194,-0.25639935986742,2.0954001257706816,-0.12287674721196898,-0.369744132052701,1.6368571034030057,0.0818191674338844,0.7838073641261533,0.40267791798039954
0.3245259905306072,0.8791379860909397,0.40148914153713894,-0.19075577330796953,0.5759073374355648,-1.3665642727711407,0.7687047308306644,-2.267076098991139,-1.8119173956063594,-0.1608549244492321,-0.09158819357147208,-0.9054184138452112,-0.9823098661638419,1.2315481915883622,-0.5376283183794647,-2.0780931347542455,0.40384323769444946,0.13884253036191768,-0.44642589523004383,1.644787539928874,0.5986989093711892,0.033415597363178895,0.5448400568931568,0.5353813350640806,0.9444104066833833,1.3782046518645696,1.028135333405835,0.9375057962260607,-0.45302999500705343,-0.5644852507306791,-0.5117910452894165,0.5261425078871695,0.7187172519372285,-0.9278594540259556,-0.24623074996701239,0.41946719284421896,-0.2979891715751685,-0.7966267901957836,-1.0415637466192678,-0.8974856081426762,-2.0481201053800113,-1.8384526876037104,0.7479084163029477,-0.09985906711809805,-0.27067534771038393,-1.2141020374976752,-0.9855068296584567,-1.3730540021755056,-0.15249884997636648,1.163154819069644,-1.9957230233379322,1.9021660347560363,1.6101616784514219,0.19167281963155988,0.7918215638858663,1.0608257379323278,0.17873724435710725,1.4348747766450363,0.010532611490988275,-0.45461044091228253,-0.7310556781313292,-0.23267290317654754,0.5048667559482801,0.42464874156302224,-0.24715571386762644,0.18075189944028666,-1.422804029866382,-2.630746607663876,-0.2721582465510059,-0.1677447083684911,0.09329924341029688,-0.2804833660633862,-1.0758298518065978,-0.5267304409198028,0.2712365708672616,0.2755757159871211,-1.0695238713993418,0.6281767642825977,-0.43239395605272063,1.3945496915784867,-1.360187677945929,0.7266138997367897,-2.618323406500076,-1.7665375459183563,1.7203874215054493,-3.4413845942012613,0.5432222192613883,0.5942956754961101,-0.3127823881830637,0.6177058362226108,-0.20515774031082706,0.4799551079382806,0.5722702779102733,-0.4385334984643632
-1.2132982152446896,3.2618252685089613,-0.36428822153268503,-0.9408769168150501,-0.4227289373458566,1.5659766023386397,-2.386740933531816,0.6163570262354057,0.06510498682354471,0.3533174247829799,1.8956762263518594,-0.9532842848184551,0.028188117842745414,-0.5133518042610352,-1.3136194085280068,0.985857162457888,-1.0293998780917917,-0.24787065019412374,-0.02133153116079589,-0.5223655173894712,-0.9461279609599738,-1.458725193726198,0.48000289391748213,0.40206406396444205,-0.33276892928006707,-0.5892902923813796,-1.0538076739808733,0.792651904816137,0.6178174223950846,-0.1842776500106904,0.6804267726225183,-1.5281928715650817,0.6351678365549223,-0.820676467203114,-0.28615673134377095,-1.2360695414102207,0.04809791920163987,-0.6706315372719933,-1.006884483890584,-2.0525700977254684,-0.004820132384859871,0.6055214684108443,-0.22616041716386834,-0.08608758769644087,-0.04403214083956103,0.8747746938442325,-0.14618169490504973,0.763092078502482,-0.7202565042745378,-2.277982396474024,0.1918626974788963,0.12232031761754412,0.26510672037655336,-0.39726608315920575,-0.8995777417240427,-1.5760555192997288,0.44772616672998955,-0.9034367723442367,-1.9608387652430699,-0.5432944933767319,0.07141562579212993,-0.4936004226954143,0.8719879103009435,-1.0981001177581877,-0.9912957908995708,-1.106632502870056,1.163874012249899,0.3176353415537533,0.821546555227519,2.126159209868027,0.15804407321909067,0.37343266945086123,1.2098525296360958,1.0909364651873177,0.19979420965440212,0.7107793089819214,0.11946842384968084,-0.25219656154520176,0.35854717695252647,0.36497785543820904,-0.6691771381719289,0.6942524580570489,1.17592047560579,-0.8613654361700005,-0.32006500166831064,2.2984238840065476,0.15562145050484272,0.12436880192849309,0.5358124126342064,-0.2020907946415146,0.4506443632866035,-0.08733420198437342,-1.014671586074128,0.7841685122116425
-0.8716899309782794,1.9538093923504918,0.0021187980252347837,0.23639108374946394,-0.390569766363001,-1.5631783840630595,0.20537814138841204,-0.0883096948881153,-0.9893471934325032,0.40553195534349423,-0.7263577087388396,-0.6955126575103964,0.7770149934424144,-0.20412235346459906,0.07646777571649291,-1.3623991598082559,-0.0286885002611115,0.22011055224747483,-1.3299120324807494,2.1966825758228494,0.751181949848026,0.14283360608713397,0.7918187934346381,0.8171059596928107,1.6145013680175118,1.2071398477429296,-0.3958099895255053,0.5770265488168287,0.6705452712634264,0.32716280809593046,0.8536988548658213,-0.6318109316050615,-0.20924948671475174,-1.1093054028251415,-1.0696541803641133,0.26331836269701697,0.48154327724399987,-0.5600503219194092,-0.4092113055961181,-1.689283551864981,0.1395870847631983,-0.7346580201730998,1.7137680525628411,0.28936607283910265,-1.8313948852478537,-0.4226197364870185,-2.1865438534488977,0.5421626103189106,1.7606374716324404,0.5213743286958695,-0.2887676552700851,2.7487464708699054,-0.7229632225009235,-0.17227378131417126,0.19340738617596254,-1.4757881084980533,0.17051882201660748,-0.3858910830224274,-0.3983373642577986,0.25168127120481965,1.1365385055858015,-0.5369437913411629,-0.15385926661227767,-0.7458844102361789,-0.37629842944069036,0.5629184211000929,-0.342980881775794,-0.3802042608746373,0.2956498801609323,0.7662921454826885,0.5087283249878565,1.0910709924261228,-0.30755208891648844,-0.3171836516971697,2.559157003269707,-1.0908614602353721,0.06303632025905807,0.8088957974241346,0.2345727250570781,1.1183215173656342,-0.09699220161432964,-0.02593183138483926,-0.02063231874080229,0.2287304644522551,1.0749572781627506,-2.0083506606918413,0.33810457292152873,1.106766157957082,-0.47979755380903216,-1.4328744253435044,-0.18142511984237286,2.1645438830632604,0.3384092160110132,0.11059175580637495
-0.4611971534578232,-1.5954286719046424,0.3674885622434347,0.4981455295534767,-0.6351891348994394,-0.8833715922913116,2.7094286137533183,1.1150467639224546,0.620712048644237,1.4504239634561777,-0.9419295996540906,-0.6681169952217795,-0.818183646708366,0.567086102136745,-0.5790823010041799,0.7747457793229604,-0.3275161263427502,-0.563057733159967,0.5845942419956996,0.7827440727886188,0.43954834165394985,-1.587387934643918,1.3788685204258302,0.6841591591796201,1.5552253905477589,0.4592310000192945,-0.7626651215694785,0.8322852873150475,0.28635544066976976,0.4949710212920724,-0.47037429568449196,1.078786935512305,0.1734714263346264,-0.3469316579547136,-1.7048249291285371,-0.11785782976420145,2.19352377292941,-0.42694103127979044,-0.1700255815510122,-0.19097481516885284,-0.6933740422397358,-1.607502427857314,0.43527011021796796,-0.2544181565885078,0.09200276724939982,-0.8608975471001256,-0.9420594549945374,-1.5626726918007434,-0.37342384588097377,-1.2539901435755634,-0.5149942381863312,1.1177022822785356,0.389829945502069,2.6058561641622506,-1.7763228794042734,-1.1019863874350215,1.4861888372779135,-0.09949571039169139,0.8621308177279816,0.3680365311047301,0.19527527046530144,1.13600196397213,0.745314330090876,-0.2309213797767803,-0.6360719886566109,-0.36651334934901975,-0.5585954935117229,-1.1201192139384069,-1.473796281316646,-0.26547311524365563,0.8972486524045675,-0.21570479877765042,-1.0250043433826934,-0.16101720027795804,0.12022593364693224,-0.04258116159576826,-0.219950908752143,0.47513044291053663,0.24269223573889653,-0.20123858660471713,1.8312700747517365,-0.2722284689029393,0.05248199554977989,0.6929618369194791,-0.033563174697973056,-0.3984203210841884,-0.48641831167001637,-0.7684834739314647,0.07742101655367806,-0.6612311833417469,-1.8273140707573818,-0.26964555839141746,1.7815192415425423,-1.1000604054630319
-0.066202885377753,1.5558194842600774,0.1596589832631842,1.4161734788663143,0.6195855410171205,2.375946498154874,-1.102870637089067,0.277859010880485,1.963004822875579,-0.4385796796313812,-0.7317511366451337,0.1521749629939353,0.5335105269579237,0.8400033950147452,0.1458864020739499,1.621872723819725,-0.52522412792978,0.710719723729379,-0.01503334326794964,1.245312151993983,-1.1565599122393142,-0.6606913429683661,-0.2507341236515914,0.46289203120210254,-0.07510087463016121,1.0321550268317985,-1.0992232042208057,1.5795953679080397,0.8771147276130321,0.03620750166661769,-0.19837456032157136,3.2411474745436424,1.1299019731927695,0.03230284680540746,-0.048672851850777854,-1.287222874009447,-0.10282883256122699,0.5426812764721944,-0.16109872943867815,-1.6318347157644286,0.6699396810940609,0.5110684408086986,0.4752748383692772,-0.06406502425436861,-1.735796543028558,0.2694001660957799,-1.652070550152928,0.9839222691322227,0.6249573131471752,-0.028187234694552837,1.2561737731335216,-0.20864563304174857,1.7718859255358286,-0.31384739875961387,-0.5954329504900542,0.19682428799543827,1.8264919216903164,1.4433690445290486,-0.49004616273718715,-0.4962168875520765,-1.3101833692568219,-0.07600176640624068,0.5942101581442014,0.17579552290499112,1.4757477004283364,-0.10204128551555164,0.0019505274291102825,-1.3281388997325272,0.09677431319804891,1.3021662470363722,0.6115969321183157,0.8323797616681653,-1.0381478674049092,-0.19427190341531678,0.9005397270645449,-1.1413423097209516,0.4031480508402795,-1.7478116653710651,-0.49086703377636287,0.7948378723623347,-0.3321770044517637,0.05613891200980502,0.46257344079242957,-1.0001413993611943,0.0397555343311516,1.1039801425128135,-0.9878734289694776,1.3809407497511703,-0.2439447275036337,0.4779700960126354,0.7998925191303274,-0.16406535805813305,0.36100684130507266,0.8789841043388339
-1.194052819967963,1.2807464345710304,0.03759436796962379,-0.08391305732008135,-0.47472509376166727,-2.618268969486867,-7.657791442224228,-0.7502458417639715,2.990467679266346,-2.1086387124059325,0.1554023589175068,1.9434034601877541,1.1221125190846053,-3.022625236890173,-0.7458669890792262,2.194092539761911,-1.994618486368648,-1.063594419174267,-1.443134482815264,-2.9288882696046787,-5.777425602554466,-0.2816337056911739,-2.5552958803506356,-3.588153407844553,-4.264703453668181,-2.178415304317855,0.30576245570927874,-4.745379308181254,0.12281895550500477,-0.4414475424280194,1.4970277736070072,-1.0865824395294958,0.4071146924905067,0.5196239523037978,-0.6079897022413766,-3.8403093908951806,-1.4643069062633436,0.3730220224937949,1.0913854898038213,-0.6383299654449133,2.549557901346133,-0.01927105233570886,-0.2808558107135739,-0.35247500128056897,2.9467652510474602,3.0195571433903075,1.4459541484375247,2.601132286463397,-1.2313689106274264,0.4827402274892058,2.753468913309997,-3.7430958741886804,-4.578404089655953,-4.905049774806942,-3.1983548814990694,0.7339344865797561,1.2963623975771963,0.3956241716492952,0.22581000302546186,2.176660562218558,-0.99436930067592,1.4916697408038297,0.9899047842432797,0.0549369505649282,1.4830453718145769,0.17249871194199112,0.4609006522243868,0.49035564340191895,-1.2568272171966006,2.872800086226315,0.3170815093777332,0.05190672101823102,1.1612147430973403,0.2580500854502987,-3.6259484612735617,-1.3844355732814961,0.11844071215583538,-0.9529542433678466,-0.9885840850692204,-0.8808880532467865,1.0981719289902319,-0.3357825909605413,3.0454406359516573,-1.76099480587492,-0.6770332991389072,3.431804619065864,-2.486461145465084,-0.5692111277137277,-0.7051767514122346,-0.14520449502795021,1.6064642361651473,-2.0091104841493808,-0.5018808409275939,-2.2142621316938995
2.239580664082616,-2.8107446928757955,0.6254030580201921,2.501054722654693,1.9425190028212123,0.8245771632634432,1.7279989677988286,0.1023102846066335,0.6617017621082111,2.750705677055598,-0.4823016466655907,-0.37375101401083666,-1.3486474313127952,0.939827498141292,0.32294007423816723,-1.265171820408207,1.385794766393901,1.3048605274281504,0.201268645790652,-0.3677538290996194,-0.46753250709797484,0.9377227682257904,-0.7241770925365839,-2.1040739963598556,-0.3330878754764109,0.7120843317094313,0.7191125609049512,-0.8946079582877838,-0.9911691780141022,0.2671955230795745,-1.9097635848495271,0.9507390482715845,-1.7787260911998748,-0.2822764036349771,0.4898557936384421,0.8516668542614232,1.756680802532232,1.4502431408445546,-0.5876871745532043,-0.3851705249266948,-1.7503832711748597,-0.9464668703766703,0.8296530277024158,2.415938529880411,0.7581462560638396,1.5741587336783478,-2.034537433341553,-0.7347816466435346,-0.8028754296322137,0.4224363930067916,0.663330260937825,1.2619364443713454,-0.28135669727845336,-2.5557650432074333,-1.201940813910197,1.668557349693792,-1.0999470570083296,0.6110111064481121,-0.07642886312814301,-2.785333928273497,0.9180372499020375,0.29224646183731684,-1.5483656031936168,-0.2268463196529058,-1.1518204815582527,-1.8289813407178244,-0.3696461205040882,-2.901262950332284,-2.8053915737715176,-0.25054418909791015,2.386557205388812,0.5370624654552403,0.8118181391058645,-0.5044013982499503,0.6813822850042073,-0.639849197485648,-1.3565072511703486,-0.023197028373985837,0.6308230261596007,-0.7316308981878632,0.8038967158163078,0.9869319403676168,1.408576869065,1.1855260349144723,1.1110281400013835,1.3442841739020346,0.8433216862203268,-2.714912662392919,0.14597525422624325,0.85432207257724,-0.8529748595650529,-1.7302855493929281,0.8356565849990409,-1.514704943514262
-0.4447575586490345,1.5570523971335652,0.01207623132809237,0.5193341591995232,-0.697394186424969,-0.32841013199071056,-1.4495493727077593,1.1576419896085035,0.5886406463839209,-1.042626778477079,-0.06248804300348898,-0.7950026977790736,-0.8779531497803296,-0.5136043357991231,-1.3442791046053497,0.0546771740930147,-0.11492433904163486,0.08374403314020076,-0.17124244228262198,1.739940325352116,1.122064833920858,0.6364309863555716,0.9963561456069329,1.0592979622722032,1.6907316803959422,1.4919814066286214,0.011432369413307941,-0.589965215909558,0.6757485954937315,-0.16924937529316667,0.768734949614455,-0.3235020355249682,0.7649336843375557,0.6869785288168178,0.7358763293082446,-0.8706600761554654,-0.6492246790179991,1.1678219818614324,0.07444506580393162,0.46527360555913616,0.5747369548612066,-0.5817482301886853,0.07520486260288806,0.29855167649542724,-2.4447226380846008,-1.575054588439964,-2.0860218427707924,-1.0884466134521047,1.7757709597416116,-1.6146482732369702,-1.3410118221618192,2.928502538021579,0.4979348402878969,1.2490306203655455,0.6013471814680813,-1.3479338505056706,-2.395026670233594,-4.068130304681732,-0.9810204213016485,-2.209426353967038,4.319527047998729,-1.4561231062526163,-0.46229774824993175,-2.6374280803663144,0.8879432181197575,0.03941195261131977,1.3074332999817848,0.9543905313732993,0.67491773858471,2.0340768194763656,-0.27943734615381843,1.756534495949229,1.7997973816406168,0.28917850168606013,0.6451723879543636,0.6156443852113785,0.2016393027818095,-0.19889451095123453,1.9983728382563433,-0.4750646893210106,-1.571325235583187,-0.7322217988179867,1.1098577543006538,-0.39615723100801714,1.155052686760534,-1.091642966631122,-1.6687770104205195,-0.19901239262210546,-0.5548145287518221,-2.329274881322594,-0.7883154694544341,1.2281529373985072,-1.9327603087323277,-0.9777146303816939
-1.5270925364182537,1.621957697353519,-0.13210838010701925,-0.46999513431612466,-1.38650838881028,-0.9221298823817331,1.1482131145371786,-1.6186630386826373,-0.19545626493099377,0.4582108742860175,-2.3360921419631713,-0.1841410271778327,-1.183074373817937,-2.3209158905278438,-0.16504615337317885,1.2899866906002795,-0.5999547346424641,-0.009599346230958039,-0.471625055614486,-0.9417672831585369,-2.8037532131046388,-0.6236364869644291,-0.7239617780025456,-1.8866759196197844,-1.712702667487783,-0.3304896645585407,-1.191170574974136,0.569473212625957,-0.15698874484086092,1.549687638190657,0.052721910395583604,-0.6658299940245745,0.2943318283417619,0.8830153124974037,-1.1151606591752876,1.1457794523812055,-0.20618630020370238,-0.5431985560484041,-0.9451177477659851,-1.161540903087419,0.5657300079594146,0.13388450055762663,-2.57685515038465,-1.814473274253837,-0.8046133911074008,-2.7115995372658763,0.45305044884330725,-0.06484522001026277,-0.6745560309031581,0.40288453590707163,0.37813986532230187,-0.06442280347888733,-1.1862847793858222,-1.1551970467341217,-2.661507868644066,0.028027897572562865,4.071582407378777,-0.46584909744796554,-1.2184104140711975,2.977422375223566,0.011997377554694433,-0.5385680269362699,1.0685588246122792,1.3350291484265955,-0.8843223338857797,-2.1399799956684933,1.3213552088479268,-2.2383807369253823,-0.7557647017358138,-0.13944071377410694,0.6267223414838243,1.2050261274689844,0.2339191729184651,-1.1219112840717969,0.1263283591832849,2.1899678499105875,-1.1304310302684473,-1.7258234806684076,-0.9032832116144787,-1.0083876789000297,1.5188729097969298,0.1977751895259488,1.1500485287814395,0.5755772686933859,-1.6637928993777036,2.5125658325779034,2.8959999921577424,-2.1465398603202863,-0.08564509391014888,-0.12576455749618687,0.6714080669873276,0.25685282528128633,0.24365251358667883,1.214941967496943
-2.68785346188758e-16,-0.5498901423524767,0.0878197935966687,-4.167798846910795,-2.0502925532606913,0.6807094109432903,1.20422928450217,-3.5813318943176773,0.2729009604146943,-1.279963938153377,0.8113982155218662,1.905326678527423,-1.1390460031577265,-1.9188583970117632,-4.576365154973297,0.14125501043296418,1.5404858369613568,4.536820252255706,-0.6416726888162937,-1.2298048215489539,0.3429377272850085,-2.533809012738725,-0.9617651739213764,0.2513625566440869,-2.0212124207813127,-3.223945412648974,-3.769621554317452,-0.3963330280199314,0.004346909116250353,-1.1646236886363,0.7722977884556983,-5.0450640088121155,3.9271859333873884,0.8346005505838272,0.3871806066189484,-4.1951342652382495,4.093164404729221,1.24985720441176,-2.8060857950689364,7.53526228054259,-1.6810739821183347,0.2579676152846547,1.06444736447186,-0.7130435695432545,0.9302624025491003,-0.6681535524487695,1.5238142078046355,2.637329018119333,6.707335038742936,-0.8616677404421159,0.04210653919393958,-1.2234116432733841,-0.47192769550740044,1.7790458239399978,0.8445761517934298,3.1833098735805443,1.6978048911007027,2.3537549600057805,1.3040165002382524,-0.5509921918605505,-0.7279929721604236,-0.9566339420212779,-3.3973062401756344,1.5779292779761813,0.488307961011362,-1.1990337651844563,4.583454121018981,4.149320697416408,2.5763493070216463,0.9035233006351516,-4.312791453293566,-1.1822812750655318,7.378353221019386,9.588295831980759,-0.6225341647910196,7.112282609580815,4.923707524137019,2.835515965194426,-0.40771550270271223,-7.997587218622452,-0.21003833463063026,-3.0174922340524826,-0.6396722822760249,-0.19975780835136794,-1.1854421306750462,-0.2283626815187176,5.440973259301845,0.3778349123139691,9.198291968617172,3.620355449191807,5.599865144817529,1.2807801795373064,0.3860078797504112,2.706778513709459
-2.68785346188758e-16,0.4270296608270502,-2.5937318806829124,1.1201793330936693,-0.30252988169901174,0.6698167558620499,-1.5944983409523106,0.5187753193105644,-1.4797339770202727,-0.5361475689637032,-0.3309533293305776,-0.3307979043249448,-2.483564540812644,2.6439389495432954,-0.8293817589821739,-0.06781790340877882,0.23897038385364647,-0.7527319465172011,0.1673639534392739,1.3581342674290329,0.5788147741479855,0.37800857490413725,0.1670259646270984,0.7742678849169825,0.9807374559968414,2.311218878582492,-1.9803530291937537,-0.35444232455843094,-0.9332756343771179,-0.10170988969426202,-0.23025502039184564,-1.0174902153766383,-0.3217765621393543,-2.7042276922478137,-4.002712885099612,-1.9074366961485518,0.977002102062596,-3.211668460832154,-3.5460913182695806,1.9042540959400784,0.4264127118173635,-0.5255230097375098,0.9478700875981083,-0.39416860597230186,1.0135093454137616,0.15905126782177748,0.06269720531903494,-1.2248757527748857,-0.3670733371759788,-0.27062215509875226,-0.11172156314136794,1.5461669277860515,-1.2568360981959315,1.1162123523561176,-0.36491680228270024,0.8450523408478453,-0.35214984203416844,-2.0524077531552916,1.6082989376649968,0.4948436019566133,2.2749859964253147,-3.2795179967853176,3.757649238093903,0.6073777340512483,-2.6001665061719255,2.248802460023977,-2.156269268653365,-0.2515860201488209,-0.9595564358532387,1.0461591555368037,-1.6666477821662582,-2.123281031033677,-1.5654195191875373,-0.4148384681819941,1.4545130120863368,-0.3852732635500139,2.0594961004358896,1.3801118022054706,-0.4366906093091429,0.16159250800804115,1.4730966430694747,1.7364270700707913,-0.5043261560363705,1.2657376479455755,1.27049000992766,-0.49178593505265183,3.149659189522568,0.3136447099424838,0.148208210358031,1.5355968580891886,-0.01154498376787405,1.2369307915369097,3.8198108682229552,1.0177959198743152
-2.68785346188758e-16,-0.3455628487170401,-1.654219397479012,0.3112083257224886,-0.5986586823036198,2.634175111958186,-0.6346587191939047,2.7056042652524352,1.1961433809173656,1.889400730430299,-0.3569135578379453,0.7279239945734057,0.7129982633564841,1.815475195489479,-0.5702726856367252,0.4691791023220343,0.3932122375537125,0.8195544536273602,0.820565647541105,0.8526913664098924,0.27879879139595704,1.074946398350328,0.948243630424955,-0.09804476058395378,0.36581589421461624,2.4570313500506167,0.38109123453930743,-0.5591022688343048,-2.023035017216569,-2.789205039495997,-1.5155300387256148,0.0014141802891043942,-0.9211405986924863,0.6229832450539823,-0.05103620594905722,-0.15171800670492555,0.6559711192902831,-0.32824415332685986,-0.40712179929999964,-1.5392621023499773,-0.20712110062551636,1.651445622664983,-0.8640933890389376,-0.7968502460714222,0.3478962374551788,-0.10154085999122686,-0.7977083497723063,1.26070712968046,-1.2822108178597302,0.44068088951575235,-1.5392888605142439,0.9112268798726466,-0.8109396246458006,-0.5200650050071465,-0.7656730091960501,-0.7326216378868831,0.3759475769582845,-1.1926855268857381,-1.1693736197088325,0.6233929606352839,-0.5001273373124752,-1.916083886913466,1.6067664826844905,-0.3529061258501939,0.7515515076963957,0.6744157414298101,0.7966661188283037,0.7139486792001593,0.2723323219568099,0.7556767877306475,0.29327520476209046,0.0034134647242413108,-1.0751039478963937,-1.7638065668200604,0.21184624507309277,-0.20444821639250202,0.9122397761074875,0.45241276851461276,1.578586105854882,1.892904587319386,-0.7417602674744319,1.2010743320494606,0.03369389159758984,1.5155804703476377,-0.07655197459454283,-0.06048955403901775,1.9090019641338922,-0.2890835820565473,-1.283375494056664,-0.11648850933923482,-0.2890344229791998,1.198879901340871,0.9355624464445553,0.986219879754372
-2.68785346188758e-16,-0.5564951125164307,-0.3092910151713887,-1.6172951532061663,0.3191042854825382,-1.172943611045496,-0.9038573750961642,-0.3586518563977456,-1.3376524826311886,0.07306446962040002,0.12440725593818228,-2.6453118646329985,1.848397999256338,2.6516060623510227,-1.0793234336428794,-0.36283968334929795,-0.9094591753689136,1.3215674791780276,0.7241975251304582,0.21245185015536494,1.3220964247511646,-0.9162095025343829,-0.36448714152230643,1.562979519400367,0.5738871764784381,0.8966124732734461,1.018422179987883,-0.2283271572263608,-0.5665599935135679,-0.2563250321473969,0.056447973401903107,-0.27549011111635946,-0.511060121080756,0.21702337066692012,-2.4588744704120438,-0.17976992905347722,-0.40427614897522135,-1.228143881620919,2.1007598978879765,-0.689161210063,-3.1329424873696823,-0.486331188388879,-1.0789289632668155,-1.185320549163187,-0.11339935053235273,0.40433311408348893,1.5020329754834023,-0.9718238627796835,0.7822518760182917,-0.6060818052587117,-0.0364612912753008,-0.5677498458572163,-1.2425517823255345,1.5217462316392996,-1.8756462312417919,1.7642392706924301,1.2080841864943639,1.4736609183003,0.2536947802917917,-0.7708276145618685,0.2730427980162814,1.0172328531192463,-2.3054215817021144,-0.6593436183548335,2.661258337905199,1.7126426308121458,0.7880541078316281,0.3851664479161072,-0.05339713378104727,0.2520192445708698,-1.263427485465718,1.044138260819464,-1.1358868482215487,-0.9650609856530908,0.4962793324488535,0.7022765843308137,0.9449608161623966,-0.9605092373750408,-0.7622371478828093,0.6467387327842766,0.14374999187302284,1.506785719722287,-0.23517807198522972,0.07190992235975135,-1.176560191770051,-0.10028666191834056,-0.23315489409279344,-0.01743166814266163,0.6224701738258777,0.8070683032929464,-0.381847323014666,1.9111926970690458,-2.1958820259028506,0.05802738114084599
-2.68785346188758e-16,-0.6573924526060702,-0.603018573459528,0.6045906966679453,-0.7329595789939376,0.8715047588582419,0.33973169715681534,-1.669420679598408,-0.0687931311765923,-1.2801280569767264,-0.16595113543842424,-0.19537792617278016,-1.7784715704072096,1.5658319943969867,0.3676141574867909,1.0274912978683806,1.146447521800519,2.012980183002252,1.934952179873692,-0.4841597492743266,-0.25560433260315335,-0.1863777031457139,1.9069767007872138,0.2327559152585504,1.2701586542617391,0.3641741322325466,-0.9344829899312124,-0.06053545756329666,-0.24821691332487972,-3.5635691339570092,-1.0937723201895022,0.48036212739857637,-0.11008822151449316,-1.1561183469801066,0.6891820584071786,-1.239304873631458,-1.1777320842440766,0.6611703044443012,-0.32014438944511114,0.403135583851799,-1.2818423486513564,0.14754589595298048,-0.258365226793688,-1.0513712135330986,-0.38231261213808726,-1.125642282249732,-1.499318700320512,-0.2004475287514892,-0.05025657083285817,-0.662409189616837,-0.558367989362295,-0.1403689045198684,0.4642113441300238,0.299543452806218,0.19572361098238988,0.4058743933567255,-0.05259621925031409,0.09349680947288863,-1.2030789418933538,-1.5859615685784996,-1.5410635778848354,0.34438010479087144,-2.9130110240818814,0.06631330700860055,1.2353022938642677,1.4674867679981243,0.3566756346690613,-1.1618661688887606,-1.411217311131267,-0.8165700153419707,-0.5285844722552572,-1.0554910009905292,-0.5828345520977312,-0.5886630376794374,1.257705630170327,-0.7046697058576038,-0.1289650032702551,-0.2248939126985826,0.35300050621927775,1.0961077735512097,0.3197633443489077,0.08607478194127177,-0.5200870818810311,-1.4093820676225133,0.13361580888290508,-0.3362106334413247,0.24305309338989417,-0.02781553048587636,-0.10871890193929801,-1.541139039440051,1.4189714290581268,0.7950373900966824,-0.06268499995405807,-1.5891006795411002
-2.68785346188758e-16,0.43108735627734934,2.193593292666363,-0.7257330740770742,1.0392624666973125,-1.8179553211348178,-0.7912288502035848,-0.5023275816588981,-0.0898358047215495,-0.95518048937625,-0.5848903417879339,1.561418265027586,2.0614726921060837,-0.7541530182361152,-0.12396278921278092,1.490623384894794,-2.1343816857617255,-1.4100383634405838,-1.1031780252255765,-1.0236257491082803,-0.2262222112235424,-0.36663101152650607,-1.1050425635388192,-0.7356795706934297,-1.7336187880682055,-1.0318325561235306,-0.46043316735598494,-0.17761658374582853,1.8360799096525713,2.8727068902799937,0.7796282982214409,-0.046296794668869934,0.6668031888642415,1.19288488269804,0.6858095920058627,-0.8304982076271076,-2.3536219138464003,0.29960720969229593,1.1024128811698586,-0.512317000438351,0.48845800804880696,-3.8811695772620367,-1.3572937234101778,-2.9958256536604844,1.931366105220873,0.23211281564597452,0.8155007144577695,0.29036631153283676,0.27755969625255306,1.806112675879756,2.922410432881657,-3.3129909490240563,0.03814697181134741,1.041377274293313,-0.4908550392452077,2.519146301980919,-0.19424713291817475,0.39258146725910126,2.9156544403101425,2.4496950205404606,-4.067892069375605,0.49413962000655937,2.922815415365032,2.234719885509973,-0.3962655289412656,-0.46150168484180243,0.1302529902687749,-1.9419171042614187,-3.1636724523043256,-0.7938767830355158,2.414153364750293,2.8857332041999237,2.617966972960096,-0.35093876040069333,-0.40311247638772546,-1.5235372218931387,-0.8089293723608193,-3.3653640222008905,-2.417936496169121,-1.3223107622686112,0.6890081788609883,-3.3619636622241416,-0.22548238622816869,-2.99639632470749,-2.36010250263415,-0.23295104886017842,-0.07010655813590694,-0.5577620574797868,0.28796087199122794,0.5021706081311844,-1.0962752931842639,-0.39219469377358684,-1.006877252487475,-2.43655994674208
-2.68785346188758e-16,0.7915962041310419,-0.46764975118470853,0.9722964513434275,0.3182372101906779,0.25149814535056086,-0.5359796024264806,0.735433931238572,-0.4230000276268355,0.7249528826952647,0.32851171251778827,0.012971810048098747,0.28891125404803886,-1.0081964944562758,-0.8979222397350526,-0.6302046104988505,0.7726306845128921,1.1922285107757034,1.1074208419086033,-0.41277746375554636,0.8043854021261103,0.49357525031530025,0.09914700346863614,0.3356311327672054,0.9657755192016123,-0.9380002168613872,-2.4635439121998117,0.8884313535475726,-0.632626177155514,-0.00962446594951416,-1.7442973454722466,-2.3292916400002315,-0.44216846102051316,-0.23532487366286875,-0.5710662165594602,0.6167296549143789,-0.11783070685678199,0.3681254014194739,-0.2526755102771092,2.573899383980195,0.2605889731014628,0.95548181343744,0.6219601066820631,0.1197885976511125,-1.1242537454153063,-0.778271992338437,0.759117906706279,1.541165754834115,0.5011188104252919,0.10389730261731989,0.7144030967414615,-0.6200444797474287,0.8407826559060518,-0.4868645993764165,1.4731474670257865,-0.981163463177245,-0.23944379381623263,-1.2216294933313783,-0.3862509193607255,-0.6530570271950299,0.5200242442721044,-0.7855754407985998,-2.3749271805325134,-1.4286422133770302,-0.598735938404802,1.6685587301318023,-0.6767944365913476,0.5967692095150398,0.6553524001323224,0.6835138943205409,-1.3051414048461245,0.3775001962947925,-1.0958140475691405,0.9450437198443076,-1.0265392743404822,0.45156866998493267,1.392270398749179,0.18161900724205737,1.077853658752592,1.361888824982045,0.09685158942571513,2.8376188093537347,0.9469252651616684,1.0816948237954471,-0.0368468941305031,-0.012331303019797443,0.6205558477411477,0.06711317721094465,0.6936559297988817,-0.8101676094020243,1.0024128168422453,-0.5377210990853727,1.74538977929386,2.0306132714116916
-2.68785346188758e-16,0.3195301630346624,-1.2099249950333486,1.4177676580004859,0.25654909817260835,0.22825093172744773,-0.1146250401627822,-0.031539292438229616,0.012712774291420037,-0.6034504081662543,-1.1163799408736583,-1.0778612463406505,-1.5039604579195105,0.7920168569850312,-0.42905856102457807,-1.7501908268672588,1.344717404686694,2.4837595435812383,0.5326367430818731,0.3982148216800971,0.38100165052344903,-0.3927788893096083,-0.10263436055208902,-1.4120780985617902,1.1059623133845573,-0.08959239437434119,-1.511930378475469,-0.570383268958526,-1.6188699870525398,-0.22663370612759126,-1.6942269125251,0.8519665642261254,-0.6658022556085265,-1.04515922785888,-1.701366308230363,-0.3610316688124359,0.04961026979244354,1.0647987872284856,-2.252426312755764,0.5614518902939749,-1.005492359798456,-1.998072802739073,-0.5013564557524292,-1.7476157484020445,-1.1783801690787694,-0.4743772143170863,-1.4706416356377396,-0.5936072314690941,1.541273474493948,0.3874814920428531,-0.2888760751424862,0.959495532316685,-0.07123446106209452,0.5702765906629882,-0.23782486932809466,0.19247655226626564,-0.6147749385118052,0.4065330340821456,0.6431899473236558,-1.5452056714373619,0.026825416970043023,0.7603376784637013,-1.7782450471301359,-0.8955960841686624,-1.5847564438789097,-0.7244677213423968,-1.5852649160131105,0.01423855892818443,-0.6990443929078607,-0.20570678969289932,-0.10958485294121037,-1.5655864788379703,-1.0892641124971922,0.28641836876407234,-0.144364288825949,0.49664553112412513,0.07022126166251808,1.2872672380787438,0.157732376037385,-0.1983230541830505,-1.049380576964942,0.4114081035354758,-0.24590741585859574,-0.3844785306099151,0.3319351838326773,-0.3272584443882442,0.7389497397696339,0.33680732339837244,-0.6189706663371766,-0.48977984937673796,-1.2805587515641266,-0.8686653722601034,-1.7263264594713654,0.312134580840829
-2.68785346188758e-16,1.0328526333232972,-1.634483756769001,-1.4552613212967052,-0.1631377010861309,1.2995030910331575,0.4402580595352856,-0.23378887144097626,0.09050361832732073,0.3704055649592878,-0.06282767466512772,-0.6521252595223481,-1.0638479479540963,1.0876290586749924,-0.6726986511152668,0.9328728874055349,2.124109246020283,0.8999835799764261,-0.9644429791534367,0.4129949045311586,0.620107228854118,0.7910023856310996,0.07679691125856669,-0.21598688460401558,0.19006331691437034,0.34907553527198903,0.27901474062930715,-0.7246494674488149,-1.7794525128660983,1.384045569152576,-0.8461584510381461,0.1644355297334438,-1.1393152335967685,-0.22129780466115564,-1.0897569684479542,-3.0007021657531157,-0.7624377182851296,0.758621469455695,-0.32892229807445045,0.38885146080837585,1.1697921710113863,-0.8726345900373668,0.3847239662438932,-1.976093770820468,0.9041015892589541,-0.5734418065937896,-0.5123452744865538,-1.0393389347556894,0.3852338687734944,-0.04401507237358149,0.6787177956935199,0.6221228283303583,0.17323703094689435,1.7652407855693266,-0.15474733333375587,1.9641247940112732,-1.1461504822649329,0.8785625503787604,0.03346220518998133,-0.38304708928712117,0.09380329961267453,1.026730590610958,0.7592174322647476,1.2643846783433332,-2.4645371234873084,0.550220256391238,-1.2731734384111444,-0.10087647268307828,-1.5367726749651078,0.6437030843375663,0.42788379295748885,-0.5299330669103973,-0.9507491407020648,1.2216973462915544,0.12094965884524733,0.811923718733575,0.916809280550346,1.623884215377649,-0.3674673589168936,-1.54289786091479,1.1766321000731321,0.34553316566509085,0.27404375059099395,0.9725140725888206,1.4949536653803426,-0.22479146717427198,0.04561460649949334,-0.21361581952859737,-0.37466179459901555,0.5025070486164782,0.7152060704198813,0.2534527206805318,1.2826673027835707,-1.0041258613147044
-2.68785346188758e-16,-1.1720234243594276,-1.9167584265197215,1.734292562914239,-0.9488102853327472,1.5450057052873616,1.1642835416018427,0.5376519874226632,-0.7143927435471775,0.7173324184852699,-0.3771294527553118,-0.6193539284251077,2.2444124276858304,-0.6262715648835578,0.07798268874379288,-0.3388835406244478,0.12433714000709266,-0.8518690218140775,-0.8751499859230436,-0.094988981786224,-0.8415411442559598,1.1385283083095716,1.2050591331436458,-0.5545602383873489,1.5013719624746562,0.41939036900484805,2.7860680287669566,0.42520575904390523,-0.6746573697509275,-0.06638024140028718,-0.43042988246539265,-0.5641942298221954,-1.0764987261237868,1.0150583427737498,-0.9422965196838863,0.85300781162751,1.996562129824417,-0.6875084878710842,-1.2504461231129254,0.07558199146245398,-0.7862554411417699,2.0786898366778486,2.9562232387098417,3.2837990064963067,0.6370500734479279,-2.525457384217197,1.0443022041688228,1.1194298646100558,-0.6125607883188179,2.027357065069279,1.7439002080592712,0.25122118442590236,-1.269618041161983,-0.5545183999013578,-0.21570395704233894,-0.11962597370264863,0.005877905148303989,0.3298740802885213,-0.9688844419478315,-0.013088653090748914,0.4082185399134621,-0.4585148102135701,1.777022129339494,-1.1408408767730953,3.5028726946991777,-4.201443320052227,0.33825033552720773,-0.9893457482454707,2.2242550022831735,-0.16006209694518939,-0.012872948945352292,1.2614090256176378,-1.3710924449216495,-0.7701713312724079,-1.4609095320206085,1.7345102780322461,2.1490142099772296,2.5307413806351717,1.8934331401312456,-2.3540506866496136,-0.17561458875353914,-2.070966228874592,-0.23962214695994896,3.0329100620057945,1.336240062128489,-0.33052544585345844,1.7195564957583962,1.107351360277662,-0.08218848353370611,0.8333612365898614,-0.2429079666796061,0.15445326941015386,-0.0651419297867073,-0.2873358980536951
-2.68785346188758e-16,-0.6846028657513494,0.3573872380920737,-0.043722871041820266,0.7195359061703993,-1.2690513867992448,0.5682642050217849,-2.168657042824329,1.265321738299557,-0.6309008181152292,0.6405031104800254,-1.009449771415748,0.7448501258160996,0.13807593994449416,-0.1767890786098916,-0.5028731581077981,-0.0810182199142635,0.3542917292021985,-0.9529715076717357,-0.2064323151174191,0.21391445433078343,0.399797833931767,-0.07363710221673511,0.0014755004459166673,0.6745876545268403,0.3246776251768477,0.12657088767369057,0.30794766834398973,-0.8076017474019204,1.2141586161200475,0.2400732331607135,0.6238829010861827,0.24403677121892708,0.6872697767159425,0.8715919470258625,0.8018832731455938,-0.4300344940317221,-0.8859838056546772,0.8493261928133586,0.5317451785647974,-0.13920700857615834,-1.183970048517672,-0.37420943364979914,0.5793993710187756,-0.8794546487415861,-1.4673226055107838,-0.4368113999630428,-0.25731132462174877,0.07949356408116637,0.339239295297363,0.8907424166986775,-0.2808512542548482,-0.45548498894254325,-0.6470213981721231,-0.41233692374660663,0.7554514631900291,-1.2282237683837034,1.5315166966882598,1.0214897247306562,-1.3162484609515515,-2.4339984563563952,1.4228397832110842,-0.1289606725326868,-0.3507604559226733,-0.4215575303524426,-2.4675347765254028,-0.3090394862397966,-0.6670649161067822,0.03393291947000654,0.43316886875201904,0.27180198760537844,-0.2695983439041631,-0.9254977817547198,0.2670357909101284,-0.7395505405521006,-0.27721776208796206,-1.2752595934778692,-0.5026440040309008,-0.5599185784259769,-0.27923503410667844,0.8850583705017097,0.9502347900563057,-0.13512437455727172,0.2887853525908367,0.5245146102472082,-0.472343583019366,0.12329245223939944,0.6284504550382407,0.32599738501208114,1.454850126079427,0.8038432841033251,0.06957457890328009,-0.867671686038076,-0.11292912515944653
-2.68785346188758e-16,0.6940834750750211,-1.7882694270236694,1.0018317574904614,-1.4447642743602487,1.6760656956912245,0.09232067129462061,-0.8308146644634704,-1.315716191761118,0.9345303939287213,-0.24611550704161445,-0.032859333855854655,-0.08033595746890443,0.2850265374388851,-1.2206415922260325,1.3908041956617,1.2418169767690148,0.6246009576174073,0.9563405511888352,0.4477436004269987,-0.09330221034677003,-0.7479737448476804,0.001317347824826065,-1.2707283182655147,0.8967947168400096,0.5982873526679275,0.2974960139853724,-0.07896248340000538,-0.9286994840845493,-1.5070728664837514,0.18067172323288438,-1.1039459675534429,-0.3938152111153364,0.4547190692306201,-0.8636515009916189,-0.42125627284485406,0.32892332209412944,0.11320454140094008,-1.0311575484407909,-0.3947427461396127,-0.9134107033999342,1.3416243617208683,1.4844501183397343,0.27443564441685614,0.12028204345689208,1.7667761056158149,-0.3743342605034665,-0.06612818197099653,-1.1168924111356329,0.5172883713783628,-0.7222233202880467,0.021427379286643844,1.065191240332676,0.2336566301337841,-1.1299415261166128,-1.870672851796412,-1.3089307204189256,0.10489755145893082,-0.14539874149190568,-1.9644843493038198,-1.1271171105286333,-1.8960516883260288,0.21947363361592215,-2.6030245311597198,-0.6445554311970096,1.266863793670362,-0.8953102800891998,-0.2693392360858549,0.9962309632635598,0.10148863734349638,0.7166938518732456,-1.3503857319968713,0.40686193841437945,0.2663075595647185,0.33780032810465854,1.576991240386453,0.14084904965107947,0.3171531740850374,-0.002235346087079093,-0.7760686020824115,0.13269037539935516,2.524337707811096,-0.14965685987244184,1.630126703230645,-0.15659588342286357,-0.3748673598735193,1.7596124410675817,0.0748300294739673,0.7571123835248948,2.0709076828109314,0.15570975743395807,0.7194024524384538,-0.27716673545584236,0.011325789534750275
-2.68785346188758e-16,-0.5317763463957941,-1.7905953590262187,1.0064996457730453,0.42309924168881907,3.109579409770679,0.9424513831039367,2.0168788989612194,-1.8332167981495073,0.4468473631716488,-0.3912781731619955,-0.10492754126813075,-1.1891980650915344,0.3953398730030198,0.7272630625285841,1.0455741818992532,0.3186585448785257,0.9740332029792383,-0.36672805385667495,0.049209815320650385,0.6822860972622291,1.3786083041084463,0.5331056566811765,-0.7839193093860685,0.6861384545737057,-0.03614583183425013,0.8136130182347283,1.2284042108283533,-3.0232109332128956,-2.302818480474402,0.05551346604670379,-1.0847908644195525,-0.07228503551056997,-2.115721784674121,0.4193648884421415,-1.797988514332104,0.3788395548385127,2.9638495783903887,0.5090983430666807,0.3450388999553492,-2.539563007761191,0.44139062770322113,1.267813089136399,-0.4920455750589448,-0.48112079314965794,0.7126338349527083,-1.3921103665765029,0.5917350870867121,-0.27531513115323025,-2.0554878177336433,-0.9414129678859601,0.18798073250974714,-0.7517980429342178,-0.42359767852942043,1.1099528351228825,-0.8751850283397123,-0.8312520803469077,-2.8570922174854934,-1.3216941940290425,-1.5615137851329737,2.381245598786185,-1.1141118858569428,-1.8908461867858577,-1.1603946078803387,-2.0634400838734446,-0.7710218505048972,-0.6016438182473671,1.8334621883134363,-1.7360526881179748,0.14163785494392184,-0.6077090958736433,-2.411677971236508,0.8742493247612525,-0.29315189707248795,-0.21691700526381424,-0.8302014435495413,0.3814279199800181,0.019711139382137144,-0.552652943122458,1.3923884600921976,-0.18365367643637093,0.9516576951977633,-0.3773805437765758,1.3006388366525636,-0.9151667068892422,0.013302327222064276,0.6062733942352484,-0.045762467004521565,-0.32853830215481156,-0.8010493782870637,-0.8103406901073387,-1.7821735713457998,0.7501997165645367,1.4000498235381
-2.68785346188758e-16,-0.2403486848667,0.6091701951117371,-1.385220111904706,0.36036402410036417,-1.2442551588084372,1.3076779083261492,-1.081305475435524,-1.0429726028746071,-0.18665398165306124,0.4203584539482859,-0.04404287615137937,-0.8825332441654634,-2.6867766966723883,-0.4569076648975178,0.03606493022360112,-0.8838144246389268,0.6819343333411512,-0.6362647945961026,-0.4577989287190873,0.34332490690173556,-1.3206900934366637,-0.5219200369635888,0.24213879902696595,-0.673687874135713,0.09315545387814006,-1.9068675730253069,0.3314148913056279,-0.16414955780987942,1.4473654780750849,2.451143492806141,0.3148699916787435,1.0156931377898157,1.1755189646307618,0.5952456099023342,0.7005451715550661,1.054568407320916,-1.0769663919148633,1.315732976646053,-0.8496959324870754,2.3087920672791626,0.11771268272340657,-0.43367699291982026,-0.02230675471181015,-1.1904831863485903,0.4510620902688015,-1.1330945144634157,-0.1291835261185199,0.9391666290979638,-0.06325243333418605,-0.8420636490158655,0.9034956956839055,-0.46561922305584524,-0.6402436106466598,-0.3251917394460758,-1.5716001486290183,-1.6462876530475337,-2.83669421585955,0.21895304256851372,-1.0010518091506495,2.6805680508762064,-2.2471316395954344,0.5153302020341829,-1.9174270258349932,-0.7236802725571444,-1.3271136409262985,-0.3509455713109998,-0.1091896348347185,1.0461674643000318,-1.5216500446073205,0.7613425878872334,-0.07532641980281446,0.3668633446317797,1.1394796289402231,0.7863046713115117,-0.5754498748887059,2.1188158179458902,1.1536755481872167,0.995253550852367,-0.9098443031299455,-1.535753133954039,-0.522814132247142,0.05910540575134162,-0.27021276269612926,1.9988611613936351,0.5057817942305407,1.0985116685139114,-0.3120189094271297,1.216173957418173,-2.915934079577638,-0.8921705525413668,0.34008751676001087,-1.1112488278181032,-0.9641374430316069
-2.68785346188758e-16,0.9386607158902072,0.7361636266150486,1.27230923860616,1.53069958844351,0.5304770792267168,0.2584570692892024,1.672350745982025,0.5823256200317556,0.12248735886831331,0.7331774254959038,-0.12251901319342284,1.4380012898185992,-0.12331398827587148,0.7763333294912703,-2.872371235890106,0.7781124061490831,-0.3568235175682662,0.9075416715571609,0.778734599622281,1.03285957268911,1.941532362262907,1.4505103468439233,1.3668684866295566,-0.474535675647926,-1.4224901254479734,0.46659637789844266,0.828614467054694,-0.5379093031905793,0.4883041378322611,0.13611187089949645,2.175355811877736,0.5134935707102342,-0.5914900770480114,0.38935124112122876,0.7174551312470274,1.6160410984333333,2.122666449104854,-0.417443562188603,-0.6536170434922735,0.4440263396254346,2.155376238867734,1.3377253923182426,0.9624906494270329,-0.09330778302877174,0.38258823592280006,-0.9799769019000312,0.5011802698478321,-2.0270192417276185,1.016856253366451,1.4602241478062195,-0.10274561393007803,-0.48381531402754285,0.117984127534097,-1.5693810658919882,-0.9409322368524926,0.33385705240222147,-0.3411962020845522,-2.1491543282353938,0.6834125283851233,0.4077403631437768,0.060710207016534345,0.15445234136079702,0.3118590410402393,-0.22250490358543196,-0.6477308095403711,0.43824789425776334,1.1401109906314713,0.48071903313567804,0.6612286937164689,-1.2281842488894943,-0.4446600235453148,0.5367358405949664,-0.446042760924733,-0.28424593093764344,-0.5748202266681556,-1.6790779402302836,0.037214928216279586,0.10042324079058165,-0.38263261218305455,0.4206887882520806,0.07276397311295679,0.6145082468971548,-0.9938740284366949,1.5274290871143397,0.6236342518942543,-1.243392830767898,-0.7290631087770478,-0.1513874175486213,0.35730836327012794,0.3600451403656424,-0.9482981864668962,0.7428729970667004,1.3714755537400731
-2.68785346188758e-16,0.9593053286034811,-1.101892442213957,-0.3620029151275862,0.017370889403433454,2.5878508393071815,-1.1166425430525027,2.460101916695697,-0.899271863108692,0.86345021640371,0.2272328852344286,0.24104735095405455,-1.0409126402183517,0.1336606671868774,-1.7433508397233919,-0.3917052809290648,-0.0173278038785612,0.627578995623064,1.1114812116845114,1.0169503207420179,0.4951549345431691,-0.12997482118203924,0.3079856024033065,0.3207471867340603,0.829209595101754,0.35195154377129667,-0.5422621596649242,-0.9708024316791043,-0.01961659594656273,1.9173881923141982,1.1290568194284147,-1.4371892686278076,-0.8631194039814634,1.4935107518169222,-0.13231610232813346,-0.9786883594720304,2.5428777078497355,0.8001693332414452,0.34940234296344774,-0.3662548843201845,0.10539178411011557,1.6194068602206437,0.8744621746594006,1.020895975340125,1.3805026142937118,0.8989488827895925,-0.876670430006629,1.1917862423494932,-1.8382484886973574,0.046706656754543635,-1.6559649156058884,0.9720918534362566,0.4688392077961125,-1.0918791663355663,0.3869536479975313,-1.240400598096497,-0.661736954326458,0.6825508639281963,-1.5716805621078163,0.027886027411061443,-0.9301949983088352,-0.5649556602961503,-0.24564128589153789,0.4458203264020726,0.39106793333383566,1.293799042381068,-1.416532849413902,1.1366419568380943,0.6137151221776614,-0.450147118755214,-0.42433254468447257,-0.5454838894208173,-2.040806575105582,-0.903742529159402,-0.6007636821573645,0.6919164169999813,3.0598196989302853,0.002115284430678932,-0.5523959247684851,0.833574502824566,-0.7911853371065176,2.532863546863204,-0.17735928190589345,1.3167778815982814,1.513690969714145,-0.06828804388364819,0.4836163758381087,-0.036984900279318354,-1.9762167822022745,0.9674877706093208,-0.19697496542611154,0.5850988569009012,-0.5814048736551554,1.6206825363218056
-2.68785346188758e-16,-0.06586481904764582,-2.6779437202338126,0.9180496425738582,-0.639180501865193,-0.6379148798761236,-0.5109511903000958,-2.407210921324203,-1.0430263677050056,0.17971891757034447,0.3939215097580859,-1.6048292599621048,-0.9920510899464172,1.2913727700826267,-1.5008098511598946,1.92343565339295,0.6319319638495,2.5960069038230538,-0.8105408809513273,0.3643888710528884,-0.23437224499199538,0.19363800637709871,0.20439894179360285,-0.6494738083429071,0.33164992257230536,1.0883547651668506,-0.43863744243804553,-0.3523212126547239,-0.7767784661199637,-0.31928320741534166,-2.373146552293744,0.11348089615598292,-0.24788429700983552,-0.2553663270286346,1.3832288217150999,0.7461518799960156,-0.6253695243416247,1.1572130090180686,0.5881197142215611,0.026039131346532463,0.2885056291358609,1.1748366799285734,0.7691395698062224,-0.9848979026463607,-1.6416874479467927,-1.6255147190212031,-0.7405905182143881,-1.637177237787463,0.10331050325858293,-0.06711470747774441,0.871139033957084,0.43574534251809083,-0.28913222328427474,0.8299591080858204,-0.7918022417328001,-0.5833205009679205,-1.8404657937979996,0.18365703813293582,0.0405410449761132,-0.03920188190006901,0.34189430521817454,-1.0620415643802605,-0.4702996499602971,-1.3337916247778074,0.8974241536749772,0.5493343832980793,-0.5293106284782878,-1.0867567060228525,-0.6541446816976815,-0.13828857572164666,1.9917544536269947,0.6037322284682736,-0.04264697975760351,-0.5027064274452255,-0.5095213294170011,1.542920055285846,2.384222416849229,-0.10647732795410317,0.08897629602914842,1.5665977678492002,0.7957230279180223,1.2332804560298654,0.35441782793235926,-0.28050791089368676,-0.7156089217611054,0.22664700516809916,-0.3256312963983681,0.43316762404665077,0.791700606418511,-0.2522785661227679,1.531486002956801,0.6964987837776142,2.21070877883113,1.7873107927983916
-2.68785346188758e-16,-0.26089150068387473,-1.0013457866873534,0.5284572475904019,-0.6341891262513004,0.9591104493910709,-1.264994436929586,0.3209153792109144,1.0901755500058887,0.7799247471111094,0.3569582842857604,0.5426709319894066,0.5702216901357886,0.44503489101759264,1.3856937560614835,-0.23849071372622663,0.7908163456619508,0.3745932884932117,0.9573280406242711,-0.042507058097839834,0.36462304243687566,1.1571234951074758,1.2587676740402856,-0.7773454459323386,0.7917099289007734,0.9803803277639506,0.9087452696464893,0.8656673120124785,-0.2982591307674663,-2.788145033116381,-0.41625120584263686,0.5332380670502979,-0.19506270111527782,-1.819302422711086,0.3545556625224743,0.2289897365762419,-0.7269483343174667,-1.55178480408016,0.12205204670751624,0.5035259891207033,0.6724608924260831,-0.9681823613887629,-0.3719676301184773,-0.60695102901265,1.9056095947371663,1.2777022339238526,-0.43620634030245187,-2.150519939719419,1.5192585104948986,-0.3725125790255586,0.6522941697022469,0.625823699860457,-0.180516527534537,0.16716975439668708,0.0067942387773021985,0.5685825916931615,-0.3190129285125985,-0.38612875428760063,1.433977118648389,-0.16802679684963573,-0.8585376917591822,-1.6467447152128962,0.26960121928146163,-0.21450167819817545,-2.017524714237091,-1.3538198487799546,-1.6207371064323923,-0.2088136672803419,-0.5311155428799249,0.7264619378667726,1.929155684442025,0.899237970951035,-0.10567007570501769,1.2530446347132207,0.3391161481002906,0.3914837080610062,1.1994091284564283,1.9483082289888476,-0.57439094063571,-1.0263537943919325,0.8402436893488504,-1.8124413553946015,0.4230606103576404,-0.23165821145733553,-0.8067481632864422,0.056508532105914826,1.4741174174531997,0.2632209997848415,0.045782719235932495,1.1756322477480108,-0.8532179985013968,1.1798855854919879,-3.0447750507471865,-0.17559153522332038
-2.68785346188758e-16,-0.39608663535125205,-1.034016419060762,-1.3531845835332101,-0.9364478181279237,1.3901418490671518,0.9753582508184986,1.0885563570955115,2.1278956406358573,0.5988992119411737,0.1656849908394622,-0.42754056021825504,1.3667921332511521,0.5746179232339073,0.3250666088941008,-0.17860939766285183,0.039678490344791484,-1.2243160775311082,0.279984337961665,0.7856692192613259,0.005691555797648939,1.0950406485697886,-0.3311914376201488,1.2956603433878917,-0.43046180871150486,1.2870025293442913,1.4894561378220608,0.7316669840559272,-0.7077875117824408,-3.235581145373464,-0.6122125787555672,-0.028692818443422592,0.1895761403343867,-1.619489599058537,-2.4371895583050587,-0.052652155763432656,-1.7581064131192066,-3.4201600345367202,-0.24195498724506104,-0.2109541984359224,0.15616086479785268,-0.20905544723074185,-1.4302624655441563,-2.3907332941492268,2.4973711141966732,2.0021348566148056,1.1114130818043229,-0.19063496533570068,-0.6475553778375944,0.35617438625146103,0.8764065830066166,1.6175884681575017,-0.8040385003839884,0.35000925368972713,0.7514195345550567,1.0345730046336288,0.8173529309333617,1.2904924762624992,1.9579492181922877,1.1849296133513345,0.594615561932673,-3.399299332962918,-0.490164278257809,1.2384795014208043,0.20731303548077262,-0.7231287315792427,1.7117265787465012,-0.538799503778288,1.1088856636423503,-0.4859783403825874,1.105970273945403,0.3844890910858947,1.1071000830072766,0.327294657654849,-0.17363339086749757,2.4948452356767725,-0.03558181831694962,0.9121895463249914,-0.08955886469771274,-0.8913831450587576,1.381837318223211,-1.7689531135687888,-0.09977048872058626,0.5403127032458299,-0.7645656522591152,0.6478493744140047,1.5203244965974003,-0.717522375583176,0.4326728606747064,0.7793182347324021,-0.6585224189724228,1.871849563709387,0.12210088732730928,-0.3789560495058994
-2.68785346188758e-16,0.0371904112097213,0.30349840778006054,0.41854302436537427,0.08152998289988492,-0.3951918663790667,-1.2932400143069578,3.427821254382236,-0.5218883638934946,-0.5843976666798649,1.6768385395178842,-1.7267123669650974,-0.524849850380968,-0.5676301860535333,-0.4103506524052861,0.9191374154319817,0.040937939697493736,-1.354977614827614,-2.3971939244782146,1.0271122612351367,0.18070497786231537,-0.0011703084857306312,-1.056637610027602,-0.6131672136680062,0.27357756561624313,0.21922697499051222,3.1125616181427436,0.34058196254252016,-0.2359555539171077,2.034142808490162,1.3662936959149052,0.37578443357423663,-0.10060661356790165,2.389531449005979,1.8342966536524834,-0.42107617613458115,-0.7807571387470402,-0.9058889765858604,-0.9683435563874582,-0.3948600572716026,0.8632037695977911,2.138656555936184,0.35235365592567036,1.6300988834523173,0.42418217197925356,1.5877111553887544,0.6957837188133649,0.14083082573841815,-1.9090916811058602,0.27944471085699907,-1.6780279310902824,-0.6027496115268425,-0.851076610033907,0.268817216741282,0.39297442598377663,-1.1912798114506775,-0.6695994002345893,-0.28271453771581695,-1.8724827870738374,-1.688019980488717,0.23708717517127414,-1.0164173507946277,-2.4067007462601535,-1.0416475638992069,-0.21017547753250332,1.0030712403762896,-0.9141953116916958,0.3575058063148986,1.18970532354617,0.19654399130462724,-1.6628561264618749,-0.21843605251218848,-1.4685622227974433,-0.9495932995272702,0.47500624191914576,-0.5668165583891946,-0.4463592393459127,0.0028128565089360347,1.2622671360200122,-0.8627020343233456,0.15628207777089909,1.7330851477043707,-0.11577723662254438,0.012633419665069923,1.8432435917662269,0.017232873804592264,-0.42315993395764145,-0.6029044721631233,-1.0414959831855197,0.01632384486741778,-0.007709495847503578,0.3478152985686029,0.48486548238176597,1.7529107835597955
-2.68785346188758e-16,0.2648710624071892,0.7380153151176365,0.22664723927291539,-0.19708158844556822,0.11091586620655602,-0.2368554887133076,3.414868074132341,0.10752772692120582,-0.18438897224720055,-0.48696575733114994,-1.2925035279572723,0.8390896945118637,-0.04122241824476114,-0.9936578590340464,0.8160479472001004,-1.023699102663342,0.01744004696292334,1.0877212837957746,-0.6701734941586284,-0.2701531235338236,0.6768737293914872,-0.042957160108769155,1.5426552455551943,0.2883076426771643,-1.2075674217976142,-1.0764513330055423,1.0341647561945257,0.9170761824800968,0.17434093274246287,0.4213585886949889,0.4008808742102054,0.4793622632730664,2.4357812148522195,0.8780350029002753,0.46113464010741256,0.5482832552201611,-1.0437459280779433,-0.6071220788516067,-1.3450358009597314,1.0945451788637377,1.3195725211209681,0.7471479757776649,1.7431942136100935,0.2587034830466223,0.1743767501102555,1.6922930841709225,0.7214603214306967,-0.930583866076029,0.42915912918690907,-0.6366720385240663,-1.4564674882785684,0.015271290373655275,-0.18539294908113504,0.11712824292651125,-1.4396571439501098,-1.4233492828491225,-0.48191648647102614,0.792976747248978,-1.218964012900413,0.24550538049667736,-0.43881778945832317,-0.8101431546342603,-0.06038672517699395,1.4220637670380065,-1.261207862070179,-0.4100329857801734,-1.1415182943722921,-0.18569633089538673,0.0020600200930309415,-0.6469982836679089,0.05288413306352013,0.1877709900663982,-0.7823187666924092,0.47776286829030157,1.582629786286513,-1.416780603698687,-0.33016787463005837,1.1596331769663781,1.7361771961453618,0.5051739255745279,-0.14632689201783416,0.5489168888882351,1.3727202822338054,1.369568170499786,0.16592790145807976,0.5276149175294171,-0.33077669025447903,0.13709041384959164,0.15085918964191963,-0.286446235204084,0.3187340874827118,1.204985215157438,-0.8888206270756429
-2.68785346188758e-16,0.2900825531830774,-0.5340706811472815,0.48964199433966893,-1.0255415498445308,1.7659628203081577,-0.4182161728448993,3.3367743040620885,-1.0000111384497652,-0.3880570710669352,0.5921412979954461,-1.354304237751481,0.016775388788613788,0.6326217197860065,-0.45639807400559823,-0.6961376758026032,0.6071788185509371,-0.25080993278872354,-0.41680592681679274,-1.163263759287186,-0.9649936368939844,0.6457813527145255,0.12499025519368101,-1.5652949647837435,0.8736188672668731,0.1293025396951208,-0.44255647852355273,-0.726625975852188,-0.8658081898317513,-1.44330406127645,-0.23923069107554296,0.13917289050137954,-0.09818723141112715,-0.5634538960138378,1.6826704037055529,1.2696388603518278,1.1653144541755402,-0.7740133943188791,0.14673406412006407,0.593655912008847,1.556510900969525,1.465457462161266,0.4701321956803486,1.0030376076619905,-0.4531351517325623,0.09110974933936847,0.8678062865220632,0.6697988921332497,-1.1049370616754655,-0.013138462237608397,-0.5797381325647617,-0.32872047896412937,0.3993585946821681,-0.03815235076549116,0.30061661031717435,-0.5771676535953852,-1.016793156886972,0.7362669565373263,-0.8370295052453263,-0.8545505299741303,1.6495053067356467,0.7627471719436103,1.1752257196899532,-1.4933038000361594,0.22919737913142535,-0.5484925859345061,-0.633577798998648,2.19017933792156,0.24018181039229092,-0.5116217904903153,-0.06011933391070823,-1.123456496516416,-0.26197025878331653,-0.810602599333017,0.042211461983386545,0.3330809473489429,1.58637520457955,0.6146953113510016,2.4788228495525866,0.9118096924007048,-0.7473743423530063,2.963436965183559,0.04828293171229306,0.028114846908979585,1.0819173546893184,0.23677999298736724,0.31158965792613724,0.539615522322455,-1.060889395531514,0.021591472595102468,-0.6810711652392621,0.7289629174056875,1.460324779184881,2.9221300840787015
-2.68785346188758e-16,-0.9633985600650921,2.3956722371443178,-0.8893979462181416,0.9328286844420368,-1.0529786543433262,0.07456495471009261,-1.0874478342653409,0.2667020759795953,-1.1319139918095624,1.0419977634176811,0.42857217407655945,-0.12688688678203586,-0.7033426055018429,-1.2777421812814436,-0.45681110243444717,-1.4196357723425788,-0.9271124249894958,0.35695417403937757,-0.3148023231444506,0.10035982645252414,-0.7407710949818637,1.4526008266158874,-0.17790004252073122,-0.2878754411936768,-0.964926350920682,-1.0847738728638243,-0.3304553665543287,0.8066903962379266,0.6734175236778683,0.9761987863450637,1.5012644054242703,0.6911641641737076,2.5293351888105704,1.3862253383362952,0.8559549323253295,0.457862151493879,0.031196986158152917,1.5424997358961208,0.8873140472552419,1.2729008092217615,0.26013000889611204,1.0070126807468647,0.1297825449970813,-1.8113619660969702,-0.8727987596257671,-1.7755646787783539,0.1938307871957926,0.44045869426011275,-0.9952032349679372,0.06820284937461074,0.1341968188721267,0.9985266098389186,0.7978018791789687,0.04122448128680827,-0.5468311517692608,0.8768767580802672,1.27799974409387,-1.909147337379621,-1.336482235762634,0.8115184710974614,0.6703665139844959,-1.3418649679087564,-0.4896426779114006,1.155675090618645,0.5437942909171308,1.6810923753939748,0.2953608547909527,1.14576900145058,0.7037830523702596,-0.06419240320619654,0.7933736250484913,-0.08174369689296568,-0.7622882401580625,0.5278331499520501,-1.13594519576584,-0.5935197072824002,0.11924176347844506,1.552306837902142,0.7409090679264665,-0.8043722966790046,0.27307095595258024,-0.9915321194492576,0.127055581292422,0.9828267148566856,0.3386138612879021,-0.5575311632145297,0.7173363844564449,-1.055136768726758,-0.1576461922190503,1.1013615411910054,-0.32122090181831375,-1.1553299539823918,0.6902996939412505
-2.68785346188758e-16,0.5917085560567255,-0.02647836265051408,0.4238254055268969,0.7144120388322873,1.6483058866070797,-0.14071651465192136,-0.4476503151397284,0.24661375550035947,-0.2863035565887424,0.56086131280787,0.09441923897697901,0.5425830736666055,0.17838088205207048,-0.4687213333396998,-0.0741812988173528,-0.7374683868067666,-0.41497821952292013,-1.8049510465871654,0.0738825356658162,-0.20362033824675058,0.9604802184637677,-0.872274390758154,-0.3839607423528363,-0.8533300867465039,1.0493584721018512,0.5811611843607044,0.7056525063064253,0.8334581308406829,0.03846977128224198,-1.758821898829727,0.7428368469405354,0.798721621185815,0.4890389152497953,0.28884313202395584,2.479019778425319,-0.547029006728736,1.637233069517148,1.400321391771436,1.279490825927826,-0.9313635465363406,-0.372307674354978,-0.2899059609794655,-0.33885720432712585,-0.4588895255265541,-0.9376383296278585,-1.4690840130607652,0.22876800187221824,0.4655333339415531,0.026588779917879474,0.5490022823536711,1.5959078182278275,0.1161003888746594,0.9467469166337646,0.0829160106748987,1.5970691022592984,-0.6908298380849264,3.0292957810267787,2.137682766108871,0.8339760581284064,-0.5597461729977419,2.154446012881352,1.9197736531992737,1.1474089126013876,0.6280132353330303,0.10823718361577905,-0.8284882002954121,-0.7946907718431205,-1.714618540653007,-1.0879637178345924,-0.5322927402202988,0.6787254563408767,1.4727837418512284,0.12755476457164217,0.612309514249799,-0.757213083244081,-1.8800175249410904,-1.5973857391546005,-2.6818248157966664,1.0530033239810688,0.8435704709138412,-1.5014352201172474,-0.19823662748064863,-1.161015899075575,-0.33148908307023506,-0.27045332631892205,0.8771773563799111,0.7557826477301779,-0.9950625544864384,-0.5961465450942465,1.2002640939162772,-1.575589640717344,2.412864718817495,0.5582613447720427
-2.68785346188758e-16,-1.2930402764846152,1.3374971036092644,-0.6682347425126363,-0.987640763079479,-0.18979946563212557,0.19777369682628657,-0.13590816928913854,1.8000284398049677,-0.680819951143085,-0.19937880456005813,1.1743983333146018,0.185007390193671,-1.0115539685046828,0.8435820990722388,-0.8741646083950898,-0.5423459435071891,-0.813270574820669,-0.3030967671638218,-1.287387428362254,-0.09139497308131608,-0.13898391575442914,-0.18974718940233753,1.3136001145502332,-0.34763015430292893,0.13736055605058936,0.5515066844062146,0.4054114894032848,0.7440843041675159,2.1704455184624614,1.9675579178365785,0.6535937080152079,0.207940736468556,2.3764391926501593,1.3250245572005865,1.267847319920257,1.0582311851854591,0.18084864737880346,-0.19244335997484263,-0.1526334762997612,1.1232396335664174,1.390031260853569,-1.5300708288710414,-0.8775680317336104,-0.6358049336881418,2.0593416769246007,0.24559622162412129,0.23818646565327561,0.5106601251373574,-0.5957695629028226,-0.8314612959986534,0.8500250011490343,1.46888286911457,0.31167157099702597,-0.3175777029858377,0.11345668944590542,-0.15390614466832778,1.486489243848781,-1.2215984931261659,0.14037947331419687,-0.7407302964322624,1.2948335058919298,0.7668340025636651,-0.8111356504203234,0.40622533199377187,2.443307397973634,0.8185614332682224,1.4939291315479541,0.9285075634703646,0.0053568337986680875,-1.7405382447202267,0.1383962132349359,1.1416261068201772,-0.38330886617858895,1.3461038502413,0.4801289219256481,-0.5092679597512506,-0.5096256161462063,-0.6689037239913869,0.6343329965937404,-1.1828762593995616,0.9035739950192172,0.00486121883944226,-1.552107658543926,-0.30138102850649084,0.14597752101762887,-0.3745296254836759,-0.8509531508756834,1.1972103684961544,-0.4698134557364375,0.9505206609203133,0.0016440843206287914,2.065279964993237,2.264221275188974
-2.68785346188758e-16,-0.05740921148885811,1.6711632162367422,-0.9242711980553324,0.7013860390665666,-1.5974013302423198,-1.0324870160326198,0.033038252889230124,1.391415036304817,-0.07626774207415576,0.6481386637696928,1.728503823452529,0.8371934835418791,-1.1095598786097032,0.9650456879354475,-0.4015605342282298,-1.8312980666076246,-1.8563630687389523,-2.5535800179316905,-1.4271892819697358,1.1179558352343049,-0.9055380151948029,-3.1887475139643824,0.38610608525867585,-2.3408728036069313,-2.440755035989159,-0.32293712239571626,0.31388189216299855,3.425977556129164,1.8550703299975857,1.6569030464298842,-1.1238846269834066,-0.32189494947374575,0.5115971589648646,-0.7604553968586942,-2.567989115594732,-3.1205922861725335,-0.8834068569089264,-0.2992908599749647,-0.8603413971025436,0.133015030236881,-0.5145214982726505,-1.2876099861916313,-1.1130781134038175,1.218009857825578,1.1127355445292109,1.256622326317244,1.1771955058136212,0.5460223118398025,0.431706921913737,-0.027444614221989072,-2.770195228582902,-0.03690493035279869,-0.818440011299615,-0.2645012843553871,1.876397631461903,0.9303423126778204,-0.2875605943576185,0.17389680523391066,1.076584939314451,-0.8044264779638499,2.7344852586271315,0.9736319014072241,2.3903206525251752,0.6951021116265704,3.7977129513316656,1.9332164714796958,1.732266767521594,-0.5922815458320293,0.9277167963076587,0.9081213004371604,2.2199737997032236,0.6964210837270478,-0.8081393595842215,0.5375569351370116,-0.6276162104341882,-2.8093307400762697,-1.5068827356901902,-2.1290992824701016,0.4045060395490936,0.924308064538569,-1.2834464678658088,0.22831712882351532,-1.062163329067507,-1.2940597096039226,-0.15067049990364204,-1.1719329732627113,-0.734451979434906,-0.9563969440701575,-0.6045837292260385,-0.587777626571486,-0.9283585258767574,-1.5466950421632368,-1.821430902114123
-2.68785346188758e-16,-1.1068715068883224,0.18155917220456458,0.07591621636522845,0.026290968120758595,0.4988308932350823,-0.3023554732092006,-1.5117109582443113,-1.0191949258777737,-0.9304345172836075,-0.6406948834083491,1.756251667560339,1.2372837359679132,-0.0012219674652156343,1.0174223294019094,-1.0229440349738161,0.2708807213993293,-0.3698325554998781,-1.4301115543872336,-1.5884823807282085,0.6066657870518137,0.6697601855247598,-1.2031811300184947,-0.2648694117986428,0.04896272715603858,0.2873166233164112,-0.061950894438250526,-0.5789742678572394,1.2475936544768174,0.39762352246615235,-0.1553679714633367,1.3836229258228556,0.17097871308292123,0.32268765829142526,2.890344184798258,0.6312014200140326,-0.3151911336443739,0.7838562466009329,-0.20492486399694565,1.6408837723270127,-0.23014688185370047,-0.5992508480292724,-0.7334204449030287,-1.3597817406593533,0.10303246400474625,0.9156518980957233,0.9028549181010423,-1.1922674182140862,-0.40938051533301656,0.6954649663273185,1.2462791939283449,-1.679129444091571,0.07446127482843434,0.1440361395485468,-2.0365177473285216,0.7983332854929011,-0.127451376868249,0.9386837832679367,0.4681311093069028,1.0766082805096804,-0.12170891229084924,-0.22622659609219675,-0.5894413000375858,-0.4403454581430821,0.19033410526905808,0.660458188668354,-1.1516796335637915,-0.9249770786371101,-0.021573658069265367,-1.143717193769499,0.12952535298994572,1.221660147110649,0.16838078789054023,-0.774105078748576,-0.7607121111482621,0.6740494750797548,0.7077314358571574,-0.47906560052425395,-1.5825702752388273,-1.0782258918570329,1.1711803715794578,-1.2019772085499716,0.7302582168109693,-0.21317193255861938,-1.8256211635365145,0.34078839742585443,1.0064444848082243,-0.2642871224125129,-0.4675041485566213,-0.45472301524091524,-0.7838014923217113,-0.42137175362396945,-1.728597746056718,-0.298712648869082
-2.68785346188758e-16,0.2626842476426017,2.280875583954454,-1.7290655160198964,1.7974847107010306,-0.9433454259169224,-0.7379724661507518,0.6946777680354564,1.9105818003230362,-0.3833532948376698,-0.026671388524732643,0.5543959454317786,0.20709125281922425,-0.9209147668764059,0.7174028313227839,-0.2838592671865179,-1.3207729074899697,-1.8992879072615954,-2.221995751744689,-1.1159802654595903,-0.003959823916153507,-1.0291156361057483,-2.663254647668206,-0.17868926672670743,-1.365609181766176,-1.4921483049726922,-3.1935959580967133,0.27793928850327837,0.754093360796093,-0.27613331825348186,-0.8979361326674775,-0.711067979596715,0.19344325441312762,0.6482384544754433,1.3546222004838921,-2.7925192886550234,-2.4545303577372533,1.1784574503889422,0.7739504486979822,0.8127513440602255,0.569926040493289,-1.3166788567473278,-0.9905140716161627,-0.6060639166299178,0.7398331089486272,2.1091177338044114,1.9128357107919265,2.063918866307349,0.2459546215971387,-0.2400098021608719,0.750414691914145,-2.5819828779563316,-1.033746303269909,-0.3911311616587402,0.13332682541595817,2.189749101691265,-0.3995303661150708,2.54420888902608,4.123447260105285,1.1346148246348153,-0.8232897530651875,1.5549881294297723,2.255578247418204,1.1928519715339063,-1.3734446830717257,1.6639007314283933,1.5801640346563426,0.08766421928584545,-0.8282323884909129,-0.18377619791026417,2.1587811033873274,1.716056177733636,2.6635490014731653,-0.829813399771243,0.11782214884380016,-1.6491558529233246,-3.8394303632494364,-1.373671872777734,-2.1277740680842077,-0.008965386339761572,1.6404474674950078,-1.5568425207034238,0.25400580627066244,-3.6848660963917768,-3.6177659047446573,0.040073308032567895,-0.8843760935989826,-0.04043093280735363,1.9195993172406742,0.41806495580116904,-0.2171536518489114,-1.3880324860828237,-0.9609683388939192,-2.0295124938276854
-2.68785346188758e-16,0.7397133740268044,1.7303922437023598,-1.0367669347090025,-0.820291375997767,0.8410704064877272,0.7516137439929095,0.27664357805572726,-1.5263244457655776,-0.08235037254168519,-0.33493710736899385,2.2121501513839616,0.8427007074617618,-1.3515998764694113,1.7167384903986866,-0.5375177600066555,-0.5825225752220002,-0.5261269532174043,-1.6781338824140588,-1.1167345216196736,0.5553331002180817,-1.5457961057930287,-1.667265213717028,0.4513049720409085,-1.6799143938338423,-0.955488603228769,-1.6251679688736904,-0.07342016600264852,2.413163952237485,2.0516729103236604,-0.02004019952718572,-1.7091335873908424,0.7869282170927893,0.5887087084909624,0.5722524867284731,-0.6966355301322981,-2.9977423217477535,-0.9194483709574891,0.8983212821289167,-0.4612955802100439,0.08568285486358562,1.9617834663846137,-0.9761250661218789,-1.3488402617594297,0.23599849604824988,0.4752119963005451,2.115751854073288,2.2273800875307437,0.4305535160175627,-1.2200700489625946,0.8589251907536403,-0.2316687156011507,-1.0222378215123362,0.22958141412135036,-0.5015785195827672,0.3680374846560718,-1.1536187001317064,0.36246540432094965,0.2300828922998991,0.22790856769969012,-0.4387763427111633,0.6440407847971057,0.5700901298802489,-1.30669640422466,1.546722355903065,0.718613292253234,0.6885295132922158,1.2851667742687172,0.2341458260902468,-1.0702057627465311,-0.8952811986868876,0.2575955712570002,0.748837163104834,-0.1518198195198575,0.36983250311316807,1.6187581646704594,-1.203434631290326,-0.6700315910252778,0.33346061706143737,-1.6118945504214992,-0.5285641896719088,1.2938935953178108,0.3031400757688929,0.2726727716314782,-0.3660286364239574,0.2281355092855976,-0.8838013231828941,-0.026990021755619594,-0.9717237249425885,0.26333024222314594,-0.15468792510299056,-0.778146814973004,-1.4388068652115396,0.5463350200979316
-2.68785346188758e-16,-0.35290210809093864,1.0754353624547783,-0.9261999986303635,-1.3281752690464728,3.467863523298268,-0.21092487024919007,-1.7187637176795343,1.4764256069249067,-0.02699259798191448,-0.4244264116729314,1.0657520657686477,-0.43998279797721285,-0.38791884343333843,0.20838062540005162,-0.432943313524354,-1.3874513887360869,-1.5293883994580648,-0.5578963238478544,-0.7314257232477355,-0.04760050702442044,-0.3265470150830002,-0.728761134575306,-1.3232131369457631,-0.8284941803953763,-0.2080070141214283,-0.8780308726576124,0.8109081422836358,1.0219529681749153,1.2820496363527893,2.678190464228509,-0.5098365229004446,1.5247097619417656,3.0713229496010985,0.0701271344209311,-1.1791602682119788,-0.17473382336399657,-2.090437501386425,1.1604758610938823,-0.13147083115961128,0.38651643968577454,0.2942619806060001,-0.9263740089948416,0.260272711547614,0.5905243565374083,1.2813691052058647,-0.3174710718836896,-0.3137522516824667,-0.8105369234980606,-0.38027938320218274,1.798329728316323,-0.9777159157004787,0.18979997424785713,0.11332712184677336,0.5166609260870492,-1.4703591662155948,-0.043563674671280236,-2.064714029020004,-2.797402941909115,0.29046893948932023,-0.5549648611303598,-1.131921782789393,1.0844801563748336,-0.26489758714930867,0.4769140956887416,0.6731373962470799,0.28789548495936745,0.7601637491986896,-1.467730054460738,0.12747866939911803,1.2223950274835085,1.4463074672698142,0.03191937332079442,0.06238370365294715,-0.39169603381883805,-1.1093014212558632,-1.2408405497360644,-2.1665921738675853,-0.6649394374383412,0.8288228029218487,-0.8055505695344781,-1.5548966342513064,0.5122709949718725,0.27128518628741416,0.21467006783029735,-0.15305078225286997,-1.957462640399608,0.29054264959113735,-0.027441832651267983,0.25302367129980163,2.1438246314061877,-2.3079532274158834,-1.5077492454563122,-0.7044211587231465
-2.68785346188758e-16,0.7617030395512978,0.2358733517399664,0.4907057963750038,2.0500812672561928,-1.6783405686047437,0.20805296806909926,-1.0283621948977528,0.9095275752529732,-0.14027048939030728,0.2759043422687972,-0.8665420797626,0.7320080073887112,1.307160670453794,-0.9522588764013018,-0.28972356187433274,0.33045177150914434,2.145860850268862,-0.874741745908789,0.1706325771967092,0.1642597351832563,0.923720642275975,0.9337808608958054,-1.5859768910309089,-0.10608726657151199,-0.2280398568028995,1.0741317655496738,0.7698758875160132,-0.7615395206469605,-2.34347554868477,-1.4976853005224964,0.26196308879391506,0.5034152415609772,-1.2585779764332083,0.27610035764351326,-0.2552516907505315,-0.016023057553682718,1.794108030766204,2.2952888804482194,-0.6558874671849835,-1.7544673899955798,-1.290214265296947,-0.5869804773240642,0.2205012034223518,0.8559342186392145,0.7115444887345408,-0.1562352443363691,-0.9863633577242672,-0.5074225930883101,0.5775173418361733,-0.7203280449647944,-1.0920598193549873,2.22099013519112,-0.5822828367915491,0.9404022463909038,1.3154509740511353,-0.4218989306626686,1.8801336950655534,-0.6525105566401348,1.4400265782512338,-1.6436562133732633,1.890978978795499,-0.8735519943177112,0.1357632840396151,-1.1863189007146047,-0.4779082158755663,-1.9510322950827153,-0.09189223432161042,-0.854654835725781,-0.04574891319650593,0.8370103793984056,-0.6899492875767707,0.03381661577844522,-1.192978458412496,0.3799360626482134,0.04861452734623871,0.19144557156688002,-1.2228945386808387,0.9519109192513651,-2.078342520322889,-0.07858978871540898,0.4808602640391393,0.5453906791388606,1.1637687867870188,-0.3715885369358733,-0.015268432301066674,0.8020166972873117,-0.06878087296081634,0.6310675786885201,0.2831621281736525,-0.7915679128030999,-0.391066824169021,-1.845224406765481,-1.8605265145191785
-2.68785346188758e-16,-0.3426484923197262,0.6529082415925435,-1.844324792170123,-1.9164436518453591,-2.712144980602446,1.665189586128223,0.03503994840745711,1.107076696567653,-0.8544430428685209,-0.3179527568715666,1.3975877047797969,1.4071060953584498,-2.0796723176702034,2.379532841475619,0.05113719988000645,-1.44285730809099,-2.2021220759124955,-1.4005454647129587,-0.42708407643265067,0.5024269882142732,0.14339836188875854,-1.9594190845962531,0.17119572955045276,-1.471919640182012,-1.368003719603225,-1.1726286559544918,0.8275734870142357,2.162045149560055,1.6760025162419714,1.827302900934858,-0.93071566545801,-0.24219907797538748,0.9003025427993988,2.3429151148701393,-1.086121952206568,-0.5389369723807071,-1.5756412342341046,1.1645818774621073,-1.091153907800864,1.8196300658376783,1.0419748601316856,-1.113838806183352,0.25486650750664025,0.026329927043318435,1.092750989235987,1.2102040367269318,1.5128443092866477,1.7035656197979216,-0.11360818778014385,2.4312261242446356,-1.9268760517656085,0.4089034124417423,0.267596914846078,-0.6421792267168058,-1.6413949694936831,-0.30177030637775165,0.035434902599103424,-3.308994670712595,0.8810257856249339,1.8587632321309575,-0.9062258309789852,-1.5845444222635143,0.4237093310403546,1.4533518206733147,0.37113013162293984,1.212610592428603,0.0875641901070281,0.1111962132934497,0.9011251710619302,0.7973946134086374,1.5195325221242015,0.11854679188615513,0.11497422044635425,-0.6555241453419421,-0.561058100471698,-1.6079881599257428,-0.7378809469816561,-1.5028001389932175,1.5648280015287284,-1.5729898680826482,-1.377294023005184,0.010565535230570232,-0.20525735863872863,-2.2662955627667776,-0.13521010980271117,-0.8281166862954217,-0.5646733201758517,-0.686325531645001,-0.753037565187268,-1.066238758142452,-0.6821629100672325,-1.7160014678440283,-0.6847743274065023
-2.68785346188758e-16,1.212791537715605,-1.0353222239829027,0.7570481931972519,1.4944124379899362,1.0785508851244807,0.9436827173973756,0.509052965518172,0.6940023327099136,-0.23110074641178235,0.22041462077017843,-2.2047434074419168,0.9730910964827886,0.908624176446956,0.33567313558873235,-0.7306259716271405,0.8642550541825833,0.7454186829441425,0.9901563626110641,0.04155682115004539,-0.2046881128476626,-0.6460302368170556,0.7204087276961599,-1.4449307721564113,0.3245630796535435,0.7380828331620425,0.8137526130861381,0.22571410515414045,-0.7144454011447042,-0.13055537005941742,-0.5648398864844584,1.3711628290041264,-0.18775196381002818,0.5388142893623304,0.0904632842662782,1.6884945548280017,2.0425448177858585,0.7271634539917333,-0.9939511666323289,-1.1011320371005895,-0.4731003628254116,-1.1686605406104373,1.1177127335109938,0.5188301837514756,-0.03667446563032861,-0.9619935187632305,-1.0955181409016879,-0.8268269194168976,-0.904391889078287,-0.014108043338236278,-0.07802875196704706,-0.015570546284956771,0.2532394998782189,0.006507386360971321,0.6573547955872185,1.1126238548473577,0.14744528416442845,1.2341236691898874,-0.3264678596434045,-1.8545025932507313,0.2371119204656168,1.9442443581372886,-0.09499807035420066,-1.1472258335145276,-1.928276739952083,-1.7114262070982207,-1.5715553003934257,-1.5197979336638132,-0.07592218057271527,-0.6361848047240259,-0.07337307270944246,-0.6311316138623818,0.38591065126252944,-0.6840700495313118,0.39222858166001046,-1.7172232449725415,-0.17013936411510347,-0.18964505115362384,0.19159527335401777,2.2492117013526016,1.1659363698695577,-0.3526684803425143,-0.7285764774793844,-0.05348927657628222,-1.5231714129547569,-0.0644671099545688,0.38756044002919565,0.5789714060576154,0.11522649374794786,0.14777986934292753,-0.40087664427560754,-0.3534134017098921,-2.8489866599315516,-1.3701082135104456
-2.68785346188758e-16,0.2219466730459508,1.901812435270374,-1.6159656731853003,-1.3328969263175465,0.16292623708864007,-0.8728829524586208,1.5541395500194506,0.4591649837183179,-0.17944337680080774,-0.23967565005657016,-0.04410099759886943,1.9888841646266635,-2.3228078258039293,1.8580708740103677,0.19187968778249573,-0.5912019628225156,-0.7818223018739532,-1.9992105376089242,-1.932777702880002,0.47524185568125815,-1.9003189195546857,-1.9138145014222878,-0.6920873911932256,-0.7880698917192969,-1.749131158370711,-0.4444663557750817,-0.8879851010244953,3.0409528217384123,0.6250324262847783,1.0443354780118657,-1.894572504543688,0.31822752531847726,0.7793612495811157,0.41679982031217744,-2.3849290372818874,-1.2578963867725892,-2.047835232536592,0.467582425835671,-2.494265847172154,1.538895141230163,1.1399742081128204,-0.8236175445968583,-1.6061189568225285,0.7312824733100034,1.935622275622759,3.041606738165325,1.3671717438553457,0.8950577335605827,-0.015407256539492606,0.9395025335670777,-1.3683429477506914,-1.7125150730703016,-0.008960672365103433,-1.1129452116900929,-1.1415743305050299,-0.40509185092092576,-1.1319087764700644,-1.0414942796338085,-0.023593265385291884,0.42078828270383706,-0.8643985041155995,0.025617554723938007,-0.3745607603008698,1.3292213980802317,0.8360073995231703,-0.5262858504926198,1.8250714149959315,1.1697276912646677,0.3858343087973107,-0.8393142942154799,1.676009636475527,0.5274312845182031,-0.40451029774675795,0.3794233120327152,1.0916473962081272,-0.8631419604549624,1.2085301882060269,0.5414154432118221,-1.7108157534437352,-1.9555251161937766,0.4821138983737381,-0.441230326578492,-0.6784220994512606,-1.5967783497568548,-0.17760401079609175,-0.34636649453150636,-0.14116941444225867,-0.14840840730157623,-1.635491103534262,-2.004255931235691,-0.5432930321669723,-0.43754264334582,1.299735344228019
-2.68785346188758e-16,1.193421364815837,2.128336332417128,-2.2708256991746962,-0.843605094280384,2.232244600421347,1.1359762556694057,0.4476709024907421,2.3256548826998586,-0.09411395385545814,-0.6144288156881331,1.8060127565713064,0.4090387427058157,-2.5792704549895875,2.725140690762295,-0.6440510153269924,-1.0175573303538392,-2.315113772242473,-1.685294362213315,-1.5921440987255344,0.6136439229231867,0.03562930806175771,-1.5273764986186533,-0.20919029299772648,-2.811144544196865,-0.39947520256513125,-0.4127195721849085,-0.7483382634802375,0.9622384166327261,2.2407908601878272,0.21964957150665387,0.5055919645828135,1.2056417701244182,0.1083323277362589,0.31867685130811263,-1.456800158917841,-0.9793313942505273,-1.1555901271091213,0.6124186019061291,-1.4421635457196458,-0.19361636762007406,-0.14094159189170202,-0.34453839412550025,-1.5427252780457614,1.1267062243643593,-0.10716894845482905,1.0759526547994305,2.527153541708772,-0.871727212047598,-0.3689756246013446,2.085390831756044,-1.4282563556206553,-0.01350968536667584,-0.21555658130401764,0.5234900119991687,0.6649372459146901,-0.9673392432215349,0.5717468375305184,-1.0517423935800214,1.2958687834723488,-1.8253980543250221,0.5227330886131064,3.3017335059205517,0.12811339683638778,0.7542021063604751,1.1411634990620803,1.0150269041832858,0.6897467099323907,-1.4474234269775634,0.5805755042988885,0.5522005854130648,1.440883166698344,1.5311308975774631,-1.1571773206097093,1.2499094353974953,0.016866659605904832,-3.4605905334174016,-3.011320972841001,-3.263596379095957,-0.2435145821510275,-0.9197817498644074,-1.916956552839242,-0.6523183617201661,-3.3430386243522388,-2.413770675180687,0.316071526504527,-2.6924700244579873,-0.24584535349958947,-0.07973921932248895,-1.560573418255752,-1.2928826872501231,-1.2331392249986382,1.3154801974036259,0.6975501282329043
-2.68785346188758e-16,-0.6842715771284804,1.8868496226597191,-1.397349750795199,-2.0189582397559955,0.5855741819291033,0.5426025197031542,2.2148572310491597,-0.7126309875980595,-0.15408089583320767,0.7620351663745797,-0.2580848653795551,2.15558776250075,-2.2612802074764766,-0.8915424872734693,0.41539856004537423,-0.9493860152265323,-0.911609083688881,0.31716397092497706,0.14062863369353998,0.5089490726512936,-0.6417686498966317,1.8412009383957604,0.27232955641180695,0.9051308661242325,-1.1163891635027974,-2.4737939859282956,0.9455212285919773,0.35505664238417856,0.9113237843233973,3.3216365823632525,-0.762277228571564,0.4396626687574203,2.068851760262644,0.2925118604614165,-0.485360633118432,-1.3543951170747073,-3.336805550738605,-0.29635404478481436,0.08941702033526677,0.2761485463760076,1.7253369742888656,-0.8523092236473526,-1.0011780713328189,-2.351333960905132,0.5284551569416618,0.5080784268416669,1.0691742797685573,0.7260385274212731,-0.2695967726070863,-0.7630045820858049,0.05488761328664271,-0.3015663264601347,-0.43845215076868677,0.3844520982508447,-0.6679692930220091,0.5856087738548348,-1.238685786206848,-0.5161115077899141,-0.42784982557813017,0.6309770239109973,0.17013413378378117,0.4761191010210729,-1.567074850203046,1.1444889048507083,0.3523618031883463,-0.22658830906778438,0.6690419438122891,0.23109829768266033,1.4802549856576424,-0.5781868145966099,0.26552129361087107,-0.400061272457897,-0.3407100582138242,1.093148886628998,0.11527128720679997,2.627941634570128,0.9108225081023007,1.6638215173795066,0.10347134368823524,-1.0522176959933014,1.0590378792817607,-0.20171704801072915,1.5999006262745943,-0.88308078148176,-0.07652156502197296,-0.3720562307777701,0.7401157352042564,-0.031872043374520403,-0.6441584838961549,-0.5650064012104367,-0.05121865004973236,-1.716755903825078,0.2615645254558211
-2.68785346188758e-16,0.027498197553604577,1.8073542357604913,-1.271991346054914,-0.6157830170673779,-0.1108073242770991,0.8673040851621717,0.93217552171593,1.912065537931084,0.40272186664889087,0.5367334457334977,2.447960211567366,0.5443684845244803,-0.9550510056887197,2.955346842768497,0.07430020837223271,-2.1126795473883235,-1.3388729340873466,-3.3549422045689306,-2.24969724299903,1.8467792355555532,-1.0674601615715065,-1.4529967729232625,0.0637002604591175,-2.161982520151061,-2.3373535441564797,-0.757811407495011,1.6362137593984574,1.2066947081482315,0.6784038839484621,-1.2537388840733523,-1.169390300509722,0.8481030623185731,1.7305770463098349,1.3957215141208994,-1.6902468684520984,-2.8029012035379397,-1.0418401123566563,0.8761385082416202,-0.7108029311633245,0.7588237949431536,0.7915114884682378,-0.13887485227567253,-0.24024862706154862,0.9398961287524256,1.3428323732827647,3.0129780612671153,0.487382708883203,0.17093219852452116,-0.3633725292882614,1.5939870113577348,-0.6586742005895108,-0.6018663857708093,-1.2677753053372889,1.3149447573683344,-0.4699790562228594,-0.18920920862278978,-0.6991843557472528,-0.5909238967017979,0.0785140428691993,0.47461445408124364,-0.3623636823637291,-1.2412611116633627,0.13476918378413583,0.3163838119311195,1.1413517604592234,0.9175650027081613,1.7298311233250208,-0.420374768825839,-0.26382929202579236,-0.6320160605059688,0.933111938819015,0.7887503556813156,0.03673843306808733,-0.897611289329665,-2.05852435162905,-0.8391412485789103,-0.6463116812798784,-2.074946322142223,1.2233812249344846,-0.13327368772377401,-0.23180664006754714,0.48386434468263473,-2.7036328807036716,-0.4695343234149517,-0.6134178501054703,-1.1585189115840053,1.4229844403132228,-1.4074865668451204,-1.5726911062403144,-0.8409993286252514,-1.5141083336706884,-1.1054127041328956,-0.16434497420599287
-2.68785346188758e-16,0.0014556187964889728,-4.1319222118761845,1.3448164798453033,-0.06550111249941792,3.555260840269634,-0.5052837788760695,2.1270405458562256,-0.2825877167585682,-0.5221486874596286,-0.6366850064826218,-1.4069309304304762,-0.8591749652518307,1.549730946674999,-0.8610684865990996,0.09025922658695824,1.7688751899047657,0.7537823782196418,1.0466674203238924,-0.7285160425679026,0.25384344566390643,1.8828308224329966,0.5961094120724434,0.8585063786706996,0.8293774369192917,1.1719935426433135,2.1041976696604516,-0.4877952419563129,-2.8112602454171602,-2.480340520140632,-2.064017058162478,-0.2623596047253435,-3.262598680694704,1.3338343287961048,-6.261835152063182,-1.9591522953980196,0.23815611255262975,2.2704993078452853,-2.6630513567310583,0.7770793575381105,0.6976912739677876,2.340576629775363,2.1523354835988484,0.7220028144899548,0.9875206753883614,-1.4921319004878502,0.27110999456982915,-0.002971016560722267,-1.5979518498055945,0.07447144406710403,-1.1658054437779006,0.4991018625015584,1.7991975964288054,0.7287094732467547,-1.1885694984848356,1.8269102968079147,0.1793745834931501,0.8936755365711564,1.9232018688255694,2.6381648709414725,-2.178455640128694,1.4258495634300326,2.090351171068358,2.493659477548389,-1.7485985980627472,0.6781708194317935,-1.2533083716831586,-0.30510920695827476,-2.0918196286106987,-0.4197382475906501,0.802489691189497,-0.8686891384021728,-1.1614520701869997,-0.18786122394741703,0.11995068638985192,-0.30854998337129835,2.2761602648027406,0.1926800699152894,-0.18077441635410368,1.9559318498682852,-0.36975698285155434,1.9654103775900755,0.18911837213391658,2.2445408570048175,-0.055937259553865304,-0.23616531321245265,0.8284919012658136,0.4125799168846026,-1.6751139490019924,2.0488386568400196,1.682274293168083,2.8005135966598393,0.29319085840610193,2.725508910649565
-2.68785346188758e-16,-0.36257888846310443,1.6205471088235108,-0.9961440345574735,0.13811510855240428,0.6556101565717062,1.2366643037926779,1.6062316243374986,1.6594687463031579,0.5073182768332525,0.7638792970172349,0.037793489371140576,0.0806419657844335,-1.631282361234672,1.6047965267130988,-0.2800540480726048,-1.0840884934688875,-1.2369017632937742,-0.7874372209596113,-1.869547541578475,-0.19513191069504418,-0.9242961295725844,-1.8789419473501725,-0.7854564351863407,-1.2454775010941614,-1.7283934296353498,-0.23389420439896197,-0.8712962121560262,2.0743877320910347,0.21850996249519217,0.05557022551774171,-0.16722367690856543,0.7886871547908202,0.03432384854079351,-1.1376795574337435,-0.17653755441800953,-2.0906347824369695,-1.5558845932696936,0.21150579811241194,-0.6483893236022245,-0.14475909121988673,1.2165878220418243,-1.4180469402896119,-1.0279280897734604,0.6649569342557686,1.2918140338997792,1.5710070010257302,0.17151973451689229,1.0767837540483465,-0.44604509550936766,0.5362134613891327,-0.3450364214022079,-0.31412358532607804,0.8491409944726006,0.13630854956654948,-0.6507054095951804,-0.47358805567214396,-0.1694079677164818,1.8242889620568705,1.1895312679032273,-0.7325917151864533,-0.2972550655958355,1.7406039975557892,-0.5514467432913268,-1.180362788136224,0.9918495532583751,1.4753668999929932,1.8817232451884658,-0.6435998910106097,0.0718419825531821,-0.2620621464977029,2.1561519208378495,1.7758840160440452,-0.380011780054442,-0.11452345373514661,-1.1586890370539136,0.24284599111302907,-0.7010065493258689,-1.377628134418337,-0.911172998854541,0.43282018922146975,-1.3002417074131118,0.3123583906424227,-1.0271685622241848,-1.2587685880675006,-0.027176275762143327,-1.4277076240625513,-0.18251387070407712,-2.0814815302113474,0.9397005779049322,-0.7477633982283751,-0.5138889909829776,0.1124855391481,-0.9717636175058122
-2.68785346188758e-16,0.011945023002516689,1.049623172981597,-1.4478995834286166,-2.5267827141317625,1.0373445865843858,1.1403708407729234,2.2804468867729177,0.7103723725740483,0.1797193873155104,0.0566354403231851,1.4406468489526478,0.6002001761377143,-2.5670456242051922,1.3268488385168191,-0.556709731138585,-0.5056569277717903,-1.5173869103219513,-0.6780623162104887,0.01173281601510745,0.358400950057897,-0.5362359698701414,0.22536732259088899,-0.8710942306761479,-0.38125276034815536,0.2212215459680617,-0.8693290152623848,-0.9604501494506138,1.335963470374172,2.4229458757623883,4.011732362528651,-0.23997903596943299,1.0838806850717488,2.217060649950942,1.432002295602348,0.17757123568101643,-2.185522530999959,-3.4361249202246533,0.4023957326436741,-1.9728401493201346,2.2603417373658528,1.0880776369143417,0.8183228170087039,-1.0943690148933318,-1.823707457549987,1.1303565137357738,0.4824240642441529,0.5024063484266466,1.3485322765805183,-0.5151375199029107,0.48468741997272663,-0.5859101535636629,0.2871963563291443,-0.42761056364752525,-0.4304686540494833,-0.9468734887978043,1.247433561807059,-0.25217903648420276,0.535472442884567,0.6890099646215961,-2.117410556040309,0.11569798691444344,1.8381137956843503,0.8047903348893238,2.0464677720892115,1.5755751029372753,1.3411430119603645,-0.15790230622603585,0.7013947884473091,0.35253093437254907,0.9733867807749852,0.909981511338672,0.20842835596149123,0.511220348423433,1.2151151062481558,-1.3853140436179492,-0.5817261167669374,1.9396942157118557,0.7558539839915558,-1.3488334891360763,-0.7973651619226506,0.013736377850199072,-0.34528564117242283,0.9368444476182584,-1.9945184530531357,-0.105647998446212,1.4303187149471444,0.14631785566986852,0.5767144834912037,0.492699396238821,1.223542058905222,-0.5672146644426069,0.35805421885479244,1.746859341105625
-2.68785346188758e-16,0.3570337075218995,2.1924710687073343,-2.015791002896311,-1.9199027433926223,-0.7812350426903135,0.24437998711451198,0.038442150751313686,0.7846195770645208,0.8113545777889593,-0.00019617735444450873,2.1359578315662358,2.7676055350564446,-2.735179351885569,4.189350966152336,-0.5666793653784563,-1.7411188860129605,-2.3893880330197783,-2.940169298138608,-2.5201849204376203,0.44172102763640897,-1.830380434318149,-2.668725186440612,1.0622222405423536,-2.284191811730123,-2.609885583184414,-1.9596690339011367,-0.9487179393488737,4.102853125962915,1.7521714995311897,1.4491906770985337,-3.369672637882605,-0.6708250057317892,2.225201010365188,-1.3710405979387592,-0.31686522005691486,-2.75556005480077,-2.0760850065941043,-0.32868880395784894,-1.368313217911381,0.8700882101247971,0.07467766172511148,-2.0391058606923194,-1.0344862476016599,1.5226949408592352,1.8019929451054904,0.7748474323979355,3.1407798106234295,0.9662090938846815,-0.5932288489415108,1.3411849331404855,-1.6339502367106693,-0.8480731154346937,-1.7327108087484175,1.1704894090148592,1.5081943337809376,1.3982765092200373,0.05100841203647927,1.1778511958165692,4.157768382583779,-1.410348932675259,1.045206195069869,3.1652636561852847,5.161229234037962,1.3211055070037923,1.3138864733730968,1.6826844025835612,1.3349134904995745,-1.3734951119668004,-0.4796221980948778,1.1432798494767613,0.4666597944851819,1.1724097307198296,-1.1816297887524483,-0.042092339960219605,-0.5598601248560464,-3.006563967559831,-0.6577236298087445,-1.691732819918477,-0.2641894514962183,-0.9551181371665003,-1.9982134915095173,0.21588149025225592,-0.9233828705467817,-2.584256845958986,0.19094548182684382,-0.6682922245150658,0.6959680172133923,-1.1786225283311529,0.027632544807190434,-2.024037569642142,-1.4688540550401874,-0.7066713967916898,-1.4767020209562185
-2.68785346188758e-16,0.7112296223195295,-0.3113366192368237,1.042712735839711,0.8069532748771417,0.615916139730277,1.0605472111243452,0.30555558316903075,-1.1811278806164043,0.21921388911036,0.6151810982545859,-0.04379076126230397,-0.3249924964507753,0.5090200871162519,2.1321796300486633,-0.0995722680687442,0.46339906945351506,0.43401473910479527,0.1271316021471859,0.3826246410366886,-0.2715541169058242,2.6128885075003323,1.3752842223253388,-0.672750838981972,0.4396803792509605,-0.7761501681895119,-0.0364565753616477,-0.6782608977610566,0.4523413150787994,0.21174120200835206,1.5392663211124273,0.2607914733382419,0.6156374948177428,0.7294536956683129,0.4535914324896857,-1.5103196358274433,-0.33753827936215003,0.7733167714320572,1.8483665238587443,-0.31829892026157236,0.31288129988332436,-0.06126101250632221,0.835712538716135,0.9022272329389285,-1.0926123067256628,0.13267543649933494,-1.5678893266952505,-0.40470860710865375,-0.19630381795649576,-0.2730713216786027,0.5150490212133364,0.1700408607462849,1.057871250574164,0.12075018230691166,-0.9621239520982406,-1.3353068229932445,-0.17376781564828436,-0.03159676871707928,0.4445087192200447,0.10513629129186663,1.1650283311469098,0.051050915737781755,-1.5461253954859207,0.06821787128792356,-1.5602502170161539,-0.3168467050398088,-0.5502996951595293,-0.6221498168081507,0.36690743912702883,1.032051713789185,-1.7537623852338773,-0.5570136505109406,-2.3262230014052596,-1.0574194240508168,0.4018322974503625,0.8158428530808858,0.2083740470197073,0.5495262965563171,0.07040651366395281,0.9526242200376684,1.9219964983405338,0.12688279574687256,-0.5445728918459192,0.8621630989818934,0.118578605347748,0.4220729755238921,-0.1610325163464724,0.0840416959351835,0.7745391793820572,3.7971408439129855,0.6570438095960547,0.658988111268351,-0.8847165277731418,1.7557842455496573
-2.68785346188758e-16,0.13349982542657446,2.6260335263387113,-0.6242894839147257,0.24115327767417183,-2.4776403137009786,-0.3759680417174982,-0.20352362218985978,1.213604162589246,-0.7598222305941085,0.9293664370174605,3.0652075934913627,1.4249784348426018,-1.6408515748437285,1.0738713357638279,-0.9385766593868508,-0.9604324037890813,-0.45532440786377315,-2.545747883747381,-1.4934855824840176,0.5415014933574744,-0.7398568672184909,-1.468554169919795,0.04158166946566238,-1.9531327948279966,-0.4367730201107779,-1.49435886023244,0.010283001919076069,0.9482284079045613,1.4804524627011246,1.4198921209738384,-2.2764186283846835,-0.020543137407169162,1.1268508132498318,0.5921654024425425,0.45976515882330604,-2.6990548659490954,-1.480482621774152,0.5358742882597397,0.3429764854005697,1.730752634253447,-2.1184263637224614,-0.4915147584885128,-0.19179133905531118,1.551944246580399,2.8447604428083766,1.2776870691530449,1.4230034176835,-0.30403099332762284,0.1998718704772088,0.4365495888514068,-2.3023771935699,-0.09117417748966616,-0.36554181872925146,-0.028455108430955993,0.10879615453121805,0.16939703051829264,-0.48616722165302206,0.1664543161005843,2.784371110057691,-1.7935283588638362,0.9670108749826609,2.31583693174072,0.9429732821872276,-0.5056517436286837,1.5003589036215763,-0.40523475223362126,0.9187943455705229,-1.1724682729006988,-0.13050866081813867,-0.48310428288291063,1.2967841713906845,0.9655465872436987,-0.4710476171977508,-0.007343800405040234,-0.9208187545950584,-1.6768903461972047,-0.013538263197127254,-2.881212648274546,1.5608468785498157,1.3134749239958157,-1.5960561850583024,0.3984930749810063,-2.693486315622873,-1.6641671938478562,0.33099564118913677,-1.6520853126897845,-0.646279258739121,-1.1746001485074333,0.495936245285743,1.5529457191990474,-0.9421667471608166,0.563439273836098,0.47373983613368376
-2.68785346188758e-16,-0.1939496111112781,0.01638316245934357,0.08804076387284632,-0.6339502973004594,-0.8145983290783709,1.3946873545276794,-0.0981509709388853,-0.34117293869214704,-0.9400999863244835,0.03789550390300398,0.9406189750494104,0.9991328163209101,-0.6188674973482015,0.020572907493695114,-0.09390988155540814,0.13456930954227192,-0.9621083936864068,0.0779418986953182,1.2146745292803034,0.015189261294525426,-1.0537426123362859,0.952919509519327,0.33206466946942637,0.8030450714531701,-0.17522014648744821,-1.3020003050395015,-0.8433491224800757,0.4413641008221597,1.9950002334484696,-0.40313040270849454,1.0782040417720913,0.21695180638283668,1.1825045387406785,0.49831562828646314,2.5543891387493263,1.4363624288216192,-0.9015878830872907,0.41718201675802213,-0.8542810485108898,1.3653455224211801,0.5042848172337272,-0.23570954643702485,1.0426005128778766,-1.5924018890066547,-1.4290633415734646,-0.15611009330516404,0.5431194775033333,1.077512295242889,-0.3658340074616549,0.6690851534764998,0.8986583249373447,0.49441799638191225,0.6412602735535524,0.23325138329938305,-1.7079798444397705,-1.5365831180133516,-1.2666429106236103,-0.3950533924888871,1.1193953121818179,0.6229966450870893,-1.144478636407393,0.7077740109116336,-0.3302055107718479,-0.29226747453996216,0.7920750345107405,-0.07742331858837781,-1.532629456175216,-1.3844018821461546,-0.13424722778258857,0.9908820768321285,2.4239876525674573,0.35061774625106795,-0.12823257163170743,1.2482168040301849,-0.2615483972619821,2.1333633911634147,-0.7076688477418185,0.059597027990022096,-2.528988509529139,-2.016627569296234,-1.4514188821757625,0.1958319612632785,-0.806468102021306,-1.763887614403476,0.8129995341957993,-0.11811691469622176,-0.022943605827248328,0.938434684263105,-1.9299493819248354,-1.6465243137443615,1.7370792985751713,1.8339067462488217,0.07447468970231974
-2.68785346188758e-16,-0.6755742948504704,0.5667265404371802,-0.6241235556520497,2.150686453204082,-1.4932350491662125,0.17836072963789149,0.42968762289588613,1.0607880380207937,0.8570309967916939,-0.037733090955687436,0.18055716582812043,0.4593989443108688,0.24697679068824727,0.3379892430790318,-0.04489159712479244,-0.7589114983677008,-0.861611781316951,-0.3317363224522686,-0.344890287890263,-0.6024057948217371,0.8959702762477977,-1.1140990130280777,0.31534953433813345,-0.9342298432331413,-1.4388075252103505,0.590965521646156,0.5094713252949302,1.4080484925965033,-0.3463089318072853,0.18198523629944235,-0.637670199632479,1.4342706821001865,0.38097481178735526,0.24522605359098815,-0.6481989855047499,-1.7146575930679686,1.1386241543667215,-0.43821474665559085,0.20462327008969133,-0.2071230044897949,0.33959056553441075,-0.43548392014132586,-1.5712554058463484,-0.02594793716652488,-0.173224123853438,0.9958447585020275,0.8024639785428345,1.4115780283744441,-0.12365197663625119,1.9609954616183214,-1.3515477827139595,0.8540997698568904,-0.2147961965590442,1.8092875459485076,0.5153445613736056,-0.059800175672146225,2.1380265544633077,1.9248541154188394,1.1651562017363397,-1.902846672019156,-0.1512626818794771,2.3176938133270575,2.685535951611535,1.4473542160003365,1.0018696000782323,1.2564228677679914,-0.3956468114474926,2.4347055223020995,-1.4358855855363275,0.9130576270846622,1.2837341012742973,0.9149807123140747,-1.219919052707511,-0.9638926572806006,-0.058790850890877516,0.9591854421166152,0.8235152026559044,-0.6497185254413688,0.7749160685832754,0.8347386476938217,0.33913131396870555,-0.22970784330794095,0.20978243714806472,-0.5065751062662089,-0.09352077476858814,-0.5351165460422567,0.930216581065617,-0.35712780919422266,0.9588231153824387,-0.4672753883665243,1.4331942964370392,-2.877129952881779,-0.26025775695322034
-2.68785346188758e-16,-0.270519672742302,0.3260823442480075,0.5410331872510883,2.100746639071065,-3.015765003489728,-1.009196937885161,-1.783880243465811,0.23251601693983626,0.059897357100743454,-0.05693651004445279,-1.8766551926270556,1.011354662271062,1.0121501937461266,-1.0067158900426145,1.2360979132871155,1.1003746032570154,1.1776729614958725,-1.0181614268576196,-1.29901268527545,0.17143824049428227,-0.21456029732926704,0.1010541952817254,-0.03943117650405015,-0.31465786427611286,-0.8498046276750588,-1.3120294761383582,0.5749503567986627,-1.3651720385009944,-0.7159581899239269,-1.0808587546616706,0.6996460415483269,1.2660656735371112,-1.3520640356700666,0.46611826115742816,-1.4888060172662108,-0.8486258654423364,0.94961585963256,0.5572641227627622,-1.1154449117125773,-1.6379635316437033,-1.7638236107995442,-0.5707697792801526,0.5389409582871852,0.3260340126049043,-0.22272097474199282,0.567753653576849,0.4022249283855903,-0.9495369030525758,-0.31352641530097525,-0.7377837231144838,-0.21284545130937438,1.1017687831102112,-0.38980365092487046,0.13249209479079765,0.6687815421248734,1.202977812989408,1.1432010525081688,-0.04818038122819118,0.3341966840528072,1.375568912537658,-0.4695442256474639,-0.9952153011501894,-1.2293776414111688,-0.2684993680196852,-2.5172671020994946,-0.9548451054662965,-2.7123843796123226,0.09270136548401109,0.1579824544541815,1.4815805543512146,-0.34774162945321413,0.12593015778386216,-1.8809625107315573,0.7658961597897361,-1.3258176028456425,-0.8812581460485291,-0.5367582843210819,-0.23994133384452282,-0.04136511673166798,-1.2011956496672722,-1.3722267625679925,0.24701766294641092,1.4284501216481111,-0.5138250132485267,0.30346962268755756,2.609450941867516,-0.6119710459883165,-0.01489505480875003,-2.513338941873884,-1.6618615563738084,0.4262566626135913,-0.4761371793424719,-2.4443394708883996
-2.68785346188758e-16,-0.5132356385591502,-1.0308124148007487,0.3797542096637392,-0.543456431434375,-1.3266718949404777,-0.7520305987826846,-2.09513619804352,-0.0012788817438634803,-0.9274716002942094,0.06522927155274452,-0.6902626057282276,-0.3092911882612017,0.802867110821107,-2.2109574863938906,0.2455207656356142,0.7215089764922682,-0.6665565256277545,0.45994503543852017,0.18990092497289812,0.673752801874291,-0.7413756346123925,2.1806762886524376,1.6375460971498106,1.3403060534524933,0.2164155012189653,0.2705477533228044,-0.6966911718346741,-0.4969256163122228,-2.809050415015296,-0.9344058444747116,0.32778906661849827,-0.6454194848186062,-0.4925784765150348,0.6880184882686852,-0.9929453291697626,1.1855077746339981,0.19813790837678097,0.05161738680603162,-0.2402492420487176,-0.8750860419401805,-0.8630865271929336,0.6268964921020217,-0.02430281965805521,-1.8697869842281762,-2.016755165260335,-1.3898866317982943,-0.8501422212463999,1.5631365539565052,-0.5667881445562065,-1.9367362956444625,1.7808348569711423,0.13268625756949962,0.48910743871488366,-0.4670813887335402,-0.6597953355512618,-0.6652694698434589,-0.12536362382416533,-0.22856447714864403,-2.532425284704829,1.2790343684296606,-1.604390040590998,-3.0847084807666834,-1.2699147111509297,-0.4366531455307572,-2.878570590363088,-0.35559594426264685,-1.1842757406083426,-1.435975306966081,-1.3060401946075273,-0.6854299593784905,-1.1863178140886435,-0.23975251917996865,0.12662198868686636,-0.5147339882878754,0.6022764824050724,0.6729625942379429,-1.49028943138011,-0.012259891188519695,2.7670776581573135,-0.8276828903044336,-0.9748411044188158,-0.23874953672205185,0.8243622354152111,1.0190909578457512,0.5564927357150565,-0.9102853667345765,-0.5491958996223304,0.46745919580122075,0.7166722389528093,0.2335263559085255,-0.3315927911238969,-0.16870829360943207,-0.5738453919826862
-2.68785346188758e-16,0.06108817910079472,-0.282614673272237,0.4058565194772603,0.36738649797714573,-3.4264681761892737,-0.4266625306913721,-0.6294790730771632,-0.31578131254305425,-0.5243170310619224,0.29553743831128165,0.294732967590399,-0.3527974424315913,0.31323949967410447,-0.286502049141951,0.29974387348863046,0.055881641070446963,-0.7696584543905904,-1.2122392587685873,-0.4012179009996818,-0.20058538069782292,1.2874867599647044,-0.5003573443129536,0.811999039064704,-0.22796630628866443,-0.21724368241622646,0.5763224873986549,-0.17683318937658307,-0.027958738650066036,-1.4978842467601154,-1.2239433727226594,0.31988404614993166,1.060956971866066,-0.5073647992590764,0.722387234394934,0.8529142338962834,0.17535455281212442,1.2427827398598392,0.8055457411321161,0.13828212753829616,-0.2535016818879473,-0.9102053144195403,-0.5684709007969913,-1.9514547975875698,-1.2675787677038461,-1.1328493445409664,-0.22559774573374355,0.10721632065833096,1.0405426118508525,2.3693994471701707,0.19955365059490177,-0.33654165302771694,0.5501442553026272,-0.02726022099760188,0.5783484630743349,0.42422436776094646,1.5786031551234367,1.1050970942117728,-0.4280983850069169,2.457307553600388,-1.3580598171463922,1.3050623745003143,0.6306639275572227,0.4705726714896077,-1.0630605668028479,1.5375764093053306,-0.8980900746555274,-0.12079763582013947,-0.8951866263127617,0.7737872805800942,1.3915162397832495,1.066364436378002,0.4668127555101209,1.0890984083055884,0.1056104093501315,-0.01157142768371007,0.5134093739012195,2.861693959201744,0.5245055917222734,1.7373773682166251,-0.6667142762448153,-0.19964826064902205,-0.21860723216996672,1.0917678434649467,-0.7294711181516145,0.08182583056370307,1.5352154897248977,0.03478534995098332,0.33635730708646006,-0.7847840342849959,0.4576533849708461,1.084066496933181,0.49856751289033907,-0.8048566804305187
-2.68785346188758e-16,1.454117928369894,-0.17057071143451386,-0.6021332818381385,-1.4009021203309353,1.933649369604447,-0.4362380073300606,-0.396862391290691,1.2413383140009424,-0.4526053230241322,0.9928994790699854,-0.0348021742106428,-0.02513625605424022,0.29186556889027215,-1.1171401946305095,-0.21805354446293101,-0.169162335204783,-0.27267291647003933,-1.3923221558860763,-0.15848027361140252,0.08344433464827884,-1.1110864219673626,-0.8947164824839133,0.03481567285929757,-1.6774604412548513,-0.11930923998879839,-1.5673328551903742,-0.6667703084257153,1.2896493568463767,1.5861939999122125,-0.9017675169269327,0.464041983757774,0.3149276487071108,0.7549212804677514,2.4610048328279115,0.12257655255691002,0.20848491448038853,-0.47669923666607616,1.4146699934669655,0.015395306750819404,1.4334509574588925,1.3342362918520334,0.7672953960928752,1.2829919517634132,-1.183542041751668,-0.9286137885675062,2.1012098937450063,1.230138760988187,-1.3470260592519687,-0.6418316033177293,1.683775868723652,-0.8940949194622225,0.11118709920449413,0.6512020669346672,-0.4478962589315814,-0.35905432905904044,1.8501491741527627,-0.27015617190079055,-1.601852762945424,-0.8339297599161555,0.7622182605800215,1.6309416507686538,-1.5831299122047517,-0.8249971028616138,-1.5683406024923818,-0.4511741920935462,-0.36054253693153293,-0.43897129503875604,-0.44664851037111925,0.16046040718423626,0.4941078144360575,0.7080732229634503,0.00942574607914759,0.6279244355776925,1.0224616949679606,-0.6072954271087248,-1.1867339202951916,-2.174624097078481,-1.4964530860699088,2.7301907908380914,1.0166484913551963,-1.5726303136211237,0.2612536105406586,-1.1297258531017125,0.9100105836446467,0.12422357660657032,-1.1864211671776232,0.23985853387399936,-1.542757556232799,0.07593864459056537,-0.31578875171229803,-1.489366054988859,-0.7387932118928842,-0.7259464839926134
-2.68785346188758e-16,0.31579478564108204,0.13351390626659188,-0.8457591286131804,-0.9084483650437767,0.3317963261283766,0.46947713856225537,-1.3268608399796962,0.6876373198193868,0.24975975692566035,-0.028174550972823453,-0.4348554250277657,1.2395160320571252,0.41311537706396334,-1.560345627921404,0.20320526386270285,-0.7455006711174709,-0.30485618418273214,1.2745721574065052,0.7657490690163995,-0.19971020784811291,-1.953180796063862,1.0154781112500744,-0.6804937689083889,0.5609979360760451,0.8034971605159266,-0.9039169304355075,-0.5323599342575782,-0.2962735396396946,2.4157241285009485,2.124095781005877,0.06314361092169567,0.49689623498004176,-1.5272361133189765,-0.5767783288643411,1.9923602971840055,0.14811429017606464,0.0340504528573668,1.739050022435725,-0.2295379317300237,1.1009086164804924,-0.11582551142023634,-0.10474976083262694,1.0406513398178534,-0.5072528812207853,0.5224393909229581,-1.252055696863534,-0.2294396795301597,0.934885831539229,0.5883152015110924,-1.0933617148214005,0.8815633889926783,1.5534203042085655,0.07462756362467213,0.6163643074714957,-0.9221577876330224,0.08804689988979095,-1.1280864204501821,-1.2223450783550793,-2.1216020535651765,0.349072573018936,-1.4031656428824277,1.90321204228896,-2.537097674298158,-0.7546688270317362,1.4986991881149967,-0.28973887612614935,0.38013615998864186,2.0746166155962475,-1.13774268412197,0.2308839504953713,-0.2825883450083095,-0.3040165629926898,1.3072729504750256,0.5697292694986215,-1.7158347853669893,2.9460150550918787,-1.7974723459539352,1.55642562627448,-0.14906379890546964,-0.5133342904906456,2.2344407035635636,-0.0032821266677354457,0.49268975670051446,0.9951722985293677,-0.29694897285000016,-0.3086484456125263,-1.0570648695497677,-1.2898223147845673,-0.30383238746343283,1.4671815354885411,0.8891091665338365,0.789008242093456,1.2036372993481983
-1.3046031469419848,1.5938168096191352,1.130609453699703,0.014190827973747655,0.6803673467280862,-0.3972954489120669,-0.42197860243677043,0.08678505998684811,1.2209873599879981,-0.5240496202275264,1.6165947068974784,0.4613830674858568,-0.2791346164793418,-1.4286402525457604,-1.2707915035054955,0.9758026996489597,0.35541683477066266,0.45693233536496924,-0.14309933305486638,-0.6658693211506397,0.6852722849887305,-0.7412455087101789,-0.3483085121899249,-1.0618335986724508,-0.9400890146227715,-1.2082643735265157,-0.4814210442003537,1.4159277644884916,0.0047643146950637205,0.5774906489058007,2.1331118989748417,0.5800264078458484,0.7563315264935895,0.7724198781880226,2.1170334088167597,0.6318339076912691,0.5159126001770986,-0.04856937922674853,0.7243033740640543,-1.1719032003171086,0.4509773291557777,1.4152400594271524,-0.557523233855944,0.27207022569626965,0.4976165938914938,0.602361688049098,-0.6063912471090659,0.5006000908886185,-0.3595745712208126,-0.8065565481159758,-0.36876173137866064,-0.01732016162014341,-2.770624712058769,-1.0596396388393634,-1.364565142033021,0.2842125784473428,-3.1530672855643003,-0.8675618375457499,-0.6172303922139836,-1.4889951127722307,0.6721422640152245,1.3271805259262595,-1.0658054954558678,-0.3606128254653491,-1.5691610554799433,0.28797411372359843,-1.8243827007862776,0.5833081559449631,-0.6891151376818674,-0.567828252103011,-0.1586114964359714,-0.829244165660548,-0.682799505636791,-0.4102248426287833,-1.4153290930644016,-0.7888299378844497,-1.840441936791815,0.7298530611983342,0.1086955409729338,1.1411134524253168,0.060657722468732356,1.0442390249786402,-0.19635366587977313,0.31660537022643764,1.0432864803514397,-0.5289390493308619,-0.8227378695798422,-1.8951972868881393,0.36417841694044095,-0.8082521472536397,1.2250408592347997,-0.890008718455875,-0.7855414062122357,-1.2611602370928945
2.9606592312046325,-3.774501882424277,-3.5930954342241455,1.5504751219794268,-1.1270553358953825,0.09157246242721406,-0.31659265402677206,-0.8945487990165168,1.0961691021973246,0.41623722674615643,1.3238868379428963,1.4756963782769987,-1.4314425602981413,2.840142223867942,-0.29806867139676574,-3.1858475736354794,2.740013822795312,2.688018586307188,1.554662946344351,1.3636931703343693,1.9003879736254952,0.7268503498847725,0.9646756489598421,0.06638008733530776,0.18649956881126675,0.03048330007284905,0.9742200274637463,-2.627268882532184,-1.673402422469583,-3.963828213895916,-1.88257536141556,0.10546608551274694,-1.0462999737819818,-2.2909115416879864,-1.062728714541434,-0.2526632580713579,-0.4841351201862476,0.7691204985315255,-1.4310448364839927,1.5939788855295087,-2.4370129865897745,-0.9202772008842075,1.6590373131648988,0.8174075555317227,0.5015117940017124,0.6395725356359021,-0.017454899203785956,-2.3064814291205633,0.36916130203283215,0.7271295482529366,-1.8335641100140534,0.24911117688439577,-0.8284420214312158,-0.19332761766384063,0.4036127767464258,0.255571704239021,-0.33853053764716745,0.45865994720392034,0.44154048747667407,-0.5586563560457221,0.4872112060410273,-0.020097294406383637,0.08002334924563642,1.2086401077870552,-2.2527944789498817,-0.5286886163781712,-3.378042350084401,-1.4116896531805474,-2.2758897380105405,-2.682254569161927,-0.5538077887314466,-1.8796091352869417,0.028899425661430778,0.7830978882815426,3.620865912687988,-0.12497275393842555,-0.16086345445856876,0.767580912154741,1.6471706979233773,0.2840486526182196,1.3364164294316991,0.16647635483666373,0.09943900459501666,1.8559840473038207,3.3592346133085025,-0.6925375580091129,0.8453059573283238,-0.3905242998877668,0.8011771631257322,1.0388361643918478,0.6437720838049705,0.7508486277582356,-0.2420245088115502,-1.170603436346884
-1.9091060524741272,1.516787353188865,-0.3997165736629758,-0.5665224311148773,-1.3667413665153614,0.41351237512174877,-0.036626686234777384,-0.24680835495214337,-0.9384651693201275,-1.6627930557681618,2.071390989862456,1.4622247857868806,0.2181106220816551,0.5345991677945026,-0.8827961336608409,2.3123482213596693,-0.4833787469070513,-0.932082282732136,0.2861873094077947,1.3894474943675494,-0.6365080864450339,-0.6750999850845764,-1.0328719732841314,2.8681586551544274,0.28017069929456384,1.2262648044614346,-0.30927249119896666,0.9525344044131219,0.2379370491983589,-0.7807337594067265,0.6724663121215666,1.248487142327058,0.9306739235231068,1.321751983866096,-0.883725771951511,-0.0622217155917385,3.269752966477996,-1.2679627962632738,-0.29592783462037897,-0.018565109855922524,1.10842578132272,1.9299555963430612,-0.834195609262247,1.6371318108822763,0.5460492365015542,0.5641302051464744,2.0053290995490047,0.8801722564267398,-0.36474199283227715,-1.4265855433942003,0.25892529077558724,0.28371778556998634,-0.9995996643944011,1.279511947302849,-0.8562115431536306,-0.602011639187266,0.9961363369583938,-1.5380999131938595,-1.2835346401107777,1.182844736629547,-0.049205334813432006,0.6173705740581207,-0.5607766851300934,-1.8232331705713865,-0.39561070922911473,-0.8135304532834293,-0.114088020132736,1.165242623660133,0.719698323846393,0.31304187234285935,-1.4219913456078057,-0.6891776733714314,-0.16359546735096414,-0.8441643431614154,-0.7091279867079952,-0.9171132025718942,0.4981991640496728,0.2583453845634194,0.5370421523329666,-0.4722910565730147,-0.408071597402583,0.8937974396101923,-0.12279234466725993,1.3866655379092814,-1.4065512730427872,-0.5466419774404976,-0.1077329347821232,0.3474957033375334,-0.2348846892952783,-0.5094953197991274,0.42231186978026314,-1.1199586995346338,-1.181537268900538,0.41079268494015503
0.053514471167785,-1.054956483114808,0.26868738544056064,1.0714109413754622,-0.40088514895312455,1.300461951861274,0.9639746510907651,1.6596638026983843,0.3902599730665193,0.73220204644089,1.0166814769897803,-0.2280402675708615,-0.859794806603211,1.6201262084892751,-1.0259943745162212,2.8995929316032063,0.057531772696554476,0.4575650350684587,1.6025660488527944,2.5247931980492737,-0.3253550782797565,-0.630375554565897,1.3269112905389238,1.4042695151151263,0.746768079353634,1.3886134629051843,0.3816795940254797,0.8439201827265621,0.7163361732362314,0.39693143412389503,-0.5682146273954019,0.18714942023951714,-1.2908430272675437,-0.42391762233211605,0.3895758507966729,0.362802624192057,2.022994296938298,1.4283860190590902,2.517220835412758,-0.4881595069157231,-0.5838642953865312,1.8908664574361467,0.8177308638852984,0.6178971691871921,-0.3490540544092573,0.6304591647630657,1.3304416302275879,-0.028361849659860307,1.9458573544976043,-0.06668737134637867,-1.6738315673909538,0.21388785295764878,0.34481031615440305,3.188536510446127,-0.33760583047958426,1.2316725745578616,-1.4584697481421944,0.8641406094903855,-1.2990653951854165,-1.1516855493960803,0.007460262341057428,1.9781054231256303,-0.3128431819660127,-0.426085665117191,0.605679163733658,0.2104148384063703,1.0625050159397282,-1.4862773347676033,0.5872952498142294,0.00642210464441384,-1.4942566251316227,0.9126953253862904,-0.5897411760058968,0.7262421137945305,-0.5408649340062935,0.7430679211351991,-0.6314498625796952,-1.9959559141772223,-0.224495502928302,-1.6202214699812263,-0.5770375778927332,-0.4195476083818606,0.5110053769582215,-0.8598568382795349,0.30324878139964745,-0.43797571265662455,-1.5889127043972404,0.9667917522432894,-0.28555245513876065,-1.6442514602864606,-1.3311082098456757,-0.5389311226249521,-0.8533229553773672,0.7693336593826325
-1.1461082786843886,2.4220706397221123,0.09770198156621873,-1.3454616844684848,-0.6445149967366472,1.1846827531402377,-0.17657515433779913,0.2864309047907324,-1.2065831700094427,0.7770802053323751,1.400721646954986,1.3526237619860333,0.1659044349716854,0.10848551825109012,0.1615796582012768,-1.9538983857531942,-0.15239330879337032,0.22793826808685314,-0.21649185175836616,2.485190299251972,-0.04309985269838851,-1.320526828471852,1.0227052033278532,1.5007800103851128,0.17555686570596263,1.4005157679022622,-0.851123215319654,1.7856276042546366,0.6603768713483652,-0.8512262825730421,0.1970689326143859,-0.5016291380890666,0.1641840350554976,-0.11708038547956659,-0.3332399990023406,1.2457001242138943,1.3062305465426256,-0.30481596153624696,-0.48142028366836687,0.055275234926569806,-0.9227552624121211,0.4617418221671231,-0.3250018613518965,0.7221290075226967,-0.7765822013318942,0.1568837734282362,1.4151403684862434,0.5736512534963466,-0.33610584323357384,0.800608667845271,-0.06629389663189555,-0.516235696981008,-0.7678769390650118,-0.8489149746678333,-0.9278873447565972,-1.673460794087799,-0.2552497470724259,0.918364208679198,-1.788442844337569,-0.10917775543336389,0.13661679828891882,0.251678327597045,-0.7077584102219971,-1.0500677082832786,0.9891203346687728,0.5745727331122668,-0.30146883913378664,0.37247180400116453,1.634067827585943,0.8446708409053301,-1.3933096367063305,0.3891789768339802,-0.12449881986362515,1.0963149991100276,0.6834458399709795,-0.1572505642479637,-0.3064440592259502,-0.18737197954253682,0.7306884513459422,-0.7238586146573336,-0.6656853956529302,0.08997504948993021,0.31498211551175437,-0.2164743613272525,0.5196348517504417,-1.300293321016772,0.48132545281956696,1.0576126640426793,-0.8426641061936664,0.06466588620942548,-0.9124944142655111,-0.9345078199297299,-1.2491158476366195,-0.17474205082689598
2.7555112061338565,-3.5867531845101492,-0.37507186262553116,1.2700254830943563,-1.8004380262903723,0.3516518190351341,0.8542238956722245,-1.854804717591751,-1.6436349706103357,-0.3649555835590465,-1.902680033380804,-3.5754691709536135,-0.16580658577677368,1.3698983514151835,1.067218541306327,-1.2329123667124768,1.0314318666062992,1.3576673033050148,0.2336850713412959,-1.2851608398972465,-0.22273474723548853,0.7099590190857998,-2.8687777894319133,-1.014963666478704,0.19362916487075232,0.8769725383568534,0.5954157433847782,-3.5137551800442246,-2.333161098633818,0.6910630391307031,-0.214188946899166,-0.892997701155403,-1.227898552812346,-3.3654927511412955,-2.007465924160815,1.4310347138955026,-0.8771492910114203,1.0457130384182958,-1.7938778055988214,0.6553991093846996,-3.083785976618367,-1.0646775657685659,0.2869810091902303,-0.11317363648755861,-0.022389806808769314,-0.09522928967730782,0.21245732024611108,-2.1327156314847553,0.27268933971436354,0.4504715610403421,-1.5846335342863513,-1.1584893605084945,0.1659649538245055,-1.7785582053789293,-1.208946040107836,0.48111667168604483,-1.657542972207798,-0.25437348372959834,-0.39933000215525216,-1.0063454913262657,0.8837531843499931,0.19631015764320522,0.08348129914636604,0.5211456070091726,-0.6454425339678016,-0.5149901420030449,-2.1591055124138476,-0.312073827295097,-1.3668359694563734,-0.3190671426380939,-0.777390615344569,-0.835152963967367,-0.19149381557424494,1.3922171935837397,0.6715331404090727,0.3107891756828274,0.3806834486343136,1.3984667002537141,0.8765445375815188,0.7753815605074501,-0.2538489443868263,0.13780637095654497,-2.104699360272089,0.48651581770923535,2.755372231245945,-2.517522559428453,-0.7558637251689737,-2.4209789891203273,-0.6498836378551404,1.0614204519428585,0.2849579234987969,-1.3030632599826681,1.627462084002335,-1.5988181241100166
0.1364598332881906,-0.17165889053578898,0.47468472060638256,1.1421724460183926,-1.7544847012905835,2.728932697060455,1.7694822942798123,1.4795958481236733,-2.8629609565277923,0.2886735902027999,1.9912346153604328,0.5486170600767528,0.3325874336606325,-0.8825503535707131,-1.3635055813654127,-0.9210125900852905,1.2264101341798481,1.2540743509289534,1.6434694163988117,-0.4637068884432681,1.456830809588849,-0.9153343313666344,0.4760507659229754,0.41288267423396374,0.628886537118323,-1.653060900668871,-1.1480342752335553,-0.08687354293030436,-1.8095563658341451,-0.8161026871598754,-0.3550667909213991,-1.2043440788755688,-1.586946778285098,0.18031813379621653,-1.5355371829468711,-0.5384081266703251,1.972150468621144,-0.10894466545313862,-0.507583873854187,1.4863676679627886,-1.3904882510276977,1.1422924101393592,0.7212868670728945,1.5169343581431058,2.13680967304228,3.0471150101230156,-1.5162107226703925,0.2590485707807402,-0.5886927427795176,1.9082466325982501,1.1079834987492205,0.12937216888022351,1.7905742405944736,0.9903325191513895,-0.07314038889027719,-0.033734191448866246,-0.36765419559866935,-0.3326361647206598,-0.8067232058352454,-1.7278699098656358,0.7373588246093387,0.26764827901142574,-2.642515108297871,-1.6809098510452098,1.6857090741247096,-0.3757355999999247,-0.19941287871829366,2.4491502465222434,0.24622815656291752,-1.5496227858640552,-2.163013135156894,-1.8634488065168937,1.1115885857228625,0.2596038873579769,2.5582596073459554,0.409952291401294,0.17235938204736004,1.9982116687443372,1.0044303055479953,-0.9876812468293034,-0.6726086148764844,0.2697341758164555,0.7111816751179819,0.9588170218269301,1.237475948512667,0.5775430955170279,2.2306715156806196,2.8932763050247257,-0.1282494463703933,-0.1930906239063921,3.1463915769277264,3.6461099817763283,-0.5714932003734992,-0.6266964632357259
-0.8414769289222834,-0.2339250035626981,0.13476559688912285,1.1421196731221979,-1.0238008499503184,0.4341253956439277,1.2401831105792882,1.320726719213949,-2.297697819727075,-0.3757118957084594,1.2728921105654485,0.5959669934970513,0.5160771428526743,0.7211017897384475,0.9475851589881602,-0.3366682831107283,-0.27555836278336293,0.07894976246883616,2.5440829853372655,0.42628090493008597,0.6437009281542846,1.077706975231256,-1.070786958293037,0.701177706645919,0.1817843611014353,-1.8267390216863202,0.7598284806836488,1.3696568769147706,0.5131580508921572,0.805554381254849,0.6964034968551505,-0.15970025996727166,-0.6287982827849485,0.0852337900464063,-0.3367610144062355,1.6803070374817153,0.40112839504453557,-0.139908988843078,-0.4263587930263715,0.8700755368723023,0.8851684440648178,1.215266081918079,1.0334940173978415,0.27430074597848386,0.18468423404720974,-0.38840991598847596,-0.568651371888331,0.967586936213459,0.39966785915082886,0.43288754795103723,-0.47797648208103416,-0.9507928635134222,1.3613712098666635,-0.16705109541555052,2.6792601108162217,-2.973621549680641,-2.298044778460549,-3.675724648399039,-1.293311210573866,-3.9868262180526886,2.016701502209302,-3.0059060492968728,-1.2036775730601739,-3.131914093738227,1.323015070203085,1.3806066050185337,2.3658221921065774,0.9415119344536846,2.1678445761125746,1.307954958775647,0.6649536681512247,-0.23846939073740892,-0.3528881242730575,-0.6639412484295577,1.4404278990430766,-1.4213033868828981,0.3230763163106957,-0.9163294219301079,0.7146764609840751,0.013207994970876288,-1.8645512670170705,0.6099823093453816,1.962476846613593,0.8912695965937804,0.25819076784371653,-0.18604551466496375,-0.5983533210761527,3.378095372389252,-0.7927811825178827,-0.646719918123414,0.9782496209659279,-0.7484080675735577,-0.4636933025886031,1.0033380971206334
-0.5087396317433078,-0.45965948907800525,0.2919772154654892,-1.1626465785391058,-0.5693476501511994,-0.8353164364439373,-0.9564303025964521,-1.1074458602490662,-1.348770133348615,-0.18336693875636012,-5.561133132817887,-2.540420724981698,-3.3288791022792834,-1.888046737631128,0.49904601478346255,-1.4405675079443114,-0.5659820965264399,-0.6204290629493942,-0.28101036181586225,1.6072661917235738,0.0814998994778498,0.01897406607363128,0.19798668584362358,1.3157232975842734,0.48253576967989026,0.04837379485082771,-0.350359200811475,0.2879942396073985,0.8290879533626067,0.607261709923616,-1.978573523181165,-0.5155682066929328,-0.389829791501922,-0.8620369492835122,-1.3212204639822005,-1.3146870055681563,0.8819749959802274,-0.3167966953965318,-1.417096505073647,-1.047513810889094,-2.1410984323599584,-1.481256995374661,0.28695888121998003,-1.1966723502742997,-1.080913337625471,-2.8335550198720556,-3.0335421185460065,-1.6725696449315213,1.0178835580220051,0.5444528436210032,-0.8875797011278391,0.4440952079015269,0.29084150414164855,0.22988756013913314,-0.7360735169319887,0.040652965702272933,0.1543943662882119,-0.8788060756745394,0.8674283153014468,1.1414157099444187,-2.4013417345026395,-0.9138919964977666,0.8787966211679835,1.6867599818289847,-0.5460289453695739,-0.5390602916234377,1.144553650702269,-1.89088003961062,-0.739229703424147,0.6801086847440811,0.5900216888751963,0.46367891511794695,0.007457677491753856,-0.5752286664324346,-3.0313736569354024,-0.36195340455354874,-0.3494570732652187,0.2326600058506656,-1.96055431722687,1.5456875907073537,-1.0788310387744007,-0.7115735314601579,-2.068852668230988,-1.0018098669503657,-2.218782958681422,-1.6901416302854348,-1.1794862749237098,-0.8929958030802589,-0.5540574320121602,-1.001951338182297,-0.8300227814192043,-1.282538298078965,-0.19840982317195777,0.21852246002322706
0.7483110570633911,-1.2848349066711329,-0.11735469007648301,2.274875771009695,-0.5361817339181705,0.5342806946892177,0.8770052455885573,0.018514791126545083,0.45649361192563176,-0.6346949932765089,1.298993052703793,0.8090931351324978,1.3162960745385108,0.5523016532299616,1.1029017190818453,-0.9000956776777256,-0.2262357407863841,2.3570977313112143,3.0637456849470457,0.549206794134161,0.9396994615628448,-0.34649713572522334,-0.4079596404288527,-0.39117634881177904,0.5168676312925518,-1.1576258442689793,1.4996081712327873,-0.4344141862703527,-0.1731672029571537,-0.5886076284413442,-1.4923752514789868,-0.62978648346763,-0.4063483939862955,0.4172593171204777,2.0737103263221837,-0.16591797504376918,-0.7179267513306284,0.5872176372548815,-0.21178448378344053,-0.19519358008255683,-0.6861646154559301,-0.30088600195868587,0.4975649351343363,2.529172681212453,-0.5414693141058435,-0.23280762707530497,0.058183417793778947,-0.028566080453288678,1.066446055750937,0.12099395714873029,-0.5060250513996815,-0.7553608634514744,1.2482883154067634,0.2187651670654543,2.483712282016689,-1.4740806865799345,-1.834537251370174,-2.011685928495785,-0.7273306898213625,-1.0437384522512843,2.2188100975989618,-2.8408991068096623,-1.4834587204776986,-1.310490712162359,-0.5858903996959938,1.6246391720136761,1.290092030772059,0.9985799893378846,1.5446646990539807,0.18668720559013546,-2.1337476013458865,-0.7573443470367847,-0.9607131301275172,0.4268194373230386,0.3605935749158408,-0.1449749241458247,0.5255864585034906,0.3510111942854928,2.125415147521079,-2.307811859732627,-0.9273222327032797,-0.11577489570236921,2.1536514536558826,-0.7896158136345354,1.4985578399759711,0.7304850332248631,-0.2876919979155965,1.8338982916907864,-0.6181468374212966,-0.22856679881832326,1.3812125836180058,0.7259819796584911,-0.7100308069611592,0.8774713317816863
-1.442599977584606,1.7522686236595622,-0.015055409758529628,-0.6356136327323909,0.3454052558633237,0.2765501398286836,-1.8156296106561038,-0.12129798633010347,-0.13384328942259172,-0.2715703024355184,0.9428911395874325,0.6185436071608409,0.3808447644006246,-2.2515814814861805,-1.2685565369298084,1.9134967590107632,-0.8017068391575795,-0.5849493702707758,-0.3924393513784324,-1.4341593808461668,-1.0503654106452658,0.6404582153505909,-0.42666519108418866,-2.3175437899819,-0.7133123214643378,-0.48676706732006403,1.7777196018338175,-0.3512182452817614,-0.621369972750274,-0.43853960305522593,1.9554727143257773,0.15483745735976462,1.4406591530437254,-0.8863254076121175,0.263589080261425,0.2938380427245848,0.45513358849754304,-1.051428208248193,1.9086913060603805,-0.2298987091754493,-0.016574441214615487,0.005715751125852986,-0.7002234828813773,-1.48515358963669,-0.3661294799981184,1.6539479804395363,-1.8364802325837548,-0.9758253922609499,1.1252645866622581,-0.8745569096456565,1.5813935226204257,1.2667445226370244,-1.3721272348794245,-0.337792296975425,-1.0375787545507773,-0.6073433879830655,2.1863513109572574,-0.21205462483881599,0.207975296343556,-0.07947472208726965,0.20528021005120412,-1.5071032666334128,0.9528840184408189,0.17211509402085373,-0.531678133739076,-0.6237920497672551,-0.35659881299534774,0.9373678105165012,0.5054134450334834,-0.07452287851739786,0.33797806261277563,0.33662688411748387,1.964885266342904,-0.7140121183684499,0.7255305564103959,1.1033012936117594,-1.6061907756453928,-2.5295585019432076,-0.5570089534071341,-0.32397087347811954,-0.2822723800649506,-0.49117369549139206,-0.40001494665405896,0.3643951060918224,-0.20340085167038724,0.0022334448426136883,-1.1676647120965815,-0.4762847893122478,0.04921904649709252,-0.6779737333447985,-0.9639443862321587,-0.8675543153754084,0.7797681935489882,-0.9670652037194012
-1.121596884217414,-0.30879499574501834,0.4374888185001577,1.3880084027561357,-0.3072551396421723,-0.2676440097496148,2.5289459197161515,-0.6794685878227659,0.3539079024707572,1.80746846481704,-1.0734278302503224,-0.2531670789009856,-1.7012169139577122,0.06361901472842149,-0.2926475003531421,-1.0319190219309193,-0.08197378861745587,-0.7484438962793014,-0.12484055074147882,-0.009197726841836729,1.770177691585734,0.39568931794975976,1.7506084541769753,0.5322511610893719,0.40839628440300846,0.9246315252338855,1.8872569121121847,3.269709167195174,-0.620429606135307,-0.6321620072732098,0.09576544988741116,-0.10849945395237315,0.5628427651727756,0.5543029432519517,1.3079458249428946,0.21059254057209864,1.7908486239454733,0.20854703569985472,0.7865529262868898,-0.407869295065478,1.529567637468329,0.4630797946024865,1.2201302330424169,3.1500892796225077,-1.5632641856025096,-2.0490032774688487,0.7791099115410618,-0.24798844654760985,0.08641190664038254,3.7844689216870053,0.004752759083193878,0.485829998111103,0.3411523702763003,1.8589938451980492,2.500302161746326,-1.3421460912345677,-1.6595615530960415,-1.7606552809291798,-1.2959254677879668,-1.0392741237117122,1.233713061821587,-1.076816540681374,-1.2108788811294813,-0.6794145737138206,0.24224125216466202,-1.5491441425521242,1.4104540243894814,-2.3013134991178106,0.0008540981287953331,-1.637528405921692,0.0008434108202560464,-0.8650449931021404,1.392700484347613,0.08260044852842297,-0.06128842484733771,0.5866247978216129,-0.4419427969441703,-0.032596436191036075,0.7039261343736898,-0.34282419080811966,0.741598408686662,-0.6768312908507832,0.5649794721153257,-0.6902235200091177,-0.037589071256909634,-0.41379152443684397,-0.3559163861085731,-1.4946063666587015,-0.5283685982542249,-0.7541775048669792,1.0989784805269132,0.00825385350600491,2.738167205038115,1.3684364679758678
0.6336809679738544,-1.6166140081430878,-0.5804619628619982,0.32336626099693483,0.7074392746081102,-1.4605641887393177,0.3901859250596731,-0.8703576685818449,-0.03711800044916014,0.783082132354253,0.8399296494786369,-0.8669608555116537,0.723447295301157,-0.026067730976439107,0.04106359794446136,0.4948520902611304,-0.19581835066695424,0.03427838916606851,0.20678641717616922,-1.7634772757991568,-0.42038073374059926,1.1542889293810688,-0.229344036959022,-3.2389103608893066,-0.08138614880622083,-0.48766118974631667,1.0387023468135768,-2.7547745921194497,-1.216073263283167,-2.030862984309255,-0.27598237932829683,0.975517058793709,-0.5651053199391657,-0.3631488854188843,0.6799555180472974,-0.4480726994946134,-1.7659717401765223,1.9721539538144992,0.9876099884101873,0.8425728122360758,0.6323083724473243,-1.2591805472261088,0.05087651537911281,-0.8397275073266742,-1.1067034885900113,1.505374274775785,-0.1296539871151028,-2.2820034748184184,0.19281188783860853,0.2801248641003816,0.5409120048708849,0.46768124481754636,0.4596627619282161,-1.739050503838238,-0.20311228079181018,-1.2806483645199211,0.30123774664859915,-1.4941028311964062,1.6681610462419867,-0.42079000250384496,2.1110438983318307,-1.1957766842282356,0.32578986438090557,-1.1802410931551015,-2.296803086040242,0.6172216355815363,-2.2458339370689218,-1.375799269888996,-0.3218655620609029,-1.8044325615436834,-1.1628754664224168,-2.17799837268615,-1.2210744236948219,0.846731328327295,-0.06175566230410781,0.6187150795624875,-1.102971901101529,0.18747097716957262,0.7430438383404314,-0.640573298167877,-0.47389561756096454,0.015977317236250267,-0.7270011901713916,-0.3697662861905802,0.9826950562931387,0.06888216517332818,0.6516577653355063,-0.4225165876926188,-0.45736002508780715,2.2988488896744768,-0.3497255757760407,0.558329429188954,-0.16211107345569453,0.33709429148285597
-0.9933706409522624,0.3528994177644773,-0.2924830856589216,-0.8291201486664282,1.241923172303503,-1.2791832896117592,-2.092627429756709,-0.6604614364528317,3.305325680576929,-0.2832072372295295,-3.216564768364244,-0.42741792661614636,-0.9968830137809075,0.13166802367425232,-1.123425439744641,2.783628574879428,-1.5431871360814962,-1.3415504500784103,-0.6362818703033032,-1.5728116365273785,-3.2812465387276224,-0.5484027182481602,-1.1252870790845397,-2.1432972148175016,-2.082384087078556,-1.084398208393512,0.1384936812926974,-2.7439363625310955,1.1552769418421442,1.010783499217915,0.3903987855828986,0.6845883123347302,0.09222409988234026,1.8067836201218184,-1.2963704981498507,-0.2913209204185206,-1.4979771455827544,0.9512872214095957,-1.9252109517969909,-0.3704444917441387,2.3587594301038566,-0.9377237556252551,-1.7947500886580323,-1.3254118312032501,-1.1057680936434975,-0.03908788674850916,-2.388759088955,-1.1138685529513654,-0.5885549574245489,-0.7574446785243495,1.5931439946776047,-0.0971042245828162,-1.0212721229399666,-0.3165161518639783,-1.2793488124704828,1.5433414789983615,1.1308191625467154,0.2684739252297522,1.3060985516049675,0.3569509571501941,-1.24158345889406,1.4905567756995097,-0.5803881211606485,2.039218233881904,-0.02472645107898795,-0.7638492925240845,-0.26502092293597207,-0.4369449486050978,0.2106482442231099,1.3581683293946556,0.1959819693286236,1.2857856891778008,2.4455684611401063,-0.9593127794016443,-3.0625698000177652,-1.881273615054562,-0.43259418115876686,-1.8763257591910296,-1.9234517593224751,-0.15659447644448646,-0.7078431931399229,-0.3080763118394194,-0.3207564144012086,-0.4102055508884794,-1.4793466471986148,1.9927698573201753,-0.7648211418978151,-1.36274125049948,-0.1376967365359631,-1.2040004591075506,-1.6317145240179347,-1.3733255843357206,1.0880993120529943,-1.407625643844652
0.3337672174760052,0.203663946299517,0.21408397486547723,-1.1241765922320013,-0.0004471210060716102,0.5802334586823583,-0.6030227124916876,-0.20803819749792862,0.47812272300404635,2.039736900759913,2.877042543641648,0.2831855370956078,0.4701176739460685,1.48314564915546,-0.01511561401153982,0.4702431299348249,0.07223559150292103,0.4188394851860085,0.22132176995885117,0.5872537011296052,-0.7812303573776012,-0.9110766962310303,0.10872495936298432,0.5172992266061995,0.1533167684498542,1.1253157543552161,1.728715928287448,0.5860940396667923,1.7139093291338858,1.1089056432707636,-0.8760472417074252,0.014862639531412689,0.6654224060898661,-1.6139779390654785,1.2543223191904458,-0.07494986045103136,0.0034986628627149408,1.7576109397856023,1.8537839816378265,-2.4265833037372184,-1.6316439643355918,0.5876360137147546,0.17646711069361135,0.9328552816966625,-0.7653109793989967,-0.6941418754398007,2.213591790650657,-0.2063561983558141,0.2964997187071942,0.5832736946721693,-1.1846336012691872,1.028723025550231,-0.7743934457807142,0.24904913864852932,1.216231239993177,-1.4325999912619782,-2.6484993523580815,-0.18955729270384758,2.355966530729529,1.3288280823150602,-0.4984264658233507,0.6508198621138178,-0.42194291270208906,0.24528390494575386,-0.018718281390488034,1.469689652417457,1.0579486802095728,0.24480403838172457,0.38416888792018283,0.5785118292150268,0.07176364095859172,0.47403679881363436,-0.8972632518308293,1.2612799887226263,0.28545326983151115,-0.43613246162078856,1.333001550371848,-1.9354189872380645,0.1451492633646204,0.9047584138008795,0.06213142103726749,0.5071982082792037,0.6705261617958733,-1.4522073451127295,1.1988078611946578,0.5414589906110615,-0.4848831693280159,1.0946115585520717,0.44724035950275154,-1.389414734411791,0.061571239011266654,-1.0583220724479347,1.2298684985888033,-0.02803682389456097
-1.566311959241626,1.5889936874106403,0.27785000493089224,-0.8669778184121926,0.16214936733746935,0.5305064949367271,-0.4736743052876936,0.1692290107731127,0.1449301282197168,-1.2608243437736932,-0.9880188136264098,-0.8633344865124816,-1.6776389154617684,-1.2849739772112527,1.2373369170161184,1.610334506601066,-1.5319857700806043,-0.06280086469300084,-0.5032314613310379,0.44557954588201365,-0.3249964642241841,-0.618818338823372,-0.9632824114514846,1.1934872656878226,-0.027073040897402312,1.1512725846693987,-0.67140074850117,-0.33471974985597397,-0.0522652633525344,-0.23464140367574746,1.1467701329155708,-0.680128676802188,0.938807523031553,-0.2501406564113433,0.930711166533912,0.43948668131334234,0.5210505278663813,0.32442921921194795,0.15921842198883815,-2.217204453362565,-0.3484237085757492,-0.28512470122216593,-1.718064922689528,-0.6976964274354858,-1.463392441749873,-0.33403160657589914,0.4004444207267506,-0.31624557121323527,0.3915521424165478,-0.8169033281618698,-0.4244848119029814,0.5513655845765573,-1.026115825497665,0.6496097389571767,0.4682140806015304,1.2289544008889863,-0.9661515944146164,0.0743557902951158,-0.3203430604512266,-1.1855088938729121,-1.2106129785912954,0.2546902945922543,-1.1870924057785441,0.06484708497705141,0.472287605886247,-0.32800593446319326,0.38385901777080766,0.5006537802387692,0.9518210709407324,1.5356869075191595,0.9566612098072299,0.9955800990284218,-0.5885618303169782,-0.9283925807332746,-1.0758195369391637,-0.6557450460122978,-0.8418867550417766,-0.9354297355374345,-1.348329892711884,-0.5860795210002413,-0.3746178258674238,-0.44168996210467987,0.34724187259411904,0.6207017961830232,-1.1960187324554723,0.9966870583474915,-1.5333611493827113,0.9196236337961046,-0.10883733139302214,-2.016582333418634,0.06710279237754793,-0.8694068418774925,0.41356541413678205,0.2776533401240566
0.2396090351086469,0.35095382367489925,-0.3260756481498793,0.6394510148525553,0.8594796365917822,0.9373974975765593,2.491858165271481,1.9122300327239237,-1.068471024198561,1.3112517560436971,-1.3055230177957442,0.6231040713994924,0.21498874697441672,1.960681957682187,0.29846725409402297,-0.17709381227798182,0.22278599582277192,0.26450775894107703,1.4956823987772483,-0.09988407680393346,-0.02937172711411931,-1.432032785543602,0.4043557027080445,-0.6157929436884171,0.005003892723389483,-0.2052090023166513,-0.1421119195774423,0.23459535816982624,-0.4253386951055933,1.7920302092390572,-1.8271806541003242,-0.9147370631374829,0.4946774788791151,-0.6616202146023596,-0.12603295470085935,1.9321220541457347,0.7353932442007152,0.6688164528710533,-0.02686569050439558,-0.9826530516364477,-1.1017713042167518,-0.0047016920826748465,0.31589676876681166,-1.2332377162601849,0.355199267949144,-0.06955097569458385,-0.85300889259343,-0.17666384413002933,0.03364440607538497,0.3157469906724961,1.191548668035845,0.00793366789401076,-2.0420714737938805,-0.9144289878934757,0.6527553231129668,1.0637289444078855,0.3377808043149335,1.5443744691247656,0.5629988882168092,-1.1764307762585984,-0.6241901761327828,1.3262259571475803,-0.3931368887010752,0.14636278629438665,-0.7321193643731048,-0.9630021500278435,0.37498072045139685,-2.2285620894606395,-1.2750429981081974,-1.2081916590607613,0.3348137280984541,-0.3519144063341386,0.07601187974822493,0.5632242677146386,-0.950682239354933,-0.1841111677344242,-0.685202161273925,-2.5958567807408337,-0.986940256470912,0.5492923671600412,0.22310496617110076,0.6126721017088633,-0.6682722947381298,-0.817453643960466,0.08758366373932198,-0.39500681307792673,-1.7999907680426146,1.6305478451406268,0.5523316011850442,-0.6515441498496621,-0.2190051871553443,-0.5343003580854652,1.3732835092514843,1.832965182060908
-0.437798627852603,0.6632186302505834,0.2860631515632214,0.37133952260565806,0.44762403406073975,0.9298704599805152,0.44946311471923484,2.201115848466843,0.6141661449664604,0.8309583847533891,1.2772290654756664,0.1947812129837434,2.5332908634167897,-0.9698810333908481,-0.3493909100847072,-0.12946078460855504,0.8044423655626834,1.2428219807033676,1.6645308326679817,-0.5828592862146338,-0.06957166175715918,0.7055038218119389,-0.5413541788580867,0.3096016475259211,0.34017586437744224,-0.3447996751079575,-0.34082766318512947,0.5997498231751595,-0.046594386811298585,0.3174266231615036,-0.9092827116083171,0.6516701435530924,0.4006830304110861,0.0628522863946624,0.3031131831995844,-2.8147806420804495,-0.14344776412475535,0.5989635413270388,0.37783353790453966,-1.1572067598979825,-0.2321847913418474,0.9473636352398733,0.3319444612993144,0.46259569792386396,-0.0898787091192424,0.5493134278806293,-0.006888331434912631,-0.12295848577879247,0.3563701024568358,-1.7193357043136608,-0.9460167567618254,0.8173159613439339,-0.6564736573899372,0.5389151130752748,-1.3882753791613283,-1.8064915598529434,0.06478174043044094,-0.9352330762710146,-1.3995950271023747,-1.0218629725872004,1.3676091179618417,-1.7740364704940745,-0.3676804251761836,-1.3237334730674815,0.24310270435780912,0.36087512492721224,-0.6933998214844104,0.32601963766950437,-0.17291467285943876,0.2215669676946901,-0.5015003294006934,-0.40681830171142114,0.30838322249592687,0.519308561769989,0.1699249696278099,1.5954186299840147,0.10401084406686191,0.8697547886313737,0.7514554585051062,0.5036069508000027,0.6393757491990694,-0.1501035648479519,2.2395438822530895,0.2157323337314475,0.10435182149930511,-0.13040537329460944,0.41086981804401834,-0.4998905193511903,0.37387070548762774,-0.5358274554249087,-1.054673757520843,-0.7391819934712986,1.7069074875861696,0.4898823844004342
0.7965473564956372,-0.9809160819120442,-0.1131014196766851,0.3630756593541453,0.9749882686904574,-0.6052420343741101,0.9226749071959384,-0.5667994789926589,2.7888737977459876,0.9784817742458303,1.1464059276637109,1.0996297499447143,1.641459136968153,1.3890807607706568,0.024504851874225218,1.135829204235569,0.3952783249684959,0.7364852826472245,0.403070934162547,-0.7999424779969924,0.4462093807167961,0.6426229520074033,1.7150307457485716,-1.5568255484719582,0.009298405584639818,0.5683432189188165,-1.3036685219413278,-1.0737173378076703,1.9048737304046033,0.8630256465451392,-1.1873597718151947,1.871291116518162,0.46050543884203765,-0.9972021586565956,0.3712241899802894,-1.6817653343684809,-0.4532637243765202,-1.0270233019605768,-0.3112274931524563,-0.12025354998041615,-0.4792966404843635,0.6675945976492994,-0.4731375928164742,-1.1635313259796642,0.15635808669224066,0.40817535031735086,-0.22694995726955816,0.9228081958525219,-0.7675820190014546,-0.19149584147162774,-0.6709365651857679,2.3433462377609224,-1.3768300712451607,-0.464523948244573,-0.3284180726743038,0.41735409423340175,-1.4068294882798476,0.4540400108446015,0.30898527784039886,-2.6897580096586835,-0.7597597318503096,1.1923703642124408,-1.031980552253724,-3.694587269631779,-2.368508566421217,-0.00650837104196611,-1.8167392128427409,-0.2508383923481221,-1.0728790700954158,-0.9228952618000026,-0.1649147803770269,0.1072059532723405,-0.17932064858500835,-0.7319190853812662,1.3098784128524348,-0.20039135106177708,0.5958429799000363,0.4814075950076143,0.006449786749468056,0.8491654940908491,-0.25363915913520046,0.6306482148446931,-0.4472113263164395,0.38882327676287065,0.17309600864835434,-1.5356268596375402,-1.035914262186011,-2.0416953325414795,0.1747100838636338,0.420922825242939,-1.1798303937182795,-1.3546491142226849,0.4891711251425567,-0.14412261389651637
-0.9683835977100828,1.7343159407483575,0.19343117324432155,-0.6825326553998964,0.7481061858686501,-0.11561819615323043,-1.1007499050813754,-0.6318335376856026,-0.1878773710757189,1.7213450136074544,-0.09242999479935915,-0.609147218162983,-2.54354061900424,0.6194097095980626,0.4403282346797093,1.5825436915862787,-1.3378547370908114,-0.31642042717359053,-2.3389479381507656,1.1266314713116148,-0.5231876012690555,-0.4483054998295831,-1.7749432277079054,-0.8674254481389392,-0.1252824392561142,-0.9641427188098283,-0.8402179892092584,-0.03397427585201977,1.14888565955954,-0.2942056499865408,1.8003278389233461,0.9535343385389206,0.5049229476011409,0.910928018347186,-0.3525648631704192,1.3263855929304877,-0.6137351425400299,0.08047136950475037,-0.2023519462986542,-0.11842678820411356,0.6567035586723633,-2.3627787089011263,0.8680809532131685,-1.744311865139463,-2.27989288529087,0.4204354148385968,-2.8194321498988817,-1.0641909750058693,0.1953710632363219,-0.14421866086844376,0.737380793748454,0.6196479193502125,-0.7645085714550119,-0.1372902346807542,-0.17721316946078491,1.264782013953253,1.7912013085228142,-1.5092064478054874,2.3460417013237564,1.429815758552503,-1.1719966612924086,0.19608162370194515,1.8082302064667113,1.5063544470564214,-0.4067844391751034,-0.35468553132173114,-0.4657504641713801,-1.8327198255877626,0.1149700539761544,0.1715550872386714,0.11870340457992258,0.5009801817341369,0.09400132635701737,0.019860187702936294,-0.8942315718834992,-1.2991525026515203,-0.23967626429709277,-0.24907779868319446,-0.7695826822608178,-0.023149016306174063,1.557214112553706,-0.07161996273082623,-1.8963301656744331,0.47802713682188563,0.42454473796966663,-0.6867131566644451,-0.540155282807283,0.23351270701956067,0.0677404952963135,-0.4540352025402482,-0.6615979631074091,0.06966789522672033,0.4176033952732723,-0.31858888741400193
-0.5882410782149261,0.1253484763117507,-0.22193388652725668,0.504728032342998,-0.09090708050111906,-1.0083127124623454,-2.154413887927724,-0.24645846284189965,-0.07675723974820403,1.276015592917879,-3.5697368143846475,-2.252363967623881,-0.6653560049168561,-0.9769299764238597,0.18488653228663093,-0.07989870336433828,-0.5534292375921145,0.26817637445339143,-0.175742396081488,-0.08205566923354263,-0.2745018844061673,0.6877683582107078,-0.017399709848252207,-1.379749109833491,-0.19155074370771905,0.6536612544898703,-0.8088569093004441,-0.1181962885482136,0.650298380351276,0.100959127953604,-0.35522256130342206,1.3768486217435931,-0.6486305674433093,0.26667049512507685,0.19199842031682157,-1.2865391599307423,0.4827657249213707,-0.1854444577575554,0.08298628076250869,0.9224923967714955,0.15500727832085606,-0.7747665800565109,-0.36980675484652686,-1.1232204684386125,-0.13808528854452023,-0.75917944831834,-1.2762260514621593,-0.12943974384416213,-0.3456507318760505,0.3421825393716079,-0.6781979638025493,1.0856994348568954,-0.8603080113857071,-0.2366929484026561,-0.09940629077021323,-0.7638317708122015,0.3470105508807182,-1.0577127281845975,0.35086021605361556,-0.30670566098087887,-0.5969238529812293,-0.37797899516233785,-0.7733779307595753,0.7940282369170731,-0.5029581607900737,0.7608645265428771,-0.6572347915108753,1.0459450746212735,-0.32564978356648355,0.013600214392814891,0.548679279832897,0.6158443777341039,0.6606826044627873,0.2777013020478538,-0.1408934047006284,0.7871424846123036,0.12902289693217206,-0.5005460487172063,0.8922555201419499,0.37366308002653564,-0.9340060720935168,-0.3220665690669722,-1.776893763502654,0.012373898114134627,0.11063586296299269,-0.9463509185407049,0.21148365287387227,-1.5136213828977931,0.3714996106437298,-1.9407829895518296,0.1442921860837203,0.07282027304152838,2.4601010524939433,0.14927283432119384
-0.565497895683117,1.952302906693239,-0.04990643839090298,-0.3244524476649519,0.35091741063259463,-1.1559209520237115,0.6925172088284433,-0.6811927489594124,0.9208912596584263,2.0037576034115365,-1.241241776333335,-0.5273573921599428,-1.6864238981013715,0.5800280649561181,-1.0197838705411069,1.5900597702126538,-0.5900163284319498,-1.4937470960813604,-0.45291204648217614,-1.007295331528613,-2.8207534364509703,-0.06401644911700544,-0.000991972172365907,-1.809423267272482,-0.47153904446137795,-0.23251593428277817,0.4851999324202215,1.8663637437584124,0.6641093900334236,-0.6555544611777174,-0.9387510251828778,-0.046108147368416175,1.3076454721201138,3.229573362992597,0.5322114316488715,2.4913582451441796,0.08848605688136113,-1.127168770052781,-0.18394668207907297,0.8538108518182874,0.5253401257097075,2.2192030806452254,-1.767175372564148,0.862329667900079,0.8726093077780985,-0.5704348691900883,0.023785077284735223,0.043309296369341055,-0.7776932155073393,-2.435993106415044,0.34864956424619864,-0.059471368526122004,-1.5981224559028266,-1.0808707356917486,-0.6714393284257687,1.7158522527989628,0.5332410277274906,-0.27161041996563323,-0.3589162960183915,0.7232779340174318,-0.6486139362724392,1.138838715115777,-0.4029670024261668,-0.6254875155863947,1.4034765601854666,-2.01096605089571,-0.2528392580042854,-1.9141142871353178,-0.6181115979678345,-0.5732541835344049,3.9932333279395213,1.5288156659598278,0.7536473095665889,-0.19347880835370512,-1.513809399640552,0.46000147741370434,0.8562518453908402,0.9058649572765969,1.389772033144221,0.2972511138834678,-0.5881609849191827,0.8214622174160118,2.825924596365765,0.6184065256631824,-1.1806272468976697,2.976530014278973,1.438572262433988,-1.3210125506507322,-0.03089939973089232,-1.9374291461970579,-0.25702081505323976,-1.778393861372464,2.484884579792975,-0.0715593461558855
