Cells_AreaShape_Compactness,Cells_AreaShape_FormFactor,Cells_AreaShape_Zernike_2_2,Cells_AreaShape_Zernike_3_1,Cells_AreaShape_Zernike_4_2,Cells_Correlation_Correlation_DNA_Mito,Cells_Correlation_Correlation_DNA_RNA,Cells_Correlation_Correlation_Mito_ER,Cells_Correlation_Overlap_DNA_Mito,Cells_Correlation_Overlap_DNA_RNA,Cells_Correlation_Overlap_ER_RNA,Cells_Correlation_Overlap_Mito_RNA,Cells_Correlation_Overlap_RNA_AGP,Cells_Intensity_MassDisplacement_DNA,Cells_Intensity_MaxIntensityEdge_Mito,Cells_Neighbors_AngleBetweenNeighbors_Adjacent,Cells_RadialDistribution_MeanFrac_AGP_3of4,Cells_RadialDistribution_MeanFrac_DNA_3of4,Cells_RadialDistribution_MeanFrac_ER_3of4,Cells_RadialDistribution_RadialCV_AGP_1of4,Cells_RadialDistribution_RadialCV_AGP_3of4,Cells_RadialDistribution_RadialCV_AGP_4of4,Cells_RadialDistribution_RadialCV_DNA_1of4,Cells_RadialDistribution_RadialCV_ER_1of4,Cells_RadialDistribution_RadialCV_Mito_1of4,Cells_RadialDistribution_RadialCV_RNA_1of4,Cells_RadialDistribution_RadialCV_RNA_4of4,Cytoplasm_AreaShape_FormFactor,Cytoplasm_AreaShape_Zernike_3_1,Cytoplasm_AreaShape_Zernike_3_3,Cytoplasm_AreaShape_Zernike_4_0,Cytoplasm_AreaShape_Zernike_4_2,Cytoplasm_AreaShape_Zernike_4_4,Cytoplasm_AreaShape_Zernike_5_5,Cytoplasm_AreaShape_Zernike_6_6,Cytoplasm_AreaShape_Zernike_7_3,Cytoplasm_AreaShape_Zernike_8_2,Cytoplasm_AreaShape_Zernike_8_6,Cytoplasm_AreaShape_Zernike_8_8,Cytoplasm_AreaShape_Zernike_9_5,Cytoplasm_AreaShape_Zernike_9_9,Cytoplasm_Correlation_Correlation_Mito_AGP,Cytoplasm_Correlation_K_DNA_AGP,Cytoplasm_Correlation_K_DNA_RNA,Cytoplasm_Correlation_Overlap_DNA_AGP,Cytoplasm_Correlation_Overlap_DNA_ER,Cytoplasm_Correlation_Overlap_ER_AGP,Cytoplasm_Correlation_Overlap_Mito_AGP,Cytoplasm_Granularity_2_AGP,Cytoplasm_Intensity_IntegratedIntensityEdge_AGP,Cytoplasm_RadialDistribution_MeanFrac_RNA_4of4,Cytoplasm_RadialDistribution_RadialCV_AGP_1of4,Cytoplasm_RadialDistribution_RadialCV_DNA_2of4,Cytoplasm_RadialDistribution_RadialCV_RNA_1of4,Cytoplasm_RadialDistribution_RadialCV_RNA_4of4,Nuclei_AreaShape_Eccentricity,Nuclei_AreaShape_Zernike_1_1,Nuclei_AreaShape_Zernike_2_2,Nuclei_AreaShape_Zernike_4_2,Nuclei_AreaShape_Zernike_5_3,Nuclei_AreaShape_Zernike_6_0,Nuclei_AreaShape_Zernike_6_2,Nuclei_AreaShape_Zernike_7_1,Nuclei_AreaShape_Zernike_9_5,Nuclei_Correlation_Correlation_ER_AGP,Nuclei_Correlation_Correlation_ER_RNA,Nuclei_Correlation_Correlation_Mito_AGP,Nuclei_Correlation_Correlation_Mito_RNA,Nuclei_Correlation_Correlation_RNA_AGP,Nuclei_Correlation_K_AGP_ER,Nuclei_Correlation_Overlap_DNA_RNA,Nuclei_Correlation_Overlap_ER_AGP,Nuclei_Granularity_1_DNA,Nuclei_Granularity_2_ER,Nuclei_Granularity_3_AGP,Nuclei_Granularity_3_DNA,Nuclei_Granularity_3_Mito,Nuclei_Granularity_4_DNA,Nuclei_Granularity_5_DNA,Nuclei_Intensity_IntegratedIntensity_DNA,Nuclei_Intensity_MassDisplacement_DNA,Nuclei_Intensity_MassDisplacement_RNA,Nuclei_RadialDistribution_FracAtD_Mito_3of4,Nuclei_RadialDistribution_FracAtD_RNA_3of4,Nuclei_RadialDistribution_MeanFrac_DNA_3of4,Nuclei_RadialDistribution_MeanFrac_Mito_3of4,Nuclei_RadialDistribution_MeanFrac_RNA_3of4,Nuclei_RadialDistribution_RadialCV_AGP_3of4,Nuclei_RadialDistribution_RadialCV_DNA_1of4,Nuclei_RadialDistribution_RadialCV_DNA_4of4,Nuclei_RadialDistribution_RadialCV_ER_1of4,Nuclei_RadialDistribution_RadialCV_Mito_1of4,Nuclei_RadialDistribution_RadialCV_RNA_1of4,Nuclei_RadialDistribution_RadialCV_RNA_3of4
0.8223759364110835,0.40515235689170925,-0.6846800743818999,0.931412987039151,0.8374087921497555,-2.273031008091996,0.3411507575935223,-0.6748725395770405,-0.45496955719207477,0.47334945681191143,-1.5125595666734466,0.25162095752973207,-2.0337687276124723,2.046837646119133,0.16729576975744026,-0.0923430270307054,-0.809329902590828,1.1603164972763436,1.653078341272344,1.394490271520177,0.31028818582440065,-0.2490246077015096,0.008409432160291885,-0.31288021001488525,-0.35312167413445567,-0.46158461833745645,0.9544560895294276,-1.8416518129510755,0.9633731630671142,-0.8044150784276755,-2.204702885287955,-0.5765253182225593,-0.11539088805241703,-1.3276794026125651,0.49304778966922114,0.15950637016031094,0.17042606883679257,-0.4994825738422425,-1.1259105977292356,-0.628322074384802,-0.1589594308558563,-1.6700264742710957,-1.419904102652274,0.773627860397448,-0.961418959405625,-0.8585064461830465,-0.7440586426505585,0.2586743855308602,0.9518262632385601,-2.4397444027326287,-2.103335089855638,-1.0874889189720673,0.7332373838235422,1.260828426853938,0.8958360720661359,0.48550155647124604,-0.7909478495720368,0.5156236023942149,-0.9764494385286636,-0.45689466334069206,0.5593014865031232,2.3495418924705813,-0.9631643232961534,0.49081114207279736,1.345869037219747,-1.0770054555318929,0.21939228156516843,-1.0797372015688156,1.0507131673718022,3.2007945739364887,-0.8868450980364901,0.9018363655255468,-0.40747162998387304,1.444197916730101,-1.034899744834532,-1.4232884437289794,0.37683984024953054,0.6488613341420035,0.6314221642462915,1.1697181737165463,-0.8420976174671532,0.14993276629070695,0.125909021894421,0.7825546812456019,2.117316020836845,0.8447510463167385,0.3265615778085364,2.1810126308580067,-0.6221176170578302,0.46828675426152255,-0.10633477066125119,0.11372128076081595,0.07386497641926376,-0.2723597978554523
-0.5087120183330938,0.2431613305647361,-0.31746153761708934,0.14641385745978208,0.2563380162339516,-0.9465522389667568,0.2472353876441839,0.9487513166973665,1.1926234123319,-1.249345231034147,1.4403536312365286,0.6694813169544984,0.6057351960337944,-0.6701445994828066,0.5723391642042517,-0.9541595547532142,-0.11027533723322941,-0.10314548283636185,0.37053874919920793,-0.1672955747136906,-0.4615741739808172,-0.20238569545895269,-0.9117525753570649,0.5564977403922027,0.2152965777924396,0.7899250181056608,-0.38637776410291835,-0.5653922102145886,-0.8950088404748976,-1.0338720015319327,1.8062163496381234,-1.1024802630714996,0.753519823211467,-0.12457817283662566,1.5322678165567831,1.0444013142760225,-0.18517541858835346,1.9232670722045644,2.3132551103302728,-1.43737781450449,0.15859877449397208,0.21001823155043492,0.3725956035096176,-0.263070276510454,0.15801519947922613,0.5404833368803004,1.162148702752534,0.5274735746698102,-0.8761610000686763,2.0043111480580262,1.1346818089403414,0.29753004853129816,-0.359684841615668,-0.3593751035274766,-1.1443595887229245,0.5455271186900692,0.38968609763463924,0.475228697081891,-0.7038010189523728,-0.7040444354062274,-1.0084801937132153,0.2564579366674354,1.1964469294175142,-0.7671255040315307,-1.864299927887374,-0.5747728668466634,-0.041750421362796275,-1.0951249980412707,0.05785777290139438,-0.6333964555839431,0.908356154009703,-1.131174716239828,-0.1941094196897913,0.6932682728766166,-0.6209007652079128,0.19454285845837432,0.9680189530861254,1.5000545563617942,0.2724172230080148,0.2651913166321145,0.04984132214571171,0.35079116580146974,-1.2150858211498405,-0.4653430984100585,0.16473030466494393,-0.7612863658687128,-0.17333193758308826,-0.9369854271482831,0.6093931616653627,0.5325505507864439,-0.3371187957051397,-0.5222802088413415,1.625745127632564,-0.3916009952722132
-0.5148274434251079,0.8898095667778354,-0.15326611706204393,-0.4144950865309728,-0.003747398809400976,0.4888193873044797,-0.8615703260317876,1.061539411627027,-1.2532893172844268,-2.3720240445369845,-1.0170823490702203,0.051018460153653744,0.29815326448459234,0.20694559968569434,0.49021480962513103,-0.514823216467265,0.5500365481411671,-0.6495142250973845,1.4267305336652036,0.8767816474966961,-0.3764599389920727,-1.3691852628102654,0.374370179068032,2.494626545590168,0.2246946015014577,1.8135030071280527,-0.6853998529210811,0.4779875461201713,-1.328861574218192,0.17090120293522956,0.9054531776929127,0.10163477321074851,-0.6261989109851005,0.9522883741844432,-0.6890349874364118,1.0325049937682667,0.7069763187193203,0.33298861514946904,-1.510195344358382,-0.399429535057311,-0.26566470939336284,-0.6074380263337371,-1.7314088739406623,-2.199733294986555,-2.2393940727247807,-0.8169222038518124,-1.54879132529458,-1.1576810064237875,0.010110351695355235,-3.5690420935821794,-1.6654070819754172,-0.13779294259222552,-0.9982561246493044,-0.4151165034642973,-0.34502892919913697,0.5136908535535945,-0.28857005505899386,0.8572475908156303,-0.39782904224645615,-0.05001935255074409,1.311430921076989,0.7811248952983115,0.8293164969939989,0.3209993214186039,2.5170578413647355,1.3215902629635794,1.3501944329055244,-0.6186947149108344,1.7933536998585646,1.5196503392813967,-1.2300893264413613,1.4803045143954936,-0.7399246109588621,1.2786044945043253,-1.268686969189888,-1.4377161059056498,0.8171540897016168,-1.4609895245510272,-0.572702403163622,0.39832666045548837,-1.164763939673914,-0.33104306817019247,-0.3388234560823646,0.25402356018604927,-1.6605414593979522,0.23028490823007752,-0.9749923379719171,-0.12574829249287184,0.14505593180350013,-1.2066651280480776,0.03172704255672093,-2.3862080320669348,-0.2225711188614758,-0.1375703896531421
0.3931708819745235,-2.1830503741024483,0.2193606532203995,1.4166656210905968,0.741115416886716,0.10458238454514546,-1.118440916217491,0.8039593769807991,-1.6377066823547615,-2.365955475290373,0.6941994651586161,0.890066951878124,-0.46626631396764223,0.17155430256508175,0.43609971333612363,0.5800027015412982,0.2241712915751066,0.20270634494593565,-1.1158069583237622,0.4011836204282003,0.4091484523500879,-0.29868443611612827,-0.7471137719662149,-0.24145678147992394,0.05808692427570401,0.5393474992639502,2.290754822763967,-0.968125212622748,-0.5998682346940127,0.4819010616291826,-1.2025124362928092,0.7661918285443929,-0.9304398537390124,0.9588233633524725,-1.859363819581111,1.2866380015474115,1.5806156154466748,0.5171833942234738,-0.2973404930587987,-0.18925082110988078,0.20922503880138227,-1.1785090144015646,-1.5239297797973759,-1.9406007616939456,-0.9633368156841124,-1.3051339456462783,-1.234157297853117,-0.1944189227845745,0.5038666190146521,0.5112930758485945,-0.7683576235931818,-0.485191282828949,1.2568966647545543,0.4444203104263753,0.018113015913368863,0.8444953158016839,2.0600743669183164,-0.11102733231800499,-0.5637191024007351,0.2619242906442739,-1.091546436380386,0.4104007607148171,1.1465666252394646,0.899343623258561,1.9195375817986795,-0.03556134235555941,0.11100935768007367,-1.0686271400766607,0.9865577563009764,3.0145941999046797,-2.0549202642959012,0.33656199382781843,-0.725508792182827,-0.7972490592591011,-0.3911298176298244,-0.5067412811865611,0.8343071200552619,-1.5673600705888764,-1.2011710096775834,-0.026061006440642593,-0.7888907654700654,0.5593695709991167,-0.16629242710933487,-1.7189626305909118,-0.11786837728547908,0.04770604461653011,-1.719368437779546,0.007247986235346671,-0.4377423988894452,0.6879547082322082,-0.23569685251610156,0.12829106063396695,-0.7101680744814218,0.13548117128218617
3.277288117648684,-2.4395875691069033,-0.29161559507284496,1.1145805529455184,1.7168770822171087,-1.1501722101592706,1.1030118564755296,0.18378805542283583,-0.2710745364744416,-2.213234314446529,1.5542255165334469,0.6808011278093377,1.2019277757173508,1.3545620524329998,0.25606118599389505,-1.3524386858680808,2.235565548648011,2.4383520296563495,1.4798239394915331,0.10024652022316485,1.128231520201531,2.5939794925974726,-0.5411499768341879,-1.3156187471184961,-0.1918233663968275,-1.2795357790486208,2.332567800910022,-3.586597341821426,-0.8806404145684728,1.5008012980192764,-1.0681811963875987,0.933856203404459,-1.349411076772884,-0.9953085650490587,-1.9416792545194395,-1.871708250330971,0.812056261411728,1.5388879682330592,-0.05529417987320928,-0.8495825379375209,-1.9985875515156892,-0.9598506388951866,1.6884167978199416,-0.9075789805281095,0.758151473333772,1.8426263681669046,0.916704422363649,-0.31738873713893023,0.9725956524389696,2.117676563220497,-0.5523395911624361,0.019560794934815884,0.2718385822782514,0.47263230307122495,1.673690089129865,0.657013789482852,2.7787294065316486,1.785146507964333,2.6650240376336187,0.5514124365033435,-2.060636851906628,1.316532779491713,0.00022168018227829156,1.6148564237844747,0.7751024664233116,2.50062497901183,-1.224003046338409,0.21426073013466035,0.22620527285655476,-2.061680625449384,-3.792696843650333,-1.5776174574397204,-0.7186943626756935,0.7521060642160684,2.1859685829336217,0.31488370514821284,-1.4724619980625762,2.1919043515022,1.7038982827379252,-1.2778845774669032,0.6191425692827556,0.7200461933703117,-1.8647960886508246,1.3060062954189402,2.8847828846409747,-1.3317457715672467,-0.26494974745127825,0.9168203568482625,0.6112593069088053,2.678724313302779,0.6912689893024972,0.9234525907623696,-1.7075742610298164,-0.007396960796439811
-0.8429442634430968,0.07683487977718595,0.39937473350031377,-0.390251493327974,0.2860279743233598,1.4581417893565263,0.3893866890374781,1.0463535642239823,0.3929732811519164,0.051517240117816804,0.9011118987523606,3.533028066566102,0.25248675120065717,-1.2927284733003468,1.3992977284227497,-0.04029278994252106,-0.01707913685334346,-2.0989417677508593,-0.11072020743062384,-0.012889395217693445,1.350119775047848,0.29038189597887876,-0.07261937065759594,1.7024910168564675,-0.3073400333089071,0.512444107360604,-0.6637950021493828,0.9272617173397024,-1.573409681526368,1.0742225145873545,1.7834622711503147,-0.8779293790982496,0.32776942914470986,0.8665572332485831,1.5598917207858896,-0.5617580628980036,0.8013654845305809,0.48847544916106345,-1.6494505892039406,-1.1070950060861147,0.18716324262648554,1.005574705535413,-0.07721945694027388,-2.2252384422576243,0.12081431491674159,0.11623875057636968,0.6659262211203938,-0.11305537313124292,-0.46919765430736876,-1.0532230322255722,-0.17698458189275884,1.0797819571972465,0.3478238249971709,0.3563036652388528,-2.565286594490172,-0.7956520046048314,-1.1866173571512906,0.8691170274635881,0.19349693153341646,0.8263884938020174,0.05364507385410783,-1.0601608349311897,-0.02589387831726562,0.12549123690545128,-1.7537002903005474,-0.08672594775842174,-0.8740596465694611,3.0200974430045,0.5608944702760584,-0.6908474147717913,-0.4160001413226329,-1.0924555792156176,-0.8851329201372846,-0.2156403281897734,-0.20560812804993164,-0.6258805553524476,0.07979043109152817,1.9878587711257598,-0.5316003849067059,-0.759079638400398,-1.982231846255998,0.16351726716149942,1.6082498226646473,-0.6128914620528364,0.17251740022203596,0.6200655810679587,1.8315696048524068,-1.9458249538299937,-0.579568483918674,-0.974808799273488,-0.7931695320396979,1.369921506040985,-0.721019112809976,-0.7063069241463324
-1.490104683612115,1.0234555697763963,-0.04607570380836054,-1.178258381532401,-1.5995153739554946,1.2360842532861318,-0.1266276741297096,0.0979151974785224,0.8337921099719333,-0.4945287397385625,2.5340282308811597,-1.219736333200124,1.744479649370755,-0.4169280588160485,2.3015071617745466,-0.29081684921679035,0.15181919801763982,-0.8050625497193258,-0.20502655482055032,2.385176291839822,1.689053731457332,-0.7771832846350816,0.23067809996467048,3.572309386156105,1.6367673798859652,0.7583169169499466,0.6616919190042958,2.154273419301966,1.6965687420561433,-0.3866325324461748,2.195217326336134,-1.5969098970584619,0.3377196180346903,-0.19339232124697112,-0.4408822244401579,-1.2838180451461818,-0.6860002598496971,-0.27671927908229477,-0.728845712450275,-2.1183444466309247,-1.4492981188237688,1.5017772773560105,0.3535397528377545,-0.7173978287323106,-1.6671322189498308,-0.2743401810857848,-0.7003489120277379,-0.7335104876319951,0.3993260465968802,-2.424956033644548,-2.9177514190947873,2.0981822315177525,0.43531590459442415,3.5415192940003957,-2.186663340308172,-1.5307960743146642,-2.9152438860753,-1.7640763898204193,-1.5204527534127352,-0.6442530320871722,0.24330492562421524,-0.27927677417182917,-1.5974532338881877,-0.9633337699968696,-0.6693293337997502,0.507898833278086,0.10777626214743927,0.44352339627022747,1.515295948090249,-0.8135031222467322,-0.946116371516623,-0.05766633277251787,-0.880249848070888,0.04314786935159087,1.8270627785069957,-0.8827034735658914,1.0296784969688102,-0.657445582482979,0.874111610005412,-0.5170487816345042,-2.39667901982464,-0.09348581456505567,0.39050176639242695,-1.0153457337370968,0.4923178246729043,0.1912790852306379,0.44838077679249244,1.0899027680567015,0.0442710511871753,-0.4230599027113941,-1.0465096043021478,2.420622846830943,-2.1961771834903234,-0.4663648228273767
0.7249782808588632,-0.7721393599087253,0.09884343364751516,0.09717718100956851,1.5993559162764737,-0.8966576704843601,1.8308364396488352,0.3181121008940181,0.4214648290172337,-1.0731236345134618,1.768789391744221,0.3344380204786206,0.37303272865159964,0.7503849782156348,0.32382877567809204,-0.3838915709514794,1.7013909941302767,2.771343807363142,1.238207837432461,-0.4222606336152709,1.5259304186146174,0.19133989588681222,0.9609723755740083,-1.0856569884906624,0.4236649308120174,0.12521028587179456,1.9806308375296209,-0.9176238863413452,-0.808603019438802,-1.2532043313333194,-2.266055304207719,1.3416595057279643,-0.5640446078798924,-0.011977630337640086,-2.1831180971167248,2.5952184726551506,-0.17443507282652582,1.3024550487658333,-0.8444205435352805,0.2762702516328341,-0.96720514676235,-0.48898130021389624,-0.2844151829461857,-0.3662947610996506,0.657836480884361,0.4394405513842842,-0.6314710062122756,-0.7642123297834265,-0.8140687903517824,0.7031640867014667,-0.7855924300505801,0.5546303136803613,0.32899035421420475,0.8206584781601911,-1.0025694059204664,-1.0187493556398284,-2.6052962010893816,0.07816617385660751,0.9833722458755465,-0.27457931321523404,1.0210428066586614,0.7610062514521609,-1.8191582954996237,-1.1548962572353698,-1.6510107973844714,-1.4580618050399163,-2.769075302655261,-0.6027310481688034,-0.7225194073080025,-1.364312336805703,-1.2715894522204672,-1.742171563881534,0.4643513160570918,0.9408079095018744,2.8559013126361927,0.866797518812187,1.917735814269657,0.34781598893882437,1.1425467104397038,-2.2382655129153894,1.1451565544278068,1.2516393773207322,-1.112749022309367,0.026654710135775323,2.040776280293101,-1.1367587359656024,0.11205497110134771,-0.9230268392562871,0.12857708862594974,0.2691368718534264,-0.16063874485657859,0.16558389162638631,-0.7225588200664737,-0.034603993254289894
-0.7803177058955049,-1.1015746860311784,0.3784431333730949,-0.15964206128233,-0.4927860905200876,-0.787926318355114,-1.0064676984216834,1.855963678386523,-1.5365040473134641,-2.835123946574246,-1.6916273299247115,-0.46622779818492166,-3.0211285239231596,0.5175695418506358,0.35129052082663625,-1.292393446950423,-0.49374394050340903,0.24456067662201164,1.4447073097847984,2.1652542534463537,1.5580664473454613,-0.875344948748074,-0.10320797888472744,2.5053866092030668,1.433526265079167,1.5436340951586862,0.39011364338579635,0.5471112673742882,0.8184454575316154,-1.2731000135857782,-1.0872263168497318,0.6853450631848388,-0.5057434148187601,1.7198935967493427,-1.9195450624207813,-0.07100625636589254,0.7088932718278271,1.0740904368805901,-2.4626487529346246,0.0783785182613288,0.0787109959342184,-1.3426765674399541,0.261006952781629,-0.957879043371785,-3.650932454490473,-3.0837912073238347,-2.8823068180789826,-1.5177625317383396,1.0276263467522502,-2.087394022673848,-0.5821351279796474,0.4728134680720394,-0.3684959040242961,1.422264022839809,1.7031227258434904,0.9622535366143457,1.2011437337700457,0.15506555668559907,0.05312680219622706,4.712858440060577,-2.1429298943730366,1.397858954051952,0.5155993275649475,0.3434423629974853,2.721132174527842,-0.7387871016028976,1.2614515353182087,1.0418952928608798,0.23115540741533036,0.4157485687102682,-0.3994807902122789,1.0903247656974924,-1.74899842001494,-0.6188514334555375,-0.7886031251613446,-1.3173865844841366,0.24350564091483978,-0.25715281855417516,-2.895964743497525,0.3452570368658195,1.428522050809626,-0.5226687462453633,-2.2742664505908774,0.31321555814179364,-1.0859290999400546,-0.3828488590131578,-0.5140187630239066,1.049262565253853,-0.4261824832177108,-1.1508847792821535,-0.629348406946574,0.6915117077383826,-2.182080685587702,-0.7008114994068526
-0.3676112018970305,0.8299143072150235,0.6133248840766611,0.8250457012304834,-0.1497864054455557,1.4052196708635607,2.1997882437863017,1.3962219500241646,1.9402818148285432,5.3029035565636145,-2.8793958784396643,0.028943358427734767,-1.0890057901700596,0.6583378868530079,-1.2582833527389425,0.9323406306879025,-0.36994873763236413,-0.7608734773817616,0.010740150941937948,0.6150551496275578,-0.9788946299312269,-2.4748913618836816,2.1678884770847997,-0.7516856078461924,0.2333999418182341,-0.06327745584207028,0.7819848356452956,3.1592064574044914,-0.7450656531056576,2.0391692229715495,-1.0709140971310658,1.161917473745256,1.2141051200386448,0.5553357124948534,0.7457349247995847,-0.970909450384098,0.6030709429208965,-1.0249023722246313,0.08933011350011869,-0.5336407943513244,0.009939939462248693,0.7551447082180077,1.5291906981396233,3.466666416066872,-2.037846540294871,-1.530016274104766,-2.806684568473889,-0.445943817212182,0.3557007175085608,-0.29933663173899216,-0.6274155289997592,0.48429203981009494,-2.269256978063854,-0.7296019664947224,1.5507678645992522,1.0673251515018045,1.0511487393943928,0.9607380303045526,0.7803917346002536,-0.8809146094994813,-0.15995583507971797,-0.721465106092683,-1.8830026931034394,-0.29941067638164093,1.2761860180584352,-5.799524881966715,1.7839092508200343,-4.708419871436448,0.8247164025952987,1.2341491729615441,2.9526615017040325,1.8332743052780207,0.04449906253217911,-1.1372425735346177,-3.2216573633336285,0.19264851346642595,-0.18928055785221506,-0.3250928725674135,0.5882568047744482,0.4743142548699777,-1.6067816251639395,-0.4655715357339923,0.3742246538576005,1.8692546183158751,-0.6451367930268254,1.327697039490596,2.0472134410288145,-1.7284747863080523,-0.5769378687363885,-2.0111211488218066,0.08854952512365116,-2.489518432067695,4.196743490636685,1.4540181899018871
1.061922076567792,-0.9094050198350406,0.08007569662975533,1.266667438371543,1.7558898535419556,0.8088046592287763,0.20451906755816351,-0.06454587468415962,-1.7456069961756913,-1.9338197029802537,-0.4612210978163618,-0.22952460597822116,-0.16399137477585662,0.20259342090143287,1.407877595942349,-1.6112491493082644,0.501451085561766,1.133887473678802,1.6375437135060698,0.06351564214686284,0.09309470851724214,2.0447982072645665,-0.04767045674207698,0.24308697506479193,0.1728273543539337,0.18517878182815362,2.5309501314788414,-0.37168769744495245,-0.3758849752679391,-0.5367550174926214,-1.459473463253702,2.9515805809935642,0.6103148061351531,1.0462870650933183,1.0527972049289025,-1.0090388692360652,0.8902501541003699,0.8582635516032204,0.36280065143715867,1.7482532231062393,1.76760954780468,0.07667119091177814,0.5034242613645667,-0.8177060385438515,0.21108402051450303,1.3063970638194775,-0.22726827209651357,-0.21580272651629825,-0.0764391726901489,1.607247594408628,0.7691427677174425,-2.058518344281004,0.11613844796795708,-0.43649413184788477,0.40010904528178504,0.32507750468522,1.393587376785558,1.2920321050566166,1.0390112903182338,1.176825977289565,-0.7164378872313031,0.2500022113397962,-0.6266908458311168,0.21131288200526854,0.21908624486620298,0.38930607881606705,0.1031356612936476,-0.2508130399195321,-0.5854587229006323,-0.5035118563306684,-1.1595960398477543,0.25477922226216676,0.01990832741231341,0.2965486213660603,-1.5175402416662607,-0.5461224143648089,-0.11605836815627585,-0.625836063165927,-1.4141240543482048,0.9593738459008819,0.435108331561053,0.49770531955303904,-1.0499079524739332,-1.2137195437770787,-0.33269052975185953,0.0591683236855608,0.6169359416532325,1.9475832305924048,0.19942602378607177,1.8880039942764186,2.434230408391498,0.5655674814210805,0.04487496235280647,1.1825694613736395
1.245270333764266,-1.5932851288692134,0.24186632129033045,0.4408972477260563,1.3931455259094607,-0.5052563243061892,1.6484577300952072,-2.4781083997470197,0.8718498423009597,1.1591064427351219,0.1760998239710918,-1.7817828626741665,-0.855437019898792,1.9541277020393857,0.006217293706075831,0.15544857890799357,0.6465183326635188,1.5429736703837738,0.3069072477380142,-0.06571284407087764,1.0637457093692835,0.29806005928521584,0.935004557490688,1.712307607666038,1.0605662505478501,1.3047975306330843,-0.16211689753383582,0.5900587592566973,0.15287810271146185,0.42018477599057874,-1.247316641824017,-0.4676245151881129,-0.9543803322265875,-0.9920192729578048,-1.0152283864055462,-0.867078855890961,0.7873608821485465,2.0947939222816325,0.303850437466924,0.44374628226872914,-1.729106718277997,-0.17717923111829004,-0.7324042989670901,-0.8617810284788561,0.3578215175020112,-0.23573371399224805,0.23466214710814265,0.46556183843923177,-0.3658373463138821,-0.4115115119320991,-2.4509947757660844,-0.8390489808103845,0.28525405974038465,1.9301820967279406,0.2665660605526684,0.85227994243755,-0.3045440662497765,1.5023789648242027,-0.7471701474274512,0.3696747908600946,0.17754634776734846,0.9730038990727513,-0.928014553516421,-0.5391925042150209,-1.9994364925677026,0.7523821396024849,-2.7597391538130696,-0.9107258751884794,-0.8195595909181643,-1.4070063319848567,0.745536724947875,-1.598179389178542,-0.1069760850736085,0.6018464948161878,-0.44563824972716465,0.24295059983931375,-0.8722009903095421,1.0194775755462238,1.126367960221499,-1.5789677405515807,1.623994313867206,-0.6268354405185624,0.23344787815697401,-0.6893393328096858,2.9841083384413323,-0.4923149038460165,1.6299930345930589,-1.4849161333028897,0.31584808748503224,1.3174915863783976,-0.31091582687681224,-0.17532394406883647,0.2579745811505183,-1.1010231423418144
-0.4452045047136437,1.5345766315967109,0.14905819017796826,0.8698366339623209,-0.33858495583582077,-1.7113538447542989,-0.3155835723849536,1.7612034157706336,-1.2693806918971626,2.1915094082663327,0.12189181728916626,-2.1772148584321873,-0.6393788277057416,0.7909420298194973,-0.5082391735070507,0.18493756174964993,0.5783756930862588,0.5048870378064737,0.387714261344574,0.41840559933079136,0.3027178092328895,-0.12546660721901814,2.142344023543121,1.267339269968488,0.9021486047090381,0.15465717718927907,-0.2732210209227071,0.5172298516631779,-0.24790552255314435,-0.4766759553071639,-0.7648102358600756,0.02635162069731417,0.3874257291207755,0.8257658751933461,0.683520158036877,1.2060029552229616,1.3698307835587071,0.5177172224813249,0.09593904291062677,0.6764045139426269,1.661638651068393,-0.6812749286785713,1.6490751042330656,0.003920622453860267,-0.8712062174069932,-0.25129899905237574,0.7332279045538639,-1.1943628886835531,-0.7872994483880446,1.544910235299849,-0.8559616776749533,0.7425168935074851,-0.09450006388842208,0.089194828368508,-0.263604269185545,0.7301429534969304,-0.8951077757498029,-0.21540021579964314,0.384959996848577,2.168709341208198,-0.1739340862761315,0.044461399738913665,0.6315115560342877,0.803166726267162,-0.10239018700979496,-1.0951893576282314,-1.1681319866942736,-0.29625444231997555,0.5577577022065233,-1.8397447942532836,0.08668258793508976,0.07837666436885449,-0.1464693997447076,0.2639385140485927,-0.4321066173428223,1.0589296470553875,0.4986231060947039,0.22559060637931977,0.7078618671392118,-0.5952950463568848,0.12215901270481858,0.11911094635512733,0.1774712165258957,0.2491460833162821,-1.0475499155079464,-0.5495690721285507,1.4769004483773869,-2.1796958732986687,0.28660218549784083,1.1041182989823632,-0.8824380979108907,0.38154774553293336,0.8341744214838444,-0.1496594404247066
-0.4882492450832161,-0.6368448272941682,0.005787109175703316,-0.4607150927439838,0.34969748583188853,-0.16327393570252013,2.108392391362906,-0.23085420373837898,-1.1274381705716463,0.721146059236798,1.929756342296102,-0.37846527669769614,1.4984969281694758,0.08192369735747532,-0.9938254300306039,0.4191017830569249,0.5045087892358633,-0.317598000393052,1.575641939618536,0.6902530984047478,2.9465376633944427,0.5014152675244952,2.8608435862981785,0.24813419508951773,0.11237840687966362,1.3684278675998107,-0.4463042545675463,1.520249793275787,-1.1478437293140737,0.7111379626992582,0.18065215008744367,1.0007443075765452,0.5440030020059133,0.8363494757367369,1.2331320610384358,0.7908138143388088,1.6116886330990567,0.613839144926397,-0.9699486362732638,-0.34593888363095604,0.6425663780462505,-0.5845733551672142,0.12126146327941936,1.6261452423552472,-0.006920220025417423,1.477145603167904,-0.9274153814734788,0.4341954626074998,-0.36190919408400096,0.2725677645181443,0.32499315879136914,0.6585123404349429,2.0610855963011643,0.9633875612998487,0.02395340236738419,-1.1821847627191158,-0.20599161857113002,-1.5990305046456865,0.4992853142676528,-0.49733002952874594,0.11518625089160806,-0.07249110799399791,-0.04973468750818344,-1.1973392958390374,0.5347157182298337,-1.2247824573568842,-0.9233873950964949,-1.280572241270004,-1.0433109055069594,-1.5412960305473082,0.731476997966824,-0.8055232005134332,-0.7651740525062474,0.8243110996962146,1.5008658227446208,0.9218722808116199,0.5285692911959328,1.3767356913263713,-0.4589935508152104,0.16249644096187849,0.6089617291646898,-0.02125496729246645,0.8784035944650133,0.49970770712127055,-0.19688500448400204,0.4969910233548228,0.8744432712895089,-0.07136665448666961,0.751555963326528,-0.12646500152678197,0.5449780857517159,-0.6317383880526379,1.2164483429411606,-0.8327599590071251
-0.5631605395149258,-1.276612842383309,0.23489594843957312,0.4580596847526489,0.1008324528183625,-3.0461736987382917,0.7839973436688071,-2.1918842909287934,-3.095235426915584,-2.721593733668569,0.8674820190866178,-1.6416521247928706,-1.1871311930406332,-0.3189441206134494,-1.2413109902927124,-1.9275832464616816,-0.6368663302145359,0.5914827870979128,-0.43104389980317287,2.279807684293932,-0.28377644636279337,-1.6205523230918288,-0.21420235286229095,1.5713705085508758,2.113449838530314,0.9680277490315295,0.27846887572653445,0.8218772905096969,-0.7330970803193919,-0.5836415459826051,-1.3397065737336942,-1.7368552855229478,-1.6095829396416865,-0.20116720215923242,-2.3127962501227497,1.6354901719896664,1.138639122625839,1.3130257052817877,-1.152842585091674,-2.024182629917015,-0.18388474056901077,-2.1179332594046922,-0.3867016781604223,-3.1568571786187465,-1.6610514950217448,1.7583518378695238,-0.7354646071042292,-1.5062167887604128,-0.028130669579407158,-0.47714343295431627,-0.7279886316530626,0.5113219603052873,3.196912729140415,0.10587819461002028,0.9590687478395287,1.0887338281250178,3.148353690037541,0.30303841507718476,-0.7688611908915101,3.3721323382689383,-2.4007245416449203,2.495571847827067,3.2812930960079236,2.448279381267874,2.8075160136697517,0.8721969374784868,0.8951352451690255,-0.8526663852179922,0.884280601421137,0.5157422527693417,-0.3057942783319571,0.6807886212163847,-0.5121314680679725,0.6274951670927031,-0.6311138738695014,-1.5468817084155966,0.6677611845462647,-1.9898757039822024,-2.57007531167258,-0.6899691833980108,1.430483401608841,0.33063838494757936,-5.256331433036864,-0.4190459659495584,0.5462023267077647,-3.116137026176429,-0.3367538335017637,4.348249505766473,-0.18729111215726205,1.3664869450946433,-0.20123348731726415,1.762074990404784,-2.7232433854064153,-0.372978859348918
-0.6087397745340567,-0.9953955647214654,0.8266448918532936,0.11891543157243172,0.28740148995123194,-1.0754192406589964,-3.127635714073438,0.8856575719640698,0.8074277298570502,-1.2273207074511725,-1.0235276130312068,0.5085317886163593,-0.4084945082047452,-0.37449651048362664,0.20835984557226944,1.9036640070660273,-1.6328141169836343,-0.05500815498544126,0.17191771114161308,0.60259403064465,-3.0361702432561906,0.17309030900649877,-0.6904467543944323,-2.369423372133415,-1.305759587596223,-1.16640798278027,-0.9744006243705885,0.18771787158919817,-0.5662355832013308,0.5502846089367324,0.03265848543054639,0.030857396222307765,0.25082626447510925,1.6056723374835529,-0.6487160863758414,0.9217182258822132,-0.3477729820574681,0.3947039511888658,1.244730761967033,-0.3158984766722004,0.6590766149047118,-0.18524558261039656,-1.27807923357847,-0.8206111888295577,0.6680996338396129,-0.03273532676236672,-0.7921873856947061,1.6493270639278224,-0.6547428878290709,-0.5858264545056111,0.29217106000899096,-0.7960466299652852,-1.1416903655711927,-1.367881320228175,-1.687379566654353,0.20815666606034608,1.9603493974902926,-0.21495501286496568,-0.9480052371352786,0.6889447968803454,0.7177561859679779,-0.26159453251256826,-0.40697216161842537,0.14672751459983852,-0.6882563146960015,-0.9606562002258452,2.348038238581986,-0.7450140188675495,0.5470786361081352,2.757894893402462,0.07345237182966552,1.6949912184715894,1.7389800272427358,0.23074377384217948,-3.374328626351169,-0.7274895715439147,-1.7442032760610766,-1.2915515751114632,-1.194771311171522,0.18724355266553624,-0.5297472515072139,1.094635156429732,2.4978703237218447,-0.20291368077659533,-0.13590176909412532,2.8028473537362717,-1.1957101687363014,-0.6903934452615493,0.17848017623127005,-0.8011975831415546,-0.37309219687386336,-1.6735857835624897,0.44856663189789453,-0.46498710401873145
1.3534006365367026,0.8335700193541697,0.06928076977032932,1.1636822423665283,0.32148286781357205,2.4690798481911767,1.027973542815856,-1.0536070371935096,0.19756374470510524,-0.06325733929052468,-1.1904091978374869,-0.20600522129861693,-0.3521078625693666,0.6788668853091959,-0.11815240025938249,-1.580782854123479,0.6251675187174307,0.5865294721967451,2.0854325668316225,0.8853676785570181,-0.0037241383576526177,2.687228698179492,0.5827297562005576,-2.024109008132707,0.028825158252129723,-0.01738817570914769,2.134964956793226,-0.7922192156045909,-0.4546875618411046,-0.8908793461272325,-3.788221453984651,0.40663207045680916,0.06115609492274654,-1.8437466507749465,-0.31056416368298834,0.5370542334359689,0.8409370252953511,0.7709640703273968,0.14013674264079956,0.21766615732202169,-1.971248158612056,-0.3405209006545956,0.7479561315528915,1.5345101197600717,-0.8071327996929111,-2.0915286743554864,-0.3430744378106283,0.8019402617947408,0.3794224190447465,2.585465580202312,1.36016078570286,-1.993056263294298,0.3775339378981642,-1.243555577878157,2.4557792127111115,0.23280935009228862,-0.8335124461991467,1.7843362227933375,-0.2936592449274775,-1.8324742151282485,0.8532146588833016,-0.23488341107508745,-0.058955284030759225,-1.287659108276644,1.7951608256285048,-0.8299521428770124,-0.016528284159390116,-1.7175912916312,-0.33438505017302533,-0.33616736902094535,-1.3041835781916484,1.038817305946262,-1.3204209971477403,1.1562131428886582,1.0599047976586944,0.7084334575625552,0.5439434339123466,1.451607125621683,-0.5079439813961264,-0.37193360431728517,-1.3864059882027304,-0.07602872232782237,-0.4249325513565754,-0.9395272848821477,1.1033502208907173,0.5583407741350425,-1.1448805731197773,0.5352507162371893,0.4971364005189506,2.2809541570716094,1.746376689845424,-0.40625051178157345,-0.18796981414474434,0.37871895920184806
4.368480994559428,-2.501334578403158,-0.6069092462960393,1.226968693363234,1.1895998788771065,-1.4646725799760416,-0.34613714830391573,-2.7651598991520085,-1.8851105924800269,0.47317942294267556,-0.8788421015159933,-1.2398820208745414,1.1126361536816478,2.254321650708848,0.2638102297787842,-1.0437178968592216,1.8452604972384943,2.316603375795949,2.4311728724717296,-0.22683557862972265,-0.56572291343825,2.1044080522577913,-1.0561476392272682,-2.838527452514546,-0.2354630725798635,-0.8134776337672563,1.6675369792363204,-1.8191305843339154,-2.863625174755877,-0.06375056956966747,-2.1560963506387205,0.25772501042257406,-2.5673849593625313,-2.207974429430266,-0.6422978288233198,1.0646064868134544,0.0062479059266797865,0.5742168193378792,0.2631873159259378,1.7053713321258828,-3.4561848821769567,-0.7537866044462451,1.635732503198073,0.9938178971808385,0.14581994195002912,1.5685999704481164,-0.6265541055598725,0.13105016703357852,-0.6887724889155444,2.2291010026334197,-0.7217971059003037,0.46920551311524283,1.943052270540489,0.17456578455634741,0.25809281495075764,1.6530662903494757,-3.6905808810222256,0.8646466429533776,2.998104019561784,-1.417995816542088,-0.09646535079607843,2.7032808942661033,-2.376410710425094,-2.124371684005911,-1.6940123189053766,-1.3600978321703567,-1.3357731605386387,-0.6774156871892295,-1.493291286561457,-0.7815752900018546,-0.9973951494773248,0.1274782869645742,-1.6417600439681739,0.8154804750300892,-0.3520602805396254,-0.14497654055351167,-0.4178754008203293,1.8386556827370386,0.7353196945374708,0.11578236828589165,-0.4099389738230326,0.11672317810000167,0.03468328971500384,-0.4402802145434443,2.0138355205376453,-0.18378996442036588,-0.15998260051992952,-0.4437095692111545,0.02310878671952468,0.8308276641781022,-0.645397344684075,-0.39120001112970215,-0.49142744514976294,-0.554505352219714
-2.1050749560120083,2.4388028739970675,0.19853126725766243,-2.467788516061071,-2.512695474534439,1.6508586458787475,-2.0788265077106156,2.1941676702903026,0.9680028619777667,0.5612463696257574,0.9202168074584767,1.8192087584928995,1.2774915393133868,-2.660372289535676,-0.5142197009956936,3.155676983746596,0.6773687387506492,-0.18397604309745708,1.250735892081573,-0.4777948870846947,-1.7081597408447151,-1.104905073592425,-1.180784053235717,-0.18275930460468837,-0.21991267688472568,-0.030086588061072117,-1.3342532471585504,0.6025323958246859,1.4995320101144487,0.07774339247707807,1.5396857957415602,-1.522514308643705,0.977982301972487,0.789414769062319,0.7560867857247697,1.089164374865922,-1.3322691052702722,-1.8668015567850451,1.2972905738903695,-0.03782337303295591,-0.38521776481176073,2.1912947125164597,-0.1219744602124479,1.362569777321724,-0.8996587742459491,0.796212162170318,0.1727191336551498,0.46892010561139663,0.8378150003479231,-1.7407728616920426,0.17425459082356343,0.9574925821803348,-2.725681325794517,-1.8475356596145824,-2.411106529238535,-1.0276336623363185,1.6771101184409618,0.5574907761834567,-0.4375789497458952,1.6596206485945257,-0.7587072549936542,-1.915359707605098,-0.2547532792871453,1.4101298495019086,-0.08000468959107798,-1.2356993089535997,0.3760177237593886,1.0264219368037684,1.6597082674559351,3.3518116955031103,1.2928823374205518,0.6045755145199573,0.08689628323682469,-0.34556544666859773,-0.09517329102861308,-0.06426649361939729,0.7258505972035124,-0.11560142507084605,-0.3492935694675643,0.18382497108463175,0.8481900723954834,0.44980814748129255,2.513123287607004,0.18835741384618848,0.36149344432026875,1.546915568488294,0.004577750058695096,2.85473138843765,0.4029712992588072,-1.1024863451121567,1.2130215710680796,0.7289876935706461,-0.06986184281138194,1.9627972113043393
0.3245259905306072,0.20208055931953806,0.39468934500862357,-0.15439833694281482,1.0954451694508636,-2.8418433851294234,0.6601660024274195,-1.0292345327080943,-2.285535959046108,-0.2943705505052251,-1.2819461987080716,-2.62432469653537,-0.5495406917525829,0.13997472692055868,-1.4762622007963004,-1.7021541341483557,-0.5540941779604304,0.6294298508102312,-0.2870529011986229,0.8338810271380339,-0.413931947029332,0.5066458562689885,1.469352955422081,0.9277784422746792,1.676917672861974,-0.49234771566197266,0.3105295366943418,0.816698991175346,-2.0558051774091264,1.1818479176703933,-0.4749995528058366,-0.026476758210233764,0.13630618758924867,-1.2612018980183164,1.3252394392046272,0.5068727904824853,-0.8618913438461119,0.643551226550929,0.2634158546306228,-1.1779472332156602,-2.8583626277370247,-2.905946669443753,1.6577957810816137,-0.01850103962510563,-1.9282497537414298,-0.7347265930515519,-0.6996424322612513,-0.005584963913254581,-0.008685185969418419,1.7545583103826878,-0.15130292357080677,1.3943009394116759,0.20098572283766702,1.4764476096565973,2.457394862296873,-0.025687300793363843,0.6534446650143054,1.4873207299356852,0.3660236659324516,-0.9787920467658116,-0.8020031342899148,-0.2519865128673625,0.8389217477162393,-1.080676911496022,0.12271268537312983,-0.5986239689551123,0.6255186905950307,-0.25671090815319286,-0.8239823029676914,-1.8185094275650058,0.2641400350041876,0.1765963425999472,-1.4372288521822167,0.41784056772315276,-0.15058298014476024,0.4444466621191569,-0.46833051871827225,-0.8996092843813921,1.2172868380005875,0.8448526148892366,0.07895250386113206,-0.9165617105425574,-2.369735063806374,0.39910694240748346,0.3439834882411898,-3.3203302018459007,-0.887890579989874,-0.17677511676881708,-0.6771891448304542,-0.18266202480290253,0.19822353692381522,0.5929266043333341,-1.0590235258355951,-0.1979584827928602
-1.2132982152446896,3.415443978476704,-0.6227843608808291,-0.011592799386360708,-0.6016432153782298,-0.46754918832933146,-1.2220781887976488,0.3112763542929274,1.6620267122520103,-0.19618262325675204,-0.0901867099400484,2.5259912375038565,-0.7664901471320185,-1.1057118263410621,-0.0833051181526999,0.49953157285499306,-0.5643964579107852,-1.311851812659239,-0.19412444838382298,-0.7274461306294349,-1.5374387114463923,-0.9893537607951972,0.5309023164431267,1.200969945149195,-0.0029076826454099147,0.9760634678748046,-0.5899788477263403,0.2667203794167604,0.9645391273421433,-1.8699989807965,0.26005873108022526,0.6414244454454314,0.6621858367276383,-1.460518526775655,1.0885414213517546,-1.662568939774383,-0.3757884458078338,-1.3105613810857182,-0.05791370276150909,-0.47120595545460087,0.6413512692708104,0.8715789251226257,0.494414045489711,0.5333255635708571,0.9044786609483522,0.5912314332125989,-0.30522406055849965,0.8274427046650437,-0.23180486697848163,-2.4242938372308536,0.6467024912652899,-0.14399518699956265,-1.031519844071356,-0.3281301011745166,-0.8845210880200463,0.08484418505190672,1.02773401585876,-2.130134354246485,-1.5722647445618643,0.1452476487384085,-0.8867861269679287,-0.022483333167516162,1.8163179652903998,-1.3230296709204374,1.5388910417025201,0.2994603370514097,0.08352779307730879,-0.7353256316513496,0.44208570343646086,1.7600688904885384,2.4757846535266586,-0.08109904337690982,0.7080284051002161,-0.33366613139713774,0.15839613463523317,0.43298119221253145,-1.0177627734652568,-0.823599483060004,0.432879934395184,0.7888213217998207,-0.7321354217043321,-0.12393916630279889,1.9780121341306864,0.0660085132394673,0.12973384694585927,1.6721188925929045,0.23051258565189373,-0.22824050319588632,-0.010771596064143501,0.4452178219902023,0.15243981920597016,-1.205562854088829,-0.6099523981069142,1.1271560282798703
-0.8716899309782794,0.6800176463032784,0.7553048538976568,-0.7289812177964565,0.12908779516587143,-0.6506650422421341,-0.0797994523110826,0.2599555703925009,-0.9319166585584364,1.995761170807568,1.4612345213372468,-1.3434502255339305,-0.4437484340519942,-0.24212428160929922,0.6567320822655286,-1.0665721380034583,0.022273602262672665,-0.3390382666399325,-0.8573889044367543,-0.021895320958138953,0.49705245850227353,0.06333941431622937,-0.5186700274162297,1.1054924902218937,1.553602903770826,0.6679973642219436,-0.05326343304707774,0.09692785658880232,0.44039552028054163,0.15419307762837345,1.506678290011818,-1.4899055390243272,-0.11286125855364586,-0.6470158844247746,-1.1629325243037931,-0.7266992276444829,2.338833658342609,0.5993981837583449,-0.5915600065703611,-2.297302293353431,1.394997363248376,0.20869115000175487,1.6216612147036553,0.8851764461707077,-2.3449010124529783,-1.868743672296016,-1.4669428994194242,-1.4634741772942979,1.0843167631068247,-0.8807873607294698,-0.7532259911576309,0.9657742472809435,1.8072183825008843,1.239861857617696,-0.03606777566263123,-2.245198790651326,-0.08594728395616535,-0.6904736686351596,-2.9329854753087323,-1.7785667294452348,-0.38278239276210424,-0.7114822428795275,0.4502120696366001,0.6455567639247685,-0.36528765131619934,0.25704356648318527,0.6913943353070596,0.3119352662226902,0.053382443783527855,-0.11188437337877513,-0.33790558150922584,0.04989260915033939,-1.2046227411986548,0.6656646204197799,2.3285470590002157,0.4206213433861283,0.4087864740180364,-1.5758637690598827,1.0983264720827663,0.517337896282424,0.05875972081310843,-0.13833372679602782,-1.4969125382959267,0.6042119200762113,0.4083602283696246,-0.9556627581874569,0.09936796517418128,1.052270912476998,1.1515389477367282,-0.3824957160420342,-0.5263508941187134,2.102123610989889,-0.8722436555722896,0.28827509928423695
-0.4611971534578232,-0.8278752816173885,0.253440751563971,-0.7927958766969967,0.26582297508629626,1.102897826940676,-0.3364116371747672,-0.6117857787007173,-0.6791786187175834,2.7105787087021858,0.6540859377474462,-1.0290133589077006,0.6000617203673341,-0.17225753991479198,-0.24639926418568586,0.09548966890522292,-0.0538344546360542,-0.6024791406944409,-0.11668359843408894,1.124725529131493,0.5534278113254602,-1.403425660371876,1.658730210445543,0.2691186844908875,0.8784225875782059,2.0176425277383876,-1.433017428674444,1.1301973699284287,0.3763321764832283,1.14231869787989,0.6350471719870125,-0.326383051052455,-0.5169953655140755,-1.1734411932979583,-0.7175110537145016,0.9400513176745503,0.7448888669051834,0.7707054664157328,-0.2653226483739999,-0.2973287684743799,-0.22500674031099804,-1.109765002577603,0.13037166248784626,0.7664973080771237,-0.7721475134559026,0.32511952988682746,-1.1484551258195104,-0.9374712120083185,-0.9449229814538666,-0.8102627962007236,-0.6580798139879046,2.44433526511598,-0.03176590732758244,2.4560177751791734,-1.735804517936379,-1.6001818500842568,0.36621445898612504,-0.45381146009758094,-0.5079693147066768,-0.9580317969141204,-0.18185371113234997,-0.310194742183088,0.24872848553691165,0.12321342781214535,-0.5071435236289294,-0.7874449378427932,-1.9090399096546673,-0.5740330540303407,-1.0728448811685556,-0.5632061481636247,1.132878282465365,-0.960963660817751,-0.4582579473229338,0.7368929861194979,-0.23631340066538442,-0.2788048100757124,-0.5663233223416844,0.5555994586039689,-0.25348133977391596,-0.36073747168565723,1.5780673246811272,1.636478219511442,-0.045863834179042995,0.3552358309137863,0.3121817044962181,-0.6821095664494212,-0.8267070277242,-1.2702015817143617,-0.6144750943534272,0.17251829819622044,-0.4863889591810697,-0.11448833505537806,0.3994952987917388,0.3224066257297652
-0.066202885377753,0.23564572021014013,0.057891279308860843,0.3949871228710195,1.1897116066793103,3.0279448530257604,0.48924909016801066,-0.9855704125764542,0.14934854555895483,-1.1972804304025635,-0.8754407408761417,-0.6652048665185092,-0.903906674962073,-0.10835622124943434,0.15638401627609885,0.5388342828957401,-0.7594545348735271,0.1454549149478695,0.33993890630013546,1.2467978981388737,0.5121221047197098,-1.0197746437367639,1.8660202906465153,0.8123769296873081,-0.3289001582360503,1.1548461428309722,0.364902028006381,1.026185486088132,0.3581842031902487,-1.544952845275348,-0.29779497823465784,0.9052770185333952,0.6363866282617399,1.941495067957359,-0.8296189124505396,0.3742660158164588,0.19171658606987607,-0.026817105197860097,0.026946097149127102,-1.855083318010595,0.05787038669487715,0.36559702141380224,0.5830024856603386,-0.5472062036092076,-1.4336799163434393,0.7960486516476559,-0.0135969486279221,0.1195407691090964,0.342729178435167,0.6133933694749175,-1.1505270579478832,-0.029536459807047305,-0.21504891440471063,0.7811501288802434,0.9996229135989755,0.27971404533413236,0.37068849783138036,0.3149759950891149,-0.8287155659964063,-0.344601568575036,-1.4171349678128622,0.5052876004223373,-1.34115238753606,1.0476593006367931,1.514346862981609,-0.14676189056292038,0.7397672298777933,-1.309258490638542,1.053357072611776,0.24569350060256948,-0.709567158644921,0.999374654599486,0.0665500517611631,0.7403244312072942,-0.2892638454203189,-1.0962543636400266,-1.326319440510922,-0.694893008442251,-0.938048821730579,-0.7179116842254967,-0.44286823737333125,0.08648360490550339,0.5383121492906066,-0.1841046038519391,0.48619768987270995,0.5224469025444063,-0.8763685321198805,-0.18968583303599795,-0.2272992740352291,-0.8304403978695835,-0.0875392366657165,-0.9792038655977404,1.0401185163822468,0.2603153355618095
-1.194052819967963,1.2787452100605305,0.4072312903541382,-0.2714406693956859,-0.13458842454996087,-3.607726198068389,-6.978787205653088,0.1889598404950072,1.8400225124696352,-1.900649912534176,-0.5467826946266766,0.7210254733620853,0.2741530678906836,-3.5916382156465434,0.39309432267555955,2.17552341394756,-1.3299235053877638,-2.0000205153694623,-2.46699580854771,-2.2956750883003667,-6.970711017932204,-0.754401125278358,-3.346593321132276,-4.892184118462797,-3.259847153443294,-2.8369596795183285,-1.4434156354365022,-4.085392751879196,0.2526417168729668,0.5518948621871865,1.444002895658246,-0.6130762496505886,-0.07064813853535973,0.06173023671950806,1.159009844525996,-1.7177955409090078,-2.0456099372445524,-0.31035952361780195,0.534710440809636,-1.2956711978088054,1.7308505883162435,-0.48768067599725173,-1.8105496659622167,-0.0010110376494668616,2.836004131095022,2.160466925461734,0.3277624081902182,2.993721841902319,-0.39605963232967056,0.12334171160954843,3.820324050071143,-2.0460274302576003,-4.534317755990563,-4.726276564976419,-4.728970778560165,1.2554728885378357,1.5202643556278228,-1.6871540344292444,-0.5937530839827562,1.275248743535558,-0.897637581000968,-0.11651220566108789,1.4850938448841768,2.3819489906877083,0.1297054849096868,2.149075934454992,0.2610108401926353,0.4420690675479371,-1.3217959906536487,3.3692516758296502,2.6212957154728143,0.4786279431079251,0.9382568098489493,-1.9017049692393282,-3.1538485120801005,-0.3794081160348253,-1.082484116707556,-1.2391290795108907,-1.0830186081074782,0.282119076141117,0.9459298303601822,0.22597359765460825,2.5802831014837038,0.2732088820760157,-1.209987436835576,3.5844560406582837,-1.299297889021554,-1.8528589731794487,-0.1317265021278927,1.9160863972024649,-0.9074311476654033,-2.0394963753610607,0.7173428124735513,-1.9092099414029982
2.239580664082616,-1.046089116882991,-0.23458276083538976,2.355843810111174,1.0037814935419587,-0.139867725218634,2.000026730813755,-1.0165443478633525,0.5562545618371406,2.5930125204571164,-0.7869898199422163,-1.2404241290681175,-1.5649290834846183,1.185003230366846,-0.6956627844587392,-1.3190915967961365,1.1619286669463476,2.496019360763495,-0.16676175190575665,0.5933692544766224,-0.6112911201032443,0.8199604576467046,0.5430162953630845,-2.3805362041075666,-0.26398154203869684,-0.2685183477689163,0.9876029378209891,-0.04965243230082639,-1.751807858919143,0.3080838710253393,-0.28070573215237915,-0.07822007589265678,-1.8372610525791155,-1.259001942498531,0.1619336278040226,2.5124092085935334,-0.011936718507045918,2.3460036162042286,0.7394532715645061,1.3324768170002117,-0.6349127741874844,-2.889235902593865,1.599793461057054,3.7560201643963342,1.258194555044367,0.5545631367402988,0.02079957399512547,-0.8933280132982355,-0.6533637390012744,1.0034134732659985,0.9348808811011178,0.5549646699818115,-1.2545359866338224,-0.8422380049324532,0.6335499895309371,1.7251113682767958,-2.2502868710460806,-0.07146149004093627,1.4680345420764356,-1.7622311485532394,0.7529096588941214,0.30051307863840215,-1.4836193860078188,-0.2610749565432928,-3.6153981622497326,-2.216253003837383,-1.2764137771428197,-0.6941167742166978,-1.7684676066429794,-1.658818509414036,0.6011236942390399,0.2283628053779363,0.8465454144343314,0.9741778675698194,1.0815746943443483,-1.4466233626304417,0.271903075353723,1.4150060003380596,0.3629163826427082,-1.3971559602160755,-0.21622860319044934,0.0087919969745734,1.5122236278325083,1.3446013154837306,1.1279887117978404,0.8368240676387694,1.5103505880491759,-3.039486454244586,-0.07708810718393334,-0.7013603278601731,-1.7946880304245427,-1.889687900314395,3.489960601571221,-0.46630909899793993
-0.4447575586490345,0.5811856845864996,0.41509785137060135,-0.6475407456879033,-0.694331762484857,0.7431736061213738,0.4812518615641828,-0.03501926142171752,0.32124007419540146,0.24919868825335775,-0.2009667536366746,-0.8904148062075685,-1.2902798819538335,-1.0042806601111502,0.614836381060115,0.2545290090583209,-0.29294672214456785,0.4672835382004832,-0.4215455582369705,2.686931666304636,2.19882001381431,-1.0986308308221984,1.4153226081994132,1.2962693513014947,1.0922699275469507,2.2910089062446843,-0.3493141039602209,1.656852095100803,-0.3496396633901113,0.2633454101724867,0.11516674053621972,1.0156489230255106,0.662367970084238,0.5214966033579649,0.04885507604960254,1.0885065449193514,0.39010828605359094,-0.7309259689347927,-0.252947538491349,0.8705932151309188,-0.08339602166011097,-0.6821326891092604,1.3344378332466154,-0.793733447539637,-2.0975079771133753,-1.2132373566506236,-1.6768886755447059,-1.1587536136257022,0.46927468870867606,-1.7390343578383953,-2.0412053203046003,1.7283948029076415,0.684174680293942,0.8866705066478535,0.5905455550539721,-0.8050002419238615,-1.9590257959034196,-3.0658806415546103,0.2831870745859583,-2.3028832549388873,2.2646024813483128,-1.3899538314060833,-0.091266806557119,-1.8910748996814666,2.3506170760290908,0.7199545566162276,1.423620438245175,-0.7694821645791153,1.9551454621186162,2.65389265846483,-0.027678914963545742,0.2484260799042283,-0.8496009019649371,-0.9268514859251694,0.37277287042870566,-1.0290546120301844,0.3581740832188758,1.104930839324917,0.655406181528378,-0.015429597334940912,-1.6517810627861693,1.091830784033359,0.26478593968901804,-0.6950276022303632,0.9810571562284698,-0.8937827280484418,-0.8454953411095742,1.7393931776203293,0.20170998148142252,-2.2289455271013665,-2.0879871447674416,-0.4057274990889425,-2.019586275678689,-2.1117274098787293
-1.5270925364182537,3.259004077901851,-0.11312196533815636,-0.9682344256540565,-2.2127491415994966,-1.4274125000725144,-2.068658035891571,0.41761738607058974,0.8498107843303057,1.550574325066561,-1.8956518285879616,-1.8278582455183248,-2.608297393772053,-0.7020728873927076,1.1791424459755555,1.7793006592538687,-0.015078205599196481,-1.1642721319127876,-0.570068079239904,-1.4721734167496434,-3.030899482848551,-0.5265710169443056,0.49586220528730085,-1.1432399161585798,-1.2035420225927744,0.15078093175769436,-2.29640685660939,1.7160951210522715,0.1532296660441183,0.5062305745526898,-0.10932395234423897,-2.503651333539711,0.5714660028509563,1.0908316617495635,0.4368327477623973,1.6599551735730316,-0.09183221970566247,-0.8480508863322669,-2.260639776591093,-0.6568836026650223,0.4533696778473537,0.541889954629649,-1.646005825575302,-0.6326341321760838,0.570807883622626,-3.6798725462693724,0.43876787666838435,-0.357024362706427,-1.7034281752477214,-0.35791170061762234,-0.22503406532457151,-0.40899966277280453,-0.6989089907458592,-1.4218213843761116,-0.5374158872054566,-0.8182535270331267,3.243352974711997,0.41145898105077966,-0.42750201359499235,1.3943530912226993,-1.4881128142394757,0.3290230881172952,-1.0430684740585021,2.045231226925911,-0.39172969270821073,-0.972172523853148,1.5599997681820956,-1.9364655561793196,0.2585639428019745,0.647285535019807,2.542578231273992,1.2301998806939471,0.8272315512180434,-0.828314799996587,1.722139760755348,2.109122080177843,-0.5448399217429422,0.9568812906929789,-1.40689127712153,0.28255277482870866,0.7157393322985918,-0.09019205726728895,2.431014276251192,0.010453760655217897,-1.858016205716283,2.5433191340673935,3.012354108154081,-1.621767661080034,0.3028095328996522,1.6959070858008896,0.7704228759118772,0.15263523992559955,0.9788854504322633,0.08136608710327603
-2.68785346188758e-16,1.047660785069706,0.31384020894941594,-4.655077680718753,-2.543535589665803,3.0212629561208066,0.42968457867279314,-1.309642761328523,-0.47073410440341,-0.7738317485575454,-0.4825048921551607,0.5766663323130006,-3.262715218914394,-1.0669925452811935,-5.028361279048738,-0.017677459061767,1.746155320968972,4.025329618984064,-0.3808331943094575,-1.5249714519589745,0.3502498953973268,-2.994075159194478,0.32350084047360617,-1.0258566345375784,-2.6233462294174372,-3.018761981298489,-4.7158487443901915,-0.14792744787516454,-0.18144787041390376,0.5063240156995684,2.4028903120758187,-4.663291764296516,4.528291945151114,0.8378886930687729,-0.7707409858546034,-2.8924195836063644,2.95766035529092,1.5338600529132111,-0.9443186990118622,8.517876934293763,-1.8634709002969847,-1.2900279542231758,-0.32355111766266975,-1.5102752063066147,1.562856079612831,-1.8404771739181118,1.8193807532360688,2.4078961601161866,7.181772949836022,0.13123062881218392,0.07821719065772181,-1.4395583557298783,-0.07316830019845096,-1.4306480017850218,-0.12582451322747895,4.237797410111858,1.649871420142528,1.8439585692951135,2.7382088659669996,-1.0155425889123624,-1.6628830611559768,-2.0144736779118166,-3.6262454388806384,1.3895560686546453,1.1486283201973868,-0.7755992882501062,3.648210465331867,3.3774050087298466,2.573049151472761,0.1886982950000367,-3.759824118045562,-0.0005221504009962352,8.069536285123418,8.601011495713852,0.2916566462316185,8.843693577046285,4.1460432298713545,1.886141842547273,-1.0536281374197958,-8.152618601034405,1.0210233357078455,-2.364001581481973,0.29506366530868244,-0.011790703808791936,-2.5573221417110217,-0.3665650494158544,4.719325866510241,-1.3215633299999292,8.648779424087195,3.0199495772080933,5.99471583158129,0.9529060286465336,-0.08609653039742471,1.833160639842628
-2.68785346188758e-16,-0.16926330983044843,-1.8466823365266878,-0.4800686304181864,-0.0649693259115357,2.0552885926434046,0.3391730405240039,-1.3095364528343758,-0.3257618682067419,-1.647654441807841,-0.2854398267380284,-0.3840252316289757,-2.032787601142612,3.3070393229031545,-0.11334247656936655,0.38004885670209954,0.7495626069539558,-0.23891537741538207,2.0555452306099706,3.1688039033226802,-0.6067452752409483,1.0953212499772225,0.099926698540441,1.4205974144841114,0.8165652942845998,2.532110390597932,-0.5685479851404471,0.2215507039124331,-1.173433897766823,0.8087138586954771,-1.07816654093225,-0.15868712975668392,-1.1724603342700426,-2.6943724870427346,-2.8438863998966704,-0.8487767572267921,0.502540794705157,-3.2671737134004295,-3.50576733172862,1.187456406404291,0.26575253060590176,0.627229176205698,3.0845760769772834,0.01581289913060624,1.4323182083118051,-0.3029859429453996,0.04341926789172625,-0.9586643522752278,-0.28137730819131185,-1.6431093169562672,0.5239613852817364,0.7996652963281663,0.13096036822625662,-1.131202318796415,-0.7092928620808953,-0.5808508126234371,1.2360236079274327,-0.6616715184743611,-0.5764069217320742,0.2248730759243378,1.4855966660970248,-1.1845856600329385,1.5730158750130019,-2.0836486710934903,-2.0004637006793353,1.4223707511861934,-1.684063936072603,-1.1851836385746624,-0.9225921787935993,0.004344707687201833,-1.4774367002383466,-2.0859104886541004,0.5921283479819432,-0.2380548560916422,-1.0566133253456687,0.1858885094919825,2.4579053528030417,0.38093153170375316,-0.1731969332951711,2.7531885130230718,2.7483146203782454,3.3969072712493453,-0.1949673462461339,0.32180998337880784,1.8506190437246668,-0.59528327899322,1.008222334815638,0.7597716116254414,-0.48804584731567424,2.246645351738171,2.180401616440415,0.5396812476541646,2.6315045890645803,0.8662023952991335
-2.68785346188758e-16,-0.5209368150018279,-1.7429701105145725,-0.410622439889782,-0.5974947210500365,0.38647277005173,1.5712504487797527,0.8943715646635209,0.08490336436224827,-0.5225049179877038,0.20110694835792686,1.1950044960611121,-0.6026677380774226,0.958288600647187,-0.5404826162823637,-0.7537132506576015,1.0189676598024895,-0.29771192173622735,0.0660072090585393,0.8534868734242694,0.33485074629764766,0.3813922683282801,1.0816720712892751,0.969490961405749,0.8315112888093378,0.4993576265220206,0.5332684359666011,-1.2559933521958615,-0.474624748967745,-3.7071016014089664,0.8887293211343161,-1.8789206750104122,-0.7161253662812399,-0.6551676052216291,-1.725167990106185,1.240663176221451,1.1481938491235257,1.3438265425366498,0.15006472619704841,0.14559912223902055,-0.9667202030599324,2.28896254718716,0.11071397530987648,-0.3193072008149156,1.7180671456361578,-0.7178441252672967,0.9940375797409435,0.4484159835501308,-0.8136413392036224,-0.39533750010228763,-2.2292305463103603,1.980167663754099,0.11308424348175271,-0.42528661382915783,0.6090738339039476,-0.5506592077302321,-0.0059520847724716785,-1.9863191030828578,-2.4156765090824974,0.6330949969694546,1.1967829564256398,-1.5820121157810134,1.5437361416999495,-0.6331018556555964,-0.4189372162245612,0.17154169568395466,-0.8390283467086563,0.4470035417899144,1.3747491439880541,-0.34720258546014,-0.49297029240288703,2.115167873150028,-0.21325913581833822,-1.022595979622669,-0.6266515851446799,0.4464443498710474,1.2465184879258735,0.7177768426528957,1.4800154883832188,1.3504276746382304,-1.1212777445494913,2.089867622192805,-0.5675555781119318,1.9685870739472682,-1.2993055250084342,0.017850472518938534,-0.7699551182805217,-0.5918636717532959,-0.9211216297262372,-0.2016881076518282,0.820082712669369,0.316456390076589,0.08616220041677244,1.0476946123008206
-2.68785346188758e-16,0.5701010786113546,-0.3042064110848875,-1.1818824126603444,1.1238197846072908,0.10214414457825216,-0.43079074886821617,0.6618224879008051,-0.09383570873944524,-0.41124554744100783,0.4466871153296245,-1.191408132829028,0.8017128454134241,0.6917315486411406,-0.4433571688300514,1.0384209613575384,-0.6611852391029807,-0.5148209510353964,1.3465098715468204,1.1646117187342577,-0.6380128631375576,-1.0865340102540937,0.822924794030377,0.15009225685299094,0.8612154565054859,0.6517202528701476,0.3744786293779785,-0.13017469181021485,-2.2983910549550135,-0.3856355971212446,1.3902077237613908,0.6794125493452963,-0.5288594463529537,-0.8055610086775485,1.5476815894370355,-1.928759169578577,-0.23154567582557795,-0.2923891818431949,0.641757430804639,1.2212666121577442,-2.1497633011241137,-0.46666089335878636,-1.1889520489176426,-1.0821833369749556,-1.2273966597273027,0.28319141357607647,1.1976812016129972,-1.6764322263403209,2.2323253852099665,1.1413685038584804,1.1068882960860942,0.8005871250690523,-1.393592702576385,0.07874582997483477,0.29037422919738337,0.3125683996644616,-0.6874723742682671,1.0843809932904398,1.8653403082668034,-1.02368165054345,0.9313443018723561,-0.6314989544403364,-2.699776411996868,-1.172402115465432,2.463998589271914,2.040585755285959,1.2276405550990743,0.6072381540748699,-1.0374834651350737,-0.43256361815489786,0.05049058260705336,2.824945315875599,-0.8060996769610467,-1.3796522859861007,-0.32258638398867634,-0.08390979751870505,0.7417014949656989,0.1469542379139901,-0.6271561607668954,0.9525232553412818,0.13083552168496315,0.080874028149023,-1.0058407467698782,-2.3668143751666713,-0.5221135522960333,-0.38667779256673646,-0.27840107818246684,0.3046399931559395,-0.08254332596643543,1.1554610970179853,-1.609038435154983,1.9482922764443602,1.8665257809631761,0.7508612440503482
-2.68785346188758e-16,0.5489997139321651,-1.4638035704529373,1.0069459023812453,-0.4455525941143481,1.367051721514656,0.2081130382085733,-0.881890835810765,-0.1470814274644468,0.7327814607978993,0.14062868892850655,-1.246678743264226,-2.304405109271311,1.7815333821670705,0.09889915611098289,0.04377056592968298,1.6870468316312226,1.4947407761627984,-0.8824459668589102,-0.14130044516031437,0.5552627820866475,0.7494691876809149,0.08861598138089533,1.098064573826119,-0.14080013139502756,1.0655175354898456,-1.3434469726479876,-0.724708689701776,-1.0263107310890685,-0.8879226203988283,-0.7558006099119017,0.072559329203217,-1.014449517472546,-1.8811481875890754,0.46916943596323535,-0.6744521884360929,-1.0007812220706394,2.0748776983799,-0.1800491086927306,0.6178638557973103,-1.075244088539704,0.05207781416548571,-0.9120672641082161,-1.2763036659103137,-0.02338191389243792,-0.5911872228489664,-1.3541862471792667,0.14705950970194892,0.4287663690361962,-0.6772279419318898,-0.508820420409666,0.9688574167559227,-0.9102922300546783,-0.8337522126622678,0.42038688863511675,0.23769564925242725,0.04989776856767846,1.6246061257073645,1.0956491169291105,-0.43447194185388727,-1.1805294306038647,0.5162710783201778,0.8447988463954137,-0.8574749987731787,-2.4774264018154835,0.38330953652674504,-0.14665476627716376,1.6190765224791779,0.5430074559831897,0.2099463071804749,-0.6124194141661966,-1.3829558806508586,-0.22758995846240493,-0.6397865157340771,0.5296635124665093,-1.4162728942018006,1.0118081870009101,1.0801196227471372,0.03597967326707969,-0.6395739911145389,-0.7103266278711775,0.6880330503577734,-0.3954623981263889,-0.27984760115947005,-2.1193110064396734,0.17826084426074762,-0.8844400061566482,0.04261496785507555,-0.7117703211302591,-1.1805027722016581,1.2807980209447227,-0.16546062202027378,1.0995429660584826,-1.2540536004992255
-2.68785346188758e-16,-0.5730113856027,1.6678313729144563,-0.9105142346420771,0.9214595483812098,-1.6122326078478082,0.2115653508687356,-2.8128693963430775,2.432865452876957,-0.3967332638626276,0.18957488222265806,1.2104071490424075,1.1971108486606863,-1.1299294752127809,1.4672593539203336,-2.903801854626095,-2.0572286781523723,-2.399271446149446,-2.1401409314120743,-1.887946569116828,-0.6853319555408267,0.11212283991796523,-2.0113085784587255,0.5572291768254158,-1.6341768456110812,-1.4823292023585926,0.7123893403681274,1.193238863067571,1.4472869454862063,2.451709656377303,1.9767132435905113,0.18234639470924596,1.195837446466931,1.3816686647136052,1.4622084546535168,0.2240840584390339,-0.6952184232810421,-0.7434388434339726,1.274744465840885,0.8521445581376287,2.0405996905602173,-2.8275628726798816,-2.623838358664877,-0.22566750171364336,2.742067684034013,0.9340193553049767,0.571646284603049,-0.5396077977308673,-1.075421692001806,0.024412031594860075,2.291538389305143,-2.40320263634081,-1.1597960587302543,-0.03531587328712718,0.15255311190756796,2.512806952588027,2.1731392299327146,0.435105564059937,2.012169383409023,2.6948017711886556,-2.981167337403557,0.10473269819459688,0.14000359625476078,4.222621707590357,-1.12248271351695,1.3779293251712694,-0.3007356240707776,0.8525774315891325,-2.4298762821398836,-0.8348058787722271,2.1709899665158128,1.1021959887249695,1.1109093829649797,-0.5380355252891361,0.3627204113550341,-1.0159358573328194,-3.054979353800828,-1.5451024993599622,-3.401724506060288,-1.0122785304803046,0.8951220104070456,-3.3612325427560634,0.08483783835828253,-4.0239532591975316,-1.993031557792528,0.1387312053115701,0.5491275364933461,-0.09376205305191515,-0.5386582701525471,0.7047229995864286,-2.178924930677765,-0.5396402693820159,-1.2793038473114082,-1.254624244330074
-2.68785346188758e-16,0.5605273958007001,-1.0104529186442333,0.519836065628893,-0.11639826791400759,-0.45463502697395075,-0.257834218597914,0.144067505482385,-0.7145259322369852,-0.08916681179482075,0.9393401985021607,-0.6489670768349058,1.1948062299022442,0.41724513002944014,-0.4463530719052179,0.36014390176605365,0.2503121648435589,1.0375705634870014,0.8784068634446726,-0.7652639492757859,0.2825314486448281,0.48740208631554977,0.8580301209095638,-0.10356251279818968,0.06343119622971671,0.2074044312693989,0.37030646886375773,0.5419128399041471,-0.09758068910506612,0.739280351211856,-0.8666005965729451,-0.7249884405290465,-0.23856848771934805,-0.6923461859180291,-0.6189342602138084,0.40299979544178566,0.569944279938823,-2.2033130840064428,-0.6160960741972922,1.9863453306417378,1.7452444692851756,0.7755941953984727,0.31871321210319936,-0.20799655250251559,-0.6064743314907035,-0.9373434710600249,-1.0579176142487658,0.4441938678649698,0.52432106693866,-0.023549735345443593,-0.001846062735168963,-1.0842344899698957,-0.4837789661979712,-0.2864169644201137,0.2372779947825845,-0.5186274043048718,0.7043780205066607,-0.8155651816926912,-0.11995233637272226,-2.02003214391464,1.1387099465485688,-0.4670928080928985,0.26524244084711546,-0.7409297380314136,-0.019831553805965574,1.8815878534369688,1.4612122803715657,1.0652353254059654,-0.10170968432013539,-0.3963499448449921,-1.1830512947143035,0.26470221624037593,-0.9948677176881916,0.3864258637052549,1.1049602376525476,-1.1629937072840624,0.24345834979766223,-0.6155282627146879,-0.1642834026097229,2.7830960666593287,0.4183242383190424,2.972610085623609,0.153236145434357,1.0278502784971986,0.21011068072265823,0.9493556150049557,0.07218825230633691,0.23427712366799194,0.20156873025258626,-0.7869554700412178,-1.5599621809054804,0.4968340227809158,1.2572909763472775,1.28892409723989
-2.68785346188758e-16,0.2974934188466753,-1.6422992172259814,1.2280805339589016,0.7289427933426622,-0.010490680357743531,0.03220527133647565,-2.8967042059664223,-1.618743120440694,-0.588341592559601,-0.37667177609664854,-0.618135317725959,-0.6904144347637746,2.3787507550467915,0.2274310888016603,-0.083902853475716,2.258079459527276,1.9659409836096924,-0.5682098690784083,0.9837573256375225,-0.45470284336192296,-1.6519985377423316,-0.2205677223452911,-0.5240291119285209,1.2245541918434246,0.5408219466616655,-2.3274365175245326,-0.9444923332906316,-1.1328159720897653,-0.7593213017907068,-1.0008415563500495,-1.322252061038812,-0.8163812272716242,-0.7009779796104468,-1.015947233600899,0.012593541751531878,-1.2832939742276377,0.24918418906148232,-1.8215448683440354,1.0192561265988251,-0.646924923047718,-1.2511946343955331,0.0977169194470135,-0.722303479743982,-0.5543805130937605,-1.4591078528211612,-0.43433596572507116,-2.1356562961517125,1.0500038412700161,-0.12099130464356637,0.5486216309683187,2.14577936225677,-0.3955656882999152,0.5531716426772944,0.18475506285283058,-0.454692652400407,0.2791432974166318,-0.0008749475137778684,0.5898976447211319,-1.7127166113100298,-0.14689388712631962,1.920301875640689,-1.6910731125426173,-1.3649874507204847,-2.144880708688045,-0.34742017579757206,-2.3660430976304663,-1.2185568665387991,-0.5486553209118493,-0.46229169951949245,-0.2824830126484199,-0.2651123237611891,-3.314536270328376,1.2936578789755324,-0.5875903843897179,-0.14194718503814885,0.34022881773348534,0.14803391442924096,0.22890765874736602,0.23137528679051397,-0.7930992377833835,-1.4637550585023296,0.41409572081578416,0.8518310970325356,0.09780153049973349,-0.02634213733738514,-0.11554479647139548,-0.9596115206497661,-0.756984676698875,0.20267271387522212,-2.2790648381706284,-1.0596510214458874,1.2635909633146378,-0.3905551665110626
-2.68785346188758e-16,-0.9915629141990457,-1.6986283465211973,-1.0031203338787757,-0.06381037757228453,-1.5724506480467964,0.5356135957995791,-2.631648426323723,0.2553673629738653,0.823511255727712,0.5163243289453276,0.5038002950393378,-1.637112248467183,1.064488854059764,-0.9682545601400279,-0.7014283401600623,2.3757607074785767,0.34678133157348423,0.24124050052414306,0.11395746192585732,0.07842855687319847,0.18294976019524112,1.9212807507861704,0.11697140141321631,1.0171140826172531,0.7555061166847636,0.7555724966962543,-0.6529123153111744,-0.18292887138271685,-2.4559791771508697,0.04160401646754208,1.67025653902863,-0.7583486364469175,0.5928771115405799,0.06222985996540498,-1.480408892912858,-0.250606179570248,0.04480528174571008,-0.2764715099867223,1.6435157677637648,-0.38250054283799073,0.018273330978460983,1.8180972007782392,0.2500149770151845,2.1832569561289112,0.6284439972508545,-1.7859277463070558,-1.735922475671586,-0.28355489647576604,-0.3196717432248822,0.6785330644040639,1.00370243489938,0.9902312116081126,0.05041746214199186,0.7392033733662928,1.3846024390445237,-0.745345646335055,0.9035543197335598,2.123202075231621,2.006727551437211,1.4081201813309632,-0.22197044923363887,1.907242332378479,0.16398302759589767,-1.8795320667337703,0.5555149121539358,-1.516556285401267,0.9178600528716705,-0.6019166110991979,0.48226368192104496,-0.9448298045740833,-1.2971239932032583,-1.2650892465493504,0.1382416813460006,0.1366006458153087,1.9827093383252996,1.7853786819489228,2.9130982064386073,-0.46301457829607323,-1.0534800115124554,0.8299655274763468,0.5243165835402228,0.359719010935281,0.7326873723092913,-0.22123938833528944,-0.1007672808463566,0.726923954108205,-0.5537567028510125,0.4962910223062387,0.16054766424018863,0.28611765225481967,1.228263080004239,1.5620217770724814,0.3978605765060411
-2.68785346188758e-16,-0.568032725715554,-2.4442169977285397,1.7685884869833526,-0.30306966862758133,1.5208228751757051,-0.4723590438293587,2.202462194517054,-1.3231728899045736,-0.2441380837909991,-0.2837205764157574,-1.5042365647465226,1.2745225999714505,0.5216596945617746,-1.2388335500661796,1.3613738206228088,0.4118618570774125,-1.5931265476820182,-0.089859521960092,0.32243448937287766,0.5823569528766095,0.35564195163639817,1.199079030503687,0.515077522887667,1.6936942214240003,0.12892264193709368,2.5265024973057706,-0.38408762653185835,0.9015837451401487,-0.5501394795192073,-0.5571160096103066,-0.5846257259190574,-1.0353760169727773,-0.44530652863806475,1.0610049969327306,0.9514836974775912,0.41691671987292767,-0.3729366081203891,0.48971391635689676,-1.2522841664553515,-0.4555172789436981,2.6157650674119877,2.732877355776371,4.501168237000545,-0.8176208988729489,-2.017959499321525,-0.706346986754762,1.2310347701273274,-0.1662977940222783,1.2010401478940753,-0.8783347253793381,-0.04577500164732051,-0.1738957376674965,0.010291325783010407,1.0859256436749076,0.21414173980446838,-0.010964170082533985,0.3039145510224208,0.337600064716048,-0.9213289730794494,1.9144680419352034,-0.40745656638416416,0.22809144170366769,-1.6823835024057887,3.127767939419674,-4.096923422168425,2.750285438946843,-2.631924927583248,0.6779182945358373,0.07788108037548576,0.813851196440151,0.7589126154036134,-0.8437489841266851,-1.0544144969785096,-1.262191207957131,-0.1221403895495885,0.8269405207320808,1.6264935961870475,1.4797221035055415,-4.126216840994049,-0.026497366790960486,-2.914829883366615,0.055653418867923986,3.6436365520282252,2.2422399933427593,-0.05324762112160216,2.569082740585468,-0.5702568413533479,-1.2181136547151654,0.9330284046288485,1.2521926197686226,0.08612302840512437,-0.5644743872530358,-0.3753922533716161
-2.68785346188758e-16,-0.06098454175119484,0.44052565426583545,1.0943407192294927,1.382706606872297,-0.24619451156288796,0.9817098059474314,-1.6481557087298984,0.9488928424848,0.2471835840960813,0.7119781711202048,-1.529448443849414,1.3960499194372413,0.07390473884338812,-0.020071842198099016,0.31689206777637463,-0.07871811334250262,0.1151659070931366,-0.3404114916582216,0.006707631051925594,0.10258308127318906,0.6411701944499446,-0.518324083328464,0.4057469752879453,-0.20266261977041533,-0.4325205521852675,1.2318652017408995,0.5538335424834031,-1.8169766868673882,-1.6675844160555942,-0.5927477354917301,0.9352653271238978,0.45359743453449447,-0.5892051201420205,0.9837124646565838,0.7100233106478977,0.471730962407894,1.0258363344667742,0.305339965184767,0.0943083788653667,-0.20759204109004506,0.0489247546871443,1.0370497174586935,0.8369503795963161,0.10779449757522137,0.08697779564031166,0.3118785838065422,-1.3928005031682569,-0.32015963535123015,0.19943614713635927,-1.3897450212254143,-0.4272231512802068,0.5580043750536935,-0.13255920422542808,0.5324213845032366,0.8648587042241818,-0.19913929780849962,1.5237672039806487,0.1228368754818843,0.24072774339650294,-0.12163806882500411,0.5712538056787057,-2.2829193379560313,1.9571117038261852,0.5789587134962868,-0.31166453476637074,0.10642180474549101,-0.9842365742550584,0.3027317731105731,-0.5280220297843511,-1.2577696356869947,-0.3943179563914029,0.39705221518849043,0.8795180641539392,-1.0362089575645328,0.9494788895365014,-1.0895162776232563,2.115227202799867,0.48883449305017734,-0.6613536329481241,-0.27806809557938017,0.2892746915640486,-1.086464701562756,1.382423945931654,-0.8327166984823857,0.3471821957918898,0.6707617578900456,0.2809306971876561,0.7169945168497229,0.4406188498899162,0.2518993965484272,0.029128823241860363,-2.6255606504373925,0.22756349561979772
-2.68785346188758e-16,0.7955921678742427,-2.2193143293881574,0.8069350154222189,-1.3612654769087948,-0.30541772153740443,-1.0681999115155334,0.6669902191076735,0.188008834814553,0.2896580351148285,-0.047849972374146316,-0.07051388728912705,-1.0405797599070588,-0.49099121008027224,-1.3675695581023661,0.4835943693831165,0.6683551008403155,0.3084158551947983,-0.14420510764299455,-0.23868390462766942,0.02099637513011617,0.1661796284599017,1.9521853178634017,-1.1517833901059042,1.7960337064756802,-0.13014617647741622,-0.47651976349564173,0.5237178012736327,-0.8120595753644639,-1.072534104702246,-0.40780508097214907,-0.9883644885565042,-0.8532654257795212,0.18406803765141366,0.17651320500912748,-0.038156177842057604,0.7944680471093843,1.0286029381205888,-1.3322680760860304,-0.29734988638335047,-0.7499840029202074,1.8475558301517732,1.2218509053580244,1.0187004640299657,0.581442713276232,1.2521784088119667,0.13066032978969,-0.008069802354020023,0.4666026067686465,-0.22531437804144977,0.7923427022245905,-0.4564858269958757,0.6748478984034236,-0.9366153503677027,-0.22470261778253653,0.9336270092919984,0.16218497997346837,-1.0378710818367614,-0.5987280479545822,-0.00924573979002874,0.4521180283605022,-0.6479847477963505,-0.49898764879006,0.20345201979472027,-1.1937785243778793,0.22594398801737303,-2.043660813756843,0.3139950633016926,-0.6991124840599263,1.0497864075762546,-0.23795584499373346,-0.9918564144339957,0.3188934719402877,0.8970123897558024,0.5596532206698979,-0.9668059583838996,1.8038162937049576,1.3662361602896715,-0.37930819273575145,-0.1588150948419665,-0.27802336035296626,1.1471416152514249,-0.3379871477817366,1.5762754291856327,1.9145293162347201,0.10373892284466782,1.5117478343150443,-0.3301896995975022,0.22847374804816928,0.4452300169427919,-0.05380613810466656,1.7219727892499044,-0.4401142901420066,-0.06621164358163334
-2.68785346188758e-16,0.2458519002322834,-0.8377938480683074,0.36757462567524973,-0.31506949437272375,1.1363735233358763,-0.8759788415236992,2.009275998488109,0.823220396227391,0.27091833791758246,-0.06900898977326898,0.27559196734363606,-1.0608858533475873,0.28747002829470303,1.4570561679030982,0.3996484282500376,0.18745049796715035,0.25758163074398444,1.0794967767174506,0.7120735961012062,1.1065028185720325,0.8459173856882154,0.3177700168331199,0.3645340016734739,0.11341231728184176,-0.9354482939870099,0.03309724894386057,0.06732575170231919,-1.3994297698614164,-1.3765236604239646,-0.83259780054472,0.02893693319074342,0.05959000423816846,-2.1618144767419873,-0.7217467265154318,-0.8623305940136187,-0.21880594590429958,1.7773750753934325,0.07181608164253393,0.17409705369591663,-1.496425703909975,1.2098559074996362,0.9175758426188715,0.05777300731088886,0.07892132581407657,0.1929239109810406,-0.07112533642699459,-0.14264437158807514,-0.7557802980498919,-0.9866479902085478,-0.8234689969917199,-0.23999892051335536,-0.75071351298873,-0.892518153337728,1.0045904921835167,0.1936780727668186,-0.05618043958340752,-1.8565433441567696,0.5886493797356873,-1.9004919082059102,0.7102633921756041,-0.39046644566478833,-1.8340714905996385,1.5288858602202786,-1.4851798595080996,-1.2044962848044602,-1.9127098023521398,1.4010250010922616,0.015069511022756388,0.8359533849716906,0.8099887566999275,-0.19524245670288554,-1.478607228910092,-1.1243687936422815,0.5841937231226692,-1.7077830209065425,-0.1698460577143754,-0.6347460852564935,-0.3626835878256923,-0.3421294889345323,0.2433825192802765,1.2516002689029193,0.10040728424708938,-0.005460600318522246,1.2330108579621764,0.15428545907102856,-1.533384079158994,0.2735496315633389,-0.4092843188234737,-1.2106328134663191,-0.4416987973304655,-0.28714685658918304,1.7790737339631906,1.3531254763453584
-2.68785346188758e-16,0.9409972582915835,0.7281649808566112,0.05855578353413404,-0.20406725022263794,-0.2851463036285057,-0.7173557920531753,-1.7280453391530062,0.8486681891506779,-0.37037237650578414,0.41183349431439803,0.5736268608036502,0.25563391073827635,0.0491322492109636,0.09486687137801786,0.31266374945082914,-0.4990457371947111,-1.1416106503616077,0.968907797238829,0.40384693539601324,0.15711477367453208,-1.7718228605896216,-1.1852995224505603,0.5147162425726118,0.43444876463330784,-0.6907035607847375,-1.2208213189508925,-0.45294241678369024,-0.8397780466255635,1.1799010794568527,2.394025961827966,0.9993621008285385,0.7885421120913864,-0.3456075094305202,2.08362859391989,1.8012073301377776,-0.01204608568050447,-0.2804129167925609,0.7577784385181929,-1.6173786960988417,0.18205447755796791,-0.03610508079537056,-1.297328276493186,-0.35448596399974097,-1.9501452280049774,-0.1181757549787491,-0.8662837603607905,-0.07791983106539035,2.359866503428643,-0.20490860924118098,-2.0894544981979184,-0.14127689912168206,-0.45343209321901823,-0.6585814682917933,-0.1294709758733342,-0.6805506345845875,-0.20616704276654602,-3.5192311883976926,0.26830342934444745,-2.143936375923775,2.074561981416857,-4.0586344282516285,-3.1730363098346817,-1.8076886821332123,0.815135149808191,-1.7196748206787897,-1.327547638884439,-1.0389085760961558,0.18928612468294326,-0.13499830647129743,1.114950853060829,0.14306290399413582,-0.6275086095874252,-0.05521833995420389,0.30688842359689905,0.07366733855166435,1.5190025364437738,0.7874831946506524,0.5242089790595161,1.3364746690726677,0.28784592383422325,-1.0538441207889264,-0.795093217798987,0.9157506766607219,-0.16877014027373127,0.07979260053160736,-0.3768912280791443,-0.27068702730804783,0.6272325825579529,-2.2766202638855475,0.5131790464559793,-1.049138315126339,0.19462054386538308,-0.42158984389681514
-2.68785346188758e-16,-0.26687708716016784,0.5792339540326783,1.5472799698568596,0.9253129189184858,1.3965142867268592,-1.2317982634230162,0.43265330445968814,-0.08371604826163637,0.08488930341031505,-0.4611447272382566,2.5988126244222363,1.2308824248593664,1.2581484928291748,1.9479558445149656,0.3718723466800867,0.12965027192668052,-1.209547727133119,1.1132807605002977,1.1113608601251141,0.5754302922441006,0.6617457985672784,0.5753013907696877,-0.9338278313869364,-0.9020442246552355,-0.28467432293349276,2.5517507244105033,-0.09868147814884007,0.09921117204190069,0.2974058811914638,0.23800249334483276,0.646654850625626,0.2313235696233512,1.536648856538434,-0.7456192558562855,1.0608276151161897,1.5884023106107956,1.4891311624047479,0.1285009014680798,0.4249655037193232,-0.7760212674111967,0.37984971324344785,-0.206039890696041,0.7706973569485317,0.5154255716687036,-0.6915571711582154,-0.003303582364404015,0.9407092303511133,-2.2119184859208136,-0.8327020774072413,0.489364086147552,0.18344391842349245,-0.7163328421803238,0.6574617141292589,-1.1374377244418206,-0.04652617080856891,-1.9013245528984688,-0.9309021144503851,-1.5831034656840854,-0.36206954399659624,-0.8194636742126904,-0.6833671824645566,-0.3903426327829299,-0.8704895678192779,-0.2295219174641392,-1.4197087102912642,0.6754176739515573,1.657947377409616,-0.9953632008321193,-0.9800828241878593,-1.0583298237302545,-0.5641925221629668,-1.1166698310986836,-0.02530137540464522,-0.09601201610440777,0.4352146657816824,0.47079635001592435,-0.6548267115621011,0.2291483988942387,-0.14716285119189831,0.4586179438639593,1.0135626820234014,-0.04014363523469602,1.9023660964236302,-0.08223703574955199,0.11518642432110494,-0.5728848715077933,0.7485286031044138,-0.07455483531463088,0.9358358932968194,0.5840564731598694,-1.9674215101503685,0.23807281157375595,0.5544598299216389
-2.68785346188758e-16,-0.0034507672860325115,-0.5661955979611496,0.2718405303092331,-0.6584598702233505,0.29008051614889796,0.19237376386174385,2.1901021699378,0.39602125198969307,0.10851153269789285,0.4807294177202108,1.5326225449109074,-1.3024378836403394,0.30144040828669605,-0.8263175500985722,0.3656067034058661,-0.023193726147283322,-0.7509522592015898,-0.3428541526089125,-0.5007933415121426,-0.3074133127348936,0.36761625916387075,0.8293599029412378,0.30411932892596405,0.7043250259945193,0.24205353921887893,1.4259140353926028,1.7167376197564512,-0.41210435821800073,0.32290166875916304,0.384584711463404,0.8418260366093653,-1.1672864934477927,1.1986406134212857,-1.399367017524073,-0.49799078563052124,0.8478054520374568,0.3605886433394354,1.0802124419386807,-1.0120150539811785,0.4285761227311763,1.569153196589818,1.749147788769059,1.4889741930109412,0.14360780011166452,0.4052713456020581,0.8368571050248512,0.8887983317752258,-0.6494605305262178,-0.03434315728339552,-0.07457288837402887,-0.20207498000076018,-1.2149579248042475,-0.10329766316490124,-0.0318043841606017,0.10041837477557353,-0.07092746793963885,1.806562690381613,-1.149030048594426,-0.29155066786024264,-0.7499048832976135,2.3208756744959027,0.7654888792503186,-1.2000060941245079,0.07014715171414859,0.07947765673960994,0.4422840115611921,1.0651182676074338,1.152442548823378,0.6390645701111896,0.6389589337566277,-1.1160726003224384,-0.04092985192930265,0.42027013177259664,0.6288767350035142,0.11281933064411165,1.776829075303993,1.054717571729288,1.2710152974673279,1.1399418001776391,-1.9245178748800582,2.1833332761656936,0.5694044676151649,0.8624395460723514,0.60299930414634,-0.1710694957700477,-1.7411067090201338,0.3704773651556881,-1.0999565329042214,-0.8863961577808077,-0.33490620211822775,0.1314068179241371,1.4092032923352575,1.5839808795583328
-2.68785346188758e-16,-0.3289623257150946,-2.441378041736833,0.5826971642996754,-0.6207491924476044,0.4816687403710199,-0.8983498857126384,-0.7968728689251848,0.8735517572985763,-0.16161467683185138,-0.06584132174275331,-1.337698735692014,0.04943565355937048,0.07648540047035038,-1.7773979397808732,-1.029378687451922,1.389257508591803,1.2213913186788081,-0.9118301446691823,2.1524937211046122,0.07708933621861164,-0.2956576572873269,0.34491742353858457,-0.8758440954577418,0.30895119835181134,1.2602350237336357,-1.42019293462327,0.8169973644290613,-1.8816355094720205,-0.7510059953294088,-2.3013466081370546,0.24492281223294568,-0.3561342074343138,-0.46013167957292345,-0.5121870813826457,0.9501219451267775,0.7270896762546062,0.4422988635244992,-0.787941815530679,-0.6322882922098523,-0.1547942565169712,-0.4706136824248999,-0.37009252731788667,0.691842001826134,-1.4590378640465738,-1.1585515960047865,-2.3825072525802558,-0.9550567348668197,0.5697316104174679,1.5528849877791298,1.345787129985757,1.1897837123852628,1.1578529327034992,0.010246043263957866,0.9451612793248904,0.3936960778037446,-0.9412436974830491,-0.6182964813839575,-0.4596646756035095,-0.47079390379955716,1.0510221252862668,0.16470066048128873,0.18932710462470986,-0.4364412655787081,-0.3064568630062671,0.2732877117401877,0.44054703148193797,-0.18070425405438395,0.8333834877867466,1.0968919502001757,0.49632965960465103,-0.1465995803147436,-0.6752633332711622,0.45195848606986827,0.9197139063847388,-0.4907913032035187,-0.16790699398067344,0.7016395990461374,-0.2971080078835141,0.6583702433024314,0.09225511938547536,0.794516644205026,0.12798137860394326,0.7932779366687277,-0.7499726223533657,0.13932552354962663,0.2576203677133068,0.5576739041537643,0.35462006424507375,0.1499333908319323,0.4949047639615903,-0.06072360930456444,3.5410826146991186,0.4084227514066372
-2.68785346188758e-16,-0.3817830912537452,-1.0304428009114095,0.5369432768483556,-0.8715025738528626,0.377197388570687,0.9983757855793679,-0.23461606053640233,0.7946729342986921,0.995899363689376,-0.3423419071626,-1.33307355456073,-0.24693761262479486,0.9514335604777,0.476382189572738,0.4765181879512145,1.4238580262582605,1.719213268902831,1.451596028883036,-0.43435801819556863,-0.36658163714234426,0.9439111903121202,0.9918682988605725,-1.2196409474698524,0.09258396814680969,0.11674377649717152,0.31097759893986776,-0.35811937584413195,0.7887876203139339,-0.7722440274089145,-2.417728822904195,-0.19866875737865441,-0.3136261096922585,0.4016965367722656,-0.11534117331885689,-1.6626359338887862,-1.2768977349840065,-1.4037995077765082,-0.5946256862941598,1.2665608722190065,-0.45826473313172866,-0.5736693216820279,-2.5432468368378203,-0.5582265474244873,0.5934450965862073,0.9204305586658791,-2.10099524510205,-0.5957861372467905,-0.2826126283069162,1.3473246084022144,-1.2521258528694572,1.453321281574185,0.41699580997483604,1.6115555652166385,-1.6612552004549679,0.7101879308763326,-1.039011875464769,-1.1354046089462404,1.0685989664206859,0.9364368570316656,-0.8656742159321401,1.2771675648759013,0.0745737472357827,0.6908385270666729,-1.974881126369903,0.06222196559959625,-2.059180026488693,-1.9469888030250972,-1.9685179139584712,0.48719690380683617,0.5954585127389963,-0.3962467446868224,-1.0344689374105822,1.4368723634811333,-1.0284284094331138,2.806118993990003,-0.11396046860245146,0.5463511232187136,0.09460881531995947,-0.8143865000704357,0.806818969085158,-2.6410071837089655,0.4624415392864085,0.9242162321487045,-0.3502819458794317,-0.2815236290569011,0.4556423176130917,0.07685561071851281,0.6544047579904502,1.1346007865010441,-2.174465562217809,-0.5311228880835732,-0.3552272489888846,-1.5708108846248225
-2.68785346188758e-16,-0.2778601187268599,-0.9523646770241584,-0.9558225337652225,-0.9832693907247064,2.614971706222437,0.8815990075617537,0.1197350691826379,1.2568198610793377,0.23930396227824136,-0.022294894465039752,-1.420252609307473,0.6611918275505486,1.5148095775895534,-0.4600704987722952,0.9996939558941119,0.5981096094055403,-1.545017514332148,2.1550662722354987,-0.3215439784741914,0.29390768145214147,0.41103099898928086,-0.833574534323108,-0.6543423760401965,0.05996935667829223,0.8023551206764192,1.236323188519354,-0.23495552905264952,1.091784040315168,-2.664455979259945,-1.5556387634804951,-0.6663331381697501,0.14175891056432616,-3.364867306597416,-0.9739490147252681,-1.9457590904415523,-2.753467330397487,-2.6347331029254173,-1.213348013895871,0.22143940931474668,1.4420344274802348,0.13667252976695865,0.25863988706438373,-1.8292042776267141,2.642608897087663,1.1946526743343306,-1.1219267679566185,-2.9245412969264444,-1.9577865718016525,-1.3826454707631584,1.6130308168318053,1.7138293954965214,0.7166644956188163,-1.812505841932023,1.2028379551836694,0.5599864801428106,-0.3385952528237562,0.927015385486487,2.256547404598262,2.7505247847597234,1.9187040141996894,-2.6872344613171655,0.38505634706753633,1.2013096160455985,1.063550224757553,-0.6216120683330628,0.23566147548322874,0.4545083910878912,0.6024209516361326,-0.4134933849978149,-0.2287368763642279,0.11201838364407056,0.683528482027822,1.842017423369567,-0.0003507928135804086,2.8129266539984226,1.2594662288797078,2.03875510138403,0.21730511149201187,0.26750725135713493,3.1464779305141786,-0.7737824038375715,-0.08297204183602054,-1.6989932387187865,-0.7328190566278039,0.11573098819480636,2.8400070162711937,0.6683189916729022,0.4241096362331401,1.2592265225242638,-0.9765985447530249,1.8048780807733813,-0.915560999915465,0.5690680110842412
-2.68785346188758e-16,0.33666377165021294,0.21932371639770737,0.04662060818235288,-0.7112872526588566,-0.5894411452774434,-0.55913109103987,1.2488532834860795,1.1649538590459474,-0.6685568253392185,0.3026665345036129,1.2573966051761707,0.6237344773026465,-0.6500197929486776,-1.2367185640045313,0.49899268836781063,-0.14567469969909377,0.14565123549090087,0.014214381888969119,0.05576091705088409,0.034827797220203696,1.7324833081703126,-0.014051835305121219,0.7168286175663268,0.14851361870279706,0.2879670104820531,-0.2568653537657597,-0.36486980844565814,0.24854375505451956,0.6223236550908544,0.7176479956004274,2.4211310718416135,0.2533202122116118,0.054281855183751615,0.7839557519630763,0.07212555343958682,2.0191594859597686,-0.29417808261978823,0.4845715849097662,0.9268628672143584,0.6796742782721165,1.193120300277379,1.385675139321142,0.9847566775038596,1.9418167473637196,0.5046844492178125,2.253684315527855,1.7927578082226616,-1.6044060835243892,0.16985533433638392,0.4581444695698559,-0.914891271972005,0.3602555621871437,-1.3688456217914537,-0.16754313247923613,-0.059400990250798036,-0.4127456082435064,-0.18165832534464954,-1.668137526662551,-1.0704279466507087,1.029228877313763,-0.8069282226895798,-0.6779937037677253,-2.423835311146248,0.678899294660645,1.223883189788928,-1.3788825352819487,-0.4659515294451877,1.0091057460608301,-1.1301712033220077,-3.48384211850397,-0.03697562251131892,-0.2512361640330596,-0.7636921702337581,1.489516512077655,-0.027134062222413616,1.1222606230491963,0.7317858696773705,0.18356950115172466,0.8738871032667322,-1.1279898735087663,1.8074709810716736,0.45387186309862704,1.1546877017687482,1.9422223242573988,0.09767640832737798,-0.9039189640393264,-0.8787790049442233,-0.18360614511808915,1.2452050150172087,-1.3768123987766028,0.25954711610527764,2.007735583093154,2.3677226818286425
-2.68785346188758e-16,0.8367642602918965,0.4921363062544886,-0.5271582752001645,0.24018142999984868,-1.2764219904341858,-0.940915272420289,-0.24946237362439594,-0.011991712558949708,-0.14620259029610796,-0.37681810780404934,-1.1096076909027242,1.551825910835547,0.2131638711941537,-0.41222850936329075,0.16300387793870455,-0.280283741393726,-1.0302023485450715,0.6085661586299761,-0.20335419140312488,1.159707535331467,-0.23539685172498867,0.18631945801721778,-1.2255631775603422,0.17440337406197515,-0.405894644007012,0.3182259757006876,0.003922826190005489,-0.8110598947803516,-0.09585575331565965,1.9817906751671215,0.5105378962840887,0.35910649800447275,1.623162234277733,-0.029526308430482096,0.29093441808494197,1.3315264040375208,-0.15892641442314714,0.827605133920424,-0.8926821936834108,0.6619840947845159,0.2888553122737645,0.2354144322764603,1.1149273605673122,-0.23071449022003837,0.6450745527567024,1.481354697399798,-0.7376910112236261,-1.0745382694206376,-0.3997092144202081,-0.45609165128696494,-0.9151929289428276,-1.0896958894825235,1.0869171289812063,-0.4272269862553476,-2.3113490073674123,0.2546323610444837,-1.2458962733997019,-0.23380233430543607,-0.32822689434139274,0.3339869044293688,-1.6486770670250648,0.7968201818446212,-1.4902977301285816,0.7858296600083676,-1.3944256324921096,-0.645179291833574,-1.4852699012103128,1.863555271082208,0.5927739982605718,-0.44151524345044435,0.5482520506785472,-0.5162982044575152,-0.9886186874358062,0.5317462712107272,-0.03686160922430916,-0.6602280847073957,0.28864953869443727,-0.13458872831220298,1.2010397789382377,-1.198021156792565,4.3015643516830515e-05,-0.029701559627080924,0.563172905156078,0.9532340059092878,-0.34573424651434054,1.1634155512401412,0.5626762293987515,0.46219330665101754,1.4017363490056816,0.008440534217610846,-0.6727130363001322,-0.9738491737610995,0.06100358279640776
-2.68785346188758e-16,-0.8317845044782799,-0.2613385296092495,0.570058975698037,-0.7724845315371903,0.7485790234265921,1.2932035917050368,2.042065018669182,-2.390575000921606,0.8099332712063925,0.09123111558254784,0.08377483583751219,-0.26096499125442174,-0.9778985113071783,-0.5927370449317546,-1.0136275173684146,-0.3888166219917599,-0.6526227908053626,0.9908197917784144,0.4949206825714901,-0.47978058125191336,0.37812163090274015,0.7705299913384407,0.17647692639198823,1.3064053424821769,-0.33308090233567234,1.119433364974956,-0.9377373353156537,-0.5124766642026432,-0.20471454428449765,0.9524869199090602,-0.5555070614582824,0.13333967358741644,-0.5811682599209442,0.1443138185655169,1.4127317368782704,0.08170132472657743,0.5639184260600646,-0.6489144473913586,-0.5658101859284002,1.1866749361114348,1.0284500221109951,1.3589240155465763,0.8421866678403874,0.3438794550398517,-0.8138533096721414,1.1674185651829756,-0.5272563251334901,-0.868317776527611,1.0405463398172192,-1.9595073846900481,0.22566661423256015,1.215007169173985,0.8552875694216946,0.14991959933539314,0.4977989249297706,0.3182430203529911,0.5552371528788164,0.625862272263019,-0.6672376480803401,-0.6960007210711388,0.76408749907913,-0.5525515830819042,-0.9939644924567794,0.18471002060728037,0.276310923933541,-1.298989355040126,0.5956962732057639,0.8082642262148143,-0.6927300098667712,-0.3273220180809464,-1.3716516619398123,0.45424948381459407,-0.2702592683427892,-0.6206858713198742,0.49384870303281325,2.7276834860258616,1.2503625448127853,1.5753987736150472,-0.3304742065596711,-0.20639657215290497,3.40740348816254,-0.7500493949158633,0.7356050715684703,1.6387969233513502,0.30867369234355274,-0.3012717916842129,-0.059770259963834775,-0.06054938851947855,0.32023382669136674,-0.8522634178052757,0.0834568162595366,2.1387948958662957,2.2011777386148594
-2.68785346188758e-16,1.2026728821206205,1.715103054625636,-0.9285874389816533,0.423640593112839,-1.6044314367355836,-0.13958612422811842,-1.521142405654108,0.29101363351663573,-0.05662625168009062,-0.24630002565280612,0.257560728338666,0.524952250631327,0.41954619512313285,-0.6888879812795395,-0.09949092127825604,-0.3884378398961232,-0.5818509973036854,0.21166061033772965,-0.4464277407570052,0.30747295640371,-1.0271923211950158,-0.20394538835875545,0.09446018642066267,-0.43685450105112056,-0.9924084393459768,-1.4522765908006319,-1.3466527938035642,-0.41466672710808794,2.7787256323121268,0.9700538284962581,1.281053548313318,0.9093372974780971,3.2751585344917666,1.7301950021086987,1.6865955997052333,0.5834786402745225,1.2402997599610353,1.1901960388508162,-0.6887748299296413,0.0688308176579775,-0.1998096235095344,-0.5195648106893844,1.2118052235705628,-1.7596861117426115,-0.39605457777942155,-0.37394361985434077,0.2756313909410324,0.29664643942925584,-1.4166961332016414,0.4164322994416066,0.21779499507615863,-0.4913054060033254,0.8812115207820234,1.043725488163881,-1.0078776383534223,-0.369168836676062,0.15662786688643607,-0.18658613967083304,0.043906495056693196,-0.027620508659474893,1.2755271188012,-0.9826875248113419,-0.24098819641264596,2.5590570491059936,-1.1397599073671336,2.3570838617494494,-0.15917757616656714,1.161312236236565,0.502811122811896,0.4018039249157793,0.6307659671472815,1.2200883623652024,0.8229392450341404,0.41592995172803315,-1.1594472802473954,-0.09107800956599965,-0.250785389797299,-0.12719029977526142,-0.34831309571677194,-1.225916824837831,0.0918636946105377,-0.28143549305238924,-0.08078478401247641,0.7049559773129306,0.2848875779720472,-0.9349659890938498,0.3681443779798318,0.07526333972517629,-0.883045519197577,1.03784404199761,-1.6202368751742258,-0.7783157603441637,0.403800543499479
-2.68785346188758e-16,0.41395295607812993,0.11919551984832776,-0.5501540463733006,1.1612568911404377,-0.24895512698419597,-1.0191349034991672,0.8058145948733172,1.6516695774902725,-0.36554882805137906,-0.4860801815893667,1.2303340729696908,-0.8158199476009529,0.4370746519036664,-2.052595275113475,-0.6515475450561108,-0.47636702877932247,-1.5002019169946188,-0.46440648501921356,0.22502425417913025,0.10878613984985801,0.6081890316237788,-0.03722985769039544,0.35831908957944814,-1.6906896430756948,0.7756502149129553,0.03222502223550387,0.1722219175888741,-0.13461905314399783,0.11765728109269356,-0.5475925242774176,0.9092332984738889,-0.14069426711052319,0.13680788097907556,0.5733260703749845,0.9315734158616988,0.4213815945406871,0.34702899491038963,2.18917512950415,-0.008008774355109993,0.23757134816594244,-0.32527780945691087,-0.8823408624384882,0.9081850230456214,-0.6935203443182829,0.593102382686977,-1.0949868351683976,0.5386374948359016,-1.0799937137320845,-0.24908757540483048,-0.8107738005303385,0.21427522323544018,0.09632989474575054,-0.8197511459031706,0.6804618602566591,1.8502376408816241,-0.2535213911815765,1.027281584545778,-0.2616494981099309,0.9311539563758192,-0.04709412163122595,1.2460472781779484,0.9007718934668784,1.3462567151486593,0.9595522977428801,-1.324702928116463,-0.42729787906769634,0.4751539841829338,-1.7066907801666409,0.11938084574290682,1.4708685193201214,0.35141254517497583,-1.1510965253557128,-1.3360920694556166,0.3190021532810976,-0.21575595589561491,-1.2083221103765551,-1.9037780236847537,-1.66907160653163,0.5285003990164927,0.5156489482963152,-1.6002295025269055,0.2095447787789827,-2.958035539196875,-0.8446328225463964,0.24519898548557326,-1.4993144861888599,-0.1425278592188848,-1.0174074398569837,0.34308942198120435,-0.9959376005504823,-0.8677896953564856,1.387308728072601,0.7476890233271302
-2.68785346188758e-16,1.568767401408797,0.3233770546058762,-1.3551961639219794,-0.8869575436250169,0.46644167793183855,0.7190552136984749,-0.5670632700124603,1.292833116205292,0.9240150102608082,-0.1620208579884702,1.4967402590665757,0.3096284304066847,-2.1892836994441325,0.18729352880472327,0.19962262549950344,-1.0337272641556625,0.35961221614688255,0.805758170026227,0.5651973500076874,-0.3612508448132867,-0.3436426443253034,-0.19289709471443908,-0.07643315883127166,-1.1745405352885747,-0.2520924623257063,-1.5113073380153343,-0.32732018484135283,0.19971923778918876,0.9896254059585422,2.7252594948786992,-0.9503509539110085,0.2612514294836372,1.948047423428408,0.06633910573548674,2.2471728567580476,-0.6425748414982579,-1.3663722919168495,0.16145509927101728,0.49745818197875624,0.6666172864750971,1.7082672387330908,-0.39783521043015324,0.8104895012669775,-0.8775063880721032,0.9634169174823971,-0.3333296703719608,2.2235230205259384,0.47827130468030926,-0.25017814076917333,0.7387745583261884,0.2105535145762238,-1.3054211864527419,0.5264866719843948,-0.11968901728133118,-0.15772050385212524,0.07736014899185077,0.08523681098653055,-1.5854288530026408,-0.5750724078812276,-1.3796350175501553,-1.6790888540385274,0.13171949501642866,-1.4286023804154002,-1.8472185470270208,0.04896613975007069,1.7477713550636387,1.7233093444728382,0.3864953833836956,0.609483300851823,-0.9202698738471629,0.06999580126993496,-0.1145182454316549,0.22876332144342815,-0.2630308979762564,0.9275161433017263,-1.5940571272054918,0.5914446805285893,-0.0261913098166692,-0.2676013542678578,-0.4881956902414391,0.38748013984605867,-0.21865007387300073,-1.6899841275382654,-0.06354119745472431,-0.22532332119344706,-1.4412717217316087,0.024516784425671977,0.8959302162999394,1.3633785179578037,1.198309875190327,0.028440702583361344,0.7245683614150338,0.8823478183940785
-2.68785346188758e-16,1.297038191754057,1.3074503391737737,-0.5534427794810661,0.9945049246479682,-0.9971637106309255,-1.4323808428933558,-0.4282605681397704,2.812438768568966,-0.4297736371909496,-0.4591353838487614,1.2657938832405449,1.563922246016621,0.07548481015472308,1.4384089677765874,0.6435734657221741,-1.3054761368247303,-0.7730659577947776,-2.338828515601112,-1.732891210952975,-0.38281601294923906,-1.2523346040618801,-1.6932262066270918,-0.023241511672425507,-2.1808936089760973,-1.8474433471479685,-1.4964475662347958,1.118482917074091,1.6826761183192833,-0.2882232796561338,0.5454291478651528,-0.879394848468433,-0.7403675214690872,1.8335882959890657,0.45203763344277437,-2.812924413694198,-2.144238361734734,-0.6333578522092468,-0.15099904286799032,-0.47081429266808494,1.8144477106315806,-0.544938338888518,-2.2141009207828017,-0.6795449257328868,1.1152805765526927,2.2503003285884575,2.7993102202538704,1.99404520133176,-0.20233188786810746,-0.19789383128892593,-0.40334110517587174,-2.828482569549313,0.3529811440430155,0.4835683627103391,-0.8108587034149108,0.10840119905593526,-0.011800356347959349,2.1815311584685455,0.09279145705111612,1.39516203726072,-0.7623838513072729,1.2685985358682945,-0.14657338122132568,1.5156431267520616,0.8932779030835181,1.2354666615174237,0.34292731109699404,0.3312256968540489,-1.0510315654476732,-0.21744881008327346,1.358378254063711,1.4834135385969576,0.13119533519640103,-1.0164886179473296,0.38665881953507225,-1.2364277340662966,-3.7979548845327438,-1.1045964927437222,-2.3064600266208313,0.9381258176446589,2.041279257320119,-0.13340386516407732,0.24127753279612105,-1.83631313092587,0.9105551523125375,-0.15031640946247093,-0.6659516184944958,-0.38575013559085486,-0.9383225416909036,-0.6964488713187815,-0.30622018337910734,-1.0276223102291464,-1.8808690210119752,-1.5508303069728895
-2.68785346188758e-16,-0.6205552460673678,0.26584150672215706,0.29418172201362836,1.4698278559516222,-0.6018165494762863,-0.7219238417467935,-0.8840208830742765,-0.2765489994376231,0.98516957818655,0.19386308200123528,-1.7297911660406278,-0.40697346076270335,-0.6194030224452126,2.765451675972847,-0.5034340422027144,0.017504404129213724,-1.2742278511548888,-1.7068680160219616,-1.7228079141301933,-0.6293142956198954,1.1028378583194938,-0.6832496967313226,-0.6280044476477157,-0.24773072704795782,0.4098873294669552,0.30391708490165903,0.1462183623195824,0.8403795653534634,-0.14054806614710796,0.44564303673573413,2.539468107037651,0.10795460493502806,0.5931794562852979,-0.41215372938233075,-1.197624405794901,-1.7180584637700977,-0.15098701973702375,0.4743452674067933,0.6272452641002451,1.1977593430310634,-1.0283933775146934,-1.015595938901497,-3.0422277447026747,0.8205117636047801,-1.443378212374952,2.604640010832552,0.11635497662662833,-0.9374060548087575,-1.1170190852029156,1.6627268688959518,0.2198375449996801,0.247322677235989,-1.0992800328466266,0.07209192083355345,0.66519766070983,0.7663607243258685,1.2515479273406305,2.0664547902532955,0.6352309158477506,-0.41020047457080816,1.1905495561819228,1.3324206967428582,0.28038549548807157,-0.06111660340445906,0.38243339284686884,0.8162028573829765,0.09099839025252278,-0.7351870921203416,0.9039650734934755,0.30412127149771256,0.2797151509764197,2.2659084270600185,0.11593647610206792,-1.2612182260349876,0.28534834079872823,-0.4863830443904844,-0.35848952852298344,-0.7846723377592044,-1.261278627304724,2.351004459753291,-1.2526265061385535,0.37762585589241626,-1.2843623351220148,-1.9775939843170587,0.06736103016001534,0.4792445557196124,-0.9740509055596526,-0.7198849244447169,-0.18535812409032798,-1.2917295860529043,0.4484224740149077,-0.4976372171864999,-0.5635360083118472
-2.68785346188758e-16,-0.0010171873579932814,2.2107035044042425,0.24980128974988935,0.9916778333829028,0.11903442761639771,0.7487876774396239,0.35491326740832596,2.984076686964741,0.09074373614732517,0.9324137640081696,3.6051795493449257,1.736025195458752,-1.2573644046267844,0.2530218131974453,-0.06748700832075993,-0.7128691609297378,-0.40945494984032305,-2.8536775831886176,-1.7165643317242283,-1.1636106488004982,-0.27788964006706335,-3.4956686337716176,-1.1112279019540519,-1.9163473325108649,-1.56100140229728,0.029270488813367912,0.5690677012700457,2.217354259812491,-0.833438581717226,0.24474827630129292,-1.02503913369044,0.49212546206518054,-1.347031805501741,0.4031773589128008,-2.0269080333632195,-1.9543494204829446,-1.1877206277079522,0.9866890932371324,-2.3585688261671405,-0.12626866352073346,-1.8376770438396748,-2.2649118718198444,-1.5203491177618422,1.5904284012556695,1.7584069425204252,1.778465424759322,2.092885835387632,0.6951486810484455,0.8536825215313982,0.3564601485869966,-2.448265148964911,-0.3085494246953682,0.005478395075493102,1.207991269529684,1.0863340946346691,0.7234617213087442,1.3685759863739335,3.5196474087238148,-0.021036838570461125,-0.5307855645769206,2.04965371590899,0.3767305327832311,1.6124440981988148,0.7677690321858446,0.8036443559689108,0.6252465713151318,1.622754463664573,-1.8642032881273896,0.9790556061488139,1.0362714963031987,1.5872637029444383,1.4972896413005914,0.43523791546649115,-0.3739128155619018,0.8247356035420863,-2.1107208843072125,0.8018876089262392,-2.6001833568719497,0.7474888224762717,3.591721159220722,-0.776854047488946,-0.34101951451516943,-1.3816404216944047,-2.557057211416575,-0.12169816186952706,-0.6151881207663598,-0.46578579647180535,1.3661638010034114,-0.0018665401965028972,0.46426700070742394,0.704267466145452,0.3420711227179263,-0.5710778675034979
-2.68785346188758e-16,-0.4019052590358043,0.9061247065749509,-1.030603236546663,-0.2759560791670012,-0.9795146714342853,-0.3558394878355839,1.055718662444113,1.1249864195965937,1.41528112836051,0.5265802088004043,0.986337347326634,1.1543390267097384,-0.9099209293303401,2.3338724246089257,-0.1342594039849798,-0.854461270567019,-1.5990238312282385,-0.6394910546643344,-1.347073488225779,0.5424806060336721,-0.8783828045774775,-1.367194432025479,-1.3518495305532847,-1.0914757693214012,-0.581322472702923,-1.1802168073459947,-0.22714201183771765,0.9072282562057088,0.4099128630874387,2.1206521074028224,0.33133565078282556,0.7170013799771668,0.4095735140960775,0.43211847665240655,0.09059344177663031,-1.934430153155947,-1.5322481050649266,1.3145992319015254,-1.079782784376776,0.8300290443936992,1.9441319213198258,0.38613841309907404,-0.6800040735410804,-0.13161722260910041,1.5837755928006494,1.5230963489655283,0.9903343613526384,0.7164665751183392,-0.10903162237484527,0.6548864303685009,-0.12038153529284351,0.04960812186902716,0.7077525752425495,0.03507048174746333,1.2476761478762506,0.030662329229504088,-1.173383627934545,-1.618546331700836,-0.5073867580849363,-1.294495771724887,-0.4475999853272631,0.818538915270959,0.3198356416745195,-0.274637616472317,1.9759150187458558,1.0891821655723932,0.8127334240357865,0.5009775551866774,-0.640206309979552,0.5898495495831028,0.050248215254082434,0.42779136702233994,-1.1717418171054914,1.3385646541090224,-0.7223238916111725,-1.6934010838846172,-0.6272394046026571,0.15254932433654295,0.33177953183393283,-0.48348282126684156,0.615161769088306,0.20874508437603265,-0.585930914975683,-0.3188726687005188,0.03858249907691029,-0.1670406291374904,0.601202040176508,-1.1009713279275775,-0.38829111119642523,-1.2525654746438053,-0.3083774260284894,-0.9341039675625045,0.5295974935631317
-2.68785346188758e-16,-0.22278149032489533,1.0827793762607096,0.13578403419872953,-1.2985782040154152,1.5152915531225692,-1.323891935487461,-1.3563610139030933,1.877114020342997,-0.367533493813373,-0.03557368867999865,2.9915846505041763,0.4219984422210882,-0.6180626896165334,0.8302238534337626,-0.9654591341560301,-0.9091208802569763,-1.6122605718070144,-0.5147677066483912,-1.0371330452159768,0.066285402624697,-1.7574533511617054,0.49657549659163724,-0.48281325169909456,-2.0924996427161124,-0.8127582206120909,-1.8523437674417995,0.39225391275635196,2.325140668134243,1.3209168514176914,2.258061101128402,-0.654501935017401,1.4809757627989573,1.0491686950928194,1.392475855151516,-0.5971566816263446,-1.1615134542909582,-1.5633085579236377,1.269635249127378,-0.41056675579061525,0.7995984993222987,-0.008650061939199927,0.1573435094284406,0.17716970556089784,2.082495145691238,0.9450361661507726,1.6752311924561751,1.268479339353093,-0.41930447906947,-0.1983246457855822,-0.08236243615456962,-0.8620746604928482,1.004009696328696,-0.03906097356872998,1.0356813973528487,-1.291242933480604,1.8854612221486322,0.11031431186672547,-1.9319599650441857,-2.547473173804955,-0.3748114698163727,-1.0061839238646764,1.504458049495361,-1.7397352260731964,0.37030280062854054,0.8011310284319278,0.5618307786090426,1.9667169504232673,0.0005333039636113285,-0.39123509476430135,-0.5517604570691147,-0.42559801698018423,1.127713226501398,-1.0102287486526773,-1.1252810895943903,-1.18581956782979,-2.337407600081362,-0.4442857106938255,-0.020384958179161194,0.6416337880222701,-0.6107683420682144,-1.3009349300042954,0.09813543807488878,0.3506764905435946,-0.06350238116113904,-0.16400788441184116,0.22018802241626312,-0.22771498074955857,-0.07405967360535004,-0.1281870627307693,0.8568687383792954,-1.1581799491243163,-0.5379734242628341,-0.9326466750135338
-2.68785346188758e-16,-0.7339402610015536,-0.1732278755298851,1.6999057967888986,2.1452913132276263,-0.43341870950153816,2.7813464201185925,-2.194824079057998,-1.3119556410471425,-0.030535815437929874,0.2510410154141452,0.36597734582786445,1.1592693617036174,0.8685811893155421,-0.910080401624087,-0.319066657193697,0.2607958822669713,1.8075749883556003,-0.19538190914678819,-0.14141543431686915,0.7017699251318542,0.3362559891724063,-0.25147535413761557,-0.7878254701302447,-0.29503791650689415,-1.0383776444607409,0.09123098443544853,1.0739650587893597,0.7588730123563731,-2.736344658415248,-2.099962466713177,-0.07061575747129922,0.3303705219758928,-2.354740440572563,1.938921954380274,-0.7772314593861225,-0.0882588149771201,1.2433371328177403,2.4864321762832033,1.4617284731579934,-0.061683645781893004,-1.6066888356758244,0.26931018883100233,0.4559971833685456,0.5774307953937197,-0.4103429480848716,-0.018493942034016664,0.3675724530172385,-0.8404698297686688,-0.9181728218411348,-0.8415920571524482,0.008736061741257017,-1.2234827110423103,-0.5690758311554459,0.09010150912585743,1.025095859318896,1.5841473487908118,0.45713497771301725,-0.9684145455121015,-0.23543260850570072,-0.5089104226625718,2.3132374956505877,-1.192951223535533,1.6015534699314173,-0.48286318319784327,-0.9288766449214275,-0.4206793490413293,-0.25003339889867604,-0.6782962188758513,0.5949622383801098,0.3630591116809836,-0.3586264251302162,-0.4580593607860245,-1.0284162150856846,-0.6000461246547447,0.10237285309169696,-0.8449758552545226,1.8628214428648215,0.9622786101757209,0.4136007822288954,-0.21239531845366189,0.31962005550739286,0.002922928017725166,1.883931359511855,0.18441617103229724,-0.19116697436464156,1.2679526661415985,0.3805086820768535,-0.6066343831855148,0.36891736648814066,-0.5031719992200486,-0.1809739361202612,-1.3815057704696936,-0.7509802435115817
-2.68785346188758e-16,-0.545375487734825,1.5212895362774996,-1.9044922037830978,-2.101908811951529,0.6102356546809468,0.751901186533699,-1.9221417397195462,-0.7677674155882354,0.9669822021559559,-0.8317817927653254,0.9758358086590219,0.9762917548284136,-1.6224276408800313,1.303554697263936,-1.1498048062679813,-0.9948723882942143,-0.2711586521070152,-0.6730635803190849,-1.221478150252939,-0.027397771035893893,-0.48522282573405356,-0.5965245952621041,-0.5077921030446958,-1.0020512334542058,-1.557306408036832,-0.49664561899733073,0.27972181242165955,1.4031889280225365,2.8586594579291393,1.0206640291260443,-0.25652748346377274,0.03821315306267653,0.29591932964514767,0.4451954360626535,-0.47005058995578597,-2.9476343718582196,-1.403533435628574,0.5992273324645803,-1.0131586333154197,1.4278622598227597,0.9877761527503262,0.5252710142250729,0.9871715310892011,0.20909801128921682,1.9869713347412783,-0.07338801861599742,1.5925389286977651,1.125677939132573,-1.121380216598949,1.7792826802022068,-0.9078757027695855,-0.3815788741164701,-0.3007774048848379,-0.14337367254406044,-1.160620304741178,-0.17333297416381915,-1.510694236981796,-1.3579445323799129,0.3996199946881915,0.45354436707943546,-2.6801906726409475,0.420876374860116,-1.388210427018243,1.7662051709391489,2.836421425542167,-0.08976327804194595,1.3502322146638108,1.295487384937569,-0.26376900151844923,0.6559757398809828,1.6127476147573612,0.24630349397595241,-1.3701410411092494,0.09926649467623841,-1.1337136496854003,-1.0255418240470757,-1.7793786539195326,-0.08800825909008603,-0.17193484963792294,-0.7054499019659712,-0.4592731938084782,-0.07505552886161632,0.810982716790668,-0.6806789962055726,0.0641534366393984,-1.4778973486665632,0.5364966544171232,-0.3223845503056925,-0.7817868203432345,-1.0926454623776691,-1.233876609026798,-3.3959076409879634,-1.143204273813602
-2.68785346188758e-16,-0.09855617694657615,-0.9449101188790463,1.960211193802321,1.2666960297768008,0.29706657985821483,0.7250863224104281,-0.9617306464846925,-2.0687740548344857,-0.2641659830978619,-1.3076883846673093,0.188467588188037,0.07472680595015091,-0.07972927475086061,-0.010928923683607539,-1.7610064447927085,0.551714056070368,-0.3622642713321602,0.2654815821324096,0.03760364591882609,-0.03972884219250699,0.7554858750945885,0.5805080126072241,0.7475264752055881,0.1711019961869848,1.4785606735642096,-0.23675291806659415,0.5870720697255088,-1.18254956201673,-2.0359310977140352,-0.7213150276339109,2.5088005236494393,-0.5051000544030002,-0.24164754169863722,0.015655362521372604,-0.0989153985250813,1.6519655613217905,0.9816007367274853,0.21590683103008107,0.013514483466641913,-1.4708251364826896,-0.13470154960338682,-0.9907956722466467,0.2664095930135908,-0.014032117609614536,-0.31372939839704883,0.48673352014731003,-1.6770484034411672,-0.6120010972931456,0.9523061771841325,-1.1195163432868747,0.3188330209500325,0.767331167681638,0.4757142656519691,-0.43196165296119204,0.03911949493387801,0.5131401277514135,0.31970787016947677,2.058664129919668,-1.1477120606749716,-0.8378921591304107,0.09202581384576264,0.7156102842420251,-1.7293487122150584,-1.6597679927487639,-0.18455753888448512,-1.2655692574632558,0.10124635033456864,-0.7930269846803304,-1.0495035056057926,-0.23723811719998275,-0.7980171120645263,0.2851600231520274,-1.217388942836715,-1.9359431344246707,-0.6656113960884297,-1.0491658838705495,-0.814080010778254,-0.9346290636361927,0.6952944699245162,-0.5961053285421822,-0.8151435408857219,-0.03171347904511075,-1.2744908990802388,-0.9828700281001934,-0.020155993161951158,0.3530545537794525,0.6875759930235129,-0.2885964215856159,0.2771521208007395,-0.43493510496770227,0.8003980475266886,-0.7341169789899937,-1.1738423457675666
-2.68785346188758e-16,-0.4087919006318736,2.1048752564501583,-0.7366119687811983,-0.8079991027619986,-0.13339223069241207,-0.17472942600635974,1.2750155487725423,-0.6018908261838621,0.21941799565319856,-0.6534055483368434,0.22770141150917245,2.0155895700508233,-1.7390867444264326,2.5212335114307827,-0.9617357627007554,-1.5551674923337433,-1.7334297104254686,-0.92861685857965,-1.5108154727765832,0.30018014740145604,-1.101948209388446,-2.3798574975068796,-1.4549695865559595,-1.0809700629914278,-0.5650427042858733,-0.6693182302837223,0.01488480598592878,3.2795845134479515,0.7888519367998089,2.876445485042617,-1.157086234045438,0.5507056543564365,0.9676537363504153,0.7716880705139813,-0.9403670871409248,-0.8557449301396254,-1.5985120023242616,0.1897418498042016,-0.4479559190332661,1.4295614363222138,0.41942219371395717,-2.1631566629578196,0.3500133629717406,0.30775978505367874,0.5718175241291962,3.888038215311094,0.14312173394810856,0.8156992212956502,0.32148297957303146,0.7152602031063141,-2.954085088838302,-0.4692264485895565,0.23677856510970233,0.31561156319679423,-0.7350606308497476,0.5004406116971215,-1.6859602241237832,-0.1236111738128115,0.3379664371324977,-1.188928730827163,-0.9568192710608399,0.9998319497256667,-0.941035601670684,0.9877437417494396,3.0446989636372472,2.0862527409209846,1.6343385996763904,2.351628533963641,0.3932919755096201,-0.39107385824228724,-0.2053210888253113,1.0314779167710162,0.30372386460828393,-0.3008357452288887,0.2552820456706686,-0.6551004380673475,0.58033282969051,-0.6678729223540782,-0.4287313819556404,-0.922053089867718,-0.2162035314372896,0.09397726466774474,-0.47896303012543484,-0.9603101094773719,-0.15315403216477058,-1.1816754043562505,0.34038987582435554,0.0076668723822068685,-0.41500883516259424,-1.0771935228834768,-1.4146867021480698,-0.9418822066113777,-0.21279811815491556
-2.68785346188758e-16,-0.5920499953717546,0.8187235392089002,-0.5386583160323394,-0.3285554478642992,1.1036245782663279,1.141843374804229,2.215454088309687,2.0629438112513987,-0.24972750047972994,-0.13890400650206405,3.3735953364313653,-0.691345612688224,-0.2370051791689931,0.8442363616324298,1.1279119538131284,-1.122526584652744,-1.2354332918861015,-1.8242389430052213,-1.3466473155972436,0.920879318170726,-0.3395828019295049,-1.8944223267158828,-0.30949977890697483,-2.214588099708778,0.4732520190792492,-0.43102915505714107,1.0601640461610522,0.38278993381001525,0.3656783649806987,0.7544950652904938,-0.026033234068518374,0.9273596694588879,0.3760089969822137,-0.817778248830848,-2.6163141005184567,-1.9985879816991798,-1.2600813879314636,-0.19709809105197607,-1.9723419038644172,0.0042865919725411095,0.01001235051044963,-0.38940348375219924,-0.8554218558866653,1.6535091993724507,1.3865463241033678,2.992961449003271,2.7090265955027633,-0.21776314809002495,-0.34743447401106803,3.2169238825093602,-0.4871445310788842,-0.6443264149591504,1.184904573345166,0.0045587566905728304,0.7256644122591143,-1.3154710858004386,0.665387016964739,0.8531331710482256,-0.13293385521182022,-0.7814762591179968,-0.2501947910055954,0.6542751266035847,0.8010031019708391,-0.9723570438924362,0.9610225977742705,1.5664874781620965,1.5516368864580414,-0.8981446012026475,-1.2010669913699015,1.1769576791768372,1.5190035102562998,1.1379710700667731,-0.9105298255158887,0.6547151940978667,-0.2835166374518119,-1.456598528101283,-2.751190518202773,-2.7730196961487388,-0.42499411590736214,0.08187480545088459,-0.1988679529117563,-0.4191844739613856,-3.204540640694167,-1.3940291028219545,-0.44435280869911264,-0.7586386388343918,-0.8561809211860503,-1.0123083198615546,-1.8104511855303662,-0.17773028647246375,-0.018077925259511574,2.43613194665529,-0.7246631863896124
-2.68785346188758e-16,0.05850463480244375,0.9067089516300261,-1.280688740962192,-1.8401742741230425,0.6503491624258894,-0.5214176101568887,2.8185933165696637,-1.3415751521904626,0.4822697675121017,-0.7366244276609413,-0.4874954458483476,0.9559049929319188,-2.4251004326985743,-0.7033666109875221,-0.7439427834400308,-0.675254768823758,-0.9374675584778149,1.0556025984549915,0.071839339598823,-0.8391964903165904,-1.5947895101473946,0.1317050967649172,1.1449599973800775,0.7093323647160327,-1.513172012467039,-1.7688781115492107,-0.11557201058460072,1.3728629733962412,1.2279034117582432,1.85822564855136,-1.611852599521901,1.271999631837492,0.5257345443796071,-0.20199052229408543,-0.28326900848635084,-1.4552795774339107,-1.3228308313389299,-0.5164738318419956,0.295798601060567,1.0408482672170751,0.5976785621592442,-1.1138037449833194,-1.315784285869912,-0.18137132077790036,2.0842014342828534,-0.2718279990079966,-0.49379563668819637,-0.2957259311753181,-0.3933803126405128,1.3974651036995285,-0.012563321516050566,-1.3984783702189436,-0.32908155871401024,0.36206523706034777,-0.07902452997764686,0.5199036581424569,-2.467753214948373,-0.6261095766668319,0.46017458397406596,0.025750746246802292,-2.050916998661334,0.08415144396766736,-0.2350500214281216,0.49083679642696465,0.0815517565331394,2.696999870790601,0.23884007246380656,1.6763845254403982,0.12417115851353919,1.7285557717828746,0.7539178395684616,-1.3099163516588292,0.7558241329590416,0.09184183518145043,0.07333745417922377,0.06042596430137204,-0.2053604630128657,1.3131404330146823,-0.055809107881152786,-1.011887449740866,0.37657014339832795,1.2426858929248012,0.3500036337860374,-0.8652097356920704,-0.2985087098912934,-0.6778682073085536,-0.14022886485801342,-0.49788717449877484,0.06765481710417687,-1.1035363470020814,0.4278172931264193,-0.5963895732466419,2.4513688236612383
-2.68785346188758e-16,-3.757500832547351e-05,0.9325802036710059,-0.35570962970188846,-0.08729623645762893,0.6677804869358607,-0.45433228490021943,2.3258003173133717,1.555537093137006,0.3817345254113946,-1.4149476429402559,1.859531356446422,0.6890992316556587,-0.2601177244674756,1.9942680456401125,0.5860901545411361,-1.4456684965223054,-1.8052631557794512,-0.6855045591661222,-2.5429403945155173,0.015153279970442477,-0.8777892717721275,-2.446291185690746,1.0409858495621986,-1.1508114595847414,-1.2961269077775985,-0.6385917132636385,0.030919820166040054,2.3998857610099993,1.5651717618987901,1.160829665531475,-1.2996801894721566,0.46402429624537384,1.5172452689867104,-1.0455001838069913,0.7139275899460117,-2.2200090396597525,-0.9712618961311807,0.5764636673472021,-0.9075304361178745,0.5574896795622891,0.3566016412831921,-1.0965660950831762,-0.775947319152583,1.7323168109372356,0.665118119618314,1.1954732072089505,2.238975305312008,0.5008958601681143,-0.12711996471056983,1.1689994682914382,-2.5917649213963037,1.5337718700068828,-1.4113500936562882,0.0811887791378233,-1.5967478281516474,1.6103175005006123,1.147756273914359,-0.8253776775592769,-1.6000699960106977,-0.17512238934838012,-0.9409649856918223,0.19594852073540792,-0.8068132090964367,-1.6892057518864634,2.3382510146627307,1.8425516793233025,1.4142520011112583,-0.6875976161886602,-0.3642349674410223,-0.0008400710873938677,1.203623006223968,1.1051989220515137,-0.5577958647728591,-1.4743090408390331,-0.21592628569360978,-1.500583206077619,0.22450843058791492,-1.4371562356578238,1.2709234605482909,-0.20426293216548008,0.6422583481041372,-0.3110372642015671,-1.551682996448452,-1.2683014319287387,0.27192641296930004,-1.7566612757416855,-0.21180986910000932,-0.8406661189873392,0.11823725035550425,0.19536237079342178,-1.6758915186736127,0.676341693712347,-1.8416722803651706
-2.68785346188758e-16,-0.5014608496710606,-3.7885501994236543,1.0480081018355418,-0.8151635675755239,0.1469830043471667,0.9257327198770291,-0.4841337389638721,-1.9331263017154758,0.7720409622062727,0.15847309304305462,-0.7478369032924582,-2.3351727504444177,2.134954916113541,-1.107149429113452,0.7374902608025294,2.0205308200746233,1.145557439802264,0.9536843687640149,-0.5507689012244374,-0.20389198265340563,2.0330155977679065,-1.6260629589303368,-0.8722898355578129,0.8530695639769023,0.6575717077565084,2.38175263412338,0.04197092823139951,-0.7593985741451481,-1.6806831786905536,-0.7909321362320183,-1.53692447999423,-3.2370116618352505,-1.2380781311503484,-4.427917969449615,0.9001246097609221,-1.3137094051472449,0.48548342273992956,-4.489752505347919,1.813451868649268,1.002575324385828,1.3304013185587562,1.200071825429103,-0.8424080759828485,2.6433478671253443,1.101822517131298,0.34524733179106754,1.0448738206914074,-2.345873505857608,0.41871525900890955,-1.7354932096096927,-0.3337314792665749,0.09955671182804032,-1.0159572541060904,1.0448645969938302,1.8731026441249756,0.6752588951887954,2.102671352438289,2.1838034402104363,2.109184829205359,-2.38929196225492,1.1681614296922396,3.9776465988458103,2.286267440024367,0.2878707037656685,0.8822259712718382,-1.6344896489539056,0.38569423937218006,-2.563804571602673,-0.1867862643065,0.5501860883023136,-1.0273416451343873,-1.8041281164100882,-1.196577047039945,0.3410046154046101,-0.2851899032796755,2.5534641857839637,0.1971648781660743,0.19964091213539487,-0.02031427112129225,0.8907009391355025,1.966086230182051,-0.043766197796001174,2.0204953366568104,0.02634466922583778,-0.24127967970182365,1.6885084903531211,0.3136939778079316,-1.4675030215862896,1.2471774221619427,1.133059090288035,2.1343781426689343,0.6634304044470312,1.6975534931104308
-2.68785346188758e-16,0.6459623576095198,2.7529463109554198,-0.7526675864973793,0.4024934734997444,1.100321563082639,-1.2398800750527146,0.6546463202848847,1.765551112055327,0.38872011011655383,1.4607716571377003,1.106281981915877,1.4318798678693905,-0.6707003379094311,2.038369075950015,0.16857962798585108,-0.65950759185972,-0.993372411457861,-0.6399681741914887,-2.3030452480087042,-0.30290260272922287,-0.5661113819222774,-2.1162103434588917,0.13875775366280382,-0.9487383664787618,-1.644749765986674,0.5220759216829745,-0.15755890003050044,2.39581275558612,0.22297400106289844,0.6509938156826522,0.7869175738542857,1.5721376513481287,1.0774960165863512,0.4248057232744599,-0.00323675952511443,-0.9372970521215436,-0.5464011825326796,0.9710662940633537,-0.8821023039820689,0.794934608294078,0.8485993256394764,0.20583957793552576,-1.0381901654399526,0.2723564373519873,1.1533093005969879,2.1021966370548477,-0.7108530171328167,-0.973375772317156,0.6224587781661659,0.11899449255636552,-1.4575423216042336,-0.23929901449190666,-0.6782039311134652,-0.11757054286683626,0.40609768731039597,0.21651155381927864,-0.7653648797356465,-0.29889202548677335,2.0288264141504935,1.9555059127723224,-0.7430286095011659,-0.19740051516876767,-0.3463094645878191,-0.1692574538118008,1.8852379869534466,0.5721444674814495,1.2355549537478394,-0.5622716802329848,-0.20465295126592342,1.9519097580231257,0.6667698959148083,-0.1973000829214916,0.34411044823504056,0.695622084137531,0.6155374156981147,-0.5180762874483789,-1.866401598315616,-1.4638402416477696,-0.5797889587201391,0.16825419718330606,-0.7031658563178197,0.27538837680929856,-1.3918714234266267,-1.9530224158275822,0.02360620916437047,0.011444175524692457,0.3258311131383441,-1.9732089837307156,0.8195522370019507,-1.3380994282103247,-1.1446456988332305,0.03900744242064352,-0.5855319158556889
-2.68785346188758e-16,0.023913521284737924,2.0222405108778605,-1.8721839030819651,-1.3702948140559088,1.4824510980404741,0.010750114265048433,2.1856645355269917,2.502295607575027,-0.7519184914776764,0.706010754250826,1.6948727479681613,0.522808911157619,-1.0342580568509367,0.5799642998759401,0.9721085123131599,-1.1414101722793857,-1.708683382566217,-1.0467310537896015,0.42577645416200904,0.0792945638674365,0.6131342816848621,-0.8396897659598044,-1.2645887037475312,-0.7076812758668225,0.6601213861856985,-1.1306440958580573,0.11132556206769179,1.742808727627319,1.2706697239115043,1.8442761505273415,-1.2938547984943678,1.1072814708710847,0.5773229634544923,0.40052926295222663,1.7145796594164673,-1.3414925666994644,-3.421531500290386,-0.13295560372416568,-0.17848667765835313,1.3109228852387484,1.787730198711177,-0.21675645828456336,-1.7906249149050129,-1.2549356901520898,0.8503693330599775,0.5631505766104984,1.391764424744184,0.29123774362311805,-0.4211422050778723,0.9005261591368663,0.027889560841713845,0.9451665864069723,0.08959915784231627,0.0007967109430347623,0.008266706624006082,0.24937858166605076,-1.4888017654044403,-2.167064572465419,2.1875587609920952,0.3504997542543389,-1.4126295398142505,-0.08946187886298262,0.394637173971923,1.1823537581720347,-0.1331064044263941,2.1134611691187426,0.7348370721366432,1.203856911742605,-1.1009308506204483,-0.5772494143218945,1.428567702282769,1.503712824579026,1.2036533976598278,-0.3324813094039063,0.45503301579257965,-0.864441898211713,0.25789756336396025,0.8617836736045853,0.13282663049691734,-1.1030085056277992,-0.47881469754339634,0.1922270163060506,0.4051246784426501,-1.2469738158508008,-0.13455452338914872,-0.3717539177598169,-0.24361841987293653,0.13028991829994957,-1.2273419982359182,-0.20810280877990328,-0.2088527900517071,1.1319251908858998,1.651850329508254
-2.68785346188758e-16,0.5736320520752035,1.3251486408469553,-1.059171044114371,-1.4412248602912914,-2.448446856540741,0.47654258724832105,0.4531173052303744,0.534610755416181,-0.9202624632332148,-0.4691429839341339,1.824804915430174,1.5458128499157664,-1.9943161053335527,4.426309415968926,0.22279081982661733,-1.4089897119574695,-1.6232011737192662,-1.5970569428541082,-2.240502906196476,-0.6717526607042597,-1.9882770255612916,-3.6324380180092266,-0.20949961678159135,-2.741424015306108,-2.1710302760204945,-1.0901277847664446,-0.7100588530312387,2.3723504425314212,1.5275010497996124,1.7931109725973167,-2.6684350794780265,-0.8586665984093114,1.514440465477156,0.45435056312773536,-2.63701021632044,-2.82488169180554,-3.078535618855288,-0.5124564330484875,-0.5989363176217947,1.9569605321696024,0.37626685482032596,-1.2333687713832884,-1.4317943511823017,1.4063226922201013,2.047326260413615,2.540508659689368,2.3296698752123426,0.736786339708941,-0.4049316468304241,2.37394853318374,-1.7158594798645352,0.5681756760541137,1.5133321838406566,-0.6875727854122584,0.8592093361964643,0.1705970610899791,2.3163589684519295,-0.561382050080081,2.66543617035882,-2.969559037549983,0.8553078915124275,4.242467887548401,1.2953246411834964,1.247018836541137,0.5901859945749044,2.050883825758447,2.1082228499298026,-1.1479644588157365,-0.6777495245231976,2.013024619666397,0.4351328992787813,0.8673094725831285,-0.03746025258249097,-0.43902925933322096,0.9067466266028135,-1.446079000788112,-0.42632131055860484,-1.3532989292786888,-0.9539520363824631,0.1809328312404374,-3.092246139394712,0.5043003558500434,-2.4668422265698493,-1.8179104879930508,0.2790300797931471,-2.0550357703875273,0.8488382303798945,-1.1547122323218764,0.6215565223583281,-1.1160312368595826,-1.6639241893690633,-1.3107446229155644,-1.6205559572761499
-2.68785346188758e-16,-0.5970343436948454,0.010104174233814725,0.3445428784052933,0.6574620845083552,-0.009017495709084195,-0.2977820846117053,-2.0696156718869148,-1.2221403959476818,-1.6088882381513505,0.32086096965137556,-1.1433399748427935,2.077962988824579,1.2097712418404667,3.6566600638761075,2.0215869795988617,0.7825694056177821,-0.03395526726317479,0.48273266956957994,1.1590960073491026,-0.43005430699173147,1.038224291384,-0.34625186034558786,-1.4074546029284352,1.2356766202821245,1.6132872700773642,2.2660248064844417,-0.6248778754611604,-0.5494725954539477,0.3516722714715759,0.027971781111325394,0.7177866968751567,0.41410098370573484,0.6878514779317144,-0.9543256288309259,-0.3823938478609206,0.9730247150599116,0.4685580951126702,1.394472765287523,0.558969043496642,1.3056711666686502,-0.3123309050518551,1.823486077063821,0.5685127717658945,-1.562330268920244,-1.3972175242051135,-0.4015015311298755,-1.1933613712742932,0.5378198810974497,-1.5311221048447954,0.5862976446475128,-1.050376027609713,-0.49958607496500373,0.3799986436967293,-0.05769138804331795,-0.45511798809504517,0.7480285313990085,-0.4361331927361751,-0.10700836261362995,-0.6515758602685148,0.1830836253161589,-0.5349923821083521,-1.6420472474556074,-0.5040418913150474,-2.0363805565725244,-0.22531646547626644,0.9343614355469883,-1.003923036049845,0.0884791375549362,0.5204670020290321,-0.9000204871220827,-1.850708925651554,0.10558904311240602,0.54739540439441,1.0819679139210492,0.9442554340197936,0.6949658711638191,0.6020903689523801,-0.5809489840503586,-0.4351186854675519,1.0166843285143063,0.34324763837403915,0.4560030537660777,0.6386614111191298,1.0981592284822437,0.4550782149117441,0.5084074947873694,-0.026774951206548315,1.987689987723023,1.92595402498932,-0.02958115134717193,0.5495303036975442,1.2595330779547316,-1.2373950295515748
-2.68785346188758e-16,0.5679371718075702,1.8706641962338746,-0.6714831144354676,0.5160187486503246,-2.767117841773981,-0.014116528623463109,1.120953254933752,0.3382101754097017,-0.32329462608365744,0.545693235890014,2.636628457887994,1.733559019302617,-2.094588328995106,0.3537888584889304,0.5162181071269341,-1.1942727981983345,-0.5053267307764039,-1.7920790485076572,-1.8954515737796296,0.34724797143309705,-1.7334190057935464,-2.5197557769892907,0.2854300836593438,-1.6347485207072137,-0.054761357015888246,-2.1017627841379527,0.1073750018013303,2.822654430780032,0.10100733367261872,2.136471531501162,-2.266829910137511,-0.3060040915361246,1.875748766923734,-1.9657129454382296,-1.3674132278372988,-0.6354081425912461,-0.3586205858888638,1.2753507453743302,-1.3241278313937856,0.8685544475423685,-1.496472803991758,-1.5849815566758176,0.3824737380759961,0.09402264150652206,1.7911027031787226,1.647709783486611,0.46534186176421777,0.04969871087592237,0.04288989721144135,2.8360887990943984,-2.4533640432530346,-0.39668120479479624,-1.0748260314407876,0.04127846627281194,0.3976397375448857,-0.4730485228494163,0.4850904242340236,-0.2074622846328233,0.5937984991932698,-1.9158464828598092,0.466983487827731,-0.6799370778875,1.1603533818743035,0.496606426318504,0.5233455899318122,0.8634458664575759,0.42048183107904813,-0.14309290580508266,-0.002784081274738022,-0.6333755117604937,0.7510427351738949,1.7848365572045235,-0.9397551388483392,-1.2661665587177637,-0.94694807677172,-2.0616750934849084,-1.478343064587047,-1.481421899593958,0.46455485345240727,-1.5844012442822604,-1.0221933186378493,0.20799454038367546,-3.0747263105787432,-0.882729131455919,-0.09671829181234158,-1.392104033937618,0.3324691065237893,-0.876909958435238,-0.719234582846834,0.6986239799727219,-1.871179063208841,1.2391979997014122,-0.6157779810818662
-2.68785346188758e-16,-0.7584249704709798,-0.34430556908278687,-1.994689944812218,-1.8436641241407417,-0.7900242598749082,-2.170884802988276,0.5132944975067143,-1.6723943469299989,-0.6721141410897815,0.39626928495945146,0.21352238097351872,-0.12058026408408362,-0.5840102112654386,-1.1121423778440989,0.7171683240539362,-0.5202474417503692,-0.18066707169454194,-0.4488276358625451,1.0780211890551146,-0.22618543185696752,-0.7370012771501021,-0.6045118079954682,-0.5584322287856985,1.4010095956947948,0.28200688863684753,-0.6367954128348141,0.940059982441879,0.1841560316372915,0.2236419196590662,-0.3551381174651318,-0.20889423404700552,0.4549455357356455,0.08443533165152028,-1.0700227443717816,0.538857479571301,0.5607167140453442,-2.0581854734717977,-0.5002100444086496,-0.6764917019994612,1.344429068813757,0.4814936308420975,-0.23911607764904258,-2.3934029511811774,-1.4127436034633902,-1.437327873690052,0.980198893923111,-0.7261136947695342,0.5284997841839864,0.5222757431219267,0.286276368456213,0.6034980316655292,1.040085570453452,1.1351782521055067,-0.1896978279511909,-1.5918272457967615,-2.0750355839883117,-2.2140901924259806,-0.29779650910495337,1.986254043146755,1.0584762121492106,-2.475571256128507,2.013410970962199,2.0169699640431924,0.40303139104409097,1.3080775537491913,-0.4810683409189299,-0.42884267258803666,1.2601609665508673,0.39196810697720436,0.27439222529661245,0.5069676579663114,0.34984496748593086,0.2944780778692761,-0.024072902459351446,0.60577726404775,0.9146860378299393,-0.6887851915449001,-0.8195259864081624,-2.1072543044355014,-0.34382695447891387,-1.5769294808936047,-0.3840953145792931,-0.6825091016846485,-1.4134789506633894,0.14562765234942404,-0.3152275607982193,0.8209286217670414,0.2878964916788929,-1.7472669515670867,-2.430944770165482,1.0611136942398807,1.4938804602572429,0.7433333888707343
-2.68785346188758e-16,1.0423626377835125,1.4469881710748052,-0.7013861114117557,1.4294241655509325,-2.5222278859376326,0.7741467648709778,0.1579708288893014,0.14879519606829716,0.8938075298994891,0.5113441766802463,0.29625450061701836,0.9720174185741127,-1.1418059261640774,-1.223009550203752,0.11485841657972101,-0.19925104893710055,-1.068789799812951,-1.1179537888771212,-0.8205928123087171,-0.7426575393081642,0.5016820577493988,-1.134775424670722,0.6207275251781442,-0.8770299704362589,-2.3557636694915565,1.1489234130182489,0.609769389220037,0.5601583198176024,-0.7345259753387124,-0.42998815892354786,-1.5048350519947378,0.8926487292402067,-0.5249599285213632,0.0006804040858071625,1.5523046231005848,-0.44139513824379795,0.24463784216718254,1.1472002251386426,0.30943272610311245,-0.969187204385723,-0.5220946438918608,-0.35519195101824996,-0.8708581417539201,0.4368811659141683,-1.3484633818593337,2.1233778248735047,1.632521277921374,-0.21782886817445682,-0.1786297671771024,-0.1758724547578625,-0.47664449018009336,-1.3478642466210868,-0.48553985705878305,-0.5667259266997909,1.93639368347869,1.444776445629535,1.3546229501056122,1.0763212475731367,0.0482381057778043,-1.5862662600077286,0.900379747276949,1.6467286503326857,2.0079270995602982,-0.3247198360661203,0.7471430383416826,0.672344773717285,-1.007402134681439,1.323072506263373,0.07358504684939503,-0.6590451296354352,1.5840819793167769,-0.13458630068826005,-1.3584430685041262,0.3751780466936475,0.8215768645841376,-0.9690797237114119,0.0868971540607536,-0.7778321389679315,-0.33921659044732205,1.3309507912431473,0.0628637714053989,-0.2943244167493941,-0.012298585258656458,0.7155961348949775,-0.3886060290903452,1.166278074589134,0.19183542873537363,0.13583136425424167,0.40177272165967126,-0.6977199760119522,-0.13863420442028984,-1.825886703540628,-1.0605635991980997
-2.68785346188758e-16,-0.06194051563985008,-0.37552962972924264,0.7751860221871648,2.5115636496687115,-3.5197498583867937,-0.7058643970989779,-0.946552048858605,-0.7981863853834983,-0.40138285730623685,0.019248664083316606,-1.660506322097194,1.451795799732443,-0.1371803601674204,-2.7874084491645035,-0.7352342694944184,1.5709132615587884,1.6657947877086137,0.35821262845188173,-0.5771296030630749,0.4988434297663711,-1.1103241052327286,-1.5955258410831656,-0.3912701706867121,0.34241992450821884,-0.4171383004033036,-1.7756302042425496,-0.7560784863529819,-0.8646535760497025,-0.4857801322797788,0.3032579871565869,2.8280211038847547,0.7095357151006549,-0.919291643129067,1.1358170494310484,0.05847340391787431,-0.5121284757311666,-0.5402513191317673,2.176846559348511,0.5272663761336184,-2.462499846784229,-0.04735386415992271,-0.1040052213330856,-1.3598940228408678,-0.20963223380700285,-0.5971156406979459,0.3959720678976608,0.1312809082170584,0.4007463930137981,-0.9468194799032159,-1.2881271614104162,1.5845563465100152,0.1447310077104827,0.47464724983165346,0.09868946572621308,0.745398521329951,0.993555615220201,1.3061592644624647,0.20623388374868334,-1.4243598725150908,1.2793020254418228,0.13559289278218878,-1.1115663536035956,-1.5482228972121233,-1.526940029403947,-2.167710309017099,-2.4008442437076836,-2.2194821327838645,-0.9368842548026777,-1.312762561183897,2.4138925593125373,-0.24090248659732244,0.9796889139880256,0.18396492928524855,-0.3887208714743451,0.7271658090846193,0.41804157653625174,-0.7460069786517631,0.9732087028266341,1.1622864474702868,0.5837297121159586,-1.6261803875646519,0.5198733573342085,1.2049761999849524,0.26332842772844345,-0.4679496400708011,0.7911385289248873,-0.32896031781888296,-0.3762783637243128,-1.339436323453469,-1.2243767787718098,-0.49936488995831557,-0.5634797162612494,-2.43712376205735
-2.68785346188758e-16,-1.4289126915596246,-0.7661801124279796,1.2422926959678477,0.03935987599049909,-0.7387982262598619,-1.5585523760416855,-0.5047325640803458,-1.8834926254336926,0.6352471598142214,0.7775393297584918,-0.9932455964011229,0.4831294644984039,0.8140577082578544,-1.984697523953575,-0.74268008327201,0.7051289058076439,-0.2769156715783945,-0.34085403246307744,1.1022960493231397,-0.4602867210884583,-1.8319457374261368,0.36333358694706475,-0.05602739424041008,1.6511835462078146,0.7972759687913291,0.8665401761686203,-0.1515849020695715,-0.8719459668719076,-0.787598361041569,-0.3806723698373378,0.5392304111096214,-1.0745037983904093,0.4842227713769652,0.7899679261555143,-1.698595433464241,-0.3273505340910027,1.321887174486215,-1.1582532871003681,-0.15029591002445936,-0.17193846441475744,-0.3201170759755725,-0.4118280795078003,1.7145637652085304,-1.0657542468176202,-1.9361322635341893,-2.0991011708011795,-1.679477640260907,0.6975845215407738,-2.3163612387107224,0.21241645181382252,2.299560806691011,-0.8282521640178554,0.033546642031161054,0.7836694996827754,-0.7317020133504748,-0.8965380151280212,-1.0990688484943452,-0.5361456313339885,-0.6765973798055217,1.1066257150506011,-0.6661630126780832,-2.6236870440735522,-0.4538953692265184,-0.7602532058433753,-0.7217516749531814,-1.1828768020245573,-1.6568007606375812,-0.3850122995486825,0.49352121185979103,0.6947459752649309,-0.5888810833791469,1.4754790002432316,-0.29528988753333796,0.505759756698525,-0.9795904844118393,0.10579722690257856,-0.3095772137763769,-0.29474404329076787,0.7856292041088966,-0.2814650124615771,0.47844415312385313,-0.26627522461569403,1.1669379424789836,-0.8210218869693318,-0.3147082412194649,0.042625845743587736,0.16591062917893618,0.2789472643517821,-0.2010678430758855,-0.6813369407406915,0.591640152193637,0.6239893679809642,-0.4876591042066962
-2.68785346188758e-16,0.5088831325427943,0.6255626429435351,0.24709119910024513,1.1508809893309904,-0.6508500523963066,0.03173910488252115,-0.8635628469187033,1.2112488453056043,-0.7262210279608121,-0.11438851690958675,0.3489732427221818,-0.20417731056709842,-0.815223193487263,-0.6435072672834107,0.07718180510022872,-0.6358761946339916,0.556902797170016,-0.31806789925080126,0.552304120038962,0.8109090411468135,1.735487966997045,-1.0721845965178503,0.24327015043825712,0.3137234949406286,-0.2866669196135115,1.1566892016684538,0.9918454725740642,0.6660537638598156,-0.5167357707758912,1.1222519672924742,0.6858730220676084,0.9345093099110876,-0.27516764568712765,1.7431541475263206,0.13704376899816578,-0.7022462653795585,1.0850024847177138,1.1283364457727698,0.8951004118667727,1.0276456732289532,-1.0145362673621285,-0.6264175526833737,-2.733364357693967,0.21259031728598543,-1.0245383649539421,0.8350271462084127,-0.06076058280871303,2.2258141161679452,0.015918065928140938,0.3891534894810815,-0.4013445301131111,0.8475965848182567,-0.2985358114321844,1.8511944436283023,-0.7379236505682771,-0.25847158505528095,1.523949637510662,-0.18617435676278304,0.19132017642019855,-1.627919745014372,0.4749896219896644,0.18717245605093083,-0.13707275041170175,0.38827202889310397,0.6249763800750625,-0.13057346904793865,-0.30117519708889234,0.5914119555145715,-0.5054965693365753,0.6641488089142588,-0.2650080103090726,-0.778440624946732,0.15990548222551415,-0.3543959064780216,-0.0035838365317033966,0.3496012987389991,-0.17218191774205827,-0.130675282495014,0.24741834200226454,0.5883004703988697,-0.17696943639667756,-0.06134327230585912,0.14623290911274636,0.869769025626412,-0.7276142602055676,0.21948822437420126,0.5096916153763575,-0.15001673542765892,-0.9572618564240736,-1.0616683498709323,0.82146463820387,-0.2830048614408639,-0.8178362442129036
-2.68785346188758e-16,0.6077143759595196,-0.6028324336225895,-0.675938476190413,-1.1640909018893513,0.2631489774708238,-0.38672568772522237,2.212480635212912,3.7915871580775313,0.268525322162051,-0.9748728942049105,1.0492807392271437,0.28898262379688516,0.44415263936606175,0.17628387332349893,-0.24721578621631904,-0.1074020951521138,-1.0027150113896026,-1.301594716804964,-0.7179772067860652,0.10113233442149022,-0.677111455699458,0.1580759043245875,-0.728022695148576,-1.2569047952770167,-0.28732993794947853,-1.291727462560984,-0.4614070514233445,1.3777621011657932,1.8232499064385996,-0.909418395449168,0.8297899198814684,0.6508910178921,1.5973397208879963,2.327890387496213,0.681281225649145,1.3026803659993627,0.4763449410216003,2.1658684312049816,-0.5793264651169978,1.912623838626625,2.0366169032154215,1.3201960634085865,1.439058757322735,-0.8954513607675973,-0.24220260892672785,-2.2871402510115773,0.10302061442837296,-0.5299667044396844,0.3895750175890128,0.45982291975371203,-0.5100506462756135,0.34204406099670964,-0.4034904541573175,0.9724920022601625,-0.5294499596331954,0.3615086998632998,-1.6566558924206523,-1.3625392740562863,-1.3896885362613736,0.8195199220105064,-0.8902935315436548,-2.9848583060328346,0.05179178663249462,1.0156507825344399,-1.521399299914051,-0.5434002591379677,-0.573640616761284,-1.3333560820375403,0.4040881006042694,0.12425305130934045,0.6387731883984762,0.14212293747647878,-0.6549834614203406,0.04569469838187496,1.0085799432666431,-2.683808334542239,-1.1184846534005362,-1.1303816615988806,3.3771888965553325,-0.3345518424808541,-1.2893492284554589,-0.8072309999507767,-0.67537115177487,-1.6528137292543685,-0.12210390406714891,-0.08263241433774163,0.777661459165064,-0.24484384009083404,-0.8544198180500953,-0.7421586241891094,-1.157879077388671,-0.3010259715723107,-1.1941440921541777
-2.68785346188758e-16,-0.718974907716991,0.4603365113240536,-0.5897281459886901,-0.13557995016519758,1.0127621178924855,-0.4244166206444044,-0.6569970637081413,0.27054836050413655,-0.4281065561596008,0.01474143694816987,-0.9046423990125371,1.6572083106071265,-0.6862014024860575,-2.0372231792606925,-0.339737418531121,-0.4430976090973414,0.8496019102335194,-1.6492698521928917,0.3618067968445365,0.47337869153424184,-2.3305413257258496,1.1211343793725437,0.23949867690587806,0.467950982202751,1.1397878588810681,0.11365515570570428,-0.11911442075121545,0.3732533958438941,2.284881330420447,-0.624576206687579,-0.9501147134338803,0.05685586711057633,0.7669863060264457,-0.3677829034305635,1.6705872122521421,0.32084420718421547,-1.3838422661671534,0.7583262802964338,1.1009640113873436,1.075012486507644,1.3139869299707172,0.694596137664394,0.8824306501975169,-1.9121765897051723,0.4812700771639283,-0.7346348303061563,1.3002389911902663,-0.6895428168536075,-0.21539859532345437,-0.725007814865037,1.1996238125220442,0.4004418307347675,-0.2002674216514752,0.23795868923879387,-0.033411886867495744,-1.6878978343149398,-0.82849216175535,-0.4788074248529103,-0.7826251902921034,0.31339913635381667,-0.3123556050779108,0.4627269120362331,-2.3419068616914887,0.35184017994253447,-0.9843869019602198,0.8220855528010711,0.7116584340582502,1.3569631865657261,0.32183213948763373,-0.5865492522836884,0.8653730344948657,-1.0479893452618445,0.07850637984855369,-0.6907426795874173,-0.8721511850959305,1.8716538336699018,-0.27786613270031235,1.0205620315710484,-0.2867176415519946,-0.7413898222285276,1.4987013474085047,-0.08073181831622214,0.27812949833202183,-0.21706236287136552,-0.36690412436311126,-0.14649602619490618,-0.08258540697554077,-2.315668956386416,-0.6120225034642693,0.33083865054001826,0.17610927226317366,0.21292951749586164,2.9031981186649185
-1.3046031469419848,1.3971992152532986,0.6431509862341718,-0.21883988726086673,0.2692171287358001,-0.18934344823612728,-0.9366947707864846,0.7219443393838229,0.9049197804952429,-0.15819029446759944,1.0252623164534989,0.8438623005926166,0.541397479138576,0.1936670262333985,-2.6535797659624354,2.0316025946647676,0.2832015800777008,-0.5730508057680985,0.9253816294039721,-1.1731456284052704,-0.01421720334738874,-0.059572032957622145,-0.1944184212977727,-0.5428038373296175,-1.0935424795509125,-0.30955575732033014,-1.2828150392502995,2.54598660992984,0.5478040128934335,2.6901848799305963,0.9118336568306402,0.35955004292018156,0.9418578825815893,0.7845685949862512,-0.13673612700813575,0.10479240290399006,-0.14073486205289798,1.3787284350159625,0.5083664096132137,-2.0722225097975975,0.0570097636700176,-0.45077770584084875,-0.8930242460213897,-0.49728739282140816,0.5964337548504635,0.2772288387630576,0.6067024899549875,0.5433931898887078,-0.08031077657438213,-1.9329891135112331,-0.014040605487914637,-0.5205607119015359,-2.003158791260825,-2.5547682230043947,0.16763681426618993,-0.880558609956386,-2.6222970558142906,0.24153615540021406,0.5855663256112567,0.48966605543403885,1.8868669117036614,-0.13704723500609928,-1.3064329854927417,-0.34903727678335583,-0.9448883609869396,0.5672092592800854,-2.2312051482749076,0.8936414403355708,-0.45204043281655737,-1.1529365893142898,0.8513647940152481,-0.6504338293404952,-0.2988422855113157,-0.4342011451449021,-0.9950570760787236,-1.40933286848846,-1.5861732349871573,0.5429228348545354,0.44750360596020167,0.3835905512530619,-0.8178452699549689,-0.6540297584824608,0.9675063424763776,0.43598164278946416,0.39018910029371057,-0.44847986707871146,-1.2778244599395574,-1.7847079481359158,-0.6812434152675249,-0.6255257529757392,-1.6083525128569485,0.3421666578023004,-0.08841469751514563,-0.44654281203553237
2.9606592312046325,-3.4506347123698076,-3.465512876074694,0.684627824841628,-1.0719930681823047,-1.2989941868134585,1.0831336578180701,0.07990450180668185,1.4812088559691963,0.3206073101672011,1.912583231574073,-1.1068418564201936,-0.5090182817702807,3.4660116745728393,-0.7255983574468601,-2.3759964890303937,3.526267408828813,2.5438534658246694,1.3165054406042704,0.5455093018718089,1.409608454109168,0.5321076216935321,0.2032463321959196,0.4431906110526401,-0.1262312355837318,-0.20829358472891898,-0.7579048871143752,-2.3383886665236138,-1.6054003379646682,-2.982701569017702,-3.011548488391994,-2.6246385120245,-1.9343821962783054,-2.8753050620132385,-0.023593836790401723,-3.095693183698669,0.8131993337173555,-0.650805003570497,-1.1468326298099893,2.3373796879810493,-2.0399048703577725,0.06796437503484898,-0.732221906255472,0.06019566148071537,0.4136873246708329,1.1020824320258007,0.21626036157011153,-1.0047192547371087,0.24323907375504883,1.2649264729559524,-3.1924546474254303,-0.3864101292888594,-0.3736880296513905,-0.7590973343362494,-0.19855491988189522,-0.297996925909524,0.513851408803362,0.13984965676489067,1.601079111178908,0.09172720553907501,0.10336029564425955,0.4100244996305871,-0.3695458134739832,1.558539379455441,-1.8978297977776788,0.8089376609045471,-1.9516884169326134,0.10261297823258098,-3.265306615955213,-2.677187383242127,-0.8735398762022355,-2.0181282983163897,-1.2590689523940215,1.2827874752990467,2.9513942236194004,-0.8589678606616141,1.2204212475649678,0.7758351958381375,2.1483291850618085,0.5023387284685663,0.3596559430999594,-0.6720335753077038,0.03742666520891909,2.577599672449323,1.7258977805327804,-0.615656409895999,0.9993894968572541,-0.00932277942019083,-0.17907633699029712,-0.5449951506431637,0.23262385355222298,0.6049691240523178,1.2954498148230853,-1.0042011167606946
-1.9091060524741272,2.0214324895136615,-0.2357521162618121,-1.5595926270704061,-0.5744880468604694,0.17948649126550553,-3.2478317610033707,-0.19987307686886646,-0.9769517469798459,-0.390913707415499,1.3444802031231524,1.1871624031275465,0.8869388877108574,-2.2821427380193775,0.5961255196946221,0.7401320166900036,-0.19737357991168886,-2.294345907315863,-0.7680804278444129,1.195965660184492,-0.28619792191595195,-0.42170080795306547,-0.5660734311243416,2.3943510977770974,0.40116693676709403,-0.17160517500881245,-1.3147042961060917,1.6083076735373587,1.5329349629405433,0.013839520711252377,2.480963726107806,0.7213067439610262,0.9701713813851403,1.4773403869789417,-0.862681113284185,1.9723053747265493,2.4618411217358163,0.7118470277796198,-0.009856527065322002,-0.2750620361727234,0.7658681720299383,1.2262247307489331,-0.8045594896123041,-0.1871400610845404,-0.45495481656934833,0.3248005384857723,0.5042850390964733,0.8480503272868763,-0.869071882130428,-1.401941231070132,0.06471366223368476,-0.7557597687094633,-1.868012301053773,-0.6492190634352282,-0.9929308484525294,-0.25521576026288945,2.0660892577790615,-0.6969270129481739,-1.4135481353377155,0.676138049754631,0.2671023441542725,0.28518061310251586,1.0899782838578886,0.14921454894058508,-1.8389321260092204,1.528592893832888,-0.8248519957530189,0.2184404981335435,1.8226230924000553,-0.5108547081718064,-0.9108963935213599,0.006014593117472364,-0.10219082488671503,0.17034799715174045,-0.11166174507078297,-2.6274367717859173,0.592218340137023,0.06465914972619846,0.5495278423682912,1.7252461415115254,-0.5852396397191283,-0.4780412073445519,-0.11777608943173604,0.11738593969464607,0.5370196224046145,-0.7888159533280867,-0.7092940535194594,1.4763270190997857,0.9152942241713842,-1.4338916011416396,0.1132386737051706,-0.03422266858902212,1.7171717790782564,0.20997525372696013
0.053514471167785,0.2772729867292486,-0.11034365562024498,0.8031573341967885,-0.47249200295531935,1.170662439464647,-0.4920827418485787,1.9781939558891861,1.4530429733817576,-2.296400922139059,0.49032421536326076,1.1200907332360825,-0.9278172203607149,0.35476745520136,-0.8584223240093201,2.910544198679423,-0.2480966112212651,-0.5790096698987773,-0.1662427741418876,1.3038640736248548,0.6074128423377116,-0.8199231380202663,1.7078927408644815,1.3638462447022095,0.6113432129026879,0.9891344619538325,-0.42499128915984946,2.219268612497667,1.0961822031209283,0.5346024175965843,-1.7915766185524993,-0.5399947737648118,-1.6317044908338714,-0.3905134251626678,-0.8665668605037684,-1.008012399767239,3.2778917896005293,2.6704381132226507,1.3865045882634006,-0.6712946644346752,-0.09152206972344934,1.2119401484264831,-0.2095498723066821,-0.8474163068271342,-1.5081433509580864,-1.1516576960921787,-1.6167862395308545,0.7043642166942133,0.9150864977803905,-0.2811039518927979,-1.3608382327414963,0.9828437680957406,-0.9294720126414333,1.6368478188469442,-0.005283148513855751,0.5991488433481302,-1.1298031815084402,0.7578327989995401,-2.1789397623972446,0.780190056137883,0.24186098223934036,0.975593377383308,-0.654426715250647,-0.10846863187559219,1.1802360760909745,0.7670886546037602,0.7193262539660035,0.2369672363282304,0.19536325410533606,1.8694529562438884,-1.193441569293046,-0.5759703325099848,0.4673000859143475,-0.5204589141827779,-1.3521932889355117,-0.9581110883261184,-1.8058383630722563,-0.25929720350265967,0.39193669252669866,0.09268124874364313,-1.1461007026742933,-0.3635461825748757,0.5110819058063818,0.3694328439420689,0.1596370664948956,-0.5538081203290394,-1.9910892863266534,1.0679723099889165,-0.2494922629090882,0.3813882716952426,0.16620484092308246,-1.6468699497699908,-0.0034308132286658966,1.3177356022526072
-1.1461082786843886,1.694416910690021,0.44824313585948367,-0.7490767067777504,-0.8073880218116292,-0.39685588800265204,0.15461518071218316,2.660885034776978,0.7436310849040358,-0.9966921541273444,1.6775518155371705,0.8677026313736109,1.5047011013641782,-0.5911871449706093,0.29392647651757026,-1.351842063350714,-0.5917119168244176,0.21655246005235773,0.2617915568468901,0.17460470860551935,-0.6717698943744259,-1.481902922163373,0.5980255139365468,2.6013601518136866,0.3593647968732957,1.0124693947193117,-1.8564446320559145,2.191202365145126,-0.0819759262582514,-0.35847007724359353,0.677952077018468,1.6173274267846693,0.949110819666541,-1.228220874146087,-0.6099153443436094,0.3204885887548129,1.2415078617784865,-0.8420212643989418,-0.9055016196785146,-0.8844809116982151,-0.4256899754340915,1.311256070063266,0.3024924991614377,0.460271606038692,-0.2668045810511132,0.20214261751831197,0.6306202930339752,0.2754466649902566,-1.2089797585017823,-0.6412261387070568,-0.8753234998377508,0.11368504033572452,-0.00907162011644555,0.7047343189256826,1.0332848459936055,-0.2953052334917382,0.43188939800862214,-1.8302880114951685,-1.469608933970144,0.14068059849806702,0.5199819425098787,-1.4672783922083203,-0.6836180594048598,-0.6479457927261962,-0.5538482579897294,0.3098285509821178,1.4249173272690037,0.2876676954461077,0.6857762041586233,0.7851833896054581,0.1514800525370007,0.2985073005640347,-1.0837155504552272,0.15683560518846834,-0.3569958161630869,-1.1877371540085377,-2.2115178525596986,-0.4684822713570149,0.7537917377099915,0.5815405495958095,-0.6698928557045685,-0.792174450542984,-0.5409371032069251,-0.2520641828737293,-0.3523833979226054,-0.8850040762754291,-0.9518212687744078,1.2737241896733975,-1.019916382881433,-1.3444678307486404,-0.19171475432450585,0.133425843995772,0.2309597104402523,-0.1420636021226085
2.7555112061338565,-3.466557360848001,-0.674054787563618,1.4572039792835159,-1.442565267323588,-1.9025895159227662,0.8681905484772326,-2.5355310977401357,-2.0603634252114693,-0.8545745291331416,-2.2184011873360974,-1.5730823663230433,0.2853953050420319,0.49147443008583097,0.3842176017954661,-0.6892461952617878,1.0479742068822537,1.2557375085448916,1.5619765005543549,-0.994299534452167,-0.16624969981697535,-0.17834375603328406,-0.7824327851430863,0.2662696468933855,0.3673556927592915,-0.12728005274841198,0.3523558522410207,-1.4288964663715515,-2.797545569452245,1.0315859716094489,-0.975594244893965,-0.9702265012872155,-1.7101360865414361,-1.9163203677203886,-2.788424787053845,0.4389925098921165,-0.056499723415463055,1.6881207211891418,-1.738038480350716,1.1704424799345126,-2.93552513227845,-1.7505416339773974,-0.046012404074753266,0.6659544521577996,-1.509232792520963,-0.5211662751994679,-1.5456753458006807,-0.2684204312837768,-0.4550224680137043,0.4694688200294383,-1.3031659283436379,-0.9358537306883181,0.7603292509343119,-2.4477421864359425,-0.9172728949518157,0.5469900717729286,0.4997852739100162,0.5402744048915901,-0.36378460815482705,-1.8709737059659723,-0.19672587663095709,-0.24527881955167147,-1.0492841168094709,0.9966686901160992,-0.2397234381292106,-0.0015378559987912002,-1.773446671805399,-1.0260849873833195,-2.111752503022376,-0.6038998278724386,-0.21588047653763398,0.14747835781502172,-0.5669540844430432,1.1400875007987947,0.44869377276284605,0.5071172401722022,-1.067414814579688,-0.09904686387146633,1.5096928639630298,0.27611370995777196,-1.8691869436214474,0.6338570986268898,-2.0139271557643466,0.01669070024351979,1.1786812073775352,-2.8026945711936495,-2.1681323918362057,-2.138787177871981,0.5740195838456268,-1.4659429626836697,0.22940230118795762,-0.15708423077562372,-1.3681169080321933,0.0027451438676630024
0.1364598332881906,-2.3063140606863626,0.5849978493095961,-0.3870769742600726,-1.379278735725148,3.234963874890488,2.596308593020436,0.0057268153563363455,-1.1248940935569145,0.7203538766859948,2.3525920110264726,0.04056120334206715,1.6263345628279404,-1.2415307833946974,-0.4916728038449336,-1.7290745296622319,1.0861803645165515,0.5342825212212441,1.825718807227047,-0.4588171468414367,0.875327593101854,-1.0001660608106462,-0.2877491977346447,0.5859851532137504,0.5172969619138178,-0.9420171751580987,0.922995165567688,-1.0441654469476267,-0.10668935580457051,-0.6959729737122614,-0.7107612729147745,-0.9660440972542086,-2.1420286161512525,-0.5289952340042814,-0.8923278188298268,-0.5157712484620913,1.0163350326957605,0.6558715533288497,-0.26308618395547473,0.8709654203208433,0.13233804842620123,-0.19637566213039692,1.060124543539175,0.706087740074346,2.275823679402601,3.145552946445116,1.4011450479558172,-0.3990950173871699,-2.005839350633549,0.5781341761660606,-0.11157915259658968,-0.6212731322981566,0.7531659260633423,-1.2278141891938135,1.290558865204415,-2.555368796964614,0.27644453021808174,-1.1827249913799507,-0.11354045364041321,-1.8488247249411032,1.3514003707735354,-0.755169964662281,-0.6855678018624697,-0.908500159612637,-1.2392521985861922,0.7496404745436394,0.6400322316723142,-0.7059926089823116,1.0823024502799143,-2.531815663010539,-0.7034727554137212,0.3760613123197065,-0.6497158201850488,0.7939256738939473,3.411519587780547,0.9301885876873994,-0.04659516315360828,1.2052707506771585,0.956582462867881,-0.9099175680330391,-0.08248116839658268,0.3868931746342035,1.3568636075964424,-0.4788026348696703,1.432325765194638,0.35955521741086083,2.0453325496562087,2.7693215273424987,-0.10838730566462207,0.37752869699668307,2.510341362780447,2.973292579782927,-0.22127099199837158,1.1167272549377931
-0.8414769289222834,1.0496200187176237,-0.5396214625855891,2.692001621020988,-0.5257907641227515,0.7870771444013964,0.07678703316762531,1.1372702462277031,-1.3110920383766338,-1.389840253976968,-0.10795798915505073,0.7674178238356418,0.179020468533038,-1.444041081195729,-0.3218508118334218,0.16908077196515858,-0.21463752079339604,0.6317115144170742,1.9346479416215046,0.7753994354181526,0.10272616170236915,0.9595333449789285,-1.5136326049037738,1.7214167646434253,-0.3799594288779125,0.2703997527667431,0.37559800110536956,0.46617217551667123,-0.9769712685125375,0.5917131188606743,-0.8874144800523862,1.2666721765347617,-0.6648462217471139,0.5755211158454822,1.885293656675667,2.2951663971789844,0.9130320668270162,0.76993990089593,0.17383979176272335,-0.2989458148319959,1.4837233383091677,0.42447376025053085,-0.09277887016370895,0.6721332791676091,0.39032518098134567,0.2197942286189184,-0.9360062709773647,0.06563604617267504,0.21840570317273655,1.6939971562126293,0.11395269614534655,-0.2658534854883967,1.5846669483179785,-0.2867085604976053,2.7883137308222463,-3.475041275989073,-1.2947765297189677,-2.9498172199581716,-1.2268343052261923,-0.7993865768680712,3.044649272603736,-0.8199648821727867,0.23100339020143945,-1.4987351668310445,2.129120540096293,1.0450314115811792,0.6547219720329078,1.1748524120666086,1.359621867926021,-0.01455609479084552,-1.804814289102048,0.36428694987807697,-0.5597634988409372,0.2122477323465598,-0.34809552786630316,-0.19274760308416866,-1.4808267425945028,-0.22580020511538612,-0.6866120071847983,-0.3863067025487717,-0.6178808439550044,0.10701559493609836,1.451145471567937,0.5656911631936558,-1.686407391345462,0.20861086243959248,-0.5351647728009172,4.156995887114736,0.0047604029405496715,-0.5315997157457044,0.6909959176141354,-0.6794631541074355,0.6234161026130465,1.985256809680591
-0.5087396317433078,0.15863269202164942,-0.32300537758468395,-0.5769205194008734,-0.536116233539292,-1.1850955203010938,-0.6943666219436563,-0.18874186988167385,-0.5962645702493132,-0.19639895169809807,-5.072104906123731,-2.5873979326281997,-2.89046084057631,0.7672245265789172,0.36089998568279924,-0.9861543359134521,-0.9998443229518115,-0.4700358535871313,0.11459712504798947,0.6763053047250758,1.2091262706450974,-0.7472145980606647,1.5998004754589352,-0.4546989191713253,0.30732822682678396,2.1882679184024556,-0.02314987677570074,0.9605851734388362,-1.6191824726108255,1.111747354911399,-0.7061204356981298,0.4788297967058218,-1.0088600399834462,-0.4730406660944409,0.30818158496029346,-1.575244852868724,-0.76039529742816,0.7680180759262822,-2.39273983542403,-1.3043069545437085,-1.0762413843220955,-1.2593505369261184,-0.4056103410804015,-0.6263868491646779,-2.1886069163225166,-2.902349073530839,-2.884680223037833,-3.6090904712090977,0.0971690169811339,0.06104485281260985,-0.3661402273713408,0.41105730094441767,-0.33049745719753154,-1.06254962345543,-0.40425401803331895,-0.11116446762620735,0.584532456954283,-1.4265763435640288,0.6021993972579534,-0.6112353880032227,-0.1361278877466654,0.24576326810448246,1.7722096458004604,1.7515484112038884,-1.1810084622374653,-0.6664655918727671,0.5327738167265123,0.021918103895977037,0.043278488118263056,0.4362596184176655,0.3667039685234723,0.8626917252198529,-1.3725359207186547,-0.545862795343917,-1.6223502500104314,-0.7042663804490177,-0.43695669091397205,-1.3323625623788866,-1.759828130509879,0.7972411146134185,-1.4907163698828745,-0.13033711376545262,-2.637926970970805,-2.5439211761114797,-2.083738587262633,-2.029131728262519,-0.6057517412700624,-1.1716749614608954,-0.25532110113534434,-2.6071290113740098,-0.583106539823172,-1.1990972313042487,0.6838412329571292,-1.185018173783068
0.7483110570633911,-1.4543576930599382,-0.8219424239829723,0.8062097637019299,-0.28513552498672995,-1.1787760239464276,0.288753680860824,0.7639171247624926,-0.6997194843678505,-0.12076669703823238,1.6540753894234654,0.5599281575033171,0.23897727184803236,0.8518633947248836,-0.011581874277865473,-0.9798168235069618,0.8570286411708583,1.1664557535679827,3.4309488416617167,0.6482516799562408,0.09544553981329446,0.25241040106663326,-0.054306459121208406,-1.4267717141006393,0.2717906730755674,0.258934085116434,1.0820635482729286,-0.9079165929915349,-0.03922691046182014,0.2688759891029014,-1.8886308044369682,-0.10238769138374837,-0.10504907756976106,-0.41773777618137914,0.804039221524157,-1.385894444886388,1.040902143005302,1.0563910641214234,-0.28121857589316757,1.3874506070722794,-1.3076581932339773,1.4476309731819892,1.3143037184411392,0.7232265771271642,0.7765697059294995,-0.6136667226895365,1.5064769842903434,0.37569913148642864,0.8400405599451036,-1.013673390489129,-0.13033020316229482,-0.9121921493775456,2.8150852942458613,0.4242186227831882,1.2563136763717244,-2.734305805513181,-1.2426320020640094,-1.7223463722841208,0.3050519136681549,-1.8401649341733997,2.0400107094194317,-3.018794953587892,-1.433970560527395,-1.0015029964499198,0.2729480618596718,0.574623370794712,-0.9599478733463612,1.5507450749068248,1.044365794726059,-0.16771436745267299,-1.4497250689792618,-0.0635539407278666,-0.3742677238819113,-0.46965931168048447,0.31728374171755636,0.6576334513252896,-0.13533118326895466,0.7347409296557166,1.4203256425391488,0.143409922612606,-1.2526918908790932,-0.43494487919925096,1.8253811446154342,0.024936528686546704,1.053297415275975,-0.17251919454115272,0.11579401761746344,2.5111111511910273,0.7307408502555174,-0.05123470377471995,0.4218969082882679,0.3069499807328023,-0.5420001726441979,2.1294237157029006
-1.442599977584606,1.4784136296200625,0.6156328347814367,-1.6161456613981602,0.5751202383532183,0.42240602324777565,-0.3474701253183271,-0.2190886183154327,0.17260964250378807,-0.8554468410183328,-0.36882232783564306,-0.04782947719094369,0.44473020552826475,-1.463856069694644,-0.0003424167199772084,0.6119442286385843,0.22400462827936085,-0.8799195267149628,-0.5122561697903517,0.13929979259983638,-1.080507549767442,0.7430612430240925,0.5947662930175434,-1.1499867104664867,-0.40710494195710195,-0.25382293483028445,0.9724920749655981,-0.4433553908936003,0.5606298511145488,-1.964954811456686,0.4310510693687055,0.34110136152860326,0.649905926192332,0.21538025320984983,1.2879245956564964,-0.44449576673481117,0.8424491331302149,-1.5917329755687324,1.9896698749680861,0.4338571585294116,0.41478331385321243,-1.3454965165738808,0.3992189805438482,-0.3657865467225959,0.2759575204979691,0.7784243056210494,-1.3746400692865963,-1.1518956761347092,1.2632915770379363,-0.17550837811608422,0.7143600028268767,0.7512412061535508,-1.7576573367497406,-0.0005704987643111725,-0.3375089301777534,-0.6259697114633056,-0.2854217929038944,0.5681287082121438,1.7857036047773958,0.49277253960616163,-0.9316009037554168,-2.4178012779201214,1.4490612702661383,0.9819488792462079,-1.0614747564281852,0.8398111986231347,-0.10151640048903643,0.24431719099572377,0.13869556349822043,-1.0814685649418725,0.7225218868470357,0.3232841514858294,2.0289117202831406,-0.25471289798522445,0.5337785475535611,-1.2868599006794423,-0.3442331007368402,-0.6034626803083004,-0.579811307241452,-0.4108340992898139,1.4072657238553656,-0.6617034199088262,-0.10514111945121465,-0.012585226636393837,-0.4565630571661818,0.4675252351245826,-0.06769564694176011,-1.8745740118966043,0.09262276213366445,-0.22041870577132616,-0.031337514165514335,-0.5024748867086182,-0.6788912602364212,-0.5891626828270036
-1.121596884217414,1.1509607870298466,-0.35371147100942324,1.0129413164382906,-0.5657213485284475,1.378524637654491,0.42037188944718884,-0.24399986194263568,1.4800670837814622,1.0613954231435208,-1.0405242363423175,-2.4137153593308627,0.3245340267547756,0.06484692717405224,-0.20344479913568742,0.27983171926443495,0.5518236310497389,-0.44016107754531575,-0.445022483584088,0.6510489102025727,1.8059509982456592,1.059655196581676,2.4438344043235958,-0.2913666736380751,1.2797444216744427,0.40342899681992916,0.8753786247313409,0.7832029648358165,-1.4153024845205255,-0.6030344225890528,0.22592873780098943,0.5073687097385602,0.616919699406494,1.7030754882091448,0.47381173791969966,1.0407988128015935,0.11929497300204761,0.1818724411581374,-0.1931291044381247,0.31983121061240366,0.706548129063925,1.426613392669414,1.259006101819858,2.300332879056747,-0.8570793454065342,-1.348819568557787,0.9772701421555083,0.8282826286302297,-0.3455868168311098,1.8142718562990605,-0.5625604971540553,1.4471791878660891,0.26817642028865296,3.507093288224019,0.4669115274131376,-0.945242529848948,-1.1620197428268737,-1.7820030295848701,-0.14042828350719416,-0.7844078118028911,0.07984857223916031,-0.08578900024358022,-1.5513005309105654,-0.30397333157447004,-0.33566999006737314,-2.07822815114122,0.2455959779818475,-1.6270114339406714,-0.8725822825359364,-1.32564762086409,0.9575254918947382,-0.7016073486473091,-0.9638441799756554,-1.1774481541995137,-0.15992691388572836,-1.2276476006558616,-0.5342819213711182,1.8321039499102092,0.4541507707982077,-0.4234496832795724,0.37144011525143855,-0.6072853587350217,0.6574706568304534,0.2736863951124399,1.6555873193715032,-0.6299746116308221,-2.3299335794099507,-0.3428120999419783,-0.8085105504465153,0.23934108391333983,1.2156623191826128,0.10060931870654585,2.731488469536342,1.7064527598666626
0.6336809679738544,-2.754029260633852,0.35281238803211357,0.3751514542279703,1.0623948006995292,-0.13788023549428507,0.7285519744057435,-1.2649690990169626,-1.2102910390369928,2.0348276636842337,1.4249656409041527,0.12396725890895932,-0.9223565025486032,-1.1485263579740734,0.3653876023651367,0.1630718231390338,0.3974579306897462,0.6417460954661817,1.0106738122962264,-0.4367383279557922,-0.07085955797279045,0.9885482974897819,-0.12507594323405946,-2.7912190940053545,0.052383971662104345,-1.4896815938925068,-0.6360509721420061,-3.664138509917972,-2.302720347590101,-2.1580679115196033,-1.0034557924359357,0.24702323281258198,-0.20193812908826672,-0.21533473279131526,-0.9546148457380801,-1.1061194465143431,-0.8876752712223939,1.8003287164621513,0.12851551980447196,1.9070042094997248,-0.33230167756439455,-2.8903148277779906,0.3456665221288198,-1.8192778277754824,0.2741143814516038,1.3157228538818964,-0.8996820514586249,-1.6375638578275593,-1.0976377826247745,0.29870564310737746,0.7644352302106545,1.2020113029170143,-0.43021380687644883,0.34263123215485264,0.38808956127284705,-0.6611293831689035,-0.20240522524712737,-1.5567895831742797,1.1252570312742824,-2.4886049401483277,0.3301932398133498,-2.1400598926896257,0.9995261460049262,0.28374680414617853,-2.3812086229661267,0.0838006346688836,-1.244689362287887,-1.3980067483292429,-0.6802735832412077,-2.171283023289133,0.0472203690611242,-0.12326300335095297,-0.7595764664303767,1.0096295992558648,0.3360155839575294,2.0148377995776983,-1.1455655634035704,1.95729630851987,-0.30143085096430244,-1.7651152002771118,0.7552753671826823,-0.47810462123358555,-1.6134667585796751,-0.3947135391565146,0.1289728505205655,-0.08659995997848363,0.029115959093025612,-1.7406966517070717,-0.6768058219023967,1.4612241801989911,-0.04388575549257512,0.7164347535045841,-1.3240375785133747,-1.05200878282615
-0.9933706409522624,0.9944899620469323,-0.42396211389314453,0.6305886997945779,0.21617395524053118,-0.9679702329784121,-1.1184243367538973,0.045097696583693336,1.0194855326486987,-0.6004897512436183,-3.6890436520521037,-1.0044391493093205,-1.9545746919616551,-0.5699023781966917,-0.3620940516938192,3.222143845748099,-2.087579223931497,-1.1131259978205295,-2.323563646118792,-1.0179925272284804,-1.662867480737502,-0.9056097899717842,-1.5039365905600033,-2.090578650129261,-1.8287601199260963,-0.42606965953471915,0.31155305047531956,-3.1320023211854404,1.1024728899643759,0.3165937748236164,-1.2643569376301769,-0.33502597613724183,-0.8346726021700234,-1.4182088076089072,0.06994733610399351,-0.6741417852391711,-0.7433718171079474,-0.8554695374610074,0.33773718662427676,0.5088889540546491,0.9330494259873642,-1.397447657988356,-0.7771553799663365,-2.6587457039256894,0.36330940153029184,-0.6934806481005735,-0.06400556554636405,-0.7526630680033276,0.42764933467666816,-2.3922175195152784,-0.7031312543731693,-0.9301005508223362,-1.4923814599492766,-1.7194059583312602,0.37904568466944055,0.7083286217458121,1.6337689555098944,-0.0854669104698107,0.04506401661533799,1.6507918780937871,-0.5446884004050986,0.4579534839924262,1.0490821980589984,1.8249623290522874,0.004603171588000943,-1.189560649091022,-0.008412012984860016,-0.8514163798892125,-0.7013562125761621,2.1982906509960785,0.6494430226116285,0.7818849950226087,0.5004573837875759,-0.27843240651804,-2.8344553676614295,-1.5927878424385131,-0.8762414447146385,-1.19922042346594,-1.3669533242988727,-1.152967837037321,0.058188571122165356,-0.9780427001052819,-0.5940512269291671,-0.7606806147703956,-1.243401129380477,2.225633934805326,1.0519165852951455,-0.6747280110936542,0.06845575215979369,-0.46434387975992636,0.7835795239608399,-0.8228420207628933,0.1393094658368454,-0.002552126089664597
0.3337672174760052,0.8445639426643851,0.09304436746318831,-1.2364903500775273,-0.3229970372815296,-1.2424110443908725,1.0821604231586122,-0.24847035714793297,-0.07410410897235509,-0.08197294393153398,1.454438706705035,0.6170418872549278,-0.24533990576549852,1.8695392492895313,0.5189260217108308,-0.4002076225482999,-0.6880359561962228,0.07902408877199418,0.49617276867756377,1.2856397629001641,-0.7069308025503358,-0.08588580801947077,0.6204755394744086,1.0054375008262653,0.08874598998672201,0.9428018503641258,0.0565030769048404,1.330018026873934,-0.32968871657609966,1.1032637939690142,0.19510663158729932,0.7787003464955772,0.10881056439218897,-0.8544703254749733,1.8612183937713676,-0.5419554140141798,0.3716958469703359,0.40681075914796505,0.9263322987724586,-2.0364826313481688,-2.037920951756337,-0.5646115411470016,-0.6759814986941862,1.54108728666813,0.031144502664803397,-0.8630452303612737,-2.2929215368338522,-0.015028982688280679,0.25881183787893974,-0.39219482077225865,-0.5025594790307775,0.24157529019742066,-0.7932552243631847,-0.518319634465685,0.34367911253118716,-0.06985356911978036,0.5527348087205366,2.527710157230345,1.7609852263493897,0.4590683096170147,0.6382165401506681,1.086876774272732,-0.750082648462973,-0.33352357153978374,0.53212149052883,0.8075552535927444,0.6742888815221666,-0.12151587422268201,-0.19049335723086147,1.3169401062935506,0.6487223496339531,1.0422568033188613,0.018669987232496993,-1.679576820578926,-0.19003501254872035,-0.447535047151143,0.2148906200892897,0.08672875914724898,0.8372293449231245,-0.7569557452273474,-0.9488212327091914,-0.2209569480582425,1.0416330608808826,1.0530976645784993,1.151501919953658,-0.10415581326137097,-0.6371498423288406,0.5740038408984609,0.3697985795367283,0.8124966834137524,-1.3130705402375284,-0.49724118373183884,0.8417729368044431,-0.0010861069340363516
-1.566311959241626,2.0099863979311663,-0.642893009926157,-0.9238003626131933,0.4076203990290746,-0.10350418039115838,0.33031125500476544,0.7796716721493488,0.8660647382583363,0.9688799661749474,-1.044070030699089,-0.49207107554615626,-0.6098127882651995,-1.753101664170841,0.6400713257140633,0.8630994557768286,-0.3999002400440445,-0.16186986725102026,1.1624656103745918,0.6810783251757033,-0.25362164469855125,-0.018726763090551435,-0.7676947007707061,0.21542136828593506,-0.3899919115181631,0.6007359330678361,-0.48642749503116445,1.794825381114145,1.5198576306016403,0.2847598627556656,0.9153937473257849,0.008669202092332462,0.5096181931638941,-0.6997962487945298,1.228494521459705,-0.3503592739885545,-0.5305096710384263,-0.3778489989417755,-1.018650330961939,-0.30170783928530864,-0.23344993889418428,0.8026133414005553,-0.6842636216219512,-1.228646211050789,-0.5200637794227079,-2.8321014174343073,-1.7031719457028924,-0.1919155531912953,0.002191389236896074,-1.3307312751047842,-1.7439554929884515,0.4079092731760536,0.5788305207272404,-0.41658171012379647,-1.1691804371005114,-0.42200192020257726,-1.0159100884313987,-0.6667199035513547,0.4231200991615142,-0.057347146199342336,-0.04928312661664558,1.4248763085892273,0.09977430492629857,0.1317794221513634,0.09212413682972825,-0.13571544679787184,0.07444143120188007,-0.18780894663902578,0.30490737513541205,1.1718825747939063,-0.227441749567905,0.47551462251158055,1.3019317516031925,0.1342878223878378,-1.831997416768055,0.770107627401811,-0.5264544463675986,0.4126275195188446,0.15733375875304983,-2.254397918247929,-0.9570600632203636,0.10175571938810148,0.9014887285282718,1.0255542797750128,-0.03340098585373086,1.7247300637235656,-2.5429993097380317,0.5858005292749603,-0.3614630470212984,0.8519267143035107,-0.7516052032044032,-0.39163706253400576,0.8628447896711648,-0.3513360752648077
0.2396090351086469,-0.34593712442000935,-0.9306333507824395,0.5903912647938763,0.681813588776371,-1.419674897906336,-1.155470560184142,0.624249097037693,0.3312098869573407,0.5096192339760619,-0.424255225804337,-0.38527947576104044,0.22310751938726603,0.4803300534958839,0.10195991601334255,-0.5127628636464934,0.3030086669773813,0.616845890463348,-0.02796868320861884,0.8725848989291949,-0.8055330714612958,0.3259930755759185,-0.06594557313483114,-0.7865791829615305,0.45372941027405855,0.6367198475874587,-0.5108107476956619,-0.21817166691462658,-1.0975852227433252,1.0068368983338085,0.06091491520782111,-0.478317244542536,0.6109394884022793,-1.1290093185853078,-0.08972749112667719,-0.12133116144939726,-1.3394727184335218,0.2733249047754972,-0.21975814597105237,1.0764331320661435,-0.7357620116108193,-1.169007679912283,0.3216537709082781,0.1622986020255386,-0.9741416143654482,-0.9950016920106265,-1.5636742527898277,-0.6105081181992731,-0.31674088054423666,-0.5795458170546186,-0.9554804032599372,-0.30916364804889396,-2.0257620762179487,0.07077976448506573,0.7310398910558247,0.48524045490652756,1.4874960016526173,0.36070512397986065,1.1015521424797072,-1.4759445850201967,0.13889189598866233,3.0313520292307836,1.1408830901793858,0.23206273092893742,0.43829389321053525,-1.205109703477934,-0.4302195838826192,-0.6794570386681985,-1.618490777529685,0.9830808942932452,0.6059366167176722,-0.022339377731624865,-0.6105281470002999,0.26477408974323285,-2.0643368566776257,-0.7249168182202209,-0.32418536099942,-1.2582941092850004,-1.442506833866251,0.16584184560833784,0.7362392550538978,0.5546149707462346,-0.5084183407861383,-0.38038959117008614,-0.04556574606470783,-0.8789447399187277,0.9481012674077469,0.8139896213725094,-0.01517803782377349,0.3955334446823242,-0.40009774557256333,-0.3225430850561254,0.630286501267723,1.607176562902507
-0.437798627852603,1.5478678555594645,-0.28315364715235264,-0.015857666642449808,0.5219943559984758,-1.7766431411982013,0.4442572867497767,0.1675984110601222,-0.7519789802098106,0.37921511280864795,0.4028940750560873,2.0150172707593,0.9517400553090678,-0.007234895163749089,1.0503251433075276,-0.24672534555587833,-0.3073237478851857,1.0125461349703258,-0.39791989919106097,-0.2519189500852631,-0.055193635363256666,0.5830129996838006,0.14286546324880836,1.140770871786727,0.11687732792454875,1.1399158799100255,0.03717526033095664,0.19421962831548667,0.08270300662010535,-0.23677685203019605,0.5475019688480085,-0.18955315117640137,0.4131462088269986,-0.3239348640943561,1.2386064726166797,1.4376673984319863,-0.7963227215155609,-0.9968914663240348,1.9280961945555979,-0.6188033338681981,-0.07469120428842509,0.6316211782277052,0.5789015647950406,4.297949788165479,-1.6120579872847869,-0.32761022828766007,0.5529451132789835,0.7033102374489415,0.9673313397669374,-0.09411251775039775,-0.725989121757428,1.2991001542049045,-0.23631215995045773,0.24405628226776316,1.0014260385290563,-1.2075279246940926,-1.828433556952766,-0.3738696805632824,-0.46244659316882086,-1.8315416442193095,3.339199516984899,0.0413475495455069,-1.005676482715174,-2.6498240668168087,-0.5498691394939096,-0.25493603868319936,-0.0037698747536781263,1.941846878468484,1.2630756310539581,-1.546029833799218,-1.4668598429746182,-1.578002480724062,0.10248150666718053,1.5261650286801451,-0.23089473122720994,0.5949219498561018,0.46424236816745384,0.09981753565549867,1.4142294464881386,0.31545690081263866,-0.8228300685196509,0.039343453325865196,1.0386535618611679,2.032501917856149,0.4027877269961079,0.3299298352359655,-2.2755197070228985,-0.5312889567851831,0.2852082924500943,-0.07284200316896647,-0.9985773712778258,-0.3490070452158901,-0.6539933868431476,0.945857293739391
0.7965473564956372,-0.5610988628025363,-0.0645277127912178,0.17296118794516352,1.635316144307287,0.1435499535579523,0.9000021677732832,1.3937869988382026,1.6466635948461383,0.8514200725299095,1.305603306167677,-0.24542269074960255,0.35891668996321385,1.7059131313758593,-0.9090098801451962,2.175372870203621,0.6128378494149341,0.48943009976422386,-0.6888772993218173,1.4083987827648488,0.41775253684490116,-0.6077763755459763,2.222791839034403,-0.457751772934617,-0.3889337236010547,0.08753132421635398,-0.4868775187316025,0.9358716862392316,-0.2126860122423669,0.599331710535912,-1.2156916279288184,0.17953661611097638,0.11269462259170032,-1.641716022417099,-0.9794066351021941,-0.3879847882764136,1.364262046868468,1.0389291967715368,1.5349680584834167,-0.44915619563136444,-1.7904512060250455,-0.3141295462633763,0.11465710510775888,0.8795114982641978,-0.9043880029371683,1.4731225095750482,-0.13919152425822423,0.4780998459822694,-0.19019397745583838,-0.6027555942799087,-0.6267009387601168,1.1603039937478845,-1.4790918101892883,1.0946382904845442,-0.9114005138321608,-0.3976648708159253,-1.854774072211097,-0.24883321624279153,-0.14885593792362178,-2.1790471763263195,-0.813699234376685,-0.34876939352866576,-0.8658981781661184,-1.0245530135127079,-2.661780998907147,-1.6737706151318072,-1.489803148157067,-0.7197042050607045,-1.2559322443462615,-1.8620533333479456,1.4389649982684012,-0.7006371911858735,0.10669041915533536,-0.35881142326417176,0.25194667472175686,0.401614146357858,1.8745220817359864,-0.5768402655083181,1.0530863202924292,0.5291358029145495,-1.1007861602309912,-0.42140026310018336,-0.16473972086251207,-0.39404574011913734,-0.6719458984077848,-1.3331110593972242,1.0258687139970475,-1.9809743377262141,-0.3584057153075236,0.27143161914341807,-0.7659961354460911,-0.9356599922753838,1.4918339985936937,-0.6293051708926737
-0.9683835977100828,1.2415740923612422,0.3531852076807338,-0.39287009887161406,0.3555437083343498,0.6395128432336334,-0.5547589113046637,-1.0362588276411175,0.5969703074861105,0.5465291771889872,-1.081127138428768,-0.48586903750147475,-2.4356959896871127,-0.5751394028327881,1.319314687983476,0.21225316094552793,-1.1151865054723318,-0.2198895108428784,-1.0571340522223651,0.7733331390656201,-0.6059869941263958,-0.21346236375020633,-0.08676879278375528,0.6573013145047898,-0.29080380806014444,-0.4158486332492355,-1.4519755801799192,0.2946431429145658,-0.07647434457898446,-0.6282848610134608,0.8859572182260307,-0.1204846693541094,1.2562940142278354,1.174957044513615,1.190084431253011,1.1714225920390042,1.527399587568164,-1.088349209259373,-0.27357145808975175,0.7742961927182253,0.5832982120004968,-2.0685378157359233,-0.3233867318879756,0.30935938502464255,-0.006229263053301959,-0.1703080211071139,-3.6355700440139183,-1.5122286329584511,-0.40765120161322776,-0.9051649180173662,1.5615041424781873,0.29550952661666563,0.29760112296751196,-0.029533400933033197,-0.4633056279823775,0.8067468148269974,0.26918858737918905,-0.5103855734625078,-0.5907210166305398,-0.8882391604059329,-1.9567940057166477,0.18276014050673373,0.4572126437078782,1.7310821148683926,-0.6975719430673892,0.7246438489468986,-0.34578956209240364,-0.30512886308562276,0.5315332808336561,-0.035096884425083075,-1.2028142192108053,-0.8433552869178309,-0.7519760522525556,-0.8606384899433106,-1.2347305633138141,-0.11041363255746184,-0.13196485022922208,0.016895302020522474,-1.0182787533978284,-1.0271532007759483,1.428527363052206,0.19282340488499206,-1.3988165507691614,-0.3745389154572073,-1.3630150848344798,-1.014944874227343,-0.5304875660418619,1.6176827377501977,-0.5685874120158729,0.667263027126543,-0.20431853555220536,0.04288203828689435,-0.006346435851790289,-0.6446298749425461
-0.5882410782149261,-0.07350340728349974,0.4028027775563626,0.019184686071818294,1.0322456274047012,-0.6313174069490567,-1.594825481003988,0.43154652001437643,-0.14801015994045558,0.09422166850535674,-3.2091532361430017,-1.4863335308551717,-1.0885466061083224,-0.6066765301389487,-0.09736753476145961,-1.5107666149176546,-0.38899858026390444,-0.029931768293397387,0.03735729624438533,-1.3419042833080854,-0.052819038877565394,0.2507321436141281,-0.10526066729372788,-1.5780139910416955,0.07655557088858994,-1.1194948851391746,0.9208608936387743,0.22706644172990303,-0.053386319692633744,-0.8021809971295826,1.9261742060295064,0.9644220433616086,-0.45394194481256334,-0.14428593245939927,-1.2916419693199366,-0.6760814726435584,0.7893131273341651,-0.20925105307821945,-1.108128463978828,0.08092280805601276,0.36667561149788863,-1.1062473195722347,-1.41435078855751,-0.42575494226728233,-1.4832170455668927,-0.8827760861508442,-2.1751705482823507,-0.5855886200932306,-0.5597338273900389,2.20147976231598,-0.5993449959168327,0.19568884246851612,-1.5889964077634313,-0.39726924527928903,-1.1390202271673364,-1.0498613122130358,-0.9289620948831142,-0.08984492011814815,-0.4723821391856032,0.7329823396385928,0.1925765089619867,-0.28946894518315996,0.09804148237350083,0.6833948117974358,1.5529390717249836,-1.0526058453206528,-1.4033829722832882,-0.6242290788276095,-1.7786820217200414,-0.0034965409328426844,-0.2620850690396351,-0.431023033776392,-1.2194883365927245,-0.30199758918029096,-0.6509108075343675,0.13805363348051886,-0.0996036726976868,-0.6991043962038936,-0.00527663289017255,0.573822890146025,0.4944409436053959,0.6258483991655319,-1.7519436268011086,0.4604420510671008,-0.16369259917506265,-1.5137331055069274,-0.818877646718243,-0.9072101713864623,0.04808013097851517,-0.5598975715600092,-0.789604009918561,-0.7855407478730069,-1.2536312921911508,1.3803803184995191
-0.565497895683117,0.6445039159123106,-0.01843954590699669,0.4716031056856558,0.12601137586036965,-0.685695908482032,1.102148874083719,0.4871477379890265,1.01805399788562,3.0041486540633016,0.24993626856327356,-0.4597525621201841,-1.075028861838505,0.17293808766456975,0.4433302933624392,2.91255631022806,-0.34521345237565354,0.5705197732513306,-1.1653679453025276,0.09559467187619375,-2.5514011795662253,0.14387562286747085,1.3220592107996314,-0.3176402534096565,-0.8929053388820447,-0.2672798818604477,-2.1888088745971856,2.152269585440251,-0.0772563573998829,-0.5115397755206755,0.7939483894624925,-0.4059373099669445,1.0680740656411127,0.7133547506248096,-0.38923563016427604,1.106869245579547,1.8092700273584472,-0.5465021596778311,-0.17951456513329792,0.2730963766293124,0.35432588845879887,0.03820649581395047,-1.3622730027609131,0.7618992560598375,-0.9075813430636321,-0.9250099619888807,0.8684157327727947,0.5405540618023065,-0.2866213234791741,-1.1902119172281096,-1.8209325816462447,-0.01975354487885636,-2.5772019999227322,-3.187579459443212,-0.06308443525130569,-0.475247575749964,-1.4375768996150091,-1.8103333259088286,0.9171704494359555,0.23724351116378925,0.3886938600745602,-0.032782671262159335,-0.7147463622299568,-0.5177965586499796,-0.16971066539180335,-1.6571582853460884,0.49050986941429686,-0.8124678797484031,0.08027336702974709,-0.42973981559829977,0.4068247424920879,1.3597365326945352,0.743432448494086,-0.3997340501237385,-2.443096981132781,-1.1480125765143099,-0.3158272970849602,0.6659547147697409,0.888634725040055,0.363416170233689,-1.4679866280555212,0.10317646218029054,1.9135830871366266,1.1315320565226887,-1.1824803171394958,2.0526657504687735,2.1119952904362678,-3.284845584719949,0.1647730570680117,-1.934397230522824,-1.0833042392826229,-0.7524757306204736,2.8123274540700933,0.8855437696506117
