Cells_AreaShape_Compactness,Cells_AreaShape_FormFactor,Cells_AreaShape_Zernike_2_2,Cells_AreaShape_Zernike_3_1,Cells_AreaShape_Zernike_4_2,Cells_Correlation_Correlation_DNA_Mito,Cells_Correlation_Correlation_DNA_RNA,Cells_Correlation_Correlation_Mito_ER,Cells_Correlation_Overlap_DNA_Mito,Cells_Correlation_Overlap_DNA_RNA,Cells_Correlation_Overlap_ER_RNA,Cells_Correlation_Overlap_Mito_RNA,Cells_Correlation_Overlap_RNA_AGP,Cells_Intensity_MassDisplacement_DNA,Cells_Intensity_MaxIntensityEdge_Mito,Cells_Neighbors_AngleBetweenNeighbors_Adjacent,Cells_RadialDistribution_MeanFrac_AGP_3of4,Cells_RadialDistribution_MeanFrac_DNA_3of4,Cells_RadialDistribution_MeanFrac_ER_3of4,Cells_RadialDistribution_RadialCV_AGP_1of4,Cells_RadialDistribution_RadialCV_AGP_3of4,Cells_RadialDistribution_RadialCV_AGP_4of4,Cells_RadialDistribution_RadialCV_DNA_1of4,Cells_RadialDistribution_RadialCV_ER_1of4,Cells_RadialDistribution_RadialCV_Mito_1of4,Cells_RadialDistribution_RadialCV_RNA_1of4,Cells_RadialDistribution_RadialCV_RNA_4of4,Cytoplasm_AreaShape_FormFactor,Cytoplasm_AreaShape_Zernike_3_1,Cytoplasm_AreaShape_Zernike_3_3,Cytoplasm_AreaShape_Zernike_4_0,Cytoplasm_AreaShape_Zernike_4_2,Cytoplasm_AreaShape_Zernike_4_4,Cytoplasm_AreaShape_Zernike_5_5,Cytoplasm_AreaShape_Zernike_6_6,Cytoplasm_AreaShape_Zernike_7_3,Cytoplasm_AreaShape_Zernike_8_2,Cytoplasm_AreaShape_Zernike_8_6,Cytoplasm_AreaShape_Zernike_8_8,Cytoplasm_AreaShape_Zernike_9_5,Cytoplasm_AreaShape_Zernike_9_9,Cytoplasm_Correlation_Correlation_Mito_AGP,Cytoplasm_Correlation_K_DNA_AGP,Cytoplasm_Correlation_K_DNA_RNA,Cytoplasm_Correlation_Overlap_DNA_AGP,Cytoplasm_Correlation_Overlap_DNA_ER,Cytoplasm_Correlation_Overlap_ER_AGP,Cytoplasm_Correlation_Overlap_Mito_AGP,Cytoplasm_Granularity_2_AGP,Cytoplasm_Intensity_IntegratedIntensityEdge_AGP,Cytoplasm_RadialDistribution_MeanFrac_RNA_4of4,Cytoplasm_RadialDistribution_RadialCV_AGP_1of4,Cytoplasm_RadialDistribution_RadialCV_DNA_2of4,Cytoplasm_RadialDistribution_RadialCV_RNA_1of4,Cytoplasm_RadialDistribution_RadialCV_RNA_4of4,Nuclei_AreaShape_Eccentricity,Nuclei_AreaShape_Zernike_1_1,Nuclei_AreaShape_Zernike_2_2,Nuclei_AreaShape_Zernike_4_2,Nuclei_AreaShape_Zernike_5_3,Nuclei_AreaShape_Zernike_6_0,Nuclei_AreaShape_Zernike_6_2,Nuclei_AreaShape_Zernike_7_1,Nuclei_AreaShape_Zernike_9_5,Nuclei_Correlation_Correlation_ER_AGP,Nuclei_Correlation_Correlation_ER_RNA,Nuclei_Correlation_Correlation_Mito_AGP,Nuclei_Correlation_Correlation_Mito_RNA,Nuclei_Correlation_Correlation_RNA_AGP,Nuclei_Correlation_K_AGP_ER,Nuclei_Correlation_Overlap_DNA_RNA,Nuclei_Correlation_Overlap_ER_AGP,Nuclei_Granularity_1_DNA,Nuclei_Granularity_2_ER,Nuclei_Granularity_3_AGP,Nuclei_Granularity_3_DNA,Nuclei_Granularity_3_Mito,Nuclei_Granularity_4_DNA,Nuclei_Granularity_5_DNA,Nuclei_Intensity_IntegratedIntensity_DNA,Nuclei_Intensity_MassDisplacement_DNA,Nuclei_Intensity_MassDisplacement_RNA,Nuclei_RadialDistribution_FracAtD_Mito_3of4,Nuclei_RadialDistribution_FracAtD_RNA_3of4,Nuclei_RadialDistribution_MeanFrac_DNA_3of4,Nuclei_RadialDistribution_MeanFrac_Mito_3of4,Nuclei_RadialDistribution_MeanFrac_RNA_3of4,Nuclei_RadialDistribution_RadialCV_AGP_3of4,Nuclei_RadialDistribution_RadialCV_DNA_1of4,Nuclei_RadialDistribution_RadialCV_DNA_4of4,Nuclei_RadialDistribution_RadialCV_ER_1of4,Nuclei_RadialDistribution_RadialCV_Mito_1of4,Nuclei_RadialDistribution_RadialCV_RNA_1of4,Nuclei_RadialDistribution_RadialCV_RNA_3of4
0.8223759364110835,1.3038125955076656,-1.1857022347627402,0.01555012293547614,0.29923373524529195,-1.5042704770880875,-0.4076913866929973,1.2117161954082898,-1.4991639433893056,-0.16380798691255366,0.030406875176512083,-0.5310285850826612,-1.3645415779016514,-0.1831865457823355,1.0850971505114335,1.1315939327433933,-0.9281531640927683,0.4606318981478665,0.6558445692017466,0.8867771657146566,0.09259257393631326,0.1528147189265731,-0.05682514590460647,0.48095737209596845,0.3999612807715702,-0.40187577086085247,2.4566158562776335,0.7878832080980807,1.1731002948795004,-0.2992795275206173,-0.9923419216157696,-0.03366589080346338,-0.23194248473219256,-1.2017684810185199,2.343112779576418,0.653707214158608,-0.5572489260696941,0.12407795304734381,-1.3265781960958716,0.45429915070301197,0.1295180749502004,-0.4945072802789678,-1.0249613457039188,1.4925418715213061,-0.40281329027713775,-0.2212699998912135,0.17908877868944506,-0.8756658101245332,0.09561553515616189,-1.868741800829756,-1.9743449428321893,-0.29834294023552305,1.0726312325898038,-0.6665690958815959,0.6095281548762395,0.26794497163534525,-0.17932856570229289,0.530077472544974,1.2240663568491303,0.684128079431689,0.7045809225467724,1.6877483615321762,-1.6735744410713576,0.010024742003413745,1.569448243479628,0.341163768910941,0.0645905051122152,0.016412389048574477,2.206912335815641,1.8406327522587902,-0.9125004500583582,1.526215285926333,-0.31128512442708917,0.736154210632087,-1.0805425053087099,-0.6177784774599132,-0.3161696443177862,0.15273546333780103,-1.0452637517770187,0.16336115546962027,0.0011077008573955327,0.9538937479426721,-0.059429040757715906,-0.11175945122232633,1.9086346202487765,-0.11474655967310188,1.1680879458330042,1.5644522328728043,-0.6112486266092567,1.4357133971036384,0.4708411647573403,-0.039794459435325225,-0.3539545038830722,1.1145879553963989
-0.5087120183330938,-1.041300365479424,-0.8781203663577392,0.9374594013479268,1.067570908541896,-0.3262239315359859,0.8388182606465774,0.21573924857335192,1.25379186159528,0.5767887819573515,1.1643808241303732,-1.222529148328673,0.12657601215053116,-0.20052844739022085,-0.14238942054878032,-0.5192464081597425,0.25487148695032386,-0.30195033245365854,0.03671905966008938,-0.35074025156483524,0.5887675072951248,-0.2152459031790085,-0.06256316175087098,-1.5399723025224368,0.42165014171664417,0.23919977418400945,0.2686936720451222,-0.7936971081680161,0.20977586099679058,-1.3015256904620052,2.8166992936529476,2.2885071226864766,0.4648854665764787,-0.6874260576190516,1.144044771797405,1.8606242856273454,-0.26840036207664786,0.2834694655563027,1.0657604181921947,0.964361830095253,0.667704686324475,0.1795116178061805,0.26822013144647583,2.6918478781697726,-1.0866216251347793,0.21993402937037518,0.08595516824548882,-0.6773534785548001,0.3128837899087613,1.257545209086411,1.2022600823821983,-0.024150680505666572,-0.467131722794483,0.24852869706249425,-0.27555086237462006,0.42672214108542034,-0.5916398304464522,0.9925164465183137,-0.04584228792738268,0.5442532824453019,0.10966536513800809,0.6145248706490083,0.6683957022437956,0.7963599116761162,-1.1112201704239013,-0.0051499156046058425,-0.3868803974702598,-0.9254362302351316,0.13589273865795015,-2.5713492616998943,-0.661353934686003,-1.1862857927258257,0.1366695182780869,-0.544356508075174,0.5700423337638961,0.27160268584938524,-0.13254847307539253,-0.6683484716314287,-0.04130203297225621,-1.7981299479574493,0.46151672561725177,0.08867828744156525,-0.5545141287957116,0.4680807700167501,-0.9135389587916881,-0.0403860479750171,0.31678506642411436,-0.7819978764884364,0.48630654135973744,-1.1936878142784106,-0.8536650851551788,0.07898955592486756,-0.3363151035115336,-0.30608167845784234
-0.5148274434251079,0.6562234187537173,0.15456539631808575,1.500091432134756,-0.27718948880131844,0.8697710100699366,-0.3720234247714241,1.5870580284735092,0.6920801292094325,-0.8673336226881723,0.07576019092449793,0.09730491934081903,0.9296174680848812,-1.0654357868408653,-0.05304614862769896,0.39022649858281533,-0.4268405509577321,0.6173654788093467,-0.2386090430206918,1.460260193624781,-0.5592986866471819,-1.2916312391516938,-1.4948775886384256,1.1103607126423998,0.5247741094155406,1.3205293685847737,-0.586382034221447,0.8917795558522897,-1.9534809698281677,-1.912062431202057,-0.3051704535633642,-0.7174342407192436,0.18979604386453475,1.158142608678765,0.0721167403941575,1.6306242957370807,0.9956138965431475,-0.06208101893972452,-1.3120269862539855,-0.09588030378720011,0.7211054175223357,0.5730590284218664,-2.168917226099373,-1.9999343835047574,-1.118024649629528,-0.16413313731252321,-0.3106039920747139,-0.44191055263611584,0.5304149738587097,-2.3992429127644503,-1.2546823044912205,0.4236364456415855,-1.5546044794586154,0.22881473812071573,0.8727352641568344,-1.0356428540845612,1.7726006793106779,0.31044781130477017,-0.25646430391027064,0.5538258508659017,0.9826733034114826,0.8387311386734557,-0.4210227857566391,1.2475460941492393,2.9560037639505827,1.4176536843531315,-0.48486965808378835,0.9514133722068843,1.1773276916268434,1.9158578269163211,1.4567931341480518,1.105274470652812,-0.06168285052505404,-0.23934749961118018,-1.3115719797815342,-1.6798679824971554,0.2546994754777733,-0.5366282400919574,-0.7038305511718632,-0.26692784252137286,-0.21095380737041414,-0.2848704852201265,-0.4245411893346334,-1.0343945729185593,-1.8962327963941283,0.7905054831214429,-1.716405880172165,-1.1272339873827877,-0.044376497481242075,-2.203197367395509,0.5504865485613,-0.9514071695201869,-0.004371282445364666,-0.6748729220479295
0.3931708819745235,-1.0691990472524615,-0.09836653743950369,1.0810424942452082,0.46535170802746617,1.4776974386578408,-0.5797590703029112,-1.536883196315003,-2.336850439382463,-2.842317908759974,-0.09542451353675602,-1.2309588616120735,1.0969776681058954,-0.8524699269156406,-0.4134077434365147,-0.8316458806937941,0.002226641740195795,0.18478862241059074,0.7553511911661852,1.1433423699553837,0.42377244154150906,0.16407358814556994,0.261764010619815,-0.2161145273183292,0.03735482097824222,0.013476709271011744,0.6369624413609959,0.16330714132565988,-0.9673785493782788,0.6979654097464353,-1.8192666173823941,-0.10882343377932013,-0.746949517066818,-0.30260195987086447,-2.743373659751316,-0.1405325551551857,2.5940637628882177,-0.07513095138275316,-0.9419122978931755,0.43827666226507644,0.868698260579005,-1.2729461758238774,-0.1080747942004886,-1.0038536480065714,-0.4227322771195461,0.2738354147009858,-1.1239793837248608,-0.8972402356174687,0.16407206097762783,-0.4986100336083842,0.23974261087289084,1.3390571027162006,1.8578063434773329,2.25721301727096,0.15505437901200758,-0.16776093637889644,2.0197144545450714,0.0366130463208274,-1.7969752629726619,1.4634914980060023,-0.3834837943675482,1.4200794996523833,0.7757696525404101,-0.5965657524088188,3.077899380638415,-0.8649353377057751,1.0948376956414152,-0.36341282996809093,0.4266648272910708,1.891981176365742,-0.1864187773159098,1.3693687854235566,0.4833337999387767,0.415125225192018,-1.5972068565399378,0.7093204059414909,-0.6900728000908979,0.6619821727460699,-0.03890937459298227,1.4035971583868705,-0.7296128626370413,-0.3559637098590117,0.1088420417042949,0.20836448507516764,-0.7522943655302641,-0.2698446786467007,-0.9316980262377733,0.4899309580223502,-0.24235686815777902,-1.254731063470286,1.044715143032246,-0.7168834486004901,-1.1108708301488734,-0.4509536674208693
3.277288117648684,-2.390944120086944,-0.3311773661406267,1.834768477956916,1.5550335727652462,0.15597757923403782,0.07490619702653911,-0.325244878296505,-2.1738130157676308,-2.0672302782138905,1.1973109174173724,0.6945531518522133,0.4992380342230165,0.5459156328960342,-1.1482102344032235,-3.3399813454574696,2.355545960880212,1.6179361483445984,2.094588184627204,-0.6059307879770636,1.4497911093863722,1.8153421036236765,-1.3907489245447584,-2.9859112715771046,-0.28242817491565186,-0.9206064575500852,2.0377333243507403,-2.6298693255603918,-2.5759606398763832,-0.9906712024679029,-2.2283566473865513,0.9407039264924701,-0.8249094896300999,-1.6478832915899517,0.20182404246190266,-1.66519212610933,-0.6995705884588257,1.5502964324730546,-0.5586830892416127,0.7242457312443596,-0.5783670061007871,-0.9940038114311435,2.5842656217504216,0.22198127968821613,-0.42083361104174405,1.6575136659578273,-0.2849737477641596,-0.20777888694181512,0.15469835606029453,1.677168889156832,-1.1196574318057726,-0.8408201102828539,1.94514438925649,-0.43740007021848953,1.4332924600608035,0.2500898989303759,1.1763770481088878,2.0650662862286784,0.29513272027680354,-0.32011417223532573,-0.16355608090612117,1.5261812189858828,-0.5326074340614841,-0.24137135134779575,-0.9358378663945083,1.9401465129992792,-2.0841671307698033,-0.17585853985053668,0.6132981677862184,-2.874992041725152,-2.548781978849598,-2.9309458123581296,-1.1412517501751862,0.5507939142088036,2.1102119255734446,0.02346979108973557,0.02443363513622594,1.1152624915818117,1.465235843666935,0.6612907610802562,3.1444707108270205,0.11312108763922751,-0.05741704766531641,0.32582400535661105,3.3752924538538522,-1.5521832012922014,0.2101019452127777,1.4616644511330945,0.2111981561051474,1.206044488289484,1.3521362918348643,0.925794491173946,-3.0343312238615097,0.46960355593741726
-0.8429442634430968,0.24319255999098283,0.19729524975500098,-0.32538128908032554,-0.37212322134602094,1.2892238354678325,-0.1220172619587398,-0.25216742796128266,-1.0666542497644254,-0.4809469820508658,0.9298232670915936,1.6016169536678686,0.23298441391139155,-0.30234603043853864,-1.0992763298615935,-0.9933734822870331,0.24697834693098542,-0.09621887676034058,-0.15787864735723664,1.022914798597751,0.9137482432772522,0.27282896402815704,0.31586208105774405,1.439199051489979,0.27334547660040637,0.8653125478241059,-1.165418132244435,-0.30042149476968594,-0.05047185543765437,1.6842020304826495,0.5842905192585016,2.823061591965584,0.19258965152242585,-0.009221261488365246,-0.6560382378478218,1.314712795009123,0.8019465804205679,-1.3034923945735741,-1.4410666474156262,-0.4056525295402529,0.460298994209494,0.6425060915636026,-0.9796406788262231,-1.7815607381312704,0.12606654707252815,-0.7706313018349105,-1.2589678176065373,0.6189023992982908,-0.7461869747881534,0.03297207216701592,-1.0044491485914018,0.213466735252348,0.13153990643321856,1.4590676681344406,-1.8710730330872511,-1.5917721245271885,-0.5097581100629204,-0.739133357481123,-0.3411066561263886,0.41990327552623563,-0.15703109666067583,-1.468049073946164,0.8435297899332669,-0.9680260469742408,-2.3415776056672493,0.8629550677180944,-0.5616826616775308,1.0311263645776343,0.007996602866177246,-0.5082232648242506,-0.30531674542877746,-1.211365980479251,-0.9986646752985107,0.12385774029068086,1.0707347679017682,1.1993468753982834,1.6754954776413074,0.6100603614908819,1.0277502363951543,-0.6078109101343517,-1.9029724654300328,-0.06574401808466279,0.7504162602200264,0.10854515725950618,0.34169904724916605,0.6587040982481376,0.005738817369193461,-0.7899640434585834,0.018009178235873367,-0.5656042677274115,-0.2432760799004362,-0.7291662781950772,1.4384122333528802,-0.7234981958753848
-1.490104683612115,2.2775520291783686,0.05245403249225939,0.052419098198447145,-1.7623574479868784,0.4220147266373109,-0.29705949140462623,1.754439206009084,-0.5608654934537992,0.6437572980882784,0.9855569928383363,0.3918355405392553,0.8558411775281289,-1.004687824137105,-0.422634147221309,-1.3554366524498598,0.09778624402178225,-0.47441267317447744,0.7902179790680959,0.9397242074872296,1.3967622418480707,-1.6876149930652369,-0.39484465482186737,2.7361434894828385,2.1062555560195273,0.5891022173199363,-1.37470330227295,1.9354930508751385,0.5504367827335792,0.2292438044159313,0.6737571710783021,0.05970288926091727,0.72954530543749,-0.227681349756556,-0.7260102322814552,0.22325081414780892,1.1361413283288369,0.3359808188935891,-1.7034190964983442,-1.7145567594858264,-1.339070147871104,-1.3059986685690252,-0.08379658111153832,0.6250728904680578,-1.587415550404543,0.26132052535467554,-0.6768980855745147,-1.8263891044556329,-0.044844414367695484,-2.452596122536088,-1.8972041469961565,1.6300628542587563,2.34611503663883,3.7082618299433987,-0.10349327732044711,-2.6618371823255096,-1.0259442817078515,-0.003823570946445365,-0.17248151854092764,-1.8105388783581615,0.6874804397454295,-2.3578738315967427,-2.0721818880948044,-1.283404575538591,-0.6489450477742147,0.14437385982882822,0.20237138178698164,0.39103838077972763,0.6023942822760358,-1.2226936382270437,-0.14453775314690792,-0.6223583649439516,-0.6156349666620569,0.7181456253351228,2.4549508761486836,0.3765029867332677,0.04186098630708477,0.19636133334670472,1.1711462076337589,0.9816154330647426,0.2535400811388562,0.40038818978162255,0.6914873798686094,-0.4994566367236586,-0.38262022715817984,0.6058534132649807,-0.8198569153781662,0.026203905728044527,0.5856705468620674,-0.5082918738806584,-1.4619467684703815,2.344037064371356,-3.356412012769936,0.39966186820455535
0.7249782808588632,-2.6342242817483283,-0.3171548740051972,0.41297503723867823,1.4277975823571167,-0.2115261529707952,-1.1444811174157785,-0.3627982107732669,-0.28727911508936044,-0.007689437426089796,1.9091879002857624,0.4995397813521765,1.0226788659575132,0.9989389923141984,1.2308152697309254,-0.9529319694733744,1.1437004862646063,0.9261403751402024,0.7853024511162452,0.14793623518014445,2.6263182932889055,-0.12467558955496727,0.2498502612993021,0.3304034969804975,0.3362380251181821,1.048444003847265,1.9493794379051623,-0.442184514367308,-0.6068663291970098,-0.04832440174759955,-0.6753825608552733,1.7480990605664244,-0.3048467397706304,-0.8821880827173483,-1.0136371221178355,2.0101854931641885,0.005555776912660959,0.33209930290209544,-0.16469124807187524,2.147831007897496,1.4417836152258028,-1.610621308462553,-0.10456543594021661,-0.6242236133553198,1.1415816727259815,0.2514042137917388,0.2332489781306461,-0.693581330604553,-0.9142287892348903,1.5103621340847593,1.5368695722697443,0.27822596626015295,-0.12300567923497763,0.5599463760470218,0.2739672532922701,-0.8404320145972037,-2.503762523564769,1.0678805591269418,0.39332381013200635,-1.0157557057182807,0.33700377866276376,0.8627904621728932,-2.6073309711421855,-0.03428269608980594,-1.0451069429177453,1.3431663752980598,-1.1001685464589985,-1.497919168081426,-1.2840097346301194,-1.0163187436425476,-1.431863296917871,-2.6949904442830683,0.8299585805421128,0.17252019686646575,1.8371669003643967,0.2291063494426291,-0.10258453053582628,1.5368411974718252,1.047797988743295,-0.48719379777116983,1.5005832214395234,-0.38689392757048807,-0.6775157642644773,0.38596276531583246,1.1190953958722112,-1.117372983325574,0.5399892781911706,-1.7156061752981508,-0.13237170291855702,0.747771835839447,0.765078917991223,0.5958057401477026,-0.08593113670505359,-0.2178915825179667
-0.7803177058955049,-1.4677787114475391,-0.09803662780433954,0.003848074805777424,-0.2074053529882378,-1.412301394351009,1.2342091815608833,1.6385865752748847,-3.3673581700303425,-3.915645875203397,-1.3580744984440443,-1.6247346113477317,-3.82618731674632,1.148572483611977,-0.5016332246787981,-2.3638960198104586,-0.7001297339008498,-0.36073135980143334,-0.28090049713465093,1.7499217662598907,1.9658401524676479,-0.33658467845515117,0.19054704167522907,1.9191025485583901,0.95876281333938,1.3862115844742011,1.0103863273575204,-0.26178735673925224,-0.18173254891290816,-0.5777078752680768,-0.9665824542166943,0.5288309652379615,-0.393758118986792,1.1184799149381628,-2.382297475895645,-0.4355695280667456,0.6603136265772912,0.2717408061040874,-3.3335378609119997,1.1812424338612961,0.7868621661413633,-0.2551138562602783,-1.77950311614893,-2.242897138921811,-2.9942894196676857,-3.375821328777647,-4.057354191843276,-1.793952965475666,0.1640776619899562,0.3659891728632003,-2.461226933222879,-0.14915799750043068,0.987850769996746,0.6215483704041683,0.6755326963794969,1.4553953002890125,3.9594469645241404,0.5979310163382932,0.49421676666623193,1.2190349246359289,-1.410850929246291,1.4679125216220763,-0.1622927324433071,1.4456046570053438,1.7035051044623255,0.07700646821398471,1.0182232615059479,0.5505440309910287,1.1091990211544562,1.6259595727005327,0.28708980837198284,1.1366271572979738,-1.3451084304651177,0.10662320038711331,-0.5505551903516995,0.7355919035870037,-0.26611930546407936,-1.5038312061327441,-2.396706784475604,-0.8696616058553496,1.696838122201715,-0.44819387914516784,-2.0016658520785167,0.5870230931510411,-0.647104370578843,-1.0598168784517163,-0.37119476204426216,1.4046691311898751,-0.13591558270475432,-0.5442685313234696,-0.8093073505584403,0.10166500505644074,0.40262359323786834,-0.6686445331427086
-0.3676112018970305,0.815962832378356,-0.17274510704326973,0.4285211900415611,0.04290427159621269,1.9656628148215098,1.3038345448858455,1.1880849915778453,1.915077494474874,4.361540314388711,-3.6196846610120286,-2.3561596698041347,-1.620560141703945,1.1837462304353787,-0.38880906027159123,-1.3262501694740387,-0.2376020997190782,-1.5552295189045993,0.6173608478281991,0.5329818421064776,-0.6292364615063363,-1.0350878480319086,2.5342405025084656,-1.4021547078569028,-0.0627677256003901,-0.09571022164662174,-0.6546260944044665,3.416228411383491,-1.3639092127369283,-0.6537950072706917,0.447713331079587,0.5147102773339933,1.4436111700192449,0.5520077958686836,1.2813513478212628,-0.10936645749256069,-1.0740694858760995,0.4421294828041814,0.7415852430543397,-0.3883052574341724,0.36017139913866697,0.14658721515735262,1.1596060018617724,1.8094018589263712,-0.1824599944373888,-1.9424856175816738,-2.1628839880014086,-0.8453920651418848,0.13724952394593276,0.0013477275872825212,0.2383484340277079,0.49958500721818055,-2.3569391313894856,0.3710286523943127,1.8670685496843278,0.866014057164733,0.19432603867695458,0.04277779324575304,-0.6561708783235456,-1.2509931971148218,-0.27464806368015965,0.9200201305936017,-1.6788487444657823,1.6044726163811547,3.8424257105179533,-3.7745081943380665,1.2536044286521066,-5.602776166601774,0.8104715701105931,1.719103184870474,2.8265781881097993,1.9697294189312926,-0.7653326849933599,-1.0407880378669732,-1.6882147566748877,0.05768714432814914,0.9011642345728714,-0.8216295177607336,-0.25917439236921286,-0.3243163609615143,-1.5598950273500625,0.13724854115500112,0.8637782697499835,-0.6683498425561912,-2.010091430285589,1.6090100782625634,3.4770631926355575,-0.6846469017659327,-0.035723529901081665,-3.076945207659363,-0.3781888572735192,-0.7240654692204758,1.4907422980591631,0.26620305110292297
1.061922076567792,-0.43259454050897184,-0.6680592445379622,1.7163830950099932,1.5642888718564536,0.5100770730740345,0.2708216570689974,1.1757525740510157,-2.0408846724805354,-1.3193109630167785,-0.418867911969272,-0.18846316434071436,-1.114166971819356,0.5771698651524689,0.3120096168228074,-0.6450986428817782,0.226701509533955,0.572984635486295,1.8246881988336328,0.8270423775759258,-0.14954314320064477,1.7904186662825528,0.30930469407233274,-0.07884557834430628,0.13739283950210254,-0.310394538518709,3.0774962238360444,-1.3224223182355157,0.12588748808837857,-0.22926389094037822,-1.4248541191302095,2.155460641669238,0.11742413364013274,0.03028341794351519,1.7258904576395082,-2.1166283520230254,0.5405354573959725,1.8740364757866081,1.145093414515413,0.8019103784800222,1.615321506656724,0.12668020954593068,-0.20490655851209247,-0.1441323905163175,0.3383081489407412,1.1013300537665476,-1.4784408166774454,-0.5129921195784174,-1.1173921032885896,0.7749505193960998,-0.06508444527038415,0.10919940571395959,0.4683606000848035,-1.5341609757144667,1.5148050537702342,-0.4222881895170775,0.6812746098609483,1.106009441388942,1.5365624626937666,-0.42415463798981196,-1.6521916576813243,0.6069358936256211,-0.0926994960232907,0.9756773763915558,0.2039200173826185,-0.47476505925708523,0.9131373470940719,0.032279822375921974,-0.4848389811289545,0.35897026751309014,-0.8592231624702411,-0.7890766089056068,-0.6354376955612303,-0.2861354796660669,-1.3550465893977803,0.5413575108595603,-0.3089382335812471,-0.718119231124029,-0.5544895821052434,0.6062568568825394,1.3864332367336833,-0.25687935308013177,-0.3342514931238282,1.1546100157206363,1.1055531484003447,-0.6251441312634014,-2.1046338518304863,1.7064551004310946,0.14867797580117662,2.3880272755904253,1.9797309951999886,1.5377908891604983,-0.4067873105755394,0.607417198735272
1.245270333764266,-2.040431199909136,-0.05785136980375619,-0.4966984700697601,0.9631682015420251,-1.253336978258,0.7866666796839161,-3.5164417195668416,0.26467742492103363,1.609686004491831,1.3720112516984666,1.1912088001213643,0.23477194346237862,1.6721404340090384,-0.7742971394341843,1.4194386044998066,0.7335607012343626,1.7386040693801161,0.48064255371878295,0.49135987840933787,0.48350690712670596,0.2277772300128221,0.31698947999911953,0.4980116006391074,0.7264579178130656,0.817658072005836,0.6774689537666073,0.3494660477400011,-0.03917980698438206,-0.8716166371315603,-2.395155997949708,0.10828820960034469,-0.6330789950652,-1.0890798676196942,0.7518477183625426,-0.42851889985123215,0.046440826243772396,-0.3090284186585437,-1.1557804343800306,-0.8173978463022075,-0.6332147389391461,-1.4713083192473726,0.9230242188301817,1.1532363694120888,0.938540348428047,0.5157598513344158,0.5687496190846381,-0.2996374579402966,-1.3177358548549802,-0.39732306542837703,-2.0582640432488,0.9137683719382294,1.2085588984470252,1.399323303025242,-0.6212075047067082,0.9241215815954036,-1.39718332601312,1.4559710660798102,1.3141911220752023,-0.31446329852153354,-0.556093557438831,1.7724791528425525,-0.5477553117205358,0.5950773254746982,-0.805714530500242,-1.039041507010504,-0.9138647069036929,0.2117443302871692,-2.4762239160486774,-2.604324215498707,0.9917410602194985,-1.4246348637049115,0.3626702717311209,0.46399786896074674,0.9115612250644742,0.7555093126266974,-1.0325339707795744,1.7935881759249384,1.035534356343164,-1.3106577830957902,-1.0964157497312352,0.09156269125925134,0.43572667906789353,1.283364572898992,2.153633030335487,-0.6456571385246679,1.5383606705572601,-2.732162247507968,0.681012438097289,-0.32759270405961805,-0.5689451880609856,0.7405346216139348,-1.4133117683801604,-0.7486454594194739
-0.4452045047136437,-0.09918790204287409,-0.25244648651349166,-0.7092076042800013,-0.05794075013788656,-0.911908363734947,0.061575495180831386,0.30300764446846856,0.03787649918498259,0.5590819400655018,-0.03754342417255918,-0.1089529035131434,-0.21871617014896894,0.9127255946435621,-0.1287986158413083,1.1550066663544,1.2308047966850428,0.7699298044904905,0.386424136967372,0.5001302175278862,0.23017426205173885,-0.4675415587635037,1.0363900903622691,1.1082248799666936,0.8518706425228605,1.1066352535839363,-0.5837933381565588,1.3143534240935837,0.8493333972083323,1.0003680001736202,0.635932081831184,0.1241639085311019,0.7346412815296168,1.0974998497404973,0.9957144336103569,1.66527027921616,0.017305084657187164,-0.8533144359995765,-0.1469821559071191,-0.0695294744850834,0.5361648916179549,-1.3773642145989253,0.10528156040370595,0.368753497681244,-0.23419468141812133,-0.13837982982361485,1.6705927020738474,-0.0914765103734062,-0.14581942737189002,0.3989659940763707,-1.0786758928814364,1.3334127867854375,-0.009016959278922598,2.1552957236523143,-0.6962341883153084,-0.7335174992217823,-0.2013640766166555,0.4500460196323677,-0.3833305591413695,-0.33287207438150224,-1.8329673543069662,-0.9795852561096914,0.35221265243451394,0.6370153936739483,-0.3785545247116213,-2.7505748106977244,-2.045637542950412,-1.3695205091256564,-0.6158823086081666,-1.809772711336552,0.956625757885589,0.5081227260112666,0.5785842854173971,0.5062813913842743,0.6355575743568707,1.5512729584544096,0.8811838602535653,-0.5325060961711834,-0.05274516719858835,-0.42297183215680556,0.8861198741085781,-0.7282360384885089,-0.921788568892945,1.4884512965539525,0.5711989024959582,-0.9400200230361974,0.487310711643826,-0.7760552835989329,-0.6335010390805845,0.49491943768369034,1.157612612064926,1.5776707945471724,1.9743623575790838,-0.7465585640633158
-0.4882492450832161,-0.19214502774172756,-0.004929654358236724,0.2891328888312749,-0.33167652932662556,0.2158984508271493,0.6673600897249631,1.2527717183181397,-0.07732974388009983,1.0998221380729123,1.0855977376481967,-0.09474943404994374,0.0824128385837678,-0.19742016675040502,-0.34307173067636587,0.30077703429307795,-0.0773280967457197,0.16322444641896874,1.1183266671154872,-0.1554942300110369,0.705477013019439,-0.06533405340519133,0.32018735142176347,0.5992228722303504,0.10575176503212401,-0.4333756517175993,0.25228087552464706,1.194588456396795,-0.33557714492317503,0.7294845509440435,0.18717022031843672,1.721505610797193,0.23137873129003494,-1.1168527493847915,0.49709371240336286,-2.161261737823712,1.6873410227231744,-0.25665976813824576,-1.1742224117016726,-0.8967719296044154,0.603072591588916,0.2838802396267733,0.4555680969337893,-0.8786690628539542,-1.0821160679860655,0.43995618785049806,0.0263944464068685,-1.543397496614796,-0.8102142074418324,0.4040919453062381,0.697980649254091,0.46491262234697683,1.0856908030279109,2.5199156756202292,-0.050492460364925995,-1.5717160045202079,-0.18233830803948659,-1.751447815345203,0.344938995689016,2.1721963267511115,0.2415648224973865,-0.2650543088269677,-1.549010144848188,-0.4251779300342205,-0.12836477513563643,0.4057428785459971,0.9654869138203951,-0.691723935972062,-1.441739461109243,-0.19645701501492663,-0.3838009418131636,0.16566902860832788,-0.2965901200464906,1.2537958254381327,1.925848627188374,0.8108984281855197,0.9186380047793724,-0.2892923378086457,-0.7837786834251732,0.7314108791376234,0.80653665350674,0.10154618014717155,0.5195155487876186,0.13187654449012898,1.815738788552836,1.2751328405800022,-0.025416495680262052,0.6737069881902752,0.598923920741497,0.893302052620593,-0.1631007649814511,0.4207558032637895,0.24994917358444974,-1.0277428745708634
-0.5631605395149258,-1.1244786118935965,-0.2035731913922704,-0.008378658831566965,-0.8103727926269793,-1.655599950575895,1.3833003564140263,-2.9940447371828864,-3.587843498894301,-3.2761254480937767,-0.3917542639523336,-1.9610288503845654,-0.5806949515628592,1.3471026191581146,-0.19502989956327005,-3.2592055110451965,-0.9943570617819361,0.6069827161481055,-0.11418220364203324,1.1839870976796114,-0.5664186256874623,0.7869889923907935,-0.21133676636934406,1.6487490709918036,1.7701405580376794,1.4525743431714155,1.6164666711908642,-0.6493073490674421,-0.7202575684388178,-0.43815660080994223,-0.3639278720008257,-0.95198948642047,-1.4485506637296364,-1.5859419830134494,-2.5958007170161754,-0.16718859631878202,0.35723135668150263,-0.24656786563006883,-1.490618720299427,-0.3200934013122943,-0.18772408069727362,-3.227835890975337,-1.215751308231972,-1.9997015120050983,-1.356001168190484,-1.0364943749786883,-1.7103270622290456,-1.434911110062117,0.7846592965372672,-0.9869085317690335,-0.6321971016901312,0.7123600017081584,1.6746238596228098,0.6689084191027714,2.168285369659634,1.3683757983295526,4.007246067927606,1.7833755433651082,-2.0657175197106015,1.1551832287515313,-1.9067809268552889,3.2762249211522296,0.6100439892114351,3.9182301700515163,2.0962505175127117,0.6917061453424784,0.7345999150519604,-2.985589254159047,0.787690833524023,1.286258149933655,-0.22332346326953653,0.2988962353562902,-1.6896996957473767,-0.2567139857817471,-1.1395191040506212,-2.1822673304830023,-0.3186820778997728,-1.5216017203283316,-1.0252348883961475,0.14362768031654044,2.2815755384937857,0.993645460458616,-5.7652289396031655,-0.8117740872844897,0.26180559759440586,-3.7065800528024857,-0.2642277605584069,2.6596552834001708,0.6943734290444135,1.0847293196498284,0.012630371918927949,2.3307688266025455,-2.311226537569635,-0.8354342861426656
-0.6087397745340567,0.17158300759469086,-0.016254119367915328,0.8614235744438037,0.7161701292873026,1.5213675412861867,-2.5127514663957866,0.6298950541364766,1.3691471610395474,-1.8036877405544234,-1.8146203868397164,1.8938693479837894,0.22293582394911682,0.2943027994563836,-0.791340244179202,1.4051170802235,-1.2138666812809658,-0.37218230064235913,0.7073671601056615,-1.0321725089821119,-3.3382444098658723,0.2074100891743685,-1.1769754526359828,-1.5294818575370703,-1.1783704416496819,-0.1756353192531293,-1.5398729571692598,-1.088640418956488,-0.4902511597583231,0.02043335971830125,-1.649887784073102,0.9774296500805931,0.2970648863897499,-0.030459589947819832,0.7833975723582502,-1.2517124375850304,-1.6385683357700005,0.36656902307902123,2.39359690216738,-0.40631334837669525,1.1952942584155657,-0.05987935548649141,-1.2577630228154288,-0.36768653385377087,0.8159430466493899,-0.5428015277215796,-0.6737988181398376,0.7573284230823393,-0.204302166883229,-2.784326407164114,0.4318994972132797,-0.5739782774209936,-2.73216994947742,-0.16515011776579525,-1.2759017356229894,1.0507345714317486,1.618358618187239,0.45110437741875886,0.023603983842826692,-0.07362263416700354,-0.2924800672562248,-0.022505773852428357,0.7629480209110411,0.08748924299205896,1.8320418483511722,0.3677373064394943,1.1008552853688607,0.12607062477184808,-0.39661994013201807,4.418807650493657,0.15456813265660546,-0.09921104708325035,0.3452109912195597,-0.5809925310143654,-3.6145017753088995,0.19076766888209729,-1.8257030290124858,-2.6197160899113383,-1.437865175464441,-0.23040283487449004,-0.5748284191930718,0.591118896525281,1.5488796286607758,-0.34683063993359214,0.4046829427848281,3.4718331161447176,0.030553034894178488,-1.133120633774988,0.02037920767628735,-1.2610964442643802,0.3568749481029701,-2.329563308206513,-0.3646321516971357,-1.187844492320809
1.3534006365367026,-0.588855582999863,-0.5659010427408031,0.9408623022180267,1.8772981498391457,-0.18316373194510938,1.9242078430038152,-0.25265828423456815,1.0543969113715503,0.7791836137616465,-1.2419103868878758,-0.1922760775916459,-1.2555990307830867,0.018706512884635273,-0.19805712224523891,-2.754012966972521,0.988039538528187,0.5809977964521875,0.6135187939888525,0.13488870082141574,0.5965707190343676,2.6515691838955755,-0.36749047869913354,-1.3820789515500054,-0.7502579174754549,0.0015911486514300632,1.740219648639028,-0.31714912221876224,-0.7295154754804404,-0.04024914221240838,-1.0697118519335127,3.375293635659313,-0.3319309765623676,-2.129190176889812,1.6017197840334712,1.098504021065846,0.25720373273451824,0.9930152250275947,0.6499781038861308,-1.2427405455323712,-0.9318434499619908,0.3419992058478262,1.3923965583100542,2.058026018711158,0.08125553010809261,-2.595089626652056,-0.37213282004218595,0.06212636718863122,-0.4696690215959598,1.7521509670459268,1.1284955362218958,-1.5009254239603684,1.0930896231939966,-0.050386874660072356,4.464797142090659,0.6950848354378194,0.15421484498555538,-0.7220248226381971,3.1836494250769327,-0.42027439145029355,0.6748218649706952,-0.72020540530618,-1.201833214378662,-3.48163844875404,1.3705338071369857,-0.6524551260529261,1.1321079267981533,-2.3276229860475226,0.12940053266782547,-0.7347558030684592,-1.0465878001210887,-0.4990086673006694,-0.9024789736324894,0.7330251822859026,0.29455991701226486,0.39122616185150405,-1.0360796280235467,1.1965099788085682,0.9839882722385532,1.109495233303439,0.6774291319869813,0.4135040081088054,0.02650566494022593,1.2097085285805655,1.5217186241200285,0.32105547094558623,-0.0623385091582009,1.052840359650148,0.3202993400129354,2.3506294909089505,2.6455238157955154,-1.0411374786038714,0.7233093821194593,1.638108060109623
4.368480994559428,-2.930116414050439,-0.29347212168647197,0.6796909897667959,1.2886376895574772,0.006838338312020088,0.5367384749818981,-1.5097226973594107,-0.5656320942940969,-0.7058530003396741,0.24422011819837275,-0.872994435103025,-0.045718893794821386,2.9179558240932377,1.2993552005899902,-0.7827965342692935,1.627802868828446,1.9993497903892168,1.650187857446362,-0.48676453616683585,0.306022699453205,2.1049780043145923,-1.8822343375904333,-1.8827369296856864,-0.22390555055606776,-1.3494464450586015,0.467394214091162,-2.430910570446806,-2.4394612073080504,1.7990061963186903,-3.0469202207383415,-0.3664377507494837,-1.897377212047188,-2.668820283302941,-0.552670091829718,-1.1797228983181574,-0.2934283814360563,0.784645587723231,-0.04656232571846941,1.6108946515840807,-2.837680685591781,-1.6243218622231286,2.3757578703459354,0.40408524337528906,1.2564318911146786,1.0906807759861807,-0.15164464406144523,-1.3036758867454732,-0.672257440864533,3.5048429851040517,0.6353434770221584,0.7327351877633868,0.23001246970880002,-0.8131341287286915,1.594206495758893,0.601374405400444,-3.1342556249067006,0.05695976659155977,3.5418574401546197,-2.3947335958262137,-0.0918591139756248,0.9623772501152689,-2.944007142935467,-0.6199814969626425,-1.0978119438344298,-1.5428226258500626,-1.5250473069022248,-2.168580526901752,-0.49293364624136327,-0.8874463908422092,-0.7628296214410778,-1.8512577267913684,-0.5085157630128793,0.6881161476172984,-0.8047518049448603,0.022611140613897407,-0.8596794929300982,2.506304313022346,0.9639512371244512,0.8430668292311999,-0.13528116805060386,0.6042476249257226,-0.25165164494346065,-0.07973066723656091,1.5948025311090643,-0.9132186673815811,0.44359826712811046,-0.9511885864267584,-0.6703287492008951,0.8906627798155619,0.8530888174166293,0.5338765161137167,-0.35621319851052013,-1.4311647396205505
-2.1050749560120083,2.541232643149566,-0.4542370033225796,-2.0054671961711015,-2.6780630764944204,-1.4617708320776326,-2.274419743167735,1.3509678163030865,1.3597571633536365,1.3815893362851377,1.7089104677500504,3.1111474758240876,0.5821569911203675,-2.238615833846747,0.730758308731846,2.011515309200602,-1.1533582277068286,-1.8405119268043193,-0.37835512146457984,-0.7018763805005104,-1.956407575405618,-0.9428566621039932,-0.06672806020414784,-0.4390762210583018,-0.17878746557154734,0.1602892331542879,-2.178929355324135,0.4979361586671626,2.1156291114210686,0.08539332433072178,2.7344698436804036,-3.9399572998358723,1.345866063448385,0.9088267889380245,-0.7131549904259832,2.96313138371131,-1.348919977991565,-1.6602196940651837,0.25809631766135466,0.8862327211889003,-0.4784363314781841,2.666672053056002,-0.3379794043402893,0.4901625757614468,-0.9976682148149297,0.28652199143036144,0.12872807256857055,0.4204402196756112,-0.1546238580916625,-2.029389690067953,1.45865164718191,0.6467229664028922,-1.870749534902742,-0.9693112033949647,-2.48915805367619,-1.201156549132476,0.9288631531573496,0.7358034714964526,-0.575203517828017,-0.12582209621027862,0.026794357228738463,-3.0003247749449766,0.19642734425085873,0.018108561294026715,1.0943664811977434,-0.3235422251122076,0.9638037625511363,1.819580909530651,1.7644697175928998,0.8106956670986166,-0.03971039093290668,0.7028626186573809,0.12543729534132958,1.5731007307173768,0.03036722043311202,-0.632660265492574,-0.5270346347025382,-0.5926185776125634,0.3243729376294698,0.43710196358042785,-2.029035241032222,-0.6051321621742511,2.367942389373429,2.4756485765280827,1.3898442363842864,1.5022664114370734,0.49705592012741107,1.4226491194371538,0.2392068109816134,-0.21147092946105037,0.673114277531436,-0.21141121159489434,-0.13702444543365794,1.2797604750602642
0.3245259905306072,0.711800291947055,-0.4490785869579572,1.1635749277311038,0.817357778778179,-1.0120302681429478,-0.4454078869547521,-1.8279943941425403,-1.785828268432504,-0.47111746065361326,0.4483908114654212,-2.8368822849096667,-0.5956018398507142,0.4009274777653175,-1.240333627081137,-0.47085095174158353,-0.7172177051942759,1.0542063517631783,1.4528458065664152,0.9755887440887061,0.7599276836529273,0.5335353331491289,0.9059019892867821,0.13860897810153228,1.3398633785614669,0.5518480065089117,0.27688578370956757,0.7926815958253737,0.2063815193403964,0.2673412716294333,0.5882399432061247,1.396006480242729,0.802847823650402,-0.5193093100903594,-0.036500488890337635,0.09001257116055728,-0.15394566114406166,-0.0946016845753454,0.24933325169124426,-0.5512819702714875,-2.973388374804144,-2.860547107278825,2.0264664006582,0.9550032312996994,-1.2874886191337558,-1.0139672090889815,-1.2543300422331103,-0.7637813240368814,1.0233229791190894,0.7154759446296666,-3.5335249525198824,2.198360917976549,0.5943334660259352,0.5736615090250821,1.2448237691442023,1.4640000229985126,0.8186520576795651,-0.5979016561424548,-2.0908085032638577,-1.5001493807176012,-0.1548265938501745,1.3745221983992837,1.3294765177639767,-1.5430577429884673,-0.10163842868345015,0.7518934152890562,-2.7215171777633573,-1.5705643115551968,0.5081563115673118,-0.3817498221244009,-0.7559453258856617,-0.34241404152351285,-2.499754076796338,0.4489284107038825,0.12832176765576808,0.5026039116806283,-0.43135776138575244,0.7079573763887752,0.2898208363238186,0.9720238709197128,-1.431472946923487,0.05997670799190557,-2.8028334814166493,-0.2599654348536445,0.7154628530221658,-2.81594067617855,-1.3767642613688682,-0.31061061159947634,-0.5124262872461239,0.354526094012767,1.1594138746737541,1.3868338351029406,1.4491371884531246,-1.074942320092373
-1.2132982152446896,0.6471334601176624,-0.5568467408003746,-0.24734126402758072,-0.42685072165360033,-0.5829228326975637,-0.6752749875968975,1.4286359710857095,0.31670928211726346,-0.5631452064356568,0.9542590395902474,1.4892584556662507,0.4366283950769789,-0.2452438471229446,-0.10284998306568323,1.427666648212551,-0.9557746139710634,-1.7445928158425872,-0.28794177281240513,-0.6484405130572648,-2.0544494225952223,-0.31852587260629733,-0.5450270619788689,-0.4872751301183342,0.32555536828348347,-0.25523428246202273,-0.044270106000515064,1.8580122093441553,1.4931249325900593,-0.13600563859241202,0.6063753128834035,-1.1565867074696459,1.0132517223672883,-0.17243520367062112,1.5987149799612683,-0.26220547472668687,-1.0340966449460074,-0.47253396843950574,0.12692176000212632,-0.031852054038825406,-0.22000451521559974,-0.6815451568041513,-0.7420269369074745,1.3460079943134338,1.3013670448848833,-0.4526714271108456,0.2509531556150854,-0.24426909673207364,-1.1023493876796209,-2.0176796135995065,0.7383446926783106,-0.12633617123637936,-0.5780082750064572,-1.0100899690827778,0.6551809924743124,-1.2223568770607023,2.3780567862701654,0.37244743861057195,-1.643736502059717,1.2213763238194617,0.63202407521398,-0.629936906768435,1.1165603753246158,0.8676039581426471,-0.43561395766942945,-0.03995674529160992,0.09788097255027647,0.6776593820534893,-0.5154706555203713,1.5611960889884209,0.8390334916620888,-0.8522097523575352,0.3612234408563726,0.8014698564717839,0.03777113675410109,-0.6362810632428,-0.8707786011335684,-0.7535622741056419,-0.1029076119765164,-0.6432871350704197,0.39359168962746416,-0.3488654516203798,2.361987347662839,-0.39118121915830134,-0.6890866016982709,1.7385601245081475,0.26495446067581274,-0.08739285434865177,-0.44700774523971,-0.11756806458018086,-0.3115608849391931,0.2791296238357285,0.2281515722429484,-0.2054825910223821
-0.8716899309782794,0.6832457155763878,0.3213736194570699,-0.6764753911208745,-1.2888332329800525,-2.1733336535210137,-0.11284547899803593,0.5919316412530191,-2.7649568095144774,0.6386721060966255,-0.8747416668914137,-2.2053796997449915,0.6907355766709948,-1.4630018789014296,-1.0706847539293427,-0.744885089218144,-0.48525045243784404,0.48350193086745014,-1.3963642581967688,1.404998992879701,0.8100502542825075,0.19854222410749695,1.5810435282940436,0.5615507583802835,1.7932357472489662,1.983872049618245,0.5681434799318388,2.610502603690392,-0.4089247816831073,-0.051831548828440044,0.06922797063510822,0.15640469871208745,0.3962458028265458,0.215914067637052,-1.0639973555412277,-0.3386753801464499,-0.5773192450397904,-1.284897937220308,0.028672856514025458,-0.028029147812638155,-1.4468097629229904,-0.6415032577395118,2.375728294616988,0.40903738166295267,-2.153543991100013,-1.6960773820724961,-0.2015870513394472,-0.34927964346191664,0.861272456480598,-1.3633388415568368,-1.2418937974479438,0.6772026092337622,0.32056947995909657,1.7503823191761052,-0.31734920322648663,0.20513297066711256,0.8220493234481537,-0.9606524091775964,-0.5293855932189573,-2.520361095814285,-1.0621886624254957,-1.7204093670897087,-0.2987744584448354,0.35626586011738454,-0.7380019286009157,0.09250115472621098,0.16805297479628048,-0.5341837333567152,0.9900127270266519,0.7932483627636371,-0.42764966058803017,0.7094952692767446,0.6498909052674864,0.18768750985627783,1.6798979132068501,-0.7380777025347722,-0.41009420505243616,1.2925988341658763,-0.48837326329404934,-0.03816115705807566,-0.09455924634656421,-0.33592608741298624,-1.5437804679430323,0.21674833830306892,-0.06778197378984008,-1.1297857017553796,1.1067482300920286,1.3492558196465883,-0.7082740694895306,0.7122816708727258,-0.9779651585077919,1.5993851003043145,-0.34679241292122864,-0.13000454009123236
-0.4611971534578232,-0.4948480668601489,0.16000301849764945,0.9960320724850291,-0.4074847732544617,0.6225975481648619,1.8474407326532167,-0.9243766936420558,0.5726272322979898,0.9173995662096021,-0.42892320029283204,-0.4896649379554498,0.530832138983901,0.7351668049237309,1.2195667199825975,-0.10978014140954406,0.38257380642535027,0.11281683356432688,0.12645496315340615,1.46513911482539,0.5375175215593713,-1.3087298343086247,1.0087826903143542,0.19016969485567747,0.6236968856744004,1.2153118988487637,0.0726746904163944,1.1487162910371416,1.0152915340587252,-0.05919330459172731,-1.648015762378723,0.9177361177136342,0.1279067772607647,-0.9395467505671301,-1.2824921432026692,-0.041919823787365695,0.15104245874318223,-0.09627325478335157,-1.1249605598438075,0.015371282869135784,-0.41151060615679425,-0.6441030146354749,1.0497510336509805,-0.8218171501821699,-0.6088738665989181,-1.520897442969327,-1.1669129252802166,-0.1993883563682861,-0.554360668160803,-1.657921237991461,-0.6594734004357036,3.159943400305599,1.1891561265181503,0.8836827027508471,-1.0612009963263567,-0.4812867688931959,0.35359767371081435,0.1709644090265948,-0.344551040687712,-0.24158561988423255,0.5532415253188779,0.3936268882190336,-0.8798884347047676,1.4717634556166894,-1.9452295440664478,-1.6098764435677966,-0.1628892826238924,-0.34428738808573484,-0.3361191876638963,-1.5139773329199901,0.7167251550539246,-0.18953050092352547,-0.9048393353143096,-0.47017392476855036,1.1060090119383559,-0.6538525109647871,-1.1049242117810627,0.4125262235509175,-0.9311935204561028,1.3469549408783719,0.881565217652897,-0.30614582721409755,-0.3852614553481169,0.14801642714312888,-0.0979421455507419,-0.4955731862652989,1.5667420821204994,-1.031577694749294,0.28357485336173605,1.7366197871570312,0.214825250178577,0.7221043237283191,0.3143428095766268,-0.6336540398088915
-0.066202885377753,0.784549108127909,-0.09056384168700175,0.1198224842276775,1.0051097532766875,1.042080530386109,-1.9540120189166732,0.439195864056313,1.4029958149430821,-0.014106794383326626,-0.13782130231594722,-0.045064549744236126,0.4270947716794237,-0.10777859251856525,-0.3250748026685679,-0.461321237145106,0.4670670923750613,-0.6491128672301442,-0.011675210910609801,1.4110900552369336,0.18094186664652237,0.11733796828723753,1.8733449069134926,-0.2389244213674896,0.13774183905830883,2.3646520260866892,-0.3736945252730344,1.1576994317696285,0.3597247808206583,-0.08479514420949853,0.5429172135162104,0.8309368230473037,1.1546439334848009,-0.07382502538836488,1.1721091565626163,-0.6396798509701233,2.0065076255778953,1.4539218590549836,0.11478649605488411,-0.24591018730864875,0.9419880642005324,0.7336916090804642,-1.753523390829605,-1.1491632751567156,-1.3372499429574187,0.1117937580762059,0.6311129960965545,1.016178317153857,0.31379653573654925,-0.09550099836122322,-0.26469827578978644,0.877485063869138,0.4638614237748092,0.8254298103100068,-0.5541915585325339,0.4566180721403091,1.7451405554120674,0.5355967671374791,0.016083081688187395,0.06407880576853608,-2.230595902533782,2.492111835076359,-1.1103000484873484,-0.4875429442394967,0.9540645794223829,0.6190084782571734,1.9507466502901452,-0.7331939485171595,-0.8338153547321279,-0.31020134561344054,1.2721139815929228,0.39517252714553713,-0.2985259143798637,0.37167928249531434,-0.38675331866949586,-0.07080109871440315,0.17147017018594915,0.3260416951314753,-0.7185498362753826,0.8247399207380476,0.21289109846231702,-0.21005876791501046,0.4715534210715074,-0.24689419041313249,-0.055882295660686795,0.3819607513482991,-1.2755417846097068,0.48634816120697294,0.11528216021317726,-1.4255382033657138,0.9931118618172325,-0.4177232825348576,-0.7999380576199467,-0.92427885494455
-1.194052819967963,-0.1926905365959839,0.1543673139361742,0.8680257463494706,-1.0139067084129854,-2.2879735944419575,-7.887562863192757,-0.36833532874961267,2.14201762273412,-1.8767785706567683,0.8464899559474761,3.405410895903648,-0.23162198895708264,-2.818475326092319,0.9823571904181431,0.9672359191103719,-1.9410190987864033,-1.304427583052649,-2.461623872306535,-1.8658950972721746,-5.201687698639802,-1.397672854782971,-2.5432104874762143,-5.476408394566026,-3.2457169690432575,-1.8888583924961924,0.05452827176419728,-3.9382488257728827,1.0359924308223196,-0.8381737408384007,2.64555733061206,-1.2463699445052936,-0.587648935270382,1.7466896426295866,0.7841085226451349,-2.5558010030414984,-0.9460112162013082,0.7249690354146455,1.024486761445158,0.28694847569069076,2.330927486211098,-0.6670670031083441,-0.9821917288024216,1.6286319279087,2.884600071892038,2.612812602079128,0.8742226258479605,2.053409824787942,-1.1287250939691242,-0.6005563448068424,3.054980633844667,-1.893700608990274,-4.69068569443999,-5.8515166492537976,-3.9567931026486844,0.07400274319232514,2.2188467693445175,1.7107613256168017,-0.13828462823709559,0.3428002125159074,-1.3302102851287239,0.7004288979635411,0.603483617297359,-0.6605477072116954,1.5175143512990783,-1.305661779141238,-0.8329979035042694,0.4703247724036246,-0.80956354541624,3.951105416334635,0.6491521935214628,1.6172878512806312,0.6585178362053921,-0.11934994712952773,-3.3122967047164993,-1.569286015158972,0.14143733227070274,-0.246747094218006,-0.8017251829186172,0.5845948669838174,-0.013000489450836539,-1.0393744666894196,3.0088753913874253,0.8761278346230773,-1.6508662303145294,4.242707225199612,-0.5279908381963918,-1.7691950839284147,-0.5923756305857815,-0.1654747332578276,0.6842660923278273,-2.2527502065890856,-0.0017908263898122057,-2.1049622171133566
2.239580664082616,-2.00975025949275,0.015211894512000362,1.3862176043897012,0.8355125432459859,-0.8490874423832692,1.7565409729726438,-2.4626760700260055,-0.2779818424013032,2.182563041471167,-0.2870128949900371,-1.647514066651349,-1.56742355711445,0.8719440174544899,-1.024963922193905,-1.4481886951259324,0.8188185906121284,1.2348783900681375,1.4177708754731209,0.39860535532839314,0.7384809152772784,0.36570665211000863,0.10547156245298056,-2.853066001183399,-0.8605162264338007,-0.09291393234177758,0.035849428741185435,-0.9435360547806209,-1.239246430894581,0.5218713700276093,-2.49765133597169,1.4072760467183567,-1.772870188858079,-1.8614634602114717,0.14092147970134744,0.8921643310239326,0.7710649980358686,0.6364354601132705,-0.46378975067779316,0.3193476561743639,-0.6789024370402309,-1.671446731839362,2.237502219260116,0.9302365788027602,0.8696243328546538,0.8010613755553823,0.08584780103949635,-1.4351474599872058,-0.0644494825219073,2.5318885556867037,0.38649760125419175,0.06250853712448146,-0.40521353313903097,-0.5777663079966481,-2.1131380117892946,0.2864102231699648,-1.0490173631851185,1.0698173383725318,-0.38738808382876677,-2.520659667832022,0.046501534789760005,1.084386963621238,-0.5544112849977207,-1.6716520221538382,-0.9113576912682881,-2.592679730714422,-2.2096840444200976,-1.3755139360541813,-1.5848155363914316,0.051992303155512454,-0.813357986734709,0.5774231746300508,-1.580172688900459,-0.7726207716048903,0.6400051952396145,-0.062425487374852484,1.4611701231443381,0.3095043286752493,-0.1877335262940074,-0.5126104283009899,-0.889013462834727,-0.2478332685187867,1.4656545718289185,0.13027504151853322,-0.18715859758755082,1.145424156649551,-0.33886567696618786,-2.5313552668865937,-0.14409913531161242,0.08761560373316774,-0.7133672618596186,0.09972938732596837,2.2271829620766974,-2.236857355220281
-0.4447575586490345,1.2186737824388576,0.4648377852181721,0.24529725424603466,0.3088372948467189,1.5294495171874252,2.1798164320620113,1.2416576467231613,-0.5689379944226483,-0.34729099408953046,0.6051021160505098,-0.4350571083820752,-0.8833678709086475,-0.3904878541458145,-0.4188162474124899,0.7419756860349702,-0.8944617790194127,-0.04125668153552006,-0.15120683540781754,3.251578888971626,1.344934330143722,0.1666735548582026,1.7500607871858405,2.5417623064676342,0.506516003244067,0.8308057853649218,0.06539870686577617,0.8145117085767148,-1.1596569042746152,-0.7191100687622519,-0.01102289914035301,0.8295295409932093,0.42025979063934765,-0.4181818029329796,0.5329042514205364,0.674656990411694,0.21464999372098342,0.987971369157694,0.8055666316997878,1.3124593766883468,1.0322129213374813,1.0118346821533393,0.8161768509746329,-0.042858669424384654,-2.344758235826635,-0.4883752388867927,-1.069670148906904,0.5610701471992934,2.5361328769493077,-2.6449264035341313,-0.8442277895693128,3.184571584323079,-1.0787873095058804,1.559414306877426,1.5282658497132011,-2.5296170377988862,-3.3135879042410115,-1.2123032894883046,0.4898643030875871,-1.5658000815484852,2.4366353222075228,-2.423275477166951,-1.6468651133876986,-0.9628722043621458,0.38453018671106654,1.1176806589597374,1.1448141817678872,-0.07855049203759557,1.2375224352734537,2.0106959085390583,0.39981455975244073,0.49426883868291543,0.380154248518753,1.1150508972307842,1.372783279463895,1.2015191446796778,0.6332979454720913,-0.7884476991854249,0.9098482775924173,-0.5120044141574069,-0.6614123750247569,0.7706978268181316,-0.3166428509114998,0.39164697532250103,0.6055101611368588,-0.25023984806780625,-0.1311377479510537,1.6730831110925664,-0.5748714967014721,-1.747166675231489,-1.5603680433881484,1.389994769648964,-2.836461504962501,-1.0376945763228467
-1.5270925364182537,1.2327290274284237,-0.5833102692225117,-0.7387530962195163,-1.8808964084963455,-1.483441157916233,-1.474013106022271,0.19717501793372064,0.7447056841659359,0.5230991376288083,-2.3344892590289468,-1.1471736187243387,-1.3295717383687502,0.03335684615014678,-0.8410194642768765,1.9163499915266562,0.3041486403151791,-1.395013116905903,-1.239319188036172,-1.0368644059377465,-1.4634537594377806,-0.40651959544541755,-1.7190362987916106,-1.6359772860082975,-0.6722085133757126,-0.448449980428386,-1.682626863139773,0.29436709062321076,-0.4133691868220857,-0.5266530031355784,2.358250136901325,-1.723827225440644,0.9440765344430496,-0.8923881667068391,0.14664300244658027,0.9246605360001269,0.3408333322948544,-1.3463287360408556,0.024826668391186635,-0.7564657978976399,0.2596870696535992,0.09710558596607866,-1.0788758188778154,0.2470832222046131,0.13204454413646183,-3.7036614648875132,-0.4839552156111241,1.2715703787201456,-0.5277558981077617,-1.6370108407882782,-1.4541712585946467,-0.39915762359133644,-0.40378183487099917,-0.6173202576061715,-2.1944107233416004,-0.048336719484910445,2.987676659885827,-0.8272140291418724,0.34844762273381,0.19112923095448853,-0.3942345197312003,-1.1523788294062207,0.17317382390364022,2.391162272144294,-0.4295912105342471,-1.8387882851563508,0.0587891344385818,-0.06350703415603709,-2.3188025249412023,0.8983012982327677,1.4582732715146092,0.936598952034472,1.8553645887598942,0.15985655723850406,0.47406577751631784,1.419623671545407,-0.5162386596672747,1.0237674314522365,-1.60051307366583,-0.923734907032444,1.2874739914093694,0.15925528479503037,1.4793304595895398,-1.8371750022768067,-1.022405835000524,2.9953498856643557,2.0070352838430288,-1.2434350889279524,-0.0671479251527314,0.4268659247029966,0.0113240994622269,-0.3596323867167439,1.0384713499906362,0.006616377026493314
-2.68785346188758e-16,0.34550682021562373,0.07939585150231049,-4.50763760398901,-2.8510293033226253,2.786653457196985,-0.2584155275915243,-1.9186269566230285,1.5212009108121904,-0.13596108176101127,1.2996804645841573,2.4892688166555708,-1.6532621249813162,-0.33199447983850583,-5.956138913556668,1.1243024521156446,2.4679134591028027,5.207540059752228,-1.2532391902371034,0.33973073492654227,0.819653120675968,-4.426560934609988,0.12172309519150047,0.46976961167949793,-2.8864557808532547,-2.2077369835792733,-4.347898605628706,-0.3084421452567312,-0.4687519707096373,-1.3016234134790114,1.1398957931903408,-4.981458728413217,4.55925962579629,1.310147413228093,0.7113461337999704,-3.0919801604319144,2.384784804707494,0.7990478979811529,-2.6257552259510604,7.1395941493553,-1.4157075847151344,-0.0568401864497945,0.05684186999089849,-1.6268408119681186,1.342128243854673,-0.7878752314967417,-1.0540749319203673,2.2736810644307304,6.826728981091377,-0.06704016032011066,-0.11352213379438468,0.04650479921575901,-1.0438445960957572,0.4116679775344799,-0.6134286549703624,4.094504984695511,1.4113154572785103,3.7124311962055843,3.453606884631101,-1.3583589362201236,-0.30702442968724697,-2.503393617576227,-2.652134205729764,0.9963388423567154,1.7785970829852178,-1.757082006030557,2.8006887584589313,2.3232702966165713,4.124685189784271,1.1298856021803625,-4.744635122834588,-1.2303902097167903,8.193465793311603,9.386744106317643,0.4287009214030218,7.929922626389508,4.351776455941502,2.8822088339758105,-0.7072995535297794,-9.296381987651616,1.0977774681965649,-1.2589561183901372,-0.1571369732948619,-0.6488860732713403,-0.667848544139622,0.16793595353720744,5.315124511061788,-0.16567529753154958,7.838059365915631,2.7806386609616287,4.672660530939245,1.420438986137101,0.8193211499153674,2.0228198013907095
-2.68785346188758e-16,0.45277515989934075,-2.270826289802073,0.23795441690326702,-0.41765761819868347,1.9972873821742767,0.5579367515247958,-1.171544841620726,1.4632811562873678,0.25541738183625085,0.36057093773929866,-1.6808048083761116,0.1127641582403549,1.8558793962587874,0.1744335251335688,0.2774778201254083,0.011512897142481437,-0.34756939492798367,1.261328165643637,2.4754473378918203,-0.6923424038129049,0.8310829380823682,0.8583359683635361,0.8730248277452989,-0.041939497447543994,2.4684133348898056,1.2266113095096343,0.670228173322239,-0.609927099448492,1.310070065550997,-2.0548138813042427,0.18533443540969258,-0.6516778943768637,-2.6496322417909877,-2.2199024151390723,-0.45669356862823984,0.20589418942161736,-3.209973967072265,-3.521415776020404,1.3290823516264452,2.022599515265065,0.62213551336073,1.5257180684507865,0.14002430726362675,0.2111043651243819,1.0658576396155937,-0.5311091756428684,-1.5190978162582551,-0.8303984841400542,0.8684470111969748,0.574141347212245,0.6104434961646021,-0.6774970779958118,0.3970290389517455,0.3659689321415999,-0.2224515601364851,0.9445068079512025,-1.8460067018132733,0.3673132704804819,0.3290120164617964,3.291221490048072,-1.0008108728429268,2.3668467133963578,-0.9883839352697524,-1.4532080401036789,0.9207736307706336,-1.832963555826627,-1.1728950713792656,-0.41192771601159434,0.16617948790112766,-0.19149661836217424,-1.796851856980985,-0.29744191629599254,1.2327975967734808,0.21431741119831293,-0.16130375109836492,2.383456204730583,0.037429303390018494,0.5942128441870381,1.0943082793313497,3.4098850810521366,1.0138173924614016,-0.787005427107196,1.0299796398802685,1.8461946703076313,-0.2611714072784601,1.7912847223035815,0.9213959983183467,-0.08434654999668212,0.4436051611225713,0.6153071728308356,1.906868545184306,2.6962683956454923,1.188946180836154
-2.68785346188758e-16,0.772114231678724,-1.2157070206353997,0.8320653084429004,-0.43374982971014353,1.5864226772692702,0.4302735355095118,0.2351232279482105,-1.9582342514289082,-0.040347726320668895,0.9921465390452887,-1.0259956839623565,0.8522073643178383,1.9968993708674017,-1.0057538360432523,0.35393505331871294,0.07154102124948336,-0.05769000684100546,2.6417066535664877,1.6731781280714844,0.11074831444026889,-0.18921790849039638,0.3137082471704471,0.01980214788257256,0.6351556761766322,0.4459228907809035,1.5171426045691436,-0.046552219538938185,-1.54051882443588,-3.168005074542407,-0.007005424788589065,-0.0454029243738987,-0.024499878255974772,0.007499282971006382,-0.04332696170107664,-0.5194096710178393,0.8355421743486702,-0.3135619416039295,0.6545506588949066,1.5096881198703147,0.5501565893931901,0.6665237741255278,-1.0865601908549913,-0.22740817840804628,0.24080877457985378,-0.4770772520868675,0.39452656542366193,1.8647983627112716,-0.01835610975513241,-0.41348397235732876,-1.3433759688549602,0.07161939307136556,-1.6075976349801324,-0.25459123103627385,0.18483288507028403,-0.5790958197552998,-0.22169395440300002,-1.2527768825780734,-1.0198089955947132,1.0276156503531624,1.1045829650636696,-0.4173518292644416,2.157698297445421,-0.5006773382682728,-0.3974131308203466,0.5562888099125474,-0.2395147352838159,2.387898820743069,0.10690661622835274,1.7313044017972574,-0.5032806212409408,-0.06708686697303859,-2.0848153101899176,-0.7776300158091689,1.448602455893072,-0.1576465902353876,-0.8372766539247697,0.18490885495225895,1.4912026210211673,2.641372836868663,0.12062437062816844,1.7876382609322898,0.24648620005127367,1.4998282967533407,-0.9659482565477832,-0.252537601778986,-0.2090304011620081,-0.5171223712163603,0.12213912892347167,-1.249830798676385,1.0587828066579683,0.9480077493459662,-0.13033663042951807,0.7349545608533741
-2.68785346188758e-16,-0.29188882861588583,0.11298667521747235,-1.470646706086168,0.6938950969026131,0.9347735493243656,-1.1241606892207534,2.024929628636928,0.09922255710786188,-0.4010871769540387,0.3746752414157246,-1.3343762018124956,0.42500551571814005,1.138800627436309,0.01763168945409116,-1.3029820979509217,-0.2909141967699796,0.3342183859466208,2.4438264730707164,0.3603324756604019,0.47801350951046506,0.9126473489542245,-0.5196791623727103,0.19979588293766035,0.9532063147796852,1.9918135177892866,0.4691586812155877,-0.322573696250957,-0.8998107771977172,-1.5956439240628193,-1.0359824685281356,1.5323586903787754,-0.6415556847492677,-0.8394899914420145,-0.30454734891654706,-1.2558210508128103,-1.2674398922938088,-0.17364626556318188,0.6019935260574918,-0.19435181419423148,-1.4698924830154139,0.26228537325921897,-2.745913087288877,0.56488517099284,-0.2987739436292654,-0.8772857614614932,0.8923421004037306,-1.5096654143014834,1.0801071891191167,0.22649535302852097,1.3831943217538427,0.5791493280858759,-0.01040370062149463,-0.012241258368494146,0.34430081086067066,1.7800980183144022,1.47871678107678,0.03251984085836945,2.122996791947342,-1.4873928787475463,-0.04647020765496401,2.0176928491158956,-1.3195674806390167,1.3072138482126092,2.4085534224624663,-0.6279552801820287,1.9386557475806896,0.003232837436410327,0.905881697431834,-0.04447604872445335,0.7213887254080364,1.5681252824372138,-0.8007929874855543,-0.3255958695460652,1.2988281270183801,-0.02756049748919806,0.1818331788933898,-1.2773573421531865,-0.6660532715392316,1.093404709369306,1.4523168475418022,0.8465994820774835,-1.1631123372535452,-2.4710808439005314,0.1275552639811204,-0.03217817177991675,1.0329159104579444,-0.8604885511290453,1.607056278078552,0.43808805887585056,-0.9014493394763899,1.5113476921719668,-0.2621198022438256,1.01590163472663
-2.68785346188758e-16,1.0026158136094432,-1.6598069452094486,0.5151872250611081,-0.6767276742375034,1.805386413052772,0.4366158970369185,-1.344551304802725,0.9335412254172957,-0.5220210790690551,-0.5092283696220643,-0.6822846884478173,-1.8228567045969006,0.6197416793483056,0.9896145943717002,0.0364640626418956,1.0941882524459816,1.145742960004449,0.09861265702085098,1.2280967035290427,-0.8465763500450403,0.9443921615687512,0.582261003855715,0.6673351573328483,0.6738715363232347,1.1850239663901785,-1.4461378574296533,0.5619465274381658,-1.9356360025652641,-1.0603980328245735,-0.9978234980053401,-0.4716775319171024,-0.8612748709751916,-0.8246192800314853,-0.17285945552115262,1.5893629254801338,-1.2467070576605037,1.38835197750267,-0.6534125195119186,-0.07412605889718175,-0.822153436042299,-1.5811291442652196,0.33120523040896777,0.20478351496495595,-0.5373651892437166,-0.8823513234885454,-0.3363522352885032,-0.6248160004142677,-0.31886015201080065,1.6430494975002745,0.4999897639820726,1.301805746569826,0.15602911600950387,0.6433019241633399,0.8848017857265906,0.880535379957037,-1.451138294833545,1.1528997351328423,-0.6019310195720229,-0.3986015109873956,-0.37442087329319873,1.3622559355296882,-2.3203360046555335,0.8875107235706959,-2.0473668311058044,-1.45843692914012,0.6155531407394399,-0.14491981446638866,-0.8654082870512683,0.03568083747277011,0.7909302415844328,-0.025921122428017918,-1.6715444993601771,-0.7260815353496123,0.14831289136848524,0.35250664435611834,-0.08414471227885371,-0.7934071059831607,0.9017175882524334,0.3937357235116328,-1.2073175762452044,-0.08023235979594362,0.6877708791067326,-0.07243433329404943,-1.3145233396720393,-0.7265187165596951,0.8412473076389976,0.3317811100044059,-0.9399303790919447,-1.0490971692038793,1.089501823435088,1.0966083919598657,0.2861833678616382,-0.16010588331670556
-2.68785346188758e-16,-0.31221013228847444,2.3180714157377946,-0.471859043456101,0.9402733542676371,-1.9522055483856247,1.2382869656395015,-2.170001382850262,1.5331161524682109,-0.18961250673831084,-0.18810726288675858,1.6810985018579654,2.663831196120645,-0.7565164818572522,0.45420214081920285,-0.5093201861746647,-1.6382903508718347,-0.25402842347751786,-3.16870694288664,-2.053607509321604,-0.42440135635205833,-0.20047482299547725,-1.9258349123029832,-0.414929985793631,-1.1213571405700935,-0.4795103102723153,-2.180526949928443,-0.4824813441138463,0.34031045034205,0.9925450222877847,2.360494545287155,-0.20639178252480628,1.1687513552210138,1.791521436308368,3.0567229737131183,0.20150324612212966,-1.2827874141822362,2.556990643460222,0.0048324114830904374,-0.2562261717501517,0.2612298045390733,-4.086616028845427,-2.138938893348149,-1.394202518958176,1.3342789792039416,-0.07912378439103784,2.7710936414018565,-0.08461629246836228,-1.643356441706732,-0.18297467676369855,2.8374784110604425,-2.246603780759007,0.35172335648196784,1.0005271138646252,-1.2238522354710728,1.1846263830413402,-1.6010660445380263,1.519671509933961,0.42003248358758194,2.729914131467139,-2.379509756727625,0.6400160213163003,2.142828101125106,2.611415968700665,-2.23762923824392,-0.028814792161297405,0.05322040556180482,-0.7893274539466806,-1.4136954913230348,1.1675889343508759,2.2151549233324106,2.8277101769403177,2.0899625496476664,-0.941552836590796,-0.2819338674410522,-1.6591954229578447,-1.6813548321089418,-2.7853342041633318,-2.951227780990123,-1.8203316084269108,1.480331880742808,-4.840576542127072,-0.42219485788389954,-3.505828159306066,-2.1826288122668,-0.4044448161739139,-1.1879427953447943,0.07279237908352103,0.12951664697509596,-0.8405759078493749,-1.244732859221763,-0.9370742466198559,-1.4654588540815507,-0.7822301761629074
-2.68785346188758e-16,-1.5501270446524986,-0.8061953641304878,0.10703644681872153,0.02936807199101754,1.5086313995599445,0.5250742519617778,1.9614330180130115,-1.0380682441867846,-0.9279129228386426,-0.44248213537310843,-1.0800877159791247,0.6160461960087774,0.5474279409017102,-1.267428272005491,-0.14456412064241864,-0.49644540552092853,1.7681772693317501,0.4103502666740631,-0.6628025090491625,0.9600717987090315,0.2358712123632214,-0.07368471599237983,0.1900460369931877,0.10629621993631033,-0.2870707459222331,-0.5822134457154649,0.771070166453597,-1.7551881664089628,-1.6446407559563623,1.060881772283587,-0.4790292366214594,0.16048516628281,-0.3190404097020464,-0.32488242187578154,0.630406600445236,-0.3473030057911306,-0.09216901312440634,-0.7517038025866947,2.3201222920686164,0.4073249637712899,1.4379133740736396,0.04144602050083715,0.2992116956892129,-0.7232593238191162,0.6357452932550008,-1.8521927353020982,-0.0038743013774154844,1.7584316266138067,-0.14455574544043828,0.1440327825614205,0.3373526746019976,-0.5409798236785107,1.3785078604362238,-0.5213883515724486,-1.0100647321654257,-0.34904459362425855,-1.2934816898154762,-0.8932177972217383,-0.44651683815259424,1.822228784028674,-0.6256623394578521,-0.34237696090174563,-2.0077347310849625,-0.858623947397844,2.3329111559075266,-0.9092684022736975,1.0842919826934887,1.716404983310853,0.01943460479596324,-2.2501182928441956,0.6223305794858432,-0.7472991875350637,0.47692188960616133,0.46932109398661664,0.6621457533229647,0.5923533050110634,-0.8552319944080717,0.6294808266111143,0.16749143211809459,0.4160061825669421,2.945109397087367,-0.018288849103949678,0.2998661288215304,-0.41743274689096366,-0.19674987461455573,0.5967033748291453,-0.2737972013180551,-0.010929311497123034,-0.22350638857392924,1.2885495422219198,0.8799393424268214,0.5979033877542348,1.3848404938763854
-2.68785346188758e-16,0.020548356483565466,-0.8643130866496072,2.233297383086441,-0.44309821276605016,-0.654871408604001,0.7022662774662348,-2.7486435479128484,-0.03680207763116472,0.31060162121050944,-0.45392909087021494,-1.6128737246964766,-1.3853442116854477,0.604714768986188,-0.9466508500489864,-0.22339069747277177,1.820888873664617,1.758836301895915,0.45737926755419656,0.5954733908857321,0.14549494472256322,-1.0056740008746359,0.05357207060294433,0.2961744706080825,0.8901344091879417,1.558467861133051,-1.2589584619099887,-1.2909648630764512,-0.04487448521347914,0.3875894749319122,-2.1823340168447416,0.24485966087524796,-1.2375758952520557,-0.8726883687823218,-0.4688936703371256,-1.3048758449818263,-0.10343815415994193,-0.5633305626746833,-1.7257860680516295,1.0522667862242139,-0.27203498241839347,-0.572130819919217,-0.8152800216731428,-0.5318899600822693,0.18628652025029901,-0.7042079386076272,-2.8284208817615215,-0.8859683008024863,1.6876722855046051,0.7412449091429458,-1.4321038733100737,1.893573551322897,1.2666559699296758,-0.05401434931778722,1.6157531464693378,-0.04165359339045947,0.8433189953642197,1.092984464079247,-0.9284790240571953,-1.3307295049865848,0.3498691491327586,-0.15034582957943388,-2.0883435496198746,-0.7011681542988797,-1.6823059309036534,-0.9306570196051717,-1.9614750553707732,0.48414617330275317,-1.2929173798822065,-1.9117746267662243,0.9473236581726888,-0.4592354432227173,0.5007155638402185,0.11490114595941542,0.5053754599775419,0.9936718385608176,0.7003897801882595,0.5406948572885015,-0.1076307049563835,-0.058928888599307394,-0.13520437143477548,0.4071753427360032,0.32520644776132734,-0.824087644519418,-0.1717241258067933,-0.25775477292878834,0.3902405407733082,0.15371698361761152,-0.4670084350630752,-1.2102052037506228,-1.8280059574651855,-0.6758624634079438,1.620729159779703,-0.1381193615685274
-2.68785346188758e-16,1.0480380338614308,-1.8072484109760185,-0.46897126037965664,-0.11224310619634094,1.9820651491270131,-1.0569114058483848,0.4181741808208923,0.6865569875688121,0.5803213432718114,-0.5780798292696813,-1.50205299928465,-1.1744048607044184,0.354601936313542,1.3184442879902027,0.31688638546584263,1.964109133415699,1.7525204954609814,-0.33841341799842184,0.6532670423015278,0.02849267219781178,1.0531020301646865,0.8604732339251951,0.034750498188903495,1.3253206863264375,0.7926111893911265,0.3800395047868029,1.7320263057085152,-1.6148321207464125,0.2547212245107454,-1.145262595881446,-0.46522039767246887,-1.2997151647339,0.18696638604764848,0.7906512220740496,-1.2584349115027897,-0.15600364401643815,0.9699560292221592,-0.8374523793023352,1.3845583078817278,0.47049259346548783,0.030028252055431442,1.2036385167577024,-1.0853457004664158,1.7171112401842121,-0.3516375536491926,-0.7298110090351584,-1.6241128233213373,0.155670649220734,-0.4148987067639767,-0.13591773084298783,1.46953727850325,0.11952738324263226,-1.2777071928861887,0.6076119016372901,1.9938958128273467,0.04344545730750658,2.127030754376398,-0.7805396742680022,0.1125389382085053,-2.2356920181163944,1.2391986474526695,2.6075991250704247,-0.3620665145796822,-2.232895497684136,0.4972823057690963,-0.928686947214034,-0.27216102931806935,-0.4875064229248418,-0.5679547437844418,-0.366471579619458,-1.260916365270183,0.0821437813734488,0.5802324740548469,-0.125847674698287,0.02365107085814755,0.6393529957606456,3.805355568837821,-0.32337119492686434,-0.9925505681537167,-0.12097728889091841,0.1995146692353411,0.12192873581512093,2.730202431169961,1.2453846954476482,0.6763170384332787,0.9838565810027344,0.17458777246456564,-0.2736156737425076,0.7664174103015049,1.105968848660629,0.2885533931189292,0.4813618930076169,0.9898007916253724
-2.68785346188758e-16,0.4785461854785536,-2.545836034728097,1.179095095629095,-1.4196194754714386,1.4967301765877572,1.025494033900744,0.4504890090422491,-0.5393553470243068,0.115744398085524,-0.6660690116963245,-2.4141947253460474,1.9020778212226794,-0.10267371405968916,-0.3192974787910007,-1.192251848199223,0.18331731752080938,-0.6870387873545756,1.6094514457029085,1.0329026472249858,-0.44510976043040285,0.5016173483209748,1.9080927759636481,0.23302562721620987,1.8893511777969567,1.1427256191376631,2.2666017993981527,-0.48260153983793963,-1.531362375727351,-0.9731698302886606,-0.24173082125709486,-1.2745561006489377,-0.8759319467477386,-0.8833022110869694,-1.609717081172199,0.4216680515908505,1.1358496970739327,-0.49862595615137073,-0.623182907088792,0.8598043976827152,0.011286100529763421,2.666508786977631,3.054094291481036,3.688217278694327,0.40394061674033227,-1.4899539237528807,0.17202651299011457,1.1460994741825679,-1.7046666085182451,0.0999376523874828,-0.04283725506820468,0.15596966667458348,-0.145640269761181,1.6418391346796788,0.20948277385467673,-0.9558712968431738,0.8733493162371111,0.1721936664706909,-0.7994710325673775,0.5066066690761201,-1.613432508621606,0.30064902170173613,-1.3446668590937976,-0.5220575205212064,0.8905308760137935,-4.6531928268043785,0.40424574414141345,-0.6504391349179899,2.7827931532883867,-0.26068281217038985,2.662081057999913,1.4306122940846842,-0.763323611174507,-0.4961765146428436,0.8724747626162435,1.4735603628054283,0.9145339713525713,1.7824726121174135,1.173676342534284,-1.6108328362951774,-0.5699862716880693,-2.005651349294522,-0.5805344061501088,5.299177619657259,0.8883147285508307,-0.4333804394172878,3.054809682039946,0.16864809261150734,-0.27583427554957957,1.4072692506503661,-0.6763890697343895,1.2089604009278379,-0.12775190903847933,-0.10417569019734407
-2.68785346188758e-16,-0.05053773781322896,0.40738163446134773,0.20004277661321285,0.34171919339169576,-0.8096659538522086,0.13040835579375376,-1.4772279710425193,1.3154424983237267,-0.29687674527444535,0.4252459315739427,-1.3401655010797566,1.0900665982221045,-0.24772410000807552,0.11886849978365926,0.15904658514075454,0.4810770806441307,0.050960005724515395,0.08614772403129112,0.2502256357139703,0.38413566665455795,0.9311827919064469,-0.7293495605595028,-1.2202657977972111,0.041713062984952344,-0.49107334703035765,-1.6829519807625528,-1.0626046670691103,-0.6217601609441872,0.4161038792959497,-1.7656725035835776,0.39771751738984895,0.08574215757536408,-0.34013423013482985,2.092573445354068,1.7912631409560855,0.20197082193617016,-0.6378130842754397,0.26418199928797537,0.4607457202830161,-0.2795683647743703,-1.1160403141895032,0.44491004952418656,-0.5662290746753725,0.2062674068920709,-0.3622827284504356,1.2734396831134338,-2.2428377349788553,0.13429531175104326,-0.9325821056371248,0.1367241107671222,1.0107867032423625,-0.23023952704941156,-0.9082935524964003,0.7811116430672739,0.7056795296331899,1.5113292704834627,0.344697500693242,-1.4374699771775539,0.3913156931204244,-0.030217165029556847,-0.1159948043468837,1.152492051613606,-0.40720027435454353,0.12731121382605598,1.0652499411674285,-0.5416769555648404,-0.5769138159866756,-0.04179975680786065,-0.00673975741238927,0.44380358618584215,-0.6994903360244578,2.449399879886891,0.7572626998502591,0.6849908434876747,-1.7007688109080343,-0.4444749341816982,-0.5186640680238325,-0.8839828700625074,0.7777728264613658,-0.2179624362873607,0.4104670386904755,-0.3337093526847714,1.3007774464594706,-0.2200826056791854,-0.09818015597526443,0.036568850370002626,-0.41494462714411867,0.36953042269274144,0.4454294512105228,0.6696484514908345,0.43130737273583664,-0.6119676642367045,0.4790814343470525
-2.68785346188758e-16,0.8783365401727973,-2.789717579247452,1.1114727574133847,-1.1199164342118988,1.3224985507060638,1.5235032648524984,-0.07506315433285088,0.12643539083847588,-0.7036969280924391,-0.05343919963693606,-1.7817208700273843,-0.7377304761854492,0.39505320759154267,-0.4172138257474844,-1.5331503113095193,1.1106672550281358,1.4148628970356878,1.125272622149842,0.35752602563715025,0.2672520244545842,-1.0610937942300773,0.10267417738687878,-1.2826535042675304,1.0888848645370182,-0.23402021425593378,-0.05767051271899875,0.6640668183114339,-1.4802068222005693,1.2917279690124617,-0.9769238244151357,-0.15265800009898634,-0.8139032981014608,0.2208638948170193,-0.6533773597314044,1.2213207468212974,1.3601513156773604,-1.1688634335644665,-1.7735051290299473,0.18401964034058893,-0.5126989274617774,2.032201023379088,0.9247001990375543,0.2389888121521095,0.434001876220637,0.17553197721837233,1.825608326699938,0.7772189522945429,-0.6580602088255146,-0.7709884304533361,0.6939172064665524,0.3466167584582032,-0.7734592595408697,-0.15677111571014038,-0.5906452244654496,-0.9604350271943476,-1.0379193904909756,0.9110342167944749,-0.7160563607509663,-1.5782550748202189,0.1236268287585514,-2.1270300890592604,0.2601009924139834,-0.8582335038563067,-2.2768295172036583,0.2254036217951938,-2.2419752849758603,-0.625240896070215,-0.3609179688577381,-0.13814254606032186,0.31808641639217383,-1.5982233082521633,-0.8353256312464308,-0.3979811025512084,-0.25443502116618216,-0.3569237900650135,2.8392377009439915,-0.3846546509979899,0.4358814596078955,-0.09608255215701449,0.08245778245452165,2.6994805733900398,-0.3588422981224907,0.7251348401613715,0.7186442994667113,0.32691563612499186,1.8648316312211728,-0.3499411126471492,0.38417818911331725,1.429923638930004,-0.12722476622058357,0.639188634027968,-1.1143193515858094,1.194956666642258
-2.68785346188758e-16,-0.6825709795011262,-1.9705146233405246,0.9729098953459113,-0.1791298015581817,0.40293209644438643,-1.190564736453219,1.0998380429426036,0.07103345433516006,0.7282978774385968,0.4648298820750646,0.2813465975884638,-1.5609163612642345,0.46028145895010514,2.548509710184887,0.9549095331507195,0.13800671634499945,-0.27629748462483994,0.5646661453895964,-0.07341156678315991,0.428376506879609,1.7060393573967274,-0.04771956346224289,0.9146582357661835,-0.3981396136501434,0.7570888102084935,0.4538343728259073,0.13504553630031957,-0.8778561133198259,-3.2593685030050246,0.8356471217738336,0.7213995869281293,0.010240322608889962,-1.6842746568676903,-0.49259836568315396,-0.5739225307243047,2.113929914206286,2.5165863401881947,-0.6592025040778579,1.0949047203703426,-0.3700896723070848,1.3207768904571031,0.8370229260023471,0.37023363937151366,-0.5976720832058235,0.19606411902550125,-1.313386979231041,-1.1266229555634086,-0.5289188621879742,0.43686840970629925,-1.5298379906269934,-0.21959671036881245,0.5818390225943963,1.1781352953532236,-1.2273727990955832,-1.6955854941776836,-0.3048464920322681,-2.040656775672039,-2.1233912864199307,-3.032024918039886,1.1926648178013415,0.5042474123717935,-0.02741218422071451,0.007901425201700452,-2.4913092464890214,0.3730937062800016,-0.6725838251309955,0.5349684333957836,0.0693474382329235,-0.11793171281878,-0.9848826352476227,-1.450026192822293,-0.7324103785520434,-0.09237108717598697,-1.2817032636397094,-0.9981601173521113,1.0027537278722565,0.5150701697775143,0.34681613282386065,0.23544808016164925,-0.8513757266584887,1.1123374911578237,0.5237642073589315,0.7325686313897122,-0.6005353196894564,0.16970987699526008,0.8904327872233316,0.0010225992534425238,-0.4759519900329011,-0.5529462623010895,0.39159763819289684,-0.8864841051714097,2.0395786013202337,1.8760553181658732
-2.68785346188758e-16,-0.5260859886213727,1.4756536490136918,-1.1983445148746632,0.7323773791737589,-2.529261810398923,0.2241379667906441,-0.548945172795658,-0.544034879773663,-0.35442223701126263,0.39997471442401406,0.3476249564243028,0.3838268932942684,-2.545631731479842,-1.390649345107212,-0.801518229521858,-0.2206235878869402,-1.908750222023801,0.02841887171495594,-0.46319513525847733,0.7747366319517754,-1.4862612392806616,-0.6240895807681316,0.354677447587045,-0.559431784607969,0.3179805657358604,-2.46380350365066,-0.6625714413841147,1.1581338542434905,0.5058710353248066,2.475559289532547,-0.6358493753672068,0.8973063052665985,1.2170779083102898,0.6481438981702192,-0.2812705320448379,0.7441123625341645,-0.06772658372896884,0.7389663695755446,-1.2701029961918928,1.0603930439219802,0.22408185045310614,-0.6281716536747403,-1.7957243877241131,-1.209303730201714,-0.7824788695004825,-0.7812938654677395,-0.010825991196180995,1.490326411767967,-0.13402084475023146,-0.8425846009356557,0.4134685586060138,0.6842611959031254,0.6652714242010136,0.7401492894825356,-1.3972398881890453,-1.3169947778643976,-2.7876245734289293,0.5648088474753641,-0.754055527244555,0.9284788178683389,-1.945961984618582,-0.9333173599634969,-1.6703542132525415,1.297722129786044,-0.8487072255545258,-0.43950043850578496,1.4260541034059089,0.2976491328280382,-0.1629445119746872,0.35654366998485226,-0.013668974245096888,0.8872654478153041,0.7903292284354722,0.14515700089168612,-1.0755469388887595,0.944559436927723,0.953752074968119,0.4399364034585074,0.5000367375799382,-1.7745141363575523,-0.35066635661083223,0.5497032023869111,1.4643072946369897,-0.45361114315270995,-0.3597834957168001,-0.5301797489966666,-1.0966574082915859,0.3645506527800731,-2.0718557132591817,-1.0184178147339593,0.522982740082653,-0.06173175684130172,-0.6182696797640609
-2.68785346188758e-16,0.8731702248049729,1.1149010361120857,0.3772283567185282,1.2172139552262855,2.409266686878966,-1.2640165764479725,1.330777258466496,-0.26782446962607276,0.4875546241610612,1.3611145350870228,0.0928500900612077,0.6812825364130018,0.9430197100997931,0.5595611294183909,-1.579207255077154,0.06605968446437638,0.5149910740707787,-0.20302083347215666,0.3673113235719737,-0.3745766065642387,1.2045341296293208,0.25067404307192964,-0.020628312946960315,-0.35794806295482995,0.7258214267519311,0.8980476772894173,-0.22593968868356137,-1.2337896653695062,-2.2514912897963315,-0.8159324865463422,1.2600598704991042,0.4921344153791454,0.2152514995308612,0.0830765403952678,-0.33153823486305556,-0.16139502943537923,1.3379187129735597,0.009109538049325294,0.9875596560366037,-0.41378252118677816,1.5997495738001113,1.2773391498986448,1.2520016116579387,-0.6906519140626501,0.7918177438526526,0.5581295832614352,0.43792799680180766,-1.9102718261871938,0.6725227151089219,0.2631780994924191,0.2887547522539322,0.7491195890033059,-0.030241862804638378,0.18698487218406687,0.5625089770404412,-0.9792808406092838,-1.5187887183525786,-1.2285897767133853,-1.2386298284594002,-1.192718350725468,-0.6597372107621717,-0.670187523412877,-1.069913440515961,-1.883183448855442,-0.5126045770321582,0.24882172259547605,-0.4388928985446814,-1.1000007683093154,0.8926546796233042,1.7191732615977227,-0.7049770616537293,0.11678816302869455,-1.8239028824745818,-0.08352564616316403,-0.07715352444296494,-1.141473347536324,-0.7142056071758309,0.14347377491481283,0.3540329573175531,-0.7799347605889828,0.7720778432842991,-0.2247010803075465,0.5316413356177097,-0.11931980767433553,-0.21671478276782863,-0.8083891021484927,0.38709110967011234,-0.42503963069922013,1.0483866748281978,-0.2131805535282697,-1.7119004400067541,0.979971291994381,0.4689183757217012
-2.68785346188758e-16,0.6697667556671655,-1.6648811222939226,-0.06488711313510398,-0.5364582847080857,0.5811761712103032,1.3411555601698761,2.690392786783512,-0.13133869050672697,0.41806051351053125,-1.6518239530351808,1.108509842986794,-1.43452221344916,-0.20087991488449558,-0.05608002049209504,0.5088086223584887,-0.03105571350745459,-1.1936906615819736,0.45570428235116023,-0.13797398607337924,0.07802661350374004,-0.7020865127619708,0.9305268434038133,0.901179341664731,1.1992153386746813,-0.9295172584449464,1.0080005629808737,-0.6137917442771332,-0.00048526592790082423,1.0395017751439393,-0.5658107226881387,-0.7184985991764489,-0.7482336608898079,0.45936229552921737,1.5555623340587466,0.6223530871446014,1.5212762658194428,-1.5050661756241688,0.2686323171100377,-0.7715103516391102,0.7579219352472604,2.4106985431282655,1.7122520536560628,0.08603842425761832,1.2881339637604452,-0.1388488077667942,0.14637521316507712,0.14451064696236005,-1.920831766259548,-0.5943781325387508,-0.9942045862751631,0.31739605723700104,0.25788545025244763,0.0024868263196016907,0.698672850018451,-0.9630493001227305,-1.8316333495965011,-0.6673204493446641,-2.5135942160595155,-2.3384278382944825,-0.28606927185805486,0.19789898202175052,-0.1276034576326621,-1.9672457930567364,-1.1307678744858463,2.187490276094081,-0.9683572759267165,0.9586349297479649,0.8708718288955831,-0.9445299134920162,-0.031448666085828136,-0.9688684748787348,-0.5900154089803655,-0.24604531306608224,-0.4869168634384737,0.45857590508342694,1.8885977522324053,0.5608507353671909,1.58175717004546,-0.17065973014852887,-1.1828893699654734,2.6787014045640167,0.13677365246345893,-0.07634668136842437,2.2509843555132,0.11572083942797026,0.1775226173457991,-0.32328673674070324,-0.898650680815888,0.6729794728935182,-0.6792508199321641,1.3051097203906026,-0.0025968286189171907,1.6211486057455122
-2.68785346188758e-16,-0.7438544234324512,-1.6504329022003332,0.6519769869449575,-0.6653773608038944,-0.3562124615497191,0.2701468231350286,-1.3068424162836518,-0.45683158342739283,-1.0170626246358334,0.24407898046191534,0.9323405873706903,-0.2321840621987465,0.7857140942353411,-0.2408480376164791,1.135216669430273,1.0991765726099438,0.17095288781243023,0.4252904085581621,-0.5567815201068198,-0.07571687493266062,-0.3996152107109242,1.4418024337902753,0.07207371491128171,0.37841005014506335,0.9191250068760776,0.2098151079856701,0.5053081966024924,-1.4511212134438805,-0.4432953882072015,-2.520626877432161,0.652073343827578,-0.7742646477337211,-1.4585630034194221,1.2017946453812258,0.7995106071992308,1.9065625502993888,1.0061597897558947,0.23952490724157918,-0.6040528995525264,-0.35930870133905257,0.31961272252450623,0.49064831718599583,-2.058839347132655,-1.2293196811936675,-1.4394177697950858,0.4222619801508627,-2.1132205599965204,1.2577225935282108,0.12141053498452072,0.684448069438245,1.5499196336694256,0.38172449752241916,-0.944935919706017,-0.29066447330776596,0.15796239858529898,0.2407888643279909,0.45886499523207996,-0.28211935465029264,0.21093789891579073,1.5809306890888246,-0.14820118584376862,-1.5979101926095851,1.0848489009086468,0.263171936076318,-0.7645452743624748,-1.1748427440682792,-1.3578915173369888,0.31760612205364896,-1.0813731608185073,2.160407117521623,-1.1051248920631773,-0.06302982899725262,-0.40401635632215666,-0.6281303002147534,-0.7184054988978034,1.2611630469355983,0.30291310299356056,0.20033183906611607,1.6614294982994378,-0.13529412661725734,-0.4264850299253696,0.26290888511006133,1.2720504550915255,-0.5481633199485866,0.712184886300923,0.8844426861408846,-0.3937134702314086,1.1920530347427192,-0.4989789324113899,0.619126993575989,1.326227968878978,3.951357133425211,1.4318389675694416
-2.68785346188758e-16,0.30772722786365225,-1.2669206806698434,0.08583028885713462,-0.9640018821381506,1.872906218760331,0.46751189088405126,0.6179716647134208,-0.08305527626893741,-1.0901115500677705,0.8855316189347558,-1.893797214753608,0.06980776286476707,0.9842333450358616,-0.7013058743261993,1.4399171218115903,0.5578923292337878,1.7418092325647276,0.3294963413785539,-0.4059892361241746,0.10693944856878936,0.08797504724429972,0.485478856744468,-1.293175412260709,0.9899257034694614,1.062272956990381,0.34805521228536995,0.5502116940703284,-1.5089448068231048,-2.079592956362295,-1.2382956525266966,0.14694386455783248,-0.35365319384385424,-1.5217927077434101,0.16414468215715539,-1.701521493696637,-1.024145578639819,-1.6916780279808326,-1.9030401042981795,-0.3331985845947467,-0.9863160653760827,0.3426808210012797,-1.0538195294240549,-1.0047666499405787,0.7466820531930674,-0.47618258380677314,0.3124924061526877,-1.2205810916982975,-0.5385715950898462,-0.5713606683657158,0.13042974178853572,0.4026931016895598,0.4208413376534409,-0.7821606837189049,0.12577828778143033,1.5224403289428368,0.5999521629842556,0.4816357158209734,1.2044076959106989,0.8596385712881474,-1.1618923475731278,-0.15325722768469763,0.5787324203193718,1.7557800278730396,-0.619552627465991,-0.3766249163269262,-0.8462671661473042,-0.08550345943177906,-1.108284048631535,0.1746620065093855,0.34639572491962933,0.18092693949554733,-1.1410920732515861,-0.49845475793515925,-0.3071707690146731,2.8956772599182474,-0.7493524971418076,0.5549098717305139,0.023262180362446677,-0.654674846542896,0.8599249728443021,-1.8430328443053066,-0.43175883043059365,0.46698137866410416,-0.38137270396909634,0.582694569135258,1.0787165119714248,0.4661451650430152,0.030907353401285198,0.8988477830704972,-1.329912700662763,0.5962127165723669,-3.3337027593184665,-2.7757617431778536
-2.68785346188758e-16,-0.5169921019245816,-1.4228101900935224,0.04186964765883605,-2.0669739895921557,2.252842122404362,0.7935221118953127,-0.4322750719349917,2.547931839144586,1.2557886607345727,0.6245212174073811,-1.5430695083972585,0.8107226557169636,0.7804952386518961,-1.059708325601966,1.0154711964627279,0.5396804754452454,-0.10187712640579993,0.23279227313295048,-0.7286222484778286,-0.5162195204154213,1.6673116853398118,-0.50843943430501,-1.7951014869275503,0.007481875732230692,1.322867872162868,2.189693503238371,-0.010468276772061552,1.2702562702370417,-1.977770156005331,0.5325070112540702,-0.41253900865320187,0.18185061382283307,-2.6199434096447742,-1.3772536573968233,-0.25429241574115047,0.5942202898539853,-4.1865454455648425,0.055702202597135875,-0.037436742781696175,0.3788804194436065,-0.1723623446726785,-0.6424466089782754,-1.0015417846063015,2.8821340402842752,1.3475164205853816,1.1477660972776094,-0.9305784705999105,-1.6570712165877168,-1.2233383938382143,0.2806520829675505,2.1966359904522395,1.9276553077232128,2.069938609067395,0.18766650240155341,0.8801958802097495,-0.6085556773047951,-0.3102771054954599,1.889078724568012,0.9129264335834096,2.1646733123436106,-0.78824031484633,0.6292900090595142,2.501117579548895,-2.3596162577642574,0.35254403966408454,0.3377565475329299,-1.8943505826832943,-0.08523332331831784,1.2239101000676156,0.10707796494423483,-0.7249212038789408,0.23542337769084504,2.064552470108,-0.20051486142981037,1.7923856577842718,2.008306666500116,1.0240918107988548,-0.06698163047381553,-0.9993649769886936,2.325022137442376,-1.630687606504123,-0.08187706992341144,-0.43241505015685805,0.38899668572841883,-0.10405938879976674,3.4658849343937104,-0.28558369341681605,0.30661609681774576,1.651291556298053,0.48746840589267726,1.3552985352884548,-1.4503414445915164,-1.766231969340684
-2.68785346188758e-16,1.1010224913760855,0.4374821540835696,-0.39850157330761743,-0.47960411294637284,0.8028278189287855,-0.4553349945558646,1.487357833028082,-0.40632744853993474,-0.4375377959127097,1.1223892148819217,-0.19310711571272493,1.0958878531956202,-1.5910164904032391,-0.7193247394539504,0.6863142654961771,0.02782617468216081,-0.6010898350786346,0.5012799257263889,0.1520651878075148,-0.3496293731753742,0.5856722867410029,0.27708482097811327,0.9033679783801742,0.8113981260780856,-1.2455192580304333,0.5468605108156356,-0.2579999003638123,0.027640121295260972,3.206331282879356,1.6783515782854885,-0.5892270884776796,-0.37058205091668944,1.284442516775142,0.6426228654615627,2.4293783736579835,0.2768519871578381,-1.374559615931012,0.5707012499935593,-1.3543754194165558,1.0378777914191204,1.6350299882597037,2.0091201777948484,0.31321978912010295,-0.27627783987956395,3.0420600751532274,0.9806176890211497,1.2940972614200548,-1.5396804467338572,-0.7016621499158947,-0.8133524529806428,0.34586781961746293,1.162462372837075,0.42462680529793717,-0.17471307512815143,-0.20787240558489561,1.3499939029548749,-1.1613268981609681,-0.29681342857615084,-1.9220284903987723,0.7260773991109643,-1.445915113437509,-0.14501459459878902,-0.3691581012178258,0.9624723315813991,-0.6258219118488396,-0.4047494656257721,-0.37883683791209966,1.4469124888338845,0.4226684160447094,-2.0065421875209046,-0.503796408603653,0.7206441684738454,-0.17565379028660083,-0.14953672393803702,-0.5971989883244746,0.9362680796361528,-1.1832080982850268,1.11272313454225,0.5494319953558161,-0.20372383697804514,1.2011760672663274,0.04507448507029767,1.5169612301010904,2.298921089893528,-0.07454968856175993,0.21351677076425202,-0.6473983796826572,-0.030704218998161115,-0.37774998556878425,-1.107684725417498,1.289113878622893,2.0695357377522265,1.8587786278076914
-2.68785346188758e-16,-0.291707364141238,0.143693403247935,-0.4465410203575988,-0.8615127052785336,-0.05204658909692711,-0.9325436812866781,1.4710985251135693,-0.39573854319274104,-0.4356157177604343,-1.4109998844310159,-0.38698430547085155,1.4548128808591783,-1.4962500337532523,-0.9785332287364541,-0.49735856184557214,-1.211318660483474,-1.0623764361117356,-1.0239734134086589,-0.25206923675853216,0.30410305637122387,0.1554995896837822,-0.16760207376307756,-0.4480385695892659,-0.2115113421836795,-1.1791442620766297,0.5559469234740633,-0.7022188656880225,1.752267748061075,2.160383250222056,1.365836711561098,0.8780994406068916,0.7558092003681909,2.0510878095882523,0.7477858967997488,0.612211529830109,2.3226497473367376,-1.193305832559332,-0.2611773349689906,-0.06630086541753677,1.5921490951939372,0.5538986818466429,0.7380650716192083,1.4427860803676145,-0.7348268787762808,-0.4164030283954562,0.46367744054659393,0.243470081999373,-2.131414033057706,-0.49785166979896955,0.3920482637968408,-1.3880785708014085,1.4422364756414556,-0.8491239705583884,0.5404094181880444,-1.5393550219683596,-2.044808734718388,-2.6714375220672677,-1.0624778361251919,0.5076851692392468,0.43202771872588025,-1.6119546186228328,0.20839816548507373,-1.6443774326902463,0.8602911951286437,-0.8558834826921736,2.4823355823590525,-1.1013912907265446,0.7992594321026615,-0.4961828242997925,0.2300418638282417,0.13992393464453423,-0.07957458711681237,-0.585986102540845,0.4792404564619775,-1.259178370830571,-0.10976840347083779,-0.7493396570617674,0.4302026283544104,1.629456691134308,-0.42259365618932815,0.16190163039607464,-0.42291432439214216,1.6721483903054304,1.3145265644057802,-0.03472885454480998,0.2951321684644064,-0.6580682017377967,-0.0750697771458026,0.40234388524002834,0.19103428858820465,0.26392557427865215,0.2709328767846439,1.0731820163398869
-2.68785346188758e-16,0.05627443955964981,-0.201961854708456,1.3219009408173277,-0.6624539730810038,-0.7501958690456535,-0.8913265567258336,0.7638141479115076,-0.6492062339847255,1.1799872770666928,0.37828820593095036,-0.40152908256385234,-0.29375438141196175,0.7704017217765887,1.0846927552719872,0.230287486188245,0.5412806301227834,0.20379450476349784,1.9979631203611712,0.11650464294551982,0.07078641409707735,0.10226308521133501,0.4801899622833151,-0.26247130671824526,1.2775315503359432,-0.11409319498042836,1.3266081676260666,0.1760761309266316,0.478864912673304,0.03851732939432673,2.436317540969706,-1.0220047596263768,-0.6269587443160615,0.12447078549050791,0.5619814261859614,-0.6267264475178662,1.7214372854811129,-0.8542829105638425,0.19887061228476707,0.526313415969244,0.06883571122557619,2.3441734700368557,1.2224023624480636,1.9798454956299443,0.924798270957828,-0.24598843283138333,1.3563352066313992,0.6112320775786961,-1.5897266727717816,-0.6972741490474264,-0.686859701002448,-0.33211083503027117,-0.6657244179415749,-0.7551672430792534,0.6536330934330622,0.22626283509405132,0.6749652198843195,0.9082617296863975,-2.8467949600733173,-0.7914695510631253,-0.4538288023809789,-0.29456645118256053,1.5599131841229794,-0.5066037862078918,-0.9382844086836939,1.511996836081409,-0.69314935355257,1.8455948673032685,0.42764329106648385,-0.1841059835093737,-1.6454380118937664,-1.1069200057721744,0.844295114071935,-1.103551386636236,-0.45583646030142655,-0.06475532576457477,0.8667044487405675,0.058307866202801095,1.0419574092976345,2.336760518540668,-1.0667637212482428,2.7229214311846293,0.39150350313877585,0.9799556838918733,0.7970100136829443,-0.31261509435719115,-0.5223473366388341,-0.08112927713702762,-1.123943021861334,-0.13121311102958189,-0.8788282134332337,1.3997678025080993,0.7779251789800279,1.3867552472484435
-2.68785346188758e-16,-1.1683379917022345,1.1208633097872096,-1.9749740657295947,0.09126661571869488,-0.5314827653363148,-0.9461942049970368,-3.318530318766089,-0.2628158938288879,1.2375004624129218,0.7046148155633136,1.6578406690238363,-0.2590008214582733,-1.204939084850087,-1.110546297653477,-0.6433654802602188,-0.5778879665634037,1.0564431201550786,0.18188730180291057,-0.16819205723063047,-0.6750297257548054,-1.563302494471643,1.002569539180105,-0.6740874624737059,-0.17260797669548042,-1.2467257851799922,-2.5221176443797444,0.9945641536560075,-0.17531478427153913,3.6773596550483716,2.105755576525418,1.4767198362209153,1.2468583783450193,1.8333480442542882,1.2386763305219401,0.4076455462124454,0.7216125469511875,1.5117687204849757,2.2256324037656805,-1.279136343127645,0.817966070819613,0.8339024131370093,1.5549589556790442,2.285328879507711,-2.3590275927645923,-0.8626143736533309,-2.1910906899936275,-1.1301426210232917,0.8249233951041426,1.4560896726386183,0.397194447819704,-0.5943188075402241,-0.5472275830215731,1.3004627334460195,1.5263491541899725,-0.7877480466618001,-0.17584820840197304,0.3683672271717262,-0.11221821320260794,-1.0707785051285414,-0.3106300563112463,0.55462561565191,-2.022508690940036,-1.203509038106926,1.0571300296055521,-0.7215003816256136,2.0083156122114656,0.8593409902949666,2.3528709801177543,1.3399652611785604,1.5870904916876096,0.7978616855493386,0.1255199440413115,-1.5210419669102913,-0.11296054277542189,-0.5816814625407128,-1.0626948584438671,-0.9564724518393931,-0.3025503219467105,-2.1582839002768126,-0.8116853553378712,0.028698081099215234,0.23661969142225125,2.2254137102638833,0.6627063173798697,0.7269460144747755,-0.24679580694480852,0.7705791115766195,-1.082276521669472,0.1927643909844039,0.3034754809324942,-0.8324170322962707,0.9324799284245175,-0.5726942334031542
-2.68785346188758e-16,0.025250474757878626,-0.057991817750063165,1.097875032925053,1.322120213129138,-0.6174839969304529,-0.03165315002085075,0.12274977769751308,1.4320581732979942,-0.7094600242903856,-0.32574805396355244,-0.8652584016019756,-0.25606239445496487,1.5113394541791716,-1.4428496356289604,0.14347598686122845,0.6640549152529356,-0.19424000186891466,-0.8776085108978047,-0.21409299046270258,-0.02464078098373603,0.066375744105891,0.6954386419253847,0.44617472164425326,-0.06446378047531198,-0.6098496933947193,-0.5966663086197929,0.6951745160339262,0.6800307186486286,1.2739951437097257,-1.1669930923699834,1.0275865132150837,0.675405663770028,-0.3071631787720189,-0.6142298664526576,0.7252365064570714,0.9416130719937217,0.08005998136101389,2.574678151778039,-0.467197093536572,0.4989789142298729,-0.2169021164133166,0.7727159522951617,-0.881850056737344,-0.23264592594105427,0.8136197622321484,-0.5183643588804869,0.2673027462531042,-1.214710481107822,0.96731354061556,-0.04595688326487335,1.0670735525698338,1.7041071578340299,-0.7357719526603783,-0.37181466421444304,1.3269783215289992,0.512601377784507,0.3137210288480641,0.851214253704078,-0.3601641769979158,-0.5530290726539523,1.2785076292902788,1.0839638599892665,1.4429320400193186,-1.1151240518072711,-2.04924842532805,-0.6131434494964274,1.3481584469015602,-1.9797607549365024,0.6123241993927139,0.21411184079836076,0.528038800385336,-0.9425007397017637,-0.04964745842578899,0.06380274238377377,-0.13347469683285373,-3.286810656569961,0.267465789733359,-1.6396933340541868,0.23744707970220744,1.1830730621383885,-1.3208514472360064,0.8347555479752347,-2.4168678310439393,-0.2306410826425137,-0.5613023532585527,0.925145468998038,0.2150019101183629,-0.9774534111516369,0.4873073181987229,-0.8963051870420626,-0.24313805077618034,2.619721602932377,-1.531904721981097
-2.68785346188758e-16,-0.1352438337431977,0.5662625229195566,-1.7838841285066316,-0.20615330917874097,0.27043579237417736,-0.1030189284303443,-1.3482274892521797,0.8973734827153987,1.5393656084101504,-0.6924147305805576,-0.7273721279204597,1.6203505881427154,-1.6709680830247673,0.7242828120995406,0.779712103977574,-1.0291525408178666,-0.8396288560927554,-1.235346094090885,1.4970065931074634,0.5108930749031004,0.4150624613151041,-1.019478246619691,-1.646175287899193,-0.750656765475381,-0.9412069422476904,-0.8422242448245576,-0.44519873357318773,-1.2472638204977002,2.1344919412303693,1.2379133937853926,-0.7737159627357665,0.9767042128676044,2.35672480049342,-1.2247959283592338,0.6768421576839873,1.4472603820981198,-0.42280644844906884,-0.23665715938767107,-0.63278733707834,1.9190031944255415,1.3839665198615532,-0.015483357358751726,-0.4316830461420582,-1.618369314129497,-0.23635070323698704,0.2757404486632077,0.8649463023286613,-1.254100746399084,-0.5195195151681605,-0.182632999119608,-1.2477969853912962,0.9161263596906906,0.36191936602508823,-0.6152193404182164,0.49971435126847585,1.2872618032096994,0.2871771464484352,-2.1950956228668312,-0.17750304675897688,0.5748875234504038,0.5559443328834581,1.1094883879806667,0.17372299814361875,1.1236250143036197,1.3050221779437936,0.05072266314557239,2.0638566769631073,-0.3478847275876845,-0.006136176017885409,-2.0096607029010665,-0.7655915706509737,0.5131040676541263,0.23397757903873617,0.9830553738314427,0.5984219790483385,-1.1296208031127097,-1.1113259796931096,1.3094300951393483,-0.2835043229704381,-0.996417214270073,-0.21329019223308168,-0.34047839601279173,-0.09786622674286313,-0.37048339273882336,-0.3981048952999478,0.19029865617465114,-0.3192061966557355,1.0477229083179482,-1.684937966283993,0.13312555616854516,-0.1430533978075147,2.0462242917401374,0.5325712376143338
-2.68785346188758e-16,-0.8805426892666522,1.9030615444054093,-1.541672085095311,0.8462077772348532,-3.0316060915656005,-1.0197892756569695,0.4045612150797886,0.8487106142166507,-0.14410145419568837,0.2666555265497755,2.2843017369080103,1.6318863064391849,0.6085212295169719,-0.34310460401064247,0.4072001378387019,-1.9243970818445073,-1.5650198473094636,-0.1918786161988506,-1.5538565894845708,0.16401166683931384,-0.8560605637594991,-3.6331188757404522,1.5957193675317531,-1.337579409517083,-2.2383395101343817,-1.5734774936116387,0.35594406753509783,1.7206358343823422,0.41079249925008265,1.244449895257929,-2.3188982612686972,0.151181396275402,0.5332933525164408,-0.5020600505112441,-0.936515837742715,-3.1747084697996524,-0.6940205389032219,0.07712795569791044,-0.5545485352381315,-0.28391206497245214,-0.10424397808919372,-0.8649457023871516,1.1871986701918784,-0.12284077855746489,1.9193543168696678,0.6528636972515536,1.1004377712564808,0.06241635923396612,-0.3919648651431801,1.3770903265800543,-2.7556237868033993,-0.8816986900985497,0.6678978063020259,0.25376937447297837,1.3252730848944505,0.057142480351402784,0.4634873693504624,-0.8350288361406167,2.245478688854842,-1.0474511293592332,0.8046366907879032,0.2925224889913606,1.2532072749531609,0.8083798463614061,0.7905291162167007,1.0743700941144663,1.6155260394240398,-0.23554169192459945,0.6732351947449912,0.2820435399232544,1.3886203953160607,0.5021659588992649,-1.7351425226346715,-0.7593343952757351,-0.585909816372078,-2.4114276595914843,-0.5438683149941599,-2.7912085083550098,0.4296054307862842,1.5141762540777037,-0.10518351767160106,-0.028263965466419273,-2.74376933919544,-1.2718347303065531,0.09919047204254802,-1.5941889227061576,0.09394972118065864,-1.8675184469246133,0.25938077449535707,1.277109488262744,-0.9249797600537658,0.24118190247905757,-0.8282435713648528
-2.68785346188758e-16,-0.9733195914663241,0.2498236231099064,-0.19256984627848364,1.0769377884036186,-1.041289300219437,-0.9640988394144034,0.10124168947290213,-2.383234640629921,0.5802281706671508,-0.10098551542398071,-2.894203543826459,0.7803595391104148,0.1377567403303782,2.243925765048567,-0.803348484718961,-0.8645674533717442,-1.0605324449788551,-1.834578907889919,-2.113928989521491,-0.7804050360581,1.5342847761750447,-0.8919701663366169,0.6611242085288724,0.5716071504414951,-0.7933083358406845,-1.0871429477094223,0.08983006660184935,0.043249326615535155,-0.055148392958647485,-0.07841653771661786,1.3195202502540462,0.9870390289226636,-1.102170293021703,0.45084718225746584,-0.24878532715174922,-2.5098072986311166,-0.27045661090907447,1.039819884701326,-0.5515152288617564,1.163721475624397,-0.10422533742564821,-1.353028234856401,-1.4787883710092806,0.15272760655158146,0.9129044575780485,0.22055520747934698,-0.4468257591887381,0.582584540225441,-1.0006091715882062,-0.677998637122621,-0.633240932569715,0.002197571153683569,-0.9483067877856438,0.5458429969274389,0.049987804430603466,-0.8656394981488225,-1.604388330313641,-0.38270803606060455,0.33428785153351626,-0.41481405522057513,-0.3432873552758344,-0.1253321205763589,-0.8680192500320973,0.5815244187000715,0.8147109095627373,-0.17945209762393327,-0.3288232565608547,-1.1416470146547788,-0.8284449359400586,1.042042914485364,0.8004526116528865,0.4140668300422303,-0.7371203649975989,0.34897005301143713,0.6091145113104199,0.5808742913511571,-0.379776544612927,-1.6404864810113886,-1.930157129527326,1.8272588445770763,0.4177836796753565,-0.1245005634210777,-0.5165156916627653,-0.7357671236470963,-0.11355833528773804,-0.7107099243430725,-0.9583354831063445,0.3171135878835539,1.2115710323294488,-0.6093432672976209,-0.14365491628711763,-2.067422714291674,0.5007587729427745
-2.68785346188758e-16,-0.2686113172482325,1.8740605655515812,-0.5696295304076792,1.6155762712184016,-0.36046864002934154,1.3896314881218272,-0.6370892590866746,0.9150049135665741,-0.5734215659012007,-0.6077431576175315,2.6886901848299467,0.34637480312533575,-0.13018852406198866,0.9011627450606163,-1.136588424414178,-1.632231080478137,-1.8371163870180403,-2.2582816843255746,-2.7087953053925995,0.2193151434845015,-0.24046176365325134,-2.6035290200977084,0.28742318946642365,-1.530575425162701,-1.5519548240906271,-1.247018166528596,1.027280624802364,1.7053062270365742,-0.4946491925205471,2.1143494586462475,-1.9822012726809128,0.13403463510961316,-1.51495706462387,0.19749878484417055,-0.6479036857964406,-2.818987409590669,-0.22321715644311843,0.3812458608261386,1.0827842773167684,1.0880248669311556,-1.6666310537195503,-1.56919771945456,-2.073459499902733,-0.3437245999587861,-0.008202489188867457,1.143767374761437,1.9159073781241047,-0.31337091307346315,-0.44652934450143156,1.68461398873278,-1.1523910010244907,-0.7748222283763969,0.9775656005022765,0.14236159338830426,1.0779135730359597,1.985107541808574,2.778312857361106,0.10126400179824113,4.039175461558296,-3.2540426250011927,0.9135975697970886,0.5743956976822648,2.2013135257748457,0.6281992383362844,2.282180758346288,1.099265796137181,1.3514856494902998,-1.2161189872396905,-0.9909862199597557,2.4310609342336686,1.312520909829305,2.536486780472522,-1.0654305486760696,0.4746645093226404,-0.9057447852882902,-1.24864645385174,-1.7435123065044573,-2.3457936661061214,0.2430715506975527,3.3413329194348114,-1.0371963866067822,-0.4838827603301361,-2.973195922191801,-0.9852239891963139,0.12334439916827947,0.5002024451253857,-0.11472476344340148,0.8222936504799957,1.4897436036414424,-0.8076436920318963,0.05373817756576188,-0.8039593750426386,-2.881780681747866
-2.68785346188758e-16,0.699540916970054,2.1765027202072225,-1.2752859547080868,-0.4624642975720366,-1.1767119249789726,-0.022293096850184237,0.8978061962781889,0.12369508548046448,-0.35283237027000225,0.4024780532267591,2.280803186601367,1.759921879824463,-0.4926151192675201,1.365162587843066,0.8044303341494418,-1.2096859955579633,-1.4105067382318779,0.146280171443248,-1.0960790148359612,0.12405640986708519,0.7878444485310999,-3.0128798860417025,-0.5822528876541734,-1.7022851423953624,-1.4258457770686381,-1.2466222416416801,-0.2629610868658914,3.1970287511692312,0.6249175612616398,1.8197523537345481,-0.4072664024306647,0.8569688837758657,0.5474682235137671,0.6126969554899242,-1.471321794656598,-1.558046925822402,0.6742802088571029,0.5383428958929677,0.6337600463697175,1.1713072533784885,-0.3013013210353658,-0.8188531129012959,-1.2956280874949528,-0.13299930408094723,0.21611081523223508,2.1756817207421872,1.0115768709200563,0.01748651299135151,-0.2762876253270444,1.5897312126527192,-0.6120075785531859,-0.4151653222700652,0.4430653983391035,-0.24396813035508064,-0.10028973109092204,0.9970833729167253,-1.298934060638811,0.23643612152458005,-0.5244109553543641,-0.640331212041847,0.023402678627775647,-0.7024276089934547,0.37174476759490305,-1.0606244922839592,0.695607999934613,0.8825673034330856,2.032101526589775,1.9159914476360018,0.3999451337995788,0.4993444313258237,-0.0602537003703118,0.24170274832910332,-1.036931080957771,-0.8827109188883407,0.6373513208373375,-2.110464303220114,0.21329045830962673,0.7230906770180093,-0.5266580583593016,-2.310384527663129,1.3237331516565003,-0.40748328216531166,-0.22202940200527466,-0.3483854182626633,-0.11457364711800452,-0.33211271238928675,-0.3120179219298065,-0.8263413099574395,0.9443720586249577,0.06839728726383698,-1.3562373110780226,0.693649123182589,1.2481705653109256
-2.68785346188758e-16,-1.7675058974019078,1.6885094143859682,-0.38031668188695256,-1.6950997905766707,1.8168536599002285,0.9439492039503646,-1.0244700311880686,1.3729869641701675,-1.0594093121564871,-0.6137484892362646,2.583161360613019,0.7119857651918271,-1.9454269705674605,-0.16697408440856593,0.03686346865952746,-0.7799965230845328,-0.8754623656664715,-2.0724501020303503,-1.058314658299842,-1.2152768941983196,-1.2827520042055802,-1.5114989851322695,0.5852461418415391,-1.4177024479551235,-0.7289994729382188,-1.298796471007266,-0.16906387673511641,1.5771694343908234,1.5371124512741456,1.2630469062444687,-0.6066611428976385,1.313143756063193,2.560003081469689,-0.21145549500650374,2.5048549407500467,-0.24783139815267996,-0.580115678889909,-0.04918794520171513,-1.747982808274317,0.6031255654595591,1.36969222074771,-0.5061907553048417,0.6809015710858385,0.10245125205080496,1.882913570046065,0.08639167269065051,0.9758668553349827,-1.7603320415774493,-0.3189172025650226,1.9237122568610334,-0.9615093738636676,0.25571807203255653,0.4171362466425781,-0.1789378031772064,-0.2909565279820172,0.6896964982870388,-1.45893510744084,-0.6245416869939917,0.30238110348213315,0.11009382750216243,-0.23322899318923568,-0.38879932659106514,-0.9307105374680336,-1.8268291328207475,0.6552875282206857,0.3518425514032788,1.078370580643161,0.9919489242054206,0.7851154206987083,0.11212467112539093,0.1398424065824847,1.2035163478267394,0.45854779906132925,0.6615323867011563,-0.2490130395095589,-2.0935029499147664,0.1757192462809729,-1.5611532146531157,0.024748681606755807,-0.3533666068162471,-1.621032294016831,0.12662512699138587,-0.9899264428611687,-1.1028701599677175,-0.008011349123026474,-0.8853454969290704,0.5702965240359226,-0.7739127313635387,-2.1405536555198768,2.8570522016543265,-1.5523232627224475,-1.262590110899164,-1.9905117101508527
-2.68785346188758e-16,0.34949171483371005,-0.23514503132013465,0.048864100283780854,2.4670542610028474,-1.8477315424034664,0.3612000233589578,-1.6896754364281612,-1.433813699719161,-0.38334960859251044,0.20368084875820458,0.46543225026204216,-0.7231861151301939,1.0640959581891258,-1.1646530886065956,0.0806164614804366,-0.2184120447263303,-0.5001792858824502,0.7787997200465794,-0.6300950911843839,0.6131230995473067,0.1332184128054569,-1.0461325807387867,0.517587992608807,-0.03778007264034994,-0.14985507076330995,-0.7476917844085278,-0.1264310275841534,-0.14937965455333774,-1.7471963009387605,-1.733491579552434,1.4084170983668685,0.7461734755141023,-2.3252346111217044,2.4030954541988088,-0.1988715678578582,0.08006591915389782,2.149626708504212,1.1518876311262147,0.4193326596846188,-0.8518928519120994,-1.0520129210045142,-0.10825759948637989,-0.44998159929657466,1.126348186449784,1.53376277621242,0.5420911155830673,1.1299216236236316,0.44507350653797084,0.25808481719801,-1.7808839305602533,-0.39787888703868823,0.2076597445962227,-0.21497235582265867,-0.12744827953012167,1.3597733827374499,0.4747782090594116,1.3121697652163868,-0.15884370621472743,-0.34233461982627655,0.5748527213405434,3.2898083628829746,-1.6589555264499953,0.2730126614259776,-1.8450030250161373,-1.3707102028337648,0.06791750435836708,0.3415423889107929,0.1863989385212424,-0.2562960539669001,-0.36824364846859503,-0.7360134345886592,0.40190557916368996,-0.6580716778889539,-0.7053608244384025,-2.5764602407323083,-0.7183635268578908,-0.5770765391474962,0.11735094098152486,-1.0420105055754598,-0.26486741873307773,1.0907989386629935,-0.23849694887455483,0.5729331564532053,-0.24306305404359912,0.6829878936542313,1.5605277310457877,-0.9617850503616938,-0.4339704269966847,-0.3144008955679159,0.6229046936090076,-0.2828827708245931,-1.3165842964634824,-0.01905361951543194
-2.68785346188758e-16,0.8717990360022181,1.6216976386410547,-2.3530483724757016,-1.6892392944451897,-1.5858452322575531,-0.36985921430471685,-0.5265526827516078,0.7755293491291464,0.4205699782109441,0.2956843249073322,2.4880302263346485,2.516117202983964,-2.648364096655626,3.5629997397972675,0.9964281770722098,-1.5213782714113124,-0.5383117912747366,-2.0577575619183457,-1.7343345168124773,-0.32267536446275397,-0.33271502470832354,-2.180397559448935,-1.3372154749219989,-1.1461666748972326,-2.2111982169353923,0.4857588858153714,-0.5761042930258905,2.172899104964574,1.7286253837475043,1.6197075119853555,-2.3334738847287335,0.12706811165951865,2.618466166501439,0.15518331717424982,-2.803577161138308,-0.8768622568096228,-2.6201300751121273,0.7438800306741848,-1.1740735844336172,1.420000967867989,0.14509798723712403,-1.2108725987769766,-0.10763745070733144,1.159157305013366,1.669489832841368,1.6005621719939225,0.8276567925706035,1.351807459896814,0.8916764123920038,1.235340245649433,-0.8602949556190593,0.9501286754056185,-0.9542960220660424,0.48576489440478215,-0.10543619242675273,0.9137622999284107,-1.727093093025954,-0.41736413968866704,0.9314198816600197,1.3874024516066648,-1.0167672494867328,-0.6229161881524894,-1.4846740335919368,2.22049584088326,3.0083681470423596,1.9650923859964595,2.572540194199151,0.42521238644398274,0.6050385145969706,-0.31720609710228737,0.6372052765190857,0.7476515209096388,-0.29062546494342756,-0.41104214767449343,-0.6556207599025761,-1.8354441889063362,-0.7959300226645837,0.09022137545370856,0.8964119547299885,-1.0927794542028566,-0.1961552798502536,-0.07476094890157468,-0.18970960491927735,-0.7136187501750328,0.27163698941936243,-0.5972502798808015,0.6136473626394006,-1.40632513208679,-0.46480805802851255,-1.2036973578873098,-1.037222618815887,-2.2416304196575054,-1.8606151552789452
-2.68785346188758e-16,0.2824413379625843,-1.1148057287071529,0.7518631166185745,1.234874201002581,-1.083647662189443,-0.5808964923022115,-0.010986904024551034,-1.102411374379188,-0.10021549105471864,-1.0012355355899116,-0.7792026422875463,-1.4410791248890904,-0.06824528463853052,-1.1507700073967897,-2.561637589104846,0.5127666780391603,0.6342175095790012,0.8123416114595355,-0.939770829429585,0.49441241835140154,-0.11391265252491597,0.03679837839106109,-0.07753943486138556,0.10239107450393192,-1.4462787427514754,-0.920753108908085,-0.051040623593626,-1.0291906625472882,0.993725943623807,-2.2265387058801775,0.921112924682939,-0.5071854622055593,1.1271804075524279,-0.7600472333151128,1.0272227265164426,2.0419815554929945,0.7747810394551288,-0.0558489288248612,0.6328395436050509,-0.9817307538233568,-2.186944270100449,-0.4867074089287159,-0.31709764381800254,0.6785858044694899,-0.89462775176076,-0.10797486770599829,-0.2325475871403233,-1.2916157207842534,-1.6568068355587622,-1.5118808093199265,0.12456688329858176,0.3557844174727094,-0.615657909702522,0.5134233400946406,-0.16660664914179207,0.5807388803876224,1.1735578646732936,1.4624881096707238,-0.030229263153169317,-0.2583756181978675,0.6230992498369018,0.24153971245325517,-0.3042253668804883,-0.6431292763491896,-0.7860652883605248,-2.3289526959321494,-1.4336357202186945,-1.4471052819434815,-0.16730177402102073,-0.5443599429448771,-0.5911978453953224,-0.1540864502671897,-0.2977111944819637,0.7957787545486418,-0.21581145071580554,-0.6678556948065084,-0.018722456922732167,-0.7306520587812781,0.8309815610248348,0.04669984103379028,-0.6789698317401511,0.17319942177476444,-0.23538297131020297,1.2283253490786783,-0.24039205508323813,0.34194674975448036,-0.2098392566439688,-0.4130548115818951,0.8145313365831349,-1.3024455989630936,-0.2170829454115502,-1.9505273474683715,-1.2995853117714804
-2.68785346188758e-16,-0.6525653219855908,1.4404492889241802,-1.5925791035133128,-1.4831702452631088,-0.9514043342908634,-0.4727218899414045,1.193164183341006,-1.8140936949545134,0.5919680055619907,1.5354844775834557,1.0878944722483777,0.9569946177810086,-1.961982800178361,2.4941183268904696,0.6256756837435663,-1.440034858477643,-2.2004797288919837,-0.05774457522657728,-2.2300159281527736,-0.009030543399470976,-1.539616701616716,-0.16913626244331592,-0.1971827803357325,-0.43897600839056095,-2.346557903038442,0.804346760787419,-0.9662829738348399,0.3115085386095915,2.983789580719171,2.938333293333285,-1.8883245773114323,0.3525022035487847,2.4496204735296603,1.5121421885275228,-1.2001326406277786,-1.6686585597496297,-2.2166191496551004,0.12132256281026077,-1.0462720379242405,1.5824441788106864,1.9416219645702415,-2.0868631344054958,-0.4881911776310548,1.4256208810581419,1.697411682221804,3.661078897326074,1.9957895267887147,-0.6099273242673202,-0.1430414634180847,2.191071550507872,-1.9714601434059753,0.5261018102030947,-0.27338065151009294,-1.5620517754049943,-0.622958670993476,0.9810210900024202,-1.3001646584901776,-0.7720361530237905,1.2079062383642256,0.6793365163769991,-1.16368870899308,-0.13862945840070184,1.0092336952103569,1.1433614248781485,1.4855407297480592,0.20495647714732912,1.9269034446588678,-1.0596539950966215,0.5063596364579253,-0.6252683590363961,1.27945761141555,-0.2266769157207955,-0.8419892824676928,-0.8943890133433021,-0.4771390700924827,0.5878576307326981,1.9018969812402418,0.9845493281188342,0.21510476405186918,-1.7381548599260626,0.9764446980634041,-0.6680320152357756,0.444461934861073,-1.0411645606903472,-0.4545825646074006,-0.3813691072295806,-0.0918362860382465,0.2657116785309403,-0.42912829076316145,-0.8166982989740916,-1.1351129695370843,-1.083475226050409,0.05122027529651574
-2.68785346188758e-16,-1.534467391350664,1.1029055845649482,-1.0817373006070679,-0.6993605405235224,0.4562953177877416,0.11700273667530464,1.43099808158696,2.3568773794008164,-0.1768184703134168,0.20280288338853728,1.5160775871049403,1.3226665170334613,-0.7400727713268413,1.9758800523376663,0.3112908119570202,-0.8134578434655665,-0.7752387119213081,-0.9096299553223443,-1.0830762030679466,-0.16030160229360813,-0.6900307083056904,-0.8844358559784862,0.2528957301828349,-1.6667455077281343,-0.5362220578526348,0.32437816082931714,-0.2372897164061628,0.7082511764695406,-0.16968212034993835,0.44849989653120437,1.4859164692467928,0.9345964203064667,1.1390702027204034,0.9458898376453881,-0.5145148189566972,-0.353096217245662,-0.05836284725102825,0.48684852687335795,-1.770970192094943,0.6647916314427154,0.9337670643773546,-0.047005499528322336,-0.8795940874050039,1.0850729388428233,1.9489905900609368,1.8536390382312904,0.490103040127289,-1.728699900554407,0.4698064574894184,2.56476130645592,-0.835122710869467,-0.8455230998268181,-0.9150509860994468,0.1892688628345918,-0.456832257941712,-0.23621844560052846,-0.5205231914327161,-1.82345654702734,-0.21416479641076636,-0.9333647660675781,-0.26009370932394105,1.3150229549035548,1.0869600493539866,1.2265197126915162,1.25583126121547,0.5064979324797726,-0.20005510803559978,-2.7514539398142346,-0.7393889836229329,2.212616924778536,1.6788422146193263,2.2306769484849163,-1.726320473718988,1.5717922485463174,-1.908974648125481,-3.962690335105173,-1.371464483154103,-4.0474643644260695,2.3075532396152214,-0.7099061450016623,-0.8429619198488091,-0.48959483831178346,-2.0542272151445746,-2.182106599034477,0.0837248802280413,-2.554106280468667,0.12148572304126691,-0.2103511537522469,-1.9219345662055378,-0.8101273562525999,-1.7044703694933556,1.8092822664706398,-0.832228390367135
-2.68785346188758e-16,-0.008753005556208482,0.8927745774777198,-1.7526464591585251,-1.1794642147997896,-0.9368420704240468,-0.5256611448090742,1.479632837982332,-0.08462691313416482,0.2339822774895278,0.529195945435107,1.5068642653511697,1.6480988334788873,-0.30913011083502284,0.1349742962750904,-0.12525025404679166,-0.867953625622739,-0.11725083672207082,-1.4243216866392265,-0.2929901175513221,0.42816118871492015,-0.43259856356215853,0.5436119109606558,-0.19628546666150917,0.5540940249317623,0.6598878657691127,0.12154378435971613,0.1480200570887969,0.6373544598858005,0.787306395246129,2.7064920328923554,-0.6434642370111177,0.8563445434110832,0.7879197849948265,0.4071527588393185,0.9134490143994891,-0.910961004507653,-1.0141584805326467,-0.9793675277694045,-2.3560874874536366,0.4270128756906779,0.6788030460796644,-0.7579471980447747,-1.6616473680799708,-1.3016125261312317,0.11427998856220922,-0.44241307443020916,0.643586149970164,-0.5349575545077027,0.6806076588340795,0.041147900802014574,0.021619463471628395,0.8800099864527259,-0.45417298112305904,0.5341673412668918,-0.18846912069958244,-0.9868998776480746,-1.9469084825795049,-1.4680809037990141,-0.8456746029915028,-0.18900116661935684,-1.0578389939844672,0.4476505989897574,0.236832908677567,1.3504744911805622,1.3338870417290403,-0.057238456322929676,0.8119270040828197,1.1642669385915325,-0.5147725253560306,1.0361183724940866,0.08259112352133824,-0.667600415643959,-1.2281919768237721,-0.7897862332849108,0.5691109380137249,1.7293095689921474,1.4273647090411168,0.5398411356996746,-0.08198303645348748,-0.5360607654644463,0.4402437665460392,-0.1767688385919549,1.60185932893395,-0.5678738023759935,-0.25871387882776264,-0.7692543555913206,-0.0037628413780983316,0.21785464818003866,0.19824350122867584,-0.8353238925718764,0.04793972149774478,-1.1224212703009266,1.4865264733027659
-2.68785346188758e-16,0.5243854288660658,1.1970728546960456,-0.07662849026441576,-0.013223855013352936,-0.24514128953402917,1.1070564566625585,-0.6830929071439245,1.1393834608986115,-0.7416406019228707,-0.2847103949237235,1.527299044011911,1.350971402458721,-0.297347708928276,2.264997267420945,-0.9756849034067783,-0.841075600916439,-1.035807820332227,-1.6511936132744571,-0.8670490020970189,-0.42482741445323036,-0.20293774287699984,-2.3107567708027834,-0.5734784617302933,-1.6998330292177,-0.6967397746959219,0.6242064249024036,-1.0867023362068466,1.8072231881549172,0.35072791138583503,-0.22149782354435454,0.4602262877933915,0.7326374767428933,1.4030202044021163,0.5895557756444617,-0.3232575894843752,-1.112595635667526,-0.8498719315780907,0.7417544333042726,-1.360674758068392,0.11013513353752868,0.6928460021281855,-1.6686975975932201,-0.32562312740237714,0.4449755907751842,-0.2876914840786029,2.1813556084750845,1.848798412591119,-0.5789840499572727,-0.5640103628745183,0.6060027681401223,-1.7679239842246655,1.3484219642977249,0.7336924185424696,-0.10919062236949524,-1.231257145739383,0.9948187267181541,0.8483388973029757,-0.4653367082927711,-0.03131841538912812,-0.806725804760057,0.46235314654704374,-0.957525329950906,0.25831443950325417,-0.08294961915493015,2.4591088849650946,0.8522615195724133,1.8877608782935933,0.4941553293816766,0.5482393891584815,-0.6022810255226485,1.1068957205018108,1.1795756425014203,0.0721621897802458,0.6775938963309632,-1.6713968997110422,-2.330902163869401,-1.2895956475983914,-1.111940876661016,0.33139027251595177,-0.6665569357405953,0.8593640740876417,-0.25947954574202664,-0.30363327686934294,0.40820017423146837,0.07873284120033751,-2.2954790190584413,-0.3659946070827573,-0.28453992470853506,0.5415512658744092,0.28591817558335164,-1.2291190494828697,-0.2276502581266181,-0.6605703084746297
-2.68785346188758e-16,-0.4778466466864773,-3.1724242184245335,0.9340458372647322,-0.15469818404475588,1.6803958052615544,-0.6676189660463475,-0.6959987363951639,-2.4743986612875095,-0.5557052270246804,0.45835452789106,0.7626142672462404,-1.3157126336377634,1.0931605442672785,-0.8245154919652262,-0.3244992226073428,2.241238685750395,2.5370669904354424,1.5716792840180513,-0.39685016165189196,0.3932242176351758,0.5437904350023475,0.5464979622256257,0.8774498784311449,0.8209236272503413,0.048281469000554855,2.252050338109295,-1.067430228029256,-1.7725953592485943,-2.342959520972023,-0.8378333915713941,-1.2405168877419837,-3.6816302195964408,-0.09871232873400437,-3.8182337235726767,0.3569750694653609,0.822214773585443,0.44725802018366534,-4.581666652197266,1.21521009752078,-0.6616199840460983,0.7604143051250971,1.6949412007227542,0.9554239758389,2.134740070447874,-1.2954702719276547,-1.016194117398043,-0.3868983059634733,-1.7465862451122043,0.5472729093580558,-2.799383716921188,0.2106221099853871,0.49728738966826913,-0.5492122878875619,-0.3465540892482583,2.342408671046234,0.5378161612775825,1.3201804287757353,3.203360273754843,1.2601178635690464,-1.6610388381939871,2.844678489583164,0.3647994846008995,1.6451799607954685,-1.6664487935622347,1.0680296582978,-0.1728767382646812,1.5036759839157001,-0.6461921947149276,-0.7601723500466719,-0.8249902891328679,-1.82616206970449,-2.0350964424920153,-1.4449776942590795,-0.7382718421186041,0.2642649169968097,0.8350762468531491,-0.8550507785199735,-0.5860533413998928,2.1623900026815392,0.20346594396484785,3.7230617083749222,-0.6526583028767371,1.6592084619582137,1.1556031273044427,0.47547019583510497,0.8930573850292145,-0.4340640290027202,-1.3343366311009437,1.0186103782930145,1.7031278946703983,1.6718033884139705,0.835456395221748,1.9523831476053615
-2.68785346188758e-16,-0.22546870765072863,1.9925914015701922,-1.454336786472687,1.0183404366207622,1.0343047914755186,0.2912437927394229,-0.012394827016163568,1.3211810706530394,0.8262930960186395,0.03518278350222364,1.138767933673186,0.8552147818040359,-1.9880909198828784,2.2136520592323294,0.055087193009203374,-1.4744224784152413,-0.8208793534811081,-1.5608546495907734,-1.0975945950980932,0.17768719809743763,-0.19604200457645266,-1.718402142484366,0.1888961729424289,-1.3872832830438473,-1.3203939729585588,0.37950708881866824,-0.9508593487610059,2.3718236875524474,-0.11290717432913094,1.791233568328122,-0.16617096665415154,1.2651549444527797,0.7788939764859415,0.2603235116508663,-0.5430881490976851,-1.9367285011193887,-1.656253074714673,-0.31051765098587963,0.14105389022223858,1.1673964678536644,0.03416775604436843,-0.9032356164821655,1.159845987046533,0.9380858191219741,1.1132077367942856,2.556616235233541,0.5905487857601028,0.27229456943324865,-0.1399627790707605,0.48439135511867326,-1.5466638771286714,-0.8236590172752947,-0.2814315766858074,-0.1416876474977484,0.11373525072061363,-1.2246813277260644,-0.0844569311977813,1.1037139720474354,-1.2384300891060889,2.3192827896914254,-1.9770903809200662,-0.2941325454155137,0.49530338979754424,1.1241123733746887,-0.4388781954207433,0.4403031823558591,-0.2956859660579221,0.3590941087966848,-0.07355458487629868,0.5718867280652792,1.4781283535867997,1.2002168699635805,-1.717530492008437,0.7955092377608458,0.18261257861190427,-0.952489843150251,0.30137782491446563,0.14749369032009674,-0.5953894335599915,-0.6339806905065468,-1.2000801125714124,-0.11162503538562331,0.22578436164819282,-1.458524417136418,0.06453315396888473,0.10688316376236162,-0.18672937966043365,-0.8054774797311166,-1.3996010829816652,-1.6165904351258593,-0.6079767075218016,-1.2592111400313697,0.5528432352527362
-2.68785346188758e-16,0.08233904255300335,2.0914438900872705,-2.8856960911828007,-1.7593727000530799,1.3300943745795857,1.4429694785089902,0.8555536611901711,-0.4165658290481785,0.2993107890756108,-0.544100774184762,0.08762732320828337,1.453450249257398,-1.0079746712581534,0.336598634658051,-1.1617805216616433,-0.756069616290901,-1.1634717002202482,-1.066492179144992,0.0659705855405876,-0.8306145486928795,-0.3593099768717934,0.1812882947576746,-1.235129919913309,-0.7140843730446422,-0.7344586739412963,-0.4682025602900238,0.566333621555152,1.0042605864434297,2.0922403310846303,2.5104151483639847,-0.7798196586261806,0.9228808682772291,-0.04250815961995302,0.6290682974861621,0.9506297378901818,0.817615896212304,-1.9541927156226513,0.390807512494746,-1.9168768989382952,1.9705178566006882,2.2970186893202693,-0.7339090172846752,0.4390585375631858,-0.3711904243260362,0.9030262499125274,0.7189029416230169,0.4100018915683535,2.262017728318093,0.26921826132067955,-0.2919574979630867,-0.5985484942987067,-0.4162761445574649,-0.021686897073959523,-0.7879233043270393,-1.1524105668511937,0.05312832728557569,0.8505200362200975,-1.3909931737676078,0.26063234658360046,-0.1433532462071495,-1.2671979873218442,0.5990213630080543,1.3919341264549927,1.8284996544359167,0.7429276470544444,2.7523210759583696,1.297413510924607,1.6927837553017575,0.3097499186326062,-0.10936562678940437,1.129401226585117,1.1598726604256626,1.5281371279425227,0.19694663282772368,1.3522388710676918,0.5230978376129817,-0.4778164981271821,1.3349672275324898,-1.3920463977676156,-2.524654019703476,0.6490065900519257,0.3530933005044005,-0.21062714612931538,0.8454775435389279,-0.06107174736430267,-1.483359114807406,0.6284007156429677,1.6402954473309896,-1.345500158335894,1.4498018825824648,-1.2859128312374781,0.5054364626449939,0.9516686405597695
-2.68785346188758e-16,-0.856815616185954,1.28381496328659,-0.32629726484847943,-1.9297237541831223,-0.9869742820665584,-1.516079405610613,1.011830904267393,1.3705085786826394,0.4035555713968993,-0.43961821105426047,0.9963995610731287,2.0539841130179877,-1.1825971028486264,4.070239246101416,-0.19885486012289497,-2.2551279581462054,-2.531365279734632,-1.3779808070089519,-2.3409919674814637,0.13613518698505708,-1.7604851297057018,-3.2184858141182255,0.8528096150180923,-1.9621623430160455,-2.4586003437112987,-1.2060504413929225,-0.0013646012704252657,2.4120442589689666,1.9820469189266408,0.8814758764670787,-3.138838885305948,-0.8088623138894804,2.1025062553510008,-2.9115484743114344,-2.1420044431512295,-3.620093906042768,-1.4172796827783727,-0.4278066606536126,-0.7096196674932426,1.7500943913570193,-1.100726811290546,-1.8149234272485206,-0.089715524388285,1.908417698045104,2.7031669112534606,5.45601226944318,1.3140287437909184,1.1800021292221072,-0.04788155230823236,2.970940325731196,-1.8551407424569155,0.14582887588891652,0.4222715493472767,0.45216611228562764,0.5435902400928714,0.02318526148467844,-1.5250862460588053,0.2961842029152746,3.328697795836705,-0.9676878167476805,-1.1210196970317423,3.2968424623138013,2.650685342887982,0.05895582696948154,1.850398086445853,2.2380686725602197,1.0294190227721889,0.0892645225292169,0.6604124010648093,2.5181773409933026,0.2410714414354136,1.5566371070664013,-0.8534511979535929,-0.12046501422387389,0.597073429448231,-3.162362004842185,-1.3202765958161446,-1.6425035478947407,-1.7493077674588595,-0.38896141717488913,-2.1535475093792775,-0.8860985080428485,-2.2505301318993007,-2.6221680422020137,-0.1336428850136571,0.0756531510853452,-0.19340779579193867,-1.1269573498255054,-0.7065599736546759,-0.2257302155038019,-1.0375090299118588,-0.7590473111663055,0.012836799286293443
-2.68785346188758e-16,-1.203103845877189,-0.7026590204894244,1.2477844640005906,0.2867873824722332,-0.2724410746803122,-0.30399319872556657,0.5835146543581273,-1.0801953452844835,-0.6956575076181127,0.25928934687704164,-1.1662242104502032,1.6632190539664637,0.37629644915784843,2.042756796061889,0.13364747931563678,0.4618725634661584,-1.0287852883809194,-0.06426128996465469,0.673621165226481,-0.1121676842963573,1.4692439110563895,0.8274271716976014,-0.005661759458660854,0.3039590819644,1.2651742145607168,0.5644822223966772,0.6514587151848401,-0.9916672266689485,-0.14455220770848276,-0.3449263860417899,0.09993089788350973,0.9981486155797716,0.6596372391010478,-1.1508235283410184,-0.606822371581198,-1.7024670620781772,1.3695070999615218,1.9893311824384325,0.6652636507825865,0.22989863457045384,0.9153729453981425,0.25372928327978006,0.1507422084022338,-2.199415909280317,-0.5801300400260699,-0.510090613128076,-0.24985939080340167,0.2831134349589187,-1.4264627874078868,0.6042015804903638,-0.09968720601989045,-0.034692386138102396,1.2420032596070487,0.32461497600953065,-1.5819860934056633,-0.0862591732399536,0.5393173328501925,0.9514252712148676,0.23935225839672503,1.2624009130870335,-0.2214661919513844,-0.2165944119305524,-1.2818143508093425,1.3052277672878936,0.8659396350304931,0.24299086317774365,1.115985336081388,0.45968264497576433,0.17880035692606674,-1.52208067492198,0.3711839038667045,-1.0710442164220741,0.9408897936839367,-0.4419958089155552,0.24887164293435546,1.605199268609883,0.17639538482153963,0.6169178084657561,1.0827911566901727,1.865236437418925,2.740736630627363,-0.21684527425139308,-0.10172709301073296,1.0829694203873046,0.39019462783588743,-0.0873531753334556,-0.836890051866809,0.8925128977527054,1.4986062861852039,-0.16612455598599846,1.0344822570293695,0.8949703462089837,0.5318463326146354
-2.68785346188758e-16,-1.3056459089625834,1.5551869703515027,-1.5259672399366124,-0.3775445733586853,0.8543004121145015,-1.6795305095088393,-1.5965731616395555,0.599063136423508,-1.133202435883524,-0.4602390971001241,1.732894998694707,0.6055222421117512,-1.670686768694483,1.3414680753028652,-0.3057989754560256,-1.205792363605487,-0.7309494055257568,0.5082109578810081,-2.5608839682686777,-0.6184769665365254,-0.6828070477371021,-1.9051321366258356,-0.5699537970868075,-1.562644648824748,-0.27907671583839755,-0.14730222401386883,-1.5858790634470608,0.49849054206837384,1.2851461391004406,1.4747625904494714,-0.9323524605608813,0.5328725121373876,0.5515779421877609,1.4313970657136765,-2.7672609061832336,-2.6017645490597965,-1.7048456681590078,0.748693094879213,0.060983058151916514,1.7125917003031834,-1.879593763566195,-1.1649190984801856,-1.2738617877141771,1.434253396382934,2.084446285614323,3.0647960162402574,0.3524973099644131,-0.05523208102536614,0.1493431443454478,2.3252528843398412,-2.7525569766227838,-0.17491538158610134,-0.8055772365570885,-0.14591390443090343,-0.741605753395717,0.594969487234408,-0.26765855461346066,-0.3653491163668539,0.3747370139548952,-1.3590535778291408,0.977020396941509,2.5203821228174563,0.4994221618831922,1.1206356086402556,1.5678514862443687,0.4938533006428884,1.1312801722512709,-0.9188931729091616,-0.5395865166202763,0.942890373690635,1.3727463644649966,0.21542707659021243,0.044924169032099726,0.203422231630796,0.7498500206017846,-2.002496644076349,0.7354708149613058,-1.690982048938803,0.10732364861281452,1.1301978295422954,-1.585062107644539,0.04827898020599193,-2.5466686290407323,-2.2228063065460497,-0.16300252194585443,-0.10475714893856036,0.1355451387578067,-0.16253647706176377,0.03169787893802595,-0.866805877426456,-0.762516501526198,-0.8663213121145419,-0.7878000457518388
-2.68785346188758e-16,-1.1752993986253597,0.16760585903799266,-1.3551724399861134,-0.8435984289922221,0.2626757685179726,-1.2617774773716852,0.1637124413236287,-0.5233689188365785,-0.09681080542700563,1.1983855930099332,-0.3268876861261158,0.2788816739153055,-0.7079029631305508,-0.45326400762780134,-0.07423963557450591,-1.3644457847980334,-0.6724448337187112,1.1680602462637557,0.2992044972657571,-0.5157179333465881,-0.9398259859810644,1.6120106439651019,-1.241174627994124,0.7721130278247876,0.06158002407891394,-0.4858797160728131,-0.06253298955337196,1.6948514223549969,1.542522755830422,0.9695898319053811,0.3877932981121853,0.34125319104361546,0.7949165286052124,0.4383681833123785,1.8647170869467076,0.6092332789449593,-0.8190914327311432,0.5530403465590886,-1.2365825204636476,1.3542240582460707,0.3194564367676064,-0.698559177274288,-0.5330962362724958,-0.0006195214601223409,-1.5013055894859484,0.5476855310801124,0.4310880147802876,0.774094969077259,0.49999716651057524,-1.1126935798031017,1.8642969758251886,-0.22069145800359122,-0.19552911585108085,1.7709053004725073,-0.8553640665596116,-0.20615511255597413,-0.19377599860269412,-0.6937587740095169,0.8338007254946166,1.3404848637056086,-0.9666868164831575,1.5492874804845727,0.7990864610611129,0.5844797173647776,-0.19508226688871938,-0.35063131605325315,-0.8031978961682529,0.6587851042601794,-0.49852587268021376,2.8139315782222,0.5270952408671583,-0.5946943781145125,0.5326241063084708,0.018760617237976007,0.2779117393715361,1.3295935055574515,-0.35353616692959366,-1.1839040253165674,-2.688727539995307,-0.19230742114692156,-0.949752603374558,0.5384504530345754,1.586921953970906,-2.7490681083402397,-0.0462821091610053,-0.6103118449384282,-0.06399550824601404,-0.210001179857479,-0.7302510810349851,-1.2820189711976415,1.1950081715453922,0.2147044432566338,0.03510716260651592
-2.68785346188758e-16,-0.9336161051422303,0.8607184068298444,-0.5842777051520283,2.137426496517725,-2.559537454164838,-0.8073578595688454,-1.378683196647396,0.26328509906285225,0.7188482310620089,-0.014381270842730961,-0.8824140540169311,1.4936889558423037,-0.17547523139496465,-0.39200089658978954,0.7559684605298773,-0.5067996085660063,-0.8156997699248809,-0.7449954859609343,-1.1937060970135058,-0.041381363108109206,1.1972988840347063,-1.0863023406449763,-0.078774795876213,0.12145122033566297,-1.5442535027518536,1.026294921437801,0.564377633594146,0.1157704135740541,-0.1525459204432378,-0.5830537102363097,0.9034300902051379,1.0042382700889376,0.9334001495978396,0.7088676475327768,1.0468424216240855,-3.045016249523644,1.095584445712162,-0.41590079625979065,-0.017613821426695542,-0.8252998234063247,-1.045898859147272,0.946049340669596,-0.8640070183820907,0.848591437892473,-0.13728151937337196,1.6939767808355126,0.48531494676642867,-0.4226199102170861,-0.8017187221388199,0.3756546008056646,-1.5088079652868158,-1.7626223338731937,-1.0138442342021718,0.21360747928039214,-0.18428573095629963,-0.22217439752720275,2.4184128680703183,1.1855570442988508,1.5638027384773685,-2.0688250884273587,2.540753033020035,-1.3086195543292507,1.1576144978402585,-0.7118712841867973,-0.1366219988248929,0.6494701739884488,-0.5920354709861705,2.524067698580038,-0.684417113306454,0.6305319315920375,1.2823680894718035,0.8593377620526887,-0.3278497196555148,-0.7528821379559614,-0.15736899564414503,-2.0510686303101493,-1.001831527338855,-0.44239487434078945,1.1127572133194905,3.278565655890705,0.7009705897012852,0.6265979756770028,0.8324121821686997,-1.269764745327505,0.011504329270940094,0.38479682396940434,-0.8173671082423151,0.9798330451131233,1.5652787852369205,0.49984389465541196,0.6969502017698923,-2.678532008294002,-0.5552492465930938
-2.68785346188758e-16,0.09302607049508539,1.393040194079856,0.7022246356982638,1.677489022408928,-2.8260889274984318,-0.7187825179160047,-1.7881729537760132,1.36937001443111,0.53586148673356,0.19905109078540492,-0.7234440691997566,0.10880663165303117,2.349985247381399,-2.627631595602261,0.24612908608225662,0.35131536023481147,0.07619968518842835,-0.1074235709625596,0.7132267769586956,-0.2464959110358365,-0.39229940784656864,0.49839208208000385,-0.6778526332752446,0.0017521597394122568,-0.7421204623038153,-0.7384667147196945,-0.7833343159621371,1.6215283934196747,-2.236916885553166,-1.2785113772688919,1.594216180908395,0.591169596623985,-0.44812525537975256,0.20622517321127143,-1.5418595943496647,-0.5453144991294121,1.6347412893092068,1.4863720481020348,-0.26641894454228837,-1.956597428404719,-1.9296824062271805,0.7950761216371328,-1.1001416412144565,-0.6544367388833743,-0.5442968789598356,-0.7067634311703194,-0.7116739339661775,-0.44056811139013596,1.2023184494723707,-1.5154610918580969,1.0786201811881733,-0.8672472138278031,0.35347872437793754,1.1267474087570968,1.1963770871000232,1.021967468473002,1.404258950285343,0.008132989324272144,-1.8970377282278061,-0.5702095203814562,1.411393039296204,-1.0383787841417444,-2.6196093418163136,-1.9320647964891977,-2.5009267154720582,-1.5524625253747515,-1.9320254274658715,-0.8947280651400678,0.7343847167601478,0.5309758522459502,-0.30045683418893704,-0.4777912000880463,-2.2096208695835764,-0.7326171637538832,-1.0236421414692323,-0.5635338575048323,0.013597435743645914,1.0050257243845933,-0.19755327916698803,0.5702954492996599,-2.3169548989187243,-0.3245548021375376,1.5519882941939622,1.0498458240726354,-0.01807713420333396,1.6407077519717168,0.5443538496964635,-0.6413992637597149,-1.72565926085776,-1.139923721042135,-0.3773667348972721,-2.2839355605728358,-1.9274920414076226
-2.68785346188758e-16,-0.10038833044358063,-0.29088618943507294,0.37334179385607147,-0.223922971313342,-1.3649605872237212,0.40805188007299104,1.0487967915305425,-1.97600476205259,0.08639017657676969,-0.47363117182695147,-1.727021589361928,-0.13475519135812902,0.7360996979606245,-2.9870802366474005,0.5857503592383572,0.4735733541854257,0.18435945669443032,0.9176499780287454,0.13203737443808888,-1.6178110238109418,-0.785608722624647,2.4543198134129955,-1.0602671167823314,1.5509516900343754,0.9563507928186747,-1.2336572586018772,0.15903356865027832,-0.46979394476212905,-1.7140067477317522,-0.6081996891306378,0.44727115238657855,-0.7155234679281516,0.40759891818038924,-0.7447037082686276,-0.6540269471255624,1.4261839922286272,0.8180749343549208,-0.1467965789618627,-0.3615480517574967,0.6104143691411197,-0.3184304655009049,1.6229137417336863,0.22896527144554135,-1.0288047784676109,-0.9352113925880117,-0.4687387440028789,-1.8441582908873457,0.582494042016057,0.22950528210843202,-0.2366441217533115,1.6863743127959463,0.24477593095670966,-0.5566154456237156,0.36504795728754774,-2.7639795932223086,0.3164451892110568,-2.8302879266801706,-1.760689216673826,0.050609554821788416,-0.5241517218006548,-2.0213605764516673,-1.6501120023110314,-1.8369293451561468,-0.7320467886153506,-2.630543696140069,-1.0480802709013914,-1.2461334961237698,-0.6729783087365758,-0.4584298856381198,1.0350405733746217,-1.5773250780806776,-0.3076814290926514,-1.0691511744636693,-1.2132005142491855,-1.2601032825252512,-2.469595782160125,-0.5259678839515948,1.396992341241334,0.12633147228318276,0.2125807189930164,-1.5290031995824789,0.7543146329367058,-0.357556421151516,1.0011376665825618,-0.2294628706509261,-0.636006919451461,0.3031582189404297,-0.11240390313850894,1.210283850205905,-1.042008233056225,0.048035982884098674,2.585718366482414,0.09905482461240361
-2.68785346188758e-16,0.1869266490095667,0.8628790900289102,-0.15750429839064717,1.130967412280907,-2.228334708255028,-0.1865944458265396,-0.12205655391707682,-0.441727758725053,-0.08411985649406348,-0.7922712199068592,-0.341220708411049,0.7116706915889581,0.3458914940585601,0.15771654830594373,0.44044856631974455,-0.0845653890405007,-0.39630116300283685,-1.1508136460025529,-0.9439949860644804,-0.3202233623651401,1.1245055298593825,-0.2787250387877066,-1.4851368820372186,0.15662212760626437,-1.1041325383097147,0.8024976388922007,-0.868307507064081,0.18104088785025577,-0.7879726520176502,0.18842865794947405,-0.018150359225248325,0.29833736842368547,-1.0836088297713338,1.5091063378320329,1.1078079805417667,0.3536475391011481,0.7281492916645471,0.36593752194757945,0.7141998959377567,0.1504454917119521,0.4029274385717805,-1.003796510804731,-1.3634181698562144,-0.2147276736001808,-1.3303691439728942,0.42525495421035314,-0.22441492395259766,0.11518377884201114,0.7571053417395903,-0.24393537538971222,-0.23608164603978357,0.4381943032790064,-0.007289349260385318,-1.218061484478021,0.5811071949005997,0.24799369121579606,0.9884284834906731,-0.4136602210369411,0.3397365509324799,0.05661206488427728,0.8779467371193573,0.47203813117157684,-0.2889722152520293,0.985059768378083,0.7977934864327325,-0.12084581793651744,-0.14522156511716033,-1.3233871786532017,-0.4347727894181377,1.2827516294285395,-0.10707379828083119,-0.20320419420812133,-1.2760637964471215,-0.2357677161329247,-0.45373803547454306,-0.2481777542854765,0.10371118165337845,-0.5358766611096825,-0.6947649203526031,-1.030251393575357,-0.7203676691879275,0.5710764387697804,0.4058182357268142,-0.7313509591231729,0.21307998882112728,-0.028225521053977076,-0.28462204620433257,0.3217790714495662,-0.9324124541684178,0.7255360015615602,0.2835105343423142,0.4384198517069713,0.3009230455403177
-2.68785346188758e-16,1.0156255436535848,-0.6867483344998321,-0.19552328454804607,-1.288933476185894,2.1562759918476138,-0.3295050875639207,-0.7575702269515945,1.6765849531657255,0.2683026538263086,-1.0291951427938495,1.6426500715601329,-0.4193504964567547,-0.41735043003800426,-0.17347893191429797,-0.14777237642404417,-0.7923463400332427,-0.610458694650348,-0.48204768032179235,-0.20139667472242095,1.13008974203989,-0.17689816859028534,-0.3139832901146142,1.0662356888105124,-0.9220951719613124,-0.5581468709059012,-1.0996378995593852,-0.14872778200482914,-1.330158430823492,2.729210298164256,0.7139799965383968,1.1527557852613606,0.5721196805711993,3.065940091324223,1.6959744629222748,3.070849523307314,1.347981253521114,0.3968294816546006,1.4133201425472712,0.19961289018250056,2.4486385005238445,1.2129440139237844,-0.06334065095538988,2.1384982145385907,0.8464226326043603,1.3441254727226655,-0.9908660520543364,1.796799497537528,-1.6572136660238066,1.779457166261526,2.6357754627092844,-0.977070076247942,-0.571389976245165,-1.386341331148165,-0.04319251743591905,-0.037920847924259427,1.0190689017760266,-1.0034472038757385,0.04063582395579535,-1.0080981959470852,0.04786657409333872,-0.09258151259481928,-1.0280524657817178,-0.8428003733206969,-0.6151927138752912,-1.5322312514089997,1.5758736540231983,-0.11580017077272581,-0.13383753326593545,0.09749917989211417,0.9201561354336905,1.4766786434715722,0.10379188041724015,-0.8630978855050987,0.7979962999732946,0.6979053433807584,-1.7774123395002013,-1.8291189296154378,-1.5231868029287268,3.4682084053387325,0.037830320986793065,-0.6361796388397803,0.2647299417903025,-1.7392935640036722,0.08261813516846092,-0.32262229222588124,-1.797626217054633,0.5960796117605307,-1.132412184046929,-0.03814429155059343,-1.0207005479260958,-1.3976347803718092,-0.6699415571559982,-2.2082495318981668
-2.68785346188758e-16,-0.8622951716870255,0.2535818382421827,0.12401927975762461,-0.445855464090372,-0.752986593887547,-0.49425585062498617,-0.6471806206804778,-1.1565412901886647,1.2030528147489394,0.430127206193314,-1.1557848577623233,1.292173475540799,0.6632998073277325,-1.4755098585373383,-1.1564154743592208,0.3183223061735363,-0.4680376594657888,-1.7663464455252467,1.4784745707315323,-0.8637323369248752,-1.9762242413824067,0.5728594390603656,-0.7673405564210265,1.2157130438771997,0.3143777880683287,-0.8964177944094063,-0.10976688625249359,-0.0026565313175010985,0.6603212403831744,0.7423878057395761,2.0435484540174875,0.42311415065442926,1.5463523734587623,-0.18570442023099265,2.552675012379644,0.025025904446997815,-0.06774772081015956,2.3451465100125635,0.0049059061320214925,-0.24378370240986735,-0.4483356901090879,0.061731629169257105,-0.6109257009193299,0.1226676060969879,0.5362206385371524,-1.0668915688144676,-0.8310430105186223,0.6141047383139101,0.28326310925833775,-0.6375832491619513,0.10720980300752614,-0.45781554590386103,-0.4290548404787244,0.6602002268464118,0.1565440374378484,-1.042730465165848,-1.006311146315535,-1.9460564106200962,-1.0781275788358795,1.1949960994037765,0.541668943250194,-0.6423837751513957,-1.117672881212457,1.79208881174501,-0.4489615693381179,1.9970797798247222,-0.5647320075162265,1.8000749041617399,-0.6352751976441015,-0.3829040420718192,0.8483975417721629,1.5578837146131164,0.5592046531468468,0.5719999775586789,0.25958738951918653,2.2256143411718172,0.15089000905669095,1.6585667700099993,-0.6844710998172695,-1.7169474839800563,2.3818885712414897,0.17985890778638638,1.195536130782632,1.5042514731713104,0.29310695869850706,0.2817940547042725,0.16289142351440367,-0.5856327859452888,-0.9877229903410024,0.7999185347938339,-0.7273791824237432,1.3695252529001378,1.1524368970790093
-1.3046031469419848,1.446987638870828,0.30549322404861035,-0.12668869244736036,0.22961536453190093,0.17289076651680949,-0.6325431226409136,-0.05132676787796622,1.224756653482062,0.19838414272223917,2.510224469987949,0.7600444620832545,-1.3703621296206034,-0.8354047592227287,-1.7019331105742974,2.5016193165579863,-0.29590494191787875,0.38893102060076024,0.9293181961532055,-0.7191693539063699,-1.2722258921513323,-1.0141651860070156,-0.7375919847251942,-2.3032411184959694,-0.26895002335002927,-1.4253378508233066,-0.02788635378193438,1.8625878471717248,1.1142505871328225,1.0966726321963485,-0.2895219697643603,0.7202426374965823,1.1048638995880116,1.140534863526793,1.18604572392916,0.7468708427430181,0.5180178989352171,-0.10897359132275841,0.7428386629420864,-1.3661892917934828,-0.1450918405077581,-0.19283605985856583,-1.1418231766068216,-0.03394024336255491,0.7942530825797003,0.7870999576272154,1.8922792505586807,-0.018748433995633418,-1.3728407966848366,-0.5619495917125441,0.17104316461105246,-0.6359922056465068,-1.5241842609135747,-0.5531467874541618,-2.1025113645342257,-0.12519310466952005,-3.099989822332583,-0.1510075399228435,-1.2937777353255784,-0.10582746512524865,2.2890096996153364,0.48010199010691107,-2.2163184710157355,-1.1354000387021936,0.17528378168356995,0.5473291991719,-0.8833794372849939,1.132591514374538,-0.6430831678390402,0.6189344995299737,-1.3696135564628755,-1.0391486368510279,0.3449011750797681,-0.2642272960851656,-0.9401501924113018,0.19246750670414198,-0.12732961043652136,1.274444948935821,-0.48445923798128654,0.3372009528268265,-0.44863613448672524,-0.8166417145675269,0.3579352495923494,-0.08592564907041311,0.8334446895244043,0.17305476690000013,0.32058048036462317,-0.784369429998404,-1.2710815733553964,-2.0235510044102707,-0.5390741187747268,-0.5720233264655248,0.5606464308290007,-0.2760444856646517
2.9606592312046325,-3.27842460860469,-3.138095883888257,1.6109022594707554,-1.2372438053729984,1.0114190881278005,1.73776585302786,-0.7552138145176309,-1.710909522990134,0.8938203396506582,0.7200212749916977,-0.4093062910933723,-0.7426266620801146,1.4970665246461445,-1.8073113880628566,-1.992409314301817,3.3711757592362486,2.9298165688709137,1.3233062916673046,1.6141825134157664,1.85953267268648,0.9210074057344771,0.7789724780261991,0.1338840266212027,0.04822907492888909,0.08893269764351011,0.06203205236542726,-1.5616266390482685,-0.25054826412203235,-4.464414985689627,-3.0613153216003406,-1.3700581483365295,-1.5710603764926248,-4.538266785268273,-1.1034801199812332,-2.2511446100574366,0.805459857971673,0.5121045149779268,-0.09847405021803018,2.1627363654205913,-1.8996741905588275,-0.18866354881936626,1.3246171020286241,-2.3490748624246454,0.14014051951360443,-1.1914039441013218,-1.0453128819744033,-0.347191857775088,-0.980239755358443,0.39778730932930434,-3.160713186840763,0.7271314283240121,1.3390078232569131,-0.4640629493236984,-0.1283697090659644,0.8462680548981448,0.4093974747687851,1.126290569973294,1.1101695321379477,-0.4195745549331538,0.6149015157628159,0.6605654616262036,-0.03387416564944046,0.06491871470941854,-1.9113625666404304,-1.3462272832557431,-1.5326778740345182,-0.35824271572121874,-2.026854530800944,-2.511744643076682,0.7843451805932911,-1.9465498387801161,-1.7517988645577645,1.4632118751986432,1.4139593454783643,0.17446713140355602,1.2814669989164449,-0.2244694076650774,0.7741243228175609,-0.0958298365129937,1.1031622798527863,1.9848171973591162,-0.45473907789408397,2.5663478437678924,0.40946862767130665,-0.7897724352139022,0.8190506631572707,0.3625226008691742,1.3093411325742625,1.2357814077714724,1.9701123855862308,0.10472754121286876,-0.3894026689767108,0.8337665364955407
-1.9091060524741272,1.9219376943103352,0.36865189305330537,-0.6071920943904368,-0.9376519167090203,-0.9042883282938694,-2.0943621191291166,3.006269939760448,-1.0660205001292282,-0.5559884608879253,0.7870012494193912,0.11873008552388953,0.7749386907288787,-0.8050605188159169,-0.3606309982123803,1.3704802215081595,-0.19811527227788123,0.5161654463388079,0.16731470304209836,0.5803407904022717,-0.32609333406085145,0.11072698962561078,0.038900854990956024,4.402561189138271,0.32503196378246724,0.35246423278780936,-0.8671162014823618,1.412627469143182,1.7872857991635407,1.0379120420374208,1.8511153291246905,1.4684646419593261,1.080232657664278,2.287677345381635,1.0653826501502073,-0.14100742179910508,1.4384719741704095,-0.9298553801104739,0.39647940729071107,-1.3601881972366812,1.0582493616697366,0.48538778352738093,0.15453684368516318,-0.27695748353019695,0.38602360339926955,1.1634975465976316,1.6330762755851413,-0.3841856938971174,-1.1870895485535462,-0.9460901791786269,-0.37723093529962504,-0.01434317130146652,-0.5718255484728727,-0.728298885070057,0.15080672110796323,-1.0467536341643733,1.0863971446608167,0.5248844768973899,-0.9314481435642512,0.09680686398656818,-0.45469851214571466,-1.0009198870869653,-1.608595247328922,-0.49052210069774027,0.6808442968066679,-0.9611691961902753,2.226337664759381,0.9021613481468074,0.9464047487627147,0.7503150216419167,-0.7975895821122828,-0.6471644951194926,0.9625061064418599,-0.5680131556727813,-1.3500173140579697,-0.9838860310026145,-0.6007729309509757,0.15319691728218165,-0.510354802132894,-0.6150981221169008,-0.7467282190246328,-0.08373056399297187,-0.4762308141424601,2.1462116262686854,0.13011346917487954,-0.3933692123535647,-0.9900008546613854,1.0423772455525304,-1.0419146230303709,-1.1852779365326165,-0.4261886382526375,-1.3582563514703219,-0.3160566917008033,-0.2372726832566573
0.053514471167785,0.2549381014654696,0.2462538116149467,0.5268219258763529,-0.35809963506365694,-1.5601169598810045,0.06607889852978907,2.1193909346412,1.0954967992470341,0.40648913537939574,1.0626457001578016,1.0924767623342153,0.4048288667074799,1.452222891273791,-0.1912754797228653,0.7193882694457527,-0.08393292276112482,-0.010787081762338224,1.510974832267348,0.7661771400217707,0.8175967430932795,-0.05908391670455726,-1.4931970609838796,2.826174638629721,0.14691327168841273,0.48282157579198404,0.6330753075246578,0.42655029067190775,-0.15689257523643008,0.37069439725443387,0.0635456066240635,0.6508955232154594,-0.9680069345954644,-1.359886400850463,0.36947140813833157,1.206969333465452,1.9998908018616481,1.498635269770994,1.2003102312411542,-0.9569251729358705,-0.457538569038765,1.5418307888351752,0.5308818859553919,1.3410397844905857,-0.1303156361122778,-0.7299029242241702,-0.47793073895979643,-0.271455908924638,-0.15130841551021512,-0.7549262404594588,-1.9600512013431892,0.8194868477338151,0.18613568017086546,2.392547423553389,1.1072827904019653,-0.20752991701176754,-1.5072048840717907,0.48368724157887444,-1.8976698151665614,-0.9286878995391851,0.18346208999544195,2.1299861704393535,0.0789758410486352,-0.320658970121122,1.5455790965070633,0.6902466261135902,1.350091509534096,0.6821248243642055,-0.2895811960535907,1.194354825139881,-0.3755441045584314,0.23171021082771798,-1.697575819179872,-0.6545624945468738,-0.0005387708048714135,-0.5455353273373812,-1.594614495432,-1.6194591602252943,0.3578984232724068,0.11248320835720041,0.6661350381364012,0.30688211721812003,0.0756451795794985,1.1841518476966473,-0.7543443710301351,-0.9283137205398568,-0.8914099015883502,0.19814803593237507,0.17236790702344396,-2.072078195786296,-0.38584122076242644,-1.5073971557683257,2.0076896318998836,0.201776588435977
-1.1461082786843886,1.689140033668782,-0.399683376016774,-0.2602070665108241,-0.030545764681834453,0.30068483525743056,0.31557321133719113,1.690873626923629,-1.6804411522139961,-1.9735395449102493,1.303076455582783,0.2548046091214783,0.066487028766961,1.1948771503192672,-1.2351221195993916,-2.3327773078346166,-0.41303145025688437,0.6481935088843834,2.290243419953017,1.1186879818904403,-0.33710133655808033,-0.8481083281589559,0.13336832170131907,0.993089338647032,0.6507147158355917,0.7445097585385715,-0.4705793300744495,1.147918742465814,-0.39672447743121375,1.7274329500168926,1.1200517061301034,0.3095038666914421,0.18800926995066652,0.16478881238997656,1.8804049343231855,-0.1963391088480948,0.45882426542448007,-0.6297085284826062,-1.1524094861376937,-0.5300878493717542,-1.0057121961338484,1.1514874406198365,-0.46605605965566976,1.2345033254899094,-0.922102308635799,-0.38158698377024636,0.6538641753147177,0.348085677679461,-0.8546406492541226,0.15661606106335924,-1.8936708628334562,1.0541944534213425,0.8556720446550024,1.267422365220296,-1.3883777177723617,-2.014907708209667,-1.7491203808869633,0.1625392275448535,-1.3545299930259995,-1.411694982008792,-0.22481000852842625,-0.5371696125000384,-2.5470470513441725,0.744261080224832,-0.717222984169717,0.2968708638663956,0.5441945673913304,1.5267664201417104,0.24494579080839562,0.5264072769243517,1.4215315914928444,-0.37217350914525255,-0.44427196998109353,0.21498048576349005,-0.5973536295242555,-0.8212122417341872,0.6104599365077397,0.8468431954493099,0.9574538826688885,-0.030646435788964057,-0.9980309401049761,0.18167449930454693,-0.4937717038711197,0.1896129072600471,0.23126137772479055,-0.6846917535097069,-1.9594431154289402,1.439903587161739,-0.5996807288244177,-0.8512261280682873,-0.9984001746261724,0.046904859723758296,-1.8702412434272835,1.4420163857302457
2.7555112061338565,-3.880322286311351,0.27111034565043274,1.0321494480433333,-1.5385039740757593,-0.7542138596773839,-0.04217184857706324,-3.4193358181061058,-1.9219518392250925,-0.7596831705776861,-0.9714226167488638,-1.6426085195829492,0.21938167609672127,0.712358861195185,-1.3706540220301549,-1.2859270774991916,1.1639359609067617,1.483972385076778,0.7187489556739493,-0.5950186958898517,-0.20575699609661463,0.10827528578223428,-1.1449780173345687,-1.5120490546048844,0.2685478178601845,-0.28735473203834344,-1.455847471858979,-1.1128977924762316,-2.8245629767378646,-0.4947374621331389,-2.718073464970875,-1.4339527638665486,-1.2805730785586038,-3.3653597192066877,-1.7460552312325122,0.03036437237854922,-1.690890758628227,0.9866054650890106,-2.831181051009999,-2.1336726308649343,-1.8292709261843676,-0.01690892176229153,0.008042401681229806,1.4312631251496826,-0.016167550189923885,-1.3814208824839327,-1.7642399564261808,-1.627478114553184,0.03349780171289565,0.5074559955044204,-1.0212449405407467,-1.3306679721875727,0.035761525418752466,-0.4944083639789245,-1.268861780364413,0.7601816197554483,-0.15278514373946717,-0.08774559308947424,0.3085791833435054,-0.31032095151423944,0.25343024709042405,0.8317268387580314,-1.077972642480817,-0.6251386277507907,1.3398882787091506,-0.3374500148662879,-2.1296307785207484,-0.5175031230545967,-1.1975924627037597,-1.0454831218303315,-0.6971821427895799,0.5433781858377412,-1.0352181144373451,1.3994806724333886,0.36739587489567493,-1.1784663378122793,0.1777742060153376,0.8298558155748993,1.2785465313616238,-1.2052232329774368,-0.8180200860148992,-0.07853241562159165,-3.026741000722494,0.11433442867394378,0.8766413018614324,-2.787238626457692,-1.265425756675938,-2.795431017305842,-0.04412333445531129,0.5828104791669424,0.10608629493744265,-0.7294874515607224,-0.22780241841977905,0.10326727987331352
0.1364598332881906,-3.078422216413861,-0.38176434128842696,-0.3260970252798202,-1.9225241992418676,1.1251450940949974,3.515412282904303,-0.4445115850831758,-1.985093784626474,0.4361404431905281,1.206222351360807,0.5705207620811548,2.4748498838169275,-0.15548929867149136,0.02641292657312339,-1.3783109769039679,0.8242095690787143,1.5429153963557196,1.955604420902322,-0.48715133241869746,-0.2614098155864777,-0.6450735513932482,0.05357068587285281,1.3122804479655523,1.1571245966597556,-0.5885687286854102,-0.37111922217884646,-1.1906356468007906,-1.2274606832876316,-1.230985880899138,-0.0035478458015272274,-0.4634123196240276,-1.5605522159891956,-0.6369579652374728,-2.547510030645724,1.1478082887702798,1.2994234693730566,-1.234542406556854,-0.18249239784898147,0.8192173206293178,-0.5017192354000216,0.6049244541762054,0.39622942215061796,-0.03107773398745589,1.8423917813821684,2.057814323299534,-0.4292935816380873,-0.34542633678424184,-0.3477826041716803,1.5849924718613118,0.9912808309000515,0.00019122986681099907,2.4050426563795586,-0.9362689663514556,0.0881348737507951,-2.073308843915644,0.3757460450232117,-0.5315768717377429,0.14220315195395938,-1.8414182178508836,1.300512856110722,-0.19526973480009363,-1.2628039507389768,-1.7545039162901208,1.5482759991458983,-0.08348823208730283,-0.1042065905143651,0.30267160473942956,0.8832832080268703,-1.4520671591379704,-2.4481478979046223,-1.1635203481711476,-1.020598091246128,2.6263732314380177,1.6477921602507202,-0.005440086989846993,-2.017003473712271,1.4612920076195666,0.26235881173831377,0.2503783125576292,1.0142382453287178,0.2790764859021601,1.9886765053662359,0.6427903380525757,0.48668506468545125,-0.329171097015031,0.6118636022570014,1.9335749938464595,0.3801328077107537,0.14351040470090068,3.09517711252316,3.0809752857174413,-1.6283911427899265,-0.371978456206586
-0.8414769289222834,0.2501335795489884,-0.12299165771047219,1.2038378239872283,-0.6019711852287829,1.6314889584768621,0.9534898281352975,0.10576574104525682,-2.423562219050707,-1.2463539717877867,0.10627180430334615,0.7544284497500996,0.2796316625668814,-1.3572701571455568,0.8148293516002417,-1.0419709295322854,-0.8067493974555124,0.5702137063641203,1.1716502618687237,0.5872664978942383,1.0516004122085179,-0.1467898528896398,-0.5769985556158255,0.44062935792337676,-0.04530240618445272,-0.828284787107025,0.3957626296891801,-0.5199024728645009,-0.8990926722141735,0.6186866151137416,0.03202480853035883,0.0032254766695716808,0.07162223801446826,0.7137213197786685,-0.20656024310366447,2.069931064039442,0.22012601570398949,-0.943548315516569,1.9020334259515579,0.5017534218885293,1.3343356155441592,0.30599323795111827,-0.8816576222989048,2.2147617904927985,0.538627798863861,0.16395825419922982,-0.4295696328274951,1.0779030067881359,-0.845321951677277,1.783548070620664,-0.9329175667420053,-1.589902097680095,1.011942817404674,-1.0532889553659726,2.122755219055702,-1.6364262465552777,-3.5265449099751818,-1.8407158777388508,-0.9043010458075861,-2.9900205793080064,3.7741092039496813,-1.8348372919905147,-1.9388824687696935,-2.173722614268871,1.5737517436363144,-0.0007232491666949725,0.10100609643739467,1.5829597966224003,1.5279845317116616,0.24523903597285374,-0.11339869638638778,0.2851985766906155,-1.168609348105025,-0.16577818910246617,0.9308476602347858,-1.8866975557982495,-0.43828550434184765,1.6806926982229475,0.8313199280980561,0.5744880030588494,-2.5089733487736763,-0.3331064513672727,1.1499471473510905,0.39809956064845653,1.7682979592688362,0.13935764295785041,-2.442052326168139,4.38346291265699,0.16766123160330842,-1.2298535532011372,-0.14823150699839183,-1.079010055724581,0.028090061987940534,0.5297996006472241
-0.5087396317433078,0.604822884543943,0.2626856073569504,-0.6498176787424998,-0.027260179507692772,1.0061150368443943,-1.827897242552839,-0.6097814384008806,-1.5805182072689687,-0.9979442919449542,-5.06208826290818,-4.064281969977107,-4.936230710934794,-0.7545363488178447,0.3573855164380385,-1.016185439401899,-0.8583485924401565,-1.384142988093883,-0.7809936878661052,2.1695223927951552,-0.6890498324865512,-0.4340494223802537,-0.059974165050744016,0.04934965274478778,-0.034701243202142684,1.677569093327098,-0.17242844431776766,0.5412502442915634,-0.5851970373732004,0.1213921784293652,0.5732534865095343,-0.35363697123583365,-1.2789614559645646,-1.9785035693516129,-0.8197533523304996,-2.845216339541487,0.5193094067050845,0.04959738811616912,-1.0224615326950617,-0.4296685377492941,-0.7415862985423339,-1.0220725196254272,-0.015839491675998407,-2.0591166093831217,-1.4184640741941479,-1.3774535571315654,-2.4767112219479017,-2.0437527110071345,0.8650225920736762,0.03464425515160813,-1.029161784196134,-0.276269738693668,0.29547497467340345,0.5718933005673004,-0.005647239401771809,0.46072229626200656,0.017969402858991845,-1.3518390229252022,-0.046713802355037914,-0.03331184464403075,-1.856497342473213,0.5434069800780502,2.2280829942977247,0.43539480090325705,0.4247541055740661,-2.3212717634691162,0.2413621969654754,-1.3729408742060718,-0.5065686490461291,0.1941910963622382,0.6577970344077378,0.32094809114541706,-0.48736789261727587,-0.4604770318522263,-1.3370293348844209,-0.6448695758612659,-0.6781496390379611,0.09423366111043396,-1.4044643347685557,1.1389294055924486,-1.6029791853338444,-1.0700284705549794,-2.7081756559509937,0.5867858492130943,-2.106583709131768,-2.1872832958909507,-1.9603892787046489,0.005264174629992069,-0.2628787380661041,-0.27331794747331417,-1.4304878410196935,-1.135747524081793,-0.6436414343684941,0.8476097757537385
0.7483110570633911,-0.7524524145357445,0.2996882419234416,0.7053154279139405,-1.3901794102258813,-0.9655568415074879,1.313309995021903,-0.1367937942043148,-0.9422089676162266,0.504871416918875,1.5696809848522735,1.2332375287723478,1.7500891178401656,0.5906453414560604,0.8280664155112256,-0.6638737455850189,0.7089124385169281,1.4098318424501473,2.570558074675718,0.20830350868734376,1.2953790507445642,-0.8411366473752035,0.04101519028552508,-0.032354733924787604,0.42130001156574,0.4906906676593842,2.1503917990866546,0.3480952545091098,-1.0927439640349572,0.8684092720539833,0.12654514162084674,-1.5508168801944655,0.14353679984911083,-0.6255785368064751,1.4225934513154481,1.5202486528000594,1.2969387511060568,0.7866832260701176,0.7624885783535847,-0.07810702480794723,-1.723759487651428,-0.4259526729982561,1.0207788426740785,1.580195178796592,0.9922286114126243,0.7883510514104657,0.43000527081252904,0.3415499458885455,1.3032549650612122,1.4266563209302208,-1.284585613067968,-0.19158747159102318,0.0556928846970699,0.5871108651974228,2.563125601439188,-2.4241411884053226,-1.8312141501134123,-1.0604483711109938,-1.0861814811433343,-1.1909258907839946,2.2359746366518944,-1.1882006221744112,-0.10266909324362206,-1.142688036022709,0.18444917053346915,0.7583033771650324,2.4195189677841062,-0.11471614702154864,1.1896781723599041,0.27864226870173425,-1.3657241115055532,-1.2281839393934932,0.4579852048714529,1.3051261471569062,0.4007604900050505,-0.2880326286666371,-0.18932362707896425,0.8322877424604722,0.1956156546714598,-0.531537240525911,-0.22295521273124297,0.5999631192396495,1.8816823374764755,0.966582319589856,0.21233852547572818,0.35006598202794836,1.06547302477406,2.7239862994102477,1.136594580093605,-1.3148463193472681,-0.5818985563689022,0.8434000193427453,0.7379305131034176,0.8295899321052844
-1.442599977584606,1.4867838616194435,0.5030014318773448,-1.1358574968176331,0.3587511929009303,1.2992839023325908,-0.9067137053277046,-0.17989048795542006,1.9865343709636005,0.47703279162424794,0.6816735991106923,0.39798597844770345,0.31404451433811814,-2.247227655108321,0.04029657875729997,0.9432302891243255,0.36029822858394334,-0.036891671658935365,-0.8490768726389001,-1.4804606000403893,0.20273918405663743,0.3758071462888707,-0.26392186024907943,-1.8407624442423973,-0.8993117955341939,-0.6038573062898791,-0.27251818967725544,1.0023528240032875,0.01946282396400334,-1.72741927024308,1.8236711862897634,-0.06982427345392506,1.1281319289124119,-0.22461113626184215,0.8758166204673028,-0.5385335642669694,-1.617735301406702,0.01308084758673056,0.6470845976639367,0.3396236755693443,1.5530727388766965,-0.5118614359794018,0.7520740215127082,-1.2585402628341629,-0.3732345481863955,0.28994961579423023,-0.9213407130609176,-2.7879852606368147,0.3569746062748488,-1.4475154710363252,1.4447317989732174,0.22885762759408954,-2.601813830318293,-0.4761785439320092,-2.0449665103349073,-1.7685983974876227,0.24272939956121567,-2.6156723596363394,0.033424074403398604,0.33147781103361057,1.1856491746658189,-0.8611660503990645,0.509960608289594,-0.29924161358444945,-2.585242252619625,-0.396554906225403,-1.6460963361653485,-1.0683637290296577,-0.6905132741749143,1.185298440968249,-0.7524383909481956,-0.9404099736214215,1.0404024628974882,-1.104206740055732,-0.6127669326966922,-0.9609654247327842,-0.3160747601680204,-1.4541062880558189,-1.0981664634689918,0.05797672716066856,0.9398819014436239,0.8225511713402076,-0.03824487644931354,0.27226370605317707,-1.6494669696582154,-0.12068082850748504,-0.26102917713117474,-0.541473915981056,-0.05506950187454596,0.7552319862220733,-0.4335112775683677,-0.604417907369551,-0.5389348197496873,-1.2493103473023393
-1.121596884217414,0.4697449203483533,0.15036621783809814,0.5927256944846753,-0.7112414589782241,-0.44280607554938434,1.7359573030122828,1.7270271118111165,1.27409815068078,1.562043318190851,-1.289796320543478,0.5273257898352928,-0.3259065318433553,0.32647680995690553,0.9104224780607857,0.7119158018451859,0.64814178645459,0.27008727272213284,1.4773406664800102,1.0983552824661291,2.0410071321604955,1.2784850261619263,2.9602670790496646,0.9258020676871732,0.8270261586616383,1.0186645622140251,1.4615077479113947,2.9347825531037777,0.7789625553492816,-1.3800432135113272,0.20604241336099965,0.6166205469506628,0.8062432776299713,1.135567571872564,1.6435230414930402,0.5760831091911844,1.2903646913960438,0.3438057561819683,0.32553678314011675,1.0090040172561632,0.21983576909727742,0.5875667026434266,1.4689343400959693,2.0029352693414415,-0.6649078801131328,-1.494763383607574,0.7078544254119821,-0.27247856520603964,0.5002313326263294,1.6424348507395337,-0.27889153992371,0.9061276572636048,-2.474765981055868,4.42706266608084,1.5057243245081424,-1.3701328638848522,-0.9147956236986894,0.01951518512016559,-1.759918391846473,0.30400395269906144,-0.004918997730924968,-0.5654948505844339,-1.9978888281033274,-0.30621933103393484,0.0977697992804637,-3.0511043039306114,-0.6929695375666167,-0.37598136053228454,-0.7839359312183958,-1.435229368821656,1.3045097071002054,0.18182951004648945,-0.14017210838827848,0.22928671547710472,-0.07843900376912849,-1.5863967545477788,-0.9187249697459838,0.971994280497502,1.5481827473754237,-0.8204855149461998,-0.40907753570289423,0.3899549420586004,0.28505093312625956,1.215501163353622,-0.4998408854706168,-0.4264404410558537,0.882192059681243,-0.4354365062037968,0.6127637244187873,-1.3680895036436171,0.5084640778252558,-0.3260339906949335,2.4840144415065906,-0.4177249979888532
0.6336809679738544,-1.3531015457707323,0.2860946020032396,-0.8221975724037834,1.4489866649847496,-0.393383982987394,0.38376593073893484,-1.9286586049283003,0.5932558260218682,0.9510956364869468,1.937455259114681,-0.6332632035939838,0.11029169600355143,-0.21077555968300135,0.2883711697694134,-0.08799509192906668,0.5174025083325314,1.2785049582961763,-0.9243484253522661,-1.1559589940660473,0.879372288557888,1.9549487211885275,0.4868252857094161,-2.2421911814248214,-0.6009282187474627,-2.0784224992302134,1.2752020595766846,-2.0657408006484554,-0.5610359753430779,0.7418484682202293,0.2019513745080702,0.009423626417550346,-0.1817311988122761,-0.6929322207841013,0.5766040351258173,1.0459867156212619,-0.26311538961835135,0.5517548342390153,2.4502527928958155,0.629924797078443,-0.6793977830857518,-0.6491250402562128,-0.03281672857653384,-1.0041458932098357,1.1420413112439582,0.6567310661126787,-0.2713184275016083,-2.5429621036719308,0.19703092885385604,0.46724706597802,-0.5227280347829909,-0.1234409131536145,1.5772621023410394,-1.8089671146326751,-2.4151618784720577,-1.1623075065954922,-1.4976667337511624,0.14456425450316512,1.2630962190410244,-0.6805147364816337,2.255150708698262,-1.6480101738743873,0.6828734537318604,-0.07575981173493568,-0.8272531977467236,0.8454671999672596,-2.6848604232591753,-1.8673324280833716,-0.05632034374891748,-0.8116106564318624,0.12934887701027892,-0.8917277847850837,0.15555957401614917,0.3918799219494838,-2.065012673098107,-0.6780020983436962,0.9511260010420347,0.39423412637235467,-0.06023472183733647,-0.6049449970816732,1.7263912986406988,1.0700424453151263,-0.9451707239864554,0.09197924565921244,-0.057692802021012235,-0.3333194162245716,-0.09265340056107958,-0.8349585154802663,-0.24453892805261213,1.7638543704586622,-0.3680449491480638,0.4091328331829637,-0.9207569236023323,-0.681032227387936
-0.9933706409522624,-0.20571272877896302,-0.024798963763563112,0.03706953338285593,1.3792646765601095,-0.5380202597521748,-0.8409766052055074,0.28152398364623554,-0.2853718682026938,-1.3336336976649237,-2.701581305603751,-0.9171798436492161,-2.0880498226059587,-0.6874304638147184,0.6131499951640326,1.1218203110892604,-2.606620069941268,0.06430675267602648,-2.9447662280218108,-0.5000926506719349,-3.298281759887991,-0.835947512524793,-0.6405737493075533,-2.230596222454228,-1.3878881985336504,-1.8617612648401223,0.6147015449705756,-2.5316575333930773,0.9767410201914475,0.010637002041792708,0.5153582310653111,1.0206133295904705,-0.15955384525445865,0.6355324353713552,0.8250700702323508,1.2343832275475766,-0.9006268277127929,0.08315594939304487,-0.5638500354691488,0.7004813014241709,1.1009930249377093,-1.3462188812713602,-0.9430242291764139,-2.6015468859862443,-0.5240014083161038,-0.46676412652577615,-2.242659085287949,0.16824138479820114,0.2941706654413206,1.0231402963862068,-0.11463996395054021,-1.9643864189492826,0.06394450635623766,-2.710229192923297,0.14538288701562663,1.927118655517469,1.1723512832709122,0.8424732912602357,1.6679221593303,2.4281634879332783,-2.5767269412804152,0.6656734685400938,0.15060972157256403,1.5480032143401499,0.12825499197907275,-0.8598764177731513,-0.5554582455604788,0.0936635647449835,-1.1816298564073358,2.1930281456665854,1.4482279530899094,0.8602561217983247,0.534366782038572,-1.1083322197258445,-3.8383116648710125,-1.2204294347499465,2.10475016509322,-0.18019366594360509,-2.315831358273078,1.0549188664766287,1.888667730403517,-0.5698153785813235,-0.7655142643481754,-0.1739766800066411,0.18524955776111385,2.083654995903932,0.5209573101092663,-1.6548223345492987,-0.24391664402093494,0.9077425353127513,0.12667368719988947,-0.548811085343593,1.4604344436599015,-0.8840135975953044
0.3337672174760052,1.042311086489812,-0.42592483255469266,-0.19338145552144526,0.4233782344135185,-1.1504618296584708,0.4747662686351577,-0.5014968131107534,2.0697735787810245,-0.7597452009136014,0.3520937699216766,-1.1437822186088713,-0.33991847575689527,0.8746243630671946,0.20317305427367194,0.9694071854596866,-0.6766766846013387,1.055515637377865,0.6877209008170776,1.527138948948673,-1.3183223323428988,-0.5284027579048307,0.4336579114583228,2.1631777870659206,-0.1785822772951775,0.9466199512859733,-0.24891694701686135,1.3220440827056543,-0.5240087595602205,-0.4423343686102829,1.6364046561179457,1.0757114146461413,0.13806833216153924,-0.726984222247235,1.442512138770061,-1.424340397577248,-0.9184603625671395,0.6740128793554124,2.0052030847010673,-2.1800807762927965,-0.35625581580446586,0.7813762085871472,0.967959907162748,1.6956441557643287,-0.08201776584387283,-1.271077873187619,-1.793662594237471,-0.1622599218934423,1.5697677037638897,1.0147270338757737,-2.10367108997913,0.6672450818067743,-1.3394053312952845,1.3795264189372896,-0.5226265738686149,0.9951105200969248,0.23648238952019862,0.3566272287562222,-0.8002108710232267,-1.0978913978551053,-0.1062134920127977,2.8215684775434573,-0.8037708729647004,-1.3839218081979194,0.018812595813304744,-0.3923323248228643,1.2131381768671035,0.19600163136602133,0.6508659154679813,0.18140273264755813,-0.3909459048230209,0.18657710901576618,-0.13576065818969416,1.5374119654912792,0.5087120342658586,-0.22153924517227885,0.614997148194929,-0.6428209854788922,0.47260645769260395,1.0200924325834348,-1.5582764094800763,-0.05338817884940551,1.1163457041165599,0.32522121051399583,1.3660790756700676,0.23357153143762416,-0.9642438633663959,1.1400632333632188,-0.5378381499942709,0.6781578866045068,-0.9096457782059901,-0.9995882198660198,1.9812217028276962,-0.2282339008142059
-1.566311959241626,2.1773945768306895,0.3055202780346054,-1.2085105480521217,0.829796178069109,0.6445325265374455,-1.1587339320333192,0.18219101305386032,0.32812781368556365,-0.7063333512687275,-2.241961294991261,-0.6312040413426293,-0.8324709636134524,-1.205052785290739,-2.2916049295855454,0.6993188033164472,-0.9727741064432506,0.4146738278155684,-1.0100915119204206,0.45908519002432224,-1.2553557383698366,-0.004171328681037756,-0.41555287018711845,0.008121621855441408,-0.5590196574867418,1.6631226677031226,-1.2188074104138389,0.12564057113994143,0.5005602466110346,1.4078650091294844,1.6393927741197531,2.977002940506789,0.9572178452174137,-0.5388455092660395,0.8653844447155451,-0.15022586327160736,-0.05752299414959838,-0.23861167649261503,-0.9687180864599076,-0.13784041311590856,0.06624499895712643,0.09189062139056611,-1.0541162964249189,-1.0373199339323829,-1.6491926657862666,-1.9761680707214424,-0.12351243779278476,0.9339899697826749,-0.9663129169882486,-1.9442497846938351,0.1389160023700143,-0.9087441300067669,-0.8556123694519279,0.7879688715080442,-1.5244047290230998,-0.44322002825192314,0.8943577731594463,-1.7481767379660305,0.23260358985325919,0.5672713327244371,0.06307575899081555,0.3263580610824713,-1.188588134045946,0.2344575601627231,0.0678651580752282,0.35127636335263596,1.1623454915406783,-0.7472709291554749,0.4352137640359618,0.4962082432990019,0.3579973043622824,1.0164451274876596,-0.8645879124028801,-0.17283212550375984,-0.1730353358696305,-1.2575269057272678,0.477232842567339,-1.1918526198439539,-0.4401895677708264,-0.7772819479473377,-0.6753018423343966,-0.21650816813372178,0.8993762718643248,-1.2077036418797953,0.7715474177951797,1.5254804214247908,0.08395933812259138,-0.36947724214297695,0.541535328915447,0.0034438475150347925,0.2822646946408306,0.023966593561841054,-0.3957392583752901,0.7185838850200856
0.2396090351086469,0.0444077557491413,0.09241832756207405,0.8630711571249625,0.8047203708967244,-1.6261919189756198,0.46820965894555966,-0.6878583007840205,0.8490531875973827,2.189438012739689,0.7755509115201562,-1.285892812644531,-0.009974811092812341,1.5137913298822785,-1.583402265891444,0.35311522052511973,0.47851658086166227,0.49415254399043274,0.2367350469749889,1.1698282305047216,-0.05353861255597045,-0.4409594175525341,-0.202659915578994,-0.7352875469074107,-0.12591075116191489,0.23600846868103073,0.6667371888226163,-0.10526085708779093,-0.331231637695686,0.0831088828637873,-1.515022064568762,0.2450605678632702,0.5756828250165911,-0.5026757277146725,-0.9451682215470835,-0.8939656319909882,0.2428091254518454,-0.3613297210842944,0.12395060628442495,0.8909181671652533,-0.8296534625165466,-0.6508504743900378,-1.1960478625089044,-0.1951303446637284,-1.2288045832668808,-0.5972662661974942,-0.07352822874017928,0.08624383002851554,-0.14994459740264926,-0.24210525509569528,0.3745240648088062,-0.03959611488665202,-1.5197957305973322,-1.6653676102795136,0.3584961237283323,0.856680635852453,0.955561494411115,-0.15237428354175564,0.4602949690028026,-1.9669130715273893,-0.18298838370087278,1.891666175917551,0.9305433318593969,0.07906726561946173,-0.8177707616976835,0.500641660060947,0.0784414521774153,-0.21467851253401754,0.3194425360800672,-0.7290343999638429,-1.2129203488731357,-0.3145161655852884,-0.06606111011051766,-0.22229473732153493,-1.102749254915758,-0.9931423699183839,-0.40296757236333897,-1.5944371840309528,-0.9212658610345202,0.9149667180686469,0.32503393374175976,0.7557030333928572,-0.2910880479595039,-0.4550881850345609,0.48390590544598033,-0.07230998911797165,-1.276403770864932,0.15425013359856266,0.6874123115800742,-0.7933033636335586,-0.7262629432633898,-0.5223490175702923,1.2074839056757773,-0.6607543607231883
-0.437798627852603,0.8303422744127147,-0.029603954822030647,-0.25721376949232866,-0.12122946592412764,-0.6990510488261431,1.222319846466602,-0.5716986715143643,-1.5874800048449513,-0.3329017355347591,1.6022818433778916,0.796721541181726,0.680571224749064,-0.14346331994317763,-0.8600067221238434,0.6974739570862961,1.1304083731555712,0.2609894955473007,0.5532459535444079,0.46331386478492365,0.5582961195559568,0.45878079620913736,0.4242322198298296,-0.4311515226204874,0.6856645673409407,0.7816497016143507,-0.6256089250268002,-0.2422718378524198,0.02375379631674837,-0.2555101532550664,-0.6950901492659083,-0.12044705641934983,0.5005346869283739,-0.8801057409396386,0.8795248054875711,0.09209682108564304,-1.3267586321201073,0.7179954005935412,0.6809184364734262,1.4424473197983128,-0.10696940270089364,1.3146916971803309,-0.49590522319940583,-0.10743987002481092,-0.0764433425444539,0.47075515166149645,0.8118341574410501,-1.1938959716527757,-0.11761973157590233,0.40584673618570655,-1.0904353787356647,0.10976402405889929,-1.2219215733102293,-0.5853602880488064,-1.3129233634584263,-1.54305607494963,-1.6802125252672364,-0.6704493028424863,0.42093460040341635,-1.4267509021981875,0.772994492284318,-1.2041018356229205,-1.453252461490303,-2.2697848003765935,0.05957964086981793,0.76012796824446,-0.3007354469209743,0.7284153113219842,-1.0987029591200415,-1.5295564846182648,-0.7958680337618628,-0.8170745851462069,0.9997444638125279,1.7585243852018735,1.139206065630798,0.7333704627321203,-0.7673722179359234,1.0053219955314092,1.8785021413812326,0.8133069457205486,-1.6138725728422445,-0.5402659263909928,1.3977265029432018,0.796091446429435,1.90182248513306,0.3963002732723712,0.8221355233655534,-0.24506072846016225,-0.10627256056841966,0.5630246168604562,-0.47509816034609137,0.2826786110273465,0.3260598293163428,1.3582563827503988
0.7965473564956372,-1.8347575268353256,0.6891053926325229,-0.14128057653175635,1.0138791362879414,-1.463112080193054,-1.977816589934452,-1.343174842189915,1.7016957413204254,1.1041444327040089,1.8412389057443987,0.7212452807817743,0.4314883479253676,2.0388330958874477,-1.035052011836844,2.5471478026117302,0.42866695921661957,0.13909419634618392,0.5562061724399555,0.2515299640322659,2.017856180150308,-0.11712170274751635,1.1213402834804596,-0.08030057360530968,0.5878989892945478,0.1978107038155951,-1.7098791104321607,1.5583298800312224,0.049418819093922706,-0.38422400889042596,-0.7767722673038926,0.7958446675339608,0.49284840271813585,-1.2460025552784495,-0.7649845291689965,-0.7925338562817981,1.2557560334857034,1.6322788563348156,1.0325736579973435,-0.5027827033890907,-1.5484741727915101,-0.4673509948175648,0.1973878279180556,0.679589768137201,-0.6660547061799934,-0.7046577465646648,-1.8607814449316948,0.05929424234300803,-1.8424261962572377,-0.6894125650865913,-0.224615517940161,1.0084204752691073,-2.1087065677178787,1.7589399219301711,-0.2644937313275362,-0.11970230591800957,-0.5688839215483146,0.1290615583702513,-1.034173693976693,-0.2951854081847551,-0.9302300936600463,0.7810744424314728,-0.4202131847758589,-2.6592341725557715,-0.6972007235107384,-0.6708182067167296,-1.1071706585780556,-0.07177443025837216,-1.396967235713891,-1.1809031245292512,-0.2792635816347605,-0.4963308203709555,1.2473626990117301,-0.17643525965334356,0.18827534461000967,0.8017277720490048,-0.4820809224517966,-0.07655740963383754,0.5905284964315006,1.2747914626559893,-1.0752589448271446,-0.9434361195123009,-0.25724651744939925,-1.326138076500164,-1.1205276605119354,-1.0055619916520482,-1.188915329190624,-0.7752928039263438,0.5020130259559225,0.42181107217948943,-0.8631329961597941,-0.9105290037490767,0.11931630659441973,-0.43682745535549206
-0.9683835977100828,0.6435732455713337,0.10683168970420441,0.7127922763249235,1.061212915842796,-2.710274538296003,-0.2651082131944628,-1.3232629774820586,0.12082895416587636,-0.7319009282345368,-0.3216563539804783,-1.485661546983243,-1.5143759321233652,0.5697283448971585,-1.3379869571055278,-0.7403265259796681,-0.3973065133881032,-0.08615378028559872,-0.49564750175995786,0.21607127611338828,-1.0561972592583546,-0.14161873492529686,-0.4026349481970028,-0.7745138106588323,-0.43114753047832993,-0.45637080364922644,-1.055088052102286,-0.9161364066119053,0.10183053284407889,0.86663818268986,-0.0021982712782424585,1.9477368025750994,0.5174235777599997,0.5065024484772281,2.0570469893370538,0.40250458884869966,-0.38456706668455054,-0.5950237286401033,-0.35154705924796215,0.30773566461635116,0.931663974952849,-0.6167408805314176,0.4454351556786452,-0.2724561682613142,-0.12482549003014498,-2.289717789350028,-1.1852071663346933,-2.312365954418656,-0.551396807628965,1.0634134392828472,0.9413582322295095,-0.1551924686584858,1.5484887377659267,-0.23542092180485386,-0.544519422115444,0.7496716570982742,1.1321956476364432,-0.6308274769132896,-1.5388530551132709,1.5254055772692514,-2.6504499205872705,0.8041835514835184,2.6936574486556486,2.208239301786482,-0.22451702558408093,0.0678739888377849,0.46236758626888697,0.006128044636825147,0.592705782001705,0.7184125541797396,-0.48094646396040786,-0.6520142771110188,-0.6437900869340253,-1.220347512263878,-0.048335890692662975,-0.28238841722097136,0.028624319612490852,-0.9379004922730015,-0.6893231052500718,-1.0380657532448905,1.2213354656123114,0.44910696613182643,-1.8389346650253175,-1.121428883449118,-0.4610886351073576,-0.2607632671378119,0.8191662451776365,0.10077195131297745,1.0624083097878214,0.3464841819321939,-0.8353399568479734,0.18208792623713807,0.9068074832543924,0.15171143516057523
-0.5882410782149261,0.8019016203617719,-0.3042688283412453,-0.15876146863545074,0.4286785454541757,-2.1520820125115323,0.0240810993449333,-1.570339556666117,-0.3579458700964174,-0.29135928133064987,-1.8974309259149407,-2.3429561897940614,-0.7000647731211107,-0.585035623639538,-0.04630866666481535,0.9286760777942772,-0.3302165008399651,-0.5070754736241813,-0.7811498473324472,-0.7252444396256119,-1.1596360071566876,0.45542361338726217,0.06646477609683316,-1.4198855456802548,-0.3484088967963648,1.394018674026797,0.8734029115898718,-0.7779566714297923,-1.7460772039306676,-0.08256579267771366,-0.5126518213632637,1.0973392768270431,-0.24308442946952738,-1.9326116201225907,0.6667643762194636,-0.1656783356805893,-0.6292786962872204,-0.062342315719364244,0.1977592536427739,0.9026293628838549,0.8576789425507523,-1.2665109736297206,-0.3199517065828494,0.41262143197056644,-0.7791004818187329,-0.2868848348341232,-1.4687605740844567,-1.614253307851988,-0.3145987169834445,2.380756808154367,0.38043696068991195,0.779568413162739,-1.7104537811519214,0.09911465236745642,-1.426182120731593,-0.4755649219945811,-0.05543905464717963,-1.040567316358223,-0.41176918874027374,0.4479504967193808,0.4954446040371896,-0.6854238954599816,0.772605313489441,-0.045333670891505355,-1.5209477147298205,0.09416690632239999,-0.8351191003444034,-1.9911384506608467,-1.174462643135904,-0.32684835892396846,0.6320188184497714,-1.2321813317187866,-0.10155936298679866,-0.2887279077789989,-1.7054293376847673,-0.7116847313208238,0.48794098384610146,-0.15777569325932878,-0.6730112574994886,-0.2182870584945621,0.017594583744939496,1.0516599200412973,-1.5569086510798025,0.23102316912957005,-1.2349353659145912,-1.999692801557381,-2.7783495410648813,-1.0300102138405627,0.382393977984304,-0.39056822305520106,-1.6137945725871732,-0.5749171323088236,0.22980390866216305,0.17262531614947565
-0.565497895683117,1.6388011178580455,-0.6093499211325151,0.9810785896841316,0.3318042608082783,-1.386843274859216,1.7770104987519757,-0.7318863654274569,0.8796717470625816,2.032887333578772,-2.275577662830389,-0.33734681972833513,-1.4481327767991723,0.5202059960270625,-0.13381331459859325,1.1003900330935015,-0.6224277535248315,-0.2637494592302122,0.1811906033852933,-1.1319293336067848,-2.70401269280382,0.10602549821859769,1.0396839235286643,-2.781148072270012,-0.13143378699385666,-1.110411374848491,0.5890224412146631,2.4300452345101906,0.38851990172311,-0.9290637607940644,-0.47611293587859427,0.6690745157024025,0.5564898561338136,0.17226090100590208,0.794860900408918,1.0408226747862364,0.8844157965199859,0.458713883833607,0.5210434931471712,0.14650971351507824,-0.5677604140677666,-0.4206067762104218,-2.322475656714567,0.3484081953686944,2.088533495168922,-1.103913545329405,-0.3909533798252483,-0.0740697661423847,-0.33289951887886954,-0.8467717229128762,-1.3834535310223735,-0.262561999376411,-1.111052888085246,-1.552503098700171,-0.9492666297509766,1.2003079764523858,2.543288134865283,0.14775710443470308,-0.424213891124149,-1.2407895313386437,0.9789536031251913,1.2158816215774388,1.606878166452389,-0.4939153896375429,0.035875684876459146,-1.0393083502193672,0.1466169742576428,-1.5127512862856252,-0.6296923895335232,-0.8957895160598128,2.0934880637687274,2.0329492129670657,-1.4073178341579924,-0.7853227577706944,0.09093242058795048,0.5897468704255632,0.5487948499376532,0.8872620636476451,1.093736215317076,-0.5238666090506868,-1.606022089329374,0.7186231301577783,1.125615153134683,0.8238446035971747,-2.222912168508359,2.435683872789488,2.229226091052753,-1.712862779400969,0.20374574916434518,-2.3169787351595406,-0.7093215936507754,-1.4742965543030453,0.5923951644216381,-2.269625903099586
