Cells_AreaShape_FormFactor,Cells_Correlation_K_ER_DNA,Cells_Correlation_K_RNA_DNA,Cells_Intensity_MaxIntensityEdge_ER,Cells_Intensity_MaxIntensityEdge_Mito,Cells_Intensity_MaxIntensityEdge_RNA,Cells_Intensity_StdIntensityEdge_AGP,Cells_Intensity_UpperQuartileIntensity_ER,Cells_RadialDistribution_RadialCV_AGP_4of4,Cells_Texture_DifferenceVariance_AGP_10_0,Cells_Texture_Gabor_RNA_5,Cells_Texture_SumEntropy_Mito_10_0,Cells_Texture_SumVariance_ER_10_0,Cytoplasm_AreaShape_Compactness,Cytoplasm_AreaShape_FormFactor,Cytoplasm_AreaShape_MajorAxisLength,Cytoplasm_AreaShape_Solidity,Cytoplasm_AreaShape_Zernike_0_0,Cytoplasm_AreaShape_Zernike_2_0,Cytoplasm_Correlation_Correlation_ER_RNA,Cytoplasm_Correlation_Overlap_DNA_AGP,Cytoplasm_Intensity_LowerQuartileIntensity_ER,Cytoplasm_Intensity_MADIntensity_AGP,Cytoplasm_Intensity_MinIntensityEdge_ER,Cytoplasm_RadialDistribution_FracAtD_ER_3of4,Cytoplasm_RadialDistribution_MeanFrac_AGP_3of4,Cytoplasm_RadialDistribution_MeanFrac_DNA_1of4,Cytoplasm_RadialDistribution_MeanFrac_ER_3of4,Cytoplasm_RadialDistribution_MeanFrac_Mito_3of4,Cytoplasm_RadialDistribution_RadialCV_AGP_1of4,Cytoplasm_Texture_AngularSecondMoment_AGP_5_0,Cytoplasm_Texture_AngularSecondMoment_ER_10_0,Cytoplasm_Texture_Correlation_AGP_3_0,Cytoplasm_Texture_DifferenceEntropy_Mito_10_0,Cytoplasm_Texture_DifferenceVariance_ER_10_0,Cytoplasm_Texture_DifferenceVariance_Mito_10_0,Cytoplasm_Texture_Gabor_ER_10,Cytoplasm_Texture_Gabor_Mito_10,Cytoplasm_Texture_InfoMeas1_DNA_3_0,Cytoplasm_Texture_InfoMeas2_ER_10_0,Cytoplasm_Texture_SumAverage_RNA_10_0,Cytoplasm_Texture_SumVariance_ER_10_0,Cytoplasm_Texture_SumVariance_Mito_10_0,Nuclei_AreaShape_Zernike_4_4,Nuclei_Correlation_Correlation_ER_AGP,Nuclei_Granularity_5_DNA,Nuclei_Intensity_IntegratedIntensityEdge_AGP,Nuclei_Intensity_MADIntensity_AGP,Nuclei_Intensity_MinIntensityEdge_AGP,Nuclei_Neighbors_FirstClosestDistance_1,Nuclei_RadialDistribution_RadialCV_ER_3of4,Nuclei_RadialDistribution_RadialCV_Mito_3of4,Nuclei_Texture_DifferenceEntropy_AGP_10_0,Nuclei_Texture_DifferenceEntropy_ER_10_0,Nuclei_Texture_DifferenceEntropy_Mito_10_0,Nuclei_Texture_DifferenceVariance_ER_10_0,Nuclei_Texture_DifferenceVariance_RNA_3_0,Nuclei_Texture_Gabor_RNA_5,Nuclei_Texture_InfoMeas1_AGP_3_0,Nuclei_Texture_InfoMeas1_ER_3_0,Nuclei_Texture_InverseDifferenceMoment_DNA_10_0,Nuclei_Texture_Variance_ER_10_0
0.5026852305104819,-1.1246934432851408,0.5314522883280315,-0.8475749490230822,-0.7631296550739085,-0.6703495710760713,-0.8199606765877817,-0.3798858724073949,-0.0546954948794486,-1.226797672674741,-2.156600358674831,1.7066457087306814,0.6832411526046297,-0.0084693347150793,0.8124983542603409,-0.4976616678836758,-0.6050006295035492,-0.1080971912336586,-1.3189104311677995,0.2679997660605173,0.597413669189998,0.103138434399706,-0.8948065074305448,0.470523656361917,-0.2415501888452883,-0.2130439417370295,-0.1959982907220354,-1.375061024260652,-0.5931411943336694,-1.5360941355010207,-1.38865194564045,0.4169739046680386,-0.8975909882254559,1.3714737312424257,0.4333667464084567,-0.3576750749793583,-0.176923563863576,-0.7901453572559147,1.7510239304651338,0.6189130502360338,2.187908019268028,1.7222911159512375,-0.5547763242928158,-0.6620022347132535,0.8831423866714685,-0.2488075918487282,-0.3635511158906852,-1.1621381431111764,0.4912173514080366,0.3872386849861725,-1.8367631462958536,0.0949455517680812,-0.8589712083659017,0.552858528881108,1.40284659730766,1.4178811012026662,-1.646173483516992,-4.696017765699051,-0.329028329401249,-0.2344122452352823,0.1280529599460399,0.8701545712123757
-1.1448721456178637,-2.4058592786606185,-1.5893740607589402,0.3520174505428985,-0.0571236325119164,0.8024121719728519,0.5644942227989163,0.3152713015717341,-0.8826316528780837,-1.094395528028079,-2.075369601181622,0.8301497146246398,1.217399128901587,0.5019806571856676,-2.0440657812751724,0.7550221129983447,-0.711617693345595,0.21723648788524,1.2170962866418058,2.5849809366250978,0.6316870734158457,0.2547903205267002,1.310347913249307,-0.5995420980893735,-0.0266723679418698,-0.0782855964984915,2.27696423562313,-0.5355673847992335,0.0730180142831652,1.1767141804026668,-0.6850194243388847,-2.4580005071707154,0.4203805413743872,0.5746829192830292,0.3442287832839974,-0.219954873258766,0.2614067139368335,-0.0198904114992312,1.9402211210551168,1.341690567799356,0.135671671661163,-0.4981082300810269,0.0945475860494144,0.0134971308743598,0.7338219613728021,-1.810428283494672,1.1254625358411203,-0.762623732819377,1.5483303171183744,-0.1104940249363405,0.1393987550247812,-0.6423454120008059,0.4075489824762991,1.3454895996705294,1.0026685231464525,-1.205605004423115,-2.963756983226729,-1.507378666831375,1.1655624061066032,0.5234150619668895,0.2665228867694019,1.1360275694384725
-0.4285714098337111,-1.3785118273533168,-0.7220569267956505,0.3227315721703181,0.4659757031503193,-0.9160149709695908,0.1525387404703102,1.2610802990906584,-1.2764101927716915,0.7981124883241404,-0.4674530473296878,1.3525057056819867,0.6168535742913389,0.8039101265402353,0.5127702402280326,0.2820187291864827,-0.8818869212949596,0.0460257318976844,1.6185580942543287,0.9107781202916004,-0.2667103792826764,0.3491024418270218,-0.1131421333330617,-0.5967617410014006,1.036135467805377,0.6447602221184194,1.3396098736756008,-2.48858971140354,0.0175304724011264,0.9494223104009012,-0.3676577269223572,0.5517939345057248,-0.8506678552496247,-0.6164453656687494,0.329086394434257,0.8116735911884139,-0.599794095380212,0.0495199308621108,-0.1130877728787282,0.2922704481937657,0.7082276694297734,-0.8209970001507378,0.3007198715948035,-2.6929460108210543,0.7923493045245418,-0.5710670676657759,0.8963093210660661,-0.5852472048385581,-0.594774176371559,0.5267983944548027,1.609905772897601,0.8113085797406416,1.4760767433457114,-0.0044765139100619,3.470666877815976,1.965700326286964,-1.035941132985332,-1.9226453450972485,-0.8578479860810869,-2.1810650049393128,0.6217786404250738,0.7106285930226166
0.6449663279177683,-0.7744255964427583,0.1160057907522091,1.052495035607968,-1.1767120037769796,0.2997469332498254,-1.390312718289522,-0.3437754692775051,-0.1281002209329404,-0.254190585314883,-0.5416962730594084,1.272660539300258,1.7340045529145691,0.2753406491434844,1.2998874246731873,0.9845797441959356,-0.144057256720514,0.7836040732564786,-0.6194992525390772,-0.5278585312844889,-0.1155304822354709,0.2187617843039792,0.9668803714815748,-0.7176719226487839,-0.0240440053287079,0.954261746188142,-0.7358732541951776,0.3654200740233433,-0.2703828085498221,0.0473553825795534,1.3843397376349456,0.3502011061697727,-0.221549857963495,0.8770910176704412,0.2390411807837464,-1.9181623696433003,1.2953401692174622,-0.3792769162721072,1.1894226722876902,1.6055023636282566,-0.0009824656423614,1.669658841274794,1.5468313115870893,0.3628783920026757,1.4526001671690696,0.3563255460626551,0.5982616934520845,-0.82131745763908,-0.2981824689476668,-0.8041689885650127,0.674855059551744,-0.4248503580771942,-1.1645257889530043,0.4482185364731261,-0.0324848275119034,0.5817668369727617,-0.8886955364096658,-2.76226082174873,-1.1603466954595352,-0.4373846059055692,-1.270964894609372,3.2170337045039235
-0.1624342099147989,1.899807915876894,0.2881131517731673,0.0442709284230894,-1.3287802942330238,0.9194780537864038,0.0268172207625879,-0.1960842465597956,1.5448751521345625,0.2201792948362107,-1.3642118228779905,0.738923495943877,1.3539021205003912,-0.0445861392323859,1.0302453351325245,0.3613454403124295,-1.2103350295379642,-0.1663793720557107,0.8328304767519337,0.073823284446567,-0.5796467989749986,0.189829943386406,1.1947452962289395,-2.480931671424176,-1.0277761168891344,-0.0285501646312981,-0.5430648559123022,-0.8627441514766231,-0.8665780200574744,-0.0156252938866526,1.4703725248437336,-0.5797681636081037,-1.0194953109672378,1.348671873501561,0.0823700796371291,-0.9402695787757313,1.131493262893786,0.4979326938798902,1.8735291053118388,0.6669748356254058,0.4465139596479498,1.4944334530541967,1.9434266578700103,0.228579054138523,0.5105194288762125,-1.137405754496818,0.7885273570068649,1.2387009369393898,-0.3563157828522143,-0.9879056819800752,0.725023046532169,-0.0149540583944123,-0.8587520198033735,1.298369789408109,0.2556503110816824,-0.8981635319742259,-0.4081559005280543,-0.1628809703971565,0.1279120323800265,-1.9381630081504684,-2.799109579328077,-0.3224430070914414
0.3736139814406493,-0.6082656587832598,0.4213428095403,-0.1752524308082435,-0.591991846641397,-0.3917252729576319,-1.7716678325126771,0.5892387608468663,-0.4364188043614303,-1.0734133187205417,-1.2078118828722286,0.0564458505678125,0.6223816895543337,0.283099136739339,-2.7987149169132,0.2205773075952404,-0.004294021687854,-1.4361760763413427,0.0467000360230104,0.3198146564086832,-0.2349952459830599,-1.0789782289822154,0.2851830168980834,-1.817891388152526,-0.0681381381368625,-1.3461498467393684,1.7252542179970858,-0.2042803236641808,-0.7563771591118322,0.667725301533459,1.1309308657440105,1.2154269568294702,-1.6154214284580029,0.4841360525823328,1.2850322399948813,0.4323277555473279,0.2619735014249518,0.2884975811992815,0.2427973934890162,1.052071601803804,1.908886837240157,-0.4693611638741519,-0.1197610974007743,0.8931215945487623,-2.009476063406441,-1.5304385792705504,-0.7111277533216976,-0.7277640189492708,0.5864218104134966,0.2337126702697212,-0.7934129748221279,1.0069435002357985,-0.1738316557523717,-0.0825528110665329,1.8834562240965576,-0.4649853214433647,-1.5997137065535978,-1.5535176445635712,0.7199661844276286,0.2332808945928745,0.9972130136931612,1.3939993674007196
-1.687653568577126,-0.8040214971320209,0.0461281756517125,-0.8827669250018835,-0.1409960637481354,-0.5026253371699028,-0.0108038445693234,-0.846477207260919,0.849116951329062,-1.4485705190076144,-0.7103319981178642,0.5853937505184015,0.4445431879420471,1.0760929120136242,-0.7908901593689753,0.4222759580876463,-0.7264915259803506,-1.6923104244647282,-1.5238723747750438,-0.3809275762033016,-0.5006801363567479,-1.6053106632971366,0.0807392916046422,-1.4147000440338025,0.7128957654589095,-1.269782017737218,1.1841223176327298,1.1326127131184895,-0.9319016939097512,2.858597196935427,0.7485893197851764,0.3449888169272332,-1.3166987356127158,0.789294041594961,1.626738450289497,0.3721504269605264,0.5099977262580171,0.6013659259264359,0.7185831208499406,0.5930309912732363,0.3972925718592538,-1.8164620092047885,1.1607358383731254,0.7643107583378268,-0.7490436007587002,-0.1922932858638646,-1.4578395185394852,-0.2278926225921617,0.3589914506503459,1.2905693500076898,0.5870055065693338,1.5526868306362842,-0.4449796357358115,1.219890082469091,0.8260084985656148,-2.1626913743660827,-0.7082125063735691,-0.0921119016112782,-0.3284528558960145,0.4527541028860192,1.1870736471461685,0.5514605353706927
-1.1560183339346548,-1.2373401820646113,0.2794727037621793,1.3575632312745056,-1.6129069072676674,0.4274737021593606,-3.1605678618012205,1.5086249073255436,0.8617308099145641,-0.8156958841360391,-0.4126115575001676,1.4431316421819622,-0.6279146467028713,-0.8196633373017446,-0.4122149639488481,2.0732239353709967,0.0183678774853164,-1.685662715832959,0.4343583376963478,-0.3287821563757486,-0.7662274428588456,-1.7705438079530729,0.0287736835750474,-2.238156844160609,-0.6396821082200257,0.1668807888944165,2.657840929135798,-0.4503766464813118,-0.3003489318011723,1.8440746170155973,-0.4583536505651089,1.1210305227160826,-1.2723951205348736,-0.2607843037700846,-1.36413720656594,-1.4954491162579282,-0.2756739830842531,0.0181406367103462,1.6539291904798483,0.1958597235602956,-0.8548178075689848,0.6307329604757743,1.7912868277209797,0.2321551203285047,0.2969413213577843,-2.412948184501009,0.7819928607898843,0.1201639741207011,-1.965787606093946,0.0105093495046758,-0.5680514839232799,0.2121001325346884,-2.119248902938895,-1.57439333130243,0.6406770029394451,-1.1076873631383464,-1.1310278195998849,-0.376762055245549,0.1827985051563806,-0.4247863754728119,0.1958418964355347,0.3890551045520038
0.3980605997232604,-0.0846269518022979,-1.5955820113680486,-1.7216466581731067,1.6848318210171338,-0.2187847015308681,-0.5445922034019238,0.0669301750149852,-1.5348058989491742,-0.6908760680999848,-0.5612899662724635,-0.9678733516099284,-1.8942545742581016,-0.8403159838564431,-0.5779902089291602,0.731063742792277,0.1185330437957347,1.1360175200700384,0.3302076591812054,-0.2329456814992246,-0.6805368023726572,-0.7996091510497667,-0.5229418734377328,-1.0053808349152211,0.0994663424034792,0.6286210102289258,0.4170185232849606,0.7344680263438196,-1.1801056136585777,0.5827120720076795,0.7061800877395181,-1.7905887881628089,-0.9758642005986576,-0.1227104890873175,0.2219259427195272,0.6776331625803604,-0.1150614771977306,-0.4097413488720542,1.7812271778971944,-0.8634836943631325,1.511478470818259,-0.0701528375487565,-0.6817378939791234,2.5240976975162104,-0.8908117976117953,0.0059783831374779,0.6102620825118082,0.9470936007765796,-0.3670708062630592,1.1728132305500492,-0.7111154781539933,-1.554030919845515,0.2321825649522875,0.9427751609017748,-1.8900001991709632,0.7118089221250883,-1.0069578603647344,-0.3337524420422582,0.0824146610103314,1.3735700112404303,1.1105877581907453,-0.7193676359420884
-0.1755767660245091,-0.0806230855702597,0.1655067202799875,0.1971072538853778,-1.3496263381119178,-1.094036264685219,1.032443539455389,-0.3060734367909772,1.0224543863384383,0.1393122632278994,0.2684424746303566,0.8514988673895778,0.8566341412408285,-0.7330456829929642,-1.9224808858051492,-0.917749739467982,0.0849144042230773,1.6822669589560073,0.8562065118220861,-0.2945414132295617,1.3942593622870902,0.2546275709701973,0.4203960160715948,-0.0626522304337214,0.0923392631138422,-0.0769440714206155,-0.8417624822727245,-0.964913851637872,-0.4253030492840722,-0.4842279041607351,-0.6524644229074019,0.6444144977779588,-2.2850735536359688,0.2289110587441252,0.4483404819765751,0.7825248305749588,0.1215229370483748,-0.7068896840975563,1.797632282323662,0.4042411560815433,-0.807765154218256,-0.1663511536174949,1.0323909267476332,-0.4359638300344538,0.2467650459314828,-0.3034995137168755,0.3058604285814096,-0.9882811092384938,-0.2034032808288433,2.274127518213549,-0.211780410114979,-1.816329600914144,-0.9921139506899106,1.977681049078012,2.763250001596661,1.9511974071584768,-0.5797218428958777,0.4140024584558001,-0.5299362862389476,-1.3548665779905378,2.0304389086654706,-0.0262927339028895
-0.0879172746630585,0.4684895203552424,0.8156364207650112,0.1703934772281573,0.007875523736472,-1.267589298210936,-0.3843980510578663,-2.922783772169637,0.3356556817016963,0.1913775642169014,1.3666714183563202,0.0598327713972305,-1.9110351604724207,0.5551358079199304,-0.1945934374923719,-0.4059559510676108,-1.3647191993565209,-0.0669222618842076,-0.785310614626803,1.1198050053681876,-1.069847925258773,-0.2458257344556597,0.6460242803002316,-1.7732979952848729,0.828401265708641,-0.1622442138174256,1.1485621221514208,0.0381345203065175,-0.4694422587853049,0.2862748109885347,1.9808967177132135,2.6930749000708114,-0.8703425440124856,0.3264333424741555,-0.4586325134802358,0.7740012608969096,-1.1811258221554617,-0.6605119107746474,0.6675520384325675,-1.5810654591564592,-0.1781829702432383,-0.9553985732944088,0.5612557108614047,1.45840271627931,0.6415723194655987,-1.190913425620136,-0.706377728084499,0.4432075137795551,-0.8754932897466613,0.1758734439544907,1.5784875905806606,-0.0555269267139428,-2.449278224328324,1.05492199093204,1.0196290977044569,-0.7266983377816191,0.4998367097154422,-1.124826780752818,0.8979524906938687,-0.0037232315073215,1.2755262636571054,-0.646084752743507
-0.9043123245037132,1.162669854406179,2.176207265675808,0.4014613886558029,-1.2671761944564186,-0.985706165633803,0.6260657506415943,0.1306512562592315,0.751776440232882,0.9205879762441648,-0.0293267154986017,0.5967802550276929,0.1315685830850204,0.9865987676072135,-1.2756485160443998,1.2130395558413922,-1.3077433173048536,-1.0949450104587377,-2.551946933722782,-0.7550542467123242,0.2758986886802889,-1.5974386531493312,1.465043250673399,-1.3898051880658306,-0.310832467636341,0.361873571208351,0.9265615500573484,0.3099164841697456,-1.6151012043636128,1.8529115416934012,0.5480337845593386,0.5181376984703914,-0.8708248925518132,0.7396714122308921,0.3676798205638036,-0.4491786786671385,1.0916632056796625,-0.7145271765702286,0.7879361274215764,-1.4793810381187,-0.5224174858317892,-0.6993887547546251,0.0215188239027778,-0.2066998601922129,-0.3329249089805655,-0.7062004384152198,0.4425408976676486,-0.2834880834009838,-1.6264030846356112,1.2188989381862738,-0.6778067993356157,0.494653136457399,-1.8856799980511747,0.0836059078273577,0.3512423455198699,-1.5803271618196038,0.8640180604380568,0.6525895968945798,0.6018879684330553,0.7891144015454103,0.8202358528103818,0.5711982605351191
-0.4034701249865744,0.2477402124980054,2.567931009758304,0.4797937205640409,-0.2136973266490065,-0.1356072434677072,0.371457460467404,-1.3483287499517926,-0.1135767380412262,1.1944118235596588,0.5530178906004183,-0.1865626832575778,-2.1236697924010706,-0.6123558819034216,-0.9634723682302946,-0.9850984150042016,0.6186754822630149,2.396293084830641,2.7519121340904245,-0.0526805667187363,-0.6338650475134489,-1.919350519970239,0.7237608951085596,-0.0049957334016598,0.014501733631955,0.5193272015530663,0.5448015921135607,-0.6986833690155115,-0.6001478837814768,1.071257732533468,2.0365400944780925,0.4983051138130634,-0.0844962601690157,2.3019415851727123,2.166369651449629,-0.5054697868803291,0.0356672685074448,2.4087370751616914,0.9863091893898628,-0.9598527653915576,-1.44839643305724,-0.8517354027532552,2.245200691807137,-0.8211488742327206,-1.365123955929992,-0.6113899076804453,0.6755353980055998,-1.0587416661362072,-0.3118351900806272,-0.390934721251406,1.1940392407705844,-1.0037592470561292,-0.4329120735079441,0.5389633296691512,1.2109275750130746,-0.8871283182276153,-0.2702156175630373,-0.5937459170417697,1.0141991182025794,0.5234812447457073,1.8883198838701043,-1.0767574410885894
-2.069234731260235,0.4868964336690456,0.4316836336379994,-0.1036744828201426,1.028793397226277,-1.533881870992445,0.2788344723607616,-0.2985827959322594,0.0050982494515472,0.2805628562341615,0.6148110716682416,0.2682193572591335,-1.6839569276883768,-1.969383470587149,-2.669275225287671,1.009955731409832,-0.8409595872189313,-1.1259195626551155,-0.4300962529174576,0.1164273420653346,-1.704112032159946,0.0880292562736122,0.2521213723726545,-0.8871469492942257,1.006831451398531,0.7057513067373462,-0.0311614498444536,1.7677016032680917,0.7571129854695994,0.3219453968493883,1.1533413529063212,2.256716515560474,-2.7129388847703084,1.684755441206503,0.919705729166129,1.6329698403042618,0.9096688345155052,0.7318242834246518,1.2065838189683575,-0.2441461868008567,0.2603603004651695,-1.4101491887142754,3.634589817760922,0.4317929206341319,0.0296690341023164,0.1828530566224373,-0.7819010484036952,-0.1960557607542727,-0.3004555731680763,1.0426546676341335,-1.0479463903978443,-0.5546418750650703,-3.58761373147074,-0.9304294491864528,1.3588515771064569,-0.1173568131681835,-1.121280456029689,-0.9754390798095468,1.486432506994989,0.1897206132143823,0.8986051750645624,-0.6140161799697327
-1.4428732619336249,-0.7806484029000954,0.9017835205924866,1.1425093481958646,-0.9029424142637807,-0.3067603414815966,-1.1767406684526451,-0.1727082820286859,1.1106434165870875,-1.5263448729716182,0.0219129007709095,-0.0774692537577934,0.1390901650992094,0.3763749569622148,-2.3672564996540717,0.2345098384629348,0.1929206617850596,-1.1414040870607358,0.3403093514636677,1.6863722311767717,-0.6315358774638627,0.3725942155649453,-1.3730798235911128,0.5455814803246508,-0.7103632826684642,2.0280282341620914,-0.7004005532605759,-2.163062194587828,-0.2580843137775924,-0.8770475308597379,2.413135216111966,-0.8047716403985536,-2.812245236486232,1.255459063067276,1.660294869887881,1.4338104895828307,-0.6896753450293049,-0.4711596849264294,0.5918861177548406,-0.3785377947670838,0.6788559765991179,0.3086029952469593,1.0560279770311969,-0.0216667554346871,0.2282176204250423,0.5738282762221871,-1.0676775277806376,-0.2202696781416654,-0.3233238986419701,0.6025077886439243,-0.8016595150104816,0.6619656372918604,-1.8027556798211823,1.6120922642441462,0.1758100854641149,-0.7992246409063575,-1.183892187564387,-1.379759091766577,-0.2181261579283582,-0.3116404418271663,0.8043284678542288,-1.6203974682515645
-0.0062438569778077,0.3247353572237216,-0.4477053983088743,0.4080070296050599,-2.1459169592745977,-1.5582673351296248,-1.2829097593622258,0.0790357240499244,-0.7161683469234872,-0.9290009090422836,0.3257828120984229,0.0427837712473769,1.0253550118271948,-0.0382392139196888,-1.6106536949810968,-0.4069878536026438,0.4427934231910991,0.3011528564929769,1.3555989590545765,1.3604489992217577,-1.002298165946861,-1.4242860825111308,-0.0996101025621657,0.8752787024563252,1.0356098392920638,0.3496323389266638,1.577211930306104,2.0192821310114506,0.5074742899890073,0.0273985372287892,2.493824954631421,-1.1961293111713205,-1.9976071898571384,0.3927788341532926,-0.4706575721837065,1.47792606347851,0.7704210560658442,-0.0060926419899618,-0.036631994202509,-0.3424433210137729,1.3443351413078513,0.1905585170860504,-0.3701086436918349,-0.0578645624196253,0.3461595511102818,0.0053736864015059,-0.8613576661809339,-0.437565572899689,-0.082063542492409,1.3759150408098684,0.3890791249710454,-1.4229944890585444,-1.798697675335505,-0.9912186825131032,-0.0133187176471895,-0.7550459202085688,-0.0531559389689408,0.047814919632925,0.6018456126479395,0.3043599895633946,1.0052985168498598,0.5920727171498927
-1.619342883366684,-0.535337729892133,1.429149821656645,0.7483564948900622,0.2331565932341064,-0.8592421459003619,-1.054971464683606,-1.196896392190181,-0.9796970509576368,-1.0826014010679443,-2.6306477026969155,1.1023965057711744,0.8784927095349788,0.6490884354775328,-2.886702286345944,0.1423238856579207,-0.0673925680616724,1.118069224635427,-0.4871022023977061,0.4757733620237296,-0.2444151898114017,-0.5578406575531762,0.0166483433707756,-0.7862342669865087,0.3102382714245775,2.5372646162671035,2.369922808702465,0.6315531069409663,0.0282065987847918,0.3421238915869108,2.929291547873743,-0.8169521408372272,-1.9705491861957916,2.905374643439666,-0.3280032050048277,-0.6622591206156772,-0.6255411029339099,-0.9323204270194888,0.610713281473731,2.733292280873883,-0.8991619719343742,0.2092910105693459,0.4553902794020119,0.5210889368704933,0.3397571004753767,0.5459407988763494,0.6678267730741767,1.5696650443392288,0.1249589971621805,3.497620154135224,-2.186312361966303,-0.9694862988788888,-3.105762334476712,0.6523309966316166,0.5659617281481499,0.753430641173984,-0.0706581406539806,-1.9384539838088912,1.21177830978632,0.1353542006709575,2.9024384257309546,2.8211131355109718
-0.2380182033184918,3.291269708791672,0.6280206317867014,1.870640378140552,0.0687397312953495,-1.2003481256370911,0.7211987337358121,-1.1479108766017172,0.2494135610227315,0.6966824769209399,0.4018166003658371,0.4753335550193397,0.0382204046088644,2.4808919458796543,-1.3794180502515954,0.3298802230808068,-2.141396016805441,-3.331978062178285,-0.1207982217957795,0.1293624114211921,-0.2294136622269772,-0.0834997600373608,-0.0195606033588141,-0.9385861279075728,-0.7969307581354309,-2.2808692106437496,-1.4031433618087237,-0.6986353509580643,0.981336038471594,0.9511670262261273,2.0653041489442785,-0.5404387966056426,-2.70921744481994,0.6689246119882201,0.1131677405623807,-0.6566063757659026,-1.1058119962194592,0.6523957744369653,0.6970187745504595,0.1673456218969428,-0.5915490554834609,-1.5491221573402425,-0.248371544881017,-0.0078248015299127,-1.558896399569888,-1.9021130840710043,1.8741434769410392,-0.5430974278655304,0.0940255599662128,1.0038506175656603,1.0427341701576196,0.8080082644284153,-1.3232169023758795,-1.7491586802855932,0.4136766221861304,-0.1028510404765237,1.1659100439727157,-0.4200488097811859,0.5053691177090928,-0.8587067973837165,3.331698162283124,-1.2448084296062265
-0.527418627439814,-0.2962086799795747,1.046270501933928,-0.6297231504911855,-0.972898783642786,-1.056613725642532,0.935413191147412,0.0425994295356272,0.0767130997831015,-0.8308674545983535,0.0386482567072892,2.085614747224504,1.9944623413815317,-0.4999359327449991,-0.2720718967288039,-0.1906810662623295,-1.0881871981952058,0.0432268440501388,-1.15660589369468,0.5506338217080436,-1.3932083538218678,-0.9981184497162224,-0.7928742936843564,-0.1476999346396182,-0.1438355177655528,1.361537380966907,-0.21997470000982,-0.2146105479539078,1.5688218463689274,1.4048604821691748,0.3331602987668292,-0.3885250348063302,-1.371967819336411,1.0072777628824885,0.488867842698973,1.3612005433014072,0.069162018136918,-1.2578608411248648,1.8081386707433853,0.1201770727719196,-0.2982170800538162,1.6704149847560927,-0.0444074567909058,1.69908704332435,-1.3278451623493592,-0.2395424951903985,-0.0144965150294777,-0.2715810131264898,0.0187325033330104,1.215083634337328,-2.2838645850318464,0.098113403180895,-3.1486926324366533,1.6356034066352023,2.1990975464169344,-0.2829474631899315,1.7944361002076168,0.5471714240794616,-0.3628590043689521,0.7337913550377989,1.7689899877286426,1.3907927837740477
1.8973191284746076,4.535491860983126,1.803949089910199,0.7833720350579985,4.383900262276294,0.8906763445497949,-0.0198104013100139,1.270469078153671,2.5893821238410406,0.6895552123285518,0.6683246626377232,1.9651262887262355,2.7176055481099617,3.4373268091730806,-2.2600012713754283,-1.588196940874465,-0.4843421384785597,-3.174685240448638,-5.435544435749702,2.522644153838446,-2.0415228154163314,1.7546049685281138,-0.3418136675776572,1.405203837927813,-1.7422214507045923,0.3605721745117909,-1.9520322772830296,0.4303112906054399,-1.175450010708037,1.5708823302211603,1.2829108356793923,-1.8432702865888284,-3.7580636011554063,2.7061247498605745,3.4743669724277466,1.4460008600609244,1.1144474359292371,1.3002526834233807,2.6410573488442823,0.0693659811814144,3.1242472206177774,1.750817294930128,2.1323047252956067,1.2989873374148946,-1.784251642741896,-3.12161421822962,-0.3961141757678129,-0.2986366806081842,2.3560773821154517,-0.6870372821478337,-0.1775139327163301,1.6131671475319542,1.2820312229816522,2.7805511221420485,0.4236496330254083,0.7331302330441973,-1.0207470528805815,-1.6659593309453364,-0.07808462648889,0.7978814300221552,-0.5624876746084821,2.0427195798730127
-1.3900317131320803,0.277887378200349,-1.36130147071821,-0.1779070096755116,-0.2689350238402901,-0.6414882186540141,-0.6829708399408975,1.159054486700227,1.2354874147747197,-0.3628398454837488,-0.0147902828011539,-0.8194971461737718,-2.0737035497282426,-1.180057293459968,-3.407546173654397,-0.5605637680619208,0.3046970719829529,-1.2809251041388765,-0.1214717108151612,0.7675365286894749,0.5334693538890447,0.6148012103455072,-0.8009714331634707,-0.6995279120970059,1.2017198722190172,1.0740991508205178,0.6884028656285884,1.3542051567670534,0.7063586888571312,1.9190867855525804,1.2404594189679488,1.880320896812844,-2.993512027818297,-0.1156430062149397,-0.9509279586197412,1.8303905532666305,0.3059835943258668,-1.3280901848309457,0.8625865619130297,-1.6557021218923835,-0.7463943647728127,-1.2028485524534975,-0.1680848319430401,-1.083160882562738,-0.5216034878704985,-0.1078644243554981,-1.2820846762802418,-0.286679297082515,0.0654130060061279,1.2740655315543146,0.01076460075598,0.1925879976626994,1.1211660299967083,-0.5654753607690686,-1.367386632618777,0.1949114086088784,-0.0712216189911202,-0.3404169857536995,2.112747954775823,-0.0536875521917677,1.4659915023655126,-0.714366486536453
0.1500870562260128,-2.8073718496205133,-2.361531725106248,-0.8840378474989286,-0.2862207545586329,0.8711177415073609,0.2669114056698444,-0.2675215016161755,1.663363093370422,-0.428845492255544,0.5804479644220973,-2.1741560306790646,1.4905145561927222,-1.970184794919553,1.4276745786718943,-1.3153693240904398,1.8800644559694628,2.0988334947435696,0.8205898826763223,0.2889354018126254,-0.0021662583955322,-1.391496009608621,1.4770065291886652,-0.7587798074692359,2.115198197706467,-1.2753328275072922,-0.4379313368261329,0.1548294037071157,-1.0475328438212057,-0.9026746965567278,-1.1658383008130586,-0.2653677705463821,-0.1126152588732866,-0.4853628828491891,0.8342533815159536,1.969900607394821,1.0425365338543724,0.0798147605005304,-0.201203987174122,-0.2710994636645707,0.8370187721023693,0.3870472857742842,-1.3167491140761127,0.2740605095032088,-0.2000710742269387,-2.387780904462842,0.7947243597479816,0.906272692638179,0.3755960888501208,0.3623221944565133,0.6506560924159508,2.5990672159826143,1.9087733793561776,2.2062966834598323,1.4469077241779522,1.0811654468155032,2.337407287465311,1.9494895322717305,1.4110774069236622,-0.1879593202306956,-1.2693403232919764,2.278415268080092
0.3144331264645942,0.5463302004009596,0.5252844143275393,0.4967054053389944,1.9668066573296012,-0.918107902537332,1.1216413905406308,-1.5770919109077686,0.895553579568739,0.1772271860388702,1.360102394050603,1.6665465951340106,0.2416799201243673,0.141312641751253,0.7827607844323765,0.0010615764674344,0.8167928281250196,0.3134685265134075,-0.2824713769986522,-1.0320815499480591,-1.0360489255086642,-0.9869622742061362,-0.8789082142237751,-1.925063316622678,2.739240435583694,0.84995968593705,-0.8467124693472255,2.3490739467360835,3.3977113713558524,1.364870802568029,2.464724189570214,0.0774582791210169,-0.7647164838627286,1.7525394559360776,0.1464268700433608,-0.4954610523948659,0.2316862567104695,0.1715492685198974,1.3841630961308238,1.4291447260482064,-1.479974508366518,2.9922279718403155,-0.251921340160583,0.531142542747606,0.6214476027300475,-1.4885351207917603,-1.6604855621188228,-1.9190482193037413,-3.0179204344833224,0.645884875200575,-0.9455012606959756,-0.85384491576058,-2.257816087617788,0.2993453371548942,-1.7762986277345625,-1.9874592935222424,1.1034106000677584,0.2772164048562687,0.1953339899707047,0.4798213612089442,0.82988709902116,0.1888731211018604
-0.2987808483858462,1.6798939307641638,-1.831848896953289,-0.4121593315463194,0.7608169263255536,-1.8070777825837967,-0.8032299537168507,-1.4702176328797505,1.1051398943623163,-1.5862070373031192,0.2178451019756201,0.904426264519104,-0.1698303350123657,1.3282110373540206,-3.506066568232062,-0.6078081263057429,-2.0599314432001528,-0.7979628382578563,-0.2952707927080599,-0.3393425005554566,0.2058886679699347,-1.3087706202666751,-0.4319228963765309,-0.9221932321039256,-2.109953588468326,-1.6170602202748143,0.030805117205337,-0.464526599056501,-1.3174550789549238,-0.297926213491708,0.9082047409669364,-0.4495527511435473,-2.364734808963881,0.8033270587216117,-1.3264247229258932,1.041044808549792,-0.2544308667777318,0.2763298203368258,-1.6819173593708558,-0.648921110929336,0.5559136797584702,-1.4591001207616088,-0.0550128089275395,-1.4078143803711345,-1.347286931986732,-0.5838864248210087,-1.563894411453565,-0.3192717382779548,-1.5233415420096856,0.927172589682402,-1.9259628903707424,-0.4449813840179108,-2.164484417881088,-2.242597333648201,-0.0765156636000495,-2.350392502990806,-0.5742921617960013,0.8791652687598477,0.9272125765165008,0.1046262798525239,1.470528521615755,-3.208719700739544
0.172936218895705,-2.2464288885796124,-1.7063381721155222,0.1065047178733569,1.4454631624607597,-0.3458626823825941,2.009813222472456,0.4836151836579292,0.2641989210377142,-0.0929236301921185,-0.1787819308442686,-0.9955532264505996,1.1545315613222,-1.2009314302241418,0.8350614165001553,-0.5467668502028841,1.0985763104625106,-0.9716477146807012,1.6119236167779971,-0.0029478209461057,-1.810049019946385,-0.9339739370440452,1.3365865978677167,-0.1204889890374333,2.7233110933874847,0.0401922576147657,0.1367879997302295,1.6541802232617209,1.3563383572445955,0.356615630185944,1.750465482027869,0.0760251311970932,1.77079238578102,0.4214881335078582,-2.500675337833536,-2.331025846500948,-1.6369432057300215,-0.9009132995394684,-0.9129152954749292,2.401965185406092,0.186393504473655,-1.7868675703982282,1.5294864620512132,-0.5042868345389402,1.9536426517315304,0.6623892187106644,2.240750255224336,1.2822550499059782,1.627311806564975,-1.7206613094695442,2.6259176673532867,2.932386270746923,0.7733043968833926,3.2070963528090664,1.8365551882177464,0.6908293707479468,-1.8621983893639404,-0.8696786034110997,-0.2280674306225347,-3.1783427652396723,0.5414602591353005,-0.4758411352025233
0.6827310566088078,0.2993795954210878,-0.924888704311783,0.2337466823156008,0.7228312897278923,-1.2399219255246217,-0.6350418839015413,0.8606770351466474,1.0505297989407936,-0.3699279487757331,0.601202484976687,-1.0673678311973922,-0.3506240203874471,-1.1214880034065555,0.2271660415507447,0.1525801212928125,-0.8795071043454843,1.0359808692827954,0.711175876581931,0.8037812075886512,0.0981089150216236,-0.3007859456923476,0.4172879194112151,-1.0087580087096606,0.5216625261323882,-0.360184783222136,0.9946562327446064,0.1274486754716953,-0.3910816374884571,2.261836484155799,0.0957814935483737,-0.1452711490752307,0.394882392675524,-0.415156395179989,-0.9856825933029696,0.1670124143577283,0.8786338807695396,-0.2156182610021509,-0.0045081487464064,0.4672890561386834,0.1438813735551206,-1.3085096022869362,0.0379780638733257,-2.152927213729676,0.4098519609314772,0.6343268475457517,-0.8770988156662731,0.6653573944340327,0.1882286181820044,-0.0202770498365598,0.2997542776395076,-0.0404955102209768,-1.1190448289970305,0.1007452522709897,0.3407080347120387,-0.7100064496563204,-0.2338860713053186,-0.219647458272368,-1.0302234917181414,1.090139996331693,-0.03042584099491,0.1549138396983324
-0.2624424398152211,-0.4556929673221004,-0.0398290361988127,0.0339955690512189,2.279011085518987,0.4896388393845802,-0.5147503323516265,-0.7164691047238019,0.314047547506207,-0.6453189891906854,-0.2225049755501044,-0.0914389467454125,-0.841837595916427,0.3029538561570581,-2.730475115645623,0.401495434437549,-1.3074636256833023,0.2058782539012531,-0.5029482001879257,-0.3116322258729138,-1.7209450317325694,-1.036739583737368,0.0938216573288817,-1.947252110024008,0.5886774380567873,-0.1568428980768338,-0.0234636407390985,1.521323322872401,1.344044717265752,1.1738021015719189,0.7036598417790354,-1.9393523361808007,-1.4392072628906942,0.4176075101936215,-0.806052088292453,1.0474959199741352,0.8934243076901234,0.5780676135304064,1.1135703087903126,0.2462098288269964,-0.9472959455939182,-0.5845112499028189,1.123967997597183,0.030853604457101,1.3984068693896214,0.7906664577404112,-0.7779354020339576,-0.5839576666554742,0.9953392580662228,1.667849624170478,-0.8792164373623885,0.1219591962224052,-1.751524568583505,-0.0143216389634993,-0.468595158997442,-0.4002378566189614,-0.6665981682010582,0.5264381751085063,0.2844834866097224,-0.4840094579805563,0.2540217735906629,0.9578632639740008
0.4366225677811366,0.2253174169501331,-1.534242209140419,-0.3530690313302418,0.7859274780529826,0.3073424296253141,-0.2309919715685132,-0.4512560735310739,-0.213719449173902,-0.6153132271562577,-0.5342633761182582,-0.1687948570382387,-0.5777754023119613,-1.219433960238968,0.8668796894256917,0.9016270037501682,-0.3547399298579532,-0.2269367481567454,0.8326198653036047,-0.5273819086022276,-0.6560051817463382,0.191057881103156,1.5722779791823456,-0.732928567502236,0.2339618762653751,2.6875139080414074,-0.636804192379536,0.7573823122567168,0.6338714094800089,-0.0810996510269588,0.7597277837678587,1.2834593500793254,0.1556767119803825,0.4106218976077775,-0.0592809278502735,-0.2345109347505432,0.1039126006811483,0.5105344652394681,-0.1420296473904033,0.1023361124282747,-0.9695489175142228,1.4888153319368371,0.1652980167921739,-0.4283085376011173,0.8952373284554489,-0.5730677547155102,1.4882493998334518,0.0738619750969262,0.7044486634473747,1.0543495131301932,0.4643858511391606,0.2249926072042891,-0.805105022588319,0.77976395042216,-1.16012636504438,-2.49676468470244,-0.8246087154759314,-1.2567364081684134,-1.280589524681782,-0.9197552869990344,0.2014943602405133,0.2817407525121729
-0.470993428711571,-1.5122456010116911,-0.5259608822457156,0.2996256041449789,-0.4899267939264143,-0.8798683939425062,-0.3222690569653935,0.5680005061780692,-0.4590170251210017,-1.1171180302007315,0.5876899320298161,1.0596764244120278,-1.9724521632390288,-1.4571350343180245,1.6375563972063474,-0.159081750067334,-0.5513675934662758,-0.408041562888936,1.5135327150895606,1.1806386653767895,0.0499036826438242,-1.0861421400149205,-0.3388007240578035,0.0484358339162006,0.0775217110747225,-2.248690724474855,0.8697507814807577,-2.323754672414757,-1.0378716702645443,-0.7891357527469692,2.1259847028759817,-1.105779297573488,-2.699427880760988,-0.1999402956311909,-1.8358517981945013,0.9905123926211944,-0.945993849815682,0.3932131685425923,1.1032208714542393,-1.8372288607824248,-0.2255712225798029,-2.673167257479156,-0.6594801641210186,0.9762806991601398,-1.8370140628274387,1.2850048518511206,-0.2728371183800887,0.5198405480649797,-0.4699159972198332,0.1796348891397222,0.7968783792805261,2.1058296573253408,-1.5218251800112403,-0.8064115176461543,0.5550667145225125,-1.3392991684711193,1.4837768553173407,0.86197810163323,1.133129938511147,-0.0042576062605428,-0.4379369966321467,0.6221696864872791
1.688690483020412,-2.5370074864900087,-0.713182621943474,8.544119742031743,4.068443357066027,7.079119969964086,6.83978948208245,4.5655812966965055,6.513879962821901,1.2700429189457003,-0.036871044189326,1.7553622384417595,0.861516422542538,-1.9444209714437812,1.466213124662499,-1.6676140990934618,-0.4684802693223933,2.3373558313728164,-1.8680487757400004,-1.034034242854729,-2.563981636856964,3.5161313242373717,5.134160582793784,0.215911590330598,-1.4931044852728832,-3.043420037435895,-2.4308328898802243,-3.83813877283414,-3.346006839664378,0.9170207380930314,0.5132459705329705,-0.4238959269464921,1.1846124269104314,-2.353821582917885,-2.41632366862497,-1.0415775014397493,-1.374403108682854,-1.410474724400514,2.744255975963529,3.207393417938526,4.165686354257813,-0.6011966906327837,1.8165312726877023,-2.83122610132138,2.5739591418242678,5.38652987679116,10.224169288747747,7.140241296807982,9.132067654506985,-4.04741474957538,6.04129181884005,6.282299505127156,2.676596173677474,1.4438558053682562,3.183971033042716,0.4219633142073669,-0.8600439528804977,-1.8890930358518787,-3.104600133155627,-3.8837845734828975,0.6767402907945694,4.224791926627509
-0.6605295072671423,-0.152916043877922,-0.313638923008046,0.6237131271563583,-0.047355495464424,0.5576741163440673,-0.2820321053524365,-0.0243626226160682,0.0369071543610722,-0.6165647179804747,0.9020325996912546,0.3402347906581537,-1.3878540241646202,0.9808505271102798,-2.836379632195587,1.3255953202460362,-0.5905982602715407,0.8563891647283772,2.325375814164461,-0.3235339892420775,-0.3607723548135546,0.36932246362787,-0.1544174005332915,0.4037309387187869,-0.5365853707946491,-0.4742325638140531,0.5303380654374867,0.0150448467902598,1.21943811936364,0.1997992567615519,0.4917697479180481,0.2543907459387117,-0.7553084085891754,0.3422248977774949,0.1368082492333918,1.2091959980343747,-0.6422937620812493,0.7645580042737768,0.5414290199254398,-3.1456468952479906,0.4822470438206564,-1.6241365302708857,2.2113380816815336,0.1422920795773784,-0.1689088507560026,-1.1851945275128113,-0.2280831205555261,0.2536020594913684,-0.9081479555356564,-0.6174130927553784,-0.7024141993950586,-0.9587893843306162,-1.2209067582237008,-1.2982265485752345,2.065576229229851,0.2934805525875867,1.242154521940859,0.4202829956616366,0.3761070411098918,0.4544493451423841,0.0241682681963451,-2.9984238705478488
-0.0139812689093237,0.3518673420384392,1.1456439311874227,-0.5707655007180664,1.759501728277622,-1.2329404244229585,-1.0488372170172675,-1.0391467697622894,-0.1525249353632749,-0.4091853298639945,0.252035776800815,0.4206923562226465,-2.17114405745282,-1.5535104841414085,-0.4494186123396037,1.0344662938862113,0.3844387100511511,0.8105397866329122,-0.3349444138790148,1.2565667220075265,0.0881006919531209,-0.6770385717129024,-0.0490403195320617,-0.4781636293444397,1.3512135333536226,0.5471201006943741,0.0261481392816925,-0.1040412783757339,1.5796946141092485,1.6751549441263864,0.3891878205942577,0.3815796979294029,0.0423142170845975,0.4765098151099143,-0.2839528417314713,0.6347008192788435,-0.8147713169015729,-0.3444753213343217,0.9346005593339768,0.7080346775899111,-1.0518279231145211,-1.4440323619631077,-0.2563163672167824,-0.0850919784759222,-0.2050744325341392,-0.9033907669258356,-0.9608092146132554,-0.1118426422903123,-1.2503481848295834,0.3912007824534849,-0.7035449722900745,0.3337757478096718,-0.9738454399739608,-0.2280289118476638,0.5902372340271209,-2.555081496920222,-0.4802604222157106,0.1131098114280405,0.3544635899127298,0.2082424043535491,1.373637152775713,-0.7980669648203358
0.6176398166459918,1.176979255555222,-0.0700477690409892,1.5724389375698762,1.7302866289013263,2.823477803593625,2.2310787052448275,1.685867417788572,1.609027221404104,-0.5992312437149927,1.8374170774695664,1.2279809710489311,-0.202014301873649,-0.5017152694074632,1.906470028403036,-0.2021628238246873,0.0913906348346368,1.0981300561678315,-1.0129606185623272,-0.1520888826101964,-3.255267256981587,2.549905235938673,2.218528175596872,-1.006112457469348,0.8034310640146456,1.5980115010279934,-0.6718760352528679,0.6077299556231335,2.199487363894589,0.3737760150174793,-1.4786290797753323,-3.504495123108277,-0.5260710388137295,3.030804656011956,0.426420117403186,0.7675493105192256,1.8883264775992208,1.6195730521282026,1.3805440904518826,2.3932901947171685,3.362337668704185,0.68700731004172,1.166806540854811,-3.134224526124881,-0.6055079599134277,0.1524987532967706,2.005240800291069,3.3002496896469005,3.367269600681189,-0.8103119000160562,-0.0063983938344538,1.2206049368389622,0.4642755277029321,2.612419181459548,0.8467678408586043,-1.557161362193316,-0.3531872098854552,0.5301768928075534,-0.1426489622740403,-1.0506786985580818,1.0013521729251684,0.7977943387799638
-1.982805527343957,0.7851655280759681,1.5693860073312114,0.1371242757372329,-0.3163295721082956,0.1400028911606008,-2.610338807955299,-1.16412107011815,-0.0709715692800225,-0.6423773315264516,0.5852582053316362,0.6367693772227849,-1.9889553523760588,0.0618955588767889,-1.8056030327537056,-0.8889141455740924,-0.6383706666744376,-1.9229114874570372,-0.2714841037623883,-0.0029264478125496,-0.3846495212334737,-1.378960504808068,0.0449211427608048,0.2822414392201002,-0.0964145901203692,-0.3650689330369149,-0.7572186903931941,-0.6912045835830025,-0.1044196940087236,-0.839238193282208,2.662431412313364,0.6992745170713518,1.2364831261670866,0.6243742132095732,-1.1156971303105818,1.0117684634036257,-0.2309388177077741,0.1871318657642068,-0.4106280991833887,0.2584498134585562,-0.9496540213595108,-1.7398958640647213,-1.3155652161938336,0.4448586258046644,1.223922455210518,-0.6326145415590287,-0.9687790987685484,-0.3827520151202089,-1.7727298794313815,-0.9967525712511898,-1.4993021634532409,0.149681515279073,-1.1387853995259063,-2.0338237799767604,-1.1122358333251712,-1.4307719570175494,-0.3253038372940855,-0.2450413680733536,-0.8555229708073869,-2.026870368228282,2.1681961972094954,-0.6751529659758497
-0.3369475390505296,-0.0650760859393751,0.856160739516717,-0.0603429139873252,1.7789302944469667,-1.2351317908303787,0.1186733452946584,0.2088311590498298,2.242248537824425,0.1540519067270777,-0.6398916378714756,0.1759056663559548,0.4301121877820059,-0.2093019603880002,-1.6390317421946097,0.4227675317553694,0.3853374722071979,-0.8851835220675631,0.0049148451351245,1.009068362750965,-1.1370494458579656,-1.5614833543627071,0.4961197340235356,-1.7712013136012583,-2.217900163798752,-2.096810734856766,-0.5202376906618592,-2.8826567987607525,-0.898887266771912,1.073140925496674,0.922589529795918,-0.6715912755407438,-2.042424364436906,0.131014181089308,-1.1385383217454874,0.1541229399289138,-1.752904735825342,0.4973327059349632,1.2505662248127536,-0.9304104196826634,-0.394706294288506,-0.9053468463995612,1.324238989464654,0.366767940378742,-0.2294672001846468,-2.3224108712536053,0.205349134241095,1.6953012057521928,0.1614144162290524,1.4223642287471994,-0.0423834032154204,0.662079997103506,0.478133296026445,2.491314443141909,1.3515213034841789,1.2308897175879492,1.3117251387189257,-1.0182646742824168,0.1084465401574692,0.3170189097449779,0.3557378929272036,0.6382893383597914
0.1670331290872303,0.5341214828269523,0.7562434544228616,-4.262124850584748e-05,0.5437655146297318,-0.6018534158052214,-0.6145497703390601,-1.3123678813297706,0.2959477213979947,0.0370348673657553,-0.8561390998156161,0.3643094455821597,-0.3159362354047997,0.02800804697546,-1.640637473792252,1.345942737167332,-0.5053207939510567,-0.1471772773059603,1.659275977479307,-0.4273307726633949,-1.8641879287301768,-0.7551546519845699,0.6024699915979213,-1.899297805196567,0.0300852150027056,-1.562521087557737,1.3357079210726308,1.1787527470803385,-0.5438528269958858,1.404648278939406,0.2667102810767111,2.364998152627477,0.763279970914658,-0.1650207544451215,0.5976262558966219,0.7856221655818245,-0.0746320158854007,-0.1016633055962695,1.3324906892061454,-0.8298652105533808,-1.2245643256952294,-0.5696243920597285,0.5015753963278655,0.9780422057797497,-0.8019179478116268,-1.209534516699963,-1.5403881023545791,-1.2639469445189966,-0.0564456857584544,0.1798052764547174,0.662225506731041,0.4039128744127975,-1.515115479031684,-1.052864878094652,1.664836465659396,-1.487268112619571,-0.4783633822080082,-1.0215803300525257,0.2661200713111048,0.1106259352526893,2.271057710345205,-0.5919411083610546
-0.2718627689433343,0.91006361378207,0.0870941786516084,0.6530312636839235,0.2592144364512543,-1.0326737245682676,-0.6324018290974406,-0.7338318681064591,-0.9503946081978584,1.585309047429161,0.8773276983251723,1.7742897119786418,-0.9999745157493954,-1.8985934398965807,-0.0264749630112427,-0.1869032211113295,0.7538796110266023,1.3258987037603085,2.495099867199273,0.1051037718169912,-0.6734986748002757,-0.5148869367733983,-0.1328652825428432,1.1019243917246042,-0.5308839349226349,0.8647290259107359,0.1771571721377541,0.487470699874414,0.6452545019606719,3.153634224137904,-0.0518549229393703,2.18147441488542,-2.079555360067405,-1.7160552804652347,-1.369989354066551,-0.2455325913303522,-0.4529117455340391,-0.5561794047668149,0.3818896459165491,-2.384970117729549,-0.3004701040529798,-1.2851225299912266,-0.2603624411501272,0.1076537741413139,-0.1545705592296949,-1.455457480242669,0.7855674556962318,1.437249331845091,-0.9665008150873372,-2.198418807343665,0.6188549076083666,0.0492706504172358,-1.4453155301862195,-1.3865443432548767,1.6785229876287002,-0.1584393249329772,-0.3994962108586013,-0.6507463429198201,1.434301270564897,-0.3625517658119694,-1.2094092086293666,-0.6653107190397586
-0.971154293811342,2.263933061341777,0.0944816129645046,0.195153522511513,0.5548951365838797,0.313136373898006,-2.0814853738111654,-1.2370849191032949,0.1250613674518874,-0.8852175587360882,0.3147811389637084,1.1129489193703344,0.3399425792837344,1.3560550162378544,-1.6462542808022076,-0.1454086522895216,-1.1421830086587266,-0.1162045837566138,0.8104928275796794,0.3952791167847521,-1.2185177244381804,-0.7071067024010931,0.3327832456294591,-0.271258781868298,-0.7927324099845714,-0.2621114630057514,0.2092555663662171,-0.0917583151134654,0.4929087417165262,0.4753656269966966,0.4038567026518501,-0.161350990580107,-2.573914475108426,1.817211100941363,0.058712930712363,-0.972442485800259,-0.3863570867479874,0.6377790029327188,2.433741903324721,1.030912078975008,0.8805365329123953,1.1784523704041694,0.9118717604079418,0.3450705846197879,-0.6405352963988715,-0.9808820682860936,-0.1366833301635957,0.3736101669161701,0.6817309048986765,0.7127268818669849,-1.0068710820885864,-0.1163612931280361,-0.6822668062924115,-2.5175067516019154,-0.0544331883620524,-2.220978183434492,0.021955996385304,-1.0045906025624238,0.9003307142620716,1.702974905470934,0.0520723147418784,-0.6605963377088001
0.0018775685786433,0.5563279198437345,0.1005335765321429,0.0220456208445409,1.2738158447642134,0.3349161882831908,0.627356211027051,-2.1532104613572423,2.826444066432177,0.8277599743534636,0.3175772214652255,0.48374723366271,-0.8211545457144452,-1.3809940794466231,-1.1159351544831724,-0.6752549802998145,1.8966483903612132,1.234522312081343,2.47090691341425,0.286749465648896,-2.6895698963331,-0.3901743396731142,0.3332802855640683,0.7762996303434029,-0.8379837740843072,-2.690051964172317,0.0897254263853739,-2.6345429865872,-1.286547035004551,1.2551755518840324,4.045972936199548,1.103571478085495,0.4761866797216744,-1.1132373866568277,-2.719568512297587,-0.6060562604561903,-1.3420310864041516,0.4051669288045809,1.4802011909761472,-1.0735712517280462,-1.346976579878449,-1.7586677152692454,1.1163993929802345,-0.887601575148868,2.9092573077162136,-0.4186174955353512,-0.3993764676778453,2.3054237796937374,-1.036649242428791,-3.203026211844887,2.299084877396511,3.498209453532455,1.4999446389815143,1.9629923249532295,2.5302194196327923,2.2473894099329352,0.5851642590760808,0.3229606885241587,-2.458599107881917,-0.2622713362957571,-1.908390513146665,0.4430112648096977
1.2050013387744205,-0.7351371257631831,0.24117753067162,-1.546934921434875,1.3966143661384938,-0.8065494941609966,-1.4785821663824563,0.8585711561530227,0.5772244379290298,-0.5536783252269126,-0.237190706622774,-0.2137406424161422,1.7596172209059802,1.0109161818621253,1.020702974402613,-1.198956758093425,0.5360665126757672,0.6111893500780559,-1.4146910246416151,0.975420690750505,-1.0581062138146833,0.2486517822230655,1.5480391211023925,0.1901366208497326,-0.3102520289743309,0.1270698115924162,-1.318610777849578,-0.760210723670522,1.9210505072968829,0.5028923460657326,1.3483514374625143,1.8031464367312855,-1.0337110586575988,-0.3219299162704998,-0.6443688982729301,-1.5473959037537584,0.2151128015210991,0.336292609201533,1.205142796237588,0.56890666914762,0.3353708792383397,-0.0510838469796035,-1.1724850189388154,-1.6864527459272678,1.5195602698846642,3.0628656233513887,2.026238514828159,0.5456461218766843,1.008497920483698,0.7120925800375736,-0.5721997085541406,1.478394852529726,-0.5496218426327478,-0.1544205838626011,0.6438433272892663,0.9881167668514867,-2.582010631305505,-1.8102994893296451,-0.6023024000600538,-1.2478863445049866,-0.0901486313513541,0.6901835790318425
-1.1488612467152897,2.748998117956678,0.459563826252985,-0.1335461028604261,-1.174621353270363,-0.2002504518979966,1.7798927481753002,-0.0677996845207895,-1.2004888997149634,-1.8216256557900148,-0.0475523356563252,0.5793637414662255,0.9483158648785806,-1.473738662436513,-0.8617385136952479,0.1951767849678458,-0.7046693718492175,-1.4489059179957433,0.7345808339535508,0.0944420338391682,-1.3689528646224518,0.2674535381009554,-0.8994678586249307,0.8191242003647493,-2.2426742905953176,-0.9447839864728296,0.2183647167507385,-0.886251341761489,-0.3385033002107047,-0.8515961143993087,-0.4791713996785639,-1.7952212882639538,-0.0561137007919297,-0.9799640326937402,1.7986639997583036,-0.2266522238791141,1.9592397503077303,0.6108477427886952,0.9311331979121548,-0.1143234899492977,-0.0750222347300914,0.7508960177171295,-0.4571314579041002,0.3656324859272811,0.5079269040684091,-0.2209283425600887,-0.7611160914193718,0.7970866825787405,-2.4857004104965483,-1.032954935618613,-0.8112607379780472,0.5313118893726649,0.2297315136444189,2.0214683622143648,1.1821046462695963,2.529986536348525,-1.0257909815612614,0.212645139127138,-0.8669686293852067,-0.96598036792727,-0.5937385281555854,2.6736721776492507
-0.4645782943127914,-1.1987844381211403,0.885811511221132,-1.6830188180927834,-0.6219326302635608,-0.3979101961821973,1.336915909635437,-0.4512781290548408,-0.4921383619142879,0.3899439693665693,-0.5038017649348814,-0.7735463877700564,1.7889536076552874,-0.1475521622220835,-0.200606269594591,0.338236577650944,-0.1353313971965176,-0.9692887706005942,1.988541235257732,-1.2103054523929564,-1.1678664271221677,-0.3210438058994428,-1.0259907941531583,-0.661858308051149,-0.3096064248166701,1.80550065816408,-1.3603414104122007,0.2545637485290773,-0.3978720340817227,-1.7022948000547906,-0.094661104250605,0.3846747986859294,-1.1497811951793058,0.9157038133758618,-0.5014990847330283,0.7985032619216088,0.3239799634346854,-0.113667028325295,0.973538689307178,-0.089105609371418,-0.2057491882269453,0.3620529509950287,-0.7674794750728076,-1.5040986641741805,0.6860121534914078,-0.4876837556438892,0.0329007511159716,-0.5532434535420954,-0.95903512110332,-0.3636740236367429,0.6676362711557444,0.5774124380056348,-0.6865638557502992,0.1691640888633991,-1.349536711889305,0.0202542204283813,0.391320570144585,0.8700837196660863,0.3896268993086606,1.3804077137646342,0.5742108310415328,-0.233821520585323
0.1933966011661015,-2.1162742863124198,-1.448644397329094,0.0155669824537906,-2.182767973335907,0.0183771125161857,1.9427428409624543,-1.1770644786703883,0.2468545620558118,-2.2707713332480868,1.6395034837583489,-0.336426511553224,-3.477820899643582,-1.083716265351517,-2.078559394101,0.6530490193142229,0.2318514129291978,-1.7519352054729331,-0.2022785382393301,-0.872759461127318,1.874730645979664,-0.3467732789341611,0.4532390969100152,-0.7398487840702355,-0.5452813272354966,-0.8764537131443824,0.5906577962846316,0.4045059018836631,-0.5407215053564239,-0.8114466367043496,0.3404269793711187,1.5751434784680347,0.4240094137983846,-0.1373033942529397,0.4268820421471407,-0.850315034126679,-1.533717030071199,0.0397893731150559,-0.7684394730378614,-1.6914379845242875,-0.3016734869803907,-0.516157535769784,-1.7385729739459252,0.2402313664828468,-0.4409564259316881,-1.0148835636994202,-0.5543920428565033,-0.8979645712680693,-0.2800731711887718,-0.6463450748630681,0.1859413125350666,-1.138783256425968,0.5261501103997511,-0.9167170631326405,-2.448540294668505,-1.1901084847540315,1.9667124806023617,0.7002547840295569,1.3559472387858515,0.1706780530737107,0.7185424246991003,-0.8849231693758418
-0.5670252073436791,0.4038099949710381,0.0878753851704552,-1.1939014142244655,-0.4214956352137003,-1.1560998738806243,-0.238907232832455,-0.3061201959213169,0.382752765456675,-0.4243930330295301,-0.4806137629951027,0.1277927851007553,-2.4148509195103225,-0.8251416363109596,1.968054443429648,0.5014128748492742,-0.6993976246283977,-1.7180666281828594,-0.5108249249411835,1.6391435490025874,-1.6258115956371613,-0.2734047183462302,-0.0913904779361821,-1.5846943835611675,-1.37578886931601,1.181686351085031,2.041960475060046,-1.065641727829152,-1.506603711540141,0.8574165187948857,0.0049545665659753,0.0228223674555138,0.1172368042997298,-0.9223961020013772,-0.6155532407235109,-0.3549976862826494,-1.2454057876269655,-0.5147261920092546,0.7608513947715271,-0.601298467019049,-1.4557006890473885,-1.445051673744428,0.3028315039109496,0.3096102984100698,-1.8317689094325065,-0.2645724802763266,-0.7640138997697181,-1.4967124203541848,0.2137305516507665,0.059424245200196,-0.5469238821014131,-1.2559847436262706,-2.182003969818858,-1.065813354210925,0.1077016865142705,-1.517330407827055,-0.5486553447689555,-1.4180721893385972,1.7794393306600025,2.1067128358781035,-0.0209969766021302,-0.3638265042771071
-0.5220184449599027,-0.9588686248395036,-0.6088670749062758,0.1115766906557754,-0.6024284741035283,1.168542439964798,-2.6251851304938496,0.7418951515965528,1.01009705166776,0.2440132247037876,-0.3372088582728683,0.7930261860589084,-0.3129549076622384,0.8776224419484703,0.4467762449265331,1.6235134891326193,-1.911278918549557,-0.4970029324280114,-0.4466644308848887,-1.1911136025629163,-0.6474746232883654,-0.2181608500354618,-1.7744707638861663,-1.211785284128536,0.2704635959049174,-0.117155612147156,2.085766384255532,-0.5169709405228511,-0.6319756245302586,-0.4918561901768383,-0.0481045971566781,0.42263700180563,0.0054163090932534,0.4022494062351003,0.8783489700852511,1.8401312755542245,0.583471398011798,-0.3497168941316677,-0.2162286650229854,-0.6089437788980054,0.2256324340968731,-0.897080140489692,2.283843408654541,1.9228097607525931,2.3364097528447,-0.9039075421894788,-1.0821298471983465,-0.6589607250118096,-1.555410759900378,0.0304031471164543,0.9624703385335792,-1.067245018107834,-2.4075716582341,-0.6351526220982753,-1.6262587822582195,-0.9510026210072856,-0.7074827004303096,-1.624913043769602,-0.1680680704454807,-0.0944738236858677,0.1645293680542674,-0.0473843356379662
-0.0963574674016027,1.7132849911270098,-0.8596414256840993,-1.1240670434619795,-0.3819568224286027,-0.0794206108083456,1.4553806673338037,-0.297280109962271,-1.180862646035602,0.6205949932395088,-0.6339736061254264,0.5490560464781061,-0.4476485102159404,1.1770052202408028,-0.3390075055440279,1.147839558894748,-2.6104242600810705,0.0276931368334829,0.4725997010123968,-0.5322182973269453,1.1167894619279546,-0.2425135968836657,-0.1822072702287898,0.1792445509933753,-1.6349400638252378,0.687014116584961,-0.3267537907351031,0.455316539023357,-1.1455303242669983,0.6497531061863027,-0.54982053116019,2.883666478720052,-1.782089396517426,-0.4883361444919565,-0.5729405578347591,-0.0689693104382416,-1.1466954038906252,-0.3828132587747184,-0.4142028307476504,-0.9270790053333648,-0.2936907550849021,-0.241598788195847,-1.083953920594145,1.864607582163531,-0.0151711875638305,-0.6086055452689133,-0.8390002905496677,0.2621467560588356,-0.2053612024086757,1.4349525388640618,-1.6730398229765089,-0.1259091966819501,-1.886605476758108,-0.7098416891742673,-0.7996473944734712,-1.799134360754835,1.6947612919579331,-0.4048553345939089,1.7669363845012018,1.4401553526298678,1.0618228166957562,-1.6347077560210088
-0.3190677588140576,-2.525326780790274,-1.1248163015215151,-1.6582439360504222,-0.3195760697988505,-0.7334101060117356,0.0842107053881331,0.6257380218735742,-0.7456458652411542,0.362176678575453,-1.1483402851543594,1.023215727100429,-1.3867138420676484,-0.3006418036928412,-1.7566979117695307,1.607793558837278,0.0188597534665151,-0.2612047789005438,2.778905228458852,0.493724697366974,0.1436973385532526,-1.5731746730665463,-1.0242552001263112,-0.1163359969685102,0.7142774603279265,-1.6805251550542657,0.3220503852488417,0.1144689489655634,-2.572506521386684,1.3101174901892956,-0.0804207497952211,0.7065046225035463,-0.841098861273744,0.0244716413173917,-0.8021550260500888,-0.0726767119908785,-0.2985549203623669,-0.5151434732402675,1.2208239778808692,-1.6167781519321514,-0.3080901566202795,-1.1744713196089025,0.6903441409885587,-0.0057402443779004,-0.9574305849819424,-1.2148097765966497,-0.8239091888829111,0.5158285955095938,-1.142703904330328,-1.2442169037285966,0.972301748935105,0.0894124785772463,-0.7686769794381146,-0.0918053227271026,-1.5905442168306514,0.7836623432596457,-0.4382031424654297,1.3456627237116472,1.0310904442707185,0.1076897386423319,1.1190693797009483,0.1794403421000696
-1.4593356451477917,-2.649599500013609,-1.106599777412856,-1.6079252575087777,-1.1133590603731618,0.9794299861193834,1.7483927558146948,0.284742667809141,1.3682057167935924,0.2704869549491452,-0.8685452782808847,0.7023493189839061,-0.4246277986529492,1.5471463245066994,0.0746481128321951,0.2307667551742693,0.9238323642666312,-0.4391755001347618,1.7342585537681086,-1.6890392253832751,-0.4524190423406692,-0.8149454992874913,0.2738025591437492,-1.6238855373445598,-0.8124922392998749,-1.4273823270003236,1.595734248224855,0.0523527225673772,-1.4559685032333416,1.1714658676853458,0.9698168154131264,2.6253831219319723,-0.512214966260281,-0.6724597967578703,0.2788733178143698,0.2772372847795499,-0.2133604883547227,0.3995451630014385,0.8456555486104076,-0.2180989428800802,0.1894073377469354,-1.8697064968905608,0.4776597221498169,0.4192758400547731,1.372045439801129,-1.5220194239706433,-0.6842658593703282,0.4274722982747753,-1.4522932821364054,-1.0426778080147718,1.3201308257520632,-0.7661224842651266,-1.5027682615021858,1.8992113715976708,0.8083806679470041,-0.2769436742036386,0.2479936412122469,0.2975184180149333,0.5595048826436828,-0.5504337791083808,1.41726059609375,-1.51896590503978
0.0325418304326206,0.1824276493550267,-0.0459354704377901,-0.1585485389843726,-1.2676019990407796,-0.3004921051970262,0.926909332820857,0.6873957186090123,0.0439673307886721,-0.1259093519352425,-0.988975721597098,-0.8074143639730438,1.0771534813963766,1.7257217053808394,-0.5512650648714371,0.0972858835011846,-0.9023204148798748,0.6908188380164632,-0.2936122882130465,-0.0237767548703309,0.6831577338896023,0.0421186918355914,0.5254912043819614,-1.431265937881102,-0.0335163431126356,0.3321739407735018,-0.018359884160278,0.1459167986445643,-0.1356123206941255,-0.0823012989513314,0.5098408401568558,-0.9704198907063948,-1.6408065152885565,-1.036610079381,-1.4126015963721512,0.3785981421221439,-0.6727391153560307,1.189761076402539,-1.3781617926145977,0.4716730512422017,-0.7978912126028788,0.4297882983188685,-0.7291313189777017,1.789095103890454,-0.1478276941801216,0.652206073824569,-0.5865108544590069,-0.9001915417550127,0.5530718796797514,1.2741944462026915,-0.8131141172441474,-1.0365882272893308,-1.836323814693628,0.1973599656445864,-0.9381181668915948,-0.1952999214534945,-0.695646568131684,-0.2895009120809942,-0.3168978020609083,1.4157251766043948,1.4777687218850195,-0.1099903827185398
-0.1255663147030401,-1.1347408273417594,1.7372137677938475,-1.8811775960049872,-4.072446672581076,-1.1210758661007714,-0.0077634559076444,-0.3958696846107765,-0.4589152332242035,0.5994129069191863,-0.4261414866958956,-1.6823586777301314,-1.5562639875755346,-0.7379620596554157,-0.3429922560711569,0.1831385322568527,0.388202482331847,-1.1066386726530868,2.1910492568669917,0.3398630813433836,0.38524494565101,-2.177286368331027,-0.4329483426508203,-1.840758892127463,-0.6444298438793218,0.0533455768162981,0.3491039857320241,-0.5832539030733157,-0.4608356683368635,-0.8870495083343364,1.6207584325361943,0.1983041192738843,0.5138730785015457,-0.1759382043744407,0.053912521417879,1.124163587144193,-0.3467847493719856,-1.1235731170451349,1.3204687459227988,-1.7745155623901026,0.1554952481314245,-0.1084513316604851,-0.4313167182096988,-0.423863325311707,-0.9613302750199078,-2.1223628194139117,-1.5288729661346228,-1.4091836087821057,0.1115984427593002,0.0811367941841556,-1.199259839344679,-0.8577928425102094,-0.983634910374613,-2.478059786882703,-0.8054720958838784,0.4720016282154297,0.2433754811465163,0.0881402811389473,-0.403953491788702,0.2787529887363491,-0.5792774841103141,-0.4063306494882757
-0.6584536042369663,0.2243605203900504,0.7704173422047856,0.1964506209404925,-0.961902904842738,-0.9616090032823424,-0.9826127527778236,0.3320314431287312,-0.834177122742247,-0.9825146042376984,0.3684823860047291,-0.3181916656351083,-0.0467784033609545,-0.2943466440492108,-2.604122963404594,-0.0719300020477552,0.2957059024462948,-0.7683530494901603,-0.0472433614326898,-0.0078937726353591,0.3099122077595787,-1.5218120480680075,1.0193043264720674,-0.8173033990724792,0.9501437333665996,-1.314713215656439,1.0219715319951324,-0.2972268745841887,-0.166197627339363,1.622037856161807,0.371914088490789,-1.448554463474934,-1.2024270529505787,0.9971946556820472,0.3054859309209771,0.2976606020819544,1.962137199320606,1.0261718708764282,-1.0440161929680447,-2.1554039660538704,-0.451713383712511,-0.6080888923435697,-0.5058390295983151,0.8799324788352119,-0.7573942736314334,-0.6155603221673314,1.8106631790960612,0.3222593045135375,-0.217455398663085,-1.7224479645622006,-2.169383891068058,0.5418713053242991,-0.4593267107000901,-0.3001913306896959,-0.226486658370832,-0.7753398167612833,0.089160385059649,1.849567348173956,1.3821500161610003,0.898637741897897,0.9125628728672076,-0.4814721945939259
0.7690184044183986,1.1055394850233573,1.6172883979450297,0.6131242238650202,-3.26887301218924,0.3149561644965136,-1.1481679649053298,-1.7787206581213442,0.6831273278479789,2.1375055103005183,0.4935649936463143,-0.1216248722298474,1.138082100205767,1.0937242163904708,0.3311535058144162,-0.1460207608603709,-0.1238729105975536,-0.189376620407196,-2.2593932984344667,1.789786706129806,-1.3300158058513611,1.4402808620205387,-2.040805015882307,1.9010313577132776,-2.1924209016085654,0.5065616940858908,-0.5728232589295432,0.7953214949505458,-1.2675402654250822,0.1678282873830769,3.127242255417735,-0.7492288574796753,-0.8376586910057816,0.9433340130070968,1.5907068129479534,-0.9852108899390856,0.8083327683087461,0.0363457792832678,0.3797421808143937,-0.619670788972934,0.7747429606767898,0.3304877069733816,-1.984330915288695,-0.239919449340823,0.433768924215364,-2.4532389765002853,-0.1821859335567029,-1.1987396918707247,-2.088824017347408,-0.038287279333003,-0.6693151066115821,-0.0261923519172204,-1.1553366588310416,0.4699035706658206,2.163828714206044,0.317937016049424,1.5915440232742473,0.0794888747969829,0.2655645492875242,1.6334877684095055,1.714275548626057,1.2232120440641563
1.7595424294038553,-0.5970430159723846,1.5359087600770989,3.3923951421222256,0.3671221438116054,1.6751054607675029,1.6260983431683962,1.9896080070680895,0.7781590218883503,1.6558058685345232,2.27000449305761,0.2634685214224938,-0.9955644610419548,2.138804514901799,1.2577304290941616,-3.1983448285869542,-0.8969417056559013,-0.6765193418865576,-0.8363410417276651,1.8033459682570363,-3.7520913362592014,2.1496528856715305,1.5383965340352608,-1.620797475776446,1.764023760979343,-0.4358974394008429,-1.5675402734727897,0.5777784851268396,0.434225824210566,2.8678035345240045,-0.1538749114493242,-1.4881195355600811,-0.6198629775205213,3.205824746566445,1.4149423812729995,3.4677626537789816,0.6354753426142872,2.924987249516441,1.3660416374440232,1.183339235264504,2.5655963634889947,1.5025652412549364,1.675782334130124,-1.115333342554645,-0.2555341405465774,0.6342050123859283,0.1312529987048308,-0.3324752308503353,0.2122057067362667,-3.554194417259267,2.3575100417654227,1.4736019566684926,-1.595474158834576,0.1289692173200619,0.7558183160538892,0.0597765629928257,-0.174193960197288,2.181488702645398,0.1218440110206774,-0.3174085553959466,-0.0579575758536141,-0.212069520387355
-1.3896462755817276,1.5191174685245836,1.5494862115156554,0.738380644414808,-0.3944018119481711,-0.2324509709494386,0.4379859590255388,-2.514534431068852,0.6308624815024277,0.3303334470850677,1.945963574123276,-1.287870382414995,1.0208987394902158,0.889810076771975,-0.9961310619849209,-1.6785639013100755,-0.4935148776769109,0.0543922146721962,-0.6760504885655623,0.2134318211021776,-0.9142003197341156,-0.4768016777634379,0.123767598232195,-1.3251929775911462,-0.5674730364983153,0.0993731824813174,-0.6088973191739087,0.6473561983893968,-0.0406625188986631,2.105151373300892,-0.0929685534464016,0.2320002221310242,-2.2275252778577705,-0.0205658127852828,1.3799029971335983,1.1404289258514917,1.6332434335751402,1.3716193515287791,0.7535462697207731,-1.2972130322757929,0.6781715364737753,0.8980327961929302,0.8552093480315519,-1.1655664214238404,1.0632790154402567,-1.8642724709313552,-0.4220361996504494,-0.5467468694986354,-0.9274071676526752,-1.08094304585679,1.1088558591676057,-0.5138270991772946,-2.136878037926068,0.0844591714129999,-0.4616338120976984,1.40544077196526,0.3257998220553268,2.95557936868391,2.6235835177597684,1.63122778113738,0.2161519635550837,0.9570002675999834
-0.0636191055183011,0.4701309501751505,1.055814208444689,1.0786462701981634,-0.1951829421419491,-0.1773658993376466,-0.2556509608123177,0.1506722568761985,0.0085035203103762,1.0175838471762133,-0.5318237230535214,0.805972993483866,0.5313534815940727,1.377850334139027,0.4111080800032261,-0.2997098028430143,-0.982848991224051,-0.1657289413331782,0.8597060408400443,0.5052362234149369,0.5947631807254834,-0.3950973040101985,-0.6165577303282018,-1.547088492522752,-0.7940011778482934,-0.5040199931642905,-1.0666607088631972,-1.1673596333040634,-1.186188593447418,0.758483227185756,2.106706324880352,0.6582664309858703,-0.7919170620510434,-0.4418884661941786,-0.1392318130917192,-1.3551586717679651,0.805142675171247,0.1670416017672179,0.7081935413870861,2.225483264545188,0.4226889736129453,0.0151506594795521,0.0448253356490415,-0.5895767110820158,-0.9421449803196832,-3.054148973479612,-0.0423043774534694,-0.1931618436547788,-0.677436099987327,0.3577758274098129,-0.8164286081232013,-2.269968764125884,-1.6104122701168888,0.5437978522572812,0.6126544671236432,-0.3961300323458603,0.6253060411701262,0.3024650804612705,1.4273878856490272,-0.5258802768459265,0.6821314500871233,-1.6525425251462966
-0.8004923959084479,-0.4103467723423275,1.333796159853988,-1.096003480297936,-0.9167442649740764,0.0836708442838679,0.6586156561179061,1.954312544413624,-0.1007929085031493,2.0049807892583966,-0.3432320672574557,-1.0419404798937215,-1.53398715502211,0.1164292892898214,1.4512433837891696,-2.4546257063504786,-0.2624822965591588,1.60316454931407,2.756517978404629,-0.4939215434048957,-1.6807225536985744,-0.2495033321245438,-0.5251885386859134,-0.8590070118012305,-0.3156617552976928,-0.9612591206597776,-0.7181210384110422,1.0053268956188597,0.5160786663033414,0.5252341048035869,0.6162372783442333,1.0130354326339004,-1.0785984677903109,0.3932736004896705,-0.8980690104117454,0.7629315294748232,-0.7493376658895211,1.296123244178072,2.32555285618657,0.3091482864660154,-0.5482873942287386,-0.8811152318433685,2.283828133846157,-0.3377317425670076,-0.8967224908256953,-0.974761955070724,-0.1447463479793061,-0.719377508768348,-0.1451391743892121,-0.765208623709999,-0.5456941880428183,-0.0739172629609398,-0.3890564278190426,-0.3950747416844705,-0.3341098495632748,1.240805831154619,2.0787644080142638,2.2635758071305343,-0.5949307189940208,-0.779283124441494,0.0806642083376358,-0.5654159897127271
-0.0953563054194244,0.3907901044764463,1.6486245270844746,-0.4587682691968198,0.0323773017211098,-0.597062042259764,1.5803277336820023,-0.448513250106149,-0.6796149592114666,0.2291671832522841,0.1331336823137082,0.1263512543138633,1.5887586603261046,1.4721339040823127,0.6401653819047445,0.3556941781792011,0.1729655710425068,-0.9211473611088308,0.1217684691559387,0.256649651282105,-0.770681069054366,-0.3225772430844613,0.2977267804476067,-1.7041066981927684,-0.9944870393608712,-0.4203851961802987,-3.129288446483181,-0.6088754185878626,-0.2811197157640558,1.8047309908609597,-1.0078349148221242,-0.1199306978885461,-1.9281339890471876,-0.1931433414244552,-0.0443954258091855,0.2855614430190977,0.6071591557893363,0.4854311775070027,0.2579091882442071,0.0015097697588627,1.05236360363281,0.3702490795315056,-0.2956403266523014,1.3404216374499651,-0.9897462415529572,-0.2964378038405472,-0.4361106590198519,0.5456122845868012,0.381885737586819,-0.025804003360226,-0.4244977953510315,-0.2198585872127488,0.5795957603664558,-0.5275580402059217,-1.0077807320494985,2.03866034874478,-0.0504480027999748,0.8989372719761067,0.3446489448125911,1.7160371055507522,1.2800781679263709,-0.749463851013229
-1.2595855786027197,0.8053659330022656,1.139173360671315,0.383274683962395,0.8649940410825203,-0.8349905772445829,1.6767330277274273,0.3394604885831312,0.6076866224031894,0.1597641230967496,-0.2305383335097822,1.2997550314738835,0.2899266811518501,1.5189599676270604,-1.4276900546329867,0.3379426545504762,-1.3180294018240506,-0.4733914020239477,-3.0555314772885045,-0.1512038640952869,-0.4232294502279387,-1.0044649608531149,-1.0895116610380269,-1.8114624824738617,-0.068492693435297,0.1113928889498572,-1.766854808912784,0.7991422621530385,1.3010701601615402,0.3880188283528066,1.3483256277845903,-0.2968836378666614,-1.095871761031671,-0.189446424350356,0.3890325249779143,1.0925390834586846,0.8994408118234984,0.3718756176643534,0.3397759018273142,0.4307996395815453,0.5973791289993676,0.577743071699542,1.4093531565129545,2.7575800562096933,-0.9587696075780788,-1.053629539714347,-0.1900616204179097,-0.3892534031331999,-0.6802150452144361,0.4520474475965215,-0.5723567360175175,-0.5834826274146587,-3.4319734954265533,-0.0747591572244363,0.3595790115251106,-1.008719488757515,0.1818989158140996,0.0259699742384919,0.9065746631684984,0.5830375709820144,2.4479682619537035,-1.344710083879713
-1.3241583395861625,0.433808095382857,1.3361132188798108,-0.4882557151414664,-0.3892064540761715,-0.5424147129566251,-1.6794012870137562,0.2368766248461074,-0.7099506237094628,-0.7924454308702975,0.3163228298563686,-0.0818259681572847,0.2716189291523132,-0.9033121746485572,-1.7085505128267262,-1.6403153401766497,-3.11095896252463,-0.8152218051402157,-0.4515144794703232,0.9425771459125764,-0.2780245142187201,-0.2544653362094892,1.0927305088559114,-2.0030679945187693,0.1965568072881146,-0.1467427600185513,-0.106776441981548,-0.1843137205732888,-1.0414851420975637,1.489760140955478,1.283760909834298,-0.4319437741243845,-0.7861989826717264,-1.18005733591698,-1.1896161767134132,0.140096268564924,-0.4396065315263199,-1.1758016955592827,-0.2246993231051013,-0.1935928221340488,0.2157826031279908,-0.1790908973224934,-0.2093825331595197,1.1254988504191867,-3.17960534436427,-0.917976767054514,-1.285872565773324,-1.6290637331740234,-1.899713979456978,0.5288733163961015,1.5893659213661182,-1.1418626067353663,-1.3776434128775883,-1.0213200189550669,2.039995645692521,-0.0468848142596239,-0.3223910687070208,0.2557600068321846,1.2810823863763348,1.025652601706617,0.3302047536576045,1.1449335919900443
-1.5087901348022708,1.4523331486027684,1.9745192533810696,-0.0660903235207717,-0.5228763412440622,0.3274041447105104,0.389420948829058,-0.8070819991049745,0.788383015796388,-0.6816380889932759,-0.2154987686872426,0.8552089900263772,-0.5849758928744644,0.1920820886071274,-0.613759456636637,1.1827754537476896,-0.1393693697025508,-0.3372325615221403,0.8426837112644286,-0.4265970709309641,-1.016812841018813,-1.0375339451868062,-0.5135659387918872,0.5100296421242487,-1.1857742484569995,-1.579479881533101,0.2655517441739422,-1.0331413495206925,1.190457149856604,0.5135189613820111,1.6908227594796716,1.5477125735642252,-1.99563330777268,0.3859239532462836,-0.4348329779227612,1.5189193177156772,-0.2328768428148242,-0.5516396610489839,1.64711852075386,-1.0848734422970878,0.0256124968027844,-1.6134653982019798,0.8942314163290683,0.312528385512528,-0.6481791101982458,-0.5095082296096269,0.5199457710334792,0.4398739001389871,-0.9927065013281272,-0.4130356600439079,1.6802287353828786,0.2885677460761575,-1.672645578499265,-1.0625924277873429,2.0049929685861643,-0.0304150717917481,0.0257660211189948,0.9376688861120028,1.0911856603790728,-0.2925973959177658,1.959392185857475,-1.439270841483136
0.4056486932503129,-0.2948500427022703,1.2703578935718771,-1.271461935866736,1.0783425947373018,-0.2347661345501235,0.826732268420663,-0.8027083249237166,-0.7278767683976723,-1.2365552513275686,0.0945126293401025,1.0610851275658009,0.4611007644223416,-1.3038961483369056,-4.105231353137185,-0.4276989525971428,1.541575064076117,1.1544260295018751,0.3415277826600074,0.6709272630164502,-0.162971586603353,0.8172946547287423,-0.240656154257,0.3854333840164669,-0.2493376227695134,-1.6990118158042942,-0.3956838593975341,-1.1065952509703814,-0.1117594468015057,-0.4325321398151925,1.5025939759402125,0.0550997394174648,-0.861201136107252,0.1825630547000309,0.3520308655432208,-0.8563514982992911,-0.3223518024514296,-0.7430442624647113,-0.4184691191212176,1.0089767015215496,-0.1192348285131409,-1.34110709718054,-0.0421358455844919,-0.0716625768059975,1.0551595200899146,-0.3641240266706702,0.7983739314420282,-1.6874496276928534,0.1395358396582721,-1.036262310736099,-0.5951848456318727,0.694307857349565,-1.1691832026020004,0.7061743207293908,0.452208978562753,-0.6312622765440187,0.7517436870662538,0.0767765008666534,0.7418571744902496,-0.2506927905456851,-0.3531521171876289,0.5062530522898268
-0.0750095530442678,0.7387548897096462,-0.5269521995857305,0.2695908545525633,0.6560996980298871,-0.6881934192767645,0.033428002851551,1.3053020678179494,-0.3554943484990485,-1.005199499389279,-3.802961326592439,1.2728184556077733,3.079539369025232,-1.4697612434298803,1.7089253380330898,0.9121505985699618,0.6406013844726756,1.199905796772956,0.2921100085012965,1.1882182364519802,0.0815594687599393,0.772921102773938,0.6351840276788749,-0.6682809871283645,-1.176838317985598,-1.2158857927661428,2.36274841727605,-2.2810196052314886,-0.8276060611512898,0.8339252061631997,-0.7882038107145509,-2.1417130233573127,-0.1857806285586539,1.1341655217601232,0.6115354462570184,0.4786383210583265,0.2827851749032051,-0.3593265618966075,2.287714919150359,2.344125921554322,0.7549795727945745,1.8960460031913733,2.420969276912634,-0.8484064889640787,0.2485875882926662,-1.5627045490282645,-0.3837937650683144,-0.2238954719699831,0.8476311312748195,-0.6725887415326471,0.6463556742400189,0.1072062060067704,1.0484550063462614,0.4479309754076634,2.2098647491565,-0.8518397903218363,-1.9199003490375068,-2.926544576714861,-0.2531457295679202,-2.2012530458930453,-1.6164439516453566,1.6596208726485215
-1.1471612374028533,0.4769408582505013,-0.4740320231427478,-0.1919714993695382,2.683622901532235,-1.2014565909587098,0.077004519700394,0.055322555457674,0.422017029861943,0.6757442220990455,0.9600407015280972,0.4961354675292482,-2.0386862561193904,-0.4629061675242328,-2.1038412337522265,2.456963713648522,-0.0309658745667278,-0.2826788222876577,0.0604472277442127,0.1608762974292024,0.3086121619668054,-0.2532383102016323,-0.6336561542705526,-1.1778300115840068,-0.1562079636571769,-0.1720421844611729,0.0128975797056332,-1.6432995921801457,1.068663468513046,-0.040210418754979,0.4534979005095121,0.1822019698296881,-1.196646713294669,-0.3541678053977744,0.7621176560481766,-0.4470921316137673,-0.4846746307176157,1.1817841173939978,0.2348325380146144,-1.0396354218570514,-0.353752733104749,-0.3826340460038017,0.1667102650433649,0.6388557503111498,-1.6859752193941655,-0.8036407113864003,-1.7258579757159205,-0.1914211407184489,-2.3234323899208693,-0.5910171347064469,-0.7231920875813285,0.577348125488487,-0.6464066615397845,0.8951688440883847,0.9914322268194192,-1.162808714912208,-0.0868185340782711,1.0248867332759948,1.117091528077155,1.309775557725788,0.5696873480071626,-1.6550161057879809
-0.1223540648433696,-3.4376846600515023,-1.958246623482387,1.617856953723694,2.4889143161087914,1.9842213146922725,1.2565529658971175,0.715010613615986,2.979075240345649,-0.698385431175699,1.0416484379791835,0.9697154210763138,-1.358668667824725,-1.9455695280976444,0.8931678713297009,-1.412958777127712,-2.028104495737146,0.0594857313966763,-0.0209772297506831,-1.2199725307948643,-1.4524301879087391,1.063934260687277,1.3058186315517335,-0.2442513223208788,1.1431701588148986,-0.1921467583279034,-0.4189378022369268,-1.3697316834722884,-1.1437343578721275,-0.2507805165426153,-0.4646749548649924,2.379875578748974,0.4675723445772884,-1.2037629394794256,-1.23352993584529,-1.0624613102627918,-1.6873088615400502,-0.6355485436948549,1.4028401744095973,1.5276976014517067,0.9894526157645762,-1.1041929919782567,0.1874973821173369,-0.6886806599971959,1.1876050003104432,0.140150472365917,0.4339855810538813,0.926734949742449,-1.2099308382574552,-3.506529186861602,4.226515724523921,1.630856424542393,2.182482982192658,0.3799595561039992,1.2823731592347318,1.1714705092452369,0.9087003490402146,1.3912512536691106,-1.0947271276399873,-1.880892623917815,-0.2219897177209515,1.286908030414825
2.6866094685267394,0.2232310899685767,-0.5571761383093401,3.4996701787964644,3.888535227013224,5.704801381530645,5.64390443377578,5.512456796021266,3.056491262566377,1.690111045646549,-0.8525812907038341,0.2679543709991987,2.6023815950156752,2.742879082084289,0.8157239528159765,0.1642452685296036,-1.5234370156932768,-3.432373152817032,-0.396283756055818,1.5057802886258236,-1.1991204012901575,4.552230361664676,6.168978343180062,0.5501691800679025,-1.6270423410945365,1.293670167540019,2.6680210900063184,1.0318616397340397,1.214810763829577,2.8148959747598297,-2.019401067001561,-2.8761304990875614,-1.9535751822585696,-0.7674496570049278,0.022624866678896,-2.785499485665816,-1.3100180162378534,-3.283866896847843,1.0035896583079085,2.7230721508152973,3.741050752225591,1.7750031825664672,1.2158177859005992,-4.287497377691766,-2.298130453013517,0.4080488951088508,6.901532942118293,3.945828208141953,5.715698453080554,-0.7532292839908487,0.2580605870462608,0.7096477090491161,1.9356374318950569,1.9322091895817612,-1.2928094639670529,-0.5700893716530806,0.7383445335303968,-3.136156483486266,-0.2652708305701432,0.4933110193596183,2.3022671214212638,1.888242181196566
-0.0253021953216391,-0.0779713095616512,-0.5375869694426678,-0.5815728061086856,-0.0612103611392529,1.5168220659763771,0.0851066449886648,0.4565541563708883,0.5662781315310287,0.6412877681158633,-0.7171677557427135,0.2493721617417916,0.3940969670186621,0.1643549509863842,0.3618940721961936,0.7234126141849092,1.2535741850359432,-0.3150850588182206,1.128320648584237,-0.0283161379994802,-0.2428159053138016,0.494903930810212,0.1964111018253063,1.106492628519637,1.2106179170155438,1.9781234910022245,2.521524154817188,1.345619304153223,1.1995246561079147,1.13873181752853,0.9697476579870564,-0.143327656260098,-1.1887661895723185,0.1894052151575005,-0.6820509926117687,0.1803978655458495,-0.1330185964968153,-2.269370652682281,-0.5055983805983436,0.2152228010720949,-1.6480569966602718,0.6960991755711683,0.1341099922875968,1.5878620610912952,-0.5621733480170339,-0.5345163100142832,1.3434477599365937,0.4809882440090068,0.7410557932920341,1.2829884718614568,-0.5751064192388351,0.1826364214459036,1.445259821390984,0.3886964543825977,0.1014546789173206,2.0998011671475045,0.8511785620502016,0.106085259263263,1.5735567423765682,-0.5477466072551915,2.893784348541166,-0.4710080833911155
-0.9427193848113268,0.430340351469662,0.7987800312896468,0.87932367323673,1.1366868049072365,-0.7264676328430492,-0.5724344870665407,-0.5624409032534063,-0.1273757409895265,-0.0097189379441558,1.251929157100359,1.0838873935631432,-1.3748575640085023,0.3095857809070281,-1.3407810719648454,-0.3028161665970924,-0.5165868636094408,-0.2682668860180929,-0.2968140103542419,-1.1117696166037034,-2.354824914867584,0.4035448466850911,-0.4067638984143826,-0.5939816642946123,-0.6716962437846639,-0.2249605728305279,0.0946089874422441,0.2403451779522409,-0.1436744184546132,-0.1339472625946279,0.7883190086421283,-0.788890449349219,-0.5575681020753996,1.20016063882616,-0.8480219002913032,1.8582533490238944,0.8834806847778975,0.8521266223575044,1.2030811897075742,-1.7778770411841864,-1.4160139154560942,0.7698985613151572,-0.7379339248098999,-0.9475267786716582,-1.4682186013120602,1.2056130522964266,-0.2337197017229796,0.4681908752955699,-0.2272208860752484,0.2250282555983142,-0.3773186450629001,0.7323265571383561,-0.9853178874839053,-2.181456559808224,0.3268267085388727,-1.1577347978214425,0.7130761061759145,0.9434460923013396,0.1352664657478335,-0.2336807796066914,1.7349173535783469,0.5414489596544368
-1.1505208427792004,-0.1365554391077675,0.2339687827432032,0.9380916899666084,-0.1080900496625468,-1.6122350961379337,-0.91923041603124,-1.7397296801445483,-0.6652712930627689,-0.6453255827246451,-1.10856818130839,0.6925647515241593,0.3422698132341783,0.3055560774014595,-0.3866163673257269,0.1544148477392857,-0.1413650875518723,-0.2967593836549933,2.431170531481599,-1.4288810027067165,-0.925311984374717,-0.1233204091246961,-1.349094065803301,0.2030814694106826,0.7288416106052954,-1.80962173427684,-0.1279594856907935,0.0044185160060448,0.6249009338129835,-0.137194889312547,1.0981362221113762,-1.3779122348406014,0.0366410336285318,0.3500804109597236,0.1200005249875548,-0.3164598492203389,-0.1895266150004585,2.2868185043246774,0.0342063854162857,0.939068625386884,-0.7070146184489623,1.0689615383063396,0.5131744770910992,0.176877950586632,-0.9441540707431736,-0.2820309673901441,-1.2541839386524285,-0.1473317992491236,-3.656605170549521,0.2573332122813248,-0.6913093171281379,-2.516373162534886,-1.9247298496263685,0.0099290823347428,0.3084676683660765,-0.0517778912656638,1.2756104680415483,1.0603762871673572,-1.031773920972634,-0.7631964867971929,0.7176368382317497,0.194429700585828
-0.2770357621093982,0.7447170721664687,1.2131747362886358,-0.1314462425579406,-1.2081648402921972,-1.821270295589191,0.5410579985557727,-0.2715259400878458,1.3771225266362723,-4.009604244600703,1.0308085459193206,0.3137744662844064,2.007906857999692,0.1410684123882628,-3.703878891397614,-0.2155556373907105,-1.039790834835863,-0.6769740651477814,-0.7057977849617809,-0.34474247165693,1.1334288063404183,-0.2632290712631197,-0.3324408143700329,0.4627140655172571,-0.9916519599220968,-0.9370956453151712,0.3594076894235117,0.3549624956066924,1.5052002948837797,-0.0176084652820581,0.5756701880357828,1.399339932876721,-3.304343865922762,0.9721347646142058,-0.2570298712249775,2.7472869853502604,-0.2441022752879942,0.2620121433572857,-0.2099828351434138,-1.4044533990863517,-0.1781636386726153,0.5662099598683943,2.072126905269636,-1.4847373759369775,-1.7963546947675515,-1.840776608144647,-1.757091530813483,-0.6801149478522139,-0.9470093834855609,0.8636583728037024,-1.2637570272699326,-1.4147389146797813,-1.167955353426442,-2.2728813264435326,-2.5536399117186197,-1.4975795579446405,0.0428633886588691,-0.4859758259017522,1.6287284351250046,1.148557436583474,1.8642841309461704,-0.8925514362675485
0.0922718249172407,0.8511050529721991,0.012967104170399,0.0807058796792669,-1.0589739951105668,0.8150982161310334,0.4843738453457759,1.2122966594689075,2.065537195895715,-0.0236903326512876,-1.023595688306961,1.851315738407456,-0.6841941559949569,0.1666704720270473,-0.2792635407039483,-0.7363221527137328,0.3653041939291659,0.979730208744523,0.9918876289833912,0.4912250375722865,-1.4882468686881676,0.5584588695092464,2.40651653129426,-0.3519035160109635,0.0181761391778013,1.5556043334189753,-0.0181792382659767,0.2339870283914341,0.5367309534252911,2.3115655856782524,0.4884908907425153,-2.507301527922606,0.255731759352696,-0.2793838542220574,-0.810476440960094,-0.0856377054806245,-0.93960347751366,-1.5122215507629186,0.8288960710483366,3.1149099717005724,1.6948392379404922,0.422307249441695,-0.0133256642344368,-3.600519811584065,0.4011162481605646,0.3955230410354958,2.2844435050481677,1.310065044435082,1.047467860923999,-0.610149407800015,-0.4663534792509497,-0.559446775155542,-1.600594883427871,2.352433588872976,-2.6625477159114146,0.5566506555462449,0.3813600446720181,-0.0290792823535275,1.507736363442429,0.433849148881078,1.9094988015099168,0.1749661004781599
-1.218960138184025,0.5548696210902927,0.3564347043371489,0.905600582415446,0.7388136022214828,-0.8668960487893249,0.1116116074080328,-1.5359953983301644,0.1822938349887546,-1.2614116499825765,0.7601546012254922,-0.3397196405725139,-0.8462929191609899,0.0634418294675488,-0.3928384725216839,0.126223259319741,-1.062540845460183,-0.8349335413986425,0.5215077681443994,-1.5176819052922232,-0.2542620032380167,-0.4235751379498956,1.020948539454201,0.5426398162683973,-0.0766696623595294,-0.4426038318756721,-1.6763110061219315,0.1456783790957727,-0.5655983705481925,1.741214569680498,-0.4392032112912249,1.5573143596468917,0.9630590993961377,0.339642746372032,0.2490975490682094,1.0030525402891517,0.0840895178761619,0.7271603508653163,1.6758216288740824,-1.659485532009762,-0.7936693089500647,0.1222931461836046,0.0366666040292807,-0.6425679862516721,-0.2793334386198498,-1.7240979644269432,-0.2193741483782498,0.6653197331078122,-2.259328601763705,-0.1654409919450006,-1.6020611337546766,-0.6346491951263388,-0.5424401565862025,-0.4210270582639718,0.8710713250653098,-0.6550361081507095,1.4448610841134883,0.256856205139521,1.3866847957857118,-0.3346879596255054,0.223055222341325,-0.0275546649613643
-0.9323459748742936,0.9796510023638324,-1.5639203756770603,1.4842876222293573,0.1113827217282549,1.6918613617717015,0.1402166533346299,-0.4573935134472618,2.8212961147794475,-2.743379513920295,-4.052596802462346,-1.543147957659555,0.1905689958048949,-2.0354795421047776,-0.1251268407672278,1.496329656178256,2.2631732949109216,2.984119392547503,3.647151358733035,2.223024827287308,-0.652542626657532,0.0554468564430722,1.0127769270450924,1.16087589849548,-1.5544753170039511,-2.459638212288647,0.9577664899717162,-1.1310127675716397,-0.9056758134089968,3.575753125314664,3.7053502354770895,0.6835455599265181,-0.7122754757316303,-3.1767753949532,-2.4009031932750444,-2.212391350299965,-4.158105824775597,-2.7173772625201504,0.1645879777821079,0.3469164343147663,-1.94613506536062,-1.176156651270464,-1.606198456271411,-3.1620574256635137,0.8289466250889299,3.019956041811712,3.735420307760363,2.9142400418905607,1.939272680437339,1.015200216733718,-1.3356204070638475,-0.2428222529974285,-0.1301686887497287,0.9397575626825913,-1.6695728309532412,2.8304747147471065,-0.8369297300679528,-0.5933602262996249,1.2350300642227443,0.7933569656077799,2.6546821295044296,0.4435133989519162
1.0699892826450608,0.5867801201404514,0.1366665050147618,-0.1540271191242467,0.2144744820993972,-1.7155289617906175,-1.0590724579410182,-1.234637137355818,-0.1637730551415924,0.0842819413697128,-0.0552302052512862,1.235089094706331,-2.417108519122891,-1.2881632428253675,-0.1048373802425908,0.3479728589643564,0.4411291445739312,0.9384812848482196,-2.355139945080135,-0.1223793047149018,1.18720584766414,-1.0135930682645564,0.0768393932834519,0.491881666985376,-0.3435159293563831,-0.0552376202105678,0.3970337622187361,-0.8330594793099537,-0.0295390041164668,-0.6258800439930841,-0.1898160694619137,-0.2656589474755353,0.4790172587465607,-0.1920135485313976,0.8234407109775255,0.5369514991682965,1.0836884984929127,1.8089694374945344,0.8506880437928319,-1.0045624706100722,-1.471667830045465,-0.852544323616061,-0.1717955619825993,0.4949656290443242,0.3319695336412903,0.1669840111054407,-0.9390339522487732,-0.470420571753637,1.331691258963284,1.6292462506999124,1.09860899028938,0.75735924643795,-0.2307137789635732,-0.1924494405012913,0.0997080605761788,-2.126088427540138,0.8073458765242636,0.6972827094277034,0.1048401103014223,0.9178500416071408,0.1479959365261629,-0.5712228203507212
-0.0669238417772076,-0.9940090482548116,-0.3561232738388496,-0.7429218411218877,0.0320520043549409,-0.0347724499761495,-0.9600414896666368,-0.0793609021657852,0.0915006338574295,-1.5385233318131373,0.6236187754227981,0.9944323290299676,1.2966668901495213,-1.0939453185785069,-1.5139674277898607,-0.0811888434081789,-0.6961798388854961,0.3376296748255954,-0.3795190487697766,0.0558254933294723,-0.5798413731016356,-1.5549801034777204,-0.7616148323157541,-0.2875633489335698,-0.8429788898208347,-2.54358824927804,-0.5838460178844952,-1.8025035719520504,-0.7590446585025544,0.1578382565934027,-0.3864025926681635,0.5258163613743913,-1.6278324139243896,-0.6818485318387276,-0.7733180081047415,-1.3284554826343515,0.0393874551330346,-0.0509223614212424,0.2698435066297623,-0.936935455351465,-0.6463808337438013,1.512415907467639,-0.4663317197782263,2.0358988798911968,0.6007775021728321,-1.785138063415206,0.6466599355075455,0.5374225352919662,-0.1712341585269103,-0.6730501436353001,-1.008706544660361,-0.290712078439523,-2.2727797697923195,-1.0088410250452742,-1.2387772338993368,-0.5215383604155017,1.0931911558396463,1.351396376800838,0.057265903396479,1.66418453136792,0.5114020520737728,-1.7012528798145583
0.5563079886366092,-0.7420634247821462,-0.6001794353944145,-1.233554196616954,-0.0423008697076023,-1.229914987822926,-1.7045288788577366,0.4853957511478696,0.9398472226903972,-0.3034661404798007,-0.4934379180120595,-1.379238938478641,-1.1386494708016277,-0.9725932508113564,-0.0129116744480405,-1.6453289539734617,0.5002583102749584,1.2280445697337394,-0.225964699830705,0.2731834458551427,0.3492582534871248,-2.007775859082084,-1.6369294702714785,-0.9219537587569188,1.5441125445916593,-0.2026862906770501,-0.2545908278170079,0.6291762180848739,0.5864979578018217,0.2453270515581831,-0.5081708798450842,0.9669652787874228,-1.4347148345030774,-0.7984725908043004,0.5442963909172577,1.230646568372766,0.3394202136739973,0.9950927119745396,0.0704925387779843,-0.8833064698121788,-1.568920764575511,0.658465004307071,-0.8749712966219132,-0.4329758271219635,-0.5415022665049102,-0.9360935232262172,-0.3176291532989224,-0.272020931647695,-0.5213618514836201,-0.3038186590223362,0.15464878922517,2.138579626124624,-0.959064102460895,-2.358904970791527,-1.3072741577330926,0.1958843838690183,1.989589304042992,0.5999342989800851,-1.238554382763889,-0.2537298442541415,-0.3913195047329727,-1.3364773538638466
-0.0921097568221318,-3.783332463931353,-0.5427919905889155,7.26304777057025,6.3485577321932,5.097881427860657,5.905620977128327,-0.8429520254143501,7.247067090589508,1.5634603472137003,0.9629364740963906,-1.359703633966662,0.3155509312646416,-2.7270792824443664,1.3530816225981257,-3.686924939731945,2.356200869748073,3.120197299049794,3.8224109903777608,0.5644785398481407,-3.0416071663574678,0.0699083633191771,0.020428695374404,2.5103061745475834,-0.4909282359040998,-6.254005550634321,-1.0212975153590516,-5.146715242019921,-4.881824827265365,1.8757571655737493,4.198095506120291,4.628080719208169,1.3207275127165925,-2.7219055417406346,-2.258255373425494,-2.860271837556684,-2.534513904981109,-0.5979178950689807,0.766554534384295,-1.3230709835627423,-3.368882745635142,-3.393117271471012,-0.4849229131872015,-1.1182664110979146,3.578720647483425,-1.0913397355911412,1.1935165100005702,2.614856759852,-0.7393006552796284,-6.516492687305268,7.134780514562918,5.0645165778523165,2.2611024456537017,3.260065963222869,3.9740012976831474,4.316628245693676,0.957978792285004,2.059347242766145,-1.130473775082994,-4.882250281633187,-3.8903451823768416,2.150429323617125
-1.2412682675085511,0.2693264089343553,2.7014139446741643,1.1262568846396428,0.1771191907493277,0.096599319254685,-0.111134633964906,-0.2819097664352188,-0.9021336932690772,0.4317415909373169,0.9856585448824956,1.075050543612223,-2.024147135742411,0.2113971250861692,-1.784521887791819,0.2505184032164798,-0.8229055512402192,2.495687028695781,0.300388619134142,-0.8038248077415704,-0.3871790213574904,-0.0661687644473127,1.2000195846170707,-0.2758340712969345,-0.0766780331584287,2.1193843881799475,0.9583564888562128,2.3340513137118624,3.1253126938371603,0.9891247257525192,-0.4728862206991562,0.9088420285251144,-0.6427159565605307,1.350701203613558,-0.7437212679892541,0.0764080961768765,-0.8492337213508776,0.6116891426892704,2.5219817391376016,-0.7443937905349766,0.111715376857551,-0.2413438568184671,1.731894764606401,-1.2214650047429174,-0.5154944713184885,-0.8886086845558973,0.0432277351200257,0.6274810751819879,1.0026929684246906,0.1689756119920967,-0.7756686318327481,1.8051224353718,-1.9072772733153376,-0.4562757303009909,0.3173374324321061,0.1056783912208577,1.835444981141404,1.5831726776467794,-0.0898599912130368,0.1153163548262329,0.9620463985763518,-0.2938656080603302
-0.9869339213838124,-0.7187738868990757,-1.137831855311905,-1.877636782016369,-0.454151228293242,-1.2695785732769669,-1.4407439087585796,-0.5617890985066885,-0.4877003467790669,-0.5858918827106662,1.132784107696982,0.0360793328584712,-2.028087800779535,-3.5576841618316584,-1.0934878113128548,0.7897578422034565,0.1382604803640695,1.433655613550843,0.3941800972225341,0.1469141776922041,-0.8366292902672937,0.0685171297577882,-1.0184874590525694,-0.8574917703926873,1.0260796227824525,-0.9066178659113406,0.6851819492335794,-1.6238981232812904,-0.1037491401728197,-0.1299556955768622,1.1627283348802693,1.896152475743603,-0.4467932886522113,0.3811253525363847,-0.5446037242246972,0.1623312838542754,0.3351669008705527,0.40745002958361,0.230892189361735,-0.7368856579373578,-1.608648675576673,-0.0825871030029569,0.1171836633844932,-0.3425389598355512,-0.5227819796784261,-1.4193804236920176,-1.0503513605515,0.1631034434577122,-1.2609259282609693,-0.0118449082955698,0.6854505433795228,1.6973323922796502,-0.2524436968219281,0.0507309178337208,-1.414705773160218,-0.5000067996752534,1.6532756320084632,1.8943524003558576,1.3356028535687954,1.388445327217527,1.8022096305180089,-0.1362819560771832
3.6873601987938938,1.2110171440912332,-0.1498104976546201,0.606436520687738,0.7768449721875134,0.1829216602591392,1.9160420034246188,4.286410712402672,4.048704836558871,4.254220569226762,3.5957525650959368,2.898925840019555,-0.6265136793435224,2.157601521336918,1.8265863516708087,-4.189427070989308,-0.8795135972922739,0.6230672352143731,-2.0103722736441183,2.634788851946016,-4.442611663943238,2.9934745460504755,5.177819301801457,-1.359923979754636,-0.2271856351211735,4.016878940751066,-5.512302575336033,2.433449038309658,3.357604445259719,5.594781609870899,-1.5703898353204833,-4.046255577182606,-1.803602190098126,4.912653453979647,5.798774832755931,3.1315687686891835,4.792161260176988,3.506072929715624,3.007655581914807,-2.5186695233832603,2.605987592128775,2.9038501576551394,2.9680876583756266,-2.092719807667056,-1.1727474824664803,-1.2645361594033246,2.924309718996992,4.484914455862799,3.7448658097729552,0.1873150044143501,2.322590514920382,2.854360188763264,3.1661607189344223,5.579734362633624,2.9492451692208324,3.686871304066397,-1.9906746760358596,0.0287168207766325,-1.4836796290299603,-0.7887123336304058,-2.084857819000986,2.498025302493469
1.4362252777663276,5.146773049273537,4.398572560511129,-0.4938808195455743,1.7455811563194532,1.5638027185750536,1.209197977843615,-0.1769719364332871,0.8996384900739003,0.6068383447956265,3.342775496284612,1.3339724689055434,-0.621290975559213,0.6402602117576072,-1.2964012055097744,-3.077018292874832,-1.7133941958720935,-1.2170907087755964,-1.210417494698821,0.8066243897920765,-2.526327346358088,-0.4921437725527643,0.2776000507054565,-0.5241235020062731,-1.2994082839444174,0.8775211507298385,-3.3769533017046958,-0.203103572995963,-0.560197524771973,0.0490949282321458,-1.7647537382174778,-2.38288478012098,-1.8906997987594196,2.2482607047071443,-0.7942559272060619,2.745004527088473,3.1731260614318044,3.356073874763972,2.698906926577518,-3.155337348358651,0.1206625313460623,-1.4707778526870203,-0.3048349440450387,-0.0411262119428282,-0.7001128087253082,-1.590079041000417,-0.688959211718638,-1.3296208847717328,-1.182996078172689,-2.1257187401089728,0.3602270541697352,1.697173885076546,-0.7416621731430819,-1.0267643845618242,1.1789834915452913,-0.5817678163638793,-2.427614557403176,0.2492220883767752,0.6302401674517946,0.0219473024421347,-1.7014258583876132,-1.374399144622356
5.405667463016052,2.791561724205596,0.9915597924495456,0.9279306510206482,1.7515183829089258,0.6750312402997536,3.56237353000724,8.061864389649301,4.478719595269959,7.312648416002064,3.0957156711401503,2.5183593955354224,4.251265898237734,4.576199105392542,1.436090030701831,-5.000837712255319,-3.090199199499626,2.3974914257259115,-6.424224722100323,3.17278972928453,-4.574971471292995,3.262646257522695,6.817949049081398,-2.156329686060938,-0.8805060467150739,2.623024519986096,-6.30841618023624,1.343015157929716,1.3460841701073414,6.536666790053394,-3.346829585927228,-4.743792068006875,0.3518026726782292,3.785787337598759,6.019299776491428,5.289988423080505,6.976620562119239,6.606205193850746,1.3382861376349942,-0.8955830624258602,-0.4174014869716927,1.653741096226787,1.352313022366177,-1.4880074104021683,-2.5144400788971395,-0.7128151119124531,4.250119162607367,8.292824321797,-0.0920246820634134,0.9377303045974448,3.640928500059536,6.271055995662596,4.369696204180761,3.499484476167084,4.663975995015089,2.9586754284148764,-2.7089634464211376,0.6713975808298212,-1.0411455704570023,0.3921600055312215,-3.6562902322845394,4.544448877588183
-1.0255875091034687,1.0687270773827535,1.4122607040243675,-0.4641762756602619,1.31274167292175,-1.6112019748997826,-1.9798030082238285,0.0453723590542184,-1.471828802347746,0.1169117344867379,0.5075138492970347,0.2747335208133177,-0.2544747422997879,0.6582137023056269,-1.933196235486459,-1.1715415842949557,-0.2818906010265653,-0.0575441384932443,2.7214421526789785,0.1665789750320341,-1.7801253482249604,-1.078277844903803,1.2721437176738533,0.5968247514188461,-0.1418441272525782,-1.157020056702445,-1.9225405445023007,0.4215771147659168,-0.043558700626431,0.0782171612307679,2.053767516873717,0.9188249481270488,-1.5828908157572383,1.857321896819164,-0.1461668769474009,1.3622077324554192,0.9338900601043606,1.642567662668548,0.33610799779474,-1.9056678986639288,-0.2152853039849638,-1.5489185775102907,0.1986870359877371,0.2920503248635063,-0.6785614648835459,-1.2703629666749858,0.3795654760651312,-0.2445993010525006,-0.0749177831247954,-0.6930302468084149,-2.11351367577071,-1.0620001130317815,-1.4694863420939763,-1.315227196896821,0.8575103124678802,-1.4104797856944846,0.5211401234920431,0.846020388646898,0.488418994315516,0.0238448223797956,0.055291072113907,-1.292016137721733
2.195415080287508,-0.3675439436949117,-0.767582136045953,-0.2083967396014288,0.7545748744481029,-0.3137162386388201,0.5410498495424357,1.3284324409689394,1.864213225690744,3.085852460373717,-0.0979076246909491,2.1409906941397407,1.6159070409143368,-1.059855998427067,3.2283700651667893,-2.8610245133775143,-0.5963489777021946,1.6989985131791538,-3.0328608391436847,1.884816584164209,-0.5707363834439348,0.1944257868511941,0.3951326808813963,0.0344419847790227,1.5047224732288629,2.0675978092248,-1.1319575695983477,0.0293305920899575,1.1713166506438553,2.6960171961351307,1.4009094791065646,-0.3709574733625226,1.825754919107532,2.907311797899392,1.0993124247367885,-0.3550423161602518,2.328563810856092,1.978735818912364,0.1628946738657832,1.039302786327683,2.536011571310641,-1.067919944619223,-0.0860858662023996,-1.3946624198114066,2.6626197710693367,2.8652116808931405,1.075296907680642,1.6087774801467596,1.061687679988094,0.0246775100603374,2.356840015709913,1.49224124602359,1.3567056767345749,2.268796243142775,2.2642367531282,1.931081647652841,-2.4653602122041747,-1.7834909106918273,-1.474331193848064,-3.633744339484184,-3.519288425116228,1.349758389233766
-0.8330600513877975,-2.4143661516282693,-0.0447079355297631,-0.3659606988078179,-1.8381969537056269,0.1881756171542891,-2.4510007811643946,2.224279735229636,0.5990467714835951,-0.9787772485529186,-1.2826597857772746,1.3165748591843145,0.6166043739180972,1.0819959706974058,-1.018402699284978,0.1701483215761272,-2.1386224907091105,-0.190607606891197,-1.0320069454709753,0.0021269026853594,1.737098203090686,0.4787635452876098,-0.0409088351215653,-0.4466092041449713,-1.0625847463044216,1.719760768455896,0.0250645362443182,-1.1104841533524097,-1.0829762267195562,1.040704116079382,-0.2499941938640178,-0.9038903289861636,-1.098223146797,0.4694620745867086,0.2775513462957252,0.6733634549928726,0.2822647427291798,-1.272859711462671,1.822035523582341,1.1269103844078718,-0.0312317310930771,0.7389875215870442,0.3660599191273448,-0.0730860753505359,0.015616515858861,-1.5639533941212147,0.0212641120010826,-0.8856116703743098,-0.4847856162542409,0.1767502012200304,0.0148788010586746,-1.4245782709021595,-0.738695534226026,0.7339472307904302,1.5145962332353382,1.3955956306729558,-3.763536190120634,-0.6670476132877212,0.5292193679531172,-1.8766775334963304,-0.0595220331992761,1.910685534218059
0.0003724756192376,-0.3811695403025045,-0.532074178822124,-0.0233543895730096,-0.3210921784574038,0.3114503512299963,-0.7273682524414936,-0.9404725105839808,-0.5424381680418261,-0.1367978156327512,0.2548785234822209,-1.0267109861670043,-0.1330052724369072,0.3222881957537459,-1.4868311537835583,0.6410028921173747,-1.019008608738207,-1.0872969880365768,1.6836394032912487,-0.6474752902929926,0.0771767330413229,-0.4492646492664705,0.5991095699090522,0.1176840105840276,-0.4590816048811196,-0.2655441868671765,1.2328934238803526,0.5944666697154224,-0.3451845646977588,0.556861230998366,-0.425319947321793,-0.6199718123697432,-2.13595960830151,-0.498692829548137,-0.4305778106804814,-0.1770187467408848,2.4791880988488,0.4946442225187593,-0.5119958066198457,-1.3178060524420263,-0.1203991058291328,0.7420830291148713,0.4193658541660071,-0.1407616427296724,1.090926657094072,-1.8694637023746603,-1.3871295122448086,-0.1381355620391681,0.6780926403644375,0.4296450438573513,0.051892393107379,0.1559155567423804,-0.7275923061069774,0.353212224422304,1.6109998741954197,-0.1460367528173088,-0.9657891026161852,2.526590835527845,-0.2905923318033705,1.427703150242292,1.829649691660458,-0.3227033879183867
0.2698448484451591,-0.9594094026052488,-1.144195362952824,0.1111877614044032,-0.2541391146877139,-0.4799357294226583,0.7601237074609777,0.401519146784365,0.6596029164835568,-0.2760897774194509,1.0982913480837009,-1.030396399599102,0.0936617406390827,-1.6131285582438049,0.7042265992379749,-0.2130277286855326,-0.5122709799984161,-0.2779887280185749,-0.3461110540721753,-0.4310150296317548,0.7312214457569428,-0.3064023308799117,0.0900349794869292,-1.2486674190558964,0.620557831533767,-0.6710552618231187,1.789727107610348,1.0951544626172185,1.6799954370360075,0.0256237182856849,0.3405775326201087,1.2724200935610124,-0.7418352717430351,1.0066342307972993,1.5379787863960446,-0.5439725393139432,0.703020268976392,0.1727481963516883,0.9255209110107082,-2.2511864052940034,0.0689770349590774,-1.36188445171714,-0.7854562896582846,1.4524166632076012,-1.2873218342654806,0.7550753311624802,-0.6402428884376843,-0.526332085934254,-0.3638684143292639,0.4312027215812279,0.0909895752995718,0.1144817201642325,-0.776425181341314,-1.1356408271142828,0.4002836426150215,-0.6616752801272578,0.7075541189329848,0.4110926564240557,-0.1329444519937936,0.002205577755358,0.2537877329071704,-1.5026308285463696
0.5254182536982677,-0.1016273755879889,0.2566995708881819,-1.2474656173840255,-1.4870953443640658,-0.2251729686083667,-1.1404146054748443,-1.3612454388347608,0.6575664312225366,-1.1031194706474974,0.8762228446115438,-1.882069932177496,-2.157726451004288,-0.0680326850708184,-0.9574490890114498,0.3596145137815188,0.1211236207313515,-0.9585563234229196,0.2690820344467951,0.3619218232575052,0.0945318801244872,-0.3241034963956654,-0.9149566604595772,-0.0090090763587551,-0.4619096032790122,0.7436546188026767,-0.3766444149362462,-0.6374886312176076,-2.4078759428263323,0.8362925013158838,-1.6914026000582714,-1.2023080134029225,-1.3883263339468446,0.5670810966864077,0.941276711610298,-0.3132165871091958,-0.1813645103044925,0.9764743200683044,-0.4263152472232424,-0.035686326544459,0.7909035483342949,-0.8028341599736135,-1.074127600680484,1.1132267252921233,-1.4491813829320173,-2.175961506306285,-0.7232196204407889,-0.3127049688821285,-0.0472497656146026,0.6290239081030832,1.2772041241484018,-2.299697460149324,-0.4177486330167946,-0.818404418569317,0.6130539030873365,-2.097251511534299,1.3144915057536468,1.3555029394739178,0.9620201353300344,1.3998142848457444,-0.3276200200603792,-0.69872443452461
-1.1069014865340825,0.5791373363493331,-0.5664836094270514,-0.3837837121131939,-0.7146657127343753,-0.8063312317635007,0.2476526026719295,1.3099404738713187,-0.3784156813154182,0.9183092190655748,-0.1893498239130831,-2.728074617733391,1.4272847938340272,-1.0312871085085074,-0.1264738549242046,0.271374987160204,-0.2599283194921802,-0.3439818201494561,0.5791304934670561,0.4084415035259002,-0.053888111727202,-1.463587273025603,-1.4813000473453093,0.088959050026019,0.4448408768706048,1.028270981781049,0.981099483319981,0.5431810202633818,-1.2909399645547848,-0.4155206209375185,1.1023533287539986,-2.920429426793711,0.2653477767100739,-1.887139440833416,0.0089265985347277,-0.395684958354261,-0.4232994650476877,0.6454990864760354,-0.8670799827796782,-0.4782317611216871,0.8035923228448631,-0.3038136650963551,-1.597339094565072,0.966791258432008,1.3822487392593938,1.5405474168817344,-0.3647008157737761,0.3028637480008489,-1.2531993540866109,-0.0904198115629174,-0.0797828003502348,-0.4297370025881797,-1.0228875734720193,-1.220254842273662,1.827763011347008,1.402547342805146,-1.7404862770613692,-0.5185477620372949,-0.1659729847660566,0.2579900428636827,-0.9468715985671872,0.0181648349348645
-1.1718012789703978,0.0925465773078964,-0.3297748266397953,-0.9252642709209646,-0.7055103259863391,0.5089270712688718,-0.5421611153367103,0.2377925404523022,0.2816631596059228,-2.0022164255938413,-0.8182423119267472,-1.0115250432682443,-1.5181625433218693,-0.0960567753528352,-1.8471278891903404,1.7258210304984316,-0.6031750628032979,0.4603527519460593,2.1372983226334745,-1.2511743360525025,0.2777657826307237,0.970281054417717,-0.5485150422540188,-0.5264398790389604,0.3270873091586519,-1.2308578205116865,0.279183101850737,-0.2946404974372835,0.176104569143213,0.0669282358619352,1.077943162391124,1.3499979674710891,-0.2968894792214993,-0.7399667863639772,-1.2317886765941093,-0.3578357116484834,-1.6365310214027473,-1.6128431042945095,0.0376526071411731,-1.4787590702398057,-0.7987292703783309,-1.1516546856660204,-0.7332532694921376,1.65441253508703,-0.5005309041120692,0.3357799134276079,-1.3733786371104946,0.3054276068376078,-0.7902131145975998,0.4188616311665543,-1.0014161678288032,-0.3578721664660254,-0.2153247293655909,-2.2010562628606167,-1.1543167141871873,-1.13363709532265,-0.8396157744389263,0.2374018061878734,0.0500473821361276,0.4142857834486786,0.8183798391149774,-0.5427285348519152
0.2872413033865452,-0.7763125625331245,-1.0137800256453169,-0.8982208346649858,-1.0130083212799057,-0.9308569695911962,1.7836658698108372,-0.497220261429279,-0.3616816199162088,0.2665972907657638,0.9361917723424216,-0.6584029373692852,0.0231551204751383,-0.2143717946738355,-0.2686609629960048,-0.4394112069344771,1.2321141514285596,-0.4396204822818575,-0.7219748324137464,-0.6190849135464649,-1.4227065154997995,-0.9620519424625036,0.5066395003880637,-0.3197730539168956,0.094282504643707,0.1659232051086047,0.2954932459606461,-0.7586085854594742,-0.6520773349835999,-0.4054094599589805,1.0933104680080146,1.131418005797238,-0.5983279740056754,-1.126891740242992,0.0945460757244114,0.0764556657754547,1.2865677889524294,0.2615106136089237,0.6297317751738092,-2.255683963182859,-0.8449961138403045,-0.2493080669305789,-1.3521029857583728,-0.3102081867723514,-0.2643103486939863,-1.048461602334302,-0.1643128430381398,0.2615161916287691,0.6939096159045105,0.386007502317546,-0.0689615816597962,-1.5622898765907376,1.4071722856402435,-0.1542827081918852,1.0149532061757958,0.2514106981641681,1.064013915867506,0.9859542788641374,-1.155564575711948,-5.480187182610452e-05,-0.9319252245834996,-1.6263983458645384
-0.3064798449828969,-0.6958567827587485,0.1391581988703702,-0.3217103235883247,-0.2198846834415586,-0.9683378679102804,1.6734308229751214,-0.6300121845219692,0.1353830253660972,-0.395409035191506,0.5485198874318781,-0.2469419942991271,1.6816691562738677,0.8956310966108043,-1.0244359662156903,1.8142388701645704,-1.5669381305659678,-0.3743834294942791,-0.4663791955954693,-0.7363017825657272,-0.8764575175147098,-1.813991322930386,-1.8022137471313535,-1.2881331821869677,-1.3689729654543783,-0.435657285223984,0.1033589470617319,-0.7484968227504796,-1.3754630118314926,-0.2750521959587105,0.5386358634864079,-0.2361986436091022,-4.516080780910482,0.591767841699816,0.6898685583612689,-0.1802245045899272,-2.12089720502896,-0.0049183626099706,0.902175103448312,0.6269236654836685,0.1043944996003634,-0.5592375229119477,0.4068783968097067,0.3431693974128164,0.9796139256433304,-1.1348673566106444,-0.2576659729703628,-0.8648992601963679,0.1692871049350942,0.158303549378418,0.0121583359001533,-2.3960009906052666,0.1760381214862862,-0.6744030382286872,-1.501944256290757,1.0658277420293694,0.6873465725406973,-0.2477101380604759,0.6591233290383486,0.6933905187237095,1.903178905899988,0.9560255401870342
0.6539279279545936,-0.6082156748098833,-0.9226498044711484,-1.122670972954788,-0.9882956175257338,-1.0555298536539464,0.3278375816594463,-0.5437347520079086,0.2699875612267837,0.8525262684950857,-0.5760945180248198,-0.4737284667146458,1.5747422743610793,-0.5771218839200567,-0.6483362375106115,-0.3077389459953561,0.6483920732896598,0.9238309118241264,1.89930430110195,-0.0970378003842181,-0.3383574618884378,-0.2499068312361382,1.0508053426994486,0.1749700754274407,2.20090380236807,-0.551866029302869,-1.0397406838270211,-0.9891913510191626,-1.3944441335799425,0.1548442418058428,0.4402130248238031,-1.5836616282000704,1.1675202781543483,-0.2743371437945334,-0.3587690893678389,0.3321610050237829,-0.4730832057499501,-0.9349052454277096,0.5683327567665393,-1.3502681186214542,0.6830373585682177,0.3314925840348056,-1.344995283368466,-0.7144443516952917,-1.3569041311113703,0.0358283689792183,-0.4909784833991771,-0.328178264446882,-0.3415961203819605,0.1212818858127222,0.0361905438026469,0.0623495438155513,-1.6037561448561486,-0.757785188538545,-0.5352952041306489,-0.7896633525942262,1.8517473292595668,0.4837501840194809,0.2472168484677649,2.5898541640651658,0.1178440554187577,1.0712099268681543
1.3893126041836703,-1.9738058487059889,1.9796932983830675,-2.1437521689667056,0.1201932565517154,-0.7564697982833286,-0.8289188408151227,-0.0174427524073846,0.5827845739907908,-1.6211601751030225,0.0284893832373009,-1.834484436175584,-0.6382548434582322,-2.235591743752718,2.4368005720419537,-2.401695108120278,2.569765827541783,2.5503396043297637,0.2892278480814459,0.8361308219655419,-0.4588618782424021,-0.0836021524596331,0.5401215642496722,0.1896960866728931,4.247524505837925,4.0156115743095775,0.314652935694802,6.670569103792176,4.582855921840107,1.3632719540024223,1.0419265406148424,1.4403738051401782,0.0097486022213277,0.074450869566886,1.5030080895929487,3.436978531941246,1.752912974628792,1.474137318534631,0.5740150161345698,0.0844687113016962,0.5077782456105713,0.847316147813662,-0.2557484613333748,-2.474826599232923,1.241051460238562,-1.6545341910774944,-0.5091396992001624,-0.2228173090016447,0.0221602021227524,-0.3869967058417049,1.894070848267271,0.3572104482191379,-1.5537272872709722,-0.6958454516010792,0.9760042555081768,0.8454118449168707,0.1431363924786738,0.5294750343603662,-2.3664035415315765,-1.1966539787712909,-2.988609993368487,-0.6398380995379096
0.969372930959189,-0.796585914143813,1.0338951674583965,-0.1409509569124046,1.4636846199193754,0.5174824992895689,1.2970345736108746,-1.3354586373414477,0.7772266088095506,1.1319269807687218,0.8512774351027357,-1.2892425892904131,-1.5340321872165734,-0.3272654949728498,-1.880327832166968,1.681354852220316,0.1640658177514752,2.24973253739669,0.0474463267697174,-0.5220475287681858,-1.627907043308665,-0.3289009599016332,-0.3506656146602736,-0.0222098660317408,-0.740705254521169,-0.245157129080254,0.6403729055087953,-0.3232339990529792,-1.862897319575863,0.7507868965801427,1.4072645266113692,1.228059061343081,0.928120770739456,0.3192904828990306,0.4871526837532501,0.7379086234596602,-0.4787960674127114,0.8937939193082187,1.5197876922130114,-0.9115086175391194,-0.2490863316406082,-0.1485381255865117,-0.7583632783997478,-0.1282967246286671,1.5417243856917646,1.3082772045346684,0.5592430617551157,1.0340571055688323,-0.4419517109519777,-1.2979067929370225,0.3760039164789261,1.4361483423838972,-0.1778005461647062,2.3062429769317427,1.9896243504057105,2.29026407805706,0.8722198185022548,1.122718874579154,0.3048335268894327,-2.582230285158481,-1.725269862383257,1.5728046724628222
-0.8697163877416374,-0.7613186030383249,1.1944040622722518,1.1413415304699923,-0.9876397085999316,-0.4691956091145201,0.2555678864412023,0.2421912455654322,0.6638278508546286,0.469373861587094,-0.2228915607459846,0.0597423693347707,-2.313271673120924,-0.0658972413523995,-1.4008169622304008,1.908420964277655,-0.4924274713890112,-0.1702804336995964,0.4592779792194155,-2.4474813673258864,0.7023324270037976,2.50477440367201,0.5639286641947721,4.461748306321913,0.5778569515900042,0.4826369194161243,-0.2340702092081166,1.319184293057905,-0.0698926625670672,-0.3661758252767016,0.4367697745999848,0.1922051195811025,-0.0941302881989308,-1.007287049470005,0.9768746587479172,1.3911582995499956,1.7729722034931654,-0.0480102664527368,0.9238495089206582,-0.8657611756709156,-0.1878231137006551,-0.5079823055470285,-0.3099482444278105,-0.0674994371538866,0.3172212646274413,-0.7062451440847228,-0.4194910200771566,0.3783480174665694,0.3767887610675076,-1.1456984416271652,-0.2819289402903469,-0.3288022817463986,-1.0881651311926368,0.499803677770264,2.538990029485084,0.7010845699227477,0.7650565831674307,0.6119452188325493,0.7059956354461492,-0.0070290524628838,-0.5943086167906598,-0.6002192615288203
-0.5506491676677125,0.7626815303472001,2.4567283425409627,-0.3980400050986692,-2.645457954123801,-0.382636596613586,0.8698275242390786,-0.5838301637011858,0.377052669273423,-2.048889211210972,1.3865545177431504,-0.2472407123083972,0.7063221377218389,-0.694073105370843,-1.2449020577133552,-1.3542465504033232,-0.3643099273804489,-0.5868216283759622,-0.1446482080494182,-1.4079946422523888,-1.487257075703028,-0.6169843163025008,1.276062531808632,0.4449624405544178,0.2631450233189336,-0.7196258573095463,0.1271801596702964,-0.4836673195796448,-0.1474449159622424,0.019843135267667,1.0505271374792686,0.5260620663155696,0.3951558332039605,-0.2523349887774594,-0.8109324312611292,-0.8625455782822186,2.2474675592311573,1.5402026280524848,2.407583810397713,-0.7265765343977392,0.5258563662374481,1.6449924847803754,1.3424255741577988,0.966052987225603,-0.2695612324053272,-0.6429262017813746,-1.2743878283016137,0.3182148515437257,-0.9540574065597028,-1.1477017094455686,1.4294192253195968,-0.5842428817558081,-2.084653301788514,-0.5889110273222457,0.8026570427746333,0.5748154589332599,0.9206676863466084,0.2163408430886167,1.8131286744825172,-0.5726668339734039,-0.2068054149856305,-0.7877022339527792
-0.2450502932209998,-0.5245250908060809,1.4165906327761657,-1.0179456295516602,-0.5665517013447741,0.0579683803943648,0.5709913027551806,-0.818010561759613,-1.8787624186102727,-0.182382238180297,0.6936475196224576,-0.541233646379293,-2.7386788817832057,0.4589027175768791,-1.249839085774766,1.1185229753185804,-0.8140240706200348,-0.2589116243691394,-0.3673130035363454,-1.5257681617080068,0.8561670483377269,0.7823194238575583,-0.9632006093666968,-0.1895111499217181,-0.5448186366684274,-0.8414915753896739,0.0878084740777902,-1.2349796967157405,-2.069425212383351,0.3696291920218915,-0.7009137081004895,1.2622404252335362,-1.7459305162992569,-0.8326336887637703,-0.2239111063391668,-0.7491301594686863,0.0655164444859198,0.9478972136300392,-0.8784132634658733,-1.266788285454684,0.6219379913763332,-1.4803820125385698,-1.648766789471953,-0.2760733824044455,-2.002047215654058,0.5714563871916152,-0.7326618034249537,0.6057395800369298,-1.9903350343081485,-0.7005487668540596,-0.1460625216094332,-1.8000789364486236,-0.4624864775553804,-0.112396617160744,-0.1173989427055506,1.2715341795458546,1.448798332482437,-0.003139201326205,2.548119804962857,0.2318549701839844,-0.0113956540923267,-0.7413285495179021
1.518734396089498,-1.4707563025834514,1.6296502193451283,0.1458781227276204,-0.4166329080123232,0.1434386045777773,0.4342665933768175,-0.5585263361031467,-0.7364992628927495,0.574513358087041,0.8887471635383913,1.827260567502681,-0.0650515763937863,-2.339234159358173,1.2202120334828526,1.377984200446032,-0.1181910498902812,-0.5328512645496091,-0.5059832595040713,-0.808627562530836,-1.379097499120716,-0.0708990850118357,-0.7983067264948375,1.470602742724592,1.747240375152885,-0.9368157705070436,-0.0252103147786951,0.173538933962722,0.8856949861358968,-1.4556492175455706,-0.3171875745575063,1.8432594357655523,-2.839029030440341,0.6525217261751689,0.6369880601177772,0.5385398238760335,1.2647560185817612,0.0940889701324924,1.6609058766650604,-0.4227751336568168,-1.1530331771796007,-0.6054804332081295,0.9543334412566294,0.5488390825499804,-0.6451204959877376,-1.6572482564373576,0.7026163903714683,-0.5756666134503632,-0.1055072284270938,0.5472851431730459,-0.1919383952238813,-0.1650168432518062,-1.964435249406624,0.8707840259123609,0.2496102992628792,-0.2798314045595977,1.6477070887278118,1.3102391219598704,1.1557306458138648,2.090629939472862,1.6257433391570304,1.1132324074409194
-0.0559529014081177,0.7115870202323115,2.228917431626801,0.895308330043121,-0.4920024114734886,-0.3742848250652342,-1.2799300654139076,-0.4480424718285012,-2.573046061072719,-1.837020076236334,0.087514086867192,1.2047818808767987,-2.192635140255413,1.092503889893479,-1.3886003518782832,0.4781883908450951,-0.1154466600073303,0.8021219431804214,0.8611720302970047,-2.48839906529005,-0.4275584499256966,0.8491988229780226,-1.6636309731746852,-0.5770911690721016,-0.1664083805136302,1.4160837465331158,0.3838296072604553,0.9424622753896176,-0.5929384788632497,-1.562956079367655,0.1567620348712037,2.1139742973665,-1.6187025859137312,-0.2750595768232301,0.9098589388723572,0.7503709508910914,-0.3118801166127179,1.9803291751634893,-1.0229262134362789,-2.3634223057795305,-0.2518227634300291,-1.958833096550972,0.655561856984676,0.162491628909549,-1.0524228952003756,-0.3698710412243869,-0.6814641293791879,-1.9457256975818609,0.7320407017631478,-0.3217579784183224,0.5664063677331035,-2.275805608966474,-0.7022778391478521,-1.1193469983709117,0.1126973529105873,-2.080913238301551,1.2676734217353198,1.8682862496200616,-0.066480549517351,-1.024689548798404,0.7033695905663497,-1.4219741611868015
3.2774439835182383,4.1391157427428364,0.9500483027782458,2.2905015787140157,-0.4306154265256117,4.579096367604014,6.510728614237021,2.743918932396668,3.891748575470809,4.252055707967518,2.5958496985605866,0.2933356140567653,0.6515057678560935,-2.4097506959804167,3.2579206281094995,-5.3598896618360605,-1.9996448840085688,2.116330444875907,-0.0357844760278487,1.714308815544205,-4.835030131597526,3.20174209966837,6.2390452576102176,1.223401301304695,5.556424029904265,3.54260399221339,-4.451667973031631,4.1588877291531166,2.394691409366216,5.716762299988518,-1.7029582019847809,-0.7866111566388558,-1.1423189854006006,3.273249715552348,4.034699360430357,4.062102763898141,3.051704690074372,5.275054829030992,2.7709804514555403,2.270137376511973,3.618174863827985,2.423569735046108,1.0810956275485195,-2.726266618929757,1.49916455847902,-0.1270728616016153,2.3626368943462355,2.43877784108711,2.1171998321441827,-3.445341497887964,1.8973922267379275,3.018492430669357,0.7316227601143528,1.379147599470932,2.041643960903579,2.085283668668536,-1.27819687419908,3.2866495692992554,-2.071037372980783,-0.6260704618228297,-1.97759291426614,1.638682160912953
-1.8984250876362017,1.560468361769423,1.5979727232787444,2.031324327617539,0.4075916089246186,-1.6556466968598589,-0.8167780587044867,0.6427956826452278,-0.2751341480640554,-0.5298800611325265,0.2754251920647443,0.3320086283925291,-1.3821810324631945,5.38790956606515,-3.2502672755951725,1.710527715979826,-4.777075036702705,-3.1654101372689483,-2.4945016987169337,-0.3638986968684274,-1.0461488629860256,0.582359145293047,-0.8904222594671264,-0.1513991421418881,-2.138246954522651,0.6183665725296411,0.6040511040624739,-1.250534617927228,-0.5497501624755988,-0.6541817472280578,0.9228092543629728,-1.0722590909001812,0.0631644964011328,0.850295024586187,1.1358007002543078,-0.5439218250449408,0.619210693426101,-0.4555790210146355,-0.3234242527871636,-0.2628864959029454,-0.5628234321989349,0.4306881835891374,0.1371475308818192,0.1157972613160828,-0.1119169516130144,-1.513312150223735,-0.5847396430894714,-1.2180390436868909,-1.5000211041766958,-0.5137122361098014,-1.1838803494503338,-0.1180614203140026,-3.701873102433352,0.3486125484765953,-0.5080932923352784,-0.3395644879643486,0.6809091318980205,-0.5754310279309497,2.361558712550968,1.6085936527559082,1.0546428398603904,0.4043902945752929
0.1291440945979383,-1.8325524911402844,0.355040615235877,-0.1336232211503682,0.9129399103801704,0.4420725163745738,1.548421056211882,-0.3446610823507303,0.2394871415959119,-1.3262576874771372,-1.6072926682339943,-0.0216340575599935,-1.1893521312131183,-1.7916524466839838,-0.837739960800371,-1.221210558526649,0.3964369153837489,-3.1475434982497497e-05,0.5742567066921014,0.4883919211607272,-1.1172260976733148,-0.1370369178478908,-0.8955076236751122,0.7291475511180038,-1.145269817976776,-0.0914349620653266,1.8362811640596397,-0.9236244532751282,-1.3284023185211995,1.01763857005699,-0.1157435361205283,0.966869824728707,-1.7009892759911105,-1.1380550138944028,-2.398896933168668,0.2966636524305512,0.5380620194439412,-1.8168365151822343,-0.553378332644654,-0.1388103094715506,-0.7002498253612297,-0.4817368771913898,-1.2901632190355588,-1.8200835036060672,-0.6308933039311351,0.2313466326535405,-0.6647475914891854,0.0975270662141551,-2.630932209718635,0.8998157604441115,0.1200627232844806,1.0535243488267207,-0.6122146696277763,-0.1251223539944703,-0.2328525426327286,1.203351846511907,0.4567649228452103,-0.8908536240229035,0.009501132364412,1.2332251747761898,0.1696632769931613,0.7442076035001357
-0.2158229579895656,-0.9242770290831204,0.3518055301462975,0.2302562726949873,-0.4732426131538325,0.4998007982226819,-1.1659542799800635,-2.378576161995235,1.7206762652652825,-0.0551849443332154,1.0870291300257695,-0.016582313683258,-0.1436355346971307,-0.3697979650960761,-1.874763408845716,0.6185029205916883,-0.382879861535113,-0.6892099448584458,-1.800122072593926,-0.4198111759010423,-0.7383100938261582,0.311407784513374,-1.2729261786739587,1.326153173904814,0.1090056114319192,1.1401430489319888,0.4902491419131718,1.1171746404896588,1.062767184410072,0.216636686136584,1.1885906128329593,0.0229387149119327,-0.0387125617154536,1.06667761067376,-1.1264140780996656,2.242264056586915,0.3222544622133509,-0.8045245240555342,-1.375412779941419,0.0107540466841883,1.2239349060740752,-0.7819894192803739,-0.0287934820287011,-0.4023192078338456,0.818277359884681,-0.7346884490525734,-0.6753949031554711,-1.6103879343747796,-1.5534033765263178,0.7200676984764756,-0.2830718036844211,1.4515520689036938,-3.090537206638416,-0.483907677558173,-1.3666252331563202,-1.2754683157255955,1.2586922444835171,1.6724247687552358,-0.9186776112704956,-0.3231941406850346,-0.3753350285531948,-1.495554845082444
0.4199726206778564,1.7318075955374057,2.70170700936023,-0.4981687379729911,1.5311307338042075,-1.7705160391935888,-0.5620965303587087,-0.3329337339554357,-0.8870478293906217,1.838884445323973,-0.0409250855955261,0.4050062228427404,0.411117522041158,0.7881488737269644,-0.3581154936867628,0.9943598465532706,-0.0012140494650674,-0.6547711162408161,0.0533845753901854,0.0403857452270903,-0.2922566005498102,1.2175391733060734,0.5892603178015048,3.504752735112037,-0.4865354432414567,-0.4363443524589577,-0.9556473115967336,0.4661965950846789,0.0475840143667026,-0.8094976998775791,0.5286093827273287,-0.029713808851835,1.8816187707462928,-0.6205949341348372,-0.2901305505042136,0.9879544009307794,-1.232473983105152,1.7997473316438026,-0.0043873989054757,-0.3305004069920411,-1.035496522537738,0.8845616238377609,-0.1873831789541934,0.6332092572278537,0.544792777883024,1.293809346720247,-1.4323669242870771,-0.286132717325462,-0.2952268792115435,-0.76912326508096,-0.0887805509598018,-0.049141109244612,-0.2898238496305048,-1.0359353068838262,-0.831704675535837,-1.9251764388553303,-0.9203743314001138,-2.2385827544517136,0.2079219222170243,-2.0566129847436363,-1.3973071690855283,0.489590697293644
0.1650867826475116,-1.5220157288989933,-1.7821489233271763,0.4819979751127055,-0.562946345372986,0.9244117708964,1.9596438123378763,0.1261306752383765,1.0839520787480668,0.736719227323791,-1.031893071964046,0.0629579359421041,0.7314337124678131,0.6813035865073499,-1.1627400365704543,-0.0975378794297323,-0.9094298621285336,-0.2241604695704261,-0.1594254127548655,0.4796308197906416,-0.1244765639823974,-0.3488317709964434,0.6709648075978042,0.6917340362991216,-0.7162736912896372,-0.3341703318707061,1.2418080110191725,0.3846677742550599,0.6508347351468207,0.5196943279278778,-0.7146413198135839,0.4523462553641051,-0.0221776529192657,0.6861227559156367,0.3098024661738269,-2.128611190026134,-0.4399131600047473,1.452404186878237,1.492487393996511,0.3930987233058964,-0.3473045302385707,-0.9903924055242008,-0.084951224635057,0.4363699752958555,0.6115526202375986,-1.0786016141926589,0.9028487284761406,0.4930199606462412,0.9761555954568532,1.404923314201529,1.795547548791581,2.417969844041758,0.0402809331830834,1.3800184057790936,1.650245400417898,0.3916609759418255,-0.7033875193837833,-2.415605517869605,-0.1778778458426927,-1.7700450896490605,1.5208983839038703,1.1032020716092672
5.3158974709497215,5.2401028237235945,1.900713047512106,1.944682146775237,3.927396231240574,4.037635607670377,2.697889674693884,1.8815337578165297,3.7183601848320422,3.589641935166241,2.840089150223316,1.813583350900485,2.760453500301152,-1.530544439064812,4.083607893524311,-3.6199623234679352,2.6106359773211647,3.190873304139267,-1.7233317165120985,1.4280299522982034,-2.907515443290992,1.4378641506398655,2.8071283703678964,0.9349093797493662,2.324190136124309,1.9168618474659869,-4.364468117011541,2.0393420478473705,2.4250806080933205,1.83468907163589,-3.7503110039767513,-3.145567935807162,-1.132663164136718,3.2050549093348693,4.604148223184995,0.2580923744602659,5.803815288367805,3.162794869559012,2.1836840224101506,1.5920307975685537,2.319572264065925,5.8801468202334775,2.501180017619688,-1.195296954432432,-0.3459360338524305,-0.7925486559873226,-0.2967697166850102,0.0113670043300787,1.5910286211059383,-3.0568080532899997,-0.9602913522931458,0.2663111135974734,1.4934714291519406,1.792185413079746,1.3763136713269872,0.8841223120560451,0.7725329955757771,1.686273310894317,-0.8905673676548914,-0.3757787753545734,-2.322142870343014,1.095140316876518
1.2699801312878465,-1.7747718367323075,-0.2933453045152034,0.2657696605982243,0.4124818663615303,-0.2322484523650124,-1.1688828347400488,-1.2884837998318193,0.612976020321147,0.0679531102279222,-0.7071549367075147,0.5810243713554524,-2.3344890152819024,-1.059825829790322,-0.2660404356437623,-0.4742940877853902,0.2593760666685114,-0.6831807263954476,1.5560672010191203,0.228769748534708,1.9725250963576844,-0.7267886589621029,-0.1508431768864945,0.5906131923230438,-1.2955888036914975,-1.180020902738179,-0.2039512518752031,-0.7095767424196217,0.5509889767210983,-0.6088854745927681,-1.542133289991593,-0.0790963916713367,-1.689473574843041,-0.4133680866211372,-1.439917826460784,0.4584376144317368,0.0786615599833067,1.0650571140454872,-0.3007273042995496,-1.805064622408881,0.0141379863343545,-1.196319186297213,1.1072050421437742,0.6450073894049104,-1.4616019824941648,1.1932682409028366,-0.422024868677899,-0.4317937534536598,-0.2366933102185214,1.0763065717711444,0.4573348960637328,0.1226709613612285,1.5097625872133649,-0.8973470216928926,0.914798444870841,0.3183739610880043,0.0981531954620256,1.150851548614827,0.8417132251862804,2.402648173985109,0.8381510686468137,-0.3900842859736999
5.052651336698104,4.910276400879745,1.833554444688429,2.4022522171980607,2.674029567757519,3.157278731814725,4.403849007755056,1.826906722168664,1.326820341054571,3.357597331673674,4.526535761026974,0.6527569795959125,2.4852874988889555,-2.1168030928492234,5.743460694395459,-4.3823455185600535,0.2419680640991439,3.645709176064475,-2.1176655490306686,1.7219616923625136,-2.0114015529938563,2.9159633320954743,3.80114844881648,0.6236690686849802,1.6629686939231634,3.5715824347044043,-3.244395645517807,1.3719017766481063,1.1339583369561597,2.2293979311955647,-4.843248061643877,-4.750521200463364,-0.8939259461593828,2.9094909919616865,3.349145196134023,3.986784185982809,5.22362921998014,4.7532337323125216,1.0044673082736502,1.475541477680146,3.94790343137732,3.839936667940053,1.3944470696152125,-2.6139581876133717,-0.223350807185376,-0.378881086891801,0.1768849093930975,2.4784416799710858,2.0750330754447104,-3.548329635699806,0.7107854473689365,0.8533937453369552,1.9198451711314952,1.35858131647161,2.1998736623567323,0.5758473718236516,0.7025553098963095,2.055326990912679,-0.9380187832041148,1.0856093892903431,-2.8274040009806902,3.3626897863519747
-1.2000539232505925,-1.6192664456701706,0.3375069882861634,1.214668738525173,0.8242058907486156,-0.2837848547141477,0.1146137911307598,0.2109333884977573,1.83174573482397,-1.5501062730660904,0.36379103781786,-0.6202904150892766,-1.4656361194366314,1.212870592177072,-0.8999393149555879,0.243897786446087,-0.7324452070183571,-1.492672867351898,2.117438640656278,-0.1146725941858701,0.5110856709648092,0.2841782423192785,1.512838202244402,-0.5941226286438936,-0.4398194616357745,-1.703040604350447,2.0077113954200287,-1.385277423280997,-1.4947365410233076,-0.6893904133181483,-1.2057262156168531,-0.2421586117998514,-1.0682761784281092,-0.2265749251509205,-0.8795098465174711,-2.824591293379397,-0.1042284514333629,-1.99027699825658,-0.7679535826225894,-0.1661133710522362,-0.6274374688062992,-1.2140785855946552,1.5265781726634735,1.2797185779787166,-1.59118274132147,-0.0988960387086284,-0.1097647248570108,0.3365989126617066,0.2317900104429739,0.6179673791211888,-0.2738468555699646,0.4175314356849341,1.8335315644744887,0.5309759960471693,-1.1913631584294977,-0.0536915799065561,-0.8364438963456811,1.3373135058019012,1.2543450793164383,0.0720907181621214,1.03340935413164,-0.2243260640269198
-1.9889969913298096,-1.3961864032191753,-0.5978845475217016,0.4557514564243649,-0.1228231706365435,0.9376057238203284,0.3501228835557542,0.2443675025846856,-0.1061965086202905,-0.9900647664085284,0.9488075825471238,-2.5018497444313765,-0.9557738432889326,-1.077430726612293,-1.4329626915036422,1.86480748126613,0.1046586905766773,-0.9054279034728164,1.019193777447533,-0.540916267580696,-0.2832783503802385,-1.9287876981403795,0.334158932559874,0.5359981491248769,0.4945830570825612,-0.2687683620273874,0.8546848370419273,0.3466129497227676,0.4208463680061212,0.4038498415098581,-0.5490232173110489,1.8991027814398336,1.0908418435257028,-1.560235931192243,-0.2290614929365637,-1.2407081630770884,-1.0749133293175916,-0.7134206908487412,-0.3938881162811868,-1.3031406729148571,-1.8114239184173573,-2.005974734046309,-0.8901107765202042,0.3140506630735418,0.2500163679743507,-0.5951753390500462,-1.287041831753093,-0.2091869041942173,-1.3534286288569248,0.395080256748877,-0.2150839554981223,-0.9157172035124944,0.1517633395667887,-2.5837798567040093,0.7370562613315323,-1.766849845864201,0.5793120753267946,1.148618608798116,0.0890450096906647,0.6620150632721594,2.1998945572912105,-0.0219051215907268
0.6905273683712541,-0.4791349324809109,-1.86004780592269,-0.8700503186485145,2.482168374803045,-0.1354410179806616,-1.1274160198664296,-0.7608580914097582,0.081348629088947,-0.6910924808127241,0.1261087421081801,-1.9240244450023345,-0.5193105638927331,-1.1585264848974677,1.4974765566434782,0.4882428012805558,2.2799320769007747,2.190018606880205,-0.6904131797922519,0.1131366371230793,1.4961326263322954,-0.1132734059942214,-0.4882002076185079,1.5378751763757883,0.8008445012468834,0.2041958832640403,1.1834783844524124,2.7909275822568853,1.135753103164864,1.1411888277092068,0.2344195886979768,2.2864556646837477,0.5260272829459129,-1.1804694140700236,0.5987341913285901,0.2881396201634922,-1.355557471158921,-0.7192741222344069,-2.0262588912990096,-0.5504436713288899,-1.1904534284150508,-0.6076047438388672,-0.3611043520629219,-0.4735714288478912,0.0328051817440856,0.9949745290698307,-0.4955081251500902,0.5686510733395121,-0.9367676552593174,0.8739648664479476,-1.5700721959556758,0.5971551657570009,-0.1967375390944197,-0.4784042396839518,-0.3758898013990776,-2.049446735428605,0.3450931906670058,0.5432742262525061,1.0546845830102696,1.133267093974307,0.6837862438454805,-0.6509099144867475
-0.2425457045701733,-0.3017849252711448,-2.4214474050449235,-0.3981729396555525,0.9002027593700996,-0.878090526242738,0.2017084291181322,-0.6295021417212114,-1.1123290437210651,-0.80786864091415,0.8881520343811211,-0.104208537398957,0.3454253978616652,-0.1909077907650118,-2.215860341263141,1.3829962043876014,0.3358101129378509,1.0825862927461058,0.9285475664240972,-0.0346957477919138,1.2433391066266348,1.0288263171204937,-0.3989139148568533,0.4750456903258669,0.2035531577777454,-0.4691086442656211,1.810852777932641,-1.2067425295716312,-0.6519529746475217,2.266838271297915,0.8238592551358379,-0.2776909225856848,-0.3789192807106285,-0.4795637161401967,-1.3074344663255384,0.9318068109043748,-0.1754280737740769,-0.5084545091387823,1.031168383975292,-0.6201244148845507,-0.4783828822066864,-1.0221176929770808,-0.4828321954909096,1.2274048766195649,-0.8082868204829237,-0.9661204397854382,-1.2495158526332766,-0.3522683246645249,1.0193580610010446,0.279279719402299,-0.6600855143305799,-0.4839589936879779,0.8034156085055024,0.853626962578011,0.6373486965300519,0.7110351277442788,-0.6955812210942829,0.7618316766658316,2.083857147858633,1.5117048915511735,0.7612071294100289,0.299806759344738
0.1536132618389302,-0.3683217764234479,-1.743219399217561,-1.139178443794681,2.2910059517117096,1.3112974146405971,1.3894185867339075,-0.3613192185682931,-0.3000952204618651,-0.7737759247890028,-0.6380243159387322,1.7721405267662556,-0.878468595610824,4.213485612436322,-2.000787933629673,0.0064301393945456,-1.930700541951793,-4.15992473065611,-2.3434190383543068,-0.8842693318995819,0.4501669582540594,-0.406519569600581,-0.2638345098319898,-1.0780112075369963,-2.6106703628881918,-0.1779892347922517,1.6488871170982655,-0.0914463925667216,-1.200603160442087,-1.3601122001624952,0.5991843193857921,-3.0786853618943697,-0.5832107811503064,1.672567929221092,-0.7074652359460996,-0.0762656058508698,0.0188523504171216,0.0256181989167204,1.870815888515424,-1.0065222550579702,0.5947277098906385,-0.5924238193849269,0.3479883927865448,-0.0577613414449016,-2.6927929961800414,-0.1223256067844805,-1.116051886386041,-0.813671492426077,-1.0169357198650557,1.6442294017400374,-0.6436980450736269,0.2108958389671416,0.6226583834674589,-0.8598488713746342,2.5243742005299428,-0.3569963756537622,0.8185327854244943,-1.2119977575965355,0.9387990900415064,2.230030464564546,-0.0019533809670547,-0.0287029948355043
-0.2057731801392476,1.3857492359349577,-0.3621379032156659,0.8472615602241433,1.673861002089738,1.1298257038718649,0.0484102865618554,0.2435700741625766,-0.1220943119661508,-2.4066894993985173,0.6823220622680072,1.354651143528014,-0.7664043143054735,0.2089574792927065,0.7684254500706856,1.019015707949718,-0.5902615762272919,-0.0853409564406024,-0.4803163366205564,-0.6155762890893406,0.936706459858994,0.4669915930636537,0.5917926767585071,-0.1712347540878516,1.0488974771420003,-0.4522677388910443,1.866665644548339,-0.8797915931511483,0.089463324499027,2.4174578425090507,-0.0219327100966155,1.905783073319265,-0.7164490699680677,-0.1183615555111629,-0.8579808423138142,0.3703165372490247,-0.4797473340425761,0.0197906617755997,0.0943614230964698,-1.5983392571583848,-0.2722031780943502,-1.475826845564926,2.281435987025343,-1.8023116452626624,0.6162772799973752,-0.9362244204313276,-1.192508664333659,-0.2717458273916205,-1.1326945317317791,-1.614920982058634,-0.0571623165000651,1.0851209266885056,-0.5726158870485399,-0.6325117176782267,0.2773833699092967,-0.9877263633671816,0.1081468877000613,-0.8724930812816432,-0.2323908616840722,0.2401012897749081,-0.58206591806167,0.8249125268877682
0.299762021643771,0.2245252900646008,1.0955059556879927,0.8655826064305123,0.8564578932477814,-0.3135702571251733,2.850176432020421,-0.1768219812365643,-0.2383788353814391,-0.0623016244361598,0.7455589694397816,1.8083416531636407,-1.936173615245853,2.0784902878696343,-0.3271061073050102,-1.1130534110227424,-2.7713064871891264,-0.3274127538739195,-2.1006552455543765,1.5029123937825175,1.078467996592328,-0.7552461133064969,0.4304753703127345,-0.8063180115366214,-0.1521457992079263,-1.1313637263612368,0.8514549758773136,1.8392481888170276,0.0710733340635921,-0.3025219053605591,-1.4027078012233305,-0.9874403239198108,-1.6001174187444975,1.3737938412442845,1.0910064704524691,0.2946504882617,0.8215862177493292,0.2536916078443183,0.0801219987914312,1.814886619560851,0.2196238771908494,0.787595391311823,2.719571882493081,0.4795132523767179,-1.861138938063413,-1.528635759272176,-1.743617252810338,-0.6646939907740418,-0.9447554657686432,-0.4436560668213171,-1.828699385890856,-1.1621074176674342,0.7422594829655688,-0.1546503951022973,-0.0394134222880423,0.0179551121662034,2.4088820920338936,1.5900486639213458,1.5931200222282338,2.028958258586788,0.2627418390122764,-0.780165424699635
-0.7727714378796874,-0.7982102291117288,-0.08295727827951,-0.8245275777415841,-0.5215479502950009,0.241348285970822,1.6132799965370064,-1.391828802003478,1.0463995958254215,-1.2985219924206894,0.284928948087387,-0.2612324379736516,-0.2506788432553348,0.3002552848352843,-1.638624348193571,1.0639170993638398,-0.0677891620966104,-0.9124802974426636,0.1354148735735349,-1.552877549375938,0.416619708964446,0.8747121694272398,-0.4470797127865569,-0.8972282659262724,1.399146290794655,0.5536920982855494,1.2548536909443888,0.834359005323328,0.1634664807054771,-0.0141987566032666,-0.639753447429509,0.5738920910594879,-2.766818813308215,0.2972643989027196,0.4075468501788407,0.645961358962993,-0.1242848277191156,-0.8103149632013618,1.7704138420264215,-0.0442771774568878,-0.1506491790584718,-1.048154435648743,1.1045612876908308,0.949858751583454,-1.2254369518102148,-0.2834370840896059,-0.0771447500349826,-0.494569113688994,-0.1912502738437053,0.3939149506377499,0.4650494926561659,-0.7725652231779558,-0.2930668893386076,1.405638549846734,0.1910633098559225,0.9733281212643188,-1.3798695410104251,0.4832565632988332,0.3466229825069101,-1.3806037846880987,1.277801962351128,-0.1336571062968191
0.2178688219237221,0.9121865872854692,-1.7600933753768175,0.5048230314165502,1.821349599222904,-0.0022601814049817,0.6178675231874238,-1.0100960748556531,-1.202467498194514,-1.2291780739410867,0.8935596915351389,1.2061293683925898,1.3021133509543372,-2.335355395265213,-0.3722150507557225,1.201377058545264,-0.5958148607491505,0.6326721868723935,0.7737434608162167,-0.2823741240498774,1.3247882951935055,-0.7349879237741515,-0.8327126191092007,-0.3976245495700563,1.136152380683904,0.6120182648881641,-0.9522788685480704,-1.3126822587815112,-1.9074831803377916,0.4362483988135858,1.824647879174016,-0.2774536140887607,0.6368782354028812,0.3698848651223401,-0.7429821104579526,0.0269900622994116,-0.1561625195821643,0.3832018624716087,-0.3519500947129466,1.234343923246964,-0.2742373018140447,0.367408824634702,-0.3006803040018416,1.2071894483029926,1.564468825638759,0.4323810189578222,-0.2118139007732606,-0.0916228427385646,-1.0788885854182966,1.4135629534889815,0.644135637385279,1.5063769689677442,1.7106957792286424,1.4209230520784557,-0.2416159369081797,-0.6631512919387581,0.6185366900981246,0.711553294476263,1.0993268506513605,0.205701322159551,1.0428021755954089,-1.7879836287504032
-1.993616162146341,1.7740684599700711,-0.5475359036724683,1.8168975599514483,-0.5946382862700648,0.5035819781015922,0.2153448681099307,-0.338591973054168,-0.2892552655078386,0.581549821174612,-0.2611083135483346,-0.5959568393378213,1.5711731657867325,2.645741789526724,-0.3102095108968271,0.4080224866245392,-1.6340591915941434,-2.4207213177827693,-1.2981606313471945,-1.5279960436705204,-1.329171681466696,-1.4302723089984166,-1.6571688768817894,-0.8812727479106625,-2.0535096391058376,0.3122905533543407,-0.6912309593030014,-0.3144207424987476,-0.5194633062037506,-0.0640126961153524,0.8451700016510153,-0.1855090368586948,-1.4413353786870386,0.3182664641048865,0.0640952221645862,-0.6007366507847558,-0.400417600955212,-0.8519424125204595,0.4150918958331481,-0.3919983809895513,0.6725664646528382,-0.2454647926560547,0.0762118163049293,0.43565618747827,0.4958392492443554,0.3732713213431369,-1.1690703848365025,-1.7603046114473533,-0.942202672701837,-0.84648606664685,-0.8733577260034597,-0.2016517859666611,1.3232353921986777,-0.2416654353108587,-0.4782519978195415,-0.862987221521023,1.3533095496866654,0.9981958133894638,2.062265949773629,0.3913653659396806,0.1545536963806656,-1.692876187575882
-1.4047713672270352,1.219095107472751,-0.1561109149288342,0.5767198249768761,0.0541377600791393,0.606359299748831,-1.2761907608765777,-0.102042486485924,1.5249298290035544,-0.665237141126884,-0.1836376044177868,-0.4712154554242027,-1.4204205362526725,-1.041459371853105,0.6740249077558498,0.635435988344703,0.074248564149554,0.4490862803302355,0.0064970854402537,-0.5007902896255904,-0.228512696790214,-0.2137204930418922,-0.3929131959050694,-0.0999583742356562,-0.3478336276036909,-0.3412684105991196,1.665650949605976,-0.2658687935356706,0.1421133163481888,-0.6661049018066777,1.0939976548318475,0.8855329408861785,-1.0012468647723405,-0.2903688793899173,-2.014327744535545,-0.1910775215099735,-1.3228300567862463,0.3537530331864394,-0.4866945125815121,-0.4122004306496805,0.0073622633258866,-1.5081168293199425,0.4101381990124982,0.1415969095912472,-1.3239200802370386,0.8035414817916053,-1.2613931370436111,0.4119542184160668,0.551595412663195,-0.0891419667215684,-0.4204502806190043,1.7156775360583394,-0.1768939881475738,-0.6436070727426849,0.1377092791543208,0.497559766147144,1.0129185229438284,-0.0433660749970952,0.9138656216684052,1.2979467043025377,-0.1149680105486458,-0.3688655956719625
-2.444411542927166,0.7417961343376442,-1.3572357038683012,0.3126999319463944,-0.5043168941959972,-0.040825076830128,0.285133967500376,0.5810060118068094,-0.8748703854114839,0.8467411804994726,-0.3831311025776574,-1.1552032461206343,-2.626773172990476,-1.3545358857380945,-1.3727134220127508,0.2884812926785383,-0.4630964069580023,-0.3686055066660528,1.4252297715517552,0.064990681445178,0.3467064020805553,-0.1307514009896567,-1.5015941115940363,-1.1645380138907548,-0.5547896133455794,-0.6718043613599283,0.1389769189940388,0.041192850084168,-0.0261683910619388,0.8174065653702542,0.8010456641215312,-0.0587418442823254,-2.6586007601182637,-0.909291279277334,0.0492945641534827,0.5470337567849255,-0.7515195195652278,-0.617371951674553,0.8652125358841559,-1.4134469460236665,-0.8620155953094562,-1.5126668153163485,-1.228582541110072,-0.1671286948206158,-0.8805041270630992,0.1279168107186162,-1.1110495712858712,-1.32014036065204,-1.4356019312550146,-0.1878923802692411,0.0828398535508755,1.1731476935200462,-0.1208203044369899,0.947927692163906,1.4823317165799117,-0.0984101657529151,1.0556033259345692,0.3747956190521406,-0.0332849417566609,-0.1661226552517882,2.1908091895943094,-0.4876410349785701
0.4468934729689186,1.293353902461723,-1.03722011857939,0.8475021867360819,0.8590091147426466,1.1941322547787283,0.0176016424464428,-1.348997555775871,0.4812496330728742,-0.7239554514410712,-0.2432555104674312,1.0794204603801956,0.9938410574107384,-0.037624196773883,2.102839222308507,1.2237048810016362,0.1203609469969003,-0.0077260483508566,0.7360603860198198,-0.0444692256561025,0.838951831254182,-0.0898786450798,0.2344250607812995,-0.0250618830727015,-0.1279659549573736,0.5581820533625937,-0.1039971517304453,-0.3278016696304465,-0.4773853005639792,-0.1369526549242543,-0.4019398266703694,-0.6370331442927046,0.2297952297294097,1.2796328707838664,0.372150315500369,-0.9807599706828096,-0.1895545735312646,-1.088982073305225,0.5834455816817494,-0.3523993488232746,1.391797446309561,1.1609758719327683,0.6759463047209285,-0.0634430040665441,0.9565966418871188,0.9332049201450086,-0.3986296952497035,0.0568512269214964,0.8465926356603561,-1.0507032115193466,0.2636481076999518,0.059800088240565,0.584413562810466,0.1687612956094401,-3.694363173768206,-1.3686894966711651,0.7225411750525008,0.0550896125350299,1.0237840720449358,0.8458289063619315,1.795907630866757,-0.1787611398967544
-1.7034270596758598,0.4098368137186269,0.5348124063427133,-0.262304077212091,1.4873566516377617,-1.0582027245321952,-0.221004101419744,-1.354910110200157,-0.7409375874238768,-1.4047919197015173,0.2199234350711905,0.3103864047014286,-0.6806796609690406,-1.063043317678751,-0.5571366767382331,2.145932196835697,1.2874843356174004,-0.5427073578379882,2.5929950942654862,0.080587974515129,0.8486355988484048,-0.6272780833122523,-2.183151317836966,1.8054677032436055,-0.4909454833134201,0.3507708910355912,2.091084880518104,-0.4239232481020383,0.3358803046800138,0.0434570337153608,-0.7377654363159447,-0.7811430269856744,-1.6130119808056178,-1.442730169684491,-1.3196353921938515,-0.8636339279353198,0.1050235161863091,-1.3271964414560349,0.3982413039617498,-1.708330073908174,-0.2433667334478975,-2.191351925234007,-0.4896097391248525,-1.4778970304040864,-0.4844212412924311,0.7703634183236716,-1.0285152379245313,-0.965494211753982,0.3053364147090681,0.195009341921885,-1.4471902233171965,-1.0641911137615438,-1.1967975186444466,-0.2399266822169269,-1.4194895206817923,0.0507614406614681,1.2390895131874236,1.4836385330925537,1.8155478720537963,1.906547884883294,0.5289200482247649,0.5053786971055816
3.644802142460541,3.4352001760491504,2.626068456148446,2.7326706398396228,0.8492256848217162,1.9314337293294732,4.291993761153618,2.3023240580484536,1.9282732209543485,3.810183706070371,3.3158731801719314,2.7544719698400435,2.5778825961771887,0.0904315860149189,1.3915042632228585,-2.841947851616041,-0.2137754010758201,0.3335645963293987,-1.161550006125869,1.2502540787780507,-3.1842165283271813,1.983468736483538,3.0549703027151542,-0.780941322429721,0.8818999733112401,3.25626166141017,-2.784283285409529,0.9801699784884724,0.1084138384443009,6.370931201349531,-3.3542885716313307,-3.745345753348959,-2.220483560092274,3.203259147989664,4.311875484802191,4.093424105165474,4.46192914801423,4.720139224480511,1.8288477295133772,0.4234763301024969,3.2863695756365807,4.010222220739664,2.148674908249677,-3.877797710630027,-0.933622064914712,-1.6284721241362785,0.84950087284796,1.6917731338842974,0.6752734874526158,-1.926781586506238,0.7168030060353782,0.5037514742726822,1.988231630567073,1.9659622737998343,4.892577228605797,3.2825478481540014,-1.4051979943849342,0.6495469580611517,-0.105211901864399,1.8070024359369945,-1.187496237097995,3.215518370225273
0.1862717186941586,-0.7778733156660083,1.3865408703809492,-0.6377747159947788,-0.7806576835814718,-0.0494083072043343,-0.8644112012315001,-1.6827736897980743,-0.6601674381906484,-0.7931200567720925,-0.7555467983805085,0.7041413676042687,-0.7555720700415601,-1.559345188531402,3.491413463402416,1.1276178552802494,1.2442654071665733,0.7535531209677958,1.6738434589935611,-2.2546844441358367,-0.1015363208967098,-0.4823524768967279,-0.1531449549192411,-1.3126482852692287,0.4025318963131177,-0.6815167740729731,0.5426488999789607,1.0457481437776164,1.512338477525193,1.3568770790789266,0.7484662398294011,3.176379302153098,0.1369204628710189,0.8691091970481253,-2.4006676885268807,1.4914325472139771,0.0425380419773938,0.4226276586121383,0.8433717589047892,-0.1903187450322097,-0.0729791433033268,-1.236918178007973,-0.962166866656467,2.204151324643118,0.3077991020542583,0.1956984968611689,-0.6716625487855955,-0.910709269796728,0.0273432941074951,-0.4500857001149218,0.3014395328524569,0.5505109841708519,-0.5760418161181426,-1.232817847800736,-3.061818058774618,-2.3025427843252144,2.200490348857893,0.6949405995976669,-0.3170144131822136,-0.2784739048768925,1.043251164903656,-2.671640311576321
-0.0628897782267084,0.7078679821460185,0.4558243586072695,-0.5796388509574425,1.0583072543904757,-2.787554167092837,0.2989073159113665,-0.2184313948934491,0.1132910467072076,-0.6570137544244774,0.6801201246701287,-0.03105870159505,-0.3568729319782101,0.8819776284795279,0.391700233819158,2.1463988706910326,0.7839663795739233,-0.1211988113919187,-0.1707075877093193,-0.1757313245089445,1.5534748846827364,-0.2680340171194483,-0.789261328077828,-0.3286618604320076,-1.6667244521900533,0.1074225113794188,0.7639037442093042,-1.293601162744973,-0.4296735466774593,0.2352960746930072,0.6982833511387047,0.8562277551123294,-0.3778385668282078,1.2014304550858943,0.099015682053445,0.6694207315521414,0.4936664739312656,1.0368367275979515,-0.9922556868241263,-1.2363400176839727,-1.7864344240268846,0.1114221815833651,0.0306241095706368,-0.3697138618965613,-1.6688080113380026,0.0705659734718347,-0.0979455019807293,-0.7268664339479771,0.3384849504570397,0.5107382039499032,-0.3131051995905081,-0.38272660669997,-1.1195842874168986,-0.7519717307861972,1.4475358375245315,-0.999479700512318,1.1175440370388547,-0.1830022731792966,1.8421902387576528,-0.1603831908470014,-2.221525335856339,0.1469214433541218
-0.9261686648386596,2.520530610322653,0.7537558457043598,-1.7217733239862114,-1.4486110529006715,-1.2188201772483245,-3.075214521859797,0.0592376240093375,0.7373085450692983,-1.4198061479361437,-1.5629350306740928,-0.423094390560974,-0.3409003569189524,0.233294882132871,-0.9567538095170186,3.315891873555671,-0.9637535064430433,-2.4014955025398543,-1.098988513285076,1.3321952032810738,1.1608312372629124,0.005745259906849,-0.716419189820861,0.7325250908948693,-1.885835835266611,-0.5361072897260116,-1.8887177193885751,-2.4998874234994517,0.2063789356577896,-1.3229993589534024,0.6692318340082563,-0.3862669587600877,-0.7880219904326013,0.4546454308212869,-0.9272299333741894,-1.1594029450417125,0.1822223421566052,-2.135550769154897,-1.9219395788860392,-0.0654239106822737,-0.6943938370996638,1.775756453652223,-0.7980556202900358,1.2625166884710604,-2.133678609911553,0.8362845428840247,-0.6171148850674744,-1.1232000532604178,-1.9464578052359285,1.556341707147546,-3.218014290439795,-1.3159656628317595,-1.1636428284642426,1.1694197492750469,-1.3335209630549287,-0.1767683291732266,-1.305462340220087,-1.6486992765282766,0.029935795782541,1.0399761761226554,0.3656779940575081,-0.1205528960300863
-0.7529554410700041,1.6999072169421492,-0.1398924394432102,-0.2917196839158683,-0.5640225498024638,0.7250112469557648,0.903244425157706,0.0798777692737153,0.2298433958714734,-1.0968541645178764,0.6727571649664128,1.0170770489414118,1.7325639911485708,-0.0665994095719814,-0.137850127404606,-0.7808446204589317,-0.8532546167175867,-0.6176105600530011,-0.3762468629435226,-0.4686064589155214,0.6507653160107281,0.3337363699525743,-0.1631096356150511,-0.4438741669078631,-0.2041808538021566,1.8078262190769945,-0.163837870125861,-0.6823374800251482,-0.8858815778521277,1.0418333660040653,0.4160151336011435,-0.8298662056954863,-2.079654290563714,0.1048294285300668,0.7963852966457177,-0.4821455193436656,-0.7135439061460014,-0.8387296024538515,2.9895907914167394,1.2451580818751442,-0.3354853867706767,-0.02397839014105,1.4564441161176576,0.1456644023636303,-0.9086171116460252,-0.6792986500779605,-1.446578631904465,-0.1802549206158041,-1.0645370861749528,0.5817940377127091,-1.482982467646614,-0.5557365195621471,-0.6424688502835866,-1.1822215534063585,0.0250130558359252,-2.366669131625949,-1.3978888034337895,-0.9064090373516576,0.4443956655889305,0.1878849551570879,-0.3107285710569135,1.0173300229886484
-1.4053848095684467,-0.1788327213260109,-0.3500329956733698,-0.559283155536162,-1.2949549705562715,-0.7329553998326871,-1.9239450251065848,0.4385713812623489,0.717115568332906,-0.5004567960426621,0.6717748153178071,-0.7668320552090112,-1.877608566815943,-1.1660914034826528,-2.2963356373345243,1.3131776794596557,-0.1872799746085832,-1.9473159281211472,-1.667172981623635,-0.0914933907205619,0.5997880821786125,-0.3373281213374656,-0.5863583083825326,-0.5757457644015802,0.0495568567977037,0.8220870054768032,-0.077406516703281,1.2066122150725265,-0.1729271605510745,-0.4101627947778615,0.401856625585351,2.1046205438848897,-0.7590987691816813,-2.4213030514342995,0.7849806971350222,-2.486997670915649,-0.0195857586203158,0.646273846200885,-0.5972163204273179,-0.0618287852539046,-1.0270233138004428,-0.7421986127397369,-1.060326522214265,1.7984443348026933,-1.609388657643039,-0.4242613631445487,-0.824969590539775,0.3131845012282265,-0.3073377177792197,-0.2388676086961203,-0.6690878917171452,-0.7589090384523395,-1.2233750221814654,0.0820778989118452,-0.0015711467782486,-0.2348648891218749,0.2508299287546502,0.0855717065826574,1.5681269776766515,0.5074738947722213,1.6124427054267634,0.7145500994188257
0.2393793058055157,-1.9537650389672296,-1.867013947124768,-0.8778357711701779,-0.402402744556974,-1.3751193748977295,-0.5779656200504281,1.1154040347801508,-0.3734834391382459,0.5277016414881528,0.5537280373297462,-2.0658004059861352,-0.3830295450584267,0.1833813352195765,-1.5965319830818665,0.7434684295706315,1.434671733409852,0.3960065984410106,-0.3334366037844809,-0.1707797198915829,1.4609525184571854,1.0488284206855465,-0.8438412228406661,-0.3467738501566198,-0.9192316513901052,0.1652361653480804,0.5278059071129154,1.3443202603459037,-1.2876840602854227,0.554496994810684,-0.8532953074083041,3.024285502749458,1.6797485116435544,-1.1778176751411074,0.3924221102825356,-0.556060221697068,-1.0386007071970236,-3.1035341088823376,-1.530490459778653,-1.6943104808944764,-0.7307141336944925,-2.48020146684812,-1.264493667646729,0.5819410378186012,0.1089374599592204,-0.1017914239147694,-0.2163368101069092,-0.0087786314207549,0.1487299604481117,0.5926654274838352,-0.3965933489089018,-1.4318542152674216,0.169108392401029,0.638401717305496,-1.1570020001931811,0.6119584264103782,1.2456767614478157,0.6264741227173305,-0.4935740514830054,1.0553613178161474,0.1267658545761437,0.7308788762557855
-0.4028577211223547,-0.1963245313474459,-1.1126317459611954,-1.0183045763713467,-0.4887739514796173,0.2825974968837621,-0.2079714718141371,0.0316272602729316,-1.737209195806665,-1.0782164723238612,-0.1786529622627161,-1.8743530078497772,1.1847734619854904,-0.0520663908181757,0.220513658852954,-0.1522248493434914,2.0572192726537164,0.4265201206815099,1.700030380503971,0.3910473014210696,1.1482482357412818,-1.1886330307441697,0.0802770789444674,0.8472013784579224,-0.0335534107302235,-0.1217249824868338,1.481495323358562,0.963890600706902,-0.7165079865571546,-2.4818469609589133,0.1080084199590605,1.1448027167905628,0.9561828811413796,-1.4327809044553317,-1.6311682170624264,0.3362970339177948,-1.3493518672975866,-1.9459351836078245,-0.2162037003544876,-0.7400513200615706,-1.208330498780387,-1.8389307191635067,-1.910421955422703,-0.3935024500392957,0.7822256949999625,-0.1968829482037715,-0.9069338767807928,0.0943063353303522,0.3133553209187238,-0.6151275108923706,-0.5869771800223796,-0.3480600656245867,0.5793666897120593,-0.2998715986803934,-0.8390666333297895,-0.5278388590176792,0.9251811865567172,0.646418341477392,0.0053798564242976,0.0696274282398673,0.0020249806616285,0.477755813543081
-0.8533792378513759,-1.1307158744699677,-1.7636242466193015,-1.6982292493703797,-1.6756059980443485,1.8157853507651192,-0.1408891798999989,0.2592613704472995,0.6664462205384547,-0.8711425487428672,0.4032060900926049,-1.3687834751920136,-0.4045618634913103,-1.0419182607597763,-0.82867091933467,-0.1276361845088676,1.2265979729944168,-0.2028903106779329,1.5562273348391498,1.0945367698663693,0.909958704661333,0.1613354077022263,-1.100864703942134,-0.6823368967131012,0.5844819187958386,0.6653235107611405,1.5857955788438394,-0.9948502573757504,-1.2784228752529092,-1.5730268077766691,2.3311752813254487,0.7077371748958587,-0.2296644250779728,0.2806360435610426,-0.503773776609732,-0.1931363229307094,1.112069687720442,1.3080943331574724,-1.2536853580983092,-0.0207684959275914,-1.535833563942203,-0.9484674684030154,-1.0012343012789136,0.3700271117533046,0.1153323980396123,0.3307877440326409,-1.203286945444113,-0.4696482915970313,-3.044253223070088,0.3515288721683208,0.6152385384813437,0.9493825798838292,-0.4710620454857114,-0.7875582350380812,-0.6436943710791221,-0.215002202768696,-0.1996369279100164,1.206981678124621,0.1558903676856251,1.1806672740798416,0.2110826500848025,0.5735543200209559
0.3349045514620183,-1.0801951382426431,-0.1092050410923919,-0.4681159571905321,0.771035891801414,-0.5367764243825996,0.1905387919378425,1.0875067194827337,1.4485431226766994,0.4231633338761595,-0.1379725914001157,-1.5259768748474576,-2.637863099415147,-2.247377446766579,1.1768807796938223,-2.5594780466866567,2.373833185150796,3.0190327516981554,1.3214832755217016,-0.2878802097118683,-0.0224047680577243,0.1254937875243807,1.372102073504333,-3.1845872708169773,1.7841430289372555,0.8467528628402575,-0.4823766759246324,-1.8242281352305525,-2.0748711751959377,0.7382856803268063,0.1545701097876624,1.2642391038901846,1.938621922797133,-0.2624813113563955,-1.307761481234104,0.4878900752230066,-0.1950414193042621,-0.7733891991682521,0.4983041767747024,0.3689966893767649,-0.2180884152465222,-0.3029858693774067,-0.3508401956722253,-1.9909141920407376,0.9441854989232222,-1.0123488641242833,0.8520735493924838,0.6223336695225972,0.1929089463581473,0.3368128690994662,1.5893159291658048,1.7712789261280737,1.5081470679027624,1.0968317558625047,0.3762868774317105,2.1511064538249194,0.3141962957813821,0.4047259024813835,-0.4180581370212606,-0.275101816720316,0.0230665451675873,-0.4290445797424104
-1.4530049138351768,0.7776651260194503,-1.596360860884669,0.8681267603922533,0.5447733926376758,0.770895944930535,0.639998184981808,0.7097722773758026,0.9359965241293612,0.9008319764359124,0.2734188575485689,0.2769888323462056,0.8552509932539986,-0.9465367200874631,-0.1987091118339936,-0.9451267929627574,1.4045594175434966,-0.4691733488076154,2.6643117186596705,-0.5953717849423241,-0.7984749383687166,0.1927403258538595,-1.1069205687112165,0.7421775902908108,0.0351450378439421,-0.4212685956958429,1.8899270133271031,-0.0027563815397466,-1.6406093770434511,-0.7382144438038382,0.5578625790380859,0.5186816993215231,1.263079047983202,0.1690987961371003,-0.132151514669321,-1.1162175334781084,-0.0556334931814433,-0.0593961014740276,-0.2927832836603567,-0.0612469327055363,-2.10885318768305,-0.1012022936721221,-2.9326161590579587,1.3815337581853264,-1.6107194371943878,-0.3436657433356667,-0.8665902454633333,-0.3163625213484141,1.0930845537128513,0.7087772523313812,0.2092564331137208,-2.2017794381533906,1.6229839412844125,0.8958947765499836,0.8271486554750321,-0.6619040194542537,2.1490593569434773,1.0609111244097225,1.8779856207958328,0.7784555832570541,0.6410274991279052,1.0715970518640956
-1.1738792676796677,0.1408459105194169,-0.8821833919042441,0.5766305221139422,-1.6006596368834316,-0.6990101648666801,2.030459442605558,1.070499858761245,-0.8988245617142222,-1.302516575411258,-0.5004664059111755,-0.0243842535430446,-1.4515639300598928,1.2432528211197864,0.2745560912984429,0.7653517433172484,-0.4357498099044023,-1.0802413664540635,1.2347486194156303,-1.302032849767906,0.2237031917844428,0.5274036930301755,-0.870201976743425,0.1647880607201693,0.1959983775676534,-0.1018598915442524,-0.1912732491846652,0.5524838966815733,-0.6610788647795396,-1.1331473678656014,-0.3233490232535046,1.1143813610984172,-2.0690197950631037,0.1058380570045004,-0.1754968044078648,0.152417679991647,-0.9852223714500598,-1.5942703333252273,0.7395623613715536,-0.5984738347713325,0.8861511535298148,-0.0610268746106915,-1.3911301984725026,0.6376166636829307,-0.6520874433554051,-0.752410178993705,-1.708460377164601,-0.9590622642326982,-1.2790587471872987,0.1683117886708189,-1.0978159932572715,-2.079283147685723,0.9150056953285628,-0.3878412413739632,-0.7100012419209014,-0.9742374636116388,1.4201382136380734,0.215699546279687,2.0047023150372816,0.1240995120246348,0.2397611900157823,0.6138940542584675
0.1693128496328192,-0.2154236004182647,-0.4256553416557403,-0.276130589706373,-1.9198324699041611,-1.3229600616704902,1.0776343161606663,-0.7178686566241387,2.229528289867993,-0.8231074273538114,-0.68512614924877,-0.8077266388956219,0.8365268193287076,0.89110741634405,-1.7578840817826409,0.4082987845555719,0.1305887536771409,0.435714571722976,-0.8316652529876263,-0.6152168181690832,0.6483168460444688,0.816400772528759,-0.242335499130127,-2.990527439636945,-1.0301353600088032,-1.4537593283713783,-0.1776990015441706,-1.8374045662963896,-0.5297507680943381,-0.7671283062906447,0.7798113049975482,1.8976272114640464,-0.885554792996826,1.2705796968816836,-0.7922983152920506,-0.7884862935012242,-0.5701207330471003,-0.7982603119892439,1.6954874025953015,-0.38504663429392,-0.1313980642259179,0.7572246093515236,-0.4781959622164575,-0.2463619043993646,0.9886099781614734,-0.5791488505352467,-0.997037819565167,-0.68432532316868,0.6809584859723349,0.1849788836853615,0.2467371698315014,-3.2129935002436274,1.8702433426291325,-1.8778369470526464,0.469857630584658,-0.2147816020647985,0.415056306894691,0.2737119652636559,1.1346438466750488,2.0067395270764097,0.2140902898385209,1.434843485389688
-0.4139879214469892,-0.076127122664965,-0.0214025332327947,0.3251124579304004,-1.0801186905857327,-0.6993520038195641,0.6268423928299445,-0.5736341168713945,0.5364404553945185,-0.0216660918269956,0.582370277153209,-0.3121461832342924,1.6463266024385224,-1.3445575935873324,0.6446474787025603,-0.0043277605583018,-0.5842117191998437,0.1479880219599119,-0.2045627298906547,-1.0992498010907088,-0.1451023787457731,-0.6940959965704174,-0.2615163929912855,-0.8353358194204763,-1.0304823617463563,-2.595895498015018,-0.7028061886287262,-1.2329480313574892,0.9435560926578614,1.2345864962069246,0.4307128573897823,0.2117771632949766,-1.0295262327612695,-0.242344087111831,-1.3635417859020706,2.2397314272953524,0.8034467252338252,-0.9003607052783682,-0.6151493441638423,0.5532557729621521,-0.5632615051529769,0.4412363998437962,-1.6406455125572097,0.4626911540199573,1.494424185059308,-1.042867331322539,-0.7018769402294269,-1.184911589298552,0.093597552244153,1.8704066695239436,-0.4038810994975238,-1.407675021595526,-0.7269630758572123,1.0659560539184074,0.8394330214547835,0.3260378951212062,1.3076035596629143,0.8581234830818072,0.3549748966312138,1.2648045025187542,1.7301333952171611,-0.0900708512343156
-0.1636934400223351,0.3987915061496041,-0.0445804049112497,-0.1734236062328389,-1.7429200357840184,-0.5609355637029254,-2.059068891180195,-0.6218599851109761,0.1596488683373391,1.7375217364908222,0.633421639569312,-1.4018242295838412,1.0243113085270836,0.7256233111795416,0.3273240819601024,-0.1619982465094012,-1.2392949213269002,0.1029494527648973,0.7223336161809514,-0.1972173600820094,0.4999299732208071,-0.118392477409553,-0.7883134267064049,0.4547062186520694,-0.5199767528934702,-0.5366842365427287,0.3699833310033332,-1.624835787049789,-1.650587919115099,-0.0743223204779748,1.649477247957365,1.0581209064496688,0.0258826811329065,-0.703148444242964,-0.3850325282793278,-0.366812224459519,-0.2834084091029846,0.4370037713107597,0.7754297959845655,0.4070298935335595,0.2747687385769778,-0.5805664344441188,-1.2336642359325096,0.0120796550689225,-0.05547908120667,0.7738453161387971,-0.4030092416270295,-0.8500381944443431,0.2490505549463659,-0.2339421849666952,-0.2717024018168686,-0.3349123258172007,-1.455977141207458,-0.4754014228245565,-0.267632949273353,0.9409650986254412,0.6431000263245208,0.5137625614153913,-0.6187429425067249,0.1829800792314289,0.4562658472575231,0.5870367073146391
1.2142229552856518,-1.435958643422005,-1.014920544847992,2.697860342648572,-0.2677285850171088,2.10397728146185,1.9510527513144609,3.678526976813678,0.4294780550859136,2.5033858180100874,1.8823063198227217,1.731221910316081,2.077106276699952,2.8856696964439377,1.279036947363213,-3.3495341491293664,-0.5533895267634138,0.288453831511568,-0.809409476645553,3.6180216997917656,-1.3119565975852652,3.8238200665035857,2.2320899512316377,0.435335056488479,-0.7660546956951566,1.3891332452185388,-2.8396572982786985,0.6923379279623156,1.4382229581248804,0.221316841982244,-1.2489194973962363,-4.321911580979251,-0.8526817918421375,1.2501347495870434,2.874084951948109,2.928998564100733,4.0791506733421,0.0551602489076463,0.5836642147126039,1.337263181287237,2.142909473015779,1.9249156063834945,1.089368400957186,-5.726572763078655,-0.3980565149873349,0.8563293512496553,3.082846867710883,3.235059132068221,3.208459814455801,-2.339958546536661,2.4257921528879063,1.19074274456622,3.943162240852306,3.614466135688466,3.611610861798801,5.004281098304699,-0.5182854243396887,0.6055686021164037,-1.4530007050816605,0.7100816599406545,-2.3780825796693934,4.894210411346752
-0.5030001737842806,-2.6470015186930445,-1.3062090519673546,0.8523061158585986,0.4759492741192934,-1.4057488160443292,1.3537812724228893,-0.5515527219381404,-1.2487280934955394,1.5596269439018096,1.057423962240424,-0.0270506755884038,-2.661789204285874,0.0082318284947,1.0383800077563576,-0.3574354314653795,0.958377479670635,-0.6215882866894162,0.3349077995628342,-3.1761585145207736,-0.9934769587447776,1.2377796832043462,-0.2922034072565957,3.854319508079151,-1.3008579480277678,-0.6641488209685383,1.3201491079477077,-0.0978572853747195,0.577466801926372,-1.8005634067600689,-0.0547114668799668,-0.2255195064927292,0.7476293576140096,0.2893975846012508,-1.734513962666708,-0.9958319668689796,0.1773125352712661,-1.554801688220064,-0.3148029303570359,-0.2765476655367848,0.1404045338027132,-1.3865874777869496,-0.9488879804268242,0.074723875366828,-0.0068019182586244,1.2295956080084218,0.278395720388007,0.2597152138126425,-1.3702343020324537,1.2740904647668403,-0.6535915168741313,0.2870290269580218,-0.373047330701779,-1.6160040114458811,0.6722124351912089,-0.3082800386223666,-0.1934700736005303,-0.5147992600365756,-1.0541496687672538,1.382830796485929,-0.3197979937141127,-0.6745752586819708
0.3069607127104835,-1.2428331070438945,0.2932010993959897,-0.4520396124266074,-0.6971000160135289,-1.4470758933954768,-2.707231046740922,-1.3436722655499924,-0.6867734730349173,0.5906636827310613,-0.4394637104688101,-1.157594695344732,0.0505883851884398,-0.8890201053802191,-0.8380840839663829,0.4209472864324632,0.3304143951206214,0.2549316745508855,1.0526994109535526,-1.0039356962975352,1.561561208613505,0.7448836152283145,-1.903609519849936,1.194532242088595,0.1629937297482747,0.298545852847473,-0.0532101081600452,0.0349114379738654,-2.7829821875159912,-0.3832565465670494,1.4343670496504195,0.0062620157357204,2.27785854058529,-1.94956535773664,-0.8081062505055042,-1.3345298401275276,0.1919358641391839,0.5777763394742439,0.5133484444988234,-0.9831443519738212,0.2532036839743398,-0.8139521150278002,-1.847131566640728,0.1184575842324401,-0.2230127412770717,-0.3007200658449583,-0.6620051291120794,-0.6561466661571775,0.8369509913145494,-0.8408238763175384,0.9918949419066324,0.019402360705251,-1.6587500100872672,0.3211034338977867,-1.2327230675766958,0.0296018072166119,-0.248454095701271,1.5583091945702534,-0.3625207074622197,0.066016127765791,-0.9811282440746648,-2.10186384508689
-1.4853313055567725,0.4505752976123608,0.5489603990450374,-2.0322511704685056,-0.1437513614952272,-1.9216928651950205,-1.5969411912014042,-0.8010567058660552,-1.5143404873782536,-0.5558788167706707,0.3252524292454484,-0.4751195937896111,-1.626502243673114,-1.842219951604339,-2.287827573307064,0.7196119500492513,1.0962619384095689,-0.8181612371885751,1.7491730210074845,-0.1637710735658831,1.6783158573998835,-0.3214595365285262,-1.3229292722910933,-0.6710235585637734,0.408628323704133,-1.4140772779803334,0.7408690437360979,-0.0188725495982275,-1.0369827718140796,-1.377553202144788,0.2837832827162153,-1.2043028153975328,-1.0136702231087973,-0.1532402886135354,-0.8773784700767662,-2.668790719909978,-1.334507178171541,-0.899984625773807,-0.8522877331523937,-0.1639737721770378,-1.3731876193229091,-1.4258403770474797,-0.8495123491827815,0.5733406409480739,-0.5751883248837959,1.5828402560137271,0.7443649944362352,-0.8621722837434069,-0.749385258538129,-0.3719486625751985,-0.257463724376223,-1.684255481216801,-0.2029697571236685,-1.9154004496192831,-0.1396437552488758,-1.5257013815838183,0.5147597325565747,0.5925293767014208,-0.5228705422083617,1.4011392943233325,1.1291025929152645,-0.4798606740520847
-1.50742511065113,0.1798021429178979,-0.0870441507497527,-1.9453642335710384,1.1623049374512615,-0.4145967630801812,-1.1809879329678652,-1.9139212150357392,1.01055533102048,-2.304183713490745,0.6845853659465737,-0.5666285915887919,0.7539373654831218,0.7031004314094423,-0.979267517462103,1.8906618884489947,-1.6154058181942077,-2.168361508136746,-0.9414553514138004,-0.9580370492425584,0.9985769256070888,-0.4598308067733729,-0.7961511552544982,-2.3612341246280266,0.1225297000976671,-0.3047683170500156,0.0377963167989932,0.0642834030748431,1.0052424937846074,-0.3399925794662224,-1.0148055577465611,-0.9082633368331328,-1.1191850647968435,-1.4565363446905442,-0.7243766761992341,-0.9544393052470466,-1.092028544098996,-2.18340383076326,1.502216426947184,-0.3734700256960006,-0.2960859701061054,-0.6541704633439062,-0.2519236216959787,2.1549684430684306,0.671189368655252,0.3042830650853061,-1.0332376542419242,0.6274583174926409,-0.1042154195241837,-0.1962501203790534,-3.224053822566405,0.3217543884852314,-1.5514031607116654,-1.7199464071655122,-0.501352405242121,-0.7808224874285098,-0.0950134690437775,-1.1055181686779685,1.145411894964766,0.3638475569649855,2.666867461932166,1.7956184023153845
0.2244734435561557,1.7724747793071336,1.0465715567908205,0.2404118999629186,-0.4664302487049278,-0.1429589733758722,1.7106803272070206,-0.7526696543135402,0.583138390601766,-1.2858995461026463,0.64028182241232,0.2346961929573418,-0.3822895550534735,-1.2670207022132989,0.8604841771542261,-0.617310806343482,0.033452703555759,-0.7679185756196172,-1.6234160818362056,0.0432109325372315,-0.5755766931356139,-0.3839053617332738,0.4683597423814075,1.1100035398709438,-0.3455183715466554,0.305689845574777,-0.5418923455419086,0.8940215659638673,-0.6662600218874082,-0.968072957512456,0.7578406130768083,0.796339610790145,0.0786857516714591,1.7204057771159462,-1.3048500625781876,-0.0401012283283972,-1.2430343064941507,-0.5315099280535188,1.700219061795433,0.0001528645894839,0.0774336883693693,-0.4978959202280455,-0.4414314144305276,0.2088810426486086,-2.2416662604885893,-0.8311317626982968,-1.09252836369212,-0.9157220184927072,-1.4598489180480123,-0.9229111781103052,-1.2512199192960771,-1.6782811604553238,1.1311720871000028,1.7696705721607429,-0.8054831125388121,-0.9031448270569956,0.1404209949965831,1.5389003813133997,0.6203478047728752,2.988319580259476,2.2685354119768304,-2.07920470154402
-0.360201232472592,1.4890890371270722,0.1494236754180437,-0.2071096514950287,-0.3496395941654385,1.2191189114571164,-0.4876895264028315,-1.1211509888108275,-1.317717965494754,-0.3217235923090691,-0.3186294599187523,-0.5163630287632422,-1.6472667152874294,2.9289186082221024,-1.3823286916899593,1.7363950190990096,-5.117057286225592,-1.6982427796190238,-1.018330748159446,1.068920926984904,0.4006296018018137,0.9161707162402024,0.9368982686156072,0.6298421366185888,-0.904004472450036,1.525485971859993,0.7676853422636349,-1.751180154558679,-2.41110395681461,1.1941025843038733,0.1722862590033728,0.6534251631796252,-1.413572845318405,0.554361020691644,0.7320511835825405,1.0006412024071114,-0.3795896181260589,1.6292723480595552,0.1815996967762777,0.72556959563982,0.4176768000478795,0.056466026758774,0.2056251462405371,-1.048243215436765,-0.0654769160855706,0.0786799877452909,-0.1822529355114849,-0.3121001905157886,0.6793511180530987,-0.4079886303262699,-0.2922673430079126,-1.3004380913484055,-1.1127429078908233,-0.638699932484929,0.8692293157676909,-0.6304421421189078,-0.463466377774096,0.9340794385713704,0.7416620069190841,1.0003752796892609,-0.8318424790274097,-1.9542508144948127
0.5412743501723747,2.3918336498228414,-0.3054821924746027,0.2480306762631782,-0.1297920266201699,0.4649944942947565,-0.2733561877992853,0.349891217511591,-0.1469683514567294,0.4797477128564211,-0.8734857932316535,-1.2544794933571164,0.1520321365790296,0.0037491668707947,-0.9222082150119592,1.4947443551311337,-0.4801547854078931,-1.3411684115819398,0.2807762178221947,-1.1995445706047825,0.7299866626847962,0.0776970371990356,0.0678558103614804,-0.5200815771851144,0.3952847097067531,0.3236057879263387,-0.5841260654386066,1.1070226909563716,0.1627549194361847,0.3440003845924312,0.8048121668620276,-0.0048070669298775,-0.0122241709318134,0.8750129378937449,-0.9347124522762952,0.6342826537202189,-0.7983141335436914,-0.1083287544962931,-0.2402165389848797,-0.439689104047919,-0.0505151972778063,-0.2456247901735704,-0.7624251909135016,-0.0992988360655996,0.5576804453104786,0.9663508812721736,0.3891870010598373,0.4903449775824668,-0.2619124395035448,2.2879225144962803,-1.3885494441163078,0.3378428868869686,0.7872937520640217,-2.899456620837342,0.6040643298271756,-0.450869761056989,-0.2941267399848102,-1.27943037982373,0.0402698250041341,-0.7023120431781656,0.904277485284634,-1.1807535520390486
-0.5119587405131762,-0.2984425229049339,-0.4916971366276328,1.6602226165296765,1.118659768239139,-0.3526765407951151,-0.7495234881394678,0.4587295524469665,0.1509391907818194,-0.7838278219851454,0.9453722411653324,-1.5298622988448136,-1.1834024541345087,0.7857181749523976,-0.9013733189372528,0.1152553801988167,-1.1954044988967187,-0.4822973543535949,-1.372783042342988,-0.6428576327861241,-1.6356734983451786,-0.0935002241950219,0.7526297658658138,-0.0951155971251225,-0.3842306695149444,0.3675596182646734,0.053826440225089,0.982823899542512,1.3282925099490932,0.3291226753316734,0.5308986225688328,0.7971873872116382,-1.534975895031443,0.1787020022198677,-0.7451049651447309,-1.927305486777101,-0.2024355413378329,0.5231111568014517,0.5836391114681532,1.5894876565336016,0.5385507989966268,-0.744722615432263,-0.829022611932837,1.6250817087555838,0.3490713049297268,0.8045147699827778,-0.0669017637629531,-0.3968801925220661,-0.7135147008829057,-0.620719034417959,0.0555957543808553,-0.7200208444596043,-1.6091302830314678,-1.1579489978070383,0.3692205817723377,-0.6354218511487955,2.7211111585953947,0.9287197895932954,1.965799525998864,0.7337167756430509,0.7319618430720707,-0.6660360153584098
-0.1503162150191495,2.010451132686955,0.4505590884611787,1.8264180085197503,1.2483034916527045,1.4776076595527985,-1.1257121757126811,0.2650373763026367,1.887555177651853,0.5905572694969572,-0.2581132402543935,1.3856711009508662,0.2777050741597396,0.5400112667245556,-0.3944774895263447,-1.1472329838631568,-0.8907680658876298,-0.7854063341772713,-0.2685953606747867,-1.8190936652930616,-1.5637275239460195,0.1529156843543318,1.1692325586315977,-0.2860885567176022,-0.5723575169289914,0.2541315696174203,0.7028662320823227,-4.216317392626872,-0.298048414958062,0.5634910085990965,-0.7422289999745386,0.4789369588739141,0.4519826395311705,-0.7640291382214706,-2.3473464228036143,0.6181181808690569,-0.6038811664029186,1.1346434101612883,0.8899535513786632,0.4593490013433039,0.5643571048886784,-0.9476862274856064,0.925611576813426,1.0073127506888202,2.5843037637513944,0.2020895210028575,1.5286496532335765,-0.1822030349326754,0.3859209697682426,0.955143715917173,0.9813962286353156,0.4059084189980073,-0.9511537516899848,-1.0795470409809642,1.2387768114972098,0.6876235043936045,-1.2004759580469904,0.8371019990288986,0.7011315875840668,-1.0092563829582142,-2.1165099407870147,-0.8258541109804975
0.2481367519991851,0.6143911895790095,0.1057359344641952,-0.7901215155389864,-1.7693854337035853,-1.1191867634280093,-0.6912335075745473,0.2907849606356925,1.5969222571070607,0.166442255430919,-1.882187137435798,0.1401420642557725,-0.0621174056311495,-0.0040181408995801,0.1795896872694041,1.438929459908492,0.0906945402214795,0.2772598434053649,-1.87833552568845,0.3488852494691513,0.0536064391229275,-0.9432052880993108,0.9391670399073048,0.2569880955739607,-0.2407219317049405,0.2935572476046162,-1.1003512301500955,-0.3404673548402607,-0.0321458116151296,-0.4256627127964262,0.3608549709286579,-0.3514569042894162,0.5949744415405023,-0.1549229169845385,-0.0049251762012118,-1.154471809279349,-1.458269124964295,-1.2910613025666415,-0.3176355165131482,1.181787473802279,-0.5347474210964288,-0.2073932135393504,2.074829779022154,-0.6723563300496833,0.6110064894402585,-0.5457719445481153,-0.9624965013361948,-0.6627060417639763,-0.95765032078427,1.148881508535529,1.319445061243786,1.091923014088517,-0.0403941407736552,-0.1842310557395667,-1.468191901327794,-0.0320663163039227,-1.3342806595697112,-0.6065885731525705,0.2488102137928541,-0.9041467390734668,0.4488948212135803,-0.2887612376957595
-0.0750883317810674,0.979012351501579,-0.9029185306506452,0.835972109014902,0.0357309420281997,-1.0879526196883804,-0.9279983917336276,1.6784185988832545,-0.6012323334934151,-1.3350947808808484,-0.566344874954473,2.592438070602352,1.5964177972584392,1.4976370041471754,0.3473851769920106,1.1715362985048363,-1.2946763829907282,0.9507623981131954,1.581167519646703,0.0745084116187858,-0.763642136795132,0.6088120186949302,0.6252688007469817,-0.275253543069255,-0.3094447298256813,-0.3631163202613126,0.4536754422911957,-1.0596123555066757,1.2499746158129268,1.2850337216759615,-0.3500710950724287,0.5661793705470248,-1.1671781057296733,-0.1861881675171512,0.1611660534868386,0.734596779608284,0.3120514300238821,0.4655077813570151,1.1638396698948443,1.1704507856941533,-0.3730916502486675,1.4710644245302016,2.4536924044345803,0.4163590924331479,0.2134602476906272,-1.8545578817113677,-1.47243510441837,-0.0374449688908868,0.0949903751282349,0.9719088587131666,-0.7363616227639285,0.1011686439838435,0.0692993213398401,1.1984918947841967,0.8313521498191464,-0.3344477259952549,0.0599344060313682,-0.9247201051226768,0.7087715485128621,0.6708149159436443,1.3034988513496597,0.3553418152524449
-1.1047637509247346,-0.9116974109326296,-0.9163717161391588,1.0455677520054605,-0.6915390114135171,-0.910427712417896,-1.671181227296259,0.7170171655218687,1.421394684229034,-1.0373291660846111,-0.9778156343808576,-0.4410584500242085,-1.1813483636858086,-1.039880685457993,-1.068360652561935,2.1198442588623445,0.3593839372250612,-1.3412915061942734,0.1606243454396945,1.100689403099558,1.6354845783794776,-0.189460899024895,0.4359906010228157,0.3556915025714324,-0.8537354928652292,-0.6330639158718219,-0.2945363590162009,0.0373422263857565,0.7484094360451322,-0.5003214569448052,-1.3787699510030884,-1.3549281645787572,0.6606636929047535,-1.3948741531938822,-0.1313098539189875,-0.9429221721745222,-1.947146011716293,0.391616019128753,0.5353224190080155,0.0009991374687677,-2.3707529714696465,-1.2513475209370244,-0.1708247478124459,-0.1862171322839714,-1.6620551234166308,0.191310338119357,-0.3683269440948284,-0.4982841674634012,0.2601314105664048,0.3334703950652484,-1.082871389414238,-1.2394846810118278,0.6295754767975668,2.2346743275876824,0.1316600616753456,1.032253020195811,-1.3140506717712084,-0.5245337162179834,-0.2688456025426013,1.1808914793249838,0.6959877113770463,-0.8992247458871347
4.034485398667264,-0.8159930119879438,-1.395261635320323,2.510625680736432,3.047813177731985,2.972555031344776,3.3485186625259176,5.220508369913423,1.600281788132902,4.661323248653588,2.9654747978822944,4.153643116114441,0.776261578359799,-1.5342972731281916,3.9715208148479695,-2.951287802530444,1.2759243980016632,4.473197351879916,-1.5707597716916804,0.4177151909125139,-2.508080160232369,6.495164500900175,2.4585516769063886,2.578901823677309,4.207039805711323,2.3120018478988715,-3.931636260416795,2.7334702143078133,4.887209277379466,2.8639374246700937,-2.7951609215360764,-1.7906334926175689,1.4286944108437645,4.190085617492193,2.8073980265377814,2.056344797133155,3.0647819701120524,4.819761644929256,2.6421707186795547,4.248898075413684,4.221127022700634,2.7102169377631173,4.377060796818642,-3.495658834126108,0.4344731174037007,0.902749940194122,2.421252876663293,3.065200826609953,5.110269731914577,-2.0730009541358867,2.913516698476338,3.4642987138568766,1.884568999597588,1.6321671361609216,2.010883096973369,2.2038870511326047,0.587740218885987,0.7270858067340443,-0.0004914872853873,-1.30464185817863,-0.0081760713402093,3.774556117614193
0.2685667591917789,-1.0688038801430857,-1.254976218374431,0.4701872402866789,-1.1754929596224235,-1.363036626056032,-1.155343777414038,-1.415054942646655,1.525931396441362,-1.232168966029728,0.0898217981934331,-2.089149017489372,-1.962802738389484,-0.497065111718724,1.627387896911174,0.963407470750711,1.024869921592793,-1.2501781735363746,0.1297483386813399,-1.00933290540589,-0.1344749949351128,-0.0624887594719266,0.6064938502605548,0.4372076007051675,0.905346836455466,-0.5741281877212663,-0.3383357368306657,0.7668380423979593,1.2165249694630311,-0.5726661871443754,-0.0036705152084079,1.9190889498160288,-0.5297297981325416,-2.760790431762935,-0.2789283148426593,-0.2384442863028565,0.0859110459768879,-0.3535514706078794,-1.0284586453772468,-0.2119708514331956,-0.8267087304622259,-1.045272206431365,0.0152576395286229,2.385205054726045,0.6326865035587868,-0.0115938426387809,-1.0275746652149875,-0.5065832950710702,-1.9378173804843464,0.1710420723368407,-1.5354357756799617,-0.212778082231075,0.4042120552071764,-0.4637659435042932,-0.7393737673402574,-0.2990006374224229,0.2973494054765163,1.4001936511936084,0.6165902987972008,0.699828739084096,-1.6478504585561522,0.5848727905946685
1.230662210822689,-0.5216390746931121,-1.9466317623593723,-0.05866599710681,0.7204285551847884,0.8219875069071794,-0.7976167565928389,-1.369410649128506,-2.925511392132444,-0.8647574424086095,-2.0802804555532197,-0.7555415387010892,0.0603685534046177,-1.3327020983879263,1.9129516395686397,0.3800226723040605,0.1201684358942566,1.1116437385753484,3.432194095918017,1.1330874531351225,1.5471839519845434,0.3168514873058424,-0.8691300892225176,-0.2051879031838573,-1.4326005734716638,0.0328828581148358,3.2552152747978558,-1.3849488927919127,0.3408903823510755,0.2977336694461447,-0.9497471095983584,-1.3274174864621393,0.5239793732186555,0.1832169220367923,-0.2510690983846031,-4.755331462166642,-2.247758211235256,-1.9925559338783616,-0.8376139160876166,0.2809104411152627,-0.6252100577501087,0.0912380179849732,-0.722147687212992,-0.7042306076216099,2.3629917241074416,2.4250966570689223,0.3629885174938173,-0.4965005294793044,0.7458944720677726,0.7833066167242703,0.6318415185055808,-0.2796252207489078,0.5099809248026611,2.7789765448722457,-1.3495188537988736,-1.289223126939899,0.702357436615751,0.4047190254079945,-0.364984192745281,-0.9506437105620328,0.863980213867614,1.3129324682977628
-2.0728320509663525,0.2391367123351167,-1.2222080938856683,0.1952418434150094,0.7944504986779595,-0.2189843765941189,-1.4784973152708676,-0.283924832188313,-0.3475767652825688,0.6004231989659232,-0.0308397155965792,0.7343716783352612,-1.0887685631558484,-0.3752564369956123,-1.3011799548868048,2.0125472502672,-0.2588042772873492,-0.129785366059872,1.0664059469986946,-0.5155613222593836,0.8376902418541468,-0.5812838041747058,0.224331116446795,-1.2742767647928377,-0.1624553001775313,-0.7484715345859708,0.4977706750009641,-0.0968079746735241,-0.1689331748987184,-3.112726253071381,-1.0073999970170815,-0.5525334746883461,-0.7476882495337012,0.7904066395314102,-1.1238530570795937,1.2433489471496193,-0.868495696097257,0.4650413288279316,1.1552663034396646,0.9430711788792572,-0.7811415205811705,-1.770623053929396,1.3140401945239455,0.3137265003994135,0.3470289450519824,-0.3078842412991532,-0.2234692830225583,-0.2071825349116028,-0.4263427804812224,-2.148903011724677,1.0234589548214152,0.1280168722303575,0.0482223260564112,-0.7746662071768584,-2.614037688086904,-1.126327731346069,0.3863090085355383,1.0186085707293722,-0.0069789980328994,0.5268975040333064,1.4600730947753535,-2.569862506958998
-1.1591505533701445,1.558974574511444,0.7171006644418201,-0.8797437073403434,-0.0740628706979779,-0.829005612877576,-0.7549387715965332,0.5948217167131412,1.3760505915413117,-0.2456735774167596,0.0907519396598335,-0.2917033879830207,-0.8708664364556823,0.832856915288496,0.1557468441866167,2.6267300425284947,-0.5195235594977567,-0.645576057261654,0.7202016278350228,0.0292215155108591,-0.3713228801277947,0.9348065224775424,-0.2985646346909952,0.1188408149354657,0.084988451727984,0.4069956673439741,1.4502329731336103,0.0147417115140976,0.1549597909608238,0.8953101894635933,2.934992537652195,-0.4813465533500176,-0.1779184708886405,0.2443019639599592,0.210424129458673,-0.1768280159316224,-0.8721561198344034,0.5279410406724024,1.1426579308766462,0.8001260998796283,-0.9279510542508252,1.8383662325816923,-0.652150081502869,0.9633227263039028,-1.5028430727506028,-1.19484428846815,-1.8537547917809567,-0.3116023414308637,-0.6866410073837467,0.3644218636891116,-0.6050921435696361,-0.3738672305309816,1.3154660277653074,0.289915673958166,0.779709170910986,0.8972782417441068,0.4123029627334543,-0.3276137660377669,1.1509373320729344,1.448373050657019,1.493731361773961,-0.3223994641185758
-2.8410447664073057,-0.3148592854452929,0.3944304211210876,-0.8436502941712786,-1.150228671791738,-0.3525216932703287,-0.512238701565054,-0.3147274093961255,-0.9461441845300024,0.3518662325621926,-0.2715064779721601,0.4194360247528909,0.4240623458189987,0.9625333051406793,-1.1733595649715485,2.134326495584017,-0.2125959269177421,-1.725839202189389,-0.7837291312892586,-0.5493622396069667,0.1295143191689669,-0.7944195023536379,0.5421650063220422,0.3365985098050381,-1.261212300197536,-0.620444692594198,1.414228585979015,-0.2702445415021184,0.637027996579178,-1.3765278545153836,1.1775247402767317,0.141015654546043,-1.6684444907813545,-1.3989520479292783,-0.6010551055071508,-1.1591782605510392,0.6579066088652548,0.5483323636530817,0.9804890749339517,0.8797141498202425,-1.1176542066755215,0.2726416091674161,-1.5740852100417904,1.3385970565705412,-1.3485884464361984,0.2877087840030776,-0.357576776488249,0.3163088588798599,-0.5754035576260622,0.0971110881472393,-0.6971372846647852,-1.0753243906745116,2.2723934315098937,-0.1985717005740237,-0.3456595665739971,0.5094597974857539,0.4374694356258491,0.4320435474170032,1.924585423274893,0.8121429612594373,0.9054798463230054,-0.4624372722388516
-0.764758860721109,1.3997321638545717,0.7421314633334876,-0.2426102645494351,0.4331131017596281,0.2738751711780408,-0.3713599395899384,0.3303957960005846,-0.9939690338300856,-0.4166345957162373,0.7877091737987886,0.1125869889675738,0.1389778416288407,1.615029303061937,-0.7803337405615959,2.2399608432189844,-0.1735470806647097,-3.1943240919211906,0.5823433152002712,0.5527246893711377,0.1356671971355788,0.4774045839234989,-0.1723514822127727,0.8767254796165533,-0.9668085006048828,-2.1203155435244856,0.0507223267733892,-0.970720071043629,0.3706777939877959,-0.5672234290750455,-1.9607920241776973,-1.059582750893176,2.0763869606953467,0.1424997369443768,-0.990917601218084,0.4862502915178907,-1.3973177665345644,-0.3757274746814437,0.6039619557985103,-2.006380520591305,-1.0632357515985835,-0.1270512149309582,-0.9687602549329748,2.0369177677583177,-0.6433798580967114,-1.5840996140524326,-0.6928394289492985,-0.4571407762369407,-0.9490090593196236,0.0310423789792564,-1.8120724359805376,-0.0207743166985245,1.5686136513281763,-1.834810284408642,-0.1941721202618284,-1.1221388836242503,1.063488170207566,1.0888425272771114,3.4203667019276054,0.2212628648366107,-0.3574572760342648,-0.096204893909109
-2.283014747987057,1.906110501087328,0.9031925787041252,-0.8210461924663846,-0.3673685993293361,0.1640525656885774,0.3450931331232837,-1.4133012756792076,-3.0656583659399,-1.5505673024299294,-0.1743687832804918,-0.2861807487679341,0.5813078290339342,-0.8397540467300091,-1.1918961833001842,-0.0946478201914113,-0.906418193655449,-0.8256865101123301,1.2743252008126311,-1.2600754486210215,0.0366915378853172,0.7627849473018627,-0.0404131434529191,1.3637264757993386,-0.4191597158061667,1.3607605241314875,0.6931332316095886,-0.6901904933570872,0.3361309792110066,1.1733657453837745,-0.5866940223767996,0.8804927053636646,-1.0233773546638243,-0.3070229181499666,-0.4518641167430882,0.270064280355291,-0.3672430132456085,-0.1476360499948698,-0.1684716534647248,-1.917425696352967,-1.2639180778630208,-0.6199084648113373,-0.393022002273338,-0.1838823394169754,-1.283029722825537,0.1578224547116073,-0.5917327714550915,-0.5967772250719151,0.2139696435664496,1.9091174248229008,-0.7965888602868738,-0.8157087924629478,0.4780845015740035,-1.152898367012301,1.639829559866755,-1.7468307618987204,1.5658109114009158,0.5810162074966889,2.0040598688801428,1.8476843235200635,0.7557714053865442,0.1794670605231602
1.0793515253623407,-0.5374505189878201,-0.2817352530390488,0.5342120668461413,0.0768515750213298,0.0415934893898115,-0.3000857575972062,0.3357871719285847,-1.5503116629153015,-1.75674917399718,0.2093364618290702,2.15551008811108,-1.5973759929663325,-0.2757707975820219,-2.111605100784038,0.6927568548176761,-1.418001854428522,0.0274232450843507,-1.048614900978606,-2.609013681247961,-0.6526057302969921,2.358113741601936,0.3981809560892108,4.3127816573303726,-1.2164353518790028,-0.300570629108253,-0.1410690718885948,0.2987299615226776,1.1388428194462594,-3.207274042977688,0.0820696948976059,-0.4599730879931364,-2.378910519147029,2.134745131564769,-1.6270454912450514,-1.006589599182241,-0.7067673614660118,0.2283939580843869,-0.0384521013928638,0.1035080753923734,0.4324196519670378,-0.983683191726554,1.9524735932788024,1.9173321692184344,0.4376121929081857,-1.1363876130515815,-0.3665160639053897,-1.2449716831482256,-0.4798447092453248,-0.792865847412367,-1.431014779399578,0.2381608272636103,-0.4246611881751606,0.0911920101379649,-1.2816030840010733,-0.9776271087993148,0.4262224919020268,0.7095186554100629,0.2182658103307631,-0.9061525110349296,-0.2128702389040555,-0.0925675953854695
-0.5035791964517577,0.344950953571667,1.0734226768758188,0.4454680741878115,-0.8424611817814942,-0.4170663285616094,1.013554225654816,0.8192894294474007,-1.9476994297552548,-1.4477182441990997,0.3920872674239213,0.5753571236668411,-2.11503636923571,-2.0175735873171234,0.1192048216865485,0.2096955686017965,0.0862245383561939,0.4928123657961448,0.824373986978817,-0.3702341726847043,0.2273008986109288,1.8101658842494823,-0.4219123157610152,0.0920718683872235,-0.2976203475768531,-0.1242971727230736,0.4492505821877337,-0.503840333108809,1.604277019615976,-0.2641303022167461,-1.6744291559312956,-0.379009907662748,-1.648975132259475,-0.2157863884947406,0.1531133389960854,-0.2354737501714315,-1.0793157561099318,0.2211954728903739,0.557593523709332,-0.802871510766311,-0.055768453298714,-0.7889652529493189,-1.274499417483706,-0.6493769699423515,-0.0208592634262788,-1.4656163639593536,-0.7976899570029418,-0.9024066256468348,-0.9313405305097509,0.7550207189159279,-2.0424491528519058,-1.3096075394706626,0.9112482873334544,-0.8553712379875598,-2.5901626841332464,-1.5610762094839463,1.6560428545773216,1.106230494771234,0.9800447043871257,1.003182366221537,1.425737260384381,-2.30760460796191
-1.432785197620574,-0.1928506325490604,-0.6307797300357764,-1.034571484973226,-0.1937322372571254,-0.6469363564565889,-0.0857977626688936,-0.5168464584591548,-1.5813513993646078,1.5701661722297562,-0.7450968587015601,0.0250953881565514,2.1536460077759965,-0.7414021335897487,-1.52975864942205,-0.2413463854738687,-0.7048342625026616,-2.180767040802825,0.9266311146156272,-0.8591402531152504,0.0836359774506713,0.6093118736607803,-0.0960406995526446,0.1485085568798931,0.6347368456777783,0.0810274151194648,0.1455039186383895,1.7922736803627772,-0.2116286907275074,1.3195030788065312,0.3449562355322934,1.6131008099448776,-0.9403022373945656,-1.3283436023564903,-0.5240483162746362,-0.1620306451189112,-0.9190921304756404,-1.5806375078384076,1.774619786194397,-0.6208526951683009,1.164651670628097,0.2397133903961936,1.776021674667944,-0.6962347214283292,-0.6623791251827627,-1.080640025310004,-1.468221756615152,0.0329245390033243,0.4692181678311796,1.329932545414787,-0.9352966905805722,-0.0498071012379571,0.6091311608198579,0.4707847312000754,-2.210084121697023,-0.3122623418130755,-0.2249199411164653,-0.7863825569240386,1.138342109443247,-0.045496543380001,1.1909287998300786,-0.997460131010944
0.2722079926453321,1.6611748268603457,0.3832840562679281,-0.7481963413624196,-0.1535454889866397,-0.91179089900191,-1.1184638509969227,-0.5327359502373952,0.7106829278616192,-1.936426992167612,2.3258774132724414,0.2753375177817492,-2.8389005317605203,2.0287918416882675,-2.454775135850201,-1.0232479339453822,-0.7472811550461119,-0.894962471862931,0.1483683260482158,-1.344288682153218,0.5078164207360212,-0.2137438567113802,-1.5751568807231109,1.4709280379830405,-0.9706677802650928,-0.9305230840429172,0.631057292561205,0.867094160704035,0.6268728589930221,-0.3362518048515305,-1.208096217458025,-1.169949322228682,-1.960729387727726,2.5413364636582485,0.3914233264301855,1.0994157036600525,-1.119259362131451,1.155378016422115,-0.5474122408811726,-2.7897124957521124,-1.118525477967661,-3.080786138483877,-0.2497134207491553,0.1223182589745752,-0.8061552805388407,1.0867766068849,-0.6289637026143989,-1.0732154253389117,0.0419850295700299,1.1566508282288233,-0.7884816398492438,-1.4408347993484565,-0.2539347042334201,-2.04629597984631,-0.3772778152333444,0.2019194465969697,1.0557297294770551,-0.2680540699383678,0.455301258442331,1.7729661592468746,0.7262570799551407,-1.188254881545743
-1.873916794520044,-0.1215282401460456,-0.7789025354973141,-0.1036556433804841,-0.3782333829154306,0.374662482239651,0.6032111639317626,-1.1678583506785147,-0.7347352919761169,-2.628128639984753,-0.415316548249237,0.3159385057270604,-0.2161347914410688,0.3159389094442986,-0.8294302518251586,2.051865029877723,0.3826000770228551,-0.3471326196641237,1.1545438778614168,0.7161396010119134,1.7759873374936803,-0.9514965463453208,-1.0596508345730715,-0.1467057507209982,-2.4858953162464523,-0.4047490122730995,0.4942192423831859,-1.5675759789125476,-0.1229123617746556,-0.0644899033825937,1.0212007082911645,0.7672880315061994,-0.2483461622487933,0.7946049834547745,-1.7650104037268504,-1.225811288627118,-0.6727055373449379,-1.4912736194385323,-0.5273605770903496,1.4731636798659835,-0.9758292466010844,-1.5605698920258133,0.8595756511478537,-0.8565210779096033,-0.0827468965135466,0.3850177102720385,-1.4092098553462882,-0.7053964931571208,-2.340775406233989,0.6798582913485565,0.0688631710164023,0.1075433028031239,1.6195262592775297,-0.5816072009246969,-0.7308479437943594,-0.954473936895835,0.2029619990192319,-1.1949608357934989,1.275019789514253,-1.6808634926559762,1.9181550844425288,-0.077086131984455
0.7955873599380678,0.4672482238417946,-0.5446934925640144,-0.4270043137804052,0.0873023819336706,0.4939990307309264,0.0928488275255151,1.623169147605641,-1.3779061328564357,-2.4316310083418102,-0.9930763309268812,-0.5353205635849457,1.9391451389887169,0.7143228174168773,-0.5525537027886,1.1684807573041294,0.3743268638430885,-0.9656425970668794,1.0731501228962923,-2.144146762955179,-0.4040800782158099,0.9039747527854484,0.4159533686693243,1.3252143966499217,1.375326810817928,0.2532331717189864,1.6539231785155155,1.2026117481550886,1.8072368991472847,-0.0105186466317155,0.3026140458612267,0.166811434536141,-1.1067269468766538,-1.2873436509552545,-0.934469090855679,-1.423179816510688,-1.205258897828522,-1.9455587992671384,0.4088396752350701,1.8415294902684605,1.8624178254569528,0.976122811624387,1.8256582593132795,-1.3795844630711025,0.2928844057720188,0.9147458566165224,0.3618315809469667,0.3056031800284092,-0.9835113949823888,0.3980783339700025,0.7914620900505417,-0.551319590309706,0.5450107129839912,-0.7611234429451863,-1.738483421073569,-2.2097334011790624,0.745697921606867,0.5562111429905342,-0.5393169632952266,-1.0108273497074898,1.750061312377114,-1.6355653097905256
1.1587248936068986,-0.8184084708526492,-0.424772613792187,-0.4674963296389373,0.33453890477321,-0.6959477548038996,1.2239301463198184,-1.2202138347275402,-1.0836747591704516,-0.8504453631932277,0.6910743210714432,-0.0556504752524015,-1.3490853728834074,-0.0171664158359263,0.451243100116393,-0.5026170947766592,0.0698232196809771,-0.7696112533303807,0.3800820022577348,-0.2390817113242193,-0.3333987571877769,0.2897301772850825,-1.3995658331334826,1.3079906971391269,-0.4002107244116836,-0.2695800784898162,-0.1646297919016287,-0.957564333738394,0.1731193410591993,0.3037597126467835,-1.2427761214426287,1.7534357274010215,0.6674260726698517,0.2477417197452751,-2.5529281760599374,1.1236503940101548,-0.746003990566614,-0.95223288720451,-0.8066509274920142,0.8774064893637189,0.0176204150922887,-0.2412888118020495,-0.2343346177010996,1.3664071698351006,0.773156371463576,-0.7619622395396369,-0.3067016892788,-0.6894688452402105,-0.7944948084374533,0.4990847479536013,-1.080516733206628,0.1162563437728489,-0.0012379021196905,-0.3237919963109608,-1.7642667217067989,-0.8245660491553737,1.0995896707596995,-0.3367349743758955,-0.0008720731577051,0.7452306567152926,1.2397276478528636,0.8500225795510801
0.0497556436152656,1.889130180943437,1.1570743912378831,1.416163312922801,1.315950924357135,0.3334474855549554,1.7109151307301511,0.713639272253671,-1.2567902706050265,-0.0475626352568389,1.6563910336941383,-0.0647990207759392,-0.9809914164184684,2.225048831164815,0.196701560391424,-0.0852378990391208,-2.093320728516856,-2.540786918378741,-0.3867458162570653,-0.4421560401549878,-0.2093543988215858,1.0699250797962363,-1.4067290866760938,0.8059328214178387,-0.4242024539284164,0.0775880290966236,-0.4238989469945443,0.5546574820136796,-1.477810771015023,0.5942077342795848,-1.6083775834867151,-0.9165712672751896,-0.0992423439068808,1.5572105451040694,-0.0266286006589945,-0.2925431702269052,1.1698101437392645,-0.3099444294476078,0.8117061873162421,-1.2560417723591648,-0.0019464423723133,-0.0918616069615427,0.1532125926234098,1.474364047428703,-1.703835884055994,-0.9798874131378988,-0.8074581401319632,-0.599379942898584,-1.1562207278320635,-1.3299387303770114,-2.054496345339853,-0.5312469172707917,0.4162634607121463,-1.1758579892341725,0.1199720644445438,-0.1619600174467194,1.4297593400088102,0.6599515534879895,-0.4298831557431593,1.376897287167494,0.0100814723712161,-0.0985805448643469
0.1165066339881442,1.6052496581121074,1.150560091849338,-0.3685337095136265,1.251685221050676,0.0180201072081208,-0.9470007821389,-1.6123945978475518,-0.0687148846681983,-0.8544346099292555,0.7198634225068552,0.6919681992057245,-1.494121901840798,0.987150239843566,-0.6173250087916712,-0.6417429632484096,-1.9554080164593983,-1.733815916174115,-0.9772031905058218,-1.255455335488818,0.2040079907465392,0.2431705889074466,0.2550806549184559,0.0142483785892695,-0.4563982723436155,-1.692043245912088,0.3105359221461742,0.691895169248042,0.1900138059231427,-0.6760859034751945,1.596019641229481,-0.2851126591230264,-1.3636667555950794,1.4021906661796433,1.3654713782537786,-0.6996969443565422,-0.6546681991540594,1.246305307937048,-0.9241049078709525,-0.6918907447946849,0.9613434527142828,-1.0855659809607563,0.4627451776561444,1.429898245740206,0.223829271001131,-0.8360676229916644,-1.3986629189106772,-0.513353215414164,-1.281771559080248,0.5820161457408135,-3.223139144906503,-1.621213230396621,0.4874405547188839,0.5009588527503288,-0.3943419205950541,-0.3130164293028296,2.4449596708275574,0.704036482170519,1.8852913417485808,1.3088958677187796,1.2007423001976272,-1.093527381820433
0.7296550954288538,0.2642570226619222,0.1088974161214261,1.828188361838964,0.568191226629156,0.5798574802723535,0.796100332348714,-2.4755941653537903,1.859098994988577,-0.0406919322859939,-0.1808788795790115,0.2370125707626772,-0.6230866516163674,-2.427240066499773,0.9397069443519732,-1.986123931629181,2.41543743551385,2.112005224051308,1.3096441368876994,-0.0593399367821614,-1.7944278026751217,-0.149636176346009,0.3327088180707478,2.0626281902923544,1.1382377229459206,-1.3960795900114,-0.905574203499421,-2.9005308808682715,1.2864286560299814,-0.8779158584636235,0.5946691844683913,4.0662026206952735,0.7205497154038359,-1.6352502482404785,-0.692076420987663,0.0146217196958371,-0.3652295394226145,0.509451122909308,0.8725863563438125,-1.500813807700344,-1.7045788452346238,-2.1343085199076683,-1.3787959258908402,-0.9557886056276744,2.861871398381575,-0.8170474761687043,-0.4614549650945581,1.220574209705323,-0.8610748390608601,-2.117131108620581,3.2151011840220303,2.4612770054799644,-0.3922974412745015,-1.7207201051201684,0.0115534758398543,1.3728479869174504,0.0320152932588834,-0.1696377323308489,-0.6821244661710537,-2.510553470780492,-1.329365177851123,-1.006134411423368
1.4873589742946582,-0.7663184600554472,2.1364684448258418,-0.8252151036836946,0.5338905744045271,0.0508091252363098,-0.9760347451681782,0.4370118825428372,-1.6162308513537642,0.736358953148611,0.4220622682259238,0.4900931280898247,1.5146521579133805,-2.136182131637537,1.618022164228731,-0.557774002327794,2.1317724184506903,0.1124007623689347,-0.0403335655206018,-0.5135394586549835,-1.01303962741809,1.9461543706756423,0.4902418164526718,1.0923560784582511,2.5123697379039776,2.838958010851768,0.1099098562205018,0.8200294393807055,2.506553912649969,-1.2884375868354971,0.8546963708083202,-2.0293412837388054,0.6481710808805713,0.4536290212258869,1.2412371587357756,1.8398186955900504,0.9118699460051588,-0.8313643368725412,0.4214197173722542,1.33099067448503,2.6471720034449406,0.9866537422300812,0.4447093565637928,-1.2973623541733834,0.5453709855596042,-0.0320905469192228,-0.0706593997726496,0.4311102605888367,3.615931204938709,-1.4441015693303547,-0.9607910421789192,1.9070854526783092,-0.371202388739141,0.651843591893822,1.1540943490170577,0.4811003843932543,-0.5541447312601692,-0.3372091924820201,0.482509371601486,-0.5940421654202165,0.0841971813749732,-0.2811583189290993
-0.0781644659156257,0.4006455089037466,0.9823303115983896,-2.158516409750808,-0.1246309681620382,2.3565971288693355,-0.9163278783833424,0.4404328788399614,0.8408112476080891,-1.579164937741662,-1.1516609847973542,-0.3191430460214765,-0.3029935903243953,-0.4115300411783094,0.5602031674435215,2.1313558956077747,0.118066142832709,1.0916424643148557,0.2471592253140387,-0.4879252321287777,-0.251858513545943,0.3044764516977837,-0.6416496046918708,1.3880744577433397,-1.3919140774376146,-0.0730836614043357,0.2707892169045657,-1.226195883603558,-1.2569365079491193,-1.0040958263429336,-0.3307983813819856,-1.0281614589978902,-0.3541809987631441,-1.9485704850777623,-1.2231022592745238,-0.7341837922650638,0.10012316447679,-0.7501754818458661,-0.3053593739361859,0.9019008553990592,-0.2655484940077662,-1.3424672454364792,-0.3603314739248537,1.4005424362784744,-1.4738506399922024,0.0719953189185821,0.1817200077839877,0.5596878144147256,-0.4983842462983847,-2.1142842820967225,0.3531285143686087,-0.5077570537633951,1.924576228091454,-0.1662278260789984,1.207498543710291,-1.1514198033397711,-0.2831328378416178,2.7739906644854555,-0.7258832170412224,1.3647277929805264,0.6280349675770375,-0.3931107469899708
-0.1020872640187455,-2.3558332196193685,-1.20453288469778,-0.5930202981603487,-2.42537854931359,-0.8782524144244712,-1.5305448157124406,1.072909893102713,0.0250706786620943,1.1992306329978355,-0.5315696132917922,-1.587274752465357,-0.9129371785110908,1.3205897592817275,-0.7243145917924416,-1.149477212894439,-0.2532055857112565,-0.5788528793688372,-1.39041111897402,-0.6419658763621857,-1.3107722784138742,-0.3043449460670111,-0.2885041715146812,-0.2786672998466724,0.306430906297223,1.8774772935971176,-0.517878531273223,-0.9866106408185672,-0.8015969294503787,-0.6582378385677883,-1.1525539617147984,0.3788819204568421,3.856567806854173,-1.1765235664115778,0.6340577529963074,0.7530276720421454,-0.9582021288762476,1.203293796035367,-1.1976491369462754,-1.1639218988886857,0.9398577512968564,0.3647170088719272,0.6318720577517164,-1.7868272065880553,2.8331038385675145,-0.5684777650371966,0.4130394707868913,-0.4627896052308373,1.1494196229710218,1.3666748450391066,2.8983435399622173,1.5285971197657702,1.088191753329838,0.2978642981389016,1.4883715675825755,-0.7466806967168746,-1.3841232282716227,-0.544338146833245,-1.6789575516674358,-2.2072679468238703,-2.422980702086808,-0.7128886625028608
0.5784555372772998,0.9024498071590594,-0.4172086644833342,-0.639562002602257,-1.1792490465632013,-1.1291063555038416,1.0978939856862389,0.0159431584863686,-1.5538997986886494,1.601594850501587,-1.1544126098231124,-1.703697643282708,1.8745919234115007,0.3483075044612833,-0.7908653702484566,0.421158497406536,0.2949848832862614,-0.2156607981158084,0.2711253387834864,0.6901496672555756,1.3296754606988797,0.5657127205153489,-0.3409270623823743,0.5806400651600595,-0.0690386820841454,0.4618805250894585,-0.7362642987833168,1.0942824374156777,-0.7996727240793869,-1.09623991022917,-2.4154858109930464,-0.9188867056560168,2.9445416797243675,-1.3493607184792036,0.3901025347759833,-0.3553906962102818,-0.3561773084175736,-0.961620210676454,-2.047029706920215,0.6226177856713291,-0.046517577146429,2.911519183350941,-0.8784296267093774,1.5226045923776663,-0.7047409231926499,2.5539312407931933,-1.5749622160579595,-0.4372020841264784,-1.410223671700182,1.1175570098642789,-0.5021754752203669,-1.0590281008292424,0.3643534900196115,-1.091252459717697,-1.572970162908369,-1.181368608941935,0.1209902360737839,0.4002505475177048,-0.7782808762952076,-0.9207406017990032,0.4027272008610866,-0.2647062683139644
-0.4678434794645534,-1.9982391480123405,-0.6745967842461253,0.4464904853291728,-1.2524348627366262,0.4798408445680547,0.920781035130181,0.6315176300040841,-0.5822346376864219,-0.2824727804113519,-1.7880631849684203,-1.746702288567041,2.0587717260383265,-0.5755146068361272,-0.8211590731022257,0.96024391457311,0.3588358624186183,-2.0452435720001145,-1.5262026870314849,0.8982553570630938,0.4681162840395248,-1.4220840298781838,0.4994042073503161,-0.1226921352579463,-0.1330770621150414,0.7902350308911541,0.8600544155724178,-0.3178099449189938,0.2046084944416891,-0.4577026988618822,-1.9920058563216123,-0.7180081967534511,2.2780885591254525,-1.84174130849745,0.9953037973846772,-0.6262660929880863,-0.2755833652854821,-1.7410408833343505,-1.3413146952296602,-0.4706793716355207,-0.767490826798386,0.5642259452571565,-1.2589251705354465,2.990922389216883,0.4672625317689003,-0.3298746607636843,0.1550195734986136,-1.427924873326026,-0.2695104857128277,1.369193454115522,1.0675623876432037,-1.3319504722965207,0.8280642522677479,1.7235550439160685,-1.765673557919795,-1.4981867925594607,-0.9295738691372172,1.1287811704677533,-1.0192361659894282,0.2106887399850859,-0.2917646922175725,-0.1773012988062159
0.4518605491519407,-0.4601876885122243,-0.6103283447505023,-1.4256734676550171,-0.8252195136033927,-0.3880808446984485,0.8805657611918236,-0.2740527610010096,-1.0735456877429137,0.7777316522985372,-2.202679366253237,-0.7518758755015668,-1.234992619656651,-0.4764131439320205,1.453354988378024,0.274743044167659,0.5389865632047799,0.1410030160289163,-0.1706736124391142,0.7356563310021815,0.3069150097306707,-1.1977457602264836,-0.8948895999637383,-1.685230696956651,-0.0716767688361998,-1.6442492624595904,-0.1490950433378,-0.0900406355505853,-0.3154044507329176,-0.7506868876471253,-1.2308665307360205,1.1592042287238498,0.0101729274212283,-1.41082455004101,-0.4688768779210578,0.2944344856187028,1.0451055717943265,-1.1077385914521034,-2.582843078260086,0.8595267978854948,-1.889100619900784,0.3202009042514682,-0.7647118156622905,-0.3871253121189983,1.6345455406446208,2.6256548840106,0.994043106177064,-0.4524372435016769,-0.0256429618746811,0.8089563207886568,0.135693761337735,-0.9817790305716658,1.2413241199550542,0.0729115604592099,0.4428858479970946,0.3281788657014598,-0.1004413784394527,1.5316926294772253,0.9749298290587772,-0.2570375781277505,1.0970994148221325,0.1968912294234411
-0.6494975959649963,-0.0954458035613493,0.1545640685809013,-0.5513393966579335,0.6640741685841813,-0.2862974917584301,-1.7947132015657803,-0.5817243363401717,0.0575547860947375,-0.7129116948432526,-0.295947462715281,-0.0284522851173357,-2.4315212724443658,-0.0717140831996679,-1.3360413144621843,0.8201078764578937,0.6048051133867334,-0.7045776649097854,1.054186891747754,-1.0117469756830535,-1.3288243775302166,-1.156233339684973,0.424160934714717,0.7099323521715891,0.6048871193384042,1.054018583495658,0.2570552114780623,1.3548563028025968,-0.6101958311227081,0.2857542968643227,0.8006368161996124,0.83542724110457,-0.0529297864705886,-1.796678822158719,-0.8378969384662043,2.500439806820202,0.8118555885012775,-0.2363626061975336,0.1380308079389518,-0.4473678529576654,0.554052820214179,1.2042706413066129,0.1550816496071703,1.2207367195799983,0.1484347209540134,-1.371782942503199,-0.1267037741714147,-0.0748499014160754,-1.1740929204073156,0.4877020473750263,0.0233155434329503,-0.0224266619958568,-2.0420589439276253,-0.1223588057062863,-0.6882749986341464,-2.33146281652549,0.6291215688218301,2.470008930526546,1.6827648050423427,-0.117060357926494,-0.4186550688217725,-1.7415441339728774
-0.1230517608436809,-1.2644956385325608,-1.326863341992076,-1.4465517440800606,-1.3677979242969427,-1.289945864618506,0.1060859198391817,-0.6861635282233073,-1.642775540903256,0.6587400870995893,-0.4943498461079247,-2.701427100340042,-0.1155560646203153,0.0565433203156913,0.6724024437567495,0.5258373508969526,0.5877819625536014,-0.6325481974144221,-0.1760033809805603,0.5561790513035376,-0.6726409839342551,-0.4294123014725133,-0.5216443213916747,0.6486733632191568,-0.3306133216906911,0.0474841981026404,1.4626720290563568,-0.4478794485292942,-1.997504553791304,-1.4609007691331914,-0.6277706712000802,-0.1412723172528555,3.304623507958701,-2.028755026535725,-2.2140939789821363,-1.8461698332727647,0.2610101965153311,-0.7038888186517522,-1.315600192558783,-0.1243642234250033,-2.1405132351774814,-0.3961463406442523,-2.3601034270997934,-1.553790559093701,0.6283615932975555,0.1770718738298208,-0.5176536661925889,-0.1558248882022448,-1.5806332183022014,1.020091095260078,0.0863186188715028,-2.38853057609214,1.699651269629109,-0.9943366406095888,-1.4076706322139296,-0.0119335458539239,-0.9640811369447212,0.224767881973739,2.340239858058727,-1.6430588276953686,-1.588323910107157,1.3525493819569383
-0.7613893758883268,-1.4806244502277428,-0.9782593974443824,-0.0474825036643873,-0.4764115155795815,-0.1380098251489538,-1.0385704188109763,1.5485235108902906,-0.9363907995427336,-0.2721784852476601,-1.0385439811551047,-0.6424297187761826,0.4123883950298103,1.0416687676220722,-1.0309424374421934,1.2734001289718635,-1.7641792761154522,-1.9709401057733005,-1.396390676497149,-0.3109767731354348,0.6428126015884797,-0.7061748412495206,-0.569386461795194,-0.0163568922513036,-1.3410730082480429,1.0886400242953085,1.716066260666555,-1.8876137945526743,-0.0945366144979642,-1.4714527204511825,1.7712650574942082,-1.697521816296524,0.6957358408659347,1.076105067623426,-0.8463011907512838,-0.4770978442777258,-3.375615554782532,-1.065836905611648,1.3153070536504956,0.2038757758402956,-0.3348607669556933,-0.07514814039416,0.3109929640302318,0.3464530346520703,-0.0923643818353578,0.0894872315288871,-0.0891385077784877,-1.3276397832776297,-0.5966582476524929,0.8823435475015425,0.0245604244545464,-0.4610103705051596,-2.169826673887207,-1.594533406599949,0.3770604576918337,1.3517605955910743,-0.7097013834537453,-1.4084942147686326,0.7281868293106752,-1.123664394116287,-0.0457156706336967,-1.647169236202537
-0.9773796232618196,-1.308604418489403,-0.6972376901382761,0.4047764218517851,-0.2761217092588371,0.1557094278421235,-0.8744298768884187,-0.8676850378200474,1.102955735811904,-0.3326059575333901,0.0165559768099149,-0.5605228437099699,1.189177385372891,0.0131062016637916,-0.5305212211109916,-0.308916517780744,-0.1722254358370681,-0.0309943874477796,0.9318551438071054,-0.9725264006926876,-0.2402540311819441,-0.2770650077788583,0.7975434963147475,-0.2761419047070026,0.3490889419576227,0.2394617653539681,0.6798828591140763,-1.1133151501878735,-1.1561092577299314,0.0355297828557555,0.2626883519082864,-0.1677626248795919,0.5404128480330905,0.4250396460737422,0.5321993664893284,0.4498681760290034,0.3986525833547115,0.1201723993600366,0.6990751373654795,0.2830062980563327,0.3383175043134458,-0.6612982490965419,-1.0349664601147004,0.9363257359192548,0.4512325382156036,-1.926027348893829,0.1561920406218597,0.365751999047658,0.7100559186726967,0.1868706205760864,0.2392407201262431,-2.012617702244872,1.6345881809695806,1.5863598318005738,0.4778074699395219,1.147441072420922,1.093755262171625,1.8903528661775917,-1.2044993979257002,-0.3861435863478772,0.6487467544080615,-1.1663571783136326
0.1054319370701759,-0.3535035157203016,2.693847837661178,-0.5581927978906926,-0.6362081911393364,0.071872575295826,-0.713493593704858,0.6433189124166643,-0.7970668043165875,-0.5871318461044506,0.7966990879210745,-1.2866950240811414,0.2804237863832507,-1.1454697512605787,-2.131534440189496,0.0192890302097109,-0.7001336617385573,-0.4224280451990437,1.2656660791354175,-0.1416644447695415,-0.0405788273719217,-1.1226894049012712,-0.4534314626213067,-1.2751928845319196,1.4229924775888203,-0.6705282646177017,0.3141045280063269,1.1308409934452,-0.2454906219564016,0.3030535769175935,1.3726583408708068,-0.7353589879853745,1.309294329700427,-0.8251084022587574,1.1308025166862776,-0.249396271269006,-1.1424860116904552,-0.1953928222193595,-2.6607842335231635,0.1501977147308986,0.3369432518992801,0.5791707377895974,1.3763952552074246,1.446172376539816,1.2234407324862038,1.3985670092777875,-1.2793659164046174,-0.2748488552330681,-0.9512407528196936,0.3878557142088749,-1.249537995912196,-2.2825422978247394,-1.8287363174911653,-2.806018098686379,-0.2615779289920805,-2.0887132145074103,-0.5255263936116394,-0.489930948557663,1.4579461447996205,0.5841909904037682,0.2644504482342272,0.251341346063
-0.4090993252847259,-1.2664091627211125,1.4766728399355715,-0.5190801794468243,-0.3805424255194229,0.1270786910278895,-0.0779707647646269,-1.427484797405047,-1.5151430620601125,0.2375618684228862,0.0144749133062584,-1.0775488848551094,-1.1019061867715083,-1.3775182506657495,1.0265833155037627,0.8338887448834893,0.6068792778976856,1.8872317111689652,1.1804823805981013,-0.945204260963618,1.8774138680360093,0.8636864280841655,-0.81813828431561,2.9417868174897808,-0.0030635753212912,-0.5424845864350003,0.0347629452939967,-0.1568518805693644,-0.6514157622883054,-3.1058166596109933,-1.0063995241403292,0.7773528991135674,1.6181313781889983,-0.7376182935658415,-0.4264494722866432,-2.3996083652886644,-0.0714389014537597,0.5952373843485876,-1.6216423092981045,-1.412086125709857,-0.8610849546588832,2.0008775505379783,-0.783081726143101,1.355766588970997,-1.1407019187042322,0.7518705530422207,-0.2801983238406945,-0.8566080696482866,1.025728097360851,1.6528562006654774,0.3863382551698227,-0.8433491567328875,2.249776794738496,-0.9843623833639614,-1.0511446411246432,-0.1212195768891574,1.5002183722635505,1.99127011835502,-0.2006681165539633,0.3005166223055074,-0.2213019495723716,-0.2623652015540311
1.2417252031314785,-0.4820788284427033,-1.363030038384005,0.5698278282561493,-1.727189250496838,2.033168118799404,1.0746476867083294,-1.330097110703873,-0.8134250315013865,1.090334547888021,-1.2437609082741687,0.5871742854469411,0.7881791576095539,0.3452413156505715,0.5885099674473568,-0.5877127674164868,0.7860873649224377,2.8116477705916068,-1.6062074131404367,-2.5920912181256712,-0.3383257453042613,-0.2851609139872826,1.4022448424308651,-0.0571054255621382,3.809525602098616,4.114220796397204,0.92144452340413,3.58901504707116,1.486690365316882,1.280019872078765,-0.925700077799007,1.7753008384409688,1.4670376933026017,0.6076211556812012,-0.1789488347512721,-0.5478339382079,0.143997854242004,0.2219003873069042,-0.272761028477681,1.4004464767039029,4.505046070888487,1.239699272960351,1.2124506096245715,-2.2863880138100865,2.2336938039435195,2.4517722120583803,1.1057844167536937,1.224996305384883,2.005080960662249,-0.8629690202297922,2.247569540075945,0.3873819575443165,-0.1050738036209376,-1.80986772350818,-0.586897734629252,0.4999000471519296,1.1817888419719798,0.641967038562169,-0.6865516289425713,-1.6387005243052015,0.1598177551853176,0.5408045996686214
-0.947093638445405,-0.0500933783780118,0.6512618986444401,0.7255176759618106,-1.1437474228338833,-1.2138340252233673,-1.390471812410952,-0.7193396815028337,-0.1929463214674379,1.437120619630063,-0.4263630197618058,-1.2728561379458871,-0.0090631061694518,-0.204156903164008,-1.4462788342260446,-0.4315811755632112,0.2927469914927764,-0.5564007101862246,-0.2995905181621647,-0.8247877280147767,1.325449782778723,-0.7405488049840905,0.893898501377518,0.4636842112729918,0.1957054558826253,-1.3177520307326662,1.4497470456395931,-0.0903868283239916,-1.824865422875985,-0.1457816622772231,0.8738780391981451,-0.162452808993021,1.1001056279662291,-0.6783482103829807,0.1809320605697223,-0.2920385613775431,-0.4991702240051643,0.8171695999830405,-1.323486310905777,0.0799434399000323,0.0107146752063531,-0.0434612524085809,0.5612852382640827,0.7181544035419952,-0.5134978730513132,1.003080585497138,-0.3040949332285491,-0.3183412218537276,-0.7693371344362666,0.8064762096741351,-1.7080696011360157,-2.033199234332972,0.5970606451267696,0.6270281089858751,-0.4457733482382109,-0.2494122479555716,0.4496177560539885,-0.3177604109838082,1.2494236163738994,-1.4571922455781805,0.7503186922728808,1.0655419401662756
-0.6250916591881878,-0.4694625736962791,-1.0131183219990962,0.2277970038751667,-0.9082209248437758,-1.7766488819315862,-0.6697491915684527,-1.3581010601222472,-0.56437231243916,-1.234373690360565,0.4900677034343322,-0.9123558391811202,1.1159397169045462,1.547447017912925,-0.8698356646938543,-0.2640283745146974,0.675211439451735,-2.0940117648712078,0.495893757629872,1.6840220884807833,-0.888296156102624,-0.2967506311305506,0.0495070298513098,0.6682334130409555,-0.8655851006332507,0.204968660810945,0.1419775912831221,0.5050762045278011,0.7300040524110593,0.6162772108853196,-0.1874025705540588,0.5611181601908153,0.7168039566681581,0.2345922152576325,0.8009448794018545,-0.7235071569678582,-1.2385846444004538,-0.7167593769230555,-1.727924786134214,1.3390314858704546,-0.1506453259605478,0.4760080118333255,-0.8567241323155701,0.5041282342403043,-0.6837241036999194,0.2817537650604708,-0.2180947973374523,-0.4531884659341244,-0.7278376537493186,1.635865556993564,-0.1380251471663801,-1.3445819427685353,0.3539722355141401,-1.0874938761505388,-1.063580437495366,-0.8541773279115104,0.3668334407270532,-0.9040663216713796,-0.0697647147504605,-0.2067677550430543,1.1671762160064678,-1.8936450089889043
0.8737479907775274,-0.8322316853289904,0.8561816420680366,-0.9706987101659744,-1.191750466237483,0.8042220803196225,0.1457686856453903,-2.293693236596064,-1.2367131305214902,0.4232150711047802,-0.4099289045864886,-0.4193124788449865,-0.8784248769629363,-1.0560080924468778,2.029134814093642,0.2150066702194345,2.0443805783264057,0.7084739049537028,-0.2526901076229573,-0.971585138426837,0.8586278136869648,-0.0212639852985706,-0.5491521247879695,-0.505458420103423,0.7097412375226302,0.5636707431917949,-0.0747022219695376,1.2020307649228932,-0.0639976080527677,0.1871746205590573,0.6212937316002995,1.5500534214267083,1.9639394840590425,-0.8088323905350029,0.2415375177168104,-1.5007745751616268,0.2783325994833194,-1.2846096193913048,-0.6030316689308228,0.2338229952544837,1.7065908974908657,0.3572331464810697,-0.941761794065232,0.8801174718752599,1.5596958016040232,2.286728205105605,0.1681645183869964,0.5213071294750963,1.692879564826209,-0.1686111392797999,0.7180381323513108,0.1595339804626247,-0.2691670884536872,-0.3895756493680957,1.76934134994847,1.7120773493937511,0.360860633434177,-1.2116756471898762,-0.6647788631700586,-0.9164999288612938,-0.6055554905689837,0.3923493373478343
1.7987388197844238,-1.144672614287587,0.7008048819973056,-0.795390163609015,-1.2746839995615518,-0.0193044926763295,1.8383956816476288,2.038859096422195,1.3517621545781389,0.611785773225981,1.5534038659287304,0.1492011696574725,0.2627016873528343,-2.097840670141224,1.6045609155543228,-1.3186924103516935,0.4595530967838164,-0.4781208414445672,-0.5913665077083323,-0.9354648414635486,-0.4699778412202912,1.0951020815364627,0.0829594021791253,0.6712845107397869,2.7437772510261462,1.659475221073909,-0.737232104399701,1.1905841039613527,1.1672863085867151,-0.4362387904683085,-0.3740573639735915,-0.4864689621282824,1.2892580972451917,0.4741206998257361,0.8620590960545568,1.9948164102945705,0.3504740500164989,0.6833640790031945,-0.8091489754962552,0.852163686723876,2.4752929979051177,1.4410224047504865,0.3238410471161926,-0.3439879068116038,1.1016422165374984,1.2792458950915764,0.8002612292847175,0.3503706533689707,0.7632755227510527,0.0451865485066018,-0.1473977192422044,0.770998189189802,-1.1117104249170953,-0.9650934124709512,-0.1382744382090822,1.4029736133539052,1.2638296884715756,1.372120812683283,-0.3239601269252592,-1.416601722666107,-0.4016601968233048,-0.6759367930861069
-1.6430570502440405,2.5746833860294083,2.3820738393477554,-1.1959761455093574,-0.5688289515324494,-0.3768920666535024,0.0991810263603472,-0.2745888537334271,-1.59903268635764,-0.2518064338708055,1.0809830241210772,-0.673563293952899,1.3806223732313787,-1.7697281661050706,-0.3438913216316857,-0.911180929907574,2.1028407912486093,2.0244770121395,2.537070534699028,1.2693527321351443,-0.6596253935209118,-0.6752422772793241,-1.9307426621451265,0.5829343451594914,-1.882753702083296,-2.2336151090754868,0.678045895361931,-0.1469854985212922,-1.816708118094416,-1.4958105466791078,2.340152538166201,1.2393658488171062,0.7963306002547754,-0.5576265118999486,0.4200569350531228,-1.3237075222138346,0.8818393821308763,0.6373510012973949,0.5310918845325194,-1.1492098020941683,-0.052254658050399,-0.5656901033259563,-0.4434446337192544,-2.3993340066349607,0.4612121415508353,-0.3828840655608849,-0.5927658846767804,-0.1613888179471973,1.6366096051469308,-0.632303973858263,-0.1180909608232279,-0.7728943057286177,-1.0079606146996083,0.8900309876202406,1.520211331076092,0.4439804991449231,3.135470155219575,1.0705611220155182,0.8245319457543978,1.7073467256592711,0.7530076971119355,0.3173884601067016
-0.8282419730179821,-0.4163048679848385,1.4298059548525412,-0.1369899730877701,-0.6938476144436124,-0.2910837073712046,-1.359381938665965,0.0951517830988977,-0.341601986696085,-1.4385891178842023,-0.6792879337664338,-0.6268881656514227,2.0833233621011717,-1.7239796031124297,-2.1356653420483003,0.5485657097477492,1.1912040520301888,0.7024074294794319,0.2332075326601057,0.5946176369041297,1.434652866247201,-0.7912708864911275,-0.8189517611579515,0.8029057672556549,-0.5793391039744962,-1.1233191073327036,0.5272763031402607,-0.4004031707850486,-1.111777655487076,-1.5564669839062164,-0.6331725791183033,-0.1135284123520627,1.344059957670647,0.8941448823727578,0.5399861577920841,-1.2966607645696149,-0.6324088821691856,0.0957106374871952,-1.2594184963422368,1.0256676805774814,-1.945694585112444,-1.7244070411003225,-1.4875700892509398,2.956078664732168,1.3597198375507635,0.8044246503559371,-0.9818792550636845,-0.5731424199785025,-0.5322305959520093,0.1913046672256168,-1.2541228818740429,-0.9767942558394028,-1.1264761359337363,-0.7110641484583048,-1.2163428167004464,-0.2307775109653767,2.181519591605889,-1.215796781898116,0.5976303955611969,1.6909584859929971,1.4066166517567489,-1.9352785899987743
1.467977978138268,-0.2785271384421069,2.165125919138306,-0.0242934048691139,-1.456278320913336,-0.5848761186411188,1.7267135122357584,-0.4536142596925988,-0.3146079305372371,-1.0996037087747923,1.3933424979349165,-1.1345217156907923,-1.3650308383546088,-0.1429776637599344,0.8928917403880148,-0.947208375880634,0.0481100185382886,0.4686589612793778,-0.063262894065734,0.659299564988442,0.135004104506714,-1.423393125507216,-0.289032929555425,-0.6184292947418152,0.907106377342646,-0.8460368106558392,-1.272587755320724,1.017363373605493,-0.5712779156437292,1.5641776227314872,0.3849287886192536,-0.3138882332240412,-1.3693861073360938,0.1571545353410652,1.9604386263755995,0.1292657033052293,0.2166118060033197,0.8633202075892477,-0.1120147072352023,-0.8886279683316637,0.6175473057225048,-0.206906666475905,-1.0686017278563924,-0.0340270521289942,0.5214097603793191,-2.6777114166693763,-1.2736047822226344,-0.3165751471994029,-0.6016854307615922,-0.8027532992560058,-0.4443642981372271,-0.0023611750004716,-1.2951148984560843,-0.2383061353141796,-0.1494080884492929,-0.8586370902570206,0.0740380775054746,2.173523905200458,-1.082170660400407,-0.9490309693223498,0.6424436135445082,-0.4083896708691526
-0.3097512375103789,0.0315186667637995,0.6149518385496842,-0.8213203203126864,-0.8593817552766522,0.6514603825285243,0.623728297332262,0.0407035136810349,-0.8453524488271309,0.3935767599780951,0.4605232620493883,-0.3349455707145381,0.4106453373200206,0.0263434932296132,-0.2131051382332146,1.0502821104291789,1.1204906437017368,0.9931007669847636,0.1730083414394525,0.1664707809857942,-0.630078555256503,-0.7443061343175126,0.1449831307300355,-0.6570730053587894,-0.6143306506233667,0.7209131895982482,-1.4660239703315618,-1.4422259172174252,-0.3726809656818939,-1.0501352488168043,0.76239943454692,0.56453320644576,0.022805673342892,0.6375114091126343,0.082564613170271,0.2322554525698216,0.7995500950419328,-0.1233365509451355,0.1963831990422351,-0.5647521398028308,-0.7325997776860574,0.5180175532881025,1.3458155055325154,-1.2755892319061557,0.5651323891432048,-0.8691407076307942,0.0965153381187815,0.5925070060588231,1.233087809563035,-1.534951408703803,-1.0767714108515265,1.3141247778570482,-0.991733722256078,-0.905184927465311,-0.5199815177850624,-0.6710045996053493,-0.8356889149476914,1.9174197729289173,-1.1411450185079282,-1.17098189984758,0.8208336145691084,0.4474418980403079
-2.58211973854495,2.269047089631555,0.7384998035497236,-1.277917981557985,-1.7009532351852776,-0.7209997031057376,-0.8323435161657454,-1.2545066037882302,-0.6633359355360025,-0.8790349985786424,-0.3468427197929685,-1.2539106765554655,0.1809318832417797,0.6919689443434219,-0.3241974204421781,-1.138193087938675,-1.2960020722411696,-0.6791608514144626,-0.0525823122036713,0.5122443047636657,-0.2328041063042588,0.0459730318005691,-0.2326590014229473,-0.2872052521910354,-0.1475430234908312,1.4783124006907875,0.0819203954742855,0.4178358255299123,1.0171841969968098,-0.8845353404665384,0.0082016879231051,1.3168905310188814,-0.7938159695124649,-0.8704053911771157,-0.7234351483369069,-1.4179270190757671,-0.8215654600707643,0.1331473846397891,-2.1303519885846915,-0.7891603256870755,-0.2625260333399938,-0.4754420961679319,0.200923133533998,0.8666981790562922,-0.6948686108369753,-0.3359574457174674,-1.6781225629605103,-0.4097342726087326,0.5538741209315644,-0.5792302459056438,-0.2806791817210528,-0.5653399231351875,0.091933857779239,-1.3252359035696202,0.7753086555693148,-0.6311957980516385,-0.1444590569717714,1.1960472150868184,0.8251862518896059,-0.4557712397987992,0.1651827301025511,0.7411775159731269
-1.1131687961790409,1.6520263604402274,0.0857115146591486,0.3985060649113616,-0.4457579914994958,1.2119909199834873,-1.5810918519302208,0.557045034137332,0.1439060893876185,-0.1456412119588479,0.0921858729568877,2.096880377181702,-0.4163131960796975,0.4073713865550986,-0.926638427360255,0.458790500483431,-0.0482384592873977,-1.285621597725839,0.7215119681524637,0.965250354233678,1.7905893205035035,-0.1768454320156181,-0.166063039274474,-0.1451213018850691,-0.4980571529284602,-1.0540494323900025,0.7976878686191744,0.2922539619860431,0.2065243483911859,0.915304975276604,1.682066003870448,2.2377935269985256,-0.3833584546684424,-0.1223747289724587,-0.0300584232083209,-0.8374151608616739,0.8881990003001629,1.0980921885681796,0.0887508479525024,-0.6167006033691718,-0.0169850816475106,-1.662441527234953,0.5820287972802693,-1.2569245929926436,0.1544270187750236,-1.299098954778609,0.3482834147650838,-1.3370916878260268,0.8825117279505484,-0.2882915156470501,-1.8423352402768247,-0.1533758205463541,-1.1615066986160771,0.5504229691561191,-0.066792019467711,-0.8023553252685984,1.4351630463245737,0.5934396212498074,-0.5404823100207709,0.114005933095172,-0.038541875545801,-1.4413449071706572
0.1067451596866765,-2.5674174475618856,0.1425809256917033,-0.4357860445599521,1.058019571983018,-0.7139948674589227,-2.4949113769920004,0.3384004766990588,-0.5037385933992821,-2.882777907902609,0.2291655806544076,-0.9856491836997374,-1.251637375797098,-1.0780847250746517,1.5122887517160244,-0.5265191615587961,1.4788718623121215,0.470163692318185,0.0803289500222332,-0.0760577796240054,0.988782038897023,0.8452269716766723,-1.587865718086594,-0.4350638241887262,-0.933500197373142,0.338612525098011,0.4665769008693833,-0.2515459629569892,1.3039050096610167,-2.949544014871735,-0.7467065298603127,1.562558323713919,-0.8544806302252764,-0.2857987463133181,-0.2837385936152203,-0.2070659490746486,0.4230269908578393,0.434965891255456,-1.40299463116913,0.1173665813310185,-0.9579350262508204,-0.9442824795535336,-0.6900278586416431,0.8673127510655712,-0.4784492117409777,0.0820573505824282,-0.2899697372825437,-2.084542578015569,-0.5939380986169597,0.3437147519292616,-0.9164566930853392,-1.09679154154108,-0.9159148368914378,-1.655926765861253,-2.6848840496432382,-0.5408409163250681,1.2285317455159557,1.1197620215090582,0.8110320326496498,0.7180597249229218,2.730361429531093,0.3380545468726985
0.5927283991499587,-1.1675483954067132,-1.7337760539587763,-1.690666159470181,0.5452694082433256,-0.8626512322691926,0.9665190437244522,0.8794360441762608,0.1618156575053701,0.6539431860766618,-0.7825726617680895,-0.3316345940570219,0.157194277546279,-0.7749322797176368,2.2582350505120097,1.3157369607761198,0.6331679744315674,-1.1110926461372248,0.9816208653190724,0.5328459183488026,1.310906776868814,-0.7519241746699034,-0.7382167679291296,-0.1417461526670003,-0.6515174051146201,-0.5194363078173416,1.3118879373535337,0.2351495731832818,0.1581161139838173,-0.8974717783786128,-0.6966841839113744,-0.1109650983622031,1.9652109772782849,-1.1467754230468954,-1.2958873473207628,-0.3768700159134033,-0.2399207024569515,-0.0462512986966902,-2.535244219941533,2.007983042655005,0.357207585964557,0.3797249037677363,-1.1494640261931264,1.4474072007343493,-0.3842284165482549,-0.1339224630305172,-0.3920197125436058,-0.5162867208904737,-0.4063175238141165,-0.0140330965371182,-0.7461075150267364,0.365629422920218,0.5868041010519502,-0.6970287473930176,-1.7019357427058883,-0.8912030198197933,-2.0799502202740987,-2.4636499133814125,-0.4494205097823261,0.2016577312688763,-0.2110886436019243,-1.0128746158444275
1.1159421114692207,0.354216617995996,-0.5664751606483895,-1.229826406004253,1.504980071144266,-0.5253484702487803,0.5489689746479677,0.3513471662904894,-1.0511019045356422,-0.2025689270293449,1.037856812325204,-0.2568183411408549,-0.3265303968648595,0.5728689187057915,2.146094485822315,0.4107612454832524,1.307568598236038,1.421457495629033,-0.5326787721374298,0.8001907972538991,0.6765950635173479,-0.7639166868087497,0.367378525311322,1.2016083650176554,-0.5698138224359527,-0.7165845563740028,0.3727936727114141,0.9357041056318508,0.7702021278572111,-1.9952431151352112,-0.4614210593147689,1.0648867105859214,2.413859174979317,1.18581385582945,-0.931401004612532,-0.8537801522013817,-0.2214448746118542,0.6835858406075358,-0.8315624242855468,-1.8459161543903104,-1.264789669511184,-1.2956851617670315,-1.1043684717354016,1.2651896666243787,0.1768526440397959,0.3297252844513865,-1.8811347763793147,0.0445060704184092,1.5442763740270689,-0.4138247917182615,-0.3571640951041768,-0.4173248020554237,0.766789754453316,-0.8110048988807719,-0.9120122243711546,2.216564514122954,-0.1695176406102187,-0.149903296944158,0.8312933221746036,-0.2784984364438277,-1.9259782654716435,-2.145583389295318
-0.7270495949844606,-0.503753497447603,-0.4482536605346101,-0.155647342028086,-0.7858054733592796,1.1682862542644443,-0.5977151393317138,-1.1557817957509855,1.6715279499140243,-0.0629417287352437,0.4261154817592491,-0.0755409821284204,-0.1502193862896969,1.996982189704405,0.8985128480299731,1.1038392485766908,-0.719407062986885,-0.6619461169033044,-0.810005426050014,-1.8966162620340632,-1.3869378812763675,-1.870859997411882,-0.912303337956005,0.151799528119955,-0.4024572167124887,0.2064608390440951,0.8717747691064596,0.968404082721716,0.7877128755821851,0.9600607271393709,0.2818551568587195,2.1834526087565846,0.3977506512448152,-1.0133164202070346,-0.1431246392746037,-1.4803942456565733,-1.373011520709616,-0.622971847658139,-1.6806564111402886,-0.16409603118148,-0.8524274249370336,0.75762449208112,-0.3221933013595686,0.3894672830436171,-0.4103769851001646,0.7825113686495518,0.1107514405525624,-0.1891083583184976,0.34780573056104,-0.0772173527030866,0.6101799318317684,-0.4655877778309169,0.7321399182397181,-1.6523360379061,-0.97438999174452,-1.819203136207019,-0.6220769304364653,0.9606240861493736,0.1014932837652619,-0.4172079718888033,-0.3563190501455691,-1.1786583193557063
-0.5967520132976712,0.4061861597272771,-1.5506318697297354,-0.198550006852466,0.7404137848610367,-0.3884068993596408,0.0496255477536605,-1.1952089586540295,0.3019774069807338,0.2317182416828417,-1.044565256473723,-0.7568501007510361,1.1646740901579622,1.5689423230099688,-1.0046373790969805,0.0201151960424885,0.2679488326338847,-0.3757198174489,0.0884443103494715,0.2797910861552455,-0.0038255029453275,-0.8740603257598456,-0.2474178203659177,0.0631307467210692,-0.4713783758974401,1.0236005385744225,-0.5392618269431325,-0.4447746745325035,-0.5541270075050821,0.5330433617816506,0.3345787141848297,-0.4607910923233004,0.4806697818835445,0.8465531537324598,-1.0678874188652543,1.4264393506191788,0.2036087788319737,-0.6609967937835326,0.9028451999203008,-0.8910292756145987,-0.528590885035372,0.2519574703025035,-1.0453154597568095,2.135144317006678,-2.0778098477886617,-1.614202982568615,0.8437790622248058,-0.105399265178539,0.6902344272990689,-0.7147683033932687,-0.1430782391025479,1.5198861067041254,-0.0423801317393472,-0.97109213578045,-2.3047614654600865,-0.9354679134597816,0.6044000417962448,1.4511337590601712,0.9537693828772252,2.0204534570225814,2.012238420650034,-0.5500491910381875
3.7557127284750416,-0.9907246221409404,1.196727176082363,1.2334362524379032,2.234666362709594,2.4484211698135927,0.5904848059182517,3.5700303312404005,2.5949988872367378,2.4013038018914967,0.6164313049574422,1.2115211459937236,1.679933195971905,-1.8881092298841893,4.580907894431841,-3.5863573934034223,2.4366270082270964,2.067332571730581,0.4013139871674732,-0.3971880927904782,-1.765609294125697,2.067193625495737,1.9942636531953983,-0.1568656391251017,0.9133353361434816,1.5657424078867814,-2.415682328415316,0.2327280600452031,1.2260875376499407,-1.3645923162361688,-1.1343434332394309,-2.1379969407699155,1.6163603753311129,1.187983780431944,-0.4113435109456141,-0.9122338915138596,0.4582026775616044,0.690004965305147,1.3718878538292325,0.4992257049799005,2.194631975564567,1.7823428927774811,0.3449692922849719,-0.0763707226226588,1.0021092625715051,0.1725625470244882,2.7557306286898218,1.9558901189974367,2.6452377351421488,-1.299198504572136,3.016472833227041,3.2857852114673056,1.2327266962897272,0.5849228513180247,0.0043479710368944,2.552067314511703,0.5714884742869866,-0.4793036493491494,-3.46592355190455,-1.7413080032431678,-0.5801152269983338,3.3696357409947
-0.7464430933633893,-0.8066170178333858,-0.7645302679369181,0.7354893348691656,1.1119614116482857,-0.8376658688618195,1.4350592480515862,-0.6599852600384171,-1.5317779212991989,0.0117601461244024,-0.5645481677723224,-1.077393162877934,-0.9492837768401928,0.4859526767415257,-0.4249709051759316,0.4701794887481876,0.2881760819308318,-1.1236201699762245,-0.1055388513402193,-1.7786741503688988,0.0304722413645587,0.5664995014198484,0.918018414692731,-0.0153253122285234,0.0710766998741717,0.4029190734794524,1.000471761607358,-0.5267522313011348,0.3475481180109103,-0.3445477353765064,-1.4791111696910124,0.6008570563699853,1.0248881372226448,-0.1868477040792415,0.8975739481042726,-1.24653522917068,-1.2053699425018352,0.5723685853024901,-0.694461913777437,1.219728546659281,-0.2440638472972592,0.2521109489600917,-1.4457821947223075,1.1457517908732031,-0.3151680919464171,-0.690174639777639,0.0836042498445256,0.3499921420038774,0.7053077087558689,-0.2548543050357695,0.8237940451403085,1.2770745702094295,0.5405969244122559,-0.0053263729345704,0.990957197790984,-1.360347129187336,0.2192204345321108,-0.8880979250576346,-0.3333303894512797,-1.8855275758617185,-2.117510412670807,-0.1453917900683239
-1.154944501155838,-0.6798044625354585,0.8065689753847929,-0.6280623840961799,0.6948530314280007,-1.3465029556642023,-1.5032789956664063,-1.5765720229611908,-1.953291758025996,-1.6668436949820968,1.0364914649435175,0.6352040057840341,-1.980082088403964,0.2226812505804902,-1.31793934968162,1.0123386195971205,-1.7124360263873122,-1.7165704328032485,0.2067698638399536,0.1705888013230423,0.7802086311133596,-0.0043211301504993,-2.107179972886696,0.3738099485623426,-2.6846874330342567,-1.1037733083253871,0.6639876406290276,-0.6134660152679623,-0.6133828052753879,-0.747098196487828,-0.348208210397024,-0.4123787511606549,-1.0326433161691857,0.6144756994495836,0.2842870277896336,0.7096605129143106,-1.070260731706626,-1.2376002901606866,0.9171218945777966,-0.6018365891968758,-0.0009745705809186,0.3403178618266551,0.4737016928517772,1.4848667814612546,-1.092501616342468,-0.3080084605474101,-0.9392321304353762,-1.8864851534394584,-1.167710022099996,0.7773142003413716,-3.340482274138955,-1.9541785648885672,0.5257163044029206,-0.8007487521995698,-1.3191313916475256,-1.348073834829842,1.472866602857568,1.7232186969079146,1.3587786526463457,1.576610478367734,1.7688271404459452,-1.3126478006014697
0.2917474941681182,-0.94637387636628,-0.4112919308897879,-1.478218625935548,0.7282706887703122,-1.4197788491659205,-1.3662615381084942,-0.3089961459565353,-1.5325622657585374,0.0045113097970669,-0.1024161090582404,1.010896597494156,-0.1046170530694382,-1.5383120602117553,-0.4270230554110291,0.0391908126888054,2.075986493961362,0.4771681484494174,-0.2056740690110642,-0.9079707408962382,-0.2902736760798118,-0.947925308393828,-0.5924638087970222,-0.5216163396042433,1.318245232902688,0.3424797220374695,-0.0725592374579677,1.3607768620877445,1.2913702390752972,0.4887821960838687,1.7028049845370972,2.424530296962978,0.291912988725253,-0.6570813664016686,0.2725224825782358,-1.4279088345176352,0.7009263498357843,0.1503365728495507,-0.1217483434487872,0.1871682010092907,0.9128293081106236,-2.1285673181710747,0.9652393158787572,-0.1110724389814788,2.0185472496096164,0.255717394940521,-0.7009530216273836,0.2111943325679488,-2.630291943379889,-1.055167053148533,-0.0257308252176593,-0.4069758940189008,1.4410439887823965,-1.7403493003626185,-1.9381110303349305,0.1702432621381887,-0.1618777774697713,-0.1439685945299416,-0.5153791898880201,1.3742710141625996,-0.2706783020036827,-1.863736598149036
-1.3615429002547184,-1.3332364243154022,-1.18507560618522,0.3071380390263047,0.16460140923941,-2.0318625269065334,1.2957612042360585,-1.7534033814069427,-1.8917781599518328,-0.3362700199083198,-0.1667668119488833,-0.3451339853569011,0.4136600398534226,-0.7953644357807378,-0.3613636828345852,1.5756551871358582,0.4182123261615769,-1.177698851723304,1.7919652385893192,-0.0925393715260994,1.5327774040775195,-0.7809975219148895,0.45899428164644,-0.3781867166180994,0.824620964609788,-1.8988659434259128,0.4809707435921959,1.5713600090541948,-0.6625896778076691,-0.4921176870632762,0.3989291104613217,0.3356575095343564,0.9066666539317864,-1.5243621180998377,-0.0846139119801016,0.172100296589924,-0.4404948533653673,0.6177512801672768,-0.0582934725657267,0.9527308143622664,-0.1460916951147205,0.7199249294233199,0.2106143456817863,0.7913274193200626,-0.3083691368158906,0.7589381713975166,1.2245670302190097,-1.002977810451853,0.1667859317595827,-0.4371452909658308,1.026317796997672,-2.391329150493148,0.2971702404596545,-1.2936566970655543,0.1370221996227807,-0.8482660817902958,2.2345792629712165,-0.522434944207145,0.3671575977653764,0.0542855469775419,0.986658483361415,-0.9272981038633192
-0.0085236327634982,-0.4143526549002337,-0.5732191784044762,-0.6468428782726805,-0.3129652612682542,-1.1118585005460822,-1.14046137633055,-1.771752083180226,-0.5423740550624007,0.5988780209237067,-0.7219893568773903,0.0453195406210365,0.9374798563446044,0.4660932432251286,2.406253525181442,0.757021325909043,0.1119014905183269,-1.16628728052762,1.7364665860644612,0.4583494834152635,0.0007735008042932,0.2519799582955832,0.6613097260026441,-0.2423275556500297,-0.5303055655219152,-1.59643462748604,0.3168339708763001,0.5029756938916067,-0.467232746559,-0.2921817143219487,-0.1000444936196562,-0.021357437927386,-0.4233090456517477,0.5999115058113575,-1.3203297408031465,-0.3389255859990024,-1.5048043412647192,1.3181359627219749,-0.4336187118969843,-0.3311451683683644,0.8377494641111286,-1.691979656131072,-0.1950775669049337,-0.5479252265760908,-0.4501922620596872,-1.421012490572216,-1.0750035840841354,-0.2585619760342872,-0.2032029939648277,0.9397077799738092,0.2927194109822653,1.686179906171576,0.2681133525230942,0.3834041176357142,0.5703216687912852,0.4028113138537052,-0.2207320509931204,0.3324386195054861,-0.5042119436832905,0.154582169598867,0.068239255093028,-1.1538641313444409
0.2619110197354379,-0.0372665373308883,-1.0239626552339964,-0.7735809734809452,0.9855654135423412,1.0931891019585849,-0.2022643887008797,0.100663652991824,-0.1680324791859376,-2.2846643383739864,1.3012943631145988,0.1439435789042263,-0.5996975252398946,0.0657508970804945,-0.2858949559641016,-0.9728925710609372,1.1126195050954142,-0.4684652875696128,0.6643819689042673,-1.2232892436401794,0.6812973048100259,-0.693985053221429,0.0660611544551407,-0.444023213810337,1.0775616352207271,-0.1036813710709135,1.9688780922438127,0.898093675190899,0.7276685139715071,2.2820091615863363,0.1990335779027296,0.5214592037098985,-1.8610565554864011,-0.5078064782293625,-0.4457654396092091,-0.0120553328177315,-0.905164720548402,-0.0415302299792507,-1.1790357083934284,0.5244928971272684,-0.3049108933087855,0.0764602641343341,-1.7005095883939434,0.4999948809795368,-0.0252139251198834,-1.710634093510904,0.0876329748528843,0.7013180951248058,2.2567233578611154,0.6185652802878846,-0.1020165184226442,-0.5164455168792306,1.3423653410801717,-1.300732462476366,-1.1859853848362962,-0.5272634690320536,0.5109271996040166,1.7195201783134118,0.1704293654524973,2.050367812908238,1.53024709430896,-1.128262155907699
-1.222029050429888,1.9052791830774207,-1.1069526319499083,1.3399340203628374,-1.8541200889788416,0.8270592052556063,1.1555158616194812,0.0157619509641663,-0.1389696939848696,0.3600260152858774,1.103333001596588,-0.2777837618494077,-1.430191074970237,0.2701448746703887,-0.1975216525019682,0.7894492937191271,1.3642875344340697,-2.0932478925117706,0.5882648084635755,-0.3724796722067988,1.0310035031949345,-0.1422947075912672,0.2295458390422558,-0.9611051252870452,2.5626216959011123,-1.8773745412811251,-0.3013551098343244,1.2663944782522498,0.5797262533139617,0.0098723308494773,0.1080127092019121,2.606029769513008,-0.9054278159326338,0.3078606834951017,0.2685717506850581,1.5076998742873224,1.6610126128342777,0.440232338266744,0.4967835420033692,1.2452803608826657,0.6004412335841232,-0.1126181073573168,1.2060152831464446,1.1319110641915189,0.3035325180501133,0.6661498128396945,0.6154489453391573,0.3903014425133857,0.536794486931628,-0.3026007975460453,-0.866424780251043,0.903873413255848,-0.5873898922965797,0.331065680649835,-0.5907557573192521,-0.1838463995117971,1.2991435882672815,0.7951294437150139,-0.1384712699942526,0.8835576538556773,0.5165503350687841,-0.419434089806338
0.4242741045291723,-2.12718500458469,-2.5436708640519896,0.3722392938545376,-0.7501780199654755,1.6499165442514432,0.0956940844942372,-0.0151531820004872,0.3661798616036055,0.4354771134797501,-2.8381601852103557,-0.2931941883585391,-0.0050932218145925,-0.8532152980890731,-0.5708125036596157,0.274426999373334,2.2875637706660323,1.929416960966212,3.276438301411316,0.8611283648646697,1.733465725314044,-0.4330782008657245,0.9658357290410114,-1.3000627026273204,-0.3720244603649825,-0.2009502684385859,0.2863476430870514,-1.3120251595272971,-1.1549918549423683,-2.023950201177102,-0.2483246592790039,-0.5507344426870288,2.3570903740604314,-2.0084379318601213,-2.048792568902703,-2.142912687693248,-1.561598065912812,-0.7083254054492473,-0.7668178925348519,2.4891742371645265,-0.8082358034541754,0.2962966675011147,0.800995484305767,-0.6316295230612854,1.1068468847075827,2.741177836417698,2.429828368774398,0.8477160029152914,2.764711873539791,1.5387168622134313,-1.75561732748774,-0.0340190327434118,0.7071383422216693,1.6179578370636298,-0.5423215863198744,-0.1316458905204953,-0.1098565782207545,-1.6341222110264453,0.0123921697835993,-1.0876364541874446,2.1064975980418685,1.324339695460923
0.5752653545236014,0.708938525397022,-0.2822705105276816,-0.3672568140130913,0.1331098786198456,-0.8881377693787931,0.8791502786482492,1.431843131367554,1.7781282510188867,0.3704339330949454,1.0284643414043175,-0.5122071826254344,-0.982896308381577,-0.4949875639032225,1.1459420055778815,-0.7393119803115628,0.3247062930512264,1.2573861942390865,2.126760355121037,-0.848929303842749,-0.5246297382671808,-0.6425140813257507,0.0194878014997825,1.3958207011651829,0.3426916313583658,0.2785323238111198,0.3424785975693328,-0.2935940116709199,0.0543936343400679,0.364215996166703,-0.8649828282117917,-0.604017706367308,-0.5592560413950294,0.757065446411102,-1.2046343597272635,1.0074771260387698,-0.5241501317350814,-0.0363374466433179,0.0366870257136778,-0.2208380299954649,-1.0693930965098444,0.0614531871367265,-0.1085533770473761,0.6801633079020738,-0.3430774148696893,-0.402173520791482,-0.3580369256569393,0.1997255008877387,-1.0449889323688022,0.4532900872474044,0.8298406738227954,0.1620245226449414,1.613894353639172,-0.0368308264664341,0.2271722740149644,-0.2539162371609279,1.4112251019777493,1.9343773620625813,-0.8353274254792845,-1.1135686725350014,-0.5032031818622247,-1.446749562864022
0.2672869512011334,-0.0890853392671889,-0.1267626045160403,-1.3944223744027942,-0.733608033099276,-1.054676705244928,-1.5117602914927764,-0.1841208166525776,-1.5493065594054087,-0.7291904962687926,0.1357853590356937,0.7644579988302842,-2.0197185625914216,-0.4566791760299887,-1.7400909064133168,0.0369557646281706,0.2475079079108714,0.3665652972078483,1.1602214367259864,0.6517798540284455,0.6401870331349986,-0.3897889492295807,-0.7486522961879607,-0.0934925241000745,-1.8530698780272328,-2.0052261128682565,0.0047342539693938,1.2614959725805583,1.091455454638422,-2.239236941169584,0.7053505085618419,0.095450400123523,-0.0288311413208434,-1.3067890834708669,-1.156320352632049,-0.7169548088120312,-0.1822176926937734,-0.7581963902181382,0.1382080299081753,1.6523828202286237,-0.7648409983133446,-1.3521096633759495,-0.3007999179470654,0.2089283445200649,-0.981450953417181,0.2755834828133926,-1.2207290745037178,0.0893241808202582,-1.2333791292659229,0.4495191218002465,-0.8841138390050038,-1.7447842085238048,-0.7083462718334057,-2.339531582042337,-1.99334751768838,-1.5363339693203244,1.850147300457795,2.683056466279538,-0.6404290241648354,2.195721263151992,-2.5594755418292623,-2.17927615589632
-0.0343083286391601,-0.09914402034938,1.1055664242921792,0.4321682422308937,0.7810115918809623,-0.8924267416982326,-0.181019831361097,0.7236847125670436,-1.6247393492583986,0.919705225457898,0.3491234803915097,1.7543820826489973,-0.489857388050353,-0.5133273846980508,1.9923617934129352,2.0583748419319443,1.1416698616227046,0.9104493535022036,2.9040297719128554,-1.7042603329284003,-0.7328764113863857,0.9380723120608552,0.2871553960779319,-0.9922824586819818,2.1999753864318934,0.9862857393947176,1.2414373772908198,2.1499391957179648,3.0195638154274214,0.0970450592975675,0.1233830885695325,-0.1243935073631678,1.2502589597739129,0.5674389981679001,0.6138216484151449,0.3142380896111873,0.0031229924640488,-0.9159293330501804,-0.2242629736029305,1.0761779252982129,0.976009575149936,0.6004830388303236,1.806115555026518,-0.3706026917694406,-0.4813933420055649,-0.2634909578786978,-0.3645588796104644,-0.2824514549477208,1.051464024033003,-1.616204110348055,0.1086142769331548,1.8189267379451213,0.0905198867600253,-1.631494612605178,-1.5197752781605018,0.6577606776570192,1.3067995729211803,1.5207912734808595,-0.257142351479117,-0.6923137000839005,0.3323980460227618,0.0240240002016842
0.0355652669835992,0.7142521393468703,-1.113772169394826,0.0485138580812828,-0.1935875189438789,0.7233241054771846,0.9300799969683652,-1.6403467283656452,1.4138530038486763,-1.014481982829311,0.5206064629362883,1.3929832598388998,-0.7644287785016066,1.2981818632887625,0.1208722773421081,0.648605775331056,1.0255498997747,0.1486718509419347,1.170382261984243,-0.3594077608551941,1.025841034738799,-0.4265364182812514,-0.1529827597802,-1.446267440828663,1.026773997379831,-0.4738311871095046,0.5360473360546559,-1.416617311825911,-0.2271344613942142,1.8223893626214327,-1.536983188747503,-0.8935220869277288,-0.4111274715545459,-0.0640402237878513,0.1478591019177907,0.30231751933764,1.0722940177086535,0.1200875868414924,0.6761923822524987,-0.351417371564482,1.2753801391943091,-1.7349654524037383,0.5209090075993235,-0.2132329791691826,-0.9379013919339048,-2.0279691991229765,-0.9277228224067848,-0.7342866058187223,0.5226687182864223,0.9131315767593158,-0.23888938400071,-0.2644695992411759,-0.8267719927309507,-1.7144482563420262,0.3919952737913549,-0.3882643407403401,0.2724289477399065,-0.3350835499395698,-0.1023838565827723,1.7257496465283866,-0.3906973988530579,-0.1611615621112334
-0.5819182973987346,1.296969646193142,2.312899393154786,-0.6959088872763123,1.5546825420747423,-0.6195353285597702,0.4871310047944428,-0.8123753240168101,-0.595804098141176,-0.0371196488252941,0.9073970188705992,0.5127131765528404,-1.2653030256096471,0.6203141332980959,-1.815821739195788,1.6740059089778372,0.2031176357758538,0.3658442684804309,0.0432087912856036,1.32216697173755,0.1084636054959669,-0.4027805607868161,0.1001847670075987,0.0562718440732977,-0.8835444130419672,-0.0166489924813169,0.2294589219108287,0.3784175868829288,-0.8117724817401395,1.086832934536607,2.1948942645480023,-0.7257925439067063,-0.6453775295473096,0.0982284588776631,0.3261112146807101,1.2699623939415048,-0.6430377821274778,0.6877268639562852,0.9412172939396006,-0.8669358094141525,0.2742837168949836,-0.1049574236923692,-0.3617137749726952,0.7384795373447077,0.8327850748975194,0.0919028802847496,0.3678875374421351,0.5773129215845215,-0.0803702275549914,-0.0046839483455992,-1.0199882489275005,-0.4373701890818524,-1.0028262683059426,0.2158149207220394,-0.9955180348799224,-0.1234814573616209,0.995659159201324,1.6715277243799216,0.9067598955531214,0.9200078177630904,-0.2161534277780572,-1.6961884749250853
0.4156525602536008,-0.2565830379909344,0.8292109369924012,-2.0059118781134133,-0.3326733280350232,-0.6786442850371756,-0.5240050866644418,-1.508883886018802,-1.283464784844094,0.5248016704162919,0.3754486182964084,-0.3511484904239716,-0.0409514015251773,0.7070435997190421,-1.378369869106859,0.7589293666497237,0.7480157870942242,0.4372137636312758,0.700903027451921,0.2557977577447331,0.3832195764616636,-0.4168173318884919,-1.0822196899065055,0.4171163864639254,0.205267660209113,1.0962744911809787,0.207937049539161,-1.0350929226815535,0.3438859629997008,-0.3726916227579735,-1.5002392263562965,-1.6014160657400396,0.8884935773601523,-0.9686600168012462,-1.5961372037259918,-0.019058643147922,-0.9672753548815396,0.2848916858386237,0.0493516597214694,1.1911470942560562,-1.145620048181301,0.7429290075863602,-0.667993800126413,0.8548727621015928,0.6827409872507355,0.0689166481891457,-0.2741065818731469,0.0438942252378754,0.3782891782308984,-0.6882974826194965,-1.127235193427604,0.686759303515871,0.2515899848713592,-1.4892271912344854,-1.6265853838669573,-0.9581419839120368,-1.9521970672826463,-0.6200996321636343,-0.1488657671339754,0.6250882416896603,-0.2826361705647201,-2.1095164196320453
1.4440489991052363,0.3273862926310563,1.4537512903482597,0.4916323807382149,-1.056729454798209,-0.4084360190338283,-1.1322237128472878,-0.6180396658043271,-1.7713576883484587,1.3264566651291791,-1.708798948187539,-0.1669060712945115,1.8609782053110813,-0.8073790550305044,1.3997170815646065,0.6056737197584046,0.6021890418944856,0.5767646675149821,-0.097764148268667,0.3690810228614911,1.157057311972828,-1.4112689307933417,-1.1112274410168874,0.94673351408241,0.852477290695308,-0.0965970654076216,0.4495646521908233,-1.0078875289543712,-0.469682277581571,-2.9364807178381795,-0.0306974299932162,-1.6117335652677591,2.223192226476584,-0.7094765535795788,-1.2049383164720449,-1.6007755899520302,-0.5189342280305624,-1.156322687951234,-2.319243736259512,-0.1975288702625436,-1.1061738318177528,0.2565224763411258,-1.2937397167820963,0.4232424691659501,0.7094385871825617,-0.1537779504829259,-0.6853782140394922,-0.7194822184599404,1.127951991571052,0.8707059538995874,0.0618829357642702,-1.83471780097474,-0.5974527325116232,0.2334086930589167,-1.082129340236606,-1.1682184542276182,-2.191629586342501,-1.6952008431719952,-1.7868206594496925,0.8868909740584416,-2.217578073698689,-0.2752129150620299
0.1351721325783066,-1.0101310495393163,-2.437450082982735,-1.7399174386995324,-1.2489677251468077,-1.1489216500072676,-0.8891959367526263,0.2505957652000195,0.2755048536055503,-0.0903162092858716,-0.5910506718540313,-1.4502500412782162,1.3003596627563023,-1.0811821452857695,1.1805261322440534,1.1904579592315432,0.9670508745737424,-0.7575305399270513,0.5925021923369642,-0.3118746517243131,-0.5356046250983839,-0.8088174390272601,0.4635402948145886,-0.7138927183692322,0.6520988802711377,1.7496536635260966,0.0826656844123568,0.9662708151524816,-0.3311205385234059,0.9677717566248478,-0.9342250149372372,-0.2613772779059023,0.8561043352511689,-1.5445187077537104,-1.679350809142106,1.394274046784371,1.2212587669584296,-0.5518875759898476,-1.6191836908793973,-0.3628983192897059,0.4159702996998227,-0.371518170666115,-0.3581793680529186,0.1627580622913308,0.6781861381315317,-1.0890298337683024,-0.4875443269650462,-0.0955023052816119,1.2671576517617693,-1.299739002975511,2.181065316385503,-0.0272665436212972,-0.4778748888840489,0.9464126267898296,-0.1740283613219266,0.2605056842421934,-0.0126185271734402,0.1513681176916897,-0.4554044255004909,0.2058094466886597,0.7003447695366257,-2.8883494675047
2.200830976167773,-0.324849143031951,-0.1018563258466028,0.4872848380226534,-0.6035688112195949,0.9017932807208492,-1.1281199873490049,-0.3438723750720993,-0.3858753119497687,-0.101013663693515,-0.131862650548385,0.2019175454339974,2.5349827009502675,-0.6599561935578974,2.6038543439799224,-0.4002171287334172,2.2980502670204914,1.4078155683772846,0.1327830182009024,1.3491953991048942,0.5104216178023301,0.365888645429633,-0.7964709687943106,-1.2149788952540557,0.2908561725161028,0.7605530072117537,-0.968180182038798,-0.8890628578814209,-0.0908887283986568,-1.5330074840302412,0.1188244457571264,-2.9475488441433195,1.585916365478865,-0.766139627730789,1.0896271810124345,-0.7133880922090088,0.3678134181210848,0.9183131299780624,-2.498436773599748,1.5718297526192746,-0.145563541120511,-0.2311992542075207,-0.4576933413772948,0.658276770240939,3.074729879157419,1.1930327781103738,-1.6740460134779078,-0.4891645826007492,-0.0285720202868194,0.2592510149992173,-1.4686232088535454,0.3594564851466404,1.0796728386441563,2.5689806780208206,1.151986477149665,0.4382039118783302,-0.6200958755411039,1.119899278134068,-2.055991400971808,-1.54585165733719,-2.6957286124371107,-0.1430706575385737
-0.1165918080936597,-0.598917196539335,-0.9290020469393984,-0.523800840038153,-1.441894332307217,-1.4560213657339118,0.28393517918879,-0.2409784595673967,-0.2443432297760721,0.0755318475611642,-0.1106530839513566,-0.9582357500243583,-0.6512410455956364,-0.0634828617740899,2.1552041796119834,0.1902120664412877,-0.9959033043387856,-0.0424547051173925,1.6209712467615187,-1.4938648542345034,1.0589149664364934,-0.5828256184733539,-1.5496658286848086,-0.6172872815132835,0.4025582329056685,-0.003959873925494,0.1492893397671694,1.2530845905009502,-0.0037970875579725,0.0490334651277738,0.77035352328193,-1.666129554744964,2.445329130977254,-1.5497335228887703,1.3407746231266715,-1.1358053305009914,0.6685797189489421,-0.0568635809641637,0.2022872174849859,-0.1143141645364693,-1.6198843576231083,0.5581234462883344,-1.0739594770231964,1.6328134385432858,1.6635944366011732,-0.2845873586593039,-0.5120027106061781,-0.4309306459792631,0.0879195649618627,-1.0833422785033138,0.2609003331346486,0.6137584747137196,0.2306039207496983,0.6033793302973736,0.4179602016499475,-0.5215391597970483,0.574938580359288,0.4057481837552644,-1.098581531059626,-1.868588816672428,-0.6834883490489874,0.8385853708468513
0.1411368910585629,-1.5278387090966217,-0.1844900982343935,-0.916529689239844,-1.8548683540613464,-1.2562040043238958,-1.6632743304432076,0.4522596973785023,0.6213494895299895,0.9930174565882016,1.8174890464053048,1.1523518676208546,-1.427945907124873,1.4666511769437895,1.3449360985837298,-1.1060966899583249,0.0322056870090163,-0.9383246509161992,-0.284639796906202,-1.5476019849724156,0.1875063613841032,-1.1369537761723805,0.6981772063296663,-2.2189209339206477,-0.202964983800338,-0.8494108016062274,1.885954514510154,0.2408355290223045,0.0891383023206826,-0.8962578551829035,0.7176194303673271,-0.9820811156383364,1.1418803195647709,-0.2428343155462394,0.5521505257790096,1.0963582764796984,1.2577720056977937,-1.2844641998526585,0.1633211913866657,-1.3257924922709925,-0.3365346087679196,0.1025187456525849,0.4148690454677807,0.9807489866578384,1.6847583338730747,-0.7497955227434309,0.1712411727172371,0.3946240863408631,-0.6265537022128459,-0.3638561570594687,-1.0670422709772531,-0.8336238429191309,-1.532130096904626,-0.9648720768914468,0.3543843956618265,-0.2956305313071178,0.1208531774933719,0.8022181810971574,-1.8426170906190087,-0.5034128493135179,0.8095782593827001,-0.3966852928374784
-0.0103919861888472,-0.9969733991817208,-0.1811494174311839,-0.0161895138535568,-1.2736474703083098,0.1794835589982235,-0.5697760209845041,-0.106100205463272,0.2640923466414831,-1.0437981032960062,1.2656384076671037,-0.2335418287538013,0.5536710125971696,-0.1335460967898084,-1.3359439087634786,0.9532702833538098,-0.9156189343747498,-0.5563031272373307,0.337722123954332,-0.97809357988233,1.743622319328941,-1.2322873524075173,0.3313588571136665,-0.1671500376563244,-1.2415016128195682,-0.5564162923077413,0.258737176684384,-0.6044746083813806,-0.8925661154323805,0.1352003817444876,-0.4590847190434856,-1.566706934965565,-0.8492893754666202,-0.908478006206751,0.1761740269377548,-0.1447553067828174,2.449739406755153,1.7804198239578048,0.6400179266380163,1.0402795046948548,-0.7585374297542098,-0.6610344559624,-1.209660514285098,0.7304445664939192,-0.0855110070957231,-1.5431980011022342,0.443923620575872,-0.5251269333501872,0.7694640212985744,-1.1680975781740552,0.1844869434534269,-0.9067928533899144,0.3374247429941093,-0.2487401471820489,0.5247783709303344,0.3060781333998418,-0.2263763865869094,-0.1675616640415371,0.5701657558817514,0.1805562941598352,-0.1150860513477009,0.4620060008749458
1.146170438108019,-1.3434382209374158,-1.187223079702549,-1.5470909369070658,-1.886482088890804,-0.7819514049151215,-0.5585956643801406,0.2175471470648574,-1.8016090858333984,0.9756849853944256,-0.39649183336439,-0.3310857472650668,1.1088832445208074,0.5032540814031443,-0.5161635202435739,2.1666520474991886,-0.6510625688608049,-1.829596693979396,-1.1276873462480803,-0.0031428859011411,0.9406714466965,0.0198159924167997,-0.6706308071980471,0.3209859549045714,-1.879277229101207,0.3971071201259042,-0.5794056674892492,-0.8992797459692109,-0.3032376996073357,-1.3316376020375982,-0.5755319849406675,-0.2573205069230822,-0.1248542527819118,0.2542759058364134,-0.9444438701743356,-0.1737809757072025,0.5341692922763005,-0.0201007601625807,-2.146671076263393,0.8641047620324278,0.3742141417724267,1.7222604552830232,-0.1345307105871562,0.2068376212547099,0.1024171317251346,3.626498001137219,-0.1114555872006923,-1.0597360588745182,-1.6138870375125969,0.7680253474085035,-1.371439262059033,0.8098837795166315,-0.5505351296292221,-0.2799156118007292,-1.9422643659508023,0.5570593072129355,-0.8850350071153776,-0.951022606883388,-0.8694039317647223,-0.7635285386445021,-1.222287983102491,1.0116190884133234
1.5953329725556615,-0.317387679731904,-0.8416678120796286,-1.121123564776067,-1.084978289824383,-0.3847476205798795,-0.553974585086619,-0.6781110993985946,-0.2640717425447909,1.1984021997573393,0.9554529729408932,-0.3255290227772491,0.611829489143582,0.703711898230786,0.8517584072761055,-0.7661246802699615,0.7716151450336975,1.8660740152126984,0.1079314539409063,-1.5862495783114612,1.273601732049317,-0.7249020505867031,0.3817986774715048,-1.123966810598234,-0.0023726654259913,-0.6664068880988598,0.6237567290521625,-1.4520258295876671,-0.2794819370625648,1.0477941287813015,-0.5505680943091982,-0.4681765624158084,0.5178851338864282,0.1529520146917512,0.3738353304053673,0.409947721164877,-1.363796702768913,1.1616985939533873,-0.5616176973936665,0.2649102484174178,-0.1039005099090486,-0.3066551212682146,1.0591057864435507,-0.4177249364557581,0.2321128090740025,-0.6150617575028136,0.0739060379862711,-0.420916942715128,-1.731480603923344,0.968120094024806,0.3932686713611044,-0.2680915059578905,0.6262710126686601,1.453137450151584,-0.578030466180281,-0.7657849558478426,1.976297989748532,0.0024248759126858,-0.6914639774045259,1.0452638738848403,-2.194258647489554,-0.2385741496598519
-1.351104388852166,-0.3283695713342333,0.8310128135386651,-0.4245177136330534,-1.0348468731442708,-2.2747156199773304,0.5970179438063342,-0.8409824167466993,0.0665953280370089,1.2274807316211738,0.1403682517607314,-1.1596357034434104,-0.5934233842077709,2.14265925204424,-1.1658875328197342,-2.828616176441564,-1.4615017751426262,-1.1732343639688514,-0.1084409978678794,-0.4338449458676711,-1.8770487574679116,-0.1226968647824097,-1.4481012837601417,-1.181135769197725,-0.5539126883510378,0.4581808327484755,0.0597101823819453,0.9229734619228156,-1.7945623090424825,2.150500638419179,0.90460750338558,0.6755606902787116,0.2009448868525798,-1.499609558463504,0.1661803815415001,-0.2472624446535531,-0.1585603949932462,0.9624713252430432,0.7413881902720877,0.3811079449535033,-0.0180322836023684,1.3678662026149633,-0.8988343314655606,2.0412919101007296,0.3089489295613956,0.8332051679370611,-0.8359170235571965,-0.0289425249539753,-1.2997353773748002,1.0116319744329,1.1002860871443052,-0.695798243108696,0.0918862371493571,0.0738534159893985,-0.8926548178892991,-0.7374677668075432,-0.1545415428057103,0.5441793602634979,1.0590122826877,0.1443833088026941,0.2278823445818461,-0.3878906446121265
-0.24035411044399,1.6366080847928253,2.334694725460217,-0.1481075696550361,-1.3539476139502833,0.4243322912784737,-0.5144077002097626,-1.3037042615783478,0.4376182107655721,1.952927072420953,2.803870407556462,0.1890076596468514,-0.3356359830353323,0.370552090394346,0.1824933726520691,-0.2352584153915302,-0.8703010727437377,0.1833719679977223,-0.940489016824436,-1.5741060902822692,0.0395238910033753,-1.4169244079947143,-0.2755001118322595,-1.3749560045006033,-1.950695575737132,-0.5687369476818347,-1.309435759004826,-2.0860452778328726,0.6463706544016778,-0.7447156555208324,-0.9739520515438852,0.2766436120864756,-0.8945067107579082,0.6625885570551856,2.310499775769725,0.5338552809110346,1.224824700423797,-0.5292354788500481,0.6189496188262456,-1.694197760612529,0.4860651308837825,-0.2534478503460617,-0.7737322579717282,1.1929866312530648,-1.5932068004784774,-0.2335847235983167,-0.7917267720878947,-0.7044682051708976,0.6913342788721663,-1.913243831928046,-0.0886144772419736,-0.7654763907855416,-0.7621773098953091,0.0918212020160764,1.6926317562762094,-0.5498044687352559,0.0698806482944128,1.7382477742599576,0.9551085174950074,1.5273584773917517,-1.077376126770341,-0.9576110580106648
1.5490336870430623,-0.3644320336888587,0.5808873648504872,-1.5075600672600271,-0.3360426422513501,0.0886736639413902,0.6740954400268031,-1.2092093433110802,-1.6908131697470066,-0.2467936612589881,1.286001307085523,0.1121805841441737,-2.2621543008609803,1.1627215244037463,1.184308582834236,-1.2662396331353016,0.1217516915644957,0.8037402604796452,-0.4310872247613543,-1.1955503185286385,0.3519480473169257,-1.5064674991849518,-0.5601436315357019,-0.3878215797059357,1.5622497487702156,-0.0963964726269966,-1.6181915918393537,0.9720688477082776,-0.356940462898224,-0.9199994806286036,0.2477244957062034,0.2072328297842691,1.9692816342434152,0.5021046124440947,0.1652205806027595,-1.0240977676837226,-0.4137504717003789,1.504282885408288,-0.5520992134744268,0.535207381993819,0.0140156214626892,-0.6915559640575276,-1.5480920394091,-0.2386962276235464,-0.5140919021088335,-0.3674842454912979,-0.2331459074999594,-1.2788818280884864,-0.3388198646895554,1.6464021175849013,-0.4173026717585065,0.1433394137179446,-0.1504634970417345,-1.939834081923359,0.2718404247429796,0.0783632171920017,-1.9725563897675475,0.0939819502422758,-0.4149753822969483,-0.8826921409112423,0.7437462450231683,0.0023726100482646
-1.3425473555323295,-0.5335246785328756,1.942804144757685,0.544880943199914,0.4221883480924651,-0.8233872709741485,1.4697102094093073,1.0996778254231931,-0.7434201938169727,1.2186303111657837,0.8223019264395488,0.4247383079276059,0.7854597505589168,-1.402721070074585,-0.8293331669732011,-1.4373566187463014,-0.2300900814909033,1.5438555376418353,-0.3641911118877866,-2.000949530887711,1.7220198133932838,0.6745852734058585,-0.9929969715226368,3.530085795782109,-0.3146052506051069,0.4302745489830798,0.801347347071504,0.0674885986421069,-0.5512958129577494,-0.3540853062240209,0.3348677783792839,0.2577789124527585,0.5946816353985156,1.3580213439069624,1.3475283023123374,-0.0419317409301638,-0.4164725093661905,1.8883902759211395,1.2474950338259605,-1.2463309722118083,-0.5788828132683216,1.5379342201600683,-1.0758468879554053,-0.0412094091771819,-0.7764280421432102,0.532668905035178,-0.3038505779174149,-0.4605254346440704,0.2059546406533479,-0.1287738662454913,-0.720321535744172,1.0082304454537203,1.4806198032004974,0.795349594407496,0.0603440198437352,0.6440210021747877,0.4180958469828964,-0.6621344736189148,-0.5464971048799896,-0.3694469170493438,0.5205721712859116,2.0879606396962456
-0.3660413948116782,-0.9643590951781316,1.5613804047974962,-0.2836477459135655,-2.518340725485949,-1.3222423421641305,-0.8492828684716149,-0.1055979119792813,-0.7331858521138978,-0.5663592669506479,0.0098249998623193,-1.6913607912048982,-2.1126141078742786,0.7017500572102806,0.6749804247745947,-0.082504007960211,0.0279738293206189,0.1486365615374549,0.031112163432902,-0.8222557943827109,0.4757786531825049,0.4439162881860493,-0.9204580246919276,0.8866230424234065,1.1558914204755917,-0.1154772938987079,1.8104286031254049,0.6888151142995194,-1.132576749829842,-0.5769739490181399,0.5479666371394071,0.2213036323272695,0.5401796762028385,0.3176364037097025,-0.7916358767147851,0.4806128241634106,-0.4594121844172809,-0.0418060594175555,-1.4547125271630366,-0.8944175833136798,-0.9081546656217604,0.0610290548332816,-1.7847931169575029,-1.374359056573893,-0.588434611337336,0.8738909763580331,0.878840295100835,0.6820683463007551,-1.1562062772800017,0.3480120112889457,0.5634218761657667,-0.9216244273558512,-1.3057541554856926,0.4619566710219385,-2.1862702161062293,0.0729569114508804,0.6410376812176064,0.7893486788119866,-1.6695229721519875,-0.8049692471376066,-0.8943488518249063,-0.4301180515709574
0.6321141857513163,0.3448508214909885,-0.2949370064624456,0.6297637119933027,0.8674686491507699,1.5559689583397562,-0.6378963151702198,-0.3899956901552728,-0.8417551072678009,0.4321697222847402,0.1151887072199552,0.4112007680018352,-1.1467262583886817,-0.912487664948992,0.6352009047580456,0.4066606040122988,1.1553585450071435,-0.8371545026439714,0.0027186883445744,-1.9043494614347447,-1.0444218630990818,0.3748674233479611,0.6649287214770043,1.1472087442455294,0.8576817006171968,-0.2409702146905301,0.5507804252856866,-0.1577634995473197,-0.8148957928339973,-0.1474019267221171,0.4914475652221916,-0.7906227278541909,2.6962090786714654,-0.4238692484323522,1.6071287756116936,-0.1101386740192058,1.0827401422824112,0.7782613631305568,-0.7281246524424757,-1.4250724679299376,0.7572518575933792,0.897558789878148,0.2752914698998303,-0.2377998918871364,0.6041115411771403,-0.5911822363060999,0.7516125183428756,0.7589935138295278,0.3474802802609488,-0.6455492535610642,0.8397832561228347,-0.3925179209409256,0.2696659869379483,-0.2757392481977966,-0.3218853481344109,1.350794172824053,0.3563166248561797,-0.3677744926588379,-0.3395767930763806,-0.3899720382791353,-0.4007602783787892,1.6093640353038037
1.8928296874630512,-1.1260823575035022,1.271893448759316,-1.2139900781654491,-0.7073356790649392,-0.7441248373413119,-1.3104016454986591,0.5514718297128555,-2.2749323432122366,1.619499795530535,-1.2439389338797704,-1.0285583549192412,0.1036576453306901,-1.3074883743512888,3.394898773496683,1.5767732266025494,1.9209837816569613,0.633152910965842,0.1901185603743477,0.2185752570905579,-0.5465856239499287,-0.484744192921724,0.6824586147563538,1.0712717194342951,2.472712024486683,1.439633108059538,0.517036684216941,4.083329682847838,0.6481984820448707,0.0932099509905792,0.6263548552631255,-0.1232927312765475,2.1220524433737435,-0.9394764830547956,0.244203538429649,-1.10762604204299,-0.7690519504263585,-1.3488037004572382,-1.4170765934135658,0.7707198906072628,-0.086934794055708,0.6741526556964234,-0.2718818313358764,-1.3306118198293184,1.9239247971101645,3.1812989691723885,1.9825586968652809,1.4599145049732216,2.77125034542992,-0.1810816474749016,1.72540215780408,0.6643469319892961,0.1191421166971195,1.0973047830386176,0.7897886999412967,0.8747805390880234,-0.9620676598579456,-2.028734574791456,-0.9094166849830628,-3.398278712857244,-0.8238224558907393,1.0515432135285434
-0.3616788744383911,0.631910947226093,1.571950490076654,-0.3858364303927479,0.0545951739041947,-2.418651200010816,0.3616785516996164,-2.0288099373183166,-1.541613545315363,0.1392516133066925,2.0700085880459054,-0.691860451941755,-2.2663190851991324,0.9700358152010098,-0.9665753469384962,-0.0975278649564013,-1.512648209439526,-0.6849793072113227,0.0388816159093944,-1.494184052950723,-0.6126331875673439,-0.972137636918696,-1.3420953654277583,0.1589191742237741,-1.079362266107743,-0.3596333746991185,0.9597237763003676,-0.3115560687644271,-0.6417469327320058,-1.4557948885249672,-1.0756643242266375,1.289587232745034,0.0192918553418476,0.0157332698362782,-0.7477508465074502,0.4123835688363254,-0.6629891398764207,-0.738834106085881,-0.9144619179242728,0.5367427509662235,-0.3416587818560483,-3.351417790148252,-0.5768433687302439,1.7809133822719592,-1.8573544119669272,-0.2157249180406754,0.6647521041030593,0.2803803453308741,1.639460762235129,-0.291211019553334,-1.7619452318642308,-1.355813109179844,-1.0524171808437366,-1.6316249533656906,-0.557581598670488,-1.988544541286223,1.271557933848177,0.2637808423279575,0.3000763955053656,0.669563061145841,1.870006990179009,-0.7361131410258559
0.1907174310570983,-1.7044582169778055,0.5872942938246272,-1.073805984215196,-1.2479766507284074,-0.0804547157354686,2.6437466027321967,-0.4088231289204219,0.3627550781629263,1.846213035103367,1.861603419707035,-1.06006152974295,-1.01855914206513,0.4220773560785832,-2.2125917780185587,1.5545128491889784,-0.0630695792316861,-1.5434541010994431,-0.2744649252745484,-0.8862511750094981,-1.8856527897205968,-0.1382995927682491,-0.149533759575235,-1.0235188761547969,0.6299821519163469,0.9325974159624324,0.7244149454735843,1.0960953852301485,1.5076314873901824,1.6762769644336752,0.2579776169215076,-0.8015806792937368,-0.1190583569794531,1.7475033620155496,-0.0415300514492252,1.1413606623251515,0.1786753980291014,1.14118402298622,1.2981541053897194,-1.0306220451808208,-0.2790989094443252,-0.5573050255867698,1.3932068605677213,-0.7656047512728277,-0.5455164727837443,-1.169626620558963,0.632052425052238,0.5693236725317102,-0.285691716216694,-0.8073288789582272,-0.7247856201936299,0.3931059045055436,0.6070543397575219,-1.2564941943629424,-0.825473755436096,0.1112105136166967,1.1684383133761558,2.384245732346674,1.1205810639179017,0.3252470144899945,2.172403197459193,-0.0992701478871739
0.2133440037153709,-0.3472848902779659,0.5762479884767474,0.8507800097962155,-1.7111728465847142,-1.2078652736135176,-0.4947642401243649,-0.2441285151146356,-0.7290695685675957,0.2423119109777401,1.3971340896322189,-0.225261121205421,-0.9886916858693866,-0.3962007952134582,0.9128844737947602,0.7785896735836572,0.0853950872576617,0.0745670422693889,-0.5921066205300695,-1.056089812938949,1.2162977701651174,-0.3475651803938103,-0.0746961695610938,0.1036502136841454,0.3397091927179162,0.1060110243770166,-0.3117271673840138,2.8118107140916506,-0.0102598991670492,-1.207625131224051,0.2284801063248791,-0.0521778232684791,0.2469473391109352,0.3893793472421201,1.1135320212557924,0.1192944682834457,-0.0419092645738633,-0.3686484317407442,-0.6597755245402548,-1.0135438843689912,-0.356499652579879,0.796994462788746,1.5663030644361833,1.3325320487823369,0.0272790293833898,-1.1829238596199092,-0.0600621749393771,-0.3177609018341398,-0.5647038039762096,1.2757573606746109,-2.216901086965773,1.2358725019524237,-0.615162089042023,-0.181000780780556,-1.5626660811937567,-0.1139764763476038,0.1072156449346251,1.4778330119311849,1.3128074116598012,-0.7297003094701615,-2.2599149876692053,0.8293366676004472
-0.5851909775844173,0.0242988529758794,2.027173570393507,1.022503554382087,1.977588574686276,-0.0106899454446447,0.051054401455968,-1.2976067569859169,0.1256801445136705,0.8998951364566143,-0.1407328198284032,0.1393859658490152,0.1914837932351253,-0.9543793499952388,-1.2229432449236337,0.9270016442639686,-1.471528937794812,0.5901466653558425,-0.0256046900329926,-1.1256916885123798,-1.1436686743786415,-1.1016535235679048,-0.9507625965761356,-0.3011631492136246,0.9038704852995147,-0.5963482036965672,0.0188676280764687,-0.5021912764354317,1.2906244083409786,1.216712677934182,0.5816096178280865,1.2321918623056909,-1.644541605189903,0.5576623689663762,0.3386704700357915,-0.0827949026999719,-1.0064472121829289,-0.5022304958640692,0.4720557611233573,1.5792933319448013,-0.976307964086173,0.9755946787726678,0.8051433619954502,1.027881909383632,-0.0697270785249697,-2.1141125991083047,1.1691425573617769,0.2154356901856595,0.0982294060811636,2.504630428978813,-0.8696380654200144,-1.7413970621948347,-0.3782427265776054,-0.0845423569695016,-1.7772957724870628,-0.5644033862599018,1.4015980118674063,0.1773719008100696,0.9585603198765767,1.5411509072465168,0.5093574132727244,-0.3893251570550002
-0.1572103696987576,0.8535927524198937,2.18866671582376,-0.3575909436117885,0.4831730235949648,-1.1693993317744136,-1.7976909115592443,0.4363334545945179,-1.127345693629011,0.179959367850055,0.9336057604771976,0.8025302032139674,-0.0793826292343333,-1.0220563622647032,0.7425509605706989,-0.7003777105691048,-0.4102410500639405,1.0117363498090308,1.0429181612590492,0.9788733809845314,1.086692008888278,-0.7360198201347122,-0.2088737551367088,0.2449763810186159,0.1586227085709303,-1.0052846601706722,-0.9548024680141896,0.7930073794061322,-0.0845999135931069,-1.135272193041135,-0.3793649295117368,-0.1653118935992388,0.1030793303203216,-1.5369881481603564,0.4510341862872791,0.4313808281698695,-0.6089788782325208,0.7587101559168322,0.1091569145114342,-0.4101891136801911,-0.0622611999333001,0.1518305157635824,-0.8335042532667056,-2.0602511377475703,-2.89093576348202,0.0696517511109468,0.1643856742179858,-0.1640850188304248,-0.3033856869419571,0.3042527973265441,0.1992682759963696,-1.2881078316597354,-0.6537783309924894,-1.6791267054366743,-1.2464650027903843,-1.3338323919655832,0.4797344683203662,0.2267791161233907,0.3303148882719243,1.1799837734690992,0.7477047081689652,0.7834745066316086
-0.1647018894246827,1.2574696529938614,1.8995611132548471,0.861412077132373,1.462156124374324,-0.953688489400788,-1.0302668292971282,-1.2509860516105444,-0.0371213176818029,1.3581782515865717,0.3128795483122214,0.1600643244517778,0.6538687335893287,0.1269578728875394,1.9227328963576285,0.0323197306896479,-0.4631614322943909,1.6198175065085445,-0.1889670527729225,0.1323566416011439,-1.1700104216115512,-0.4202121557302781,-0.9110924209041378,1.5018871640930016,-0.0738474356833212,0.4059447991618649,-1.9411037255876664,1.0040257097507768,0.6451507502620498,-0.3905630083805182,0.1980186973899328,-1.0858463294620146,-1.605502422169971,-0.3360498670474013,-1.2575103126235043,0.718182207078383,-0.0423491472603961,-0.2051550819399152,-0.3656046088762593,-0.0086748000742138,-0.1147995635563848,0.95761616763332,-0.8374457141902907,-0.0176262331967655,-0.9043514723263496,1.3111118907767367,1.1948897659974995,0.818449826382214,1.1504983761208845,0.7954964435149747,0.1495550757787254,0.1670308937456692,-1.876743389915668,0.8550263392518163,-0.0379559181185143,-0.0390715532754834,1.1831265781580054,0.4693922684004516,0.7299797135391958,0.1302941919711411,-0.1834880774805405,-0.4263116168134967
1.8325698912948016,-0.8154752557808075,-0.6964630621161831,1.2430240488295634,2.2539211296289903,0.2599304780426507,1.8629183779006528,4.429445536621545,2.6936858349250845,1.0010904462015957,-0.1365119057570993,1.719670560473167,3.671847446433041,-0.7662413889862744,0.9197724685885258,-1.34363541058168,2.0718777101452126,0.8930193236359798,-0.8974969087654743,4.605244411459884,1.428616829728703,3.3805346473330946,0.7321004380994456,1.745782667039362,-0.5418295342865201,0.0361112666433395,-1.2647253808722885,-0.8402931053946583,-2.1122093238123387,0.0293180481320076,-1.7238430509665663,-2.899741239768737,-0.1411124777877198,0.6839664572948199,0.2514849766206004,0.1641483064192391,0.4584056462742408,-1.224765713095603,-2.09450410034422,4.683252161306942,2.125937848343298,5.189185072217707,1.0045576661604805,-0.287980580683837,-1.617424730657563,0.8552864553747596,1.883037306505102,2.28096090653536,0.9394179889127484,1.4590898093454097,-0.0630196588224582,0.5504102227893809,2.7560299358500444,6.324353727289935,2.8920133316658685,5.270589714216428,0.829642295154923,-1.3464701425078738,-1.3007848213774802,1.2002783302391644,-3.219299054121051,4.620948668361998
-0.3970560125479448,-0.6450920159967456,-1.378085490563167,-0.6895880803710372,-0.2005311477849133,-0.310242590454546,1.1797651430349505,0.4531743500843689,1.062815999889939,-0.2107092468760171,0.9606917160108028,2.5782815674889488,-0.5069402097993594,-0.2745557344821855,-0.176816227672712,2.316339764772398,0.6848453944342641,-0.6114386992158535,-0.0970914920401494,-0.2602407942063032,0.3018417921517028,-0.5213240361887367,-0.629656351006324,-0.9469780220179754,-0.6984202692940111,0.4168473941644505,0.8344786585358385,-1.149842631564996,0.0181292512205152,-0.6468072674693301,-1.2244060278794602,-2.116586272351169,0.6612147273776017,1.393456017733694,0.508483995668558,-0.4770342394322756,0.7618983745133394,1.3843081153914,0.6022188468842236,-1.859252553881113,0.593661167498634,-1.0233380963886434,2.3754870531569794,0.2460444465236062,-0.3420818370125807,-0.4619298934855478,-0.4247842161942018,0.3562452559913935,1.220304842135068,-1.409165794242642,0.2125371559546489,1.371660577461061,2.7428912508811347,-0.0443119306994561,2.7471501219034984,-0.0506245023171353,-1.6826627712563085,2.285940012436234,1.2738079857578686,-1.1563860610022905,1.1677147940671126,0.9553168814466254
0.1346791179445768,-2.4145850436286462,-1.6753492400590426,-1.2658299906556236,0.3199863392751201,0.0229963281709788,0.2565157991681615,0.5635376823457601,1.3304458616911576,-0.942312676814027,-0.9532165824887396,-0.0247132384545261,2.1885822999336297,-1.8319968445206152,3.5977507697275115,1.5741675943848572,1.602659021406141,1.5746411699618068,0.2113412020181838,1.2044281291396275,0.9124942716389288,-1.227293528058266,0.3303855336943923,-2.1078532268394734,1.878350272131088,0.0135174831527002,0.1901894794042707,1.052426075165549,0.0295157296867697,0.0767332051076081,-0.6238650231707582,1.044687607063518,2.2253232850005684,-0.2078727447209937,0.6417905621299356,0.748903563505627,0.0437732812326524,-0.2825981174679347,-2.225172728781838,-0.8189919281908666,-0.526951151791711,0.3995069839971419,-0.6251609216179768,-0.7063578425087387,0.1327326842110349,1.6513647102528717,1.017953337387349,-0.0232998286625724,0.4138692310370629,0.777183271328619,0.6357914865684453,0.6398008740056351,0.4976504092626242,-0.4946546924130556,-0.9542149692312408,-1.3935839982707685,-1.1523272030458094,1.2657203170466254,-0.8039953417185162,-0.2029600542330054,-1.417988031684454,-2.591808246169262
-0.6249648297619957,-0.3429129032974292,-0.3958397055137541,-0.8422566567065622,0.4022941864507071,0.4475054739508278,0.8024344667967909,0.2895485102830704,-3.42342573882431,-0.1157131502037027,0.0708904430152297,-0.5418358014281951,1.810267261918437,-0.1595100958612343,0.910544592996394,0.8761490214481311,1.6384348776465811,0.1033384717516734,0.0866688154266542,0.4978320776478787,1.204100393376755,-0.1974124267529832,-1.2585006267287335,0.8470667333084405,0.079181410822422,-1.8249621535419849,-0.3028051363586787,0.2986811497257912,1.6557789081741072,-0.7784940574181164,-2.0882759912935933,1.64854789050984,0.5656163417299828,-0.6394796663203223,0.7105502900673031,0.5876045960369771,0.9490094727359468,-0.1290536214383359,-1.2434513314056848,-0.0614425018264873,-1.1347081331772069,1.5165677895911858,-0.3932188057254506,0.630066853005258,-0.8772934818623712,2.3236253260131443,0.3836252108222046,-0.2064529372275999,-0.1398144819244254,0.958699110292072,-0.6431627056705762,-0.5740920451231538,3.791225693791334,0.6965973493636552,-0.8916817560384154,-0.6577579080177749,0.2278717326220319,1.2468225807834887,0.8783583712553196,-0.5949790242399735,-0.9749598894931844,1.6474165514484096
0.9191482228429574,1.000983035856427,-0.8415225679499818,-0.522931946969275,0.3728948168622512,-0.7453570069694669,-0.9078369244442804,1.093690084286328,-0.3404561019011693,0.5981711753336765,-0.5634848803385054,-1.4697201535355395,0.9339070140165646,0.0724759553662213,1.3378488436522555,-0.0020562061611117,1.7723679531401209,1.82336504072921,-0.09263997969043,-0.3692375162025016,1.1963758174238204,-0.3023694094826249,0.8249376115506695,0.504862161522836,1.1062158586208135,0.9133319175208175,0.2921917621247525,-0.6102979777069051,0.356320253728438,-0.5506220347207293,-2.39723359732165,-2.026874802104222,1.6837118718315605,-1.7811444478060252,0.9335506929741147,-0.5283954573440885,1.5107006535944851,0.5367678044496821,-1.3667822292318448,1.9927590062577472,-0.5633588319697197,0.4916998723234073,1.6288442978871247,-0.7660314491193781,1.7896029484339513,0.909994341861042,1.0571621464919314,-0.2582159949583971,-0.0693435299227973,-1.8322828594319407,0.6450076543787812,0.2363180507287368,0.2298598577113072,2.009489348802331,-0.8175299864585865,0.5315400108768937,-1.933074798822682,-2.456240261811467,-2.8344600736516576,-1.4954798433126442,-2.726722474575639,-1.010364347499766
0.7263640156321459,0.2973439027916131,-0.2283512029512177,-1.156338914590922,0.0515793213886615,-0.4861884110134403,-1.3656538546166974,-0.6190011676771315,-0.0257582606921624,-2.015713272834609,-0.5094818224665948,-1.86253865735873,0.8467547929924737,1.329718988779052,-0.4878621781675046,0.0841385457649721,0.8681041400800685,-0.3674574825540779,0.7686557627748993,0.956995182033652,0.903422411273482,-0.0498638299307134,-1.6730654163022471,-1.5485352740109113,-2.0147197082070205,-0.8973697556216247,2.0261881240629327,0.635891549605621,0.0568085227801882,0.3985991400859321,-1.1327497454496098,-0.0174314597467269,1.7473005746946368,0.0479126017973546,-0.5568483209201722,-1.689606892549819,-1.2341774647664003,-1.293888811953714,-2.915459264105429,0.2732542196164467,-1.5790410617784314,0.157844718447503,-1.9326255603840437,0.461487244068001,-1.5265747867364698,1.5723384022558775,-0.5927953655198893,0.3551462796222457,-0.510453234080942,0.5177341797302563,-0.7704664009994201,0.4850469713524903,0.6529382059185114,-0.5574908285927593,-1.5353154443683332,-1.067243345912953,-0.1538885548784149,-1.1539811519093912,-1.0223798232780423,1.1148543046533352,-1.0631046589249569,-1.7501819412696902
-0.3068781038774879,-1.559675115948854,-1.571374451663102,-0.3317726150315282,0.7543940867132893,-0.9013496023457388,1.596571876359346,0.4113403907930081,-0.2555693668876903,-0.3406711569229266,-1.5338765506892218,0.1254854634144857,-1.583751644017791,-0.967113199905676,0.4598407916191378,1.3876916090456048,1.326995965636122,-0.0504400996145358,0.8496303399941341,0.522851415697656,0.5713681974692028,0.5226329244325342,-0.6390061862575951,-0.611588723316663,1.019864632719444,-0.1607799594169552,0.6447350131301874,-1.462708320905507,-0.2183715530041703,-0.7505734902309212,-1.2782585143581084,-0.1050592181019146,-0.5758630550313895,-0.6235141601859243,0.6698500964031682,0.0824084627787591,0.4317347439605907,0.5939648975317693,-0.8019600077829783,-0.2091767338092156,-0.1447754071049007,0.1985500045157205,0.838475940217955,1.3867817092839363,-0.6704308549847664,1.4148329794311016,-0.0626592746507339,0.6799050621477729,-0.6289284219758903,-0.2663269484754984,-1.1483525126694942,-0.3739980580035623,2.3343009761532096,0.7895771530275077,0.8812897550349597,1.1143593113121524,-1.2947366359646757,-0.7158413487790609,-0.1422870756252701,1.5644447328925613,-0.5774805815233657,-0.2061696218714668
-0.2354327877630571,0.6093210947191618,-2.478860377436739,-0.2333658408532267,-0.6013353997508736,-0.6530720428038337,-1.1970272596764726,-0.746149666255099,-1.6925804351806546,-0.6955817811987716,-1.0350086941106158,0.042421500662294,0.1498048521591068,1.5351776582259424,-0.2806904473673707,1.002309476845995,-1.4044660217281006,-1.267418554302384,-0.3479594742170629,-0.6922004164827049,1.2077560574215924,-0.4293034201366184,-1.548536048161568,-2.033562169371716,-0.5783267109688094,-0.7917439975418126,0.8641531967238234,-0.5046131945095792,-0.4091000615756098,-3.189176870951124,-2.516283484288448,-1.423666389594933,-0.1428392349432918,-0.8880017612717317,1.6545832064196395,0.020654430373566,-0.2703982809333959,-0.4740899197955709,-1.5866629862617612,2.22190647167655,-0.0396760963500288,2.044287639898537,0.1599558468382618,-0.1251727265295142,1.2707846945385952,0.4968406622065318,-0.9073427069959282,-1.528762419333162,0.6708978175625027,0.0803710497399752,-0.0716765266289801,-1.5904209492509436,1.971108568004212,0.6058207520660266,0.4414189300805353,0.2196541268743902,1.239193570364751,0.0977360872161479,0.7352342367954152,1.418938062252156,1.0939152415022222,0.1128578328036986
-1.2301916667833754,1.296632616379291,0.5585304752412591,0.9262278648287424,-0.5561188507497842,0.1742625630166101,-0.1733865896147029,-0.8072299812777335,-0.3178045388025184,-0.1329896607990419,0.9851140639708496,-0.6688823667845991,-0.0009854128907095,1.384367132278545,-1.936299652765292,0.0313304451896607,-1.790476162769678,-1.2323639705312768,-0.3610686103455348,-0.33340646164812,1.0457476398223091,-2.054248378279447,-0.7735433527543208,-2.031729679417646,-2.0898424472413986,-0.8393273363088227,0.457392750282051,-1.495608161245195,-1.9365459100018807,-1.2543891177991966,0.9364657841588564,0.8853247676026668,-1.0562397174724611,-0.6462459400083729,0.6089942842311308,-0.2059732484809296,-1.0919417765784214,0.6233477681960902,0.6309864967785267,-0.5226828797430041,-0.9444573219698698,0.3307587299742265,-0.4154980570801279,0.2711634031498763,-1.3263530445759206,-1.3541741797534883,-0.413677840020728,0.5061571610748599,0.7562177102547757,-1.5683650386703023,-0.6125825727125759,-0.3329715653126915,1.8937894103047768,-1.3002685010200998,1.917732435822972,-1.7791647233867156,2.23101062554576,1.4492671586748052,-0.7866807736902999,1.9288916105247509,0.9965059086569028,-1.3332783136231952
1.8076012868902973,-1.2250076623785673,-0.1167779855657193,-0.4817031234660491,0.3167796198548692,0.8496703815077417,0.476430801319652,-0.079045408480631,0.7296269946605161,0.4289198425623919,1.288119146866944,-0.2597051340021261,1.4920919908847372,0.9372446303256864,1.1816546278904188,-0.3653375961108416,-0.315456075072157,-1.555964740510884,0.5749671851629946,-1.908360602231056,-0.5732551965721907,-0.4448064283148573,0.9024574369649913,-0.6513608533416577,0.7914553569354386,2.115416932990445,-0.2104341987426585,1.937478516854351,1.337245867613168,0.1967332866937126,-0.6723553617337366,0.4790610913324961,0.0773164942112371,-1.0612689855609303,0.7953145010809843,-0.0571335201181157,0.4246995122700432,1.4832428754532525,0.1559339257703877,0.9063096865685616,1.5987277200730543,-0.3234142029775991,1.063204882718686,0.1190047530488701,-0.1862594701603791,1.294102094979616,0.343903823100848,-0.1661684519319384,1.261301049205123,-1.5741794163510645,-0.3097968901467915,1.0829655968272711,3.2812973175324807,-0.6999393638988072,0.04477020166087,0.1332028256989935,0.4213119144679467,-0.1082836835395829,-1.2788945247491346,0.7379642708641443,-1.1659518131863544,-1.370949390822453
-0.684300466768522,-0.7716531000114014,-0.4500346323366183,0.5708900430963169,0.5562069782607455,0.889351171291139,-0.4383509775448017,0.0278928432759518,0.2780033671476261,2.6138915354431798,-0.6968947977350844,0.101673266079295,1.3115797092208568,-0.2615372367722619,2.1095278714031607,0.2849990290270066,1.169921904777478,-0.6676592949501287,1.97380287374122,0.4235697360487166,0.2238003507559611,-0.8481451619806586,1.0060191669760372,-0.6817542870612421,1.4834282366751688,0.2240026973485675,1.1797427249631431,0.0249519495529798,0.1033464146179617,1.0313201652039237,0.2805510341733518,-0.9603641201755572,0.3385132686009397,-1.04152864390406,-1.5590787162303794,0.9155123254515,-0.4679227259082925,0.5865623277205207,-0.5829582998908016,0.5879652845195896,-0.3568664299311458,-0.8355540790842185,-0.9705034090203292,-0.0438030834307145,0.2863457524121871,-1.6138974940625452,-0.8184397591010071,0.6911173152341384,-0.0442311591290749,-0.2184379718975309,-0.15747970803637,0.0936187756610583,-0.0055269939923696,0.7381715289306067,-0.6459521832731856,0.605916683189552,-0.3173103919741251,0.1445728289788447,-1.1780575570150975,-0.8234960966156707,-2.073818404546464,0.5288793970881518
1.7095245265960637,2.199372467032052,0.0574179336667487,0.517068606974462,0.4980801004103671,0.1034258271448536,0.2136161139666776,0.6615184829284715,0.4080632284311174,-0.3345760065660891,0.3402914539278983,1.0509215590809455,-0.8171985020964115,-0.3756206149258538,0.4819669341956785,0.4517847996880458,1.1704956834584432,-0.2929320924050462,0.7895384378763832,-2.9030560317061997,1.0227508051835643,1.863584703344618,1.2675786379299596,2.794640746319234,2.069042447036678,2.1742460453136814,0.1005502144447725,2.1626712460097752,2.8717545432597498,-0.3852762364589749,-1.20763732471942,0.3891846275306318,0.9357487163244956,0.0292397638500157,-0.7186962886755656,-0.92632059583963,-0.8021031455924561,1.3870794190622195,0.6885264374021947,0.9951510885506544,1.4484975578642751,0.6035861023752853,1.1511999657558565,-0.6022492581665864,0.235960414214835,2.728447797523191,0.4890282823192678,0.3895663786051759,1.9154997117770611,-1.0362862698750668,0.2034561795344356,1.0495768900093023,1.7676797971008589,0.6283766262333134,0.0920948785821715,0.2182756103107946,1.5756461898690115,0.628920241891795,0.0820530253245853,-1.9029240189684895,-1.1469708203344204,-1.550965565013874
-0.4087823705735096,1.356821526707938,1.3056103871846256,0.357727644808648,0.1994585129272652,-1.958030458933715,-0.007082787143565,0.4100167460061755,-1.2482466869884672,-1.1911085478091177,2.250187577592811,-0.4966372163964311,-0.7888700417697831,3.6777849453075193,-1.4972165373174535,-0.622269077529569,-1.9456738761305032,-1.4915025667439306,-2.190785247974824,1.2824270010450505,0.3149578518644793,0.2488017054700055,0.4569521374941607,-2.1997705026937,-3.1316919569651045,-0.9762929810363812,0.198787608785575,0.8419095986913079,0.7980430335886294,-0.7154091907066714,-1.9257372299183797,-2.219807706715911,-2.531989360692525,0.7947544741787845,0.2796045884461239,2.717684290760664,0.8661355864168239,0.2482289174781356,0.6732834186282521,-1.8739135239673776,-0.5495813924960713,0.0947772006360744,-2.090686916372821,2.2806565554274814,-3.426070892850124,-1.1052223621199235,-0.3691751682942462,-2.2140334925192304,0.186816150462396,2.623720123025428,-1.4299431638436213,-1.3338659324272444,0.6731700446196989,-1.3609426131811522,-1.7268273050547351,0.6207840257333471,0.1934118133431696,1.9957900920786888,4.060341954004364,2.3280392923207063,0.6035344403686516,0.1546742110970562
0.1997022922353675,0.3430739545756447,0.1829040538545389,-0.2346512908992042,0.7844497418849264,-0.9682300192289016,-0.0757063263183942,-0.8959574948320203,0.3288678972347559,-1.548894167723788,-0.8365715716144974,0.1224037351973128,-1.433521738612991,-0.6745543640470142,-0.3377040757637335,-0.8752564320085304,0.4613703596393664,-0.3873294174186246,1.405032541731154,-0.933103575097786,0.169470963601682,-1.3452032239708285,-1.0482327385630523,-2.8005016054182184,0.1010298468298729,-1.3107440634684169,0.3054403463948418,1.0855572136376344,1.7103720558643944,-0.8378194935394023,-0.0274116164180354,-0.7051943923931167,0.2360811112458184,-0.3019177488472359,-1.4574442422710818,0.7965335373136746,-0.5036535643052079,0.3143828441818307,-1.093015712653354,-0.5603196766925358,-1.1409251718374254,0.4489540514423168,0.3531100644012687,0.7427670428565468,0.1838838688002477,-0.6973587137224493,-0.4155164362629444,-0.5013553124096375,-1.7311244710164977,1.7855097731812366,-2.205236827930134,0.4800376457019952,-0.7870894115580828,-0.8904907982946488,-0.1070561923794224,-1.2934879842882123,0.2488756257077798,0.4440414089268707,0.5224035277552915,1.5370691307474833,-0.4173734390785721,-0.2774761986031357
-1.6134397955453288,0.4356662660310714,2.1238154907959026,-2.24249632200984,0.9086997522372928,-0.7946551233893189,-0.6396260855642062,0.0057772014972203,-2.244196129848639,-0.3380914055125825,1.3531139942812875,-1.211204789416236,-0.8323965702770579,3.3354800171226406,-0.1144005987207075,0.9634328028531232,-1.938139182898365,-4.773015309387856,-1.029553581592321,1.5758392363979683,0.3569682855479132,-0.0239269415070834,-1.412809437462092,0.4804963076713414,-0.4198090675979544,-0.827940638419538,-1.3293937131263305,-0.1374190335253639,0.1449693242569866,0.4451460271385903,-1.3969249328114168,-1.7067920797593312,-0.3964689501969495,0.0050842976457075,0.5957959264343667,0.162148877482203,-0.861192641304926,-0.4099585282627211,-1.4046273078263796,-2.889473461578628,-0.1102171476184831,0.3019721597146188,-1.023651901747466,3.000485094408827,-2.2586580040917466,-1.1407417789163783,-2.083715962746451,-1.8470576301857111,-2.004520689056731,1.835350044010152,-2.738595069200762,-1.841359145349749,-1.8436530073316464,0.3510175707487363,-0.9886528056957882,-0.2406287512233493,-0.1421990077236289,-0.0642507413195737,1.2173888501478471,3.5006887112095058,0.1206893404546559,-2.712263615434864
-1.140998531548428,1.2023431210941955,0.9593825426995124,0.079346742427922,-0.2103096901956662,0.1753934247361576,1.4441345580031029,-2.8342738920413177,-0.1639404853051592,0.7528393864228219,0.3666908575794747,-0.5899195906193335,0.5871914126808335,0.850283628518069,-1.7804741026008029,-0.1086647367203771,-2.376469680862713,-2.663499924843496,-0.5186897519380774,-0.0591166196493627,0.1686405885268119,-1.8893429790435612,0.8620742688763696,-0.9342471884096984,-0.2496356580972381,-0.0255660400192068,0.5632576642387206,-0.5272088728672634,0.6158468539817759,-0.2031330118058664,0.8456377688564309,0.3962499150979734,-0.9218323349227774,0.7955123441398787,1.083409945713957,0.6236332679037877,-0.6225151093039574,0.7220893452021157,0.4138583903987147,-1.7974051389274488,0.4236206834067646,-1.2328592660705846,0.6940484992627727,-0.2044417062764135,0.5659195994221027,-0.7714114130805186,-0.0423840938873496,1.2192518113535704,-0.4723818574501008,0.350912063907732,-0.1100894901025051,-1.8566181376330255,-1.445075820391602,-1.1901106163238606,-0.6877062640282823,-0.4021028092401602,-0.1461020743793204,2.079609494761673,0.1577439123304513,-0.4390562131133707,-0.093786521969467,-1.8454514739995789
0.5908780289452977,2.60964431581188,-0.4042554161197225,-1.6400562182606362,-2.385171098835285,-1.162753049869111,-0.6149981548267467,0.5453059486028059,0.3105697991181234,0.0633549284307288,-0.6553989777614526,1.905301264577047,-0.3509522286861042,0.7114658103746017,-0.8708534888976176,-0.8803217625983539,0.3246314223156387,-0.8073983748128435,1.9744021689802396,1.252436022610694,-0.7294863332093412,-0.0788754788331451,0.9946384498616002,-0.7671471646224651,-0.5654520154904666,0.6809399251791244,-0.0824963110634239,0.2262752666171314,0.6151517891451321,-0.8264332302775328,1.8072445714134424,1.507117859279148,0.9440121655792316,2.29428717629432,-0.0180340444745436,-0.1140353444695636,0.3223165097880962,0.7283671442370974,-0.6793293451753456,-0.2251193560178361,0.4814147453290706,1.3807304401425662,-0.0599070356893289,0.5635718168755252,0.0255687942162862,0.0320026763032492,-1.119833653921702,0.2864832126362708,0.6280056227343073,1.3638060973486767,-0.0605471001010778,1.506759636184191,-1.3111134700560916,-0.7505155553494566,-1.871569236913216,-1.3461620878441027,-0.1871882974376899,1.759564235270049,-1.46437255641584,0.8649363889533492,0.033278555765112,-0.0109758910362726
-1.6618589185179529,0.9920802844798003,1.0358838148851133,0.3128474840886116,-0.7621342641426889,-0.6343527378533149,-0.2877670776632191,-1.741983880809029,-1.2157619086142897,-0.0169409223003034,1.9198877814962048,-0.7598159908586696,-1.498844529166245,-0.0629729896914148,-2.2240819774632143,0.9065116209602,-0.2462108366085783,-1.0837931073293727,-1.1535188957580529,-0.1069216838250382,0.3258285520818181,0.4367811538638658,-2.403787152055766,-0.4982426291067673,0.3288155666268559,-0.1245809869270593,0.0232678900152851,1.7916813737052362,0.5197836786459202,0.2571892247943916,0.8555335250985373,0.6157940156563193,-1.6922424271944478,-0.5171226620568943,-0.840348880353647,0.1724559930875081,-0.7210894451704016,-0.1815562459330654,0.1964341356507121,-2.155467147868769,-0.5206685555251267,-0.836069905757243,-0.7506652901053613,0.3339399501331591,-2.390992276722668,1.3965780502452467,0.0255013696096413,-0.4001187469291478,0.1808923121106696,0.6443525161178283,0.1568706730222544,-0.2971903691745494,-1.0123294526059343,-0.590596146323169,-2.778967973738594,0.2271299226190346,0.1443254204858245,1.6061911088016243,1.064531556073852,1.5788139057625916,1.3159399343986986,-0.8452772746676949
-1.1064999786460692,1.22216867936394,2.8957141078606905,-0.2274073214899148,0.0692235412554286,-1.6581937746689015,0.1154487905744446,-0.6760259941103266,-1.825741149030468,1.4439074619387449,0.6069718247219094,-1.628881499131429,-0.9349746375856028,-0.6881866710690845,-0.9661115943067108,0.6694450709339526,1.3701218753683198,0.5659112277753524,1.0755690755004634,-0.4505242465955802,-0.523660096194516,-1.8809253468569205,-1.295245712803967,-1.9031324142199004,-2.2686614977640414,-1.3627070271953865,-0.1933711181186257,0.046779936833141,-0.7243967289040258,-1.4395165622413977,-0.4385084424002823,-0.0614486152199711,-0.7579037647158742,0.1422906441865505,0.9574976677410852,1.609012946784763,-0.3276344910295363,-0.0671670618747812,2.336584443710197,-1.56031799541554,-2.139071725700912,1.7719412743030545,-2.021944949159222,0.7421882511437325,-1.8035730175884872,1.088285137932031,0.0932039257215773,-0.6818672578847055,-0.3534242034560215,0.360055067146802,-0.2322448579488374,-0.8632581098559444,-1.2539251540744465,-0.9623044843011226,-1.2411696573054285,-0.3687353745015691,1.2219095830509172,1.6414515816384427,1.3631028139417984,0.1990830221164476,-0.1961271201534618,-1.1823867403926482
0.6511555115921924,0.227227975293914,-1.043194828406946,-0.5328761893243765,0.8995754866468458,0.1153437833400853,-2.0078995656516145,0.3000964939036308,-0.4833466148843708,1.8771972393863976,0.678653595018032,-0.2539855952987914,-1.6081301490515263,2.1477625737853074,1.375357050309154,-1.404658127372119,-0.7131252171700978,-0.5813482678948617,-1.1532336283200109,-0.3065692534309081,0.0749393044141448,-0.2219543763347692,0.2915604367501266,-2.434358170112713,0.1166984891360218,-0.8678394249222197,0.6525603607088425,0.0401133588023809,0.775681800765498,0.2293830248688358,0.6790428126552993,0.0061243813996553,-0.8365239727705354,1.395145583496466,1.2514061512509145,-0.7261518692318967,1.2301990697012786,0.344700958698979,-0.2992495764074382,-0.1380968725670723,-1.2083963023096709,-0.0598542616604245,0.3275655269118666,-0.0457351129957195,1.3952336147603497,1.0844777487563748,-0.5388687286438292,-0.2016029897554853,-0.269315294609815,-0.0691355198422489,-0.0474142748991567,-0.0446753220423145,-1.004596584441564,-0.4812971701557436,1.097256732599946,-1.205533430165303,-1.5502157872751785,-1.9523317054118088,-0.0624895005620788,-0.4246556033410344,-0.8951652312757465,-1.0110354079178965
1.2590830420488242,0.5457025195914661,0.2066190878703232,-0.4486527864734626,-0.9064082999676798,-0.2882519888839754,-0.4803742388561181,-2.0525027973463077,-1.8421826540350692,2.099617488310064,-2.606594659428837,0.0668647888179387,3.01094951757462,-0.7285446181256261,-1.1466316011799491,1.7446796481016136,0.0268843746837091,0.1599445277664242,0.0443433280167138,0.4013091232945129,1.240550612532089,-0.6196716384388351,-0.8467054665775972,-0.4543207991945232,0.4217874518050191,-4.2546064205224905,1.834036297927201,0.8757337406864231,0.1554595416781777,-2.139639031285321,-0.878619501672094,0.4865221739042344,0.8448252252188819,-0.623304387829344,-0.5608951034839194,-1.8573708490600336,-0.4711040934070755,-1.799853446741536,-1.8568618610608287,1.8579922182183823,-0.3855219533371398,0.6191113971949402,0.3921663183344702,0.6601088104732427,-1.1541740933546825,3.14151834216759,2.157179210105557,0.1451076351199712,1.6144061177505846,1.4079067903987872,-0.3431261466599878,-1.696097148217757,1.148261388218634,-0.9549646025007046,-1.3424824287537025,0.3265013684419968,-1.5319381463571564,-3.28801886136427,-0.1963991983237096,-2.128071437926122,0.669626615884866,0.9160084275513104
0.3796755148707373,-0.5424313985847725,-0.1758418050481507,0.1225589008164201,-0.668638707033415,0.0232630384716826,0.6212943456461881,0.1726441724434599,0.8906911958607081,-0.4239006142578645,0.2519485836364035,-0.0777211032732068,0.3069742742962627,0.6986528097559762,-0.3575798849916885,-0.0107420421579207,1.3745555515799106,-1.5223635782210945,-0.9943981735819332,-0.917570257285424,0.722777055846519,-0.7653122656820679,-0.4675910778788182,-2.1339407098761978,-0.96079774832402,-1.647893447166953,0.0625507931316456,-0.2864931535176023,-0.4262694516003825,0.0566498412842022,-2.260759151756045,-1.5410051802436764,-0.5803307437792837,-0.2211868342874536,1.6727789687538852,-0.5425728988461405,-1.2384509282112992,-0.1934546531130759,0.4947364580656132,-1.0112511057001772,0.2613696281053791,-1.4867646352460149,-1.0764657616267268,0.7410994885140969,-0.7217169833572629,-0.5740941240871849,0.3609582604616512,-0.1657356408237013,-0.8988243363822386,2.5717189652652115,-1.9088784986692604,-1.2316593096242174,-0.6677651513150396,0.5795257913307476,0.1683987542129008,-2.545958112176941,-0.4088145393849245,-1.487401322559221,1.8151187365783543,1.0414376878503262,-0.2998772168424675,0.9435515362214524
1.19020367007253,-0.3994051505944156,-2.1255191218886957,0.3257221033186543,-1.3318400324725324,-0.4286124666343202,-0.0940598409971697,0.4964123599432607,-2.4091570979265464,0.5341406872541098,-0.9046293714688828,-0.8168323073400904,1.3251992624254598,-0.1552321041195303,-0.0805980176571034,-1.5182834519507051,1.8692318800151968,-0.4858289681480507,0.5094048308142992,0.5660065245645757,1.1938816133070107,-1.5723582386973434,-1.67851781109587,-2.083437323338288,-1.157843533086253,-0.1541719883808625,-0.4378361907662258,-2.1474617979453194,-1.0382559778204716,-1.5602497750050095,-0.4055997253342149,-0.4237950319146781,2.837776796587332,-0.6289643056480705,-0.4929686962522183,0.0431248395456465,-1.313529790473199,-0.9877680291749482,-1.7864605779141305,0.0725527809947754,-0.107571515407834,0.065473713649541,0.3203797250490561,0.7235933620687589,0.3456495839775986,2.1455015405240987,-0.9658079740191904,-1.4685771040296212,-1.922981066266096,0.2455660270937183,-0.5369572415512636,-1.5970899625282604,-0.8369125353376208,0.1117251967751764,0.4791399404122053,-1.0197850480555115,-1.1796675766225737,-0.1595149052372276,-0.0984070880412902,0.0951444341954115,0.9123458538475288,-0.314903060862762
3.053444778191308,-1.1276915341608065,-0.0294995186025186,0.9148996437749785,1.1757677813765404,2.4626363916752494,3.6620102669167545,3.0730973811164297,0.8458912935588299,4.642454196864813,1.2678868615198848,-0.506026740881392,-0.042771038759652,1.2873623102744185,0.2586307814714941,-4.226154026655194,-0.0743708387338352,0.2125992307158007,-3.80201079190084,3.1454269205441028,-1.926090632086372,1.0228433993771626,3.4111771524316947,0.7784084812255725,-0.6898053861859939,0.2154086538693203,-4.494605267488441,1.4846739538969629,0.3297627069397145,0.820458099286996,-3.378689058930695,0.1951966729861021,3.010716385290348,1.736244380930866,2.585657707789339,0.7083235363651983,1.153222923632577,-1.3870020454119798,0.1138457168478054,0.8804591255814553,2.1742897614312566,2.5896594079990893,-0.6031760062901464,-1.8886980810583536,0.7452486878960333,0.3387724626312796,2.644242579074616,3.616500638896642,2.391872226177505,1.4438479876443489,0.4557636676521541,1.446314231330579,3.3412923883526124,1.9003563971790047,3.209575756588179,2.570253947147348,-0.9928170948690518,-3.117438381466332,-0.4308333393442392,-2.5234234954423997,-1.2008482627160018,2.9783188608037654
0.3040027467114436,-0.0286671205027601,-1.308512656470212,0.119808568759846,-2.034417103135924,-1.155796188437621,0.133291106109908,-0.2713937847791678,0.9391859602799072,-0.6298438296562653,0.1558911394893633,-1.005200235614059,-0.3393387197444131,-0.8581515316887555,1.2843132954024106,-0.682882094606212,0.3176420962570926,-0.0173967637163752,1.423247160424287,-0.2680540878876249,2.119030302457785,-1.2405347321498668,-0.4291479118023751,-1.4868373843756086,-0.9623663421366304,1.6698576746231248,0.8095574953993175,0.6361342178141983,-0.8865680557729422,-0.561812984889946,-0.573078543281381,-1.1861532840057114,2.3064482876404453,-1.4059315038044835,1.3234929382971237,-0.6263179238028109,1.009832407755681,-1.3051579676973852,-1.1005023339727482,-0.057858601351619,1.2065461505324904,-0.0343645996821504,-1.592207572518499,1.7276466059931506,-0.0409587881744787,0.1902817458804512,1.0546710674789237,-1.0570428846374758,1.3899088328260083,0.6357494655627708,-1.5462077073973313,-2.07648076850536,0.911416465112054,-0.3013985644579489,-2.0499065993194696,-0.8882847522753606,0.2804154350022569,1.501109780268419,0.0205773769520887,1.7688326855465788,-0.5128487751600224,-0.1680080947064813
-0.2204805616940208,1.3930021706602025,-0.527189116725268,-1.174800935079117,-1.2578685281850166,-1.758654560373054,-2.052884653928228,-0.1096810957941011,-0.5814863835994415,0.1224742786853951,-1.0618263606980198,-0.8335430794868814,0.1489580085347809,0.726226081806383,1.6917083350912376,-0.0298721848160149,-0.7586994400303101,-1.2312122779896049,-0.5995558053969057,-0.0655765155960398,1.4943926074515528,-1.9930972833894267,1.2082799588541766,0.0695278168561586,0.4835436826591507,0.2100285673361531,-2.356272059563569,-1.3084936561784062,-2.0304119463729133,-0.3861659597184966,0.6491515152640652,-0.4743870377331914,-0.2266332009839258,-0.7097318003742279,0.1152394910497496,0.0250195729316285,-0.5923390749505242,-0.7839696331234499,0.5153390576470916,-0.6896367253326483,-1.4837179982041475,-0.9097334705406248,-1.1439135629599673,0.0229781330419113,1.4942064215617117,-0.2304581890764575,-0.2761920086080498,0.2648629258412933,0.0689856771186206,-0.3923281605053422,-0.821661401463537,-0.0286990829011288,0.1931599439812423,1.3027352879734777,-0.585750949030525,0.7675104904368328,-1.0333977220730273,-0.8844389551997096,-1.6330237793112985,0.1043815888264503,1.419895079808199,-0.5840988273414817
-0.3226044019729251,-1.4222959291069268,-1.7031210862837898,0.0536044961208123,-0.8527948295389671,1.0739156535674592,0.3757783466396109,0.4497829265161007,1.084940015865701,-2.179088639001127,0.2086455942556198,-0.1209628483104368,2.185597214628656,2.311776558261407,0.4526831374156241,1.1334480023032532,-1.4554099070431925,-0.6618099596048953,0.0591216098192806,-2.048085614608996,0.9829994037347294,0.3182543219116362,0.0472714511032833,-0.1403014019641563,-0.5469009706925391,1.7446599550690514,1.704818206859573,0.4908576439257492,-0.6077250807802068,-0.8838612197763557,1.2444047820324822,-0.569202127417683,-0.4917909725272025,0.9568932398771312,0.5786216435531482,2.1025050085783623,0.4540118369288217,-0.8998365849852037,0.3796807812399931,0.4869294448498752,1.7863813117650444,-0.5741231893544034,-0.667839275936523,0.4551219848308804,0.1359056379813903,-0.2773244416833271,0.6629245171353588,-0.5242575439953063,-0.226388604379963,-1.0023487971344054,0.8792516041225718,-0.3318906663681,-0.3519295735438758,0.2632590436545747,0.1139181859812127,1.0189846853716125,1.8219590584427523,1.0889942845484353,-0.0189640081256679,-0.0887469210037946,-1.8339839790130168,0.7874551915368525
0.3149394390329477,-0.2201976238855098,-1.4445008884802042,-0.8667987216754449,-0.5737683193297336,-0.061345233092549,-1.2338938477309562,0.3858727092209879,-0.0605389115256396,-1.0292649456775134,-0.0227160965769802,-1.6089002419946192,-0.643282087516693,0.3070210082999022,-0.1984742195907096,0.5327256754296855,0.7084273706692863,0.7434655897912901,-0.8025742316647081,1.2336357165276353,-0.1044285309338363,-0.6072856570291817,-0.0538407985274365,0.334383178638844,1.8416708827164752,1.8622011743926576,0.502253500089923,1.9292587045899607,0.2301189985477798,-0.1411806175101135,0.8996483079716948,1.7918318137115756,1.6783816887526806,0.7558773562888297,0.4377944638351242,1.3294327201227576,-0.3180585073795539,-0.140981421294796,-1.8498362049952368,2.180225344897063,-0.6747766537442791,-0.0682949016607532,-0.4716275745924848,-0.3474143501575888,2.342016256091424,0.2501857005708114,0.1428766732878316,0.2436468287398881,0.6308779731993214,-0.934220026484098,1.8415223543618928,-0.1016813749620375,0.7333330491234225,0.3197827363067735,1.08232269168155,0.4247508616402862,-0.4064415678799964,0.2537416449433345,-1.6390053395717654,-0.6648751306104232,-1.7543740924690223,-0.5398271959727687
0.3847709901652679,0.6149369423498692,-0.3855450932568954,-0.1811227244609645,-1.3609671451367786,0.0977287133650849,0.1012228578140892,0.1661935307256693,-0.2150681836164729,-0.4744646136437945,-0.121062591041033,-0.1214823862035488,-0.4241802630331992,0.997920907920308,0.1031956630085861,1.1278560515844591,-0.4102038261647521,-1.7306845976800629,-2.065355313192396,-1.6909798868796868,1.87921435526006,0.8266385091547813,-0.2161058134319758,-1.1822530888503373,-0.1119132212020985,-0.6022377281984942,-0.4122058151556664,0.500289226402472,-0.6774429612963616,-0.4828173303819715,-0.868293242963414,0.359489952146557,-0.0812891588881101,0.6883408058222776,-0.4503760770477842,0.8007043611140243,-0.3974421513412142,0.4136022746582241,-1.3978333197515171,1.7917107016607436,2.0908038405558163,-1.4411784076764942,0.0804704770210745,0.196852264369551,0.2736368713538256,-0.0659836778826384,0.1308704828979393,-0.7602938931993273,-0.9200809003840202,1.4050650174409012,-0.52814661706069,-0.5612945930922503,-0.1549436721642976,-1.5982365341808014,-0.9169006101598268,-0.741045158270768,1.017715325049081,0.8644180227131784,-0.8046053354437346,0.5465785385671514,-0.8406655414872287,-0.9518104027398924
1.6225169309959278,-1.205003870954361,-1.992019597479989,1.1996555318148068,0.0229676405840499,1.465824166407853,3.4746496821589803,0.7039654884668695,2.9307540847342253,1.8262697168784647,-0.7261372896077385,0.5858372118772378,0.3903006824354332,0.8707594354646615,2.085007721680536,0.6048140505230589,0.6421415431644163,-1.2074928446009303,-0.606781941405662,-0.1467394269726232,-1.67734348411697,0.5110938146409496,1.965613774547358,1.0495893277568704,1.448695686801705,1.8081514420240128,0.3565047957886109,2.263048567740832,0.2435128053295886,-0.9211646557375606,-1.0738181416559374,1.009839461520736,2.9712452989438707,0.3125368613147928,-0.1854718261933206,-0.1072352840681125,-0.8607493183415704,-0.6195892056669818,1.0363493988242598,2.3931877865863047,1.9540422124168049,1.6942750497129144,2.4076205899314207,-1.584950810618391,2.497284366934884,2.510784824858375,0.9482050246539646,2.7156195297819306,2.631868957837629,-0.8538610068321095,2.7717336973620545,0.3462519936743122,1.6482758207878334,-0.5877182985028491,-0.7165030048825147,0.7870152220072361,-0.6177124334428435,-0.9190605512157414,-3.6415041708502742,-1.034319319804031,0.9734575595318612,-0.8161773426326074
0.4618730522530164,-0.9572164218200616,-1.153449328564215,-0.7860573892502962,-2.2176276321247177,-1.507435237732102,-2.2034431499483595,-0.4634641008511454,-0.3346702008851515,-0.1568115292204761,-0.3910605249129287,-0.0034792616823634,1.3650098920720404,0.7129295293723819,0.9631430971945584,-0.604381025802558,0.4889357584831343,-0.4642292522386561,1.2034536233820177,0.4155060164528144,-0.2709926173420509,0.4542964589596664,-1.250393368211144,-1.6398394664845626,1.153820978948734,1.927709945445804,0.8093480291091446,0.7078537615771799,0.4262768020578557,-2.673680482220377,-0.8222630265665309,0.4227939479381479,0.7403755209715144,0.0601056904953813,-0.5428375149006013,1.1261534142491332,-0.5948864153737807,-0.4626192132919013,-0.0399425182279298,0.5046855330429755,1.2365586618154984,1.6229551502372763,-0.3963329978922841,0.8805980430668947,2.3401401344604102,1.759318575079264,-0.2987616313391685,1.605930835470514,-0.5684342471625783,-0.8419002991848136,0.2636187538904242,0.2313294010822741,1.1445422533213438,-0.3535290378291335,0.4589334229044018,1.07201223303725,0.3634681453985977,-0.9777308568796752,-1.8902711010897224,-1.3081758163081945,-3.212060498932085,0.53978094949008
-0.3329557640248053,-0.0713852370157608,0.0093360537411,-0.1682480556788653,-1.0153408307603264,-0.0373919531544145,1.448896834520855,1.5067337165367756,-0.906950638304484,0.2501644893464412,0.3340802362596538,-0.6046627063738185,-1.3214897119105498,0.3628851848441771,-0.8398785531812929,-0.2440306064304132,0.8881961318628117,-0.1106164649234084,0.5756248647617253,-1.8804522884809107,1.2814967074754318,1.558690352750388,-1.527650754167611,4.777972136305168,-0.6376737836035278,-0.1161086824629538,-0.2605080560141889,-0.7982971539098322,-1.388892537011567,0.6960924195161979,-0.5719783645547017,-1.156756196658863,0.160237994458499,-0.5920978307485478,-1.9429326599920111,-0.0190625953506562,-0.2570318950607371,1.0785736630570533,-0.0492724024763655,0.3420376908587395,0.3823308191720618,-1.0494181119412338,-1.177030559331747,0.5331024630769853,-2.8674789971239845,-1.1123374141285325,0.770157339220091,-0.3419715426127856,-1.6492018348740825,0.1455049496961179,-0.3719749925720356,0.1785874573692271,0.1246557782927953,-1.0161714821088788,0.3815366741375662,-1.4209301726682404,-1.2500183567043748,-0.3984721929593062,-1.3123618258206404,-0.9800959500566164,0.5406301141302354,0.2712088266175363
-0.9459218910146672,-2.386930267571456,0.440261671428673,1.171962508534084,-3.08527647424233,-0.6090620810185958,-1.0495774175277546,1.2207133592917854,-1.495688384786649,0.2684709900850917,-0.3391230214150491,0.0034485576479276,-0.3265849088018409,-0.4588354888907876,-1.392961116265669,0.875629734088257,-0.1137659876666081,-0.8255275923128027,-0.7205567156333839,-0.837609983995419,0.5327913323618411,0.5841334184460454,-0.667564236757527,0.6062700547411347,-0.1753293583531277,-0.1201850613310593,0.8067368351794499,0.0892366524407621,0.1218740771681105,-1.1826299202628128,0.1865767091938965,-1.6247570832984193,0.6716926854879253,0.2529504493645373,-0.3281530332524299,0.0341194331352139,0.3373973169843055,-0.0379339852508275,-1.6984846285135395,-0.8974632648904486,-0.410071998215137,-0.7221129922126379,-1.1827363869147778,1.993973209283082,-0.1072166823407168,-0.0901886786838453,0.9210851347524311,0.3050175439562454,-0.3493652934381593,2.1120339499237217,-0.3788314598549047,-1.1047052862788422,-0.6118638650617737,0.5390248250444248,-2.17743191985812,-0.5993799561768922,-1.0353775171662007,-0.9831324548910098,0.5623541138475461,-0.140099288028089,0.7184122414140917,2.4887786195290733
0.6989325671202511,-0.215742908570403,-0.7553842515120875,-0.0366659925503462,-1.4546722740006088,-0.6349256116253535,0.3772685133783351,-0.3858166183098673,-0.3553155093655766,-0.5426802631828103,-0.2734127252327348,-0.1054659362710546,-0.3162510302475172,0.8499851643946448,-2.348816983008222,0.1444224316717326,0.7616824753472995,-0.1137216732880461,-0.320387695500141,-1.7926522861341,-0.4524311740862929,-0.3545544879218071,-0.3807230882531963,0.088849046758464,-1.0709170766006475,-0.5704866479734192,1.825656532573407,0.3351505802205854,-0.8541932398481722,-1.2769112596267889,-1.205313596855865,0.4139500837505069,-0.0937262540367497,-0.1304975790381645,0.3299701826798545,-0.8786838524140701,0.3747717037701745,2.0467620471018257,0.170876936325804,-1.2151502354415609,1.345241442192666,-1.8984836129182283,0.377413393580823,1.6596878732854845,-0.5217235892533206,-1.3728476934451852,-0.3876603544303032,-0.6957016424410459,-0.482951270887074,-0.1396620375799707,-1.6896679516906978,-1.114900319355439,0.3018866822837764,-0.6683605570111903,1.1656710412991345,0.8423246263364317,1.1792824479923976,0.2986746514989874,0.4246322913739709,-0.1510846406443898,0.0070749113413567,-0.5737970664686612
-0.0052445599748358,-0.1244465684205876,1.965616545358808,-0.2746634128638241,-1.7927740252514497,0.5969852547095699,-1.3761035063811484,-0.4595526846389941,-1.1027316161383989,-0.3331607795147085,0.0060618834892269,-0.1706327491544495,0.0324302152873958,1.2584142588596507,-0.4786747442481538,-0.4977177999246658,-1.589834998959256,0.2815476407492305,1.3176816598956078,1.0010214972642892,0.3524838532515323,-1.1173307975566789,-2.048585561111631,0.3753290930384716,-0.6085633585793779,1.658997620648955,-0.6740832822299968,0.2043582933844014,-0.509473829349093,1.3014429211951402,0.2500210632921367,-1.1561000097208345,-0.0788028235529542,-0.8353993761356154,-0.7773830479041546,-0.0216642347574129,0.0215105623249403,0.749746302078427,-0.1689875271684075,-1.3213152963384038,0.9453210500764871,1.560872350181444,-0.5281460694400948,-0.5106859952807699,0.2177717900887787,1.5348623750219543,0.6774998877261088,0.1516217311444494,0.0324547777098924,1.623093807123712,-1.346112287286136,-0.7552209631655898,-1.5508534680891628,-0.6768895205354548,0.2066953878440306,-0.572065923691243,0.8714232539770295,-0.4109826387768977,0.7519228597530415,0.15095214952055,0.5383969795345327,-0.54594360836981
-0.3376849542035318,0.0188972200729687,1.354402540070451,1.26458375655886,-0.032251933160531,0.858730481950335,-0.160022712839605,0.5278130477364802,-0.8090820764596957,1.3705116594450188,2.7380533735463928,-0.6813959284035427,-0.3011322484127025,0.5909410823567608,0.1834806148149027,-0.9981441466772656,-0.338413143481314,-1.9459339219715552,-1.7586384829905604,-0.4218559708320664,-0.5884765774864453,-0.984697663598882,0.5329071367162527,0.791993598078828,1.326314381680609,-1.2388689224156235,-0.2125691301986019,-1.100745987862812,-0.9761040033277034,-0.2450694393735659,0.21450225967255,0.2594169052973273,-0.607546999747508,1.9636718300916904,1.3638471652434392,0.4492694802304068,-0.3551603500051529,-0.8756624390717207,1.0792559831051856,-0.9400313619217742,-1.4280907487336056,0.778370540491538,0.2475087860788588,0.3103595679457783,0.3961692287014476,-0.1102060012568912,0.9247990153168184,0.4108123254477802,0.7483545830299339,0.612677885865154,1.6649531306170486,-0.6801409705114736,-0.687010303314543,-1.1703530942641749,-0.4189846896384436,0.9548070898524684,1.1248215114885038,0.3203712273152944,0.3133671935991779,-0.3488588984987048,0.6418508539751429,-0.5739232657913653
1.5987095854800517,0.7040508731049264,-0.8163914924251946,0.9605141495265485,-0.1022744770502506,3.251172872459805,0.5514598362979064,2.236280760727858,2.00482928959791,2.79164258697064,-0.3592785490723007,1.192232132015819,1.245275787886306,0.4764725878978921,0.7497768956721149,-3.102142699549744,1.1152457906737574,0.1664457813104296,-0.3915984182785733,-1.985937763133092,-0.7093656213704083,2.258546824432284,2.548280808091072,0.9720145414570248,0.9160708356758906,1.748936267560401,0.020476371358631,3.6032348012937936,2.367226531704503,0.9420773838511552,-1.2341919218428568,-1.8505455569728664,0.1388631072580458,1.1482340946934513,1.454608693328404,2.092748131904872,0.7804865436008521,1.66565416799773,-0.1002551935095066,2.026835971081693,2.564048421719472,2.0462041537712903,2.787694319981246,-2.9799347468042043,1.5730913084443925,0.4576832578176208,1.3722025486613352,1.3496590657594392,1.7304642986527607,-2.0069575490630824,1.7416571129798308,0.7060238292222256,0.1679208099322247,-0.7222074225587305,-0.2439476105323184,1.5349718439320523,-0.0386920404189983,0.4870805382878829,-1.8369889347146449,-0.8088783852923617,-0.0845211681033534,-0.585956621753695
0.8981566092475755,-0.2450740993884617,0.4765333230236356,-0.4591524039495283,0.0712283577153813,-0.8052283773480748,1.0508337355561312,-0.1301545292643567,-1.2636500137000133,0.2864724649201599,0.3448029940563976,-1.0590454113049952,0.507881097118984,-0.7753559932200377,1.9697542959074528,-0.4001024195231824,0.683879456871719,0.999334202028712,1.9510558128388384,-1.1320634296891916,0.3492905700348643,-0.3248525302257757,-0.5420356141847911,0.0494180070334516,1.177062237848458,-1.1031380171981038,-0.857184092997521,-0.2663536645809917,-0.6368653037727496,-0.4834939772651675,-0.4024853366307641,-0.3696331091596757,0.8769919671034261,1.1200392032802369,-0.4557985669482969,-0.4851784179014761,-0.426579520108365,-0.5314115557023307,-0.6456258774231326,-0.7086444886918187,0.2404784005474307,-0.3089761576909759,-0.9817151657509988,1.855672998689408,0.3671310659997367,-0.0298507933429948,-0.1035394446521476,-0.3245728617385845,-0.407823383073686,-0.2280597555316487,0.2757254368524869,0.5202238994084954,0.2101726499307606,-0.4208153405619989,0.817740206328791,-0.765270915153369,0.8005411452465954,1.9551141424899483,-1.352854070018275,0.8153046573566836,-0.2609925826303131,0.1280367452682319
-0.3659400786132183,-0.0841812368728738,-0.1575764730185751,1.2642332362919912,0.079372404373126,0.3257197086921338,2.3137641075205035,-0.017338709145298,-0.8779435303918394,0.6116631891867718,-0.0112226917950497,-1.4834319387120636,0.1064542324597802,0.3987433335925969,0.3777276470029745,0.5358727289821034,0.6621328558791326,0.5967670586073347,-0.5174843266941999,-0.7945627316831323,0.1106548401376195,-0.0300061126444128,-0.0677002257621903,1.000337437121176,0.7191626734476437,0.7176682211326336,-0.1979303936385735,0.8585560277342676,-1.268305454585443,-0.7809036159542524,0.0055153326348853,-0.0877187979233432,-0.4242452209928449,-0.0181495209788517,-0.5545154418878804,0.7477198761771916,-0.3034324714421305,-0.969661779483099,0.0247692166977823,1.1439706851544864,0.3410633518439185,-1.572968465340308,-0.2647888704956992,0.8298309789981726,0.0497415598857173,-1.052795412006835,0.3816515544550559,-1.492495862729571,0.2842438595737735,0.6233002687290308,-1.460412737326835,0.2784761216016957,-1.8123478517681424,-2.234376512339753,0.0612142196209296,0.0030218186923151,1.7631003108602334,0.8079328695125197,1.3879056329502208,0.9775142496819608,1.8146107843144803,-1.5019190236060307
2.0941542089913527,1.2210352971794534,1.125968267106891,-0.3455567825707131,-0.4065181252282285,0.3238899948944027,-0.5265783886312145,0.7045817223152013,0.933622276328578,-0.6171796304063042,0.8505876164636328,-2.380562249487129,1.685360045074836,-0.4910203762659875,2.5188948629309897,0.2651058464255036,1.7271981094068507,0.1166729637895679,-0.1104389897141822,0.7023295743763291,-1.890626038194348,-0.0745463085643384,0.2673132341846471,0.5284018787061245,-0.4422994620124222,3.186407993665437,-2.554001208564494,1.5731511374911529,2.561851114910764,0.5754373278400264,-1.6479355786518162,0.1922620923882192,0.3736810767116517,0.1511438498250465,1.168362214357562,-1.013546459108335,0.4646786793319314,0.2587125631053506,0.08481150602975,2.374489064822276,1.8865970233568945,1.480151972311227,-0.315983655057136,-0.0059291789417232,0.4231956319000582,-0.4273998876313646,-0.8695466629329156,0.0422054875255057,1.1457578225078169,0.162958595425758,-0.4138837597751896,0.5008784379225268,0.0640164855264116,1.0469441540784552,-1.7881317895710824,-0.057086787375245,-0.7507283483753086,-0.2860337939931747,-2.514651640034545,1.4511471161511853,-3.816077563339761,0.9870573308406518
-0.1532510817563525,3.0100163812162384,0.1316677855779232,0.7281648126967795,0.0668134563033122,-1.7400474036217517,-0.7631765080023053,-0.3215122923638823,-0.6405778405255369,-0.4673819182249759,-0.079129936133804,0.0048650362094949,1.441225140547309,-0.7199805329162018,1.2435547922148582,-1.2069716070279286,-0.9807310917215706,0.1966298462242715,-0.5780181831728958,0.3061118511366723,-0.106634866710826,-1.0055208314030912,-1.1114852172470524,0.4738635076320846,0.4838066770496553,-0.3090906368033894,-2.1673224329653085,-0.3349469947969417,-1.1391990422870202,-2.1327085072553107,-0.1668429440866607,0.7768583135783432,0.3844531138376046,-1.7010504261722834,1.1194707809379594,-0.2463269691352973,-0.2178003238097362,-1.517181723527041,-1.4961018653659677,-1.3380247009643331,0.0599159841155866,0.77884191054643,-0.7236733777558729,-0.1040445281591575,-0.9057579873927744,-1.1369164710895838,-0.23938530558399,-1.4882174998989943,-0.6871331205475232,-0.8386262335098876,-1.4150314168785452,-0.5814066845971587,0.4183451917707265,0.5457165762519937,-1.5924003043198145,-0.5553685908688262,0.0748089624729689,-0.8965330020252819,-1.7913352676773988,0.1894023463801703,-0.3610111426153669,-0.5450066403645473
1.2316544073947608,-0.0848526349076272,-0.4073204817338033,1.03146316800563,1.7073063914484947,1.4215121826326067,0.7251462216040554,0.3707048797941763,-2.111857893177433,-0.546831151979488,-1.6307172565441697,0.0286926475270526,1.9128735317214849,1.232935618043827,1.2634678127224213,0.259655216284251,1.1354246740722138,0.6220310269671866,0.2856589310331282,1.2733241555203103,-0.6367490931461021,-1.793021970386584,-1.171358901146808,-1.5154792789541125,-0.6168675079466668,0.5535657517447587,0.2671335725336363,-0.2208081154253142,1.5412778004548282,0.1432846412106677,0.664485604507921,-0.9413711264662974,2.6733206524577096,0.450211742939339,-1.154085779807278,0.0270777136757146,0.0963114366461679,-0.6532735355760871,-1.7181969942302993,0.939200828564294,-0.5107292529736573,0.2391879750406407,-0.60437325622628,-0.2638052953898349,2.9538756865283773,1.4579683904525012,0.0885346510160818,-0.2993527141506357,0.6158031707602268,0.6887110149533303,0.5249955318984296,1.372745626033335,-0.7244372822093634,-0.8114343285567122,-0.8099346736510563,0.6579319660791576,-2.115914008447332,-3.2824813012587395,-1.3999332693162645,-2.433626610611161,-0.7717887758970331,0.916530738753437
-0.9607315565116508,-0.9940158943077296,-2.0963907032845905,-1.3248572874678364,0.1859229509299657,-0.6431969479049464,-1.093765780304317,-0.0789519093724735,0.297181276444458,-1.113194901469874,-1.184588602386673,1.6485903285687018,-0.8916540942714943,1.2249609434362112,1.912785978885548,0.8305807005419593,-0.5991401466555758,-1.353872980797544,-0.1262400960389398,0.3528470916319028,0.7749414120500453,0.3551906420505051,-0.6414034644763698,-1.9569530755757636,-0.1164184716907516,0.1262490913306171,0.9395927695781254,1.2792989289054877,2.0034677544108246,0.8107161314603533,0.6321681606331893,-0.719245937076429,1.0259743768480043,-0.3565676919766286,-0.0231993127962358,-0.4503040615542674,0.5361454125000216,-0.3251223226510678,0.4470250707326139,-0.8602676226767338,-1.5043524250133078,-0.4718405540405833,0.5842890749857117,0.7325301603786919,-0.7010519050730828,0.010843477359363,0.366261960871641,0.6304110742240239,-0.6839511502511246,0.6593523483325148,-0.103878010014517,0.2731821695784471,-1.2611480145994554,0.0797411269186785,-0.2654786965054225,-1.5909555651761726,0.3925478885420613,-0.3976328557828608,-0.8697970792112919,-0.4402547530400206,1.550424723643307,1.2546562124807292
2.0929677601426144,0.0565235284517777,-2.207343987490581,-2.0789206346236924,-0.6588462453337838,0.4372388552906315,-2.510159800923666,-0.1163996958083719,-1.6789786870668229,1.058736302600205,-1.1339536796095602,1.1136009267435103,2.1746413570800023,0.1977709957699936,2.483069761526795,0.4606676849911155,2.471920520482408,0.2309353175141735,2.7138552137419474,2.9444643853024264,2.1988874469637016,0.7410864802179999,-0.8706603435936277,-0.6647740917674068,-1.416602630734498,1.3247680099274262,-0.9921331979503852,0.3134040634763284,0.4579407954809573,-1.8307748566848383,-1.3183302021917995,-1.442351803394957,3.5352205068495386,0.9280105155955772,0.5924322360619407,-0.4143827382335014,-0.2540623365983966,-1.3252490669481771,-2.561819708957304,3.600743120835489,0.1780647985068447,1.353129612005551,1.641188270794491,0.2636397446456421,0.2386586601243792,1.2241286268370064,-0.6520554172779813,0.2191169442318633,1.9085546080561917,2.496608409643259,-0.3877745776410971,-0.4143020412189455,-0.6929427476880341,0.4326628182230319,1.0707637658806042,-1.604015070268548,-2.9379771581448697,-2.9033930216473207,-2.8126906143306303,-0.8599017411515455,-1.5325683149595948,-0.1488527734005786
1.2523051631947415,-0.5134979497720398,-1.986055935792228,-0.8947125383823504,-0.4638054671334011,0.1857110842992701,0.0367339347693695,-0.4791165342390515,-0.8858072382345804,-0.9640945390575132,-1.925636136757492,0.7594436561638471,1.1334944980014063,-0.7977986228529241,1.1933515681205424,1.0508150124664453,1.3176754166058662,-0.4411905416124618,1.933401964545523,0.9810061129668226,1.1644506422782792,-1.3976907246272,0.4290928326753809,0.1382314293376582,0.1411318523363166,2.024618360043265,-0.2463329988019126,-0.7133045945392488,0.4113148045837804,-1.0968058703704933,-1.9817125058829428,0.2488043765033062,1.575306845028959,0.0617435235495689,-0.9128926869559616,0.2119070276033664,0.7027542154854463,-0.74781159615753,-1.7726945294492749,1.5449888002722316,-0.1175991037493325,1.1657211044232825,0.0461394850804878,0.8423620773043148,1.3075242020787643,2.946246094892662,0.4353638614999741,-0.7000389993448651,0.386541599460258,0.7302044331411103,-1.105247023146469,-0.7906214927129278,1.930756424740028,-0.8627039465982143,-1.076262919875593,-1.4721227872871705,-3.879454109828111,-1.5011892386494408,-1.4906394283965847,-1.6526694443778425,-1.182655486523254,-1.156656682867368
-0.6166880910769373,0.2061089282826718,-0.7991897151488738,-0.2110749103808883,-0.0489629771248797,0.0686443789328342,-0.6975141701564704,-1.3081733803598616,-0.5538834335153024,1.1073968679659556,-1.2269867760330992,-0.8232328580930162,1.6186685231432638,-0.8993242139079782,0.6042421060482808,1.0396638397559912,0.8953474082937728,0.5070724802880294,0.8821803633912564,1.7937409789901169,1.8244324647680787,-1.1606348456053703,-0.5546187326224858,-0.0694957054769619,0.4129352233283486,2.3367835504207384,0.2020332600444484,0.4808202880199047,-0.1614482093367176,-2.5807738035050294,-0.8939020464616874,-0.7204485629571389,1.487381568286271,0.1246714637989307,-0.0947838424097577,-1.8974673977649348,-0.0979507389064723,-0.778053751989013,-2.64567221788453,2.0023876944680783,-1.2283839140565518,0.7296578084427234,-0.0669098009512306,1.1433264686297828,1.6932493167475493,2.885815408321579,0.2993710308357556,-0.7899398627896576,1.0239190038751351,1.2740033582731551,-1.5063296220730371,0.4927760007854251,3.56940671260294,1.0651503607861017,0.16447548824119,0.0284805363289899,-0.4235234564774489,-0.7230251963812435,-0.5990823629252229,-2.002479656029333,-1.69430170064151,0.2628607151213943
0.973863345454625,-0.4284769393921034,-1.46641279583259,0.3106391400588181,1.5897528187023977,1.1778917022709148,2.166403075060882,1.5994347194030032,3.273646385054892,1.2257640552180151,-0.406538624956289,2.584995442348544,2.8317420485542644,2.3765565654132086,1.6506010465015568,-1.0149788309009269,-2.436539761246289,-0.7028509403330564,-1.898013173613028,3.4058787091979266,-0.8375638821953659,1.128267921353022,1.08492767568211,-0.4276018358653571,-2.7649713317857976,-0.6178789296609299,-0.9590578292981062,-1.380885052374918,-0.5272088599247265,-1.2452231485950314,-1.9447792447228525,-3.3719396906354167,-0.187029801567873,0.6124077443433464,0.8316665079354413,1.9075149691043656,2.417682010223848,2.012139021906669,1.122620613786129,0.4059819363728388,0.6439829596093787,1.220958910217255,-0.5546717556866066,-0.3727778221787323,-1.102449788799127,0.3979184843135169,0.6855010551626696,0.4599470620822412,0.3276159022140942,-2.2164044514427443,0.957568638543129,0.3310046542582759,2.561920708202191,2.200530114389456,1.5196868193437485,0.6266576439209297,-0.106460447520933,0.3293300847967326,-1.5555949695603255,0.4956179362796861,-1.7424370733492782,2.3577817129242966
2.2197864458258363,-0.8222003739357833,-2.0713439793370645,-0.8060956167959175,0.3386787323322746,-0.5668195261742929,-0.5166636057976971,-0.5239088264769582,0.3326465437956083,-1.8638018747447416,-1.899271794502368,1.241616906966335,1.1844212617610397,0.206130560935388,1.7806420687811018,0.3266163148264816,-0.9155433894953888,0.7052772317593605,-1.558258485752562,0.8255737316249852,1.3466360596152274,-0.95950601855684,0.5753064723847923,0.8229972638304904,-0.7141407028988962,-0.1899605185322038,2.1075825246966438,-0.2837804546541208,-0.0995964358269557,0.3813629634886957,-0.7719350202646994,-1.600670052895739,0.4802950624175434,0.1941912276612603,-0.7234963686791377,-0.1668296873751591,-0.9924084122161184,0.0986061891191244,-0.6853709267228195,2.861252788289045,-0.5456181483673748,1.0135234650476002,0.5800096998627201,-0.6833329929883443,-0.9307009284651464,1.7280245869209252,0.1284884094074762,1.5159822316034377,1.8432521181084445,-0.4073773270471184,-0.80088449409963,-0.0495460708095403,1.7612284583065407,0.7054163442168071,-0.4583562131682029,0.7946052719643151,-1.8505956466160192,-2.886328965445508,-3.0737667217019213,-1.9621200592950103,0.6623402594133765,1.8545791844580903
-0.3901604838357052,-2.716382561166832,-1.2746258659103178,-1.6650529523245614,0.1689626080695896,-0.3842822867119667,-2.08980191101044,0.6059876866986578,-1.8969795470578417,0.3397602492217813,-0.4949395723163877,-0.2612496637191006,-2.5048052903056512,-1.6216276173933657,-0.7500913791508149,0.929409236985458,-0.5233072982670773,-0.7220357101325751,-0.8496623747367765,-0.1171448607455337,0.9231954223633806,-0.0603836285624985,-0.9953284268357544,0.8809090314204441,1.0537558658821655,0.9317566144356564,1.4509708862520303,0.6875137174828507,0.9310633021485384,-1.0184353919363662,-1.5952009789792714,-0.5526551171449933,-0.0075254930008592,0.0185055204626062,-1.1025985424852904,-0.1205364024348193,-1.286356672306044,0.2140213413513041,-0.3087102151104152,0.7983825974527767,-0.02642985507467,0.1977799827909439,2.2692772859827546,0.4824138716901468,0.0254180421310122,0.636933853461285,-0.9787490522316172,-0.0968023195815847,0.2851687245417966,2.65609823510949,-0.5042217750064106,1.0766373825647764,1.7640365773428854,0.3507171336623426,-1.3777625827865037,-2.572609134893442,0.3994854574526538,0.3215346736535965,-0.7012817200086567,0.4730966972198955,1.0372607479649771,-0.2042696516711162
0.8187928390529793,-0.7220104262226887,-0.9718253971783026,1.887468486072692,1.367100311698091,1.7415246888123896,2.733855943393015,-0.4596847139497398,2.028776160449674,1.7014029145763163,0.2056315939004875,1.1768468818640505,-1.181691321429899,2.294624070434296,1.519693137815766,0.0654648110604898,0.3576713435970847,-1.1119809315604332,-0.0254393285582321,-0.0900602250019501,0.4900906283399577,1.7607084933686326,-0.2823819018348454,-1.1195081331314114,-0.4329457020454965,-0.2796043788184229,-1.104880217539547,-0.6959442454857203,-0.9611912292079212,0.2177138891955059,0.2516081260331104,-1.7054181439018017,-1.806575174172622,1.74615380548697,-0.2297195989406716,0.0804741026378704,-0.0689170053329568,1.1146120664581187,0.677366132149541,-0.696441104828285,3.71278101318077,-0.900890750699764,1.5610793099314684,0.8953071642370646,-1.6453994794999227,-1.088838729323678,0.6322453176266934,-0.5823605657739989,1.7278649283668832,-1.705212012171191,-1.7811384169243358,-0.8185661492885475,0.174646893754662,0.3554781804071394,-0.9160556166509256,-0.9446667036443464,1.0943836063769783,-0.226552941134548,-1.8300339683122864,1.8166343870070671,-0.3389333474175873,0.5840005901919829
-0.3012881074261549,-0.2636897953717925,-0.8377874439760483,-1.1198610950940655,-1.971457999789508,-1.1569165731834683,-0.7470706993320642,-0.5251974060599955,-1.3618721009104005,0.8834161556776184,-0.8956280698519232,0.7083818386654012,-2.760006556706174,0.6597516414825987,0.7580984946006275,-0.4022843131112353,-1.5428271472247124,-0.4808999646361509,-0.8804376012150323,-0.3779592084692196,0.7519060895327648,-0.400922260417377,-0.3080136198872155,-1.701674425040112,0.8257700695643094,0.7593038485320864,2.144918458064574,0.9054288491362036,1.7189118755699266,0.181205993486398,0.1728985887922006,1.5543558614828346,-0.2348376742397607,0.3996857898507627,-0.2761559495087275,1.1406627785126413,-0.964651092516835,-1.73854363808365,-0.2681142303940327,-0.4621290014372243,-0.0269592594907239,0.4868825440469906,0.6440321494178385,0.4063339071530857,0.910264052333715,-0.7987081414860085,0.4102709640460159,-1.5884336048652838,-0.5842694956646793,0.4402728831634659,0.1920833693515106,-1.0435525470037752,1.535117946698333,0.2978671798138931,-1.7352780737289573,-1.6554204931890828,0.2304661780685388,-1.5289015672220083,-0.7350714887396886,-1.0115912692031377,-0.4991777362492142,-0.9565281183806688
1.1606333924069316,-0.278804649060293,-1.7318534021346323,-0.8486738465180865,1.0850254007838402,1.2585275851125388,0.8455445812482238,-0.6605375011443727,-1.0825084801988174,-0.5448697506106609,0.6349990670783283,-0.8747149452741447,2.023604724242761,1.3330398430602064,-1.332118983044886,0.9562434468797876,0.2254284632511994,-0.9332872968710132,0.2338962483627065,-0.0415303854002881,0.4437882179477086,-0.0553662417257747,0.7280448094438188,0.2066405981925431,-0.8822426403992312,-0.7929103278661411,-0.652704375922015,0.7704476024818989,0.7934094375259744,0.0769488027554815,0.7445468072653139,-1.4891064176663522,0.3411160803875542,-0.5183798522091468,-1.5632018372082257,0.5463122270568747,-1.5018695225847951,-0.475691539714922,-1.4540119880469529,0.4660103857661054,-0.4499168931048026,1.320569612240179,-1.060215786981453,-0.0231737240939697,-0.260104901810512,0.5648625078641429,0.3196289448986052,0.3253576228514687,1.3744079241456555,-1.0396404588647343,-0.2650469887108126,0.1205048305961355,1.7779541111021202,0.5775051319285144,0.8669492943342398,-0.251096084737718,-0.3321643878241621,0.5661111712007373,0.922503588578939,-0.9267962548058646,0.3430037763133079,0.6153235737457489
0.0809135178779783,-0.6917035733813138,0.8516014516243083,0.195511020766839,0.2489926232368343,-2.159910569841906,-0.3364554346498175,-0.5660937977403002,-0.285263289864378,-0.0315646518325227,0.1918075873049851,0.7976131667251962,-0.6136738278521087,-0.1930168595864067,1.772942543159428,-0.0743042090170233,0.2351523254845835,-0.5052224775548668,1.358425214698504,-0.8859503519218112,-0.3007809672159709,-0.5305282430619045,0.2251167309443515,-0.6252369372223372,-0.2223998467310403,-2.1192132153392764,0.4822512523197169,0.4236788307685158,2.243574498482477,0.8388928030277698,0.4854319076392835,-0.3889586415205668,0.4321775974507238,-0.3243526076901932,-1.286732821422576,0.5952159298078927,0.3342886825943689,-0.7312966271896576,-0.924253529316694,0.9164005024708136,-0.319896899474794,0.0168168030248436,2.7438404153113543,1.1097607930199769,0.1485606073324515,1.1884772879160113,-1.2176035947196933,0.136604587565516,1.551837680993449,0.7021657664591856,0.042434297514596,-0.0153121252806713,-1.4555164671058916,-0.9143587959420107,-1.28916731153477,0.1970238941239842,0.7580006708513269,-0.1119348407680517,-0.6319022213869336,-0.8921834931698258,-0.308314248102319,-0.8880279440251986
-0.1073768630458329,-0.2981491196068225,-0.285991345326378,0.6907970829906571,0.8370506135954439,-0.209807754939047,-1.7457081444805522,-0.3916973224022408,-0.7106832280095563,-1.874646596511786,0.1307887665416529,0.6462893315917885,-2.735642448834768,-0.0101152431609138,-0.3217236447129411,0.178210387538814,0.5286127523289725,0.7150490952343271,1.8569612659782555,-0.7262447170396994,0.1601867682139401,1.7467164254366456,-1.0419617210430592,2.705725094886533,-0.4333103792060355,0.8590516973029186,0.9410246471997206,0.2946507508831879,0.7200468180337317,-1.5128178847987188,-0.5940409151161069,-3.083795099815218,-1.8414379752904928,1.774145819271176,-0.7126057016720808,-0.1853124627403295,-1.5258406801758198,0.3499693609351329,0.8176299774011657,-2.301735174021006,0.2095154797024632,-1.136532622721133,2.9728288109505168,-0.1770337272855505,-2.3377834241196958,-0.0134665621183335,-0.6751273586820805,0.0489808996692145,0.8860518322105637,0.1258453651841917,0.3323039251161189,-0.4838228260193856,1.2343565622421784,-0.6329295349848949,0.2484759360452269,0.1500524713769836,1.7096373956597557,0.6903165039081518,-0.424185395286322,0.12946421197466,1.6824173660570478,0.3659023712691511
-0.3001808189819449,3.6734818728576633,2.109387915194376,1.519643302817733,2.977495230136776,1.849172558351948,-1.6280964324551097,-0.1707599209392049,-1.3990736611638137,0.2574669063383094,-1.2261642224632234,0.5561088095098898,0.1136020310566179,-0.2094341860562862,-0.0858730656371764,-1.200240972332809,-0.2661802888068245,-0.3573234906610618,-0.1627546048064046,0.321084359314308,1.1804838790637706,0.7923546224786084,-0.9263220116427248,0.1419254851248965,0.67524308765137,-0.6205432721261772,-1.060076313262509,-0.6097419294139306,0.2079093924617669,-0.7446599147098175,-2.0271280182012523,-1.6582363713053443,-0.3417004236230676,1.4462522018703603,-0.2685505080331929,-1.1374279585811478,0.5423294383279461,-0.3721262625981321,-1.171039288676644,2.862605366616082,1.0203264879023002,3.264315110102496,-0.1368213351966153,-0.959878243074139,-0.5307932090990115,-0.8839373519512457,-0.8071679393305731,-1.204498723711649,1.1765033390392643,-0.3882378450888779,-0.923201494898008,-1.5388984277800408,-0.0399031517024865,1.5365120370899137,0.5922612617618132,0.597466603355065,0.7843593496973625,0.0372904004022064,0.4014929083422668,0.4157395757608337,-0.9223145226355844,1.614969710868011
1.906298270182576,-1.0028256583749924,-0.4459593368261019,-0.6315525352291058,1.4581094387275138,0.583833598436031,1.231556820034262,-0.2851994676787928,1.1771273026387692,1.7296468228058155,0.2024021332256516,-0.0917294561019279,0.8661632335452345,1.1781552154649724,1.711607238954093,-0.9957937898385372,-0.8528793382687914,-1.004865608904838,-0.2350561139124495,-1.3664939460083831,0.6174205037093852,0.3049474017883623,-0.2757212891329464,1.462771015035661,1.0361459170157057,1.1793219201377685,-0.3923718604820991,0.315675763121537,1.2788251853715449,-0.1965429558195087,-0.1111032658482351,-0.2170216275031075,1.200794488322992,-0.1248067385113335,-0.4558605714328587,0.8962358502457565,-0.5765171214802132,-1.1913843777618192,-0.9620859328652868,0.8825274572023705,1.39354563943133,-1.326900617149708,0.3066938060903242,0.1009351285946732,1.9144392753532595,4.061319549682499,1.6711842097230285,-0.7690098796033757,1.0866094334074583,1.4804141895067362,-0.0417145240904263,1.025158505704962,1.0066320781342388,-1.8884569377730545,-1.395316181357335,-2.1401880204994503,-0.5445674341786296,-0.9111424611238148,-1.8697685252596756,-2.459009046791914,0.2369296820585379,-2.585544585526881
0.1333945568545146,0.6724455725980478,0.3003035494353099,-0.6923799688526586,1.3507634487491398,-1.31825811674243,-0.0792543701667433,-0.0693899821677104,-0.2425621215497236,2.183147602116509,-0.9936103389665272,0.4327434761087418,0.6950806734247019,1.08365812163777,1.6938958769093295,0.4766210682009936,-0.927731453880446,0.3887371176951687,0.4431032851633104,0.3319226843813995,1.2984010785255318,-0.2056945222833402,-0.498070182562696,1.3269598889288907,-0.382117466351991,-0.4371730479610311,0.1139033264172823,0.2060839606763547,-0.3770310023799647,-0.6526912494274484,-1.992839885049302,-0.6084679143822246,1.5736709595137677,-0.1626579259518137,0.0557386370906262,-0.4673824976305599,0.7584484769213453,1.445377478115497,-0.4859483729100028,1.6918913421566202,0.0109028782233742,0.0088291441131421,2.0130758905500272,-0.6995062364357993,0.7018091983714039,0.8801359546029635,0.6488526704081514,0.0543925631789241,0.9004066345013335,0.7513677625069024,1.0478480046424026,1.3131211690545457,-1.1375448954005531,0.60676547150566,-1.453869888174344,-0.7366456999319687,-0.5179923544237577,-2.2122710985267835,-1.5874024988669837,-2.19710272636134,-1.7711988930363851,0.2515223593876875
1.1705423139252782,1.443337909403421,-0.4862709934652673,-0.8620370132490772,0.4262602364879674,-0.328262669904909,1.8777305145030545,1.4602123109396756,1.0017347158583014,-1.151455953478019,-0.2750670598499604,-5.104197244963936,1.1904530069340362,-1.1363850828635376,1.7228557621749423,1.5574893210983365,0.6039854212639949,1.6890855151622195,1.10552309084356,4.332197205519286,0.961555470255416,-0.4758155013677977,-0.0901548415655594,0.696889050490989,-1.719307326323371,-1.075884448688277,-1.684208050723078,0.4791087781779394,-1.228159548559295,2.055610146272446,-2.0229507319682005,-0.9050290735710552,-0.6114111574487419,-3.4572514625580144,0.426323216719716,-2.963758817729527,2.3436870949096784,-2.157342622043851,-0.0660553634215619,-0.5024755368607661,0.053689456946884,1.6905314957473303,-5.050144641379552,1.1334980219997342,-0.3720556960443378,-0.0058825461946081,1.898681833971931,0.8647552376247223,1.102989019197257,0.0910921860014344,-0.2498336832877897,0.1624716875143912,0.3081178537334304,3.0943033703365503,-4.34533350859863,1.3429853915112235,0.4722650771149468,1.551400942402277,-1.2838075641514075,-0.1364270774032199,-0.5696544413719895,2.76344105816644
-0.3192179379520716,-2.603746903784276,-1.193635283584478,-0.3549258375731056,0.0746613870012091,-0.0284547570230249,0.0341441513504976,0.823505485701535,-2.013442204752065,0.0248445544877378,0.4763233730980982,-2.468271639992662,0.0383880442146842,-1.0232624276832067,2.292415918024716,1.5714507762538672,1.6292079194004463,-0.4993802527230709,0.424624593740203,0.6110903733490838,-0.8759436984073149,-0.1232638087341069,1.6616214394503626,-0.406535210268783,0.5783511853521693,1.1754960253948814,-0.2134903300904069,0.319310241397252,0.2366663809605955,-0.8097670652674076,1.1492696841391217,-2.635617011490449,1.4577359551734534,-0.8552224600957983,-0.0811901005899261,-2.8234806723373422,-0.1167015610460758,-0.9834753352197212,-0.4489053026724999,1.7435408257070788,0.8539726270695233,-0.6901746240127614,-3.5512730614803782,-0.8062554938072986,1.2222632648684053,-0.975737876804553,0.1373391812782713,0.1782364866412931,-0.7673234352441218,-1.6187742383260488,-0.6095040839420982,1.3012181152850877,-1.6481712569897318,1.076861153735837,-2.0528646559006494,0.3639094069773245,-1.024391989473284,-0.5870082668474441,-0.8993521583556032,-1.3294976013013693,-1.0425741856165285,0.3298441670397056
0.6760808510644642,1.753790038771539,-0.0448869986569424,0.6904697374671743,1.1955870559390185,-0.1010792874203911,0.1692565098430639,-1.3535195416347103,-0.5386343718003112,0.0255892265187583,0.6306758012242788,-0.0288223054987319,0.5725635823834316,-0.125653538976091,2.3117287723926943,1.2559922421440517,0.1730760792377732,1.9066384269697136,-0.486790750293903,-0.5541238610284862,0.170251127974083,0.9842670247369428,0.3156445969176193,1.1254488300752938,-0.6488495635340505,0.2291022869090177,-0.4870956119800841,0.991773408297788,-0.2218260891937757,-0.3444509469369996,0.8328541504316732,-1.8478196334444488,-0.8660284578175701,0.542769972233197,1.4530703127441336,-1.421757188654286,1.6061047851540922,0.0310509536418907,-1.0151155328630257,1.703895012113256,-0.8394155961388068,-0.9582712463120449,-1.2964861253899664,0.2580529737081676,-0.2150521136727728,-0.7011978953743322,0.7045194942235052,-0.4698977877456646,1.210667340559818,1.0216724668540382,0.2501896370176104,-0.804612471377258,-1.7729023571927272,2.261504884049588,-1.3746353412551175,0.0295981992279855,-0.4454288391088681,-0.164026280428533,-0.4852104458904726,2.617107666970011,0.4445420598549763,-0.3888858217070982
-0.9184544956500807,1.376940057180462,2.555553696825746,1.062346627715607,0.0901138623230737,-0.2851555587889347,-0.7185976808603692,-1.4483835506209046,0.6635178498658288,-0.1361133739048403,-1.7366196296812242,0.1724325259415003,-1.893039535423069,-0.3593451100200946,0.3375573484675398,-0.2825868426382801,1.1858252035284584,-0.0486166100370382,0.6002243538888234,-0.385136726601483,-0.1932809630980644,-0.2516631856062939,-0.8705066046295696,3.0756734908871843,-0.0956842103690055,-1.981979533996883,0.038492798086554,-1.6073566441755138,-1.9147241977481375,0.0443925213482234,0.2330475968025927,2.1751192634773173,0.6306171421541718,-1.403248338104354,-0.031507217737847,-3.253112151650124,-1.066327361669759,-1.5112929908839232,0.2899822770272023,0.7513116163169733,-2.6460636036935905,-1.2760362383402222,0.9906637206201264,1.6683955780414077,-1.3072766856875893,0.467717709926216,-0.16631821520667,0.3852451199354967,-1.7275105253896237,-1.5704189794853851,-0.6554870008301791,0.6747693857189042,-1.3066136826588466,0.2952314444942677,-1.2133270066037256,-0.8107590990566039,-0.7852870997851651,0.5167137638230348,-0.1471767249896451,1.9040116995602367,0.5004154967724344,-1.3324203034107074
0.3716364695532067,0.4277683834243028,0.5087765673033067,-1.502245860939656,1.3052432080225138,1.4911442022381896,-2.25594234717499,1.2448983442039734,0.0523566039673109,0.0441842172445691,0.4966972937757345,-0.8273892192340168,0.3392304127914936,0.8431398863609058,-1.1127634816677716,1.230634605824799,0.8610661441113684,-1.4792380472983808,0.1625317567797313,0.3523293471678403,0.5554843946784536,-0.48854347188425,-1.0634177690938589,-1.1735912615213349,-1.017448034198099,0.1987123719754749,-0.914545043497338,-1.6631363271705897,0.4874102188424597,-1.0775942880594556,-0.5164219446447939,1.8769863399167483,-0.4891821764984584,-1.0438460530456255,0.6995055890475974,-0.2695094192711351,-1.0130210715015782,-1.484480965846206,-2.3815496703687478,-0.5288556621324487,0.1766593264078921,0.2146218510829087,-1.347542438742968,0.1576336188792809,-1.1130233604999562,1.064829443086434,0.7558820051917541,-1.3540006803267968,-0.9994339628894672,0.460644338902926,0.1052045784407881,0.0907526769452123,-0.4917454406770826,1.1703116177095874,-1.8579523062235523,0.954919984055046,-0.5956889676686374,-0.0214278125758571,-0.0530557754243894,-0.2047245644956028,0.0750764545328227,0.1331423504815475
-0.8756053215909729,0.9325078686788713,-0.1735355181904018,-1.4085122513065105,0.2242273036297013,-0.6508921800081038,0.4300467260413448,-0.8693326459808868,-0.3930348587575308,-1.9672314487402367,-1.088627105224948,1.269511904113392,0.1674195327910142,0.7868321505115725,-1.1717646292327213,0.091881418640548,-1.3093130089289566,-1.4532175472126536,0.1188338576395651,0.9724434320907004,-0.8774496978678124,-0.5646363199206658,0.2307287019893451,0.9610149562053788,-0.1784594692237389,-1.5943053898316135,0.2232124996952842,1.0228653721518808,-0.154719745456912,-0.838855183996286,2.2267343389019496,-0.0157246065556778,-0.7593385345177894,1.0461446273650834,0.9935379214430518,-0.7259496573464758,-0.7609602244816563,0.1408905337755739,-0.5088902803162527,0.3203010689043338,-0.1745954213446791,-0.0953057580065399,2.686914646912643,0.6925435610521122,-0.9679630319530096,1.317778017532662,0.3934155266241393,6.975339292519811e-05,-1.0256660124923438,1.2979872474448844,-0.5085867339058101,0.885412083738971,-1.2198120784443522,0.4737697146412256,0.9921680985619704,-1.9324988111087844,1.2121951422541588,0.5042864664197396,1.112278773502471,0.1858767254976608,-0.8278698671444507,-0.0657122779300201
1.3170908618040589,-1.150721280450597,-1.5815271309819767,1.791449922000134,2.4788117780750363,1.0892843192142532,0.5973761602805866,0.176419790637851,1.6984275512104947,0.7017220029608777,-2.674345293987036,-3.681827680875371,2.555068538145506,-0.3373795292701219,2.5229842491528487,0.2522035285415538,0.9923282715812218,0.7860987036307058,-0.5229333199144985,1.1476198038073264,0.6547512667104571,1.567254262149522,-0.0472248691300881,0.0140510388978718,-1.3956763253317703,-2.136111211057307,-0.2032967882995651,-1.053883420754673,-2.055532851994236,-0.9140683527127064,1.334720877925123,-2.0398213311948004,0.2573541651055382,-3.6160646457399785,0.1528617955167671,-3.797628107229154,-0.7838631866082583,-1.8095479716965048,-1.3652266036128289,2.711085956615082,0.3857289216059323,1.928315833401283,-4.006855833921796,-1.1220516328262278,-0.7521241418271056,2.537295651631566,2.110438585299623,-0.1891595688268367,1.825763480697841,-0.5837823987292323,0.6081953511524114,0.6239253561614561,1.1373252297876657,0.3604792931995295,-2.7130265314291933,0.8449050681396502,-1.3740940175578826,-2.1052979116271646,-2.8143074647782305,-0.3781292142278709,-2.1109106735325653,1.0230511602822536
2.3309860047503914,0.7268611745400129,-1.0669680227358669,-0.2302187154566323,-1.6513100146121418,-0.451324638431971,-1.0852668195174031,-0.2864442532361247,-3.078806599238101,-0.1869123790130101,-1.2730623642333354,0.9034667211036602,-0.2037396338162205,-0.907411670155663,1.1119580670920874,0.1704674980479876,1.4488385686142722,1.14257667030732,0.6156979349088281,0.2073461030733746,2.53116413890979,-0.1683515035047954,0.297359773984133,0.724510541801016,0.3270142607147167,1.7115372074855446,0.2606340957002749,1.0003740910528085,-0.2944059514705064,-2.5478192894786447,-1.80013044084839,0.4288490792929318,2.7151890862135186,-0.3443290162839904,0.8380390344579607,-0.0375464758059278,-1.58375796346328,-2.285723691837804,-2.858034119827354,1.1207520593156544,0.1518502753177334,-1.0180790811344609,-1.7615519900184515,0.5000356320002556,3.329422825871984,2.417498276134264,-0.1009536396270566,-0.81650646397294,0.249223336546561,-1.2985796991046634,0.2800986336184081,0.518129317807059,2.0935618040403754,-0.4814195254612761,-0.4298766030652536,0.6242166228722059,-3.165712726290413,-3.513593279299009,-4.037454024492091,-3.9651447257266152,-2.709317731233237,0.0389315546047686
0.6305905770030727,-0.6997441522044279,-0.6422642867816994,-1.1778462622733556,-0.5898385834523054,0.3977714946880488,-0.5202180133990147,0.6834038744754204,-0.1953175736269232,2.696596437299876,-1.1102187344279928,-6.82445916888966,3.660019017945656,0.7187555782147381,0.1464053807365672,-0.6259104756936095,0.4532090647396284,0.7174329124147052,0.2588027390915589,1.399774016114358,1.3748748769381796,-1.08661465857803,-0.9079583308269348,-0.0667550980895546,-0.896280106503831,0.5033081704145703,1.5170617924886491,-0.6717979251511076,0.1939319815927442,-1.362129871978584,-1.832777203999144,-1.6867872957268542,1.159240318526385,-4.967794338602198,1.42651718964062,-3.733813168954178,0.2409248638207939,-0.2617519193347479,-2.3622905983717293,2.1609719658099102,-0.1150914785378723,-0.136067788448529,-2.195802393866059,0.8235787795821263,0.9451935752867032,1.3822225128927692,0.0024223597613173,-1.1755595744800793,0.5482684130989814,0.916993495330271,0.3391508872495452,1.1476181162396584,2.949984161295576,0.5122309536149663,-4.721041388444094,-0.0079428817672398,-1.7530410782223915,-0.8480162149739161,-1.8526796746390977,-1.4750738267233614,-0.9416837346417796,0.7954413203676701
-0.1535059959082832,-2.789731305179498,-2.1332673207259343,-1.4411124977639282,-0.3197229956966724,0.1076549643981175,0.7913523745544632,0.9726961661211836,-1.6085966014715254,-1.1842811534057,-1.484125839284826,-0.5564520971363771,0.7324561559419697,-0.8402564004840946,0.534230643844617,2.67646557353125,0.5580882462281836,-0.0160651417107647,0.4415547885707543,-0.4944254971868737,1.5881091762269255,0.1609439133454305,-0.4910336132332732,0.2874454288794159,-0.0762869331366442,0.7440641396339462,0.648201969949733,0.2502941757285728,-0.508543564155489,-1.627996949422382,-1.722439412176474,1.1889196811196323,1.371656071519426,-0.2477169430998305,0.8509883811654309,-1.1421133371852457,-0.3612762460101407,-2.756051636762152,-2.2268084570545503,2.0605905309213064,0.3568949279151207,0.8604709276530359,-0.9283405106187996,1.3519271511751645,1.083023851764704,2.6725280310952995,0.0636698474783134,-0.0037615816778941,-0.3999681985002364,2.1961759304334194,-0.5523256099229543,0.2028892222360399,0.3470094704085799,-0.4858769570582725,-0.8081727601072294,0.6260335871511781,-0.3167634345647345,-0.0464820683985767,-0.4417363962096765,-2.08212573871136,-0.8868225184015933,-0.9044378642843888
0.2545138437843032,-0.2604836537393965,-1.6892277121560453,-2.113983316808158,-1.9564238922140256,-1.2095597525515822,-1.3704551542626866,0.2404657488416356,-2.0786031293935228,-2.0789357926116594,-3.1045176827801826,-0.649257264401533,1.3116952868931566,-0.3972442966168593,0.6967161132777362,0.8429214673201211,1.5700619329397791,0.9573244308371394,-1.197613517844217,1.769657095924407,1.4363072291650472,0.0027784367039291,0.4351749270481574,-0.6756211397115419,0.0777933858766745,1.011671157246672,1.8083583735595048,-1.320263629209165,-0.8719089075880642,-0.6706437870993349,-1.6441347420600765,1.433200601268519,1.2584332033587424,-1.4521501809546535,0.5819110210329954,-1.8645709909732784,-0.1288683566284006,-0.5714068596756066,-0.8885421790942694,0.2051104847416955,-0.4256733154204933,0.3758732825400746,-1.2466084047207242,-0.0991346747155266,-0.300313815512504,2.721955294705745,-0.5012848863408188,-1.1467308633273543,2.2271407448422016,-0.4639990564951826,0.2922189287964774,-1.4181955253508465,0.0129425173704357,1.0614738436603783,0.0166958852521839,-0.0653636997427696,-2.5297262135638605,-1.137748325804904,-1.7087325626745788,-2.095208518344686,-1.510780293961279,1.2957241942720676
-0.2491885194137396,-0.7553558785953183,-0.306409285620418,-0.1861542834588665,-2.1746221101869576,-0.9317854186132586,-1.954722737088685,-0.8012686374408816,-0.9872574366087956,-0.6849769279763825,-1.2399473921005533,0.1680760397724458,1.0525682249946051,-0.0678248073546806,1.6224029356289738,0.6294981944782496,0.9402230672961538,-0.0731599485901275,0.1162937789863287,-0.8879480823517397,2.2065093221805805,-0.0687531568226916,-0.4228752128866408,2.5694407061579523,0.2914375072596874,1.5191355283999943,0.881949677494545,-0.3727437381199807,0.6723070113936632,-1.6733213933598707,-0.2411907050720057,-0.3351284896423377,2.115089750948909,-0.4779230727398974,-0.4755802329535101,-0.6473754223494276,0.8264397508893939,0.2519992111028889,-1.7003569953944335,-0.1512488702328316,0.1087074976442341,-0.2289320958128728,0.2652843165480356,-0.1848765710634077,0.7978129018974223,-0.0025910116529819,-0.6914211361135318,-2.320593223719443,-0.0160318024131025,0.2886636060613746,-0.3788155571282102,-0.1167671377943089,0.4981375559151311,-0.7020465247856433,0.1091086291708081,-0.3196222681169711,-1.603012836125448,-1.9635915131780863,-1.2340285708275192,-0.4483204745840901,-0.9507021223611514,-1.2374151486122558
1.4512532745164877,0.4034044321148662,-2.425452212760545,0.095411178167926,-0.8741347844090425,0.3004253169299697,-0.8308499591790367,1.039176330529068,-0.5067309090175343,0.3328792021624205,-0.6822772706893901,1.0200411880110978,1.1495480065743688,0.5480572458688849,1.765135816435157,-1.2414002853922914,0.518399590389462,0.4492797094099701,-1.4719033586871877,-1.5599708753942187,-0.280686204358438,0.4356560819609684,0.288173751523654,-0.943664551073624,1.2605461251501895,1.0750817475190346,0.4827456561233208,0.48955051807263,0.2016079858848696,-1.087367730612837,-1.7011348307606182,0.2885296882479973,1.2109924438925703,0.7650990841783072,-0.021719505380795,-0.5294851431526049,1.3150966406846472,-0.8425524900865999,-2.0201987276526063,0.3925975636952824,0.6778464853996448,1.6511919100780907,-1.1075891883517168,0.2442415672660667,1.2249648197200305,2.285524102455223,1.3485901516653434,0.3601723419345923,1.6864861064338963,0.9311080316095536,1.5693544245746625,-1.4530426249192914,1.3707531040408276,0.9527387529030558,-0.3472319378430202,2.434639241680577,-4.091240579716595,-1.0244844482489257,-2.519105665689808,-2.380634259480114,-0.0525567262825223,0.136908933929449
0.6578945777232903,-1.3526031874437718,-0.4618969298469328,-0.126229514544048,-1.6957555099599044,-0.6561670170466998,1.351176353157031,-0.0686561524745981,0.3465293642793918,0.7169195430322057,1.0260563593237015,-0.8618340733152337,-1.7608049372244856,0.753018621901155,-0.5520994362347138,2.5617947136031662,-0.934133678241585,-0.2059192502051114,-0.0719344846268243,-0.8942553194702163,1.3102551985822957,0.555799532761827,-1.3709845953047444,0.1537626466615306,0.8774549264622504,-0.007916840444591,1.206232680133982,-1.1184853714099885,0.9823452966925296,-0.637798206323803,-0.5262633038438425,0.9483517179563672,2.2797173622390936,0.1496669463335801,0.9034051240319289,-0.5832005951474857,0.0887914470938012,-0.3372139574405304,-0.7377123355253214,0.0526304284649429,0.56059233985482,-0.4028792172559777,-1.7003177104102398,1.513006299937891,1.3078865982799326,1.6129744048758072,-1.0767789407500992,-0.0893933160795184,-1.358764496720985,1.5717417292964864,1.15295155673804,-0.282245803584805,-0.7200511942285788,-0.7063425999925828,-1.6300479599791926,-0.3964586804883499,-0.3590956378389521,0.4403629477880512,-1.1649123570397966,-0.7135669331699267,0.5941828663002812,-0.8802153570294786
0.989747204741666,0.4848898609643881,1.1597248375025586,0.9246030400165152,0.4499885375071831,0.7823185049267186,0.7837303711953227,0.2057819923662815,1.0788370705616,1.4817126047740123,-0.0867064042756819,-0.1521117946399478,1.677543662979886,-1.4094449009902124,2.3559141087962647,-0.6782452162196038,-0.139739047334799,2.708516885720453,-0.653259660520242,0.8463232880884755,-0.8584862668208706,1.6038608808328818,1.3121921836375554,-0.199237801556203,0.9969807262023191,2.910036051428299,0.8857972940167682,2.053003967985989,0.2109243043246383,0.5279647510724571,-0.7867919111994642,-0.1343187520775612,0.4404077832398065,0.6523696887193022,-0.8691339791795681,3.15303207046428,0.938503900565038,1.1270686749170888,0.6477938344193858,-0.3053375238864502,-1.2660494909894924,2.223065458346296,1.2842935382616132,0.699502393013396,0.2626486671007412,-1.9352705208385157,1.9426021156418871,0.8038746508047718,0.5873358292119986,0.0686935283071822,1.2109557132897346,0.5069938684249592,2.659408714670417,2.315220012970402,2.1394895910530938,2.2902986642276275,-0.6529078925794397,-1.154572351776559,-0.0510859120754148,-1.0107217257910712,-3.6449155022307,1.2557742965081138
-0.3780961456912927,-1.1355077272524323,1.5146464009338811,-0.4378254775356645,-0.9170224896998124,-0.1285257925263211,-0.3134762551294028,0.2389925346576749,-0.8806296127812456,0.8558981112358034,-0.7598797191486821,0.9497732326231464,0.3923658579866431,-1.086889147837133,0.1938310837947606,-0.0727452537490339,2.3145995161204573,-0.3934933126458789,-1.0693443842795003,0.330824433064345,0.6018923692188574,1.7177802827249946,0.0584778649658722,2.482472722406972,-0.4671667131236136,0.0490072766442637,0.6119242784972085,2.2049819027136603,0.6187168960530458,-1.1083725264190174,-1.1512253647981825,-0.8155257576460732,1.4370027754243495,0.7874123164594306,0.4402399779018787,0.2607040977207737,1.1983039118578975,1.1571996413922077,-1.759441138248409,-0.4687695567322948,1.9060103260339591,1.0240889948797944,1.3668870965682312,0.794111246516152,-2.688278729638327,-0.5532974929652502,-0.0452569133682118,-0.3655193395533316,-0.2886078059982668,0.0563512698768949,-0.935659469951432,1.13310074218739,-1.7552835798671742,0.5850725837326262,0.031558195343556,1.1973209637287687,-0.8242112698578996,-0.4299023421931006,-2.2958588911968314,2.1233738532111626,0.140990128704625,-0.3067953499174269
-2.197616452712447,-1.2312049152313405,-0.3648139536781923,0.3057963808510952,-0.5519810800477614,0.0471276419930811,-0.50016451350409,1.0886354268621146,-0.5422816670387978,0.2950383503814986,0.2429973566822822,-0.96417496444216,0.8405643489701735,3.459981052621728,-2.218611996622509,0.264998722264365,-2.545828035115654,-1.5508276339660565,-1.840116914957816,-1.0326695614004062,0.1759321281121307,2.179537837151882,-1.0025506094720833,0.3901241079154364,-1.6418291918985717,-1.2324524940678363,-0.1752960618444246,-0.8427605551317235,-0.8279637485486113,-1.514087848548665,-0.2962602934345437,-0.9698036539579076,0.1161300253270246,0.5827798850493143,0.0998773820042994,0.4879415685963125,0.5354707626464474,0.7890849648792992,0.1194176549209643,0.2516543540725804,0.9573997108857208,0.5555726746891663,0.2163441197006272,0.585354468462916,-0.0185209004316525,0.4120378487317749,-0.4657862801306232,-0.975178918651326,-0.7584379041709793,0.6968036728999047,-1.4794894561770628,-2.1167426083424337,-2.746542342008833,0.75228534524181,-1.3448582900620054,-1.6003034093438673,-0.0452074537384863,-0.8273410310518223,-1.1197458037593118,2.917734144120605,-0.9905269934495942,-0.9335548390717276
-0.5377094365110536,1.0334646404553465,0.0237591657094129,-0.1601833462152826,-0.6419327776182298,-0.2013990914613428,-0.363163141640014,1.7422735968875116,-0.4990946953700735,0.3586077977273868,-0.5193865663420527,1.1686205453180585,2.2679033540695306,-0.2586390550152926,0.493765180812887,0.5919263730942224,-0.1192211465609572,-1.5592305136288276,-0.0895929042458147,-0.9364249795559036,2.3569269081658373,2.1509889383299647,-0.8819978031713918,3.817305671633948,-1.412132910445298,-1.0329965482438732,-0.7695125208417575,-0.2313472954431046,-1.3445229376157606,0.6760829042354398,-0.2584663438458556,1.3312505566105295,0.8063406421581462,0.6692789510329216,0.5010829404134954,-1.661575068537672,0.3959008634855308,-1.46466445726822,-1.0875328820809087,1.067823224830066,-0.5333094469813853,-1.155011018489334,0.7217345421263224,1.8824848057546948,-0.0958350640194237,2.307153407907241,0.760884218640961,0.5559876729679296,0.220492641699722,0.3485506891088048,-1.4435836305930272,-0.9576050981987012,1.3271315505611756,2.080427288057762,2.453439981449324,1.7246178018383729,1.0141939695570252,0.6336674838415401,-0.5250846581967168,0.8261814460993425,-0.0525810830315083,0.593502159467921
-0.1371872430160161,-0.5154473487912798,1.0548961712575624,-0.6162866004035218,-1.485924206780453,-0.3726351616950303,-1.6694755070155531,-0.1411362515446798,-1.7950422121287417,-1.381033676650039,1.5631606546968126,-1.5741020860172712,-0.2418210822668426,-1.137851907185866,1.436651569345253,0.6391823823981228,0.7314706422258781,-1.7886235475094954,-1.8055054420943164,0.8745814410238193,-0.0305595438435496,-0.1505349626153164,-0.1688670552121744,0.2702247030869521,0.0295475077116574,1.560014004547616,-1.0594257239429097,0.5041690542487914,-0.1859869582605344,0.2112346941536054,-1.2023208192676398,0.246039713872129,3.0120983798738816,-0.3070293094713215,1.236161847733857,1.364421016399257,-0.920973725122652,-0.3779046981066679,-2.140192229601071,-1.2237180456220034,-0.501469651339708,0.7258607585153267,-0.9837422972509932,0.2566924927464086,1.3104210819954352,1.6853002960580463,-1.1302903473636807,0.2379034938020695,0.8971478340741442,1.366579466561133,-0.7015921793101771,0.2816773450152257,0.6117330640127292,-0.559776341194353,-0.6806827025009274,-0.1838163279052435,-0.937996971564234,1.6718876928039064,-1.583030278215125,0.4987231739810133,-0.5115051528939476,-0.611671417466015
-0.808083042099462,-0.3194312104811104,1.5755006411768928,-1.82644333135474,-1.5614862822602462,0.5670921810624233,-0.6373482948793295,0.3208662767039657,0.5599015374047216,-0.8381118582677253,-0.1599297834695097,-0.981034646909226,-0.3618821818622408,0.2524928747825686,1.0569204432475352,0.0457148954696736,0.0768970581129854,1.549207765690596,-0.2748526068530865,-1.7215826912527905,-1.7038458880130194,-0.6914867815843593,-0.3447874359850287,0.0614951213918821,0.269087210589603,-0.6797690266543247,-0.3534092019965257,1.4352498785171557,-1.89932652789516,0.1967582872600456,-1.8514961181383052,1.268755898529109,0.4694633669147913,-2.1332204145037346,-1.588525118756461,0.2914387965241332,-0.8082880035199217,-0.7322453568770234,-1.1954704368476523,-0.0990756527370917,-0.1396934931365431,0.2372614675138092,-0.7441750473166837,0.4788045697355564,-0.0543240596083284,-1.7525991495865672,0.7725731883026632,0.2286703124536192,1.2554111559453234,1.2399688203174015,0.6640864479732846,-1.725144015212705,-0.0148691416305699,-1.2867750757484335,0.2667661460773484,-1.362044804649698,-0.7484468496157891,0.624421227711609,-0.3421336592054748,-2.269503536916007,-0.6185372857814171,-1.3757202332134468
-0.18862585315053,1.0950932410615015,0.3037987569858613,-0.1938824856027519,1.295686944474872,-1.475623775477731,-0.0373612571121997,0.8546178879919953,0.1435795207723605,0.7893311298031511,1.2330394485977738,-0.697143748965223,-0.2631173965649186,-0.1148397195427209,-0.2790324612457549,-1.4347889058538903,-0.7487940526420488,0.6757024444868087,0.3132587066328763,0.1956031896522293,0.6968281281594628,1.5380076613313602,0.9932355544590328,0.1415612470584576,1.6438786712284372,-0.3495204215796731,0.2362300172505364,0.5373352912267121,1.4130872916342527,0.0203016510943411,-2.060352315747082,1.158451000579391,0.9980296982768968,-0.7304706251927295,0.3272139981340099,-1.7954461657886285,0.7679899415519419,-1.27561897743953,-1.7998664565394464,-0.2430125844249425,0.7076778488248093,-0.7271251760141959,-0.3492578171807995,0.9142099253933208,0.322494999287482,0.3181060994246487,0.9521280321617024,0.7354754518716161,-0.2341390092596897,0.5044189114992552,0.4487882321569515,0.0058923093057589,0.4298054316007011,-0.0642327720674876,0.784997930742545,-1.5745097072221426,-0.6936545094915924,-0.2249169891419063,-2.280491461667349,-0.3655102205573148,-2.4931952015519583,-1.3852444944690232
-0.0478520526793556,0.1503966560967797,-0.5275959865987311,0.2508410154139713,2.5481848581057505,-1.0439805938169138,-1.8381852058367696,0.1439564509244729,1.412112254679151,-1.2920067872855774,-0.9105660446460184,0.0756933465676836,0.4043648247665394,0.0070541015710516,0.7711145160767905,0.3303084552655077,0.9643410935471904,0.7707204436816761,0.5373872934404805,0.8990837580423914,0.9812756015026376,1.1782414696396803,0.3022321499717744,1.3192034844611733,-0.5665171255432395,0.7309957736697709,0.0038393133000568,-1.2554685179983214,-1.9438094260489376,-1.5926188946453137,1.6674457697535292,-0.0444645046005454,0.8092043735082365,-1.4688917991136572,-0.4277994933657105,0.021178577829471,-1.21341071586723,-0.4977892742945104,-1.7698922343696095,0.0136403700770297,-1.2384205289474632,2.0544163850479595,0.7213046995108727,0.5542400776291523,0.2517329533141462,-0.3288593011823258,0.8629132994452636,-0.107628135959214,0.7685748176997411,-0.6337810457306299,0.6964285761921247,0.2513408620812634,-0.4860994975822249,-0.5502463264023787,-1.7024405949647046,-0.8785280108575051,-2.363117008845473,0.3317610381020177,-1.107107325567489,0.7799133648617362,-1.3937911067852025,1.0711357241529709
1.4300264752413456,0.2192529473163584,-0.352850005368108,-0.1206593554843257,-0.2931195256788708,-0.7147827174712641,-1.1771783120967716,-0.1170275075324885,-0.9389225587337776,0.6193251919821294,-3.43900280520696,1.0801594213397976,3.984462582527157,1.6610158437133409,0.0304527992973975,0.7380455516291757,1.5412441784907345,0.4609988096395108,0.2447749375664247,1.4200931766755454,1.6143762009290674,0.3293541082356568,-0.5417473577495804,1.2143821562810695,-1.3136697692476105,2.0894498279047764,0.8756909449788669,0.7183610892229496,-2.4686997978387515,-1.357616887485234,-3.7364552513224822,-0.9208713690548987,2.45445439455593,0.194898677815637,1.7828860899012804,-0.340687226737827,-0.4021925805889627,-1.2048693244643265,-1.021098876986656,2.4063836103599074,0.3126572889789107,3.0334013179676798,0.9137474034848946,1.4969821844394573,1.6119031811049422,2.253844692887648,-0.4228949572948658,-0.2559792208936263,-0.1268134465430759,1.024969011325403,-1.0617280005968497,-2.2426954285935268,2.3822376423072398,0.3818642954041455,0.0772633683746059,-0.7998319660880546,-3.701134693138561,-3.698841176877469,-3.776998864968644,-3.964381699451063,-2.8422419263698764,0.904826151642242
-1.7656222228601697,0.0395291735095514,-1.5357817106268552,-0.8493189833991579,0.342028580074854,-0.504859820742904,-1.3457034680337674,0.4857266913902006,-1.0536888515491625,0.0613471656805553,0.0464286080011405,0.7603807857984459,0.2100736689994748,0.0035089726498744,-2.1165196531200925,0.368829695625348,-0.3355572773918978,-0.9857039945304872,0.7649336612851906,1.8706129166299768,0.6712636429291103,-0.079923438620226,0.2417283353971266,0.28283631977341,-0.8284068117167325,0.9141456133059264,-1.5654816897043122,-1.8344109533559008,-0.7964455318943748,-0.6436196418112244,1.0617975965810496,-1.2691541549846286,1.1304153053128476,-0.4394726538308333,0.1736710710602845,-0.2524737440804747,0.061714902166468,-0.2791175000260856,-1.8917309264995348,0.7429352891574397,-1.0874552145209433,-0.5758474137095277,1.916687306188519,0.5512267711362263,0.1947726003071475,-0.1349499515195872,0.4136292091169091,-1.4558476532566542,-1.3664575224977469,-1.3400148639323295,0.2206615024532268,-0.5547000988058446,2.035999880932557,2.4697183576206845,1.3861424750457385,-0.6683524790228696,-0.8584600801812845,-0.146344354534699,0.9889550300143486,1.5103427357040244,0.8243334083771932,0.2072587360875057
0.4815968490387186,-0.0210528842426425,-1.8651808974063508,1.669135697123802,1.6486953124104162,1.2365303126004767,-1.261792349016311,0.3107581022563702,0.110382718457661,0.990644515310674,-2.399306451991444,-0.0780249993734443,2.5153624012556066,-2.1256984672141823,0.5716421872155149,-1.5996267355200675,1.9944806342690853,1.9639736731872897,2.0658443499490904,1.1093622573272912,-0.2187699883552067,-0.4012232233617513,0.6413887897651785,1.669863909139218,0.1452064671184472,-0.3411576339390469,0.0775316928970285,-2.4367191360270417,-2.385473022159394,-0.3175387307757241,-0.0776177898519212,1.3599453165487732,3.281065766972847,-2.757327549358465,0.3274403572282429,-0.041301058662911,-1.4025490459177743,-1.352379422562893,-1.327614168512913,0.5930780332824125,-1.7718027722792915,-0.4862947250272449,-0.7859286348851666,-1.1386468149866176,3.486254356093501,2.412280515121881,-0.0262264789490203,1.3000130624671975,-0.1361715694645486,-2.1184407301885964,2.8435766146623926,3.3562136338086206,1.2129116653436975,0.3774798235277923,0.3485160104762924,1.2105877296044525,-3.8594253323923495,-0.9775447986294902,-4.261772494926602,-2.0733848008288187,-1.9972446495537373,1.4893276572064975
0.5495718126054597,0.9493064934866172,0.1494326158841472,0.2677037697901023,-0.5987936866737047,-1.8076964868977827,-1.5206352699386043,-1.0572767832881016,-0.2790306178992419,1.3885799724452417,-3.2267791075991727,1.1538060538252108,1.971270595547925,0.5457989997253205,-0.1078814634599776,-0.2157908910145822,-0.1664024583190049,-0.0583161602839606,0.2481426465976658,0.063186933194051,1.2791947796461125,-0.4391026367436631,-1.4436834903165017,1.8824905848734657,-0.3959852795962375,0.1819604062583381,-1.0821410037220656,-0.6523511081965936,0.4835209459665317,-2.4924284126252862,-2.346699294459501,0.299095375048742,2.686016880846449,-1.612703344081646,1.0112716522493383,-0.762175787910796,-0.4112102739078392,0.9993471033528472,-0.7997875658273912,-0.1577108286810349,-2.2017184399494254,-1.2591835560164877,0.4958661837542457,0.5802705560233928,1.1938945619003012,1.7488151922622557,0.3334092055560017,-0.5610949784949905,-0.3144525853441051,0.082811453807057,0.4943461479375663,-0.7429892698731835,1.3874149549111434,0.1957066467416116,-0.1607669384492218,-0.5749337404222651,-2.510793108621733,-3.2876699311174,-1.6609420906340389,-1.5124812476754987,-1.4402154231516628,0.9886194516298792
-1.429035947201071,0.5968871620314422,-0.8112723237921053,-1.4393300771237918,-1.1575310183239762,0.4899626898720903,-0.8379128330013855,-0.5169455000936809,-1.444572824842003,1.5380784310959026,0.0978567180060516,0.4493721175423638,0.9445797061689364,-1.4544635331485802,1.2763123423099527,1.185518875389764,-0.7897648111768756,1.1237394020286688,0.7899073042632103,0.7323404825370499,1.1993681647556778,-1.2041474493848487,-0.7107599964091448,0.4932781191546024,0.1985346286197023,-0.1572791821517598,0.8143507457109547,0.3652191458313703,-1.0367666262226831,-2.291858365070936,-2.448131420529972,-0.9714370078229972,0.2876085702144542,-0.2788034602944477,-0.0450064097944905,-0.3518807450606993,0.4262867301427924,0.8831198034653138,-1.661669767007682,0.7435506471004875,-0.3727718379043973,-0.7849611686876086,-0.9434965123228172,-1.170579811324815,1.8039968187251656,0.9312361748532731,-1.5501340420259366,-0.6271787204969266,-0.5683267628295082,1.3811629690136933,-0.3352304246561962,1.1801930511260488,1.7309389247866351,0.4292979221036487,-1.8962410471278597,-1.7772428269564762,-1.98817888472894,-1.7892838547522902,-2.194888423842216,-1.2523836041612362,-2.1794336005485557,0.7657551980701047
-0.0382271453998609,0.5204517430089654,0.138393750735733,1.0515501351441707,1.409392467932601,2.325550310202722,0.0507434809079345,0.7925767958915968,1.931663275862189,0.4744459214679501,-1.943850781034808,-1.1530064204464878,-0.8339609884158498,-0.6128369664783925,-0.4560761597502581,0.4317652515776566,0.5714850799743302,-0.4307716081136037,3.834079616367143,-0.9334551236175146,-1.0871285402380686,0.8210705559759819,0.1978285679604908,2.4305300816198634,1.0667807682345345,-0.104601728310409,0.126480401613296,-3.9264291385770216,-2.3775359641195,0.0807733833607795,1.0625262184645767,1.860924148350526,-0.6983576909931548,-2.402744680467793,-1.045780098912525,-1.7548992190126649,-1.0502318390638383,-0.1419221571629814,-0.7434870943832265,-0.8511538397594726,-3.325778720088991,-1.3750848174426378,-2.033091028188878,-0.5519239027181846,2.5528462185894623,1.5827117083819462,0.8432388530578342,0.3288862504173511,-0.2992696482645651,-2.51533454130304,2.343402828277632,2.656830889886041,-0.6556491892599909,0.1532277819331722,-0.7336218974098494,-0.5457959359908062,-1.024747966982415,-0.8835551250895488,-1.5556943994336998,0.0100721410181634,-2.6141087662904874,0.1674198693323314
-0.3149512761470455,-1.8759829172278584,-0.5800675753011042,0.1962211571882452,0.4107907348201897,-0.0327880053347056,0.8566043342087903,0.8853734067413654,0.2243933265011079,1.9253838071575091,-0.6227535150483803,0.2303755651529769,-0.7092494956058712,-0.3605748078411209,-2.073255496513185,0.90892826280661,-0.9729075533976156,-0.9758145337626034,-0.0189343532742153,-1.429394584333055,0.723950586400937,-0.9246174329928708,-0.9553003519153506,0.8121519709674939,1.7375934776160396,-1.0140532427352578,-1.491731694588613,-0.8371864499535706,0.4989904791732952,0.7446705608607855,-1.8365030251954964,0.93745120670173,-0.6765485420079123,-1.1694661799984096,-1.0642828742814814,-0.8465693748126008,-0.0381793673381616,-0.7454245589020492,-1.2709293105972497,0.0248982350302482,-2.04499635486675,-0.0202646332387256,1.1167719751981549,-0.0970705440432955,1.148195508210432,0.4358700155275932,-0.3862663786991873,0.2027816786446644,-0.3364779773190391,1.3687325539230286,-0.2398066671248642,1.213826634368775,-0.2436567764003026,0.6670492408057793,0.9966039287458068,-0.9014948931183367,-1.187441254165373,-1.3432095197366771,-2.06782773679571,0.559111584972511,-2.3403013020285988,-2.4954332217992152
3.615004736812218,-1.952549137505482,-1.321505407480707,6.287904745325843,5.592632106977924,3.193998866727262,3.803777376897125,6.278575275922573,1.030639672089676,3.619037746932606,1.5412314332875696,1.7701394634545102,3.676525226080208,0.6909617848822476,2.730806241273533,-3.067685115986988,1.3536039824929902,1.42349185215192,-1.4196469478631546,4.705538598511591,-1.87750608498755,8.501547876903244,1.1563119150765246,3.687487313247524,1.9017349573588485,1.9453846712960017,-1.339428102526944,1.6129666217961365,1.5953691681961055,-2.465320666594033,-1.9414399550935653,-2.7347512949239787,0.7282631789883096,1.334991088949726,2.004257952954699,2.9076339111381406,2.4553122140241883,2.99385367105737,0.7619846426206612,4.817737924413869,3.661631615964931,4.391857046523418,2.244195776621832,-2.620815995749858,0.9112712769309612,0.4259402408992065,1.655567849130526,0.7007612214955523,2.4121498801554453,-3.003192792408538,1.792315852923022,2.216014814524633,0.9967256131197304,5.259337675451157,3.7468125038104025,5.359224658060692,-1.2643198608818276,-0.8264206105431716,-2.3106893698022453,-3.858763688644757,-1.1214135840736297,4.26640644758456
1.8072819142169567,-1.0047864080502542,-1.6709086936207866,-0.92108672218281,1.3205236735376311,-0.6553381929724929,-0.918801990967358,-1.360442503583421,-1.0520547717954891,-0.2647541262028984,-1.8674073450824016,-0.3339789766789346,-1.0372791559122494,-0.6353807383761961,1.019019672956171,0.165804077212833,1.489694782356359,0.3464108649492493,0.0953272604889048,0.3834667326440055,1.6932215668668382,-0.4351555424900509,-1.1739874872910356,1.203719353240488,0.178001175913368,-0.4841262326638437,-0.5279690216974007,-1.5237561176714751,0.8201388942749247,-0.4820846120838694,-0.4559707880681617,-1.1296314325807986,3.27275758016405,-0.8116449850979637,-0.0507693789697916,-0.6850416937221016,-1.0776193684570634,-0.4493395136961176,-0.4316912939943087,0.1358214443803595,0.0518383593417675,-0.0717951960227024,-1.3827488132274557,0.8411494171769477,1.633209245514287,2.433684780270802,-0.0943638284873565,-0.3685631226003945,1.0417710670661304,-1.1007970816563557,0.5370629532715959,0.0465852726626189,0.5649530617111096,-1.445421183663283,-0.5404210621181412,-0.0456505438090974,-2.3458195568409668,-0.7529516161184799,-1.9966089095879616,-1.9147300521004325,-0.5999358604832754,-1.204278420131834
-0.0212888965647938,0.673321435542672,0.5520821219096405,-0.2139248289188503,0.5112449875925602,-0.6642045365671823,-0.8920937941070617,0.1314788653820577,-0.4870455018174836,-0.4181610182300245,-0.886046104042469,-0.6023983492051028,-0.5623689958698368,0.2085708778866374,1.4680008028894749,-0.2120233816914326,0.5419206406382511,0.2043829544361767,0.8931264809738865,0.3346421965475267,2.611695646638055,0.8847451270959453,-1.432112299870981,4.125323123467239,-1.0723976242234996,-1.270948396316734,0.855598815206255,-0.659204663101395,-0.4683050172768709,-2.000529578690897,-0.2855908774010923,-1.093669993585369,2.291854889492174,-0.7784998727172106,-1.298411543842341,-2.3243777078956294,-0.5408704012671711,-0.1252788360789541,-1.6732920120688703,-0.2357762118678825,-1.352990595422935,0.2206889851548502,-1.5018324550672015,0.0383297886129494,0.147659425717997,1.7625055638381653,0.8366767395749357,-0.1280987960729349,1.0070419200428988,-0.4535360445862803,-1.0405291316123113,0.9206324929450894,0.7173604769674065,1.1395843649700226,1.505340076898289,-0.6269543690008748,-2.5121992415235845,-0.9011410219204437,-1.6565530352700444,-0.0432074696763051,-0.901354401586774,0.3240371263836685
1.635131373938184,-0.6874822310025945,-1.976585113830072,1.6127583289932277,2.104554798591156,2.697145961173385,0.0811042089957301,0.7791029497414315,1.0583276357664446,1.8517312892857123,-0.9368024307728332,1.4968769570540423,0.0703776864182375,-0.7312984018661143,2.6930710451328026,-2.088545280600763,0.8252567940222874,2.781403435566435,-1.4449164563847066,-0.3163383912587093,-0.1842900685512616,0.4538476833620242,2.2336466331831097,2.128040233352675,1.0458562135284142,0.8674048592444505,-0.985051541741685,-1.4250437622592145,0.079058815103761,-0.9909507036659148,-0.3331220287023575,-0.4459722501697802,0.257603709924751,0.2632123969408076,0.0952382602111351,-1.0520081471375988,-0.9988700541991178,0.5069024739644301,-0.0114296721762061,1.804744919954108,1.0270564489467215,0.7686400436770464,-0.0227562653243098,-2.605740542586235,1.473075767104434,1.1094977226417062,2.265898537212565,1.749686694114578,-0.0527468148110736,-1.1628982554546474,0.7805763169690578,2.4791717533048883,1.499512943510499,1.681259833776006,1.5612122149811545,1.8090702950869773,-1.645297864331756,-1.476277031185613,-1.725469067911225,-3.5049886739324583,-1.338332268164609,2.507392708997405
-0.1964251946900339,0.1686114391251512,0.819494812671108,0.4868766616269929,0.3654255642984509,0.7304580143228402,0.587672142312192,-1.2283332524505557,-1.4315053942275848,0.8585352356239043,-1.2879491868576756,-1.5008834916793552,0.8688854252242402,-0.1923615255071016,-1.471309440845558,-0.1418919151437745,2.27712844758012,3.377621779253715,2.7543778165455715,-0.3322284580287138,0.5544723645081557,-1.7842247504988906,-1.8393436642209744,1.8036377312957756,0.7300173896176632,0.9388900839618264,0.1717256047202935,-0.3346110539956189,1.5689603384827482,-1.9914450825865837,0.1172692156926636,-0.2315036964451735,0.9894106503784816,-2.1392052025536703,-0.5915777172383769,-1.5534742246910551,0.3487370544923031,0.3631493852407856,-1.7999170422322557,0.1390264451506163,-1.7269345717264608,1.0199171432151442,-0.8871301478463655,-2.627755986301148,0.8551420453671574,0.7887268683907677,-0.9815357681047202,-0.8365385130094016,0.3923822300920577,-1.0220891087091832,-0.1912378268574476,0.4244846967156044,1.0370655559529989,0.1158499531779052,-0.7045063369543159,0.0729802972650256,0.6780091850706568,-0.4032238411062576,-3.2995649578190798,-2.4928211956604085,1.6369603877636154,0.8753972233768279
0.1774671222621792,-0.0949515473459148,-0.0035640560166544,-0.9677664119105772,1.6011751523641164,-0.2590930349716894,0.4613183792461274,-1.5970381806154914,-1.9837099125856956,0.0530631852461545,-0.4067392323950531,0.3989806778431773,1.086035214729754,-0.0648588055544509,1.58230658405937,0.662107705295748,-0.1441308920278132,0.0395174222913313,-0.7207639615208221,-0.4284560186762213,1.272340465393671,-0.305703733776681,-0.9646484516951992,0.6041403158459105,-0.4137310011669119,-1.5597985388190982,0.0862217953486924,-0.0423920015056298,-0.427834121521906,-2.5360075428309705,-0.8902433388502402,-1.125392409749489,1.557505183980588,-0.2339071007069817,-0.6205754751388328,1.5377432305271497,-0.0978769083023156,-0.0768068489670645,-0.7963245251652008,1.3259677067396929,-0.0486256290740568,-0.3499197528723934,0.2045868888292289,-0.2476213909680768,0.1632429532490261,2.3820380967165646,-1.1906083516486277,0.987485682750852,1.2507772645744315,-1.0558672492269945,0.9197202052547918,0.47857899011018,0.8213778604319564,0.677558696032678,0.4676911535976699,1.4141162182763638,-2.6973805945584086,-1.2032521620104977,-1.7395904783668097,-1.9719169066484812,-1.5937908094149609,0.1154556695831791
